"draw","2022_top_in","2022_bot_in","2022_half_width_in","2022_area_sqin","2022_shadow_rate","2022_count_bias","2023_top_in","2023_bot_in","2023_half_width_in","2023_area_sqin","2023_shadow_rate","2023_count_bias","2024_top_in","2024_bot_in","2024_half_width_in","2024_area_sqin","2024_shadow_rate","2024_count_bias","2025_top_in","2025_bot_in","2025_half_width_in","2025_area_sqin","2025_shadow_rate","2025_count_bias","2026_top_in","2026_bot_in","2026_half_width_in","2026_area_sqin","2026_shadow_rate","2026_count_bias"
1,40.9525643524663,16.6376252530023,11.1614156619169,497.826390720227,59.45365490583,4.40587937108218,40.7519418126798,16.6319982955063,10.9528460452249,483.40939113086,56.9951453052681,4.77225460519648,41.2293516528973,16.8473612700823,11.0917484355606,495.095202950757,58.6989502724968,4.48910645666809,41.2139809775667,17.0294862669128,10.6734242937374,474.652139067883,54.6344796746561,4.92354072570353,40.6902276644383,17.7018330274572,10.3497638511493,437.663875382012,47.9494886594027,5.65014710356725
2,41.0159921135089,16.6222642629073,11.221430690762,499.594340959314,59.8213594874111,4.28210655040113,40.7611147050896,16.6069534104933,11.0533717332513,486.940434169573,57.7416191148531,4.60574125228919,41.1994629390129,16.8562003235656,11.1208400380397,493.588180211939,58.6497684044158,4.43083201588793,41.2034220008128,17.0176059264275,10.6491537796619,470.292052037472,54.1458072203929,4.89048048847538,40.6902741777477,17.7370817547928,10.3951688629348,440.336275472454,48.4038830374682,5.57290605939899
3,40.984745758536,16.7057141684866,11.1889003192224,497.353123160826,59.4163440196777,4.3510007048936,40.7177085933316,16.6330661145904,11.0095351078427,483.806649866187,57.2290843990876,4.68503107356625,41.2966213114874,16.8167810242846,11.1224908784068,496.983939154197,59.0939897495067,4.32264106860655,41.1670607038899,17.0078161385848,10.6593180587211,472.53714268351,54.3899848874693,4.89574284392212,40.6553357962948,17.7538854557832,10.4282939309354,440.610075544643,48.4351494355104,5.55866219783308
4,40.9095018018541,16.6302750667114,11.1398731448492,495.49513538252,59.1366592340919,4.39282698605812,40.7177928045993,16.5896504216268,10.9574284390665,486.346302733036,57.6359381057826,4.55570940201682,41.2137930871553,16.8008908871086,11.1316116698438,496.819855852386,59.0962383873374,4.32211894427999,41.1605293121383,17.0041646854678,10.6851332884573,472.96610063285,54.4575770083009,4.86264928403333,40.7093646057187,17.7078032569212,10.3836933901878,441.182701966077,48.4915741239245,5.48078910754343
5,40.9157537161882,16.6689783380533,11.156997109918,496.548504464011,59.3609303017566,4.38314397010245,40.7214239419549,16.6321935407774,10.9646610838056,484.860462460449,57.4400963656919,4.62327849637444,41.1935341410722,16.788282974287,11.0788200892769,496.527778600882,59.0387541033657,4.4017288290755,41.1304694075025,17.0156911435058,10.6586360995077,472.034001051973,54.4455692071677,4.8949894950931,40.6151966533192,17.7329711459622,10.3645702247729,438.808105752623,47.9625624662673,5.6976231205572
6,41.0044890399415,16.6612643736374,11.1568815281714,496.361999287886,58.8702222161102,4.52709863149556,40.779914389214,16.6118063878321,10.9507799170635,485.817105835553,57.1875879654295,4.67485133201213,41.274025884634,16.7761473801208,11.1207005969044,495.536881156727,58.5224933063713,4.49746249632378,41.1406966751765,16.9884832707587,10.684565155562,473.4108635228,54.2918148195172,4.95157842128788,40.6114623287966,17.6948260228061,10.3723183549293,439.211609912563,47.953552017035,5.60919385450759
7,40.8609723722948,16.6954774328347,11.0716267804689,493.107108337075,58.7235465832701,4.65994112149358,40.6827653675117,16.6266846822681,10.923040427545,483.250846086366,57.1307776627713,4.86772287133336,41.2049604505598,16.8108545772216,10.998912782361,493.605403321079,58.5386511382247,4.62356652256432,41.0497848052289,17.0490838231725,10.566416159292,469.305098258797,53.9439018935754,5.16656718630486,40.6334951669632,17.7524834534623,10.3263002988875,438.307119968246,48.0377489629084,5.85873475999262
8,40.9331493850219,16.7045457391309,11.0663252148928,493.376692502448,58.8175897455711,4.33781888322654,40.6698158770821,16.6732370898056,10.9347771005701,481.364265976815,56.8612109788179,4.60879625212557,41.2069081797201,16.8153428603418,10.9869329357906,492.894474593933,58.4187951965763,4.45256048623182,41.1325985731136,17.0705960371383,10.613667268081,470.110696638253,53.9721093985978,4.91551308261526,40.5935046587964,17.7124552330916,10.3214644489616,437.379942251272,48.0276764477022,5.5506798179576
9,40.9389631246521,16.5891310196491,11.1253093818621,498.906918452301,59.3930650302933,4.39335970130041,40.7609438776878,16.5594031090194,10.9389824803076,487.60613410092,57.5468707813309,4.68543130392735,41.2933319827487,16.7619819183209,11.0801715783485,500.327501306946,59.3918718815513,4.31635290630452,41.1750478945972,16.983666710941,10.6119582008874,474.157351022805,54.5586602719809,4.95046973300623,40.6890761827188,17.7206069216249,10.3740671949356,441.728393539348,48.4838239733766,5.61408120989558
10,40.9458358627666,16.6849514868747,11.1574959184632,496.087236568041,59.136108341514,4.51499091647796,40.7250184668246,16.6165689855441,11.0124047506891,488.477733949389,57.9015807579971,4.64780331173128,41.2624150940883,16.8663447682912,11.0306668181834,494.43623748473,58.5311155282209,4.55666857916741,41.1236710707385,17.0781093931922,10.6403901354587,471.084043333134,54.0940581300462,5.03903106996461,40.6604166826777,17.7448903788583,10.400284643079,439.317372382801,48.1624391993367,5.65401070784378
11,40.9456142174067,16.6866634650334,11.1368459819199,492.284257522511,58.4906243249461,4.68485130296686,40.6977967159399,16.5981730732862,10.9576906714754,481.842264816406,56.8152448956932,4.9014627362269,41.1915967737811,16.7963497295105,11.097135575078,494.458784815914,58.5903354820154,4.63651126528648,41.1231377940262,16.9754542676872,10.6267093957981,471.483060898279,54.066810268879,5.13318947167512,40.614276062127,17.6798288637645,10.3094437590377,436.963471401837,47.6288100543372,5.91824266181525
12,40.9509293163763,16.6630528623914,11.1022774643606,496.646938458325,59.3551141358031,4.40993727915752,40.7749097989191,16.5908564108455,10.9299092755926,485.489610700223,57.4324138952052,4.72458827145104,41.2868837441632,16.8125775214988,11.0390732281471,496.625498185837,58.999081327047,4.44123203749733,41.2126579792181,17.0104166462363,10.58163145037,471.839569591934,54.2883792678857,5.00232262243138,40.7413362437367,17.7561044189977,10.3790954695067,439.847772542061,48.4180612623991,5.57110365247052
13,40.9706290538112,16.6560553249213,11.2273587094032,495.505596556454,59.1404634850457,4.408233038586,40.7997125200229,16.5281890810254,11.0742141196365,489.127498415419,58.1292131307762,4.56124703181324,41.2891592885647,16.772965935238,11.1826119024304,498.113573212794,59.2614771086938,4.39802546278437,41.2276352449372,16.9630393772942,10.6958164450852,474.983248377959,54.8000648977012,4.78045325492024,40.7630014422424,17.7154531806501,10.4088379162663,441.449691083856,48.4018046731768,5.53999123971936
14,41.0007070916171,16.6329093525815,11.1576528360513,498.962081224959,59.3914343998888,4.55515465167252,40.77582065547,16.5989713314448,10.9551950452722,484.901597167951,57.1353397073828,4.88785627420655,41.3069826526184,16.8013358040044,11.0738187770754,496.715496646989,58.6637620982906,4.6285767364666,41.2020627259792,16.9630964373582,10.6245932035181,472.507800276096,54.1669938983355,5.20888983331205,40.7352521446174,17.7499890531207,10.3784784888407,440.50714898955,48.183828512797,5.83618171165784
15,41.0098398306091,16.6646487721605,11.1078048730741,495.714022566553,59.0896528743417,4.56369739914074,40.8188737468225,16.5944192028516,10.9321373939642,484.890929235374,57.2593345106375,4.78695879577717,41.2437032288698,16.8024572682021,11.0249300467944,492.876913004705,58.4380202147026,4.52875971109522,41.1475484381899,17.1100635533986,10.585959233891,469.812184974405,53.8109864481341,5.14577982889719,40.6644762188919,17.7007910367758,10.3643240625619,439.025464473182,48.0347586185641,5.77848567274894
16,41.0028928091562,16.6820921524457,11.1115146757878,496.555239891639,59.0838294426786,4.46317282107966,40.7005924248812,16.6130219282704,10.906267932778,482.746646452886,56.872685746286,4.84346746246999,41.2725797812985,16.7387703533527,11.0877873148103,497.843501941508,58.9949582739132,4.4993293071311,41.2039118751346,17.0255626069812,10.6106709359709,473.379477953034,54.329946032207,4.96630759420548,40.7055219809806,17.7300515350817,10.3229926367389,440.304026087038,48.1774306845811,5.74195675460897
17,40.9564276223881,16.6613137486734,11.0803386113923,494.667256087528,59.1501245838439,4.33958631881184,40.7217002132303,16.6127498427729,10.8795401092007,483.950996757638,57.317491882673,4.61990038790255,41.2998433380653,16.8168495280615,11.0530821522498,496.382849643298,59.1165563964313,4.37386775433281,41.1183947342052,17.0211894820633,10.6040474238287,470.63168001064,54.2219535463597,4.91476558373891,40.6340898413581,17.7181520540956,10.3174982596526,437.640237050494,48.0910277839177,5.53533956207113
18,41.075591924282,16.6422086759178,11.1653371433103,497.79517173304,59.4444646928353,4.44415268163503,40.7358470139716,16.5726210860697,10.945886206106,485.388110882172,57.484783052874,4.65372714141557,41.3180067843552,16.7747819952572,11.079488584144,496.409565171082,58.965960327734,4.48594175072121,41.1756116981484,17.0436218460145,10.654822140591,471.84540255256,54.2353517590558,4.96764634455285,40.641691781675,17.7306780844931,10.2996640168833,440.433516260905,48.3716263745779,5.60759682297103
19,40.9996114408646,16.6235369276992,11.1611573086992,495.074851685168,59.0002788524651,4.7039187065414,40.7341167277598,16.5536919307907,10.9764985720347,483.879505318702,57.2115906915618,4.89427643628295,41.3800031841226,16.7497238799917,11.1068769023774,496.801740801926,58.9788849359056,4.58946133308246,41.141170941021,16.9824186262281,10.631680608574,470.770172686359,54.0275937717441,5.2167953350789,40.7582754213525,17.7269013643236,10.307948203643,439.839279275266,48.2184070831719,5.89465967081088
20,40.8321197075944,16.7550067226707,11.0478509260188,490.642171536617,58.6024527690755,4.53261240625532,40.670637983714,16.6205323624105,10.9038549200536,482.956547329961,57.4024678405935,4.62532198748175,41.1282197383491,16.8240221651931,11.0180758115373,493.866936493189,58.9226058026871,4.40521054407715,41.1081875470708,17.0417871533181,10.608948358233,469.353712006761,54.294950697558,4.96647375106386,40.6281666295369,17.8073444099148,10.3649649599722,434.836850704665,47.6884637292318,5.68366196411849
21,40.9855665447017,16.5666932568988,11.1594904487018,499.004301757992,59.6060985479726,4.63995730248484,40.7664019620596,16.5521681684019,10.9806512703674,486.681376514328,57.6304717133362,4.96785587904879,41.1760351746962,16.7205527244947,11.0832909102971,495.26570516616,58.7362553812407,4.6930963151531,41.0614550978433,17.0314143629091,10.6242658813139,470.082085272245,53.9467647739217,5.29992154188204,40.6300589544496,17.6552680066079,10.373917801471,438.248615000587,48.0255733920622,5.95438340172153
22,41.0407082818378,16.7025547886138,11.1792071801414,495.916614085222,59.2143010062209,4.4568934530015,40.703279622747,16.6421546782335,11.0192526900034,484.954221648122,57.472057084739,4.69727886840756,41.2786143591099,16.8486555097219,11.1188275332389,495.897779356985,58.8965422735997,4.46187827247823,41.1952491047357,17.0495536181613,10.6831569326749,472.441725944167,54.3533704227241,4.93578660659217,40.6383295317937,17.7342760223944,10.3315351567594,437.87581152855,48.0370648525663,5.65938190957123
23,40.9860054978778,16.5874410116652,11.1406569118697,498.287165413093,59.337232814857,4.44158897499853,40.7197921157391,16.554927201453,10.9983701632822,486.274835796698,57.398171070948,4.7548135569436,41.2243199157949,16.7722327568435,11.1257837787171,499.495129168831,59.2645937594392,4.48489670343681,41.2504643284073,16.9257086061344,10.6551140587927,477.735351567714,55.0172835934221,4.96184321260608,40.7342793903652,17.7318516504508,10.410627032688,441.457940184415,48.3503801406346,5.66649703933119
24,41.0253798991587,16.6496796294679,11.1805078044396,499.430244424981,59.7504405006666,4.47794161042849,40.7729161360455,16.5602411833206,10.996666266045,490.430149267238,58.3560285877137,4.64005402844422,41.2449289344626,16.7919629690198,11.0500325854157,495.950671461753,58.9592671883559,4.54094710012299,41.1608540805519,16.926985977207,10.6324835717316,474.687258848808,54.7791356890126,5.00523151573206,40.6799129948644,17.7251440990105,10.3447645382558,438.80054896773,48.05789761451,5.78694599385594
25,40.9634612123299,16.6330177900041,11.0877184171499,497.28229938928,59.3290103431513,4.39195496826861,40.6567367102805,16.5929768239239,10.9295654501287,485.186949523673,57.3732674316106,4.65551060519273,41.1804520908644,16.8067100512478,11.0233363050776,495.469302857924,58.7614858339282,4.44642134177818,41.1268190337774,17.0263954446027,10.646857989697,472.023621865809,54.2873259979922,4.95672426226985,40.6007213506326,17.7367874023448,10.3629156284975,437.871134100425,47.9793723540731,5.60693812537216
26,40.815430416807,16.6919514421039,11.0725749984974,493.837849711731,58.9156986689389,4.75951014160141,40.6116876379168,16.6148083343,10.9114584381518,483.589754731237,57.2687135112134,4.99609326323913,41.1575483702286,16.8099955121112,11.0209621990472,493.774591232858,58.626656699206,4.76898881241106,41.1081830258415,17.0375848813334,10.6369437112423,470.7388633146,54.136998667217,5.28410926686824,40.6982182270559,17.7171902063793,10.3120891220724,438.803181130908,48.2116467682464,5.8997435317901
27,41.0228792235449,16.6378630818617,11.1312724889556,496.705213225893,59.5664251194783,4.04851754379881,40.7897775979953,16.58929494231,10.9376936177534,486.284855682888,57.9056872662801,4.22307673335219,41.3195357807725,16.8027553178381,11.0592937259672,496.746586655473,59.2903011186728,4.05778791943376,41.1842221216896,17.0081958625908,10.5608816685613,473.064060050129,54.8356540641869,4.51378263486363,40.6554207272431,17.689653302061,10.3110027245165,439.915100594653,48.5232337377699,5.14039542753899
28,40.9097778533832,16.6341798761969,11.1822808209079,495.791495783996,59.450806260198,4.32507135469973,40.6830043687683,16.5881302853667,10.9506437193535,483.613900864586,57.4816581507908,4.5927455313907,41.1837393819262,16.8018049560274,11.0886724415436,492.867418310136,58.6693534130356,4.40034769116463,41.0786689532492,17.0284631994996,10.5798345276047,465.963185224039,53.6444053822378,4.99301469362616,40.6361496765862,17.7485189317468,10.3200261179792,435.277343175857,47.7346072215844,5.67145061700972
29,40.9461558609792,16.6553670270305,11.1004346449551,494.283574019228,58.8516907911765,4.7114652204052,40.6855123602554,16.5800798540868,10.9619435142663,484.077862502205,57.2261723529936,4.96645358788664,41.1793289732981,16.8018612087173,11.0879531033156,493.937849790004,58.5252476592213,4.70208902411077,41.1260903610264,17.0540857796694,10.6111165718806,469.500578563575,53.8596435845894,5.23332855449487,40.613766999715,17.765050651926,10.375892180923,438.072305235614,47.9593090912027,5.86346355981695
30,40.9303454626789,16.7279898189978,11.1013401541744,493.051080642976,58.6024495027285,4.43493900538993,40.694193985573,16.6295072706191,10.9348403664743,483.502107842683,57.0789245940648,4.62350105900235,41.2005302011943,16.8361779473108,11.0748106776936,495.279609520298,58.7099478236376,4.38570964037172,41.1617056590399,17.0344480863223,10.589842811656,471.488718752842,54.0656939840258,4.91547350909831,40.6983190247049,17.7119177589077,10.3088763023576,439.821770901035,48.252654721868,5.53100933665408
31,40.92350952573,16.6427560886792,11.1689087723451,495.844482181517,59.2888962403855,4.53201718712895,40.7479168054658,16.610273704611,10.9934673313123,485.294420372187,57.5034251581397,4.72506938653374,41.2937103650233,16.7765321536626,11.1123030849742,496.33776595312,58.9834982735297,4.47853670707636,41.1981847829793,17.0168136101182,10.5950120958576,469.847597123049,54.0612976824209,5.01523537379969,40.7188098554371,17.7362304057504,10.3060410302478,438.158552530205,48.0202013216466,5.68298248223901
32,40.9768308977399,16.6795577999917,11.121257516541,496.186660625315,59.2432774837889,4.58009699110253,40.7690533013508,16.62645127392,10.9415750761361,485.845658266296,57.5312809213392,4.8171936539432,41.328242180748,16.7982884040227,11.0959564842009,498.067134540497,59.3489532163415,4.5028000004669,41.2259641517514,17.0710927572823,10.658330896344,472.597692436499,54.4780064725838,5.08286238856227,40.7616214190475,17.7190616572736,10.3866144803398,441.213579518703,48.5861305737379,5.72354045221254
33,40.8968379203624,16.6252007507336,11.1784322021664,496.576576431984,59.3237813210308,4.61712579409303,40.6901932776543,16.5601411113917,10.9708204557265,484.702599022903,57.3474575852952,4.83883832103595,41.2502198754448,16.7467432228925,11.109418380573,497.573096249701,59.1942067528493,4.55424729294223,41.1788124838588,16.9776291587391,10.6713830570008,472.144782128335,54.4122068192347,5.07293937588914,40.6613503427313,17.735619432171,10.353905951976,438.162273524664,48.069223398398,5.82706785851245
34,40.9630729347417,16.6308881196397,11.1751119952077,496.51471501873,59.1799802439087,4.54649080204445,40.8160452973065,16.57984294802,10.9991210149138,487.123347821973,57.6730907425817,4.71414237168281,41.2922483141513,16.7266991221768,11.0924184217266,499.341543638159,59.4495676964823,4.45806651116294,41.1629598396255,16.9916203841673,10.6231514497135,472.636771170651,54.3721462771882,5.03512925235021,40.7408674286054,17.7092906970388,10.3547866617419,441.008695093291,48.4513771908456,5.63666879215798
35,40.9443927461995,16.6668205609607,11.1169939008658,495.250865926222,58.9981890639313,4.43917858164692,40.7820677457102,16.5298409980099,10.9704057534664,487.941602825009,57.815139677887,4.60669168541901,41.3011757211611,16.7608380411683,11.0870003346188,498.710948001273,59.1730703049776,4.3907735697593,41.1782932962821,16.9868753756546,10.6138583334458,471.128344003237,54.1707892189309,4.92071879131645,40.7766531990035,17.6908943184592,10.3202298458731,439.741551711743,48.1367854668623,5.6127941072145
36,41.007877360714,16.6808064861546,11.2009271136697,496.866046732696,59.231775431427,4.68565956583921,40.7567557010584,16.6035798823057,11.0247270977376,485.872506940357,57.547273571385,4.87284532036602,41.2613811327702,16.8287841881854,11.101515938502,494.404903113362,58.6403789695316,4.72013703379308,41.22632306039,17.0185074078431,10.6401058669164,473.170424054058,54.4809349004637,5.13191696820927,40.6634547314697,17.7599629089251,10.4040010619869,439.648588290286,48.1945471816587,5.87446034235158
37,40.9691599265273,16.6948495543655,11.1554446105735,497.080637838882,59.4080114976494,4.55431229972703,40.7118616055084,16.633124212393,10.9713479544223,484.734815017557,57.4225630593703,4.83639683913822,41.195482462794,16.8160940211624,11.0627744466299,494.482496705461,58.7133577906084,4.70089776619332,41.1173012088549,17.0413624134552,10.6534531540741,471.21080811946,54.2563400902706,5.19337590457042,40.6438759732966,17.7240863995053,10.3951938520901,438.722732309395,48.1077252448885,5.9352930009869
38,40.9192906486305,16.6684704440851,11.1026596045113,492.783681071448,58.8657940971892,4.8464065356328,40.7237043786979,16.6139240329081,10.8966206066504,481.264130278798,56.9712107924189,5.1252003793055,41.2545943126517,16.7710383775315,11.0599240497794,493.143451799495,58.7143848608887,4.74116138011054,41.1921149475633,17.0755591299731,10.5777905286092,468.632996672031,53.9835696173607,5.2952627604871,40.6719021683124,17.7811446546463,10.3482886793932,436.10266329381,47.7433764658569,6.10632120686087
39,40.9724189766453,16.6433481542767,11.1130647709188,496.591944285856,59.4918347767275,4.82378467676882,40.67696210806,16.6403314516515,10.9254654781516,481.2188588602,57.0412124826429,5.22519400095364,41.2022494586699,16.8861252708584,11.0381089116629,492.007030357637,58.4850834594105,4.92790581268838,41.0126363522846,17.0706724530074,10.6010594311245,466.909448433847,53.6943543708062,5.55362954850571,40.6943938322759,17.7660980861022,10.2740142191942,435.819634776308,47.7992486542132,6.20270388515493
40,40.7971639716266,16.6312600359219,11.1121423640276,494.908106412822,59.2015134739035,4.48080648592335,40.6452335415046,16.6263600596467,10.9122098498644,482.789482243937,57.1265847983753,4.74655101550021,41.158162538445,16.8433338159067,11.0818894331652,494.544967985133,58.7664259213158,4.46948838961952,41.1550758673368,17.0212476000858,10.6266037257981,472.701059502281,54.5614549661081,4.9734259379399,40.6295228543427,17.7341181066121,10.3629462137159,438.362064556419,48.0295035689993,5.7808086880913
41,40.9739766054566,16.6332210956709,11.126076978565,497.484003340134,59.3162519021621,4.58959007276956,40.7132892864669,16.6119637675241,10.9122358974039,485.152709735169,57.2896568247857,4.83660747274963,41.2815243993293,16.7439070797071,11.0695581689038,499.027733244643,59.2653004398092,4.56008718154739,41.1962993303904,16.9786076664064,10.6102025964394,472.96242502936,54.3271346683769,5.14238704160582,40.7267021329635,17.7216156720096,10.3350993780106,440.952469507407,48.4020960837074,5.83489611231542
42,41.0112767291787,16.597185979521,11.0988589030639,497.417057206967,59.0713589760693,4.30790731214992,40.8130618648271,16.5313607334296,10.9470236738667,486.485626382904,57.2856791262285,4.55097046318157,41.2587874647328,16.7576567335828,11.0419367693212,497.271220913421,58.7197971196534,4.36279019452096,41.2026160929844,17.0484369120972,10.6307849028464,472.165913011608,54.0324728511105,4.86272852644653,40.7071858879478,17.7369569196718,10.3482026394808,439.617400080883,48.0249550752968,5.49397329559801
43,40.968237632104,16.6651729707672,11.2000314243957,497.408481298516,59.2327218508442,4.47803306903469,40.7894524247112,16.6213426678536,11.0387079242027,488.479770727562,57.8016114245084,4.65851629632769,41.2725192868777,16.7904209095443,11.1153672331877,498.58325595226,59.1344542095297,4.47947703897188,41.1705740599667,17.0575319250349,10.6625833838004,473.335112107386,54.2963063978472,5.10441109476566,40.739162322142,17.7373400316074,10.3511666094431,439.647653780159,48.0231444046724,5.75133321301602
44,40.951030239861,16.7092949058277,11.1515671471413,495.313339074559,59.063301738069,4.54009759049156,40.7436233581971,16.6215294193228,10.965112552638,484.831511009275,57.3624565185758,4.76378069194359,41.234202888503,16.8221825993227,11.0757734294214,495.064787009729,58.8090914291462,4.48702388045567,41.18534207074,16.9766208326248,10.6481937685701,473.250554258312,54.5367711165275,5.00664776283863,40.6831709985098,17.7869571028117,10.3368784300443,438.467091903343,47.9956210303571,5.77326247140738
45,40.9297263330119,16.6870405104819,11.0796073991215,493.80918055881,59.0481901641971,4.37020525906462,40.7063884877603,16.569546102884,10.9123879846966,484.849789731397,57.5490743995314,4.5543495072561,41.2650115370809,16.807914244415,11.0507767851924,495.552201703395,58.9888798583992,4.36600595795106,41.1655022112013,16.9208593616926,10.6169995718436,475.114425517168,54.9649155384806,4.817761912221,40.7056557865456,17.7605313632254,10.3250061357264,438.632478700148,48.2390354071078,5.55603126379522
46,40.9405065129873,16.6368534807222,11.1982454359641,497.913904153955,59.5435999617067,4.63493723515367,40.7370737270909,16.590330528403,10.9709129953529,485.793132252331,57.4781276415887,4.86033716196737,41.2724194181146,16.7733513435594,11.0696010102628,495.596937023077,58.800581592823,4.65370724172901,41.1490770471394,16.9649293837155,10.6846418807711,473.201937119062,54.56393829889,5.13215424833438,40.6840410514455,17.7233375986141,10.4137994853557,441.407456901046,48.4399960523938,5.81962255770467
47,40.9998906211424,16.6770309945632,11.1598939206576,496.829829186099,59.3803004939053,4.4135770113394,40.8018702741192,16.587848374729,10.9852469252335,487.909617464089,58.0176838314504,4.54877572882738,41.2422109115231,16.790425946299,11.1163037162925,497.850721113591,59.3181036052991,4.42446238500489,41.163982948028,17.0332477631844,10.654590668828,472.225174418602,54.4302382977718,4.9639270423085,40.6644290336573,17.7256076900138,10.3933555745537,441.465867383681,48.6649844597619,5.50398637917054
48,41.0287174100073,16.5775057057465,11.1455928266117,500.130987437466,59.541366735871,4.47269711156128,40.7402519954403,16.5965098427631,10.9431138474492,485.945066725826,57.2805081421633,4.8036900820247,41.2614184608252,16.7817847028154,11.0538983840491,496.219297725217,58.7186294386914,4.5455224020504,41.1221897801476,16.9995033760147,10.6003500677135,470.767575401015,54.0031248706762,5.09407089041128,40.7079390106283,17.7051214411928,10.3091855101864,440.713873431815,48.1520979925956,5.66453219589454
49,41.0257813508346,16.6006489849946,11.1246663443394,498.083224470901,59.2533743546942,4.52713209821651,40.8492520009098,16.5170152375945,10.9636994217506,488.520248370123,57.6488535965412,4.78486703741553,41.243072608579,16.6927019684966,11.0673885036384,497.917259943745,59.0163551242337,4.53042258581402,41.2574518183706,16.9268935701842,10.6088890173586,475.743095475913,54.6911207539408,5.04125035574059,40.7904849782561,17.7012308820362,10.3359209429479,443.877247788177,48.7098262898516,5.71243396629962
50,41.0125103948912,16.6324955253593,11.1795632265602,498.10236956762,59.5550229920886,4.39004556156921,40.8355698726303,16.6025126619357,11.0207330304572,487.018517434342,57.7246384169033,4.63877065477354,41.3093803753943,16.7380482581009,11.1263650491047,497.500680074156,59.1364389623701,4.44255357531581,41.1366025954962,17.0479517741692,10.6432830565353,471.769519985335,54.1744102680901,5.01832713773305,40.5888103262884,17.7224067184729,10.368933218564,439.133399414552,48.164667743569,5.6581002618472
51,41.0589764933949,16.6582915975477,11.1643844048446,498.735869166265,59.6235659567098,4.28704411401379,40.814873893026,16.5651399701632,10.9913149290239,487.527682526893,57.793387622849,4.5792278179743,41.2048278648551,16.7932389145343,11.0967052594268,494.572871923259,58.805112330423,4.39357011339403,41.1355062291924,17.0013330529233,10.5833310679639,469.730225574772,53.9418353367533,4.98297499581371,40.7280970647083,17.7267641270332,10.3548403389211,441.360181338169,48.4515276209255,5.57480500966062
52,41.028320970972,16.5804656038508,11.166589576915,497.880341303963,59.4703058048417,4.44763356104357,40.8015137077737,16.5236674184754,11.012218670402,488.189935446291,57.9413727176315,4.60947975713246,41.3147370366943,16.7703976274215,11.11666017583,497.601114356882,59.2093714501842,4.4861760384579,41.2889214127332,16.9500346378821,10.6889483206289,475.487693809525,54.8420230289135,4.9711516486185,40.64985977624,17.7099503836792,10.4011337706127,441.749302862536,48.6065468014639,5.641711792517
53,40.9967291805758,16.6543886860799,11.0993296024468,496.723967446384,59.3173977039104,4.46542086924376,40.6868313850479,16.6441147409725,10.8769354750212,482.403732283301,57.0402309446252,4.74614795556947,41.197178677665,16.7950502317945,11.0147664470247,493.348304600064,58.5573410469089,4.48148720178505,41.1415525660579,17.0379522814447,10.5911673315764,470.685153776291,54.1308057098189,5.00374822378863,40.5936473614251,17.7717762785257,10.3025792648048,437.722259160412,47.9310722624626,5.69235238352831
54,40.9471382428676,16.7096424997498,11.1332125503744,494.975266951386,59.2429569817872,4.44103289159373,40.7181544575784,16.6401101151243,10.9809275295806,484.480469331984,57.5380812003263,4.70684240021338,41.3572274691638,16.8392127225447,11.0713571138521,496.505766515855,59.0711469275793,4.3916044669671,41.1284273260919,16.9917824622283,10.5924832456692,469.863810803579,54.213403887742,4.93813411252549,40.6726029607977,17.783202812445,10.3451376413159,438.496817344873,48.279532473954,5.60972146740638
55,40.863070950508,16.6762135903736,11.0731119312762,492.626584774328,58.896300601149,4.41399066825375,40.6873776928575,16.6542473243292,10.9170096469031,481.518068932396,57.0462201920837,4.61875278631078,41.1795742606522,16.855461535806,11.0246970432136,490.983331567071,58.3756184576651,4.35686863464591,41.063430242931,17.0139329072814,10.5676928947548,469.299723558156,54.0528616230593,4.85292546857201,40.6745914929506,17.7426334499208,10.294732456964,436.801289405085,47.7844362239348,5.54771189268463
56,41.0137649398767,16.5710830132437,11.1551117498454,498.031757654349,59.7371158117713,4.43973216731267,40.7483829931492,16.5677308035422,10.9510642493071,482.631811486678,57.1410409699769,4.8286240372275,41.2632529557424,16.8365277199889,11.0787226791596,493.599549394184,58.5850199387164,4.6104370920565,41.1064106238834,17.0419936954504,10.6417101988228,470.610704884617,54.1676296493772,5.11570762566425,40.732755834052,17.7159262187539,10.3682861498786,440.608082963397,48.3879117805255,5.74872465117268
57,41.0223476468148,16.6085424313171,11.1541351968266,499.09581616989,59.5714582697379,4.40974720579943,40.7882028326297,16.5995587100081,10.9382319023905,483.539775766782,56.9473780468565,4.85454098382468,41.2798181475676,16.7441263925296,11.0648066404941,497.608018898949,59.0423294470623,4.45747372416103,41.1914955988636,17.0601101432758,10.5880093965208,470.093537955037,53.7903158189564,5.13721161365884,40.7144403955205,17.6544163978538,10.3360693750895,440.010050669915,48.0243799619348,5.79030985575674
58,40.9211966492324,16.6683899215221,11.1012677660744,495.78816273287,58.8357066668989,4.53978385028504,40.7489892847408,16.6868600244626,10.889227919078,482.900120156393,56.6828305403323,4.85519254471958,41.2154156124647,16.848322479699,11.0237649946303,496.149683193158,58.5053176716912,4.58755511083042,41.1146782255223,17.0791395554354,10.5885997210495,469.49178246849,53.6735101358525,5.07155069916985,40.6570383617488,17.7105397668538,10.3162531429368,437.974718533124,47.7270720268454,5.74196495286235
59,40.9491334542794,16.6489186566459,11.1402842942056,494.231150679075,58.8205740494427,4.4094721287096,40.7512694559672,16.6364573073843,10.9668098880207,483.355974620152,57.0247844064186,4.57953791026703,41.2947758867181,16.7793561708158,11.0736338260078,497.485093368361,58.9977714692346,4.35637357646389,41.1582196735105,17.0257206366974,10.5913762553871,471.244329183207,54.0233432969211,4.88488259835168,40.6690729304113,17.7684927150088,10.3778864937763,440.312621693121,48.2511356215143,5.5289421405933
60,40.9797507505562,16.6791558594782,11.1514533531918,497.763642609631,59.4933903013387,4.60776672865912,40.7156321552798,16.5604683055624,10.9604280824009,487.528461773957,57.8360137600215,4.80797575556512,41.1924101172558,16.80109029183,11.0841598226851,496.086001944439,58.9386850211319,4.60468840657272,41.1187940650582,16.9870823892509,10.6270290488151,474.236982096887,54.6141492579061,5.14143006937706,40.7031587688915,17.7474020120801,10.3345409051084,438.257177554363,47.970813908679,5.89530918563843
61,41.0144680019712,16.655545428248,11.12786972479,498.079675826437,59.6335268302726,4.26197427227623,40.8119685848201,16.5262712889251,10.9689665874491,488.411759061956,58.0594397437415,4.46687148828194,41.277021713586,16.7813038536523,11.1081710974502,497.623057680004,59.3440917315642,4.28279860550541,41.212858064197,16.9671221764821,10.6154019194334,474.654447087014,54.8041275225301,4.76444911734515,40.6544406472116,17.725109712523,10.3687659624792,439.255264534445,48.3361849514062,5.45576446092532
62,41.0059382682565,16.6910190009858,11.1413096857076,496.124661898034,59.3249789053239,4.26431448952801,40.6551022693301,16.7155713607231,10.9051914760515,479.060051607899,56.5349144332144,4.75397247513067,41.242282388088,16.8085214294837,11.0519071851393,495.013118066467,58.9224006965234,4.32880978456163,41.1243207454966,17.0405982285911,10.597215770691,471.967669693762,54.4118196973598,4.88785529558182,40.7035950097189,17.7557787149875,10.3101631652574,440.909236803043,48.4374563735362,5.59033861665328
63,40.9282329781102,16.6890171792085,11.0994812996388,496.429301689442,59.1198844245143,4.53799973619608,40.6608442625306,16.5459920149624,10.955800701883,485.647100563301,57.4666965471163,4.76015178786645,41.3343076998494,16.7620915777975,11.0426782955221,497.377842573975,58.9464381381284,4.47123252697951,41.1595153047928,17.0192856786939,10.6166242822452,474.066889331542,54.5721625184632,4.94353492961462,40.7004884625543,17.6422011200498,10.39394817387,441.513173867831,48.5330135768618,5.66127511532134
64,40.9569976948395,16.6164428568436,11.1593056439435,501.423501919495,60.0960832716773,4.3619540169066,40.7583567040438,16.5561755987433,10.9656655175726,487.319333680491,57.7280858489084,4.79012547715567,41.2688165080267,16.7682672588212,11.0117661859757,496.832279451403,59.0310792233922,4.50780011310008,41.1215787508015,17.025630791113,10.6235644689956,471.295907112508,54.2098218952529,5.09812937203199,40.6830999043494,17.696388002219,10.3278661740656,439.90082773233,48.2533257112198,5.75438315241413
65,40.8494600781428,16.6894993635429,11.1669107496776,494.010666693381,58.8052730764761,4.60872989099901,40.7548461849577,16.5766109074172,10.9875137126245,486.748283445331,57.5729025327964,4.71489625188155,41.322156712491,16.7935349857132,11.1068645402299,498.880486606134,59.2126518191514,4.48804240397948,41.1873613060831,16.9488908790543,10.6641615958949,475.271422778534,54.6988008915347,4.96440616151701,40.6930499662152,17.68754433388,10.3644337144199,440.706317953611,48.4050219091635,5.65936924244437
66,40.88609630384,16.6573403655972,11.1370989737893,494.922803478473,59.1719892820529,4.5325030160923,40.681053491799,16.6027140901727,10.943854044886,483.25981714706,57.2308742695664,4.7600586596142,41.2179963511387,16.8430143228608,11.0569858490517,492.96317509271,58.5078798448871,4.53091365368189,41.1071835841099,17.0466462918878,10.6280769394223,470.259885976868,54.0440315942835,5.07029893840544,40.7157475697114,17.704583544067,10.3683519178607,438.917786995319,48.2632689130978,5.67575821223868
67,40.8936345392682,16.6570864206936,11.1118845768104,495.044773191234,59.006906506828,4.44843779622576,40.7395062070707,16.6501669838263,10.8952059679353,481.895223862244,56.784905908953,4.74737936628995,41.2647528613289,16.8328097043985,11.0708158510598,496.750732073548,58.9476720284962,4.37918300123175,41.1192100941731,17.0255856762797,10.6068241851433,472.550943905632,54.3063590324487,4.9504648520171,40.6684640093456,17.7337750682263,10.3388136655047,438.60837521787,47.9086876252141,5.68291283821253
68,40.9735862709801,16.5985351010054,11.2356931326963,498.487585854928,59.520208349824,4.34913935011191,40.7692948201981,16.5995299265846,11.0050702867827,485.947560854254,57.4108549538583,4.61462634805866,41.2037679712741,16.8232175442014,11.1104568747594,495.835627788398,58.7958935661363,4.37140529183705,41.19209190457,16.9617351847698,10.6392672394479,473.142383981549,54.3312382600311,4.95628506739373,40.6944257054707,17.7269410389184,10.3933241937351,441.988518720241,48.6449234914516,5.50821054804127
69,40.9382787457521,16.5650868775299,11.121988870936,496.368458460506,59.4935982079254,4.53927309845178,40.6743016446974,16.5815497687678,10.9156818016629,482.885109835677,57.1513389822749,4.90555298660338,41.2619842179769,16.807624413883,11.0561141660837,495.468802556725,58.9223980873524,4.65782425937328,41.1439124687538,17.0334000119962,10.6224408293917,471.025395274487,54.3255487299423,5.14213756795615,40.6367376283492,17.8041892882574,10.3222848585874,436.274505905142,47.7342706062719,5.91777422080122
70,40.9784030404297,16.6384126066391,11.1667033275614,496.923429267311,59.1601023809025,4.58021392508005,40.8115787802925,16.6347239099154,10.9854119392892,485.795334548225,57.3266366200112,4.82258772214855,41.2601028265391,16.7868623425142,11.1271781501452,498.123895810676,59.0652963493178,4.51948294313821,41.1874875406214,17.0348083507354,10.6545321955618,471.709825869511,54.1490875430696,5.15349009127381,40.637977393954,17.7138972313457,10.3090044403724,438.040090421679,47.9643944425113,5.85142907643989
71,40.9790096929115,16.6304446781694,11.1499783349364,495.109139200593,59.0958283879398,4.33617108955915,40.7214731823943,16.5884641694017,10.9525778873578,482.113309551286,57.0279345230875,4.65726288052276,41.193851144135,16.803830831309,11.1022409669365,495.691570727511,58.9538661375845,4.36048388420339,41.1393009008081,16.9918970137474,10.6530189215093,470.885545561896,54.1745324544725,4.86765286153272,40.683511141794,17.7353110777569,10.3372674146811,438.391515591908,48.0652710959337,5.52572015988352
72,41.0238969262921,16.6746976464686,11.1455561738114,498.411735953841,59.8875542142336,4.28245140333349,40.7513909276277,16.6369435151026,10.9176392743381,483.139711642178,57.3345767358573,4.66777396294712,41.2596258870944,16.8602820076548,11.0820221809549,494.925733053915,59.0291007822002,4.35021674424265,41.1901852386141,17.0154878186269,10.6308394883777,472.627082549415,54.5229971560197,4.87530266730833,40.6587869846351,17.7360083774504,10.374534467543,438.521125149965,48.4037018059943,5.4874794893751
73,40.915914066214,16.6586837514786,11.0885958876581,494.136929518208,58.7545886586403,4.47969785320433,40.7057228481714,16.6198732892314,10.8622768268362,481.876207234265,56.69257299218,4.73772729303133,41.2361934015197,16.7949774252749,11.0222900764162,495.135198999791,58.6394564821305,4.39097712983358,41.1418861381783,17.0336442405719,10.6039830401124,472.276202553158,54.2549873873803,4.87019385676011,40.7545979413907,17.7355105168422,10.3118074365918,440.600974799947,48.2397768439761,5.47929185382154
74,40.9354452961215,16.6053190208694,11.0754162207407,495.477728387866,59.2702989381687,4.24746246632025,40.726451105064,16.6648187394809,10.9373271809796,484.021430350753,57.3332128181189,4.51905337968609,41.2528587954162,16.7832270806733,11.0452704760983,494.009047231898,58.7166508777429,4.30944988083773,41.1194459712185,17.0206501238873,10.6238525259257,472.615366891994,54.5244858835069,4.72257733685639,40.6798841604639,17.7716028942573,10.339711021125,438.257659514505,48.1039666459119,5.39621972584401
75,40.9770056003091,16.6168303698545,11.1387521231278,496.743756881342,59.3974938434993,4.33291450708649,40.7339215917638,16.6025664308667,10.9716149813569,483.867743159533,57.3082836098636,4.59674431779858,41.2857435861197,16.7897729718051,11.0854090441357,496.33635876252,59.0559843205046,4.39680248880927,41.2176111907089,17.0301058365887,10.6561420079153,473.719453087948,54.7163008861104,4.89430294710688,40.6454687442514,17.7529649596458,10.4026716898253,439.490681071743,48.3924801240378,5.57628278283415
76,40.9655698027226,16.6373012063486,11.1541722029129,499.367647085424,59.8904981166894,4.36094622960078,40.697844982994,16.5797577982986,10.9459290914488,486.89694049363,57.8849752859482,4.57565994883127,41.2620417543843,16.7606660850793,11.0755293904174,499.426634435052,59.4959311359716,4.41443985989333,41.182785671767,17.0444257861843,10.6147620523915,474.312643264275,54.7934408620062,4.91392808306672,40.7458040022496,17.6489761367214,10.3956496036199,443.164078831283,48.9336577539168,5.55565213821188
77,41.0166742047415,16.6362143589329,11.1598426307995,499.088748029032,59.4504629434446,4.6980139380757,40.8294171270097,16.5359842531615,10.9663769365624,487.872067449081,57.6097868187236,4.94694055006676,41.3235942226738,16.7306066628351,11.1097192122619,500.244829614536,59.3074991448713,4.71240342264544,41.1768373215945,16.9667472385282,10.6459440222253,472.88614816857,54.280902096522,5.32180289213698,40.7443957897094,17.6986273500676,10.3593171263689,441.421905135335,48.483557451061,5.98793169566069
78,40.9908465558933,16.6420106223426,11.1732520032286,498.029718714106,59.4836623874966,4.2611080978684,40.7760565803709,16.5882965780011,10.987431994082,485.973723871144,57.4856998529677,4.5249795261468,41.2479397418482,16.7905506110307,11.056105416045,496.63067634027,58.9248868189708,4.28339565646662,41.2037182029408,16.9800896545664,10.6452623519436,473.27620426801,54.440845471538,4.77554665210883,40.6596482292648,17.731535984758,10.3625038269771,440.614135915353,48.2678987161365,5.4294821387863
79,41.0054003543772,16.6323373020398,11.1439758191694,498.605066354849,59.5181432574496,4.34618800978849,40.7716172667119,16.557546049469,10.9504615780837,485.756949166585,57.3915518986474,4.65208908627047,41.3456842345746,16.7452304713752,11.1241085033816,499.219703103962,59.3377993627151,4.33832067994455,41.1942837297096,16.9266573141646,10.6441859332492,475.097477681941,54.6562515926805,4.89442212647808,40.7522492789483,17.6954818710302,10.3399214990633,439.838060869529,48.1617495121705,5.57155094318415
80,40.9314409691253,16.627014644924,11.1053032474404,494.923308221639,58.9576337417073,4.58106219748698,40.7063352215359,16.5812646887225,10.9424347170762,485.436789616389,57.4450497965529,4.78871185408852,41.2676451162113,16.8137389001235,11.0520308465095,494.290714717036,58.5496763044869,4.56303822264785,41.1762183179772,16.9929544892013,10.6545351780081,473.212567331394,54.4137002939293,5.04417976283298,40.7019684269753,17.7084561835928,10.352188896701,440.100028654104,48.2997011342765,5.70739276675181
81,40.9193702387069,16.6350847094657,11.1730899036202,498.183403920505,59.5082571592652,4.60346492376495,40.7417647588267,16.6812842608021,10.9819753829374,485.464125585461,57.3370868981489,4.95219060642232,41.193034034819,16.796289234704,11.117886034085,495.983163016739,58.8851734083024,4.68079573029892,41.1807047485132,17.0323740276229,10.6789448471911,473.240611137988,54.4977281619791,5.19922547385842,40.6522301625128,17.7161423484948,10.3600197614872,438.972246817034,48.1758253424915,5.92685890801222
82,40.954801299349,16.6701508242071,11.154394513065,496.486143316793,59.2109317278287,4.37331852751642,40.7043535541168,16.563054587782,10.9885989030683,486.776415675727,57.5690303189027,4.61446031571638,41.1871025052221,16.7977486272313,11.0800505098028,493.604175517607,58.4185250456883,4.48960278203668,41.1132851988986,16.9650979829241,10.638439065999,471.679675314638,54.1687897830804,4.92670606745903,40.6853267891115,17.7367412798223,10.3561485038409,439.011396515493,47.960603886024,5.57927422830088
83,41.0688446049725,16.615904588737,11.1718787668244,499.983496415621,59.7564091324064,4.31074444397913,40.7921814906357,16.5109286920726,10.9833981460627,488.610181754856,57.9329834731348,4.58878193267771,41.3465059104081,16.8116121479606,11.0650737575441,496.764956639173,58.8336128950263,4.41265292337298,41.2697195859066,16.9504920176684,10.6099758030729,473.605929953916,54.4098557614044,4.95811801873428,40.8015977840311,17.6682919495028,10.3893942776488,443.565238787989,48.7118703763397,5.49759726933428
84,40.9910295860264,16.7154968995936,11.1177691206714,494.663018525241,58.9719513442623,4.46197581453772,40.7429071209305,16.6422307021025,11.0079992904904,486.394461079628,57.6312740787696,4.63819585759493,41.2605288108792,16.7804890282783,11.0652411474937,493.67686286349,58.525548302705,4.5791331850666,41.1495053923163,16.9878494970614,10.6591025434322,472.776796291633,54.5114574883179,4.96798124570438,40.6331957391726,17.7417004623251,10.2662771020928,437.186914081238,47.9028256546551,5.74048235990569
85,41.0095998717813,16.6423926574276,11.1334809225942,499.692980244497,59.4518404202901,4.51780658683734,40.8452572545555,16.5523863914191,10.9419229668057,488.893417861819,57.6533128512115,4.76001863185477,41.28312366938,16.7334421483055,11.0790822768028,500.476986810064,59.3566855102947,4.48162152963637,41.2524044888031,16.9736696077605,10.6109960862134,475.211577044096,54.5953232755905,5.04416639510943,40.8455028804743,17.7562013813348,10.3744082271692,442.462019380917,48.3590077365441,5.75503876347721
86,41.0344131642512,16.6605506741578,11.1497314249115,494.827442747847,58.8398847777436,4.43959732216895,40.790431179182,16.611164878684,10.9651757528446,484.674892493356,57.178028898602,4.62546035392337,41.3105798157673,16.788727102967,11.1094202143138,495.446728904206,58.6043565060721,4.39504171615076,41.2396510363758,16.9639740837588,10.6849482760628,472.37852048455,54.2286660823423,4.86433529143574,40.7044920948989,17.7149117208784,10.3939818835517,440.279062723857,48.259245886366,5.4906058752939
87,41.0203687642575,16.698351389245,11.1387425321412,497.57362382002,59.335768930856,4.52102498188007,40.7780265653511,16.6018019477391,10.9451200070047,485.681079742145,57.4331090084672,4.7919265061023,41.2990278002079,16.7586431959875,11.0817990059212,499.921903680795,59.4326345672829,4.48039408508797,41.2020162677366,17.006655078293,10.6943461479338,473.52728527745,54.5499982168951,5.01881214017324,40.6940116317044,17.703319762692,10.4163273807417,441.752421116017,48.6307901865174,5.70748809618504
88,40.9363387058046,16.6601061974546,11.0997251698668,497.063416708644,59.2253717195745,4.3599301323015,40.8117282308564,16.547399016626,10.9598759023035,487.43717429891,57.5766087768854,4.59576370807017,41.1999988630775,16.7865007768267,11.045871452198,495.066912207332,58.6099802348057,4.43521389651131,41.1013230190854,16.9696442150437,10.610095959528,469.21562274058,53.6033974394762,5.0777880368161,40.6798942447141,17.7549225439208,10.3143945405499,437.910411510499,47.7040606778923,5.65057928482803
89,40.8783083900537,16.6488400134841,11.1209985279241,497.621553090727,59.3790788060546,4.50159192127991,40.7176578813465,16.6008257418651,10.9299716342803,485.848110338147,57.3484704961819,4.81783681231692,41.1519703532921,16.8493478806636,11.0608213106548,493.459886575936,58.3348302289757,4.64937643873532,41.1524815834827,16.974754066483,10.5841492305901,471.427579976179,54.0429316388807,5.13470312066905,40.721195582423,17.7887396058836,10.3465479599386,438.977613109874,47.8996886883883,5.8318464059983
90,41.0068394371649,16.6097645988836,11.1812118840918,499.12676968696,59.4247686295729,4.68327349753922,40.7778749071907,16.5081827689689,11.0349856552432,488.794354760753,57.8113376806226,4.97781972625314,41.3334796827285,16.7261366775523,11.1289782055871,501.074849298359,59.5414892863786,4.61416999094462,41.2472133585343,16.9555534198266,10.6986501619176,474.820872694847,54.4896760876491,5.35291976659212,40.7128525643166,17.7205050766066,10.458765878789,442.974685258483,48.6127730615819,5.93375825818417
91,40.9773167853975,16.6438705974978,11.1474034322059,497.758008545149,59.4673452833399,4.45242044229126,40.7230337994499,16.5518479381826,10.9668299975529,485.702036202302,57.5301215230771,4.70975697304788,41.2304667913396,16.7857238652629,11.0549493470926,497.067559039168,59.0391748439856,4.49324404496935,41.1844443341387,17.0088967637489,10.6703194731411,473.534699296247,54.485678077722,4.94443628472986,40.7707103191922,17.6751047376763,10.3788418500411,442.25530132226,48.7757832857394,5.48352957019772
92,40.9470996400453,16.6848052206041,11.1341596174671,495.948899589422,59.2042642938597,4.56816267858033,40.7296931053093,16.5823091859928,10.9640782081273,485.822840873184,57.53550469923,4.79208791844335,41.3208076514889,16.8168410190457,11.0985034125696,497.788334312718,59.1484911838646,4.52728406847586,41.1569437656649,17.0487403307968,10.6145090147295,471.197087032852,54.0865980381933,5.13777895958855,40.6794446214197,17.7510314819358,10.3735075206702,438.051640353247,47.8931529782647,5.84653045913325
93,40.9588767155907,16.6246972938839,11.1848142856249,497.700715628265,59.4043370730524,4.35510359604045,40.7610009282342,16.598506590833,10.9801598577742,484.450959394555,57.2500914337355,4.62360104691016,41.2850382503197,16.8019702668543,11.0976555655605,496.769250834499,58.80742942669,4.45362512707104,41.1371427299403,17.0360456001778,10.6266491853772,470.642027319395,54.0008838590346,4.94866841921417,40.6792676810768,17.7298769168756,10.3774386876465,440.243005180476,48.2776897485692,5.52007337327283
94,40.9047612169952,16.6541758840472,11.1251665428206,494.817318377785,58.7382672869828,4.39382198339787,40.7386375027942,16.6225859125022,10.9589880352149,485.798813304492,57.2809404648115,4.53790749796516,41.2091462941337,16.8094646369713,11.087924512041,496.213775335185,58.6354665952386,4.34699136358984,41.1263572907501,17.0396178454538,10.6507349704317,473.163945617619,54.365258668985,4.82847125362852,40.7440765878367,17.7610745559683,10.3585006618414,440.376877262508,48.1597226067033,5.46216881211764
95,40.9578634887137,16.6546944943146,11.1155221322914,495.564777932769,59.247199443553,4.47281631819905,40.7289195702716,16.5875086454974,10.9223030251608,485.099982435526,57.5596995602307,4.67114194586679,41.1991318268869,16.8239440357536,11.030950473183,493.782652151173,58.7026766480886,4.51145334518923,41.1015037088729,17.0130384135623,10.5865031450454,470.361446134397,54.0713635135759,5.07655057373202,40.6207100654463,17.7790987723639,10.3341114867249,438.393255860834,48.1754021902112,5.66857588547522
96,41.0088689235826,16.5569096832116,11.2196134918516,502.099968264811,59.9948975991569,4.45542398713796,40.8146010571167,16.5702558891164,10.9971847631721,487.204148199296,57.509724672635,4.8029582014065,41.3024190659115,16.7060511759975,11.0909097012876,499.041637527944,59.0997121595693,4.5529336297972,41.2965711854536,16.9208149361224,10.6614694694058,474.944085120521,54.6364601260781,5.03212550489227,40.7513630659058,17.6826217277313,10.4033276784145,442.131615193425,48.435593031509,5.76493285140907
97,40.9527969860807,16.655448920407,11.0937449076264,495.845118099565,59.1296188634976,4.32451889525321,40.7214611504088,16.5918526251791,10.9437571634009,485.38702675648,57.406079492988,4.55172146974604,41.3178206282587,16.7658233224222,11.0735711717706,496.984878577575,59.0264570525851,4.29962004056405,41.1652133657608,16.9984280049255,10.6406386593249,473.268008288457,54.5307607996517,4.77034532561469,40.6900697050471,17.7727228033389,10.4174870577859,440.119621899603,48.3620293274194,5.40235063880553
98,41.0458825491626,16.6172678084346,11.1920538778625,497.33948652973,59.5007670462078,4.45005857246192,40.7708049066964,16.62136046958,10.9635759356011,483.29436912993,57.1617096829717,4.7329501047315,41.2830792423332,16.7815888576926,11.1244392877179,495.816902224423,58.9228271386087,4.54065458743154,41.2097373556151,16.952573105805,10.6237362726525,471.218273431404,54.254818589225,5.05076026410436,40.76113149963,17.71392436405,10.3898150360351,439.602334963654,48.1602096902367,5.75031738504333
99,41.0124831346405,16.6434911676564,11.1239465997812,497.834395446629,59.4687020644053,4.51989755062054,40.8176908430722,16.6038972382565,10.9308838531836,485.77972862025,57.3889945819957,4.88523974644849,41.2334690891816,16.8240254588437,11.0792577405921,495.47548604915,58.8404265008207,4.65860370778275,41.1026368557796,17.0315672508666,10.5701160887429,469.996716191076,53.8779325126464,5.34757227743136,40.7355777423236,17.7528623631851,10.42620787605,441.970370437258,48.4868016071586,5.90903081962029
100,40.9750955611974,16.6749917121317,11.1888520409113,495.56327035371,58.9218826439249,4.49291857617905,40.7614040362161,16.6492913280553,10.9532807149575,481.550713158606,56.7114840346286,4.73581186099868,41.2329097485486,16.8048258321885,11.0790530513927,494.673927282108,58.5834738067073,4.43754410494619,41.1480115669218,16.9864035059429,10.6105703300293,470.296139805258,54.0150272221781,4.94440688838299,40.6212790306527,17.7788446704984,10.3557230147341,438.224953596376,47.9649894695899,5.59276498793908
101,40.9468340404295,16.6266841852012,11.1002722282311,496.188574209585,59.2613238085976,4.32335266815795,40.7603455141701,16.5827240884809,10.9020526257987,484.360452605015,57.2636386293317,4.6283084313501,41.1985617903163,16.7740160102714,11.0540517302676,495.047613491805,58.8288570775351,4.36098411824501,41.2260221107542,16.992809182958,10.6129348272202,473.390683260188,54.5676789741505,4.82858584825699,40.6660836562803,17.7231198439247,10.3110021877597,438.103953164665,47.9457804973646,5.56035597425026
102,40.8978673375232,16.6146829956567,11.1476126548847,494.482264186287,59.0825203575036,4.14313999778117,40.6869384977004,16.5362930075576,10.995968890844,484.078402525181,57.399424365994,4.34935178417231,41.1916534162946,16.772834538347,11.0849207670302,494.898472282295,58.9013685035586,4.10933724363673,41.1818096337,17.0059843347796,10.6175075690046,468.518957770868,53.907728230013,4.67610635901808,40.6257289811545,17.7967854057666,10.387191615507,438.368207814039,48.2525592319863,5.17284416353513
103,40.9099552021718,16.7735796804578,11.1080282250293,493.153621235122,58.7506315641555,4.67919926129282,40.6926158003576,16.6502931540672,10.9205121049712,482.716618353731,57.0907427873792,4.91395526438626,41.1716640173333,16.8347186583719,11.0997152911621,495.888902769531,58.9718148755039,4.59603327784625,41.0907402053068,17.0761328313545,10.6412806643279,470.306404328842,54.0184965122544,5.18450578745251,40.5994294630543,17.7909179215929,10.303038119942,434.251229278164,47.2376234154723,6.01629978771401
104,40.986576707987,16.6483550946644,11.1178525660376,495.44833326187,59.2731425109697,4.72390207164437,40.7358063510026,16.6474051302853,10.9788898422824,484.563579533224,57.492352231522,5.02558041519297,41.2018903612985,16.8265166646075,11.0660840467776,493.427411140526,58.7148428829112,4.82249094143371,41.1888966790105,17.0010122421325,10.6309890567295,470.788870533862,54.1627331785811,5.43609208478148,40.6941044547764,17.6741222248844,10.3621841662747,439.486229508923,48.310539108325,5.99427118820347
105,40.9154127309548,16.6631819705493,11.1391145279153,495.190318959908,59.07719358158,4.47806372686911,40.70413208586,16.5524931254889,10.9664250835219,484.743691459185,57.3434310886007,4.72672241758326,41.21569078742,16.8236432084781,11.0520361200512,493.558028358758,58.4262624469227,4.60443689297702,41.1179793863874,17.0237029232772,10.6434043370061,470.558801827418,53.9400284358121,5.04495453037928,40.5912838219419,17.7388032273893,10.3271982387959,436.868239015957,47.7668258086065,5.65809356810745
106,40.8892372709492,16.64200215624,11.091810146515,494.109679245823,58.938049661027,4.35935620633631,40.7918336625414,16.5950399785541,10.923532632574,484.871325586262,57.3729664778301,4.55279453136914,41.1913226718622,16.8331151500961,11.0360007793271,492.384903798249,58.3349010547324,4.45199411942456,41.1688798849212,17.030273426943,10.5658750705018,471.210405792708,54.2278167022298,4.86680618276086,40.6264373632295,17.7440251612801,10.3113429755317,437.825408584257,48.0591294705955,5.54051112115417
107,40.923959768688,16.627869949771,11.1766850480566,497.756715818819,59.5800952584725,4.36402672258781,40.7183069351121,16.6418642510791,10.9681194087976,484.680373074301,57.3090776462289,4.63574459014366,41.2725411485774,16.7616248799725,11.084626936723,496.01407875631,58.9027693396591,4.33563225980543,41.1226356046121,17.0185384831132,10.5903874760333,470.631515521704,54.1149793762223,4.91099416887124,40.6841958951589,17.6975310141147,10.2751436513428,439.828479550571,48.2162239980561,5.57095105431142
108,40.9473295071278,16.6840557937161,11.1365258083428,497.891351750125,59.6097724206836,4.57462223186639,40.7508429170037,16.5776618180396,10.950707127829,486.862178661832,57.7118198540537,4.86492615776627,41.2695665032193,16.8329034886093,11.0750225009693,497.107080448337,59.141025733253,4.58527375054758,41.2119123336895,16.9458684861457,10.6530238813562,476.152642118387,55.0392560208439,5.08087637824181,40.6478248266823,17.7044493455474,10.343561430886,440.93853648954,48.5715793921676,5.80261364855463
109,40.9732023183582,16.5953802652854,11.13777798244,498.510248626632,59.3683509610788,4.2820280224772,40.7085155632711,16.6402669323983,10.9333265825408,484.543751308082,56.9993392431883,4.65922629893318,41.2317698340417,16.7425505942255,11.134168344609,499.650880164482,59.4251420362019,4.18338171719657,41.123145588704,17.0337419275884,10.6199967374808,472.058401720726,54.1083035177086,4.88630910248243,40.7354224997715,17.7198361144527,10.3717961609399,441.860105541285,48.3456857833972,5.44806951783556
110,41.0019426025872,16.634195921813,11.1870362459539,496.804596810061,59.4074386230775,4.55440599235087,40.7803464343798,16.5621148778376,10.9770373638973,484.78662942137,57.3868488219946,4.83162037736179,41.3401895370871,16.7824153623945,11.1194543726228,496.632932367019,59.1341357167083,4.53438169453215,41.2175424087244,16.9658048225442,10.6337014380083,474.180447444353,54.7454571662178,5.05776629578963,40.6881125773723,17.7296303029072,10.3386241800956,439.885439597741,48.29571087325,5.80812487518968
111,40.9096007702977,16.7048941732909,11.1783734312489,496.337441580173,59.4342993771701,4.40525750580424,40.7674719479409,16.5826606776483,10.9886701850558,487.443927389446,57.9035977322052,4.56700596361472,41.2095054871663,16.8488453789752,11.0520835960186,493.001364169758,58.5234352783511,4.4569379574031,41.0949675852344,16.9978246882047,10.6405185257134,471.304073803997,54.2615932446876,4.97574625491674,40.68533064478,17.7217697612581,10.3513839795802,440.422789055636,48.4002946745266,5.6057857744593
112,41.0209403974075,16.7125616444208,11.1679702609323,494.480406609828,58.7231315427618,4.24340337531937,40.8382479376456,16.6203278080644,11.0121949526131,485.00245324778,57.1857824200509,4.46423710533186,41.3088231499662,16.779966439584,11.132951415014,497.259296977744,58.9658912436765,4.13348423780634,41.1846787763639,17.0134900758145,10.6546643490464,471.637198271799,54.1974439399421,4.64888430416299,40.6651767449529,17.7522435848044,10.3929964394682,438.974780565667,48.0100594412216,5.21763898909704
113,40.9534783897988,16.6911008381125,11.0834872760539,491.815823668205,58.6585038104328,4.60727612723407,40.7403269883296,16.6444073257221,10.920023597237,481.661991572676,57.0292113057556,4.85078171462114,41.293721323206,16.8588500215561,11.0309209192905,492.794782965435,58.5464750983266,4.5939511006154,41.2157923243551,16.9733384186321,10.6145698072926,474.09901918914,54.7724104704932,4.97990772022266,40.7100759341007,17.7569271193941,10.320026045985,438.655499918405,48.181226379942,5.66985003363616
114,40.9213805420983,16.7842246282892,11.1401060842992,493.506944314283,58.70948470608,4.46632277333853,40.7220613045992,16.7018155630822,10.9478656349335,483.48272063918,57.0568210186176,4.70668074329409,41.2123718563678,16.8758965651946,11.0488750970777,492.832445866619,58.2696108188972,4.5186143594164,41.1314694372387,17.0793724993071,10.6041870312661,470.78867413692,53.8979023596845,5.02710857131862,40.6742162820374,17.7108892192278,10.3096392940393,440.22151733005,48.225837487976,5.61366772353995
115,40.9676974231881,16.5890414322828,11.1107553038829,497.420823807946,59.2470525692548,4.60434939291627,40.6982368958963,16.6024202116428,10.9324842202966,483.724499468246,57.0119515586907,4.96255069066288,41.2562977477675,16.7383112342598,11.0405493457375,496.499645298546,58.7606656652439,4.65949036080238,41.1848529773679,17.0038528798699,10.6316998877051,472.134774431188,54.2122669746304,5.22965759237393,40.6850222554233,17.7367344738232,10.3569674920913,439.616719006632,48.0303089273768,5.88444430386815
116,40.927248875789,16.6385608547317,11.1429674372458,496.459755693169,59.1774837746747,4.4203788890379,40.7324427305926,16.5603130524971,10.9658539246218,486.04337550218,57.4780836458919,4.61740418676887,41.1814025742367,16.8468773119629,11.081683392073,494.319471470807,58.5547344075788,4.44292642508087,41.1205208053888,17.0309542046898,10.6279588563416,472.348660591896,54.2152914951919,4.91082150750121,40.6906824617767,17.721983990206,10.2997807073558,438.032886407112,47.9032791280121,5.56462683613891
117,41.0229856501392,16.6941040607386,11.1542327558716,494.888552094333,58.9165815252558,4.488009628901,40.7483735146628,16.5810169568911,10.9671506111827,484.127306380865,57.1694236840929,4.65625387307759,41.3023243788998,16.7661313714705,11.0616563258283,495.337537940511,58.7265362894748,4.49475768906265,41.1774174481461,17.0149721482427,10.633160620257,470.81799776283,54.0683916475492,4.93350564552687,40.6247311913811,17.77941082793,10.3736241677599,437.547598757669,47.9680287235717,5.59155006789371
118,40.9860376076503,16.672199377248,11.1504468052278,496.574427450939,59.3131065613944,4.53464753361839,40.8466027925264,16.6477339755801,10.9892748033932,486.56394715527,57.6060614531951,4.75115539213173,41.2201800517363,16.8702782043226,11.115718823333,494.962981128437,58.8256588645104,4.57592886374583,41.1679929516,17.0185175253774,10.6666111977424,472.913907274842,54.4031567684396,5.07229743313041,40.7519807615418,17.7438674200536,10.3651869155424,441.879145167197,48.5052022880408,5.77246857963486
119,41.0621147792057,16.6137848605629,11.1312123581789,499.982157335301,59.8099349988533,4.41586010022767,40.8186951277401,16.5469011101563,10.971010954254,487.436657106814,57.7495609400165,4.79296705705018,41.3138244058247,16.7641972675569,11.0727731032341,498.241846609014,59.3113768811506,4.45814696954423,41.2213385367874,16.9772502867965,10.6559932971819,474.594402286989,54.7685101864364,4.93660976313018,40.6857144333016,17.6503411251068,10.3854335722422,442.93204885355,48.8159985644604,5.63597447444468
120,40.9717157635868,16.6977089103025,11.087829125965,494.384293810293,59.0266823585492,4.52622885766474,40.7675598986429,16.6199164073316,10.9637711719876,485.660363959497,57.5978917130942,4.73668670478358,41.2061193124834,16.810672241205,11.0267133695395,492.854129923506,58.4359695041546,4.64215178903069,41.1611904992568,17.0501908513479,10.6067652001001,471.177161249318,54.2615050801346,5.06317836481579,40.6152524098853,17.7278989254675,10.3068443423986,437.757380716526,47.9861039080192,5.84770135248935
121,40.9494155552675,16.6808636353869,11.0714765075229,495.694259354492,58.9456485142087,4.54600381761234,40.7468150798748,16.558069775756,10.9061271028566,485.122774143419,57.2686822919531,4.78045359846289,41.2143930054783,16.7597505326496,11.0121445273327,496.57268955006,58.8627957681921,4.50792506800018,41.1366198819114,17.0222358750086,10.5801438601214,472.091379774295,54.2941274533562,5.01489513201378,40.6475765485574,17.7827970753965,10.3425400567246,439.049215967103,47.9838304758801,5.74248632247674
122,40.9938327540684,16.6479432821396,11.154138606361,498.424209986263,59.7215637263501,4.14450802999274,40.7671491110211,16.5713129071554,10.9388122691959,484.42655320866,57.4358022956553,4.50776449966151,41.2379375577008,16.7649352221777,11.0536415085767,494.358897002387,58.7612116520905,4.24815647003073,41.1735272382597,16.9510061089341,10.6311309025327,472.582106737556,54.5761263256842,4.60830180716337,40.7545738369903,17.6487897411998,10.3870995816838,440.198194268436,48.4958721243182,5.33440503762702
123,40.9195423089441,16.6558208912316,11.1158470439377,495.322480833068,59.1217580836765,4.45484981502314,40.6735836088518,16.6267551996991,10.9125535633188,482.081554824888,56.9625535519065,4.72960767122369,41.2109010320981,16.780237462854,11.07175734327,496.811499847735,59.099779050881,4.42625357305224,41.1107095595457,17.1004303953957,10.5844874296414,468.588135181757,53.7238888905236,4.98091977265823,40.5531361456715,17.7394539442025,10.3502551228204,436.976893098487,47.8755836762,5.7000217815701
124,40.9892010803665,16.6457489276219,11.1068613683794,497.531258518323,59.4357345362944,4.21301375508634,40.7803419968835,16.5779700521091,10.9322496781054,486.420300632057,57.5003002456553,4.49333727844883,41.3003809120681,16.7596558212723,11.0519720266841,498.554309245415,59.2537479968746,4.2417845414846,41.1758562208492,17.0138171038273,10.6339955447864,472.679660195815,54.3990112060025,4.77392217199704,40.6359623364205,17.7161578255319,10.3745693590758,440.585550290273,48.38978306618,5.46104335330559
125,41.1351153725295,16.6432261722794,11.2285891526468,499.593885746013,59.4912525787581,4.54228163795714,40.835672113102,16.5371422453862,11.0810923561919,488.49281352863,57.7648551678598,4.79219430707873,41.2795383496642,16.6893837907469,11.1746232928073,498.265732180075,58.9927614361239,4.63561836620399,41.2461229709583,16.9818034053014,10.6818766326127,473.201975363942,54.3147969793135,5.14049925746555,40.760570079559,17.6661597546731,10.42617563368,443.291610672407,48.6847286263342,5.78801245830681
126,40.8915359956103,16.6807539070653,11.0832310344191,492.552955733211,58.7882946380091,4.58289967304255,40.7420979992679,16.6763853226084,10.8954585224484,480.535910997239,56.761109831372,4.86859569959672,41.1944014904021,16.8369425983164,11.011619421464,492.678829612761,58.5687312957781,4.56695670817263,41.1266011148276,17.0273054629089,10.6050030782464,471.343119642429,54.3437038190147,5.05710172706882,40.6199274278109,17.7276988012142,10.2763023668734,436.579545122733,47.95734982106,5.74427465262192
127,41.0439604943373,16.633749136831,11.0926132094801,498.149241572867,59.3826793827519,4.23406001707894,40.7712619857257,16.606153259191,10.888103130013,483.701658362482,57.0784689670866,4.60598537773712,41.2343218853454,16.7661374035358,11.0483633551942,496.094674038109,58.8434644135296,4.31821661077065,41.2435773532805,16.9451520425013,10.6127506098921,474.219905338828,54.5987292450162,4.77351258578368,40.7122027620191,17.7104521130967,10.3370044548392,440.296657975116,48.2068453588102,5.51302102425627
128,40.9918093634062,16.6544909899374,11.1426575511709,497.02802861492,59.1721537972983,4.31608963109703,40.8121400043654,16.5403113681594,10.9756724827239,486.934054974324,57.5903500082793,4.44268200155203,41.2711779770529,16.7622836272477,11.0591067836074,495.248064632085,58.680221161802,4.33168737277089,41.1602199683667,16.9680564013007,10.6175703293949,472.808831187248,54.2665713209269,4.77691826564139,40.7011117851993,17.7675863299855,10.3414621093337,439.131435221019,48.0777664592171,5.39952890761131
129,40.9565281837383,16.6656217804105,11.2112923708701,498.168338654309,59.5175596796299,4.66252670807049,40.7371737395174,16.5578887400761,10.990531964572,486.335457883835,57.58466789331,4.88528524609488,41.3493425737655,16.7830744823979,11.1155863886303,498.30607841358,59.2456972256801,4.66894802929894,41.1522229958241,17.0117665459832,10.6112447000664,473.018864928035,54.4464083956076,5.21283362170856,40.686029752661,17.7151100196062,10.3425341936868,440.986329950885,48.5964500321518,5.81730814771226
130,40.8969843395599,16.6558577518372,11.1204154300322,497.364892228328,59.13828900809,4.44571509195969,40.7720361754157,16.558268738546,10.9784891348535,489.472515258712,57.7568578140527,4.63618944986803,41.2326732132871,16.7492670022244,11.0978642369599,499.170733330418,59.131374624912,4.3916191868872,41.1047188390363,16.9177850388376,10.6497845741572,472.844965359901,54.1329639399267,4.98840417945555,40.6401137759568,17.6652017626722,10.3812057603942,443.030780646666,48.5914369908916,5.54075462103811
131,40.9197504183473,16.6478957092269,11.1655772591541,496.361609394899,59.2979838701195,4.42796587248424,40.7021301361752,16.574621575276,10.9998927448852,485.35415910803,57.5502020830426,4.65510683908753,41.3739264626196,16.8171039796353,11.1048902970464,498.431792030596,59.1882108412707,4.38297424487898,41.2638083102599,16.990128270964,10.6399122507364,474.832997502301,54.8475607816972,4.85748281221549,40.6567925396395,17.6966409427737,10.3529809708069,441.070426658769,48.5098214389197,5.66557639844017
132,40.8872119197675,16.5935874723739,11.1637384250191,496.319757772662,59.3861904253988,4.20174832214301,40.7042825263393,16.6205637396242,10.951711519176,483.763483731072,57.2776044496884,4.46439506494209,41.2409442223792,16.755607560268,11.1101385000351,497.037598873176,59.1372295353049,4.2337878410868,41.183694001774,16.9987388211152,10.679838072212,473.481790069298,54.5400839326988,4.70398141688141,40.6704305261839,17.7111988046671,10.3605884996587,439.549958848586,48.3023771884018,5.38750492341682
133,40.9127970286515,16.6184367618458,11.1392182779177,495.645883241441,59.0832975003354,4.34852375599896,40.6848491288545,16.5879647008116,10.9626835991543,484.502662379222,57.2951833489387,4.54847511991196,41.210028124644,16.7590068108451,11.0548176370935,494.711222296004,58.7764040741263,4.30316047838247,41.084405126609,17.0343378379389,10.5765135836305,468.32435497495,53.6156935399699,4.9348732063736,40.6515018247572,17.8000544123794,10.3166692335456,437.642331771546,47.8535099080965,5.50341416660218
134,40.916610808231,16.6396194563636,11.1101811579299,494.852270428378,58.9683057239041,4.62351251021195,40.7199729417785,16.6290567505021,10.9510571010669,484.847777991775,57.3399785584015,4.80761712913383,41.3466061945093,16.7777853959636,11.093305143806,499.12198642589,59.383340309855,4.45875337108842,41.2141408816685,16.9899330878175,10.6512547710853,473.457960354363,54.500180791103,5.0590174139921,40.6569389053132,17.6702558554276,10.3978396533319,440.793741927931,48.3539769926528,5.80160073473099
135,40.9783705219242,16.6016185174244,11.1845367258749,497.618547168363,59.4791884266487,4.43612310962997,40.6522227788743,16.6062790614095,10.9385155428848,480.649689987671,56.7068762289349,4.81392448000505,41.2901216716299,16.7099067673728,11.141562675459,499.197327323835,59.4835467968051,4.39482290753613,41.2189403573931,16.9503201160201,10.6905435210575,475.403295046948,54.8907603707523,4.85627362564819,40.7083761712302,17.7388962975522,10.3812009087832,441.183552006434,48.6180336658988,5.55081720920791
136,40.9439368054288,16.6059311077462,11.1079630366725,495.520388402413,58.8232760466945,4.5253700270004,40.6831246065992,16.6278233851172,10.9305981007003,483.928434612552,56.9983269600614,4.80280221046941,41.2437377914138,16.7866609476979,11.0535857296652,495.376314861214,58.5341436053398,4.5428840832089,41.1247414989764,17.0420326586905,10.6016662448238,469.614902155247,53.7112932498775,5.05003034020375,40.6908204529368,17.6929242704808,10.353402466041,438.733168220511,47.9049547189056,5.77985443888691
137,40.9540455838963,16.6685376146183,11.1167007326052,495.170334513643,59.3415239455894,4.32155575721473,40.7142021012866,16.6442295845709,10.9629549869921,484.260177549441,57.5493304502911,4.58295859346322,41.2616429446876,16.847265257969,11.040063193966,494.013831860599,58.7858133163095,4.44029900750496,41.0930868730879,17.0882007738851,10.6225429659732,469.326945164951,54.1833361157103,4.88092426766878,40.6177871998212,17.747190965457,10.3745135425842,438.773712837475,48.1512015847947,5.49993911707852
138,40.9451970508214,16.6674497687941,11.0836300074277,492.183872204538,58.7722537081926,4.43799092271897,40.7234671500503,16.6259658886402,10.9452629477966,481.942719080049,57.0671545010837,4.70137905590008,41.2194013574105,16.7769668419188,11.0820311313933,494.127122429892,58.8221996516762,4.42296001981453,41.1455013717416,17.0764144042376,10.5536948958625,466.85010976629,53.7326873176043,4.99350407066285,40.6219692623316,17.7524143984229,10.3382827926002,436.757825279253,47.8890444271529,5.61399026335409
139,40.948561941774,16.6830804346906,11.1284674919951,495.132430473378,59.144137707074,4.59845191623134,40.7668832211392,16.628738902194,10.9805121197528,485.089063134637,57.5330217415477,4.77320521747315,41.2329632902121,16.7554742324492,11.1195207796255,496.851099618593,59.0939124781622,4.55327900733347,41.1936586828334,16.9977871045247,10.6247244371474,471.596413371921,54.3077591189741,5.11265354973677,40.6757939217959,17.7313108310626,10.3622389287664,439.532262143902,48.1672023648089,5.80996846193612
140,40.9463288724672,16.6615397775485,11.144012760487,496.808447920991,59.0868521347174,4.51115460788586,40.7721049332988,16.6294752420955,10.9310880457285,486.642670041369,57.4818452719084,4.67985862451121,41.3041117073617,16.7908858813791,11.0689752739638,497.387517848317,58.8470688995048,4.50887011096792,41.1319001829559,17.0376291589931,10.622177802665,471.018471892988,54.0114907822077,5.11359396803825,40.6651264525656,17.7550143328591,10.334402437962,438.930677636307,47.9853308737935,5.73594426726701
141,40.9365042709806,16.673830103556,11.0920591700051,493.061824096004,58.8155163903758,4.46753039245409,40.7879400910086,16.637188185968,10.9371497237225,483.473414120788,57.2406919579343,4.66784661238459,41.2166791724446,16.796990446072,11.0595302292065,494.761516626162,58.8282857706555,4.43327428376359,41.2198821597898,16.9828811098533,10.6506960483519,472.307650813955,54.4351571293641,4.90466920222787,40.7086897360032,17.7256414953708,10.3119842862596,438.904630352379,48.2115454097308,5.54284844192872
142,41.0189388188586,16.679207076036,11.11433558389,495.488300297921,59.1930021592397,4.314661597483,40.7468630848333,16.6872526896584,10.945824148515,482.209639157677,56.9523765261724,4.68032545799493,41.2611069069947,16.8291625393716,11.0477480766094,492.679298852852,58.4950177482269,4.46176913335869,41.1691176494606,17.0715764849401,10.5737679648558,470.194616080552,54.0256414196059,4.94284196144082,40.7292081055202,17.7629423051822,10.3508669819267,438.170131339927,48.0674399885435,5.56069201491377
143,41.0651374598665,16.6173324257229,11.1862888754456,500.406492045616,59.8217164570919,4.3332520465174,40.7410790075714,16.6108557449569,11.0053640375798,487.136506155012,57.7302468171905,4.60036064513684,41.2601616675345,16.7669222076357,11.0797314910802,497.226184765019,59.0552343183212,4.41832806963105,41.1614625878327,17.0255470870361,10.6164100748754,471.741315176784,54.172943501102,4.96313303230695,40.7024034676265,17.6457335916864,10.3699076352208,443.067640455696,48.8621053591108,5.56431919071664
144,41.0094634797715,16.6241370984666,11.1004661944847,498.838327048492,59.4774985896017,4.3153552281537,40.8442239390357,16.6199205776225,10.9025599576559,486.781451590234,57.3889178023352,4.68188901434277,41.3240184641059,16.7573870204379,11.0199948798085,498.641982224994,59.1615535127664,4.32391744624549,41.1915975560903,16.9540080691527,10.6054439981914,473.722605128718,54.3684255705985,4.90080907294808,40.7363966414193,17.6969039642856,10.3477433784525,442.961002209327,48.6638844393985,5.51783885850585
145,41.0800919382613,16.6621726742243,11.1631417196146,501.514519250019,59.800317532737,4.43549041546058,40.8266851720396,16.5777134691397,10.9983586347642,489.728593677494,57.863112125646,4.7725979424266,41.2882565730868,16.8026252757857,11.0993682408159,497.840656574626,58.9570960516413,4.598365277135,41.2299340745927,16.9035399627895,10.6096585580555,478.278092455175,55.1923419293446,4.91859169510837,40.7412616440852,17.7095691277172,10.3864669050814,441.984767263759,48.4358933598953,5.72112494112559
146,40.9606218240614,16.7383197230617,11.1178437054872,494.346878813945,58.7467941797381,4.29720683610536,40.809566256944,16.6080959819812,10.926267555185,484.8374945934,57.0892678564588,4.48662031577659,41.2860926958744,16.8190994025589,11.0194664692298,494.530891599995,58.4592348085351,4.32671852114094,41.1623562167431,17.025125296631,10.6384415113906,470.911449694195,53.9477593447973,4.7924216276343,40.8090087016031,17.7089449015916,10.391857995176,440.994574428395,48.2707310973257,5.36262837527129
147,40.9530902641522,16.7023911358403,11.1846318290649,497.538825332654,59.5337164613901,4.42604890877376,40.8221344819425,16.5920545699024,10.9804999968238,486.450724891457,57.7016117816071,4.68047679282787,41.1997723821566,16.8534283138679,11.0468950087442,492.809067205793,58.4697534114457,4.57468785256287,41.1357197471964,17.0038213691785,10.6587421109981,471.723986466941,54.3785466534774,4.96731408502999,40.6525584902013,17.7399377766354,10.3780404045449,440.411478994507,48.4672343705739,5.65994525174141
148,40.8942712526649,16.6683248235412,11.1170640167299,494.59411736731,59.2086693074542,4.73479555154845,40.6968062023996,16.6491012916333,10.9730462864386,483.324263678414,57.3868692880352,5.0081702057691,41.2443038673637,16.8244763397986,11.0722841720647,495.409171507231,58.9568515023761,4.7369516746792,41.1207149865026,16.968915198806,10.5908243032734,471.970886194184,54.5361033118003,5.23464493621561,40.678614488923,17.7762408666232,10.3384168345503,438.367553492483,48.2157517808216,6.00039532330639
149,41.018600572578,16.5569113066235,11.1531092876779,498.587240031851,59.4958001918095,4.31618489475555,40.7619384408478,16.5085060687323,10.9627014845419,487.305961675272,57.6897084769866,4.62238845544919,41.2428078394843,16.8005728963891,11.0638616438694,495.969535824908,58.7757591260714,4.49903606571553,41.1174798231508,16.950053383081,10.608448104815,472.072976195199,54.2321696777959,4.96738417172222,40.6980828777812,17.7077820139707,10.3144072034575,440.252006296019,48.2865752061741,5.56739454937138
150,40.9462682296125,16.5864361922795,11.2087204734466,498.751823997717,59.8533055314443,4.50933904287933,40.8274580897396,16.5564628188819,10.9764369143403,486.574356257807,57.8038696582947,4.76000302182837,41.2980525674545,16.7322762004549,11.1121469877483,498.057877490995,59.4377007806883,4.49874709793826,41.1550901618945,17.0072524176361,10.6502749143244,471.095729529826,54.3880921855599,5.12356447880286,40.6091335143788,17.6971850679353,10.4178196769675,440.819617370388,48.654074726208,5.69040032280198
151,41.0109125647028,16.6551416091383,11.1518730394374,497.047799319269,59.372029339448,4.29056853289086,40.8041587912762,16.5219559785886,10.9648719578587,487.044566034844,57.7891751995175,4.45671871115085,41.3225523638634,16.7679997385092,11.0347120720004,497.480033134488,59.1803850889328,4.25236831037693,41.1823605667468,17.0511815898429,10.6294500981133,471.430398413178,54.2023488642879,4.83039912177112,40.6986459287078,17.7587385499445,10.3802880786335,440.096630479675,48.3087265044318,5.46327359967424
152,40.95732619614,16.6206033333744,11.1706601833532,498.632930674067,59.4309373944459,4.51658310120294,40.7387298497418,16.5263220175927,11.0176841364434,487.669934684122,57.6521647050394,4.80227130583662,41.1882605911764,16.7857830752221,11.0859539249059,494.791520585856,58.528635433354,4.66289652088446,41.113909584475,17.0262263415257,10.675552678314,471.254844456932,54.0340967540281,5.20693250516583,40.6571233113185,17.7396289299868,10.3143748267024,439.363728290603,48.0201021715424,5.83580362333071
153,40.9500701191781,16.6990199169053,11.1045958741277,492.475842696078,58.6538370302169,4.64572942813463,40.7140630365856,16.6322525362865,10.9847342572697,485.74833835746,57.5936968322247,4.78047906597275,41.0964280472985,16.8115949228121,11.0325360835277,490.653544787177,58.1652487437517,4.63529038649307,41.1561754055528,17.0281537927299,10.657427046011,471.740956604721,54.2447461856715,5.104718274582,40.6515613646248,17.8292411187805,10.2918111747829,436.738177746275,47.7225845288828,5.86642358143812
154,40.9761668677512,16.6745285779592,11.0840887356587,493.673149912208,58.6295290306932,4.40917662926574,40.8082530079358,16.5328622113246,10.9331297261549,487.016992220089,57.5450764346127,4.57505191904065,41.2275856302368,16.7708998376718,11.0667703678565,496.30524501128,58.8548550117369,4.37605814404925,41.0989100398584,17.0449507445365,10.6353099456523,473.157085257697,54.3917609650858,4.85733170486815,40.6617676424426,17.7715984992414,10.3552604736915,439.69545509756,48.2391349496779,5.47937417711514
155,41.0048047945582,16.6194080717361,11.117070317332,498.922618860628,59.5382392014177,4.33154642104362,40.7341716896223,16.57309315046,10.9628436228658,487.08799008571,57.6189273989335,4.64352441265116,41.2620581940839,16.7592141116049,11.0833214316678,498.93036980733,59.2673153660794,4.36945600928015,41.2229473163071,17.0394886705236,10.6022042483545,473.412986443581,54.4273920495816,4.98362897296634,40.6326041022771,17.7251801997992,10.3477804189697,441.200768986179,48.4867514024241,5.58918887904828
156,40.9732018627642,16.6998272842577,11.1175707957543,497.41717444013,59.3155795921883,4.54726233671389,40.6997901153279,16.5851359138251,10.9340766406468,483.772828117674,57.1946273114612,4.86616294253792,41.2644928967672,16.7871662565335,11.0376978748128,494.758137579219,58.7051565758812,4.64077896727322,41.1808399726274,17.0053288467569,10.6295716395637,470.53370860431,53.8599482839625,5.18972420471549,40.650277586978,17.7236040651533,10.3389994035722,437.444984405185,47.8859009576267,5.84054655960771
157,40.8996667551116,16.7058350637486,11.1030401270267,493.86048544224,58.8993784191879,4.56111174567165,40.7428941788833,16.6030599978801,10.9452012815338,485.394558840209,57.4399664460443,4.77539027573539,41.1637177028294,16.8089360778021,11.0563795661739,495.68650000793,58.9512524548205,4.4946545536193,41.0400236819657,17.1178224718569,10.6194219637184,468.199372346621,53.7807418167093,5.1766978187558,40.650736652371,17.7133937596748,10.3315545093421,439.737987813239,48.2511476903247,5.77307337267861
158,40.8605028749423,16.6816207040312,11.1223889986206,493.889416430889,59.0106584415187,4.59584652179494,40.762017520816,16.641245358069,10.8972430147768,482.616676283289,57.0784381260375,4.84257063011234,41.2565432530432,16.8037093514706,11.0625653709773,493.987626742014,58.7113611903449,4.60795179698248,41.1709786750109,17.0137601221082,10.6357244768191,473.376564925656,54.6013197422105,5.02362447373581,40.6339523271956,17.7337752053489,10.2940760390908,438.279904410584,48.2777094709745,5.71936494671241
159,40.9802810145614,16.6521539236152,11.1250122513272,495.340233824316,59.3007524031048,4.43639090531008,40.8489200066962,16.5249996692032,10.9773246963613,487.880844091867,58.0715178759847,4.53578769545878,41.3913031591741,16.7716004967497,11.1039494230416,498.627968876031,59.4925355784781,4.3267640621036,41.222515830461,16.9557270124374,10.6853046574479,473.860944990637,54.8135078685649,4.84223241551741,40.7258203719401,17.6984051475817,10.4039715274068,441.488447462484,48.7352039697463,5.4898311489436
160,41.0614333642081,16.6088043098753,11.1693501605486,502.875645733921,60.1121611775168,4.50653952199905,40.834561954039,16.5223090330343,11.0187628583645,491.965272837,58.3861874077265,4.77084218037073,41.3416929408556,16.7864796635351,11.0788102182831,500.663744200208,59.4632830716145,4.58014858308681,41.2377135321262,16.9848762041482,10.6730072959431,475.898940201006,54.8749650936138,5.09066948738265,40.65327033767,17.7076356704372,10.3890298288498,442.244360611516,48.5650696912013,5.82077792345422
161,40.9114977548011,16.7056991816019,11.0939001237894,493.234743388738,58.5218324852207,4.56429491171523,40.7431691143219,16.6168458796203,10.9109625188787,484.206580151083,57.0828066366769,4.74738173256848,41.2346771438913,16.8315101012224,11.0467184715077,495.090200745695,58.5816844746931,4.49358867565196,41.0512912483717,17.0336485174446,10.5788355164139,469.154498831339,53.7089596231826,5.02208092310618,40.6931078450868,17.7308721868996,10.3381279887073,438.633153415507,47.9151142589254,5.6833494989006
162,41.0445139691463,16.5795901751019,11.1380009852981,499.336316121747,59.7252681620307,4.14995937665086,40.7588011305483,16.5670338710014,10.9291861999178,486.851100263716,57.6925967316124,4.4015007986877,41.2561856304036,16.7400307668146,11.0859976091269,499.329406830479,59.479872283619,4.20111576123432,41.1806253838622,16.9804990749486,10.6392052299739,474.755264057193,54.7999760244464,4.67372906754508,40.7261844814703,17.7134825050566,10.3092737894669,439.582696023769,48.2763922568607,5.45125759115278
163,40.8904109297988,16.6926267766105,11.1244154645711,492.791309361791,58.5141468658278,4.25597755238615,40.7490075432652,16.5899020504576,11.0069040477143,487.229903946534,57.5927885929499,4.36259476687863,41.3080446275049,16.8212385328387,11.1238280903159,497.411888616726,58.941548306644,4.13411956469367,41.2298476229736,16.9904961806795,10.6732706074294,473.371443710888,54.5008809568235,4.63953407766305,40.7192704659019,17.6246326030025,10.4031130881209,443.627748262273,48.7990118386337,5.19718647393885
164,41.0580413077502,16.6389707732905,11.1105649257377,499.065040286505,59.533791911694,4.32936358006837,40.7544909118559,16.5818483557305,10.9130747495477,484.979917325216,57.2535954236289,4.62716228794843,41.2959670769206,16.7461976585729,11.0551045247638,497.531949456766,58.9800059347889,4.36422615839808,41.2289505064823,17.0496475979608,10.6073027541596,472.328467472812,54.1228139047688,4.94369971418046,40.6916648433909,17.7608134340139,10.3351738057346,438.355256627578,47.9231570092259,5.62384046272032
165,41.0276100466681,16.5844255144034,11.0908956863606,498.529392864338,59.4509695483098,4.24357981848507,40.7935251759845,16.5049942746903,10.9397133636758,488.475639845936,57.8209516076877,4.47279013780486,41.3139839002688,16.7747179775548,11.0360599262579,498.651722217645,59.1888239206017,4.21319897773845,41.1028835758616,17.0623601289237,10.5721365505964,470.473193929223,53.8178600928275,4.92840984055,40.683831429933,17.710670103612,10.3104020806029,439.238899247288,47.9055715139343,5.50726851785774
166,40.8999028409214,16.6449557309234,11.1991583220188,497.894655691274,59.2894388962894,4.52596358699509,40.7364486866838,16.5945922733974,10.9565538538681,486.868537841981,57.4391019473207,4.79500616979825,41.2026204238243,16.7522280386398,11.1016929217606,495.812045162252,58.6354200959189,4.63783564403673,41.1225713684466,16.9709712931157,10.6282166370543,473.945951247736,54.537697529613,5.05356878138429,40.5761705787728,17.693908641264,10.3799844816458,440.526992532378,48.2426673266022,5.79230496430285
167,41.002067995956,16.7074358613915,11.1120498181989,495.684566441699,59.0064727051104,4.49997977835114,40.7530722060195,16.6122279932904,10.9405742076675,484.342587679161,57.1808323807907,4.74716205722843,41.2680635656307,16.8248958384131,11.0901074105383,493.342166979574,58.3772612730289,4.58188639277231,41.1449210539663,17.0285489898225,10.6045044171599,470.386702163234,53.9592932842449,5.0797465941073,40.5964400629591,17.7035657597674,10.3691720174702,438.609208547882,48.0446316079712,5.7155961881407
168,40.9314164536554,16.6329000959175,11.1606974483175,495.768956021554,58.9881688119886,4.40450437908183,40.7449638327519,16.6486928242411,10.972728005327,483.22708916537,56.9431740150603,4.7062427153372,41.2791954054074,16.7474855267067,11.0916610857424,497.70400772917,59.055956809922,4.37309013634578,41.2108483779702,17.0126298696273,10.6209442301748,472.171781793041,54.1675130880803,4.8955900006001,40.6834081231744,17.676700692606,10.3754050711506,438.763382348661,47.9456073355251,5.62743198464815
169,40.9339073085806,16.62655526598,11.1518791088356,495.963310556716,59.3257436730653,4.47293936192006,40.6588343254938,16.6280036056972,10.9988252089136,484.197825988321,57.4229032047049,4.80759168702068,41.2052141452268,16.7119859382163,11.106812720358,497.155252936969,59.3327125757318,4.44577426887741,41.2227086162795,17.0517181965751,10.648312967018,472.929475406734,54.4587408987047,5.06014818217698,40.7348095666929,17.7346178455084,10.3524259675465,440.463250412394,48.5101375759999,5.719449284615
170,41.0461912005951,16.6326317646799,11.1685774735431,498.949710013283,59.3774018983213,4.55634970842712,40.7645419809353,16.5477133326078,10.9986930164359,485.605449130673,57.2291701533885,4.8977435251081,41.2756069404677,16.8051897071596,11.10421281451,496.302230917326,58.6872336524013,4.65579086189744,41.1711226779062,17.020989228166,10.585474550938,470.37863198857,53.8345909423064,5.16170884996136,40.6788007689489,17.6804356795767,10.3420747931248,441.641892222746,48.39053855064,5.75142162610423
171,40.9676837701931,16.6570090166495,11.0700675278065,494.420987094061,58.9823211248778,4.56976569510214,40.8249466970325,16.6383355793753,10.9186521883458,485.221323675185,57.5192629029745,4.76052497277386,41.2518633034034,16.7997482393716,11.0481399113499,495.195553558845,58.8621037350713,4.57129043626309,41.1147742859534,17.0082998458253,10.6435083190349,471.843047277807,54.309617897896,5.11804448174773,40.6781895922915,17.750749737011,10.3478013333969,437.389330914054,48.0069915494836,5.73579702417657
172,40.9101370163028,16.6528978955437,11.0970162083638,494.558562700038,58.9710731027183,4.59992475318149,40.7180436856743,16.6663369257158,10.8957579358482,482.758234640136,56.9322363858462,4.88313074157137,41.1448119341037,16.8450784785558,11.0014001265791,491.994434022642,58.2172872259091,4.71373953928915,41.1456209199645,16.9940533263286,10.576584751592,472.628595172733,54.3960943925246,5.06963724116839,40.6012513361386,17.7758069063309,10.2516091129038,435.712316684547,47.4866227866069,5.91873366887456
173,40.9019231952789,16.6497662253325,11.152568942386,497.916249169186,59.580396506398,4.24880373087,40.6295062499142,16.6230342118411,10.9531685528348,484.261043017675,57.3467367212691,4.54037182997173,41.141709889743,16.7813224974744,11.0791154183476,496.026378282443,58.9593368298888,4.28782087527592,41.203715746435,17.0268442501317,10.7028437417848,474.060021909877,54.7624171663821,4.71885294282277,40.6159159229769,17.717404876258,10.4117904650178,439.595011382029,48.4121029183126,5.3622450418586
174,40.9737126906016,16.6860492371636,11.068813355691,494.604038880923,58.903047677515,4.47673308583324,40.6615295613202,16.6163638748488,10.9183614438944,483.337018289352,57.1263707766526,4.79221333504975,41.2512174876161,16.765562068682,11.0959080276368,497.057779865475,59.0950693050033,4.45021704123774,41.1048981005126,17.0433332852609,10.6088408322746,470.59389125119,53.9781446227106,5.06960615182083,40.7391899497855,17.7404261810413,10.3769203272171,440.421045341576,48.4226936990919,5.64195722442807
175,40.9928843834608,16.7045277075438,11.1261928256082,494.626637311194,58.8144513763205,4.42560807804146,40.8457766119997,16.5660481429202,10.9633989177653,488.036252394556,57.7958156339758,4.59216716368553,41.1825722363987,16.7964201813611,11.0746146280248,494.78041284892,58.603238273621,4.51020950698551,41.1642841881232,16.9685616103,10.6023777718025,473.292077569862,54.409032041035,4.94568652793879,40.841631433627,17.6404264252791,10.3957666416,441.777307732922,48.5320027485412,5.48766151300557
176,40.9745804875565,16.6222830684029,11.1414829002002,495.463621732898,59.0158977744936,4.58875691785962,40.7903533832843,16.6108586763503,10.9585372342383,482.949264758872,56.9146657002086,4.89284249063517,41.329807454367,16.780497775872,11.0596863389346,496.970234351458,58.9162704310996,4.56063656810888,41.2032713438772,17.0018058770744,10.6619566167665,472.731250305026,54.3375242936544,5.07432451344623,40.6930670555819,17.6839028623269,10.405806622303,443.020515733068,48.4953926146343,5.75934874809865
177,40.9786345808608,16.702244110574,11.1896839811821,498.181048092654,59.4798681179427,4.23250847163235,40.7640375733433,16.5959550453256,11.0175482527879,487.612773040057,57.7405041956775,4.45225125328987,41.2759796258243,16.8303406704636,11.0697004434462,497.272249386866,58.9816298590557,4.28717094798929,41.1356933987755,17.0540726764796,10.6248377620709,471.439963871591,54.2196896574572,4.7432113510504,40.7163529313277,17.7477005454013,10.3480613806547,438.685482651571,48.1896656006081,5.43427641677468
178,40.9464164434932,16.6345519687526,11.0835846300742,494.479430426248,58.9904754285664,4.59496493059683,40.7524262688384,16.6476025793356,10.9093477265415,482.691131403395,57.0282615451086,4.90657412631063,41.281892739259,16.8522467122901,11.0150858168305,493.905670991856,58.6246361795984,4.60115746789243,41.1652006237527,17.0311952794084,10.6012832678655,469.890668394964,53.8484912507642,5.20276945967917,40.6686757018638,17.7463127568044,10.3511259485641,439.0839261115,48.2120308107994,5.7713748188863
179,40.9746566393504,16.6582982141921,11.0983491273663,496.103044122418,59.2353567666688,4.48304215008321,40.7445481540375,16.5719559993594,10.898914095204,485.759342421629,57.4894544772868,4.77181415588862,41.1770779744187,16.8200833179218,11.0159576588857,493.664479453417,58.5643982252557,4.56078324126715,41.2225639400918,16.9652520498464,10.6210741373372,474.374825305279,54.6498751246821,5.02341229953554,40.7397686692961,17.7502629543853,10.4101964428147,442.552139217791,48.8481325035879,5.60619516360208
180,40.9753858083634,16.6021921919243,11.1555357155428,495.679472466789,59.1354476134088,4.37353150876469,40.7908043090013,16.5616071088078,11.0103609201395,485.757409850977,57.463068987276,4.63729276366517,41.3115118850978,16.7811466591225,11.1405964806337,497.805598100212,59.1963816595914,4.31507236959496,41.1990729867726,17.0249727528709,10.6425077403514,473.410350005045,54.4892041873931,4.88876431901554,40.6688000414823,17.7514773093309,10.3998139269054,438.783087018649,48.0119413863455,5.61875213769706
181,40.9643333917387,16.7181385609512,11.1098191100024,495.596454307211,59.3511452161206,4.32592012803991,40.6870567248841,16.6154587697258,10.9458725791658,484.083455723207,57.4164933343757,4.57858790917351,41.1919992314325,16.816242248802,11.0338160587477,495.237447607696,59.021647664634,4.35654452370532,41.1145205424527,17.0341647660196,10.6112967498126,471.196459887097,54.2393339208479,5.01462812861642,40.7292368899666,17.7615336317468,10.3057397389817,438.464830774285,48.1328219655578,5.6892450243703
182,40.9153258243306,16.7007747857105,11.1106639945994,495.488782526008,58.9829501157557,4.45391165852353,40.7611895277853,16.5825950891863,10.9658594470759,487.080636963957,57.7564247614004,4.56325850772234,41.2743287814767,16.8345597572495,11.0772478778306,497.744628550585,59.0642361304065,4.40140692739894,41.1575736770959,17.0542747416818,10.6184954730975,471.017305529656,54.1606584136016,4.9699861789257,40.6192831124634,17.7122823557634,10.3698967164128,440.441652968421,48.4584542823506,5.51667855830622
183,40.977540422385,16.6480944125169,11.1471710273583,498.932642869013,59.5707353900059,4.21178851387593,40.7685377469442,16.640329827956,10.9785365587532,486.886169647345,57.6243240426871,4.48531252059857,41.2426557412231,16.794163790069,11.089093318793,497.399359269185,59.042520226198,4.27192239359068,41.0630701452681,17.0769160305862,10.6298418640434,471.3337532586,54.2057249665646,4.8219418156122,40.6563096705349,17.628987406572,10.3812449974722,443.931440306358,48.9753174113477,5.34837177653211
184,41.0535910937901,16.6704874210784,11.1416188753645,497.219170715912,59.1168451809807,4.31750452265727,40.6954434976268,16.6658415063076,10.9228437983081,480.438251639796,56.4044386933718,4.74547102443035,41.1691657959522,16.8589062139046,11.0642370053597,491.8964632073,58.0549558050236,4.48010953302227,41.1639037356321,17.0160568174155,10.6205845689087,470.659692563465,53.865727812077,4.95016959699713,40.6080065948084,17.7319771922453,10.3519477285463,437.712102354769,47.7849029656667,5.58700358046288
185,40.9796880732389,16.6050576925865,11.180679375853,500.417439531447,59.9772010008357,4.66467556796901,40.73758204043,16.555314337647,10.9905289668057,488.332574033448,57.9425214987456,4.95239205309794,41.2467959173609,16.8277334751506,11.1034189257474,497.31899980691,59.2061313920224,4.72756156508886,41.1517640236411,17.004689092306,10.6332077067573,473.786559810795,54.6611089211093,5.33160072859425,40.7676637940458,17.7521637051297,10.4119316511788,441.92780773893,48.4744952155605,6.05766160283539
186,40.9735167505107,16.6896620956249,11.1295543559621,495.215891453286,59.0767519980606,4.53438637458496,40.7623625726903,16.6795846975349,10.9174377903414,482.651087982914,56.9722212168592,4.83873921004874,41.2621753189857,16.8472156343407,11.0841626083957,494.632133802881,58.666718563675,4.58027979201778,41.171141716883,17.0207171578278,10.6322941696136,470.212610584628,54.0219822567147,5.09034986434969,40.6817043304996,17.7309528015909,10.3414345542553,439.432501480274,48.3928110649063,5.65416653171271
187,40.8784816904044,16.5860179962439,11.2062623579951,499.935227220346,59.7488623609901,4.28718929272454,40.7578383117312,16.5713068094131,11.0032128486809,486.711887490651,57.4760532545873,4.62377451207752,41.2164232759358,16.7733316110959,11.1168442214877,498.189995308782,59.0946395375898,4.35778598368538,41.0792735269563,16.9772023041052,10.6542115207914,474.927564208847,54.5742985173848,4.90790145973991,40.7097078680816,17.7046098439761,10.3119507717465,439.145378803985,48.0522878951446,5.5894619441443
188,41.000468037726,16.6664755372267,11.1429869629075,497.044905763494,59.5075469819846,4.25490349210688,40.7917964715588,16.641527324652,10.9790492943272,485.410839936328,57.6017009373752,4.5421473006709,41.2602471949969,16.8764136658434,11.1013010298039,496.184695056039,59.0379194904997,4.26759480644342,41.1122530649017,17.0694232723313,10.6197756444159,470.654883319172,54.2469647761974,4.82296951480161,40.6342293577806,17.6754598744869,10.3447156797539,438.483448545612,48.0557728488552,5.48511547970814
189,40.974380811635,16.61884504215,11.1730658257064,498.608317173874,59.5196850462971,4.41903930684762,40.7731704868175,16.5852740647921,10.9653439801701,484.575848923817,57.1841576984361,4.82649451465503,41.2962575844058,16.813788825971,11.0831255434761,493.940375042704,58.4623030831087,4.54086636264336,41.1576508430833,17.0394755464775,10.6294640203924,471.184339364327,54.0758379783528,5.05794027715276,40.5990845464696,17.7116294290558,10.3457247756842,438.606748355945,48.1032012153939,5.64675542966862
190,41.0067273561197,16.6309691448338,11.1983992357703,499.826615729115,60.0799422093352,4.418631985512,40.7580021053968,16.5826316289346,11.0140190133877,487.300629870824,57.9818363904086,4.75599132635579,41.2177307223722,16.8040516298525,11.1018678865584,496.346141566647,59.168071218521,4.56794510070345,41.2128985147394,16.9694586356107,10.67674182437,474.663964228585,54.8075694010748,5.0234968193147,40.7056118190441,17.6979481764499,10.4114997398604,440.090998045631,48.4421097760051,5.72058387035013
191,40.9738171869565,16.599547686199,11.1365882679632,495.741092014665,59.2914347876065,4.21632168928392,40.772230530382,16.5886563820205,10.9489618201212,484.216794297488,57.3435978959828,4.42041238088694,41.3018755032274,16.7212016563767,11.0748762028232,498.583046919198,59.4667722099574,4.0917065747673,41.1694481363649,16.9940554578839,10.6140973268118,472.637118191006,54.6306004767898,4.63407793340898,40.7451995916217,17.7053180364524,10.3414864373728,442.051302831404,48.7673345954553,5.24927987749039
192,40.9299254070121,16.6769901405617,11.1306011383488,495.509797895456,59.0192413274669,4.39595054588976,40.6884980136655,16.6674795561162,10.9288334437513,483.029330797184,56.9770002397862,4.72025266209521,41.193531748419,16.8452925420862,11.0368861743461,494.820618406229,58.6546642431778,4.46285842164282,41.033868936377,16.9936212142705,10.6037236179567,468.696932037041,53.7116832729194,5.02356231367181,40.6296125337344,17.7138002702292,10.3450620075605,438.534897892664,48.0330680449657,5.58083828101773
193,41.087466145466,16.6244268154852,11.1971394055869,498.514778260023,59.6293277015009,4.51862211431016,40.7868115148715,16.6539589312512,10.9906413729724,484.729531334328,57.3969268382458,4.76213633702232,41.2901307062826,16.8098429971951,11.0795430062477,492.215405011732,58.4159192739422,4.65508672350901,41.1823484312091,16.9917091567665,10.704971816665,472.070925743813,54.4940576990404,5.02903556438071,40.6755203981619,17.6792917322294,10.3529978072765,438.938277792096,48.3782948893445,5.69910874509838
194,40.9976389332288,16.6482971911808,11.2002883832885,495.646152640778,59.2200252643791,4.70913700279434,40.7760520418003,16.6067871508284,10.9840871789759,484.472160592934,57.3374890909258,4.90124699318838,41.27700504291,16.8008265226701,11.0775647034344,494.71002020399,58.6956415117354,4.66671596531745,41.1826668365507,17.0123880680544,10.7006139174936,473.290824293318,54.51248106392,5.16452609138363,40.6154441295054,17.7720556169024,10.3949851370019,437.730522631296,47.9792397678024,5.90406542601009
195,41.013962849223,16.6674964623575,11.1304345494216,496.43522308337,59.0838945867063,4.37770059565629,40.8067010782004,16.6047177220713,10.9352965365619,485.295724102361,57.2127755096629,4.61552063992261,41.3201063012743,16.8215690647145,11.0590024785711,498.02162502653,59.0083223886294,4.40202890336951,41.2516679982368,17.0107604543999,10.625686927586,473.391866090844,54.4269265365254,4.83562830077224,40.7363505281389,17.6553146479902,10.3845525287429,442.36848433934,48.4780538919442,5.53339754966772
196,40.9651550883267,16.7098422558091,11.110608989435,493.880494826839,58.9640138437196,4.42711919163593,40.7616539097979,16.6411555370314,10.9369751971889,483.244210002635,57.2401383376743,4.68636690901378,41.2147599504826,16.8431282114939,11.0409359211054,494.131154170379,58.8017598609177,4.39464215094624,41.1920521063463,16.9722050627366,10.612750225615,473.065435806834,54.6064550610971,4.81892811645551,40.7928235048791,17.6858715193591,10.3620357597692,438.306616162705,48.0739407571367,5.55984725237136
197,40.9537555519521,16.6434744699519,11.1419229085358,495.519213348222,59.5968666239843,4.16679240645438,40.7454217993953,16.6032769531096,10.9733097344206,484.364930030262,57.7334789751059,4.42188621865138,41.2743496614814,16.8202582028553,11.083080923419,495.745688576377,59.2932297704978,4.23245159630423,41.1850983731772,16.9804868041687,10.6381812689162,472.032843591147,54.7014792414387,4.66813384198331,40.7326306923257,17.7583475459096,10.332247797436,439.715455617103,48.5339680362126,5.29929617043626
198,40.9428238319695,16.6851379273992,11.1259342976415,496.025325725972,59.1733788857756,4.36988275938179,40.6820760827517,16.6359688387828,10.9764241589915,485.624157362202,57.4067574373768,4.68401532429338,41.2162846864327,16.846084541095,11.0969324791632,495.638079394076,58.7398478400849,4.43262901960246,41.1124276265115,17.0552361749098,10.6144285793596,470.192567698086,53.7874869036752,5.03955095012661,40.6854127722673,17.7143930791605,10.3696977398948,437.442720188402,47.7277054603871,5.61499051114464
199,40.9312000473854,16.6016643709034,11.1033726254787,495.424929707764,59.3282726743642,4.42864297371433,40.7325858065725,16.6029440092251,10.9390529628707,483.869652097016,57.3881569943005,4.70846439835864,41.2536224097924,16.8367703457726,11.0541680056972,495.480786210501,59.0484416107333,4.41813513188694,41.1450771444433,17.0235858562706,10.6129560743476,471.413375005744,54.3812313731877,4.99504580595769,40.6414936221019,17.7530605181852,10.3510518591937,438.806306351235,48.2349665517916,5.59213934932739
200,40.9827953279476,16.6483921323972,11.1509672796964,495.506376813673,59.0495634863392,4.60997389271531,40.766600715933,16.5652868741506,10.9837533676987,487.46409176073,57.7524947005654,4.76528881768619,41.2272337561288,16.789549879253,11.0747088951959,494.052316905258,58.5936964675656,4.62963087902865,41.1883343980319,17.041025913231,10.5907343199955,470.942903249944,54.0179036350256,5.15693161579662,40.7460400858952,17.6569234849391,10.3887179992062,442.137575446054,48.6649299407373,5.67620524535813
201,41.0278771570845,16.6271131815743,11.1336781246622,499.121567551698,59.3405407619058,4.32370389643713,40.800490086308,16.572728513313,10.9713774763297,488.228286989654,57.5733794384136,4.59321850258892,41.2017691755314,16.8579854295761,11.0636952621892,494.70986705659,58.3985516382939,4.49914119619466,41.1784204915629,17.0289176237677,10.6510076848989,473.888198641361,54.3777178153587,4.88314326954054,40.8050520606752,17.7152936367204,10.3784672377768,443.117709289883,48.6614086385174,5.55319051043528
202,40.9333680849566,16.6173840337701,11.1041592478504,493.947566797732,58.8998558574507,4.52409674208591,40.7549147918014,16.5529341796385,10.9261536358437,485.395790468884,57.5714456632555,4.61277647626288,41.2331188318361,16.768375251162,11.0191629931795,493.593758467393,58.5407697987264,4.4631280209285,41.212035999209,17.0103407001244,10.6075365705129,471.310713594953,54.1266351931029,5.00194626485706,40.7216064032457,17.7607974664146,10.3501270434871,438.183921993053,47.9212379949967,5.68788989596097
203,40.9727930200227,16.6476059067051,11.1191986579439,496.428017505397,59.2099844115706,4.51025294875256,40.7437759788574,16.5802741973531,10.944281192638,485.609597013128,57.4608543910553,4.69327460373752,41.2217233956215,16.7287529211838,11.0554131891738,496.598048199657,59.054370539406,4.46707664507968,41.1600535193608,17.0028915491812,10.5978845560442,473.743161331175,54.5579454215601,5.04358639355007,40.5735712250157,17.7596011122999,10.3629562752695,438.264236642146,48.0847346121318,5.77558694110487
204,41.0103355117847,16.6756101626351,11.1084908174428,495.05773925094,59.0201491494429,4.23557301712364,40.8119767944028,16.617260745573,10.9433837737459,484.689553891115,57.2645748574292,4.45639653522522,41.2243777769928,16.8092543018796,11.0513635831251,493.443947681837,58.492966805473,4.29997615866072,41.209877318806,17.0286466758169,10.609927144089,473.03113410392,54.4339031207321,4.70215608909626,40.6681471494871,17.7842397467203,10.3702744446032,437.755128039618,47.8256569317667,5.41702887610787
205,40.9931001030995,16.6717480282272,11.1257141555074,496.848349625566,59.4047790328811,4.59455684575183,40.7457459186228,16.589182787281,10.9539717346991,485.238942298228,57.5292515045066,4.88936583301081,41.2695256079764,16.7589790300785,11.0324617776397,496.738732179494,59.1057800746498,4.60966008106864,41.1340389665207,16.9753845302023,10.6099867777976,471.301974506483,54.3601944979659,5.17207694408006,40.6381871074036,17.7170503696253,10.2915594973582,439.597385635627,48.2892210837325,5.90404840026404
206,40.9549947368083,16.7060442591705,11.2023683990375,495.310138717853,59.1622035190589,4.82443748943145,40.7048148930194,16.5811784749961,11.0254585681352,486.564944937798,57.8058365365854,4.95982213162178,41.231780417312,16.7846331860753,11.1321511697117,495.460874776497,58.9831156949556,4.78985718857946,41.1460034625155,16.9736013871115,10.69543133228,472.956317320295,54.6105786745962,5.27932226628048,40.7108227134078,17.7603615014251,10.3967454320859,439.562917016233,48.2590660960431,6.0004169277566
207,40.9943795742657,16.627539792167,11.1519216964353,497.858126383736,59.2402594530297,4.36672322154495,40.75566503698,16.6086796749345,10.9533696225152,485.479989825495,57.2335004671375,4.66004843586923,41.1996120009891,16.7733377952153,11.0823395206063,494.786192865878,58.543553395758,4.45831239581465,41.1612805284454,17.0439713314194,10.6166717889267,469.875022154088,53.7772759008069,4.96905861304016,40.6921210844812,17.7144913139789,10.3716039741085,440.205951927463,48.0419363788371,5.57213364643927
208,41.0172654632593,16.6231570037732,11.1975907883412,498.684705787651,59.4497737996045,4.39879775456193,40.7159007305809,16.5727267834692,10.9853753508264,484.266492982781,57.0383854801572,4.77817441359549,41.2416651643351,16.7654112071239,11.0619450220671,495.246837539567,58.623506442035,4.52047153244416,41.1385700762244,16.9773261332727,10.633847681565,471.882275534784,54.0838488949102,5.07174434100984,40.7422661800607,17.7550047437126,10.3105890238349,438.528743465315,47.8039375740756,5.75074503269518
209,40.9957480615712,16.6461260967245,11.0798687018427,494.559954881239,59.0142036421698,4.4437453890802,40.8070870613318,16.6465171596498,10.9081508724186,482.138539680869,56.866985448015,4.76160710755375,41.2117379937438,16.8107108299923,11.0076778066649,494.679062609682,58.6666581077211,4.53679287761577,41.1117995081822,17.0041088531393,10.6320575689285,470.672712666336,54.1063523764925,5.05758414414708,40.6550802337454,17.7450263512555,10.3547548547019,438.372481706052,47.9699698130343,5.70283929677774
210,40.921256191897,16.6608986258698,11.0873737539066,493.299077426512,58.8724835414801,4.33960396232069,40.7591927777195,16.6046798461893,10.894997738471,483.418604251539,57.1828683249907,4.58669690409139,41.2977047650561,16.8165465089578,11.0513462087945,494.117750796238,58.6494065225802,4.32895778016955,41.1512511844564,17.0576393604129,10.5733561813084,468.324173687638,53.7315495979941,4.89055825233596,40.6171464540774,17.761539497773,10.2874471089791,436.226996097931,47.6809117034394,5.53271365035561
211,40.8563808212551,16.7258313693276,11.063122291986,490.562272860195,58.2706742599313,4.72181174916244,40.6274893579311,16.6015166266395,10.9052183222095,481.887361927176,56.931286686581,4.85741589760916,41.1989666009681,16.8273759227718,11.0263737385351,491.985873352777,58.2283184165953,4.62827460331035,41.04525624868,17.0750115364237,10.6164106850723,467.845510958086,53.588357490245,5.20967157019347,40.6233610580574,17.7846270013651,10.2998739676593,435.484776055526,47.5347334795507,5.87833209261154
212,40.9381286684253,16.7764825468526,11.1252824484451,491.601791778572,58.6522131476686,4.51628620715586,40.7811581543256,16.6248693997951,10.9480599883755,483.623951683257,57.4123654061809,4.67693650221591,41.261968377968,16.8132028980561,11.0880614133132,493.878454547658,58.7968042242601,4.42608783543974,41.1201422270444,17.0003035768358,10.6048047446555,470.724108638872,54.2463088773594,4.94950765694615,40.5925039902742,17.7937446802857,10.3192235491025,435.268423597583,47.6986206211545,5.70765308911411
213,40.9988684497294,16.6535498533083,11.1464517373765,496.958519441282,59.2346490103279,4.68858169994844,40.7946327579918,16.6399633515406,10.933464738416,484.454040714621,57.1012566361925,5.0609144756553,41.3057002555408,16.8163920964479,11.079526881068,497.339680274324,59.0113505017447,4.70508550226315,41.2475139901138,16.9969097805288,10.6126514636078,474.263624630243,54.4872897284092,5.33452349931927,40.7092965951658,17.7267848044896,10.2963486687107,439.71840767709,48.0820901833263,6.1223091585178
214,40.9845631527346,16.6610457667696,11.1518713630488,496.01953948817,59.4835469252387,4.27722960693262,40.7018112135438,16.6367539034342,10.9472766947826,482.921440432311,57.3604481355626,4.63957961149239,41.1947822199493,16.7923164050607,11.0600565247446,492.110758050556,58.6064257121354,4.35627179235256,41.0147984086627,17.0421364441027,10.6015443168351,469.400823953148,54.1923867254621,4.91803066629878,40.7029095287832,17.7193444398294,10.3151685823562,438.877054309445,48.2730282437537,5.5370159049696
215,40.9799399638817,16.6535954374084,11.134547418498,496.661287268856,59.2592631249742,4.57026693217194,40.8057769520614,16.5503196901455,10.9962964393317,489.156783591546,58.0744893343386,4.71329221527557,41.2738425526333,16.7711001307047,11.1035646338742,499.427776631844,59.3809258211278,4.53077075981055,41.1462191859751,16.9991115729895,10.6591950329285,472.318623151711,54.3523968176516,5.16135593266123,40.725740830228,17.7211766365413,10.3847787766096,441.907835384227,48.7047472656742,5.70523994598378
216,40.8834323404113,16.7381514230945,11.1171713232307,492.268793971979,58.3714888796932,4.44044587661486,40.7465705551261,16.6332702654791,10.9399375845515,483.666416783207,56.9045194905801,4.630918949651,41.317509490498,16.7875914003982,11.1029066595219,498.440478544797,59.1122012345376,4.24929980866786,41.1924227882081,16.9940332849365,10.6280490280251,472.468387393916,54.2110412392044,4.78110265167635,40.6943237478609,17.6632567063252,10.3851982785883,438.816569001243,47.9260275903099,5.46882446653733
217,40.9374889531654,16.6546211366766,11.1404659201149,496.112034036881,59.1521971921779,4.47782639701107,40.7576737972396,16.5671601402697,10.9917657790046,487.052182353721,57.6389579821103,4.67773841694481,41.2255797942915,16.7595204391253,11.1001975324139,496.213452009528,58.8146427576038,4.50579221248228,41.1279396627841,16.9490837046763,10.6548148213126,473.178029883422,54.4819872601348,4.92204089192496,40.6659014423396,17.7812961728237,10.3597352455253,437.544302101369,47.8726285561916,5.72409262976077
218,40.9145322259326,16.6708637820785,11.0638337536671,494.919374669829,58.9040909293651,4.58253899457348,40.8233054861392,16.5549679682842,10.9173175985096,487.159352407628,57.6212738906774,4.78664311291003,41.2693919892276,16.7767755670896,11.0508326037169,497.766837395038,59.0755016972716,4.52862927810444,41.1590993130159,17.0077144009301,10.5777879788407,473.710612340773,54.5727440480443,5.07592039037874,40.6891835437725,17.6681261970628,10.3440109702753,440.221322092963,48.2186221715736,5.79323541199201
219,40.9229348080954,16.6339433472592,11.1308338541124,494.433224413918,58.9801656043021,4.46544974225219,40.7714513389729,16.5653446647461,11.0195560658095,486.21092628678,57.6050895514387,4.66671341502404,41.3286125949015,16.7677915209683,11.0713950362127,496.29453705869,59.0066561395433,4.37996497481181,41.1785144404743,17.0229148920838,10.5996375831451,469.664651398016,53.9367887602161,5.00941191591709,40.718483785165,17.7390391606448,10.342684301413,440.260806179282,48.304872098017,5.60081633456523
220,40.9083065830496,16.6718068009264,11.1394069290964,496.31990052592,59.3466698910419,4.49855129219142,40.7591408493713,16.6139544117013,10.9592223339155,485.702031817777,57.5577425349084,4.74121928193311,41.1924750370341,16.8399106362382,11.070585560504,494.983899772125,58.7298101716893,4.53601055962205,41.1575312961265,17.0760667555213,10.6519233808139,471.310034745045,54.1918102755072,5.0443140815223,40.6068690756149,17.7669005289262,10.4209894771978,437.861039252208,47.9487705830686,5.78192492943191
221,41.0051234938978,16.6386781194496,11.1896460377425,499.303973500983,59.2939694359448,4.26137104453095,40.8692395979224,16.5361648012063,10.9910273797857,489.45441459202,57.6909280242437,4.39060804004273,41.2619723964066,16.7454173393316,11.1235295022127,499.479031472816,59.1319675554712,4.22196411075663,41.1811035803262,17.0029350398123,10.6637549611166,474.299017289751,54.3985238083695,4.7297795411907,40.6412906065466,17.6755909210628,10.3418508491366,441.512148588342,48.2401609425759,5.36934805315303
222,40.9649105680361,16.6061446191027,11.1618006482563,496.218211811598,59.521502251471,4.28133846178021,40.6515668991709,16.5955455822872,10.9402902454009,480.659906848229,56.979293774825,4.70089969010868,41.243989387848,16.7932029217438,11.002850743391,492.210997192081,58.5211185527172,4.46400307610779,41.1351514331429,17.0455635301012,10.6092365535841,469.827057181954,54.2096843353379,4.90911935229708,40.5778021525297,17.7444519279143,10.3323576241335,436.064495600924,47.9128586905336,5.56098909361783
223,40.9966294802271,16.7043563098825,11.1553142446096,496.811863823326,59.298960141878,4.53796248374316,40.7827550407645,16.5845050881923,10.9668814433283,485.69626778492,57.545288198322,4.76697791817962,41.3104683659819,16.7983299090048,11.1139894666789,499.691315153,59.5568855069721,4.48698377931368,41.2050556465476,17.0190391651355,10.6046284315399,472.404917606401,54.4352917786376,5.05476459785972,40.7422683518485,17.7424584354142,10.3377009352199,438.822397758884,48.0995253321964,5.82526217151943
224,41.0074466620555,16.6886671574711,11.1274176561034,494.658131497426,59.1036616370091,4.50735211344643,40.7698163662625,16.6620617707524,10.9416708762586,482.085588997554,57.0171608414189,4.82855759016417,41.2983446897167,16.8589176853559,11.0345268254422,493.843282237952,58.6834834060258,4.51785763625214,41.2051567332074,17.0361407598567,10.657591947945,470.852629810424,54.1485496653939,5.0606875702001,40.7072188963638,17.7621049670687,10.3316163017553,439.075832389159,48.0522034242317,5.78921127008099
225,40.9621178480681,16.6426172205806,11.1441200573385,498.597387306611,59.7563518551847,4.17363941971894,40.7181392687909,16.6045309309381,10.9452851123467,485.271215435375,57.538626831664,4.49167051589717,41.204752229774,16.8211895876523,11.0216990842857,493.113725747881,58.5322197611144,4.35330341659144,41.082026419013,17.0384227318924,10.649363567185,470.696913049323,54.3284330005678,4.77323228459784,40.6678795799744,17.7041977511164,10.3385404729113,439.673453628561,48.3883023676229,5.33112030959926
226,41.0520919540013,16.5398826404153,11.1744647541415,501.63606176103,59.9155772049246,4.27982619047678,40.7894140646233,16.5503325488316,10.9814024755737,489.588478041278,58.0237069002419,4.46069784243143,41.3450551640453,16.6991986218667,11.1265913491687,501.104320033541,59.598004632555,4.24726161157356,41.2537061317157,16.9506655629354,10.6300391806316,475.434970548124,54.6175939200309,4.84109660738367,40.7486064151509,17.666823962385,10.4144490811792,444.623280805635,48.9667137996067,5.40785947208869
227,40.9356225800582,16.6876656630529,11.2256497000837,499.200835513183,59.7136251584912,4.72205272369638,40.7117166909992,16.6489027563658,10.9796876006373,485.578731625082,57.4830636960553,5.00454551529079,41.1938239715374,16.802518689556,11.1090611483506,495.937565172278,58.8754673812343,4.87682462388516,41.2059494048054,17.0805548427801,10.6597014069337,473.29984133885,54.4615566082427,5.35034718363481,40.6912906405236,17.7383101635449,10.3957583564438,441.067701100553,48.4381123046527,6.07035659580233
228,41.0127485827615,16.6378820322768,11.1596881013922,495.946355708713,58.9042391608901,4.61886226095331,40.7961565442621,16.6226218861016,10.9351960293602,482.590945606165,56.7061130791848,4.91529214903408,41.3086918096891,16.7242835444452,11.0978330722541,498.641789136028,59.0858727569562,4.51570977732619,41.1553901107471,17.0055698594052,10.6235709309507,472.117426917759,54.1156470094278,5.14275838493552,40.6961610163655,17.7357000808141,10.3100171238217,438.156889041864,47.7460655308127,5.7824507527254
229,40.9328158216568,16.6863310507255,11.1387995539285,495.159174983516,58.975197283098,4.43781002389566,40.7163731572435,16.6297933548256,10.9595901005566,485.103768483162,57.3873611323567,4.63277803871278,41.1779354441775,16.8089653198438,11.0895190167878,495.918640389612,58.8699533521106,4.39585172249301,41.1785465847168,17.0601002244638,10.6098894042896,469.793519778523,53.9776418936996,4.96070224827438,40.6348417633903,17.735293968322,10.3105515842031,436.545261187491,47.7740204117598,5.59448246835125
230,41.0023894268583,16.570349706043,11.1980302445517,500.306795219281,59.6298871862495,4.45238528180946,40.7586080865978,16.5283727069169,11.0123828700088,487.07268122159,57.4281555846586,4.75257000283675,41.2709302106409,16.7670365914993,11.103394354763,496.367952608433,58.6378257026964,4.53941206741772,41.2148905926993,16.9803465763312,10.6744377556963,475.979510556239,54.5877195785822,5.00140732257698,40.6906430150175,17.7282479870985,10.3922587818203,441.068462752484,48.2227999129085,5.72337168686128
231,41.0303750932187,16.620976107925,11.1499089253263,498.499675850566,59.4739770077785,4.53725782072697,40.7369638377892,16.6452350597143,10.9704472997925,484.713971082906,57.2876912362676,4.88026268458432,41.2108261318681,16.7973337898219,11.0440188698121,494.739226654193,58.5887492562766,4.63820287205876,41.22064047499,17.0748559976086,10.6083487867518,469.689268279777,53.7154340478496,5.26321548120603,40.7944778282476,17.719987500281,10.3489471363526,442.596878629608,48.4716434693978,5.8144953200002
232,40.9858103609133,16.6135449300809,11.1767388222052,497.559525624203,59.5032085313248,4.49796042784014,40.7367771441167,16.615177636315,10.9407424569781,483.671313237846,57.2739839079381,4.83939459389455,41.252133493418,16.7864904550009,11.0837079931529,495.513283592412,58.9172920237318,4.53812565648637,41.2072582370744,16.9965107097976,10.6266720352543,474.152888896411,54.6110526572863,5.06199286692392,40.6861158959289,17.705384992535,10.3434675728307,439.326464247973,48.1825655409444,5.82766108837308
233,41.042296486765,16.6176216711007,11.1061907619802,497.241850068514,59.5812333659988,4.63589657765442,40.7449904668763,16.5543895855263,10.9701709732022,486.464865417678,57.8894383638478,4.84489625664906,41.3294767855195,16.7867020625564,11.0367488049676,496.673656798991,59.1436044710696,4.65130706174078,41.2039210025292,17.0189277993998,10.580544761282,469.912690783742,54.041273066965,5.34102055631338,40.7359945455335,17.7354828868723,10.2829813755731,437.971494301722,48.0741689517091,5.95039508026993
234,40.993447467317,16.6370307861856,11.1468544396849,498.444171655649,59.4216430238517,4.47759183232227,40.7446198891373,16.6863946027354,10.9166845815944,484.800793027103,57.273127960504,4.66955338546069,41.1891972794956,16.8317797351848,11.0570066106892,495.592878942684,58.7264291688795,4.51303803498812,41.1629796164943,17.0425067959048,10.621301217147,470.005572892978,53.8333600095912,5.06870785692641,40.6851078737633,17.7259186050565,10.3910921397382,438.621623093892,48.0074399796901,5.73006512183815
235,40.9403954516834,16.6778954562313,11.1578281984927,495.633376556789,59.1715769043037,4.49537393689258,40.7357677221805,16.6556037322331,10.9541944064677,482.677620532253,56.9795190535092,4.80183035040409,41.2972409314093,16.7874085624474,11.048766714706,494.990604145029,58.7277194864239,4.45317042380049,41.1781869176179,17.0107300254956,10.6033683608051,470.522731045416,54.10846602647,4.99453608201073,40.6848835159877,17.7423316778253,10.3289092087511,437.386073104209,47.9124354386252,5.65403783593198
236,40.9367794297894,16.6408761394351,11.0958953860691,495.170827665196,59.3144300273553,4.33813254183874,40.7182372764654,16.6016258225426,10.933666377656,483.746448281049,57.457410427309,4.64520903776995,41.2204664058959,16.7996311017492,11.0272464699634,494.465883231468,58.9361997786764,4.38267124585381,41.2073033853416,16.99281697318,10.6100053375197,473.147743441994,54.6755356551211,4.86165738687692,40.6135910732369,17.7136314572945,10.2810930267253,438.346016192233,48.1032461672809,5.64174459572964
237,41.0081057949368,16.6280427981672,11.2042797112363,500.395972537427,59.6901902278509,4.16368846701656,40.7477104472758,16.6048270849922,10.9840638885409,486.602539437001,57.4956926513451,4.4297039895543,41.2976411020544,16.7724270527597,11.0726004676435,497.522627879579,58.9548697655815,4.21863241064203,41.2458699526579,16.9853134579121,10.5873214530756,472.991457101166,54.3001955935074,4.65374802550134,40.7616520304747,17.7210014483469,10.3469490624946,439.965105084436,48.2002629621453,5.35283047332853
238,41.011927869914,16.6193850746488,11.1538415734022,498.193094915181,59.5920073598328,4.27758609319531,40.8073455839717,16.5721758258328,10.9734900372451,486.534489825462,57.6551451486096,4.53659939924561,41.3317064867688,16.7789035336195,11.0466683645653,495.150693647519,58.7016421381821,4.38883557999238,41.1675759705393,17.0290218891572,10.6318248570175,471.178585599367,54.0891243315785,4.98545320085643,40.7062857263849,17.7201384000066,10.4172525447994,440.143697051357,48.2630799391695,5.55657195153743
239,41.0712784157921,16.6684678104847,11.1652751677544,500.214854526258,59.6581605572387,4.3661144049743,40.8049163664871,16.6817533810233,10.9986133392887,486.934793581642,57.5054942808673,4.67407437940093,41.3462440962899,16.8655149475641,11.0562667616436,497.371673390992,58.8486071603627,4.47117610794199,41.1872971730051,17.0398805477635,10.6582578047158,471.631886751716,54.0463044118439,5.01434096380724,40.8301126187132,17.7180987297478,10.3482909301149,440.636276143284,48.180344573309,5.70159936807604
240,41.0997685519813,16.5855874454944,11.1342094686293,499.637972708253,59.8520833127972,4.41619100361262,40.8251246249099,16.5759297712885,10.95792327654,486.851257640634,57.7849196545236,4.69671511597673,41.210306180446,16.7496084966122,11.0647256690415,497.279259887212,59.2714458660691,4.45671780385244,41.1863645855415,17.0244546202486,10.6295402873369,471.906683704872,54.4531864665619,5.00217200759859,40.70254445106,17.7622202817578,10.3263782323506,439.651902567168,48.3039658585306,5.72547015755257
241,41.0229845048944,16.6400190459463,11.098723750063,495.318325940417,58.9942142838425,4.62686327867529,40.7580183158503,16.5947828251757,10.9285547883732,484.344612506264,57.2933552711278,4.84376501287954,41.2432970707284,16.7707845978266,11.0430634235506,495.8811016853,58.7706351699705,4.64021992989276,41.14333433024,17.0738547833672,10.6180100565019,468.673211065539,53.6943845843009,5.23129901322709,40.5801906107871,17.8255921711095,10.3598086629425,435.707492042754,47.4908362937619,5.94696949093435
242,40.9815832900813,16.5916375208508,11.1818270734861,499.69607903301,59.6720854242408,4.24470368418895,40.7407797261565,16.6079954788812,10.9587091523659,485.457915165291,57.2974153314101,4.60168628125354,41.2295145739491,16.8231421471442,11.0621794858409,495.665989421768,58.7147983425458,4.33139461392308,41.2195093165091,17.0258070899351,10.6331495484734,474.192443431584,54.5230116967915,4.81985270140654,40.6825418122804,17.733431696528,10.3293602682754,439.322436472026,47.999540655079,5.56056818618699
243,41.1095564299037,16.5688800236067,11.1630884144362,501.13626646567,59.9787989097695,4.3313417009975,40.8015252975809,16.5451514538914,10.9627488189927,486.678785784549,57.6894874359828,4.71157358871734,41.3764110146255,16.7013429396521,11.0934537123189,498.377126278078,59.2764734931363,4.43116726768958,41.2721349503047,16.9476204203711,10.6124325132914,473.002156853719,54.4097973104953,5.05901058005802,40.7418071815667,17.6341297434773,10.3563845740225,441.927829313666,48.6599716447774,5.66267983477614
244,40.9949933297146,16.5696968626515,11.1272647486622,498.671964343768,59.516055982992,4.57539901226869,40.8089493468569,16.5254139964302,11.0178815077986,492.001695684479,58.5720310713681,4.69421748206128,41.2395012590252,16.7731755758863,11.0652426425024,497.853675604894,59.1648028985728,4.61219116220245,41.1945290121075,16.9933986342639,10.6220639033185,473.390962682334,54.6462112676775,5.08837215592525,40.722255455091,17.7220540467746,10.3867244735637,439.928951419702,48.3758804895517,5.8590408970321
245,40.9453193800488,16.6768911435904,11.1110810831301,497.005967941412,59.3115477585112,4.23528878274086,40.7643196609895,16.5809777622794,10.9099946801473,484.927305118067,57.3701833921268,4.52911875749276,41.2762861296578,16.8029659037848,11.0497749483061,496.80954931514,58.8696804167772,4.25266464583671,41.2264030665744,16.9993055194984,10.6109292746812,473.708414797457,54.4838705130656,4.76370671488427,40.6258320735776,17.7515356020881,10.3702637663852,438.677963270922,48.177185143427,5.47220990763827
246,40.9529759753165,16.6264620544634,11.146773066535,497.948347514805,59.5818887063341,4.1026307605876,40.7102033699566,16.6648472158396,10.9740160543844,484.197621551773,57.2767723686436,4.49016095121733,41.1955749985272,16.8649100122289,11.0871442643881,493.992038571067,58.643250625435,4.25735329795958,41.11725839825,17.0605017771538,10.6434012590846,471.708990893634,54.1812374437589,4.69812664970263,40.698206454438,17.7231454667129,10.364085458704,440.596458363567,48.3940256155873,5.27666192894201
247,40.9693563000441,16.7091758044222,11.1152274861566,495.886468042839,59.0495487261175,4.23813026919551,40.7629750741679,16.5894625024176,10.9477682601075,486.966742968844,57.6320737878291,4.4415477727891,41.2388538705143,16.8576542003941,11.0313197193857,494.389293129371,58.5594958474911,4.28125034787818,41.1273387309378,16.979040636884,10.5865658183391,470.591113085443,53.9015389837523,4.83473058429335,40.6897462556499,17.7245871739344,10.288279059902,437.962753934872,47.7284245690786,5.44286744347594
248,40.8576160555257,16.629303109388,11.1253871836518,495.492996194728,59.3526445272662,4.29482362508607,40.7096713603089,16.5787517189168,11.0001744336309,487.031322166327,57.9295185879773,4.53360139360929,41.2794790836935,16.7449558990838,11.0936183643663,499.784094670317,59.750371045083,4.22743753446571,41.1064441163354,17.0404235872945,10.6055517471016,472.184816979899,54.4555841845591,4.8179100104767,40.6773821048993,17.7068440701017,10.3294260294036,439.989070030523,48.3962831695879,5.41727824132313
249,40.9549218977638,16.6140567398686,11.2258735242171,498.967646094584,59.7262976313093,4.27036552212067,40.775097494439,16.5639958180932,11.085312556218,488.917925080771,58.1180356807061,4.49310247420603,41.3710124448806,16.7613324231215,11.1675595192714,499.685436229091,59.4916621455605,4.27137202626914,41.1023493952261,16.9836642751872,10.7073372981226,471.990202245248,54.3287083704691,4.90750205744556,40.6930083754835,17.6996716808991,10.38912413553,441.465705486438,48.59479999078,5.47855463583039
250,40.9252107868503,16.6737286268255,11.1420168177094,496.631337046124,59.2397908683149,4.42174533518245,40.7655733445832,16.6318945454469,10.9509980834961,485.846261821816,57.4846413839764,4.66072571800967,41.2359717396979,16.7614540802494,11.0603657441812,497.143017096785,59.0630349521074,4.44503608500508,41.1500618534422,16.9910035149615,10.6426357835703,473.121351923216,54.4954677241938,4.90816379666665,40.6136537870746,17.7436664495599,10.3471419366139,437.758766915591,47.9394965451206,5.62439853529824
251,40.9656472038443,16.6425720795549,11.2082873049403,497.945119597227,59.4814093974145,4.42869917599094,40.8379508045808,16.5263299105463,11.0725761372816,488.595277489117,57.8540844041444,4.6674199319199,41.257198613023,16.7866643623596,11.1231589153172,495.064429440153,58.5527843748913,4.58840283649431,41.1708329475841,16.9896917903721,10.6460765067648,473.400785870739,54.3787151965847,5.06035368307766,40.6961427812699,17.7119830287585,10.3968874268324,441.498870922172,48.541993620152,5.71125329052022
252,40.9166068129442,16.6578932206735,11.1550316222469,497.793319810236,59.4509025651059,4.29977098385061,40.7162489370779,16.6264804706712,10.9713321933854,485.395018819644,57.4311218897157,4.53280102302727,41.1854501211749,16.8149810243724,11.07366026477,494.657070773576,58.6700634368137,4.37030655796322,41.1254813338244,17.0516130355166,10.6349785401724,469.514888098982,53.7932070765969,4.94002267468088,40.6842590632558,17.7269983427266,10.4077334743723,439.690952416471,48.1355436076759,5.51166751796759
253,40.9294857006266,16.6354024912437,11.1576309698928,495.48526948352,59.0851668085088,4.59272643677134,40.7282440243482,16.5634121122578,10.9679891318493,485.522628941321,57.4381597715833,4.72701766007952,41.3271979990603,16.7938492770323,11.0761937764387,497.213454236588,59.0402185587793,4.4348626527954,41.1567036569091,16.99226571326,10.6502142328489,472.647981860017,54.4206470470038,4.9808260764416,40.6715147957513,17.769338385768,10.3330861553963,437.917136156853,48.0371895196765,5.61372942015378
254,40.9410148665675,16.582703109579,11.1554677203353,498.642596585246,59.3847802775807,4.48368715820332,40.677487039584,16.5849076054317,10.9876370697343,486.68620085809,57.4801952728847,4.72869464987159,41.1693359977318,16.7409128815454,11.0440655791722,495.597816813754,58.5683020578471,4.62106759966885,41.1134308763846,16.9685931426312,10.6463077369213,472.6881425158,54.2844349227026,5.05868168572201,40.7498169120654,17.6349891180633,10.4007280214338,442.719873982879,48.6935114831726,5.65360751602616
255,40.947633686268,16.6870015341406,11.1130791543568,495.085721208997,59.043682919792,4.62279503261127,40.733295612001,16.5733903319835,10.9570851909715,485.365463670213,57.5043858486697,4.77083745709903,41.2401483155511,16.7638427040866,11.0507484119241,496.355972853791,59.1133497049171,4.50174061954854,41.1502498203678,17.0200683995523,10.6189430037434,471.197492219413,54.2490438224148,5.07603952874372,40.5292731764046,17.793849611796,10.2963534444182,434.617829683431,47.5468723842795,5.93134207878112
256,41.0088496167783,16.6597568893684,11.1474854619947,496.673202755273,59.4387301877249,4.42045436247547,40.7543234638412,16.5747206641072,10.9675465765902,485.646157026638,57.5605485617342,4.69691640143532,41.2539817252607,16.8221081932608,11.1094171851604,494.035421758417,58.6309532916253,4.51918908232299,41.2256272376875,16.9679367792404,10.7024804097187,474.655792694366,54.7743271237804,4.93161041525531,40.6830648313915,17.7463632810548,10.3651434837046,439.154989327341,48.0512838297362,5.75699798482203
257,40.978044907389,16.68454826489,11.2129665779618,498.969710132868,59.5306642671515,4.39495132916433,40.7378268009672,16.6741818655284,11.0109689434195,484.565912892009,57.1386083911246,4.75152593284595,41.2626177994924,16.8375854656793,11.1309806862231,496.240520169087,58.8132724298863,4.42112358580395,41.1107443205591,17.0968509614795,10.6521883905478,469.023418172834,53.6217326815608,5.09147330709076,40.6711825039722,17.7221209978766,10.3833289359863,439.533372306157,48.0490072601763,5.69749318455246
258,41.0815104857586,16.6893742225636,11.2042838240234,498.13262096527,59.4779908786154,4.43228343509236,40.7821575123106,16.5897820206954,11.0044264828766,485.328989495301,57.4247960726573,4.72286264816329,41.2844065247391,16.8836355575853,11.0670487038256,494.550892629428,58.5144167149834,4.56129485977049,41.2415270660107,16.9904573225732,10.6555282437469,474.502962578739,54.6941124681595,4.99641941070597,40.6481625819249,17.7597968285779,10.3271488719949,437.850411742754,47.9075596098868,5.65598798063376
259,41.0259753421798,16.5786492233369,11.1337433172582,498.032199948112,59.4695949335969,4.52951597079447,40.7322125489886,16.5593456513877,10.9590887467724,484.084364751749,57.1555882117566,4.9178829044281,41.3124014309612,16.7903183155496,11.1127441029634,496.387434396493,58.9351426636306,4.56820861441958,41.1794845828782,16.9862854814654,10.5834861875117,471.038570212986,54.262223937192,5.07224076683077,40.6986869346987,17.6747990482217,10.3473731343487,440.207486422589,48.265574666086,5.72220814987097
260,40.9507946591967,16.6918182664932,11.1055028430266,495.639422260195,59.0161303794283,4.5418843581834,40.694840197344,16.6064543744739,10.9514920731844,484.530456506704,57.2358854372035,4.82919966210505,41.1986670443006,16.8050954539579,11.0665116311568,493.838032051914,58.4768763982542,4.60324201790578,41.0925692768197,17.0356660372763,10.5732193560608,468.6194183209,53.6582456769473,5.23107054360681,40.5988586313554,17.7455007667635,10.3578432915658,439.660933898789,48.1649239032466,5.76960943865289
261,40.9480097612401,16.6383106887881,11.1305127012037,497.484246618445,59.4185715529569,4.49696613651945,40.6868733415007,16.5902529932855,10.9427768300149,485.222992597269,57.4132296689572,4.75231503875728,41.2839341643503,16.8136000334478,11.0025553684291,494.46071952409,58.5708857463072,4.56088276853932,41.179228151727,17.0014927133634,10.6262324627456,473.980470918095,54.5935182112893,5.01509502276952,40.7033296768851,17.6826445543703,10.4077490922148,440.733551218282,48.3563670353357,5.66954480491445
262,40.9188576967724,16.6536698040178,11.1652406291699,495.154395627052,58.9406568806394,4.67482786451536,40.721273999373,16.6175428197811,10.9710566378809,483.242897906962,56.9493204402513,4.97393431113938,41.2547909787567,16.8177314456071,11.0872151023642,497.080545583476,58.9557938473016,4.60789445001454,41.2198118548084,17.0507636543417,10.6427145153115,472.597497629399,54.1129284006671,5.19632454624488,40.6992152055744,17.6599528143938,10.4021893380703,443.693713099027,48.7445629012787,5.77968328788347
263,40.9601236771458,16.628922311666,11.0978550250185,495.54581541161,59.1571571189139,4.44398236628309,40.7545765869282,16.5489843214502,10.9314173470917,484.284661360036,57.2980820267952,4.75077964027954,41.2753270727521,16.859967953279,11.0595147805235,494.12949702357,58.6250505332189,4.44216822275932,41.0726640354375,17.0491008978025,10.5856216217847,469.072259688968,53.8434233899429,5.04709957077082,40.7079469453596,17.7637399309049,10.3288468863658,438.42217523993,48.086904737676,5.56719038037305
264,41.014655918599,16.6220018600611,11.1273378376729,499.166156010225,59.5938768669279,4.64295655000911,40.7224724934345,16.5265338030231,10.9175343696929,487.765991992509,57.8081568692304,4.81782202088489,41.3400913429198,16.7633942240616,11.0401588850659,497.042036802551,59.0175999325738,4.63301859883434,41.2192949427996,16.972811168385,10.6383108147069,475.80674934471,54.8163579774662,5.12194762092354,40.8104439589793,17.7643705790191,10.3529193346039,442.231403781204,48.5747873475725,5.83338946071448
265,40.8541486932706,16.6793920777214,11.1036949452198,493.504647815582,58.6061013398087,4.97373032044971,40.6685536396967,16.616844270649,10.9262042620953,483.685890578152,57.0025151630573,5.12135905304842,41.203093971769,16.7813371758903,11.0751013526412,495.825882883147,58.6819464015755,4.89598734641982,41.1540677390901,17.0072510357811,10.6426887437389,472.089200304594,54.0818570025335,5.43699159530389,40.6987888757468,17.707609053187,10.3465372092572,440.204450849635,48.2271050878803,6.07316163234652
266,40.9816897852569,16.6092662009165,11.1606101912681,498.240027813176,59.3338010518283,4.40087935073662,40.7355669970609,16.6115090692295,10.9414658070786,484.758491204609,57.2114721421038,4.66747726168775,41.2793884671053,16.7394862034276,11.0900598979398,497.261436732566,58.8288035295903,4.44280074685954,41.168270647622,16.9739053632724,10.6324857485426,472.422478912453,54.2046763944788,4.94819872248019,40.698240940054,17.7035281023227,10.3144951677381,440.052309584762,48.0461459013047,5.58249614113534
267,40.964596152772,16.6577451106393,11.1597965761519,495.554936614707,58.9620004238221,4.52238429970052,40.7376746956325,16.5806709001967,10.992331421441,487.349063919029,57.7081573208085,4.62531913895028,41.328908945685,16.7441738411956,11.0791561187535,497.692862300221,58.9164309069857,4.46849188608856,41.2187153834382,16.9450001598743,10.6240802945859,475.321362166817,54.6246577962595,5.02167933239886,40.7233355136337,17.6842634629408,10.3507781431983,440.398846856556,48.3107446262382,5.7110327565801
268,40.9686771726732,16.6742301518103,11.1714917964493,497.902761740824,59.3344973177446,4.47706058791979,40.7668936204708,16.6002617551499,10.9574731129866,486.305545551591,57.4405967625394,4.70568144581676,41.3725391448559,16.7767458952214,11.0729032428806,499.078796905828,59.1668468744319,4.4594837866546,41.1952578025714,17.04751272088,10.6677258343896,474.461296274365,54.5818344483366,4.9162896154471,40.6807581540839,17.6726950459246,10.3418210951431,440.515063222524,48.345863900725,5.67378585252934
269,40.893323094985,16.7022822460467,11.1002848630272,493.567474819553,58.671139067051,4.48553421205118,40.704877014109,16.6286050175299,10.9336185927154,482.452104723842,56.809031202859,4.72968844485846,41.1411807167183,16.8627747340334,11.0283112683621,491.322869702157,58.1243566875615,4.46589909201845,41.068742923498,17.0609160569782,10.6326900409559,471.3707243999,54.1153618657354,4.93881562364104,40.6557769696232,17.7639688150774,10.3458047079214,437.950559720202,47.8758509110045,5.57837314655369
270,40.9934910058725,16.5729357317494,11.148415576031,497.664685967344,59.4967793157569,4.3053437408255,40.8110987214998,16.5774737150763,10.9747205397371,488.266148433865,57.9607077885908,4.45463881438279,41.2345214733597,16.8496298581967,11.0891093127028,493.805369217319,58.61209433843,4.34771867034887,41.1661649247861,17.0245818851967,10.6535135928352,471.272434076776,54.1278194615347,4.94222201128256,40.6843582273185,17.7073207342453,10.4016706243465,440.970944289435,48.2750691817712,5.5746371231356
271,40.9213879854126,16.6350812849845,11.1165789623122,493.836803715903,58.8260385633943,4.5639610394182,40.7095546116339,16.6293064748717,10.9614230479736,484.036054106047,57.2825425747093,4.77167022521976,41.2227730337282,16.8405322292567,11.0873768507137,494.659698474785,58.7416949978263,4.49098711877052,41.2228977032413,17.0416334472881,10.5877120138859,472.346432252184,54.4472380650572,4.98448057411329,40.7541583456796,17.742600606584,10.3469972208877,440.307900888891,48.3613386266417,5.64096788583645
272,41.0269158890062,16.5959551768295,11.1810123481044,499.248534235535,59.4745940891896,4.43390296710243,40.7714484059364,16.5681555832457,10.9943167735459,486.871595019291,57.4538220413479,4.73019932544663,41.2922235335073,16.7840100742507,11.1319821615153,497.880273700019,58.9980814013413,4.43287670566567,41.1970723302212,16.9890400467689,10.649612657765,472.929712906928,54.2467454720821,4.93972655172455,40.6328704311425,17.7280903710976,10.3549519567868,439.520160804412,48.1600784130488,5.63599286917254
273,40.9754799203438,16.66568466724,11.1259460346392,495.442663362129,59.4005588562593,4.39736403391624,40.759445054688,16.5868864983996,10.9452728318523,483.530534544594,57.4051128612631,4.68975529173865,41.1884750486755,16.804996466392,11.0443151858633,492.227222117893,58.6117520727113,4.51439468538358,41.1481397542373,17.0358950943602,10.5907696899417,468.763467271461,54.0841754429831,5.00917506626329,40.6153666009352,17.7667296153699,10.3245855327837,436.403481751183,47.812302184071,5.76979018307531
274,40.9621284461766,16.6668398877284,11.1061849733098,494.454248176482,58.7037181944852,4.60086291099364,40.7621920329507,16.5367858821749,10.9655667844932,485.785390916947,57.2477422837242,4.81514676211504,41.2480360796436,16.7847888548126,11.0637407852298,495.142144599709,58.6485692932555,4.56494686751305,41.2024108802387,17.0000551557024,10.6471472290652,472.623116849334,54.1591760327259,5.12993829025696,40.7211362701491,17.7268307978166,10.3706666634097,437.572158775184,47.6411206546761,5.83832670482877
275,40.9548043154339,16.637727258134,11.1326654005879,496.933201440524,59.2162971927257,4.29586896247636,40.6915956726878,16.5740316228995,10.9684188620621,485.850152611435,57.565852838154,4.51742427495758,41.2542535115469,16.7488224740464,11.0921840044907,498.960057096208,59.4369639594556,4.18027186838505,41.1286431537967,16.9701387030517,10.6121998862388,471.891153330416,54.2267927907911,4.83332853809072,40.6582137208151,17.7384701298886,10.3900739449037,439.950123165725,48.2830057955396,5.46734997983202
276,41.0099877906772,16.6839910878035,11.1050190626225,494.351221226061,58.9459263458862,4.73763618924581,40.789245154453,16.7162498370022,10.9378301165494,482.631168188911,56.958093934828,5.0891225880934,41.323268308171,16.862857029632,11.0676944009763,495.197213466489,58.826671995463,4.73180862175238,41.2633721824302,16.9669068319308,10.6575829400174,472.517024040661,54.3233097743677,5.29274037005562,40.6623050800416,17.7319917993599,10.3439915148361,437.372261444022,47.8341265867709,6.04530961494799
277,40.9756632545683,16.6614560955755,11.1317028320181,495.705275744865,59.1746257828181,4.25781453923391,40.7002210383695,16.6001608760997,10.9536996753797,482.768104573852,57.0679755677793,4.54561197953427,41.2111401798484,16.7951510584083,11.0455201908823,493.895738123092,58.6320402408349,4.27988487944001,41.0546436890295,17.058406981927,10.6008064021574,468.214581070275,53.6984165726099,4.84894651288916,40.6267151321616,17.7958031140446,10.3116004761958,435.744118416738,47.5985342070185,5.45223011318657
278,41.0497772924579,16.6531321443432,11.1799169582908,497.806995465009,59.4785165884845,4.27406259804276,40.8057472851061,16.5784431068484,10.989876396602,485.930602148698,57.5489391384912,4.52113168296905,41.2817865977037,16.8257058940593,11.0725355967853,494.650992509516,58.57774358557,4.41123422069803,41.2248736257769,16.97799653375,10.6537533426347,475.058873061316,54.8044688925885,4.72672577582351,40.7188512695263,17.6714693572438,10.3148865143891,439.13948041865,47.9710161395194,5.6071045015377
279,40.9535884181464,16.6354624076044,11.1916738055017,499.055971368329,59.752531851407,4.31964077128952,40.7229776688406,16.5835266094798,11.0009899062669,486.539524696747,57.7251725184905,4.62565296623902,41.1975624222391,16.7747757423357,11.1149342828462,495.075136289868,58.7717594863016,4.48752317657716,41.1966659070456,17.0164086501049,10.5939685239323,471.645781852928,54.3107215637315,4.90910216496442,40.6642831857763,17.6945364204856,10.3325132186812,439.264867576147,48.295386656178,5.48916762395082
280,40.9203908189421,16.6900183597982,11.065442751842,492.706154119718,58.8901079471312,4.37627387843365,40.5780421714117,16.6831691708752,10.8889700609849,478.694400522438,56.568675182823,4.80033982179045,41.1939106092142,16.8763034808545,11.0214648984277,489.9046330518,58.0297218282444,4.6004189421978,41.0006459981162,17.0967606252847,10.5540326263784,465.634751264679,53.4068467055093,5.10855095729572,40.6632852168697,17.7914344922102,10.2449097344643,433.459739732507,47.3093030308695,5.70598234175267
281,41.0242171196131,16.6344538477274,11.1462812643801,497.85475544582,59.3203404367392,4.5069169771479,40.7703102797912,16.6041038947871,10.9799368461052,487.967871237646,57.7604245710954,4.66555656905808,41.2534149146303,16.7915179160403,11.0559031486912,495.961519017379,58.7469636151636,4.51818795049586,41.2137300725392,16.9620372662219,10.6366861750075,474.923814704417,54.7184666502166,4.90886529901231,40.675719786461,17.7249233942433,10.4239326415059,441.035207026955,48.5566149067518,5.57410915434328
282,40.9229461172263,16.6449572546313,11.1701243806132,497.437904365453,59.2123952764053,4.69588710123117,40.7208604461596,16.6072998565831,10.9368689264222,486.106532987312,57.403366717728,4.86029844440592,41.3112184197562,16.7675995127523,11.1118532102057,498.035214003995,59.0192070576611,4.64768125303717,41.1495374697836,16.9888151587326,10.6657873630687,475.60707946057,54.6785164129108,5.1688425649567,40.6971603616155,17.7443789289507,10.3620577787046,441.453156269247,48.4471971314958,5.8464844756049
283,41.0373611509808,16.5964725821052,11.1552962790159,500.033779920262,59.7126712841223,4.40208695044875,40.7967391859288,16.4836844567052,10.9741687965254,489.455450191196,58.0546996899925,4.58829610212016,41.2994218381373,16.7408952807852,11.0791626366284,497.447375626004,58.9952177666185,4.45267341565977,41.2673343842026,16.9844384065662,10.6634969954723,475.946355679887,54.9323246800944,4.85274475017741,40.7329785063413,17.6657558013651,10.4056118884995,441.194644195479,48.4030360007289,5.59615395479114
284,40.9642057031798,16.6225663361175,11.1063599992611,498.06567434789,59.3273632105056,4.59841455155551,40.8054726551364,16.57497292033,10.9402454537548,486.162753454653,57.3770790221985,4.92718041926853,41.2930231949103,16.7297560474012,11.0726128076454,499.851985920318,59.2427695510539,4.61343216081781,41.2080719355823,16.9505704558585,10.6054953084327,474.423542143317,54.3908039394518,5.19277238499331,40.7389844613504,17.6527115279704,10.3605975598188,442.180982810673,48.3781220831117,5.91094110636593
285,40.9745675434635,16.6164161586088,11.1705848901116,497.548522014932,59.4063913604538,4.60502245099922,40.772863594877,16.6090885087647,10.9761363951044,486.196726736236,57.5066835425515,4.90742473088885,41.2277168247171,16.721666530404,11.1322712461138,498.617732443436,59.3730312078089,4.58233448188374,41.2146585633769,16.9707972229045,10.6445271625166,473.860977324333,54.5474910653926,5.23341057743726,40.7877150946858,17.7040065567172,10.4191094402116,443.665673084487,48.9902225777185,5.78952697487387
286,41.0482410087277,16.6264675694287,11.202233993996,499.697943615343,59.68429676067,4.19083399565405,40.8131850739191,16.6131448319654,10.9982065161723,487.712967937879,57.6813183741249,4.47333075807543,41.2664250927395,16.8060921111966,11.1010910967063,497.792236532061,59.1559352732438,4.1989103038923,41.2091106761329,16.9988703461103,10.6730793356909,474.641727912267,54.5224797055477,4.73609911979664,40.6653540647048,17.7651294812367,10.3269786389134,438.284728838674,47.818138478539,5.4528115037516
287,41.0458700712809,16.6485463517493,11.1464677519303,498.931160375845,59.4325394098025,4.57995451068159,40.8089982910923,16.5948119321388,10.9376209794592,487.835418926705,57.6384047423206,4.73973386584382,41.3450502731121,16.7887745121899,11.0720302760223,500.444897838192,59.4228400520945,4.53800554023736,41.2596133043234,16.9821945753056,10.6659521932241,476.174293308428,54.9065514672952,4.99313336512678,40.6784468846998,17.7159677821162,10.4018836542638,440.838561532853,48.4445034856815,5.71644110595582
288,40.9594927224233,16.6564432433785,11.1109224253439,497.164635724927,59.4184472817614,4.35102797950213,40.780732100859,16.5939744574583,10.9566497619772,487.856488560268,57.9104078913653,4.57875112814229,41.1815385687116,16.8252277289426,11.0101537813673,493.925808531478,58.623678045972,4.48503886469401,41.1394660474376,16.9806100906987,10.5990598616515,472.045818281496,54.399200632662,4.95772750520345,40.6939260269172,17.682865629324,10.4101915388223,440.502520857053,48.4639369031404,5.61713870865432
289,40.9641356255262,16.6389453042293,11.1393545168261,498.523617178286,59.4728868720193,4.56525094247023,40.7523671564105,16.5838157260723,10.9652473689546,483.836575474617,57.0006563948825,4.97069360730487,41.2682839723204,16.7994090210748,11.0738288217398,497.698510816736,59.0141145733331,4.57079847313288,41.189943724354,17.0691607543569,10.6590359128151,472.545377710036,54.2696113478508,5.12445739258731,40.6789446626659,17.7131530802637,10.3996603455119,439.869893869121,48.1400936569574,5.83215393032793
290,41.0058612567178,16.6136559850249,11.1277343717083,495.55601019045,59.1069724115584,4.69673608610359,40.8232429893685,16.5939016904518,10.9646796119527,485.54057749259,57.5799403666611,4.78717747227023,41.2729085502251,16.8223382211131,11.079647918243,495.136781567582,58.8600446896585,4.62579703061956,41.1170776140662,17.0490776444575,10.6220051407847,469.549185231555,54.0916399312073,5.20589107118318,40.7127140184407,17.7746856617362,10.3458210837613,438.50044300172,48.0894147231867,5.93087220376203
291,40.9960972909168,16.6899211097589,11.1330012425051,497.919973188822,59.2091721013199,4.6055488730191,40.8434203027296,16.5596645533104,10.9763696065352,489.846990418366,57.9203208122186,4.73087578941197,41.3555582688951,16.7925380590056,11.1058693399636,500.773108198124,59.4396449360303,4.4956688556539,41.1991248331073,17.0520251878234,10.6400008621074,472.033546326268,54.0782069992645,5.15783048881285,40.6903339423364,17.6947237650373,10.3885202004551,441.367482584116,48.5255051061617,5.71791610631676
292,40.8935382935756,16.5667092268745,11.1473648381683,496.627946954975,59.5922122158539,4.44351902617926,40.8073310596183,16.5652442930547,10.9806294755653,486.782457797485,57.9053533065898,4.64820843978453,41.2518934974387,16.7363947479203,11.0833000555589,495.438664479925,59.0453694326356,4.48183821564826,41.0813579221545,17.0097461165647,10.6210290183352,468.956837565412,54.002964322984,5.0827358340901,40.6290495066235,17.7441966375886,10.3828517464554,439.083566571702,48.3262378065594,5.7145342160069
293,41.0030543119039,16.680703384638,11.1454473429156,497.221707462506,59.2548122827654,4.46295914803712,40.7495286436229,16.5602128228585,10.9459143831947,485.564478392125,57.3720611570681,4.68925468414625,41.1949665883619,16.758690774087,11.0949603850277,498.091046913498,59.1532694348023,4.45844537264927,41.1698435408402,17.0187073490151,10.6076923515303,470.986600654425,53.9527853239535,5.03228276842561,40.6508470799702,17.7364336685044,10.3070285077076,439.587144612445,48.2316960359162,5.59539743436959
294,41.0491936893242,16.6131080383182,11.1318569397839,495.83022340729,59.0969740231652,4.44870588662889,40.8732425598435,16.6120510887323,10.9420875310153,485.449601243911,57.3181792995348,4.65451172814883,41.238413693245,16.7368979826668,11.0875665465036,495.721532592919,58.894851435825,4.45225713616294,41.2009184375907,16.986992867799,10.6321152198732,473.53999479376,54.4424689623383,4.97359965950163,40.7260461576932,17.7120098727531,10.355417749671,440.974422214136,48.2033559482679,5.60960863607639
295,40.9390679239523,16.6417960753727,11.1344827429284,494.019553250339,58.9021868040722,4.77154022416657,40.7283731156772,16.606943031546,10.9771041323693,483.89577595692,57.2558091589319,4.93539564141821,41.3057176977855,16.7985908413367,11.1109158007061,496.830189051762,59.1262682254443,4.59744316863284,41.1489231925306,16.9936434357293,10.6748601520532,472.661270647266,54.3648279103806,5.17017397003777,40.6569450339954,17.7058297803829,10.4142022601374,440.298037774265,48.2634135290348,5.9004349077772
296,40.9043487904155,16.6348090206556,11.1126955839251,495.766283412576,59.1906854008289,4.6306641811395,40.715120894433,16.6000614777851,10.8547657328866,480.556057784857,56.674404104249,4.96748747401955,41.2175856312458,16.8343918417834,11.013353365604,492.796672958848,58.2901918011434,4.81610735001539,41.1057806052626,17.0728374887461,10.5518878640149,466.813234747629,53.4034185978316,5.36113066905019,40.6770666748512,17.7647256527721,10.2872462337278,436.484901267162,47.5391578580939,6.00655115821399
297,40.9492166747045,16.6006760495622,11.1528587335656,497.432851918935,59.6162244092178,4.67967691715811,40.6737257477635,16.6434102334371,10.9629770437005,484.588802898779,57.5937647176137,4.99092224647315,41.1816851521589,16.8894761013609,11.0607929608076,492.80805459064,58.5426766287302,4.82678378501367,41.1087923004498,17.035254339014,10.6444271665521,473.425026221767,54.6584665724712,5.32649978914472,40.6319657489721,17.7768626966517,10.3411056955184,438.305151670627,48.0431999687327,6.07636443627099
298,40.9790464238341,16.6923794953506,11.1589512847469,495.491717963545,59.1195388123942,4.50526017995091,40.785715213645,16.5988893760834,10.9938178588668,485.751310799386,57.5294004827767,4.6952856865664,41.3653643863827,16.7907743649877,11.0821847381568,498.077037611756,59.2309524543275,4.40702597096535,41.1729980627972,17.073084740907,10.642742301448,471.677292795806,54.1460500620386,4.99564903663276,40.7229725801144,17.7756264621848,10.3166913944085,438.664021019736,47.9815286272745,5.68404422499162
299,40.9844057812191,16.7138932706035,11.1602582904332,496.706979475534,58.9842990853634,4.49557759802529,40.8336258418268,16.653214452813,10.9910833096396,486.3761208279,57.1791880768075,4.73716577999369,41.311002771463,16.8374302429787,11.1153568921396,494.582627952614,58.2906122765918,4.55142568134309,41.2158218211374,17.0401380465789,10.6470638503042,470.822370337434,53.7789034558642,5.01252663446961,40.7434480182551,17.713166847638,10.3473868477964,438.946830547251,47.8310861524983,5.68155850153189
300,41.0499158401863,16.6205097572854,11.117276943867,499.445456979214,59.5060809578274,4.57136174038705,40.6600147907552,16.5960818338577,10.9478119027819,484.896998221289,57.2084170856734,4.94471308008818,41.192588510124,16.8207530401324,11.0697641684139,493.983551365252,58.4279827286339,4.71359989531388,41.0892991936088,17.0247519102184,10.6105549247234,472.123404931922,54.1771606868706,5.19223100378188,40.7578029010723,17.702155487237,10.3895731003279,441.095562134205,48.2671618190256,5.81071626131227
301,40.9334647666645,16.5771272269193,11.1514885741732,498.330408243685,59.6132911097061,4.38455642114813,40.7063948668387,16.5197673037497,10.9456257746884,485.592215504024,57.5516291461351,4.67890111313679,41.2304340955676,16.7775670455722,11.0491849267485,494.712280125655,58.6740682274186,4.46760121107793,41.1490793632711,16.9758541029172,10.5837996566703,469.630058287261,53.8679616270866,5.06152871426187,40.7239393356649,17.6630235656059,10.3271835504261,439.722676487448,48.1983428430436,5.65913627172139
302,40.9599415718229,16.7479643367791,11.1174583183623,494.568330851119,58.9187408140835,4.30663817360123,40.7244350077034,16.630178761787,10.9212717398509,483.547355680984,57.1502331095489,4.5037593063943,41.2236284884578,16.9351421228661,11.0208244982237,492.473349936896,58.2085739577835,4.40687595165099,41.1747306362232,17.0975349344179,10.6216044258396,470.358286575427,54.001350719566,4.80247790750657,40.6606989733698,17.78646725295,10.2837281822547,436.76730265172,47.5182678872325,5.51387093451598
303,41.0344611990554,16.6431224907053,11.1019856239119,498.219576213871,59.5291337361762,4.5730199002419,40.7460626195381,16.548384384107,10.9466319647775,485.983693333579,57.5850397388972,4.86844510389315,41.2676052418353,16.7576842972048,11.0258048768418,495.284590220268,58.7890876872901,4.64389883718962,41.2004654254957,16.938165287319,10.5809392921355,473.546982068993,54.540251017433,5.14215127120833,40.6805178419437,17.7408683676337,10.333974257949,438.162413342342,47.9636916634579,5.8479059913777
304,40.962244720955,16.6666787775055,11.123842215019,496.701997304266,59.5344680346309,4.41975686235967,40.7369816024067,16.6327634494898,10.9291180117652,484.971407934823,57.5577358133985,4.59355653073358,41.2052447805624,16.7871050285121,11.0311353762435,495.326132821817,58.9469779975843,4.47884050659208,41.1101311798795,17.0126422197968,10.599330325661,470.583339657651,54.2140173547517,4.9954475514272,40.6753211757732,17.7714207134276,10.2911756383526,437.49546815705,47.908946112887,5.68685640694682
305,40.9082046276929,16.690515572593,11.155116501725,492.834147685036,58.7263539832045,4.83856796036879,40.7802602115177,16.6433379021911,10.9947717742394,485.455206389089,57.4918763398382,4.98172834296905,41.1908897533871,16.8367017516287,11.0957185417894,493.885164129085,58.5860301063603,4.79773044330644,41.1018590739153,17.0592888009931,10.6133638414069,467.563696701392,53.3932544932838,5.47727068245705,40.6771192060528,17.7468496587799,10.3842741973516,438.766343499911,48.0960362950056,6.08772842801943
306,40.976856969433,16.6868255060035,11.1223945347451,495.006801164279,58.966335024247,4.51444995991039,40.7471428466647,16.6110725761358,10.9626161265287,486.211145648601,57.5593847652858,4.72650969337448,41.3128644465792,16.7722291152287,11.0769884512061,495.99756904732,58.8378384657147,4.53000556804483,41.187008215766,17.0297065708135,10.6166285799557,470.106435987851,53.9022826817666,5.06552111628229,40.6306009698301,17.7263467151312,10.3329643898362,438.244699061914,47.878483665407,5.69526650271224
307,40.9345043020783,16.6072415390142,11.1651189026071,498.126991717655,59.8287129604458,4.13152862440122,40.7049804214002,16.5747035162974,10.9344016689043,483.322161320983,57.3351411837449,4.4528840642071,41.2987030362732,16.7881141822128,11.0764453209547,498.258145351956,59.5260997630956,4.09487741533647,41.2256929112157,16.9991884484605,10.6495332825203,473.226347033511,54.6950631126938,4.68320890395058,40.7364981393814,17.6915241169284,10.3719934351394,440.493586628362,48.6056714271551,5.32599995405149
308,40.9269532638918,16.6551241807112,11.1717781073529,495.326598194193,59.0345521222478,4.17960660157557,40.8069392593244,16.5970701873358,11.0001575447227,484.464745813446,57.1770821621965,4.38625308907782,41.2962072203557,16.7770968497609,11.0959352557233,496.615261052557,58.9137005033017,4.15968248096266,41.1451715636517,17.0553986645855,10.6561629101164,470.831178269885,54.0958687793082,4.67676626379528,40.7348874740823,17.7615272217578,10.3528290079111,437.032560373556,47.7263201273284,5.33987038177779
309,41.0719596764339,16.6376914646529,11.1661327886407,499.624458516408,59.5269124975058,4.63669086891041,40.7512994675167,16.5842752224271,10.9666198812906,485.161235523035,57.2647947773487,4.9824498310385,41.3583541060328,16.8467059811554,11.0889280096905,497.189449601831,58.8586988148311,4.70885312494076,41.2882996454899,16.9552297966112,10.6522844614693,475.238185530871,54.7746573501401,5.14458348298616,40.6208820228863,17.7382494251626,10.3653024614241,439.077807722676,48.0965513893234,5.98373764349186
310,40.8881446063542,16.6209747572118,11.1748144577412,495.595073538397,59.3573080920175,4.50618397474677,40.7204619123889,16.5363884775291,10.9653964585112,483.553294602159,57.2366237033625,4.85295042946265,41.2476772099041,16.8147358067876,11.1062459408498,495.966733514582,59.0593179023141,4.52573065959638,41.1551609269046,17.0506444298997,10.6160474809589,469.586208389087,53.958855392133,5.22357078680068,40.6928270651357,17.6898881876759,10.3121926505598,439.064480509601,48.0801431038837,5.93754358846764
311,41.0046716813699,16.5363037817958,11.1683429128748,500.116754345048,59.7236100447927,4.1943419257045,40.7888126190126,16.5311378444208,10.9684740330572,486.937609363617,57.5335006546444,4.53021353323462,41.3221723883401,16.6904912446726,11.1039353775159,498.872225645121,59.199357073325,4.28840279335782,41.2759950424422,16.9248997070795,10.6230310496571,475.493733285853,54.5956399319969,4.8085162354525,40.6607204554274,17.6890853863267,10.3911004575363,441.032233120285,48.3587786127211,5.43830765587541
312,41.0582222150425,16.6017563412952,11.2016242850382,501.701020289216,59.8663069748424,4.40526437655434,40.7766552418156,16.5409784177953,10.9695005599422,488.507387652977,57.7923671542327,4.64525355029742,41.3200325992204,16.7158306358315,11.1088910390272,500.254737997117,59.5425007169284,4.346450469852,41.2239857156217,16.9899651107835,10.5938940733355,473.795619633426,54.4392306574868,5.01225982466529,40.6576167242305,17.6860027457047,10.3454039128281,439.751882125678,48.1998426326449,5.69505398273888
313,40.9384206145328,16.7244894254524,11.1175348605938,492.796864323851,58.8562898061262,4.65583275872793,40.7049540982169,16.6718693063668,10.9325342233865,480.959573895839,56.9041430917358,4.91374566670348,41.215831566785,16.8357779289348,11.0787685841522,493.398006224089,58.7070021259114,4.60711205731005,41.1945604663524,17.0472237864859,10.6613328083738,472.334012471259,54.5106056750469,5.12386929965836,40.643104029893,17.8136473092422,10.3370691051818,437.627887257487,48.120991607177,5.79149226517282
314,41.0352643681802,16.6853532172763,11.1133972223291,495.754657138856,59.0046522620028,4.71256608530642,40.8134430956819,16.5816855188184,10.9523628333782,485.913306359114,57.3542109440505,4.94959064307667,41.3716035669194,16.7565969688766,11.0900916349554,499.200858801627,59.2508531614093,4.64407998122281,41.1757171833132,16.9785857282756,10.6409094093878,473.076404964715,54.3784793702908,5.23280852588662,40.6827874173767,17.7766796853209,10.3780944219948,440.482624494355,48.2584590583116,5.93293331212297
315,41.0206202770806,16.5534484506606,11.1381974593961,498.065449591328,59.3475183151735,4.48962203146461,40.7825621424996,16.5564985385354,10.9875089979995,486.996547625713,57.5439022322043,4.7163292142361,41.2935297970341,16.6756341100933,11.0937665026899,500.683685941273,59.512151677831,4.41991511466305,41.1665547373505,16.9754716521691,10.6516150514787,475.465771504332,54.7674469299627,5.02768440484492,40.793978320731,17.6550619109605,10.3997822919563,444.277964645886,48.8679735995095,5.6357308092176
316,40.8824936490075,16.6753901683539,11.1648859768623,494.724184021213,59.3030593229363,4.25636192539446,40.6815375104231,16.5994843513291,11.0003795275286,484.253667108427,57.5140481723578,4.42495168818454,41.2429415145183,16.7870712579985,11.0926694443835,495.442982933736,59.0684061319939,4.22762535782045,41.1277989842249,16.9943310429049,10.6685078529598,473.284016230851,54.7136191312679,4.72348504349743,40.6562853497678,17.7433895095601,10.3942715715763,437.451324632997,48.1156923683714,5.43478751073021
317,40.9603022758983,16.7374523598748,11.1477529058404,493.762178767809,58.7880420958106,4.49326312469938,40.8136592374591,16.63958219323,10.951151902604,483.14838657631,57.0006766441628,4.73031995482787,41.2143533775031,16.8981217374738,11.0867110020582,490.800469483948,58.0546608115503,4.49649735896735,41.210747420426,17.0140883645221,10.5980127698477,471.254848872608,54.3573886135315,4.81152562890347,40.6867162437433,17.8019916078889,10.3189040766358,437.067634803842,47.7071878585751,5.62396107143989
318,40.9925065627278,16.6811579152236,11.1436375243239,497.155467891624,59.3367648068925,4.191549326218,40.6985838864611,16.5557978553241,10.9899142275182,486.199322746746,57.6275538840208,4.4118469521311,41.3177354392562,16.792097984909,11.0870620134662,498.8230249782,59.3406814846048,4.1520163183332,41.174991163722,17.0202653498717,10.6573100612122,473.268332670769,54.4606628294982,4.68499947443784,40.7090404027974,17.7317448851812,10.3581324628899,441.073989927724,48.4416853505268,5.31557452826173
319,41.0246326161969,16.6732764501327,11.134565541398,495.682838454518,58.9723015886736,4.69562455677961,40.8430991156375,16.6266205759141,10.9649587331875,485.242135147387,57.2057107184296,4.95079151617482,41.3220448529784,16.819715689156,11.0800579976745,496.552549142461,58.8023957703019,4.65608072850151,41.1828744377869,16.9872235844799,10.6648556310254,472.659519347041,54.2587331645623,5.29203404606399,40.7444040259243,17.6932140914043,10.4128345271381,441.713203899623,48.3919457546286,5.9788140309202
320,40.9763650978172,16.7526132643457,11.1202116852752,494.28994656384,58.923596336943,4.28549444995437,40.7705676627388,16.6479161103824,10.9424922616966,485.866289913328,57.5400589232545,4.38776898998548,41.2907003932068,16.8334553460433,11.1251417790215,497.627369808586,59.1582385091876,4.19441572864889,41.1209992837347,17.0252706226609,10.6316246397757,469.989986357212,53.9872478131692,4.77325545368813,40.6716263285705,17.7186222491122,10.33471151685,438.563069327195,48.0106736608656,5.34153476313587
321,40.9096772935835,16.7167148896362,11.0947616332102,490.429757670598,58.3935458434871,4.55644160004462,40.7067933635686,16.6307313215554,10.913960127263,481.943218435115,57.003570643005,4.72198019993654,41.241552402966,16.9022558274892,11.0427941179204,492.413215342261,58.4862755100753,4.43179748047975,41.0476834972629,17.053162072676,10.5989080196395,469.039221631753,53.8521380094654,4.9832697370534,40.6315286985692,17.790687915753,10.3105960116299,436.105813102973,47.7083950687668,5.61992923162179
322,40.8931925212902,16.6611087017374,11.0781316560894,493.720495865365,59.0047648509404,4.80430593324344,40.5945227241382,16.6853552742614,10.8861159766122,477.73997503139,56.3205817344919,5.22618105315234,41.2451923086064,16.8740653728635,11.0458222051267,493.704783383957,58.6836520338268,4.77093277502263,41.1821917883166,17.0032653355987,10.6623979689144,472.18174664748,54.4139806403309,5.3222147893059,40.7087816700012,17.7523564463683,10.4150863679743,437.909734282995,48.0411036340966,6.03858779810574
323,40.99458262692,16.6357082164125,11.1350589458572,497.198943312169,58.9584942249948,4.65436995903461,40.7482799969762,16.5563990172391,10.9970762271364,488.336879676806,57.5913377642646,4.88674161097414,41.3399518594408,16.7650700012557,11.0764065099641,498.277130260811,58.7765593507072,4.67380242764358,41.1534116829088,17.0110688557036,10.6104974300823,473.839130161533,54.238699803779,5.16672424016547,40.6702359025497,17.7200339388157,10.3560477895087,440.457053671035,48.1518450639136,5.90225062526873
324,41.0094944394517,16.6592947379116,11.181789466772,496.393774624451,59.3997990368404,4.47800091523972,40.7189969156335,16.582925968745,10.981295097604,484.968060847242,57.5448234455552,4.74798639000993,41.2331650123097,16.7881202665243,11.0808445002034,495.55736197113,59.1160661810342,4.4825081373242,41.1854659211414,16.9958641168439,10.6691413010702,473.217624477581,54.678751152714,4.96115520891809,40.725412994371,17.7117990245135,10.3649498767415,439.687534027828,48.2661679010815,5.6089398662884
325,40.9176481957211,16.6779608126154,11.158251859133,495.321364708027,59.0906351213038,4.46398035323989,40.6865297203045,16.6311978198405,10.9883126202616,483.467758389611,57.1780530003922,4.68487753737959,41.2190516462289,16.8114587825967,11.068164677346,495.187979408425,58.8946943273911,4.38473147293419,41.1395032628623,17.0625127680867,10.57229712467,469.243313976663,53.8504363889605,4.98592898777939,40.7684578936843,17.7703174446872,10.3254428540962,438.789906549426,47.9218800963069,5.6586607227558
326,40.9513466730104,16.6568691208222,11.1198346270221,496.825547950856,59.3098160308688,4.17272568083988,40.7079112348931,16.6162084356251,10.9440363233459,485.814529674523,57.5244107354156,4.41116487724494,41.2323725640946,16.8257280945005,11.0366759025155,496.803045729127,59.0019170591368,4.16080972129313,41.1117944098298,17.0219521744646,10.5919904156103,471.711009222197,54.1281495495674,4.75634060616473,40.6722476028477,17.7176725365753,10.2980156892037,440.296210501674,48.3643502135405,5.31588959196934
327,40.9909176490737,16.6136377397097,11.11346920826,497.592273485991,59.535312926351,4.42191606260547,40.759205553782,16.5980714667683,10.9185929833659,483.979024537577,57.2807483961539,4.76461984053837,41.2654149363707,16.8233668620517,11.0010570068461,492.996800054471,58.4177049382153,4.62006662075048,41.1229461133095,16.9939818468589,10.6488789071181,472.115795361661,54.3353286129324,5.01812070738144,40.6957515115416,17.7204804752001,10.3011923912337,440.502942302941,48.3976366057816,5.69064172285748
328,40.9351359084492,16.6327650538616,11.1770033289831,497.585746574898,59.5249890832208,4.60988689200045,40.7658554529164,16.5619133327449,10.9809819986039,486.5691756696,57.7094903590549,4.83048313842714,41.2363105056236,16.7816516328821,11.1153898743039,496.957286975382,59.1139413698904,4.63241419617623,41.185139307788,16.9695645342318,10.6338969243235,474.507595411618,54.7567106519637,5.10011624363489,40.6825100726535,17.6863075692532,10.3470315921777,441.298020400747,48.5050385952123,5.85507352114844
329,40.9121567388143,16.6651317890813,11.1173576942039,495.08703391092,59.0298692035952,4.6331437763214,40.7338281478902,16.6569010512201,10.9575878431117,483.743532157595,57.1493732854593,4.88760081653103,41.1953797932111,16.7734967744755,11.0508128580303,494.375180971945,58.7307747009537,4.5459770718002,41.142712557289,17.0748500566859,10.5878844303051,468.093121150501,53.6842948187734,5.14174740484162,40.7406390087355,17.8230306255636,10.396975026812,438.695201772838,48.0540118664073,5.68694202728937
330,40.9272873001258,16.6502499384842,11.1280951655828,495.240017222395,59.0389481614937,4.69306853290892,40.7178820814964,16.6258171316285,10.9384981485892,483.337388103033,57.0511595609985,4.94130669597215,41.2618430186254,16.8590082747201,11.0267624462941,493.614578254484,58.4666359719048,4.69801258964243,41.2293291050839,16.9823407415068,10.6661652641392,473.152468563775,54.4243193715489,5.11787684048281,40.65470651542,17.706526358707,10.3256505543158,438.107265851743,47.8188583082608,5.91983401008043
331,40.8669102221913,16.7162634909129,11.1226874826994,493.846497526072,58.9855353829629,4.6445424205681,40.7007161848365,16.5594853150255,11.0160770796143,485.995287345247,57.6963338720013,4.93103255409529,41.23423229798,16.8342216598855,11.0837568136783,494.584752216275,58.772181220092,4.73332807856254,41.0031640800536,17.0969338569709,10.6134065544817,467.258877393719,53.7175262631753,5.29660855776349,40.6318366754889,17.7507683924906,10.3268794521643,438.713718443469,48.2020876791168,5.8740935616482
332,40.9958204316517,16.6590429868902,11.1263017095323,494.085691692513,58.9712380591478,4.54174295805802,40.8429262557598,16.5822047406429,10.9834004449092,488.03325960176,57.9361012183894,4.6180386179269,41.3105498390823,16.7685782858736,11.1021737721357,497.497997284892,59.2784473613768,4.45049016262714,41.1828184037003,17.0785202921807,10.6242777285812,470.405687111228,54.0205936948169,5.13175190868386,40.6668024118611,17.7783780200076,10.3569257601228,437.112314974626,47.7369586438661,5.80552255759256
333,40.9842593669128,16.6563967945646,11.122934905763,494.227062315707,58.9030025822541,4.48697099654419,40.7312373391281,16.5755343310689,10.9735350545765,483.923585038115,57.2818458016042,4.70039300451876,41.1910771153718,16.7176726560727,11.1041125859853,498.285537794027,59.3791216436624,4.45131952577423,41.1342123317475,17.0618693426584,10.5538345348547,467.41928263061,53.6157057763496,5.09528140255299,40.712626965733,17.6721552581949,10.3131887597179,440.986074887709,48.6372513588882,5.60867283305728
334,40.9433626216639,16.6391073948894,11.0900355433426,494.908861910976,58.9596055445702,4.748395862482,40.7442266096098,16.6356739569952,10.8722194569545,481.156772898916,56.6839714411198,5.11809028466443,41.3469743082676,16.7364506658583,11.0431303787332,498.56078717857,59.192141138681,4.67035758151076,41.1724092408304,17.0206308346815,10.5934277241471,470.932188172103,54.0380866905649,5.32992591225976,40.7004451151996,17.6934497894469,10.3124197103891,438.355828259566,48.0530161047107,5.9076948320847
335,40.9547213264977,16.6742253071228,11.1367719369922,498.554524160417,59.5018042565392,4.46571799303758,40.7793679976899,16.6641122975794,10.9353191642021,485.615716885761,57.2590400665166,4.83809028541967,41.2747431516052,16.8465611376123,11.0246239808718,496.444217043224,58.8546224321984,4.52270261226278,41.1884178894534,17.0288696582801,10.6195863423533,473.228340239242,54.3962658358382,4.99670719671742,40.6272792907244,17.705046486643,10.3127413868501,438.826028651668,47.9769135041423,5.78363552497488
336,40.9417265240593,16.7043406427046,11.1290524571177,493.60951781698,59.0073504400263,4.65629720783799,40.6471405980176,16.657246037567,10.9591051230663,480.568776712231,56.8514704174268,4.98272534128495,41.3163166428669,16.8124401393328,11.0846767574508,494.87104864867,58.8416580355072,4.6190687056524,41.1368721327604,17.0015956163467,10.6604580672403,471.936121296854,54.4793732574117,5.10011143239247,40.6988546556783,17.7421378327221,10.382114659786,438.810729364041,48.1870399610621,5.82831980722592
337,40.9157289473118,16.5929075352129,11.1721588832889,497.861920011018,59.6623536390121,4.37653919603897,40.7029894160268,16.5928503755882,10.9701007826923,486.806271877552,57.7345533961433,4.66527639224331,41.3110274080152,16.7663461508876,11.0856495255212,499.894568893554,59.5906229857336,4.34697920047302,41.0985411287221,16.9553767859569,10.6409662776887,472.90855294022,54.457661208977,5.01463177071738,40.6601914806933,17.6644539261447,10.3492866775103,440.83037317925,48.6223999590618,5.62024714000857
338,40.9762256992912,16.5906121484203,11.1448537726037,496.87078003647,59.1830881684386,4.20263275167054,40.7706874161845,16.5228786950304,10.9687968039546,488.048885602808,57.7320071116741,4.4075672823605,41.2696721432157,16.8122582962699,11.0967271170136,498.028475468746,59.1083852210234,4.15764687219038,41.2045275566772,16.9792986004283,10.6311292722316,474.324581545018,54.4421150659717,4.76232355448985,40.7598800017091,17.7277723769083,10.3435434867042,442.325011368308,48.557349263526,5.32024539725575
339,40.8839693580412,16.7149396858952,11.1311872744337,493.919931003103,58.9370520892768,4.40215427337149,40.7046510602608,16.620403892691,10.9737198631409,483.46006857062,57.2081319718335,4.67763596817076,41.1335725963707,16.8244851432665,11.0696407084025,493.585368345237,58.6083216001811,4.45545455144311,41.1019227426339,17.0239086774011,10.6181801203795,469.736182351124,53.9659543244625,4.9777703269691,40.6350914032854,17.7513505921405,10.356939015907,437.757971396048,47.9408605252505,5.54870352972125
340,40.9410366827988,16.6431942124438,11.2059794644201,497.032659010067,59.3434058945398,4.62574196885806,40.6879780092678,16.6759153841209,10.9435203066668,481.481229284988,56.8022886630161,4.97117229346578,41.2529839237682,16.7819484400152,11.0663957875096,493.836924806556,58.5026993940783,4.73574422384223,41.1404725678309,17.0565366840531,10.6548063257299,470.375427028144,54.0618306786507,5.15758624947494,40.7562486482648,17.7230101472443,10.3673371794921,438.517869866911,48.0240597068615,5.8363912610406
341,40.9805689979428,16.7000840612922,11.1603644634705,493.833141419945,58.8481839292446,4.51135927957088,40.7656273184198,16.5980093131835,11.0175274617379,485.600120468026,57.4854770316596,4.68767901284499,41.3538619915927,16.7901061005376,11.1516078844778,497.594425303688,59.1470422942718,4.40422962293165,41.189603442754,17.0661535778004,10.654151242472,471.11744341376,54.1206052759619,5.02122440200299,40.7018530579157,17.75731664997,10.4080982352503,439.178206403807,48.1988783478591,5.63293192723986
342,40.9368147156729,16.6548661400736,11.1056638156988,496.392188941697,59.1859583087823,4.51469682703306,40.6923149131978,16.5419200035435,10.9440941472849,485.706750789041,57.4786885283488,4.77511894879929,41.3364162217723,16.770220500351,11.0727413961174,498.320460584753,59.2703670752669,4.43320124565551,41.1411925144198,17.0079585415029,10.6414166097015,472.645375854194,54.2882834328983,5.15861906366772,40.645781677172,17.7232076503572,10.3387783298411,439.364012125564,48.2283827083061,5.78304648723939
343,40.9741811385439,16.6414534887638,11.1427142640497,498.202328639956,59.5199190877972,4.65806336161342,40.7308784200079,16.5495569260783,10.9958185975595,486.833045373948,57.7042552987097,4.90731868213774,41.273568053294,16.7578611751784,11.079496997484,496.803783630122,58.9801020352567,4.64436003071364,41.1815566271175,16.951814113214,10.6591498070148,473.351584953131,54.4546414729071,5.16820278616681,40.6221067124404,17.6833657068195,10.3419425194927,438.833772681706,48.029559017229,5.9634891442938
344,41.0692902480032,16.6253868017729,11.1903444741316,499.482048469902,59.5758935250526,4.28379540681297,40.8111364396644,16.6351763933749,10.9593927294387,484.430689079206,57.0790319914969,4.6210199456631,41.3352331388325,16.8058784765618,11.0996728976217,496.007289288529,58.6346998107261,4.40074384786458,41.2440181389644,17.0509940927467,10.6480945709806,471.544254596555,54.0288869418943,4.93998094303361,40.8245275816732,17.746372888246,10.3570615135815,440.110773215641,48.1059018961146,5.52476339843709
345,40.9532628141163,16.671383160989,11.1226612905973,494.625493646058,58.9662025467997,4.76838982538813,40.7736446480755,16.6659353260125,10.956151172272,483.38648654032,57.0911688547867,5.00216914346998,41.2194004597623,16.833944982918,11.0402177896418,492.318766433365,58.3858048376988,4.76803806020839,41.1813206312858,17.0437998700291,10.6449586428477,469.815934457626,53.9021613365617,5.32842105877317,40.6703655430711,17.7107389734404,10.3960885997151,438.342443087962,47.7857040978989,6.07087110317861
346,40.9096269184401,16.6482776901246,11.1984952241397,496.893010750494,59.264331958716,4.34079733666354,40.7669376316706,16.5825838258763,10.9587342258888,484.414975041135,57.1658279349373,4.61657499321678,41.1661004010666,16.768687617038,11.0916041721885,497.372134592252,59.004718592987,4.33500927135638,41.136274261318,16.9803329815869,10.6310111848341,473.069664492249,54.4352529450068,4.86914488092622,40.6253762286175,17.7475188972233,10.381311863567,438.811605352658,47.9108861691161,5.53258493553573
347,41.0077525591654,16.6428332309334,11.1199651063321,498.565172652311,59.6321595701945,4.61804229389714,40.6706610210571,16.5934372092089,10.9375803209595,484.334980772772,57.3153810263919,4.94555806043709,41.1894689441561,16.8534698146139,11.0323864456528,494.511675909634,58.6547210209143,4.76514197409487,41.1566848893202,17.0247894690125,10.6177357411117,472.134859079824,54.3493155154431,5.1793943387284,40.5735569955656,17.7703122524219,10.3739892247062,437.053697466005,47.936937391084,5.91521970281594
348,41.02405862486,16.5725997109015,11.157972422561,499.46783224541,59.6383129365542,4.60650726368305,40.7783931882656,16.4306998487511,10.963551148319,490.114040982741,58.2078977769897,4.79577027072851,41.2516695583206,16.7427954174155,11.0748175324299,497.287109155597,59.0736678910004,4.60615247699109,41.23075857635,16.9331967779381,10.6405553452694,475.463783293828,54.8895410131666,5.11679218708357,40.71204273592,17.6799312926922,10.4274845143642,442.370319377489,48.6353153732159,5.8958674408261
349,40.973553287036,16.692029791577,11.1581207172926,496.361964632834,59.0335183904946,4.65575597173312,40.7206037841706,16.6266626123387,10.9603570144673,484.394537354277,57.0852749228409,4.89426627535933,41.2691575491116,16.7333735783665,11.0839218653443,496.588218252206,58.7588829768929,4.67314851503399,41.2340335117917,16.9777786089894,10.7239942250281,475.918311969728,54.8132656724597,5.06257132469112,40.7723988045152,17.7010887801729,10.3563152382537,440.810537114184,48.265412436234,5.80787955069922
350,40.932714841367,16.7215635724029,11.0925622267783,494.880069905076,58.981939699616,4.51839913862765,40.7101331250661,16.6822921137234,10.8924765913786,482.000955217584,56.8384807033224,4.8552544179432,41.2472211397038,16.8570197199082,11.0310138993403,495.215023791604,58.7439176440517,4.57877838497328,41.1305624823488,17.1052499122461,10.5607793097096,468.95104313498,53.7492991496143,5.10117286467587,40.6148840401935,17.7382389183431,10.2933677591705,437.869931316224,47.8553542363589,5.78930279326557
351,40.9583812220141,16.6294036833233,11.1323072025344,496.737383346021,59.4264810439305,4.2714919297227,40.7412224772303,16.6274642693402,10.9869568180096,485.329118247051,57.514927457737,4.5577128006261,41.2983445226583,16.7394308391649,11.0801377060853,498.27943934707,59.2784062899571,4.24323917401825,41.0913844719291,16.9801468205525,10.6369262338922,471.053518129597,54.2834466917793,4.87173199277724,40.6472287291033,17.7236013144043,10.3596204090448,437.351055079068,47.958376318665,5.52340411317243
352,40.9859932392248,16.6304847303248,11.178267422116,498.693683859293,59.5690481458765,4.25171323746039,40.7982992249477,16.6290414442033,10.9640032588837,485.750058528665,57.3765881117665,4.54991023022368,41.3019541258779,16.7621016448102,11.0423126878763,494.173898692602,58.4828606481163,4.3544901863018,41.1026028120262,17.0322513986788,10.5898776782858,470.754122748827,54.0768621230925,4.87985930872669,40.7423527901079,17.7617375359712,10.3668164343423,439.490314970126,48.0572744754778,5.47195363914594
353,40.9694800971417,16.6618601444506,11.1526648310521,497.93567407911,59.5537242212716,4.48944544466434,40.672615987715,16.6729698645278,10.9125822672249,481.12356076722,56.7515756173639,4.92788947492745,41.2260176145219,16.8270920944368,11.0601087352954,494.033903743461,58.6235729010506,4.58512002106016,41.069313185727,17.0694287832357,10.585921479318,469.774390000446,53.8457287681614,5.16448969508536,40.6751674259585,17.7224909963656,10.3288557771932,438.031737906524,47.843283501756,5.84206659167224
354,41.0155070274863,16.6120735434503,11.0987355645964,498.076393011967,59.5568560087187,4.64858921604836,40.7431679018704,16.5739567064899,10.9308666674713,486.627118709039,57.6896237404091,4.92651042526673,41.2880473320455,16.778819600563,11.0662632173284,496.887356609853,59.0431028164645,4.70724107805572,41.1465068532549,17.0116313430837,10.6102392284151,470.81266964606,54.1497049743694,5.28911701435725,40.6269337014846,17.6792559992768,10.3484887170801,440.737311442556,48.4845199936893,5.93815080504702
355,40.92475780732,16.6893161823279,11.1836832782642,495.816803333461,59.2115638688828,4.35902133407876,40.7058787340083,16.5925791585548,10.9942386263895,487.266682194487,57.8868840610174,4.5114350085691,41.2275379594695,16.7912797102353,11.0559759702461,496.626387062838,59.1075434493378,4.35667720193051,41.1757115726606,17.0069694677462,10.6405011422043,472.165900091869,54.2919773430106,4.91212265758263,40.64829505353,17.7202208692129,10.3787248923801,440.507899242403,48.5032655821868,5.45537443220548
356,41.0489743346684,16.5759623476881,11.1650468073863,498.489905502225,59.4434025747902,4.37863621432943,40.8471347138914,16.568172330715,11.0009302607973,488.681036847739,57.8324959153282,4.65150690590305,41.2993624605818,16.7972628041252,11.0644321333157,496.513946195331,58.8342458437316,4.52986433211379,41.2230533770335,16.9916418275439,10.6462339909199,473.926274968142,54.4665257205502,5.01987192931629,40.7792841632254,17.6698853557574,10.3600368779778,443.405566286226,48.7766136425517,5.59437050730302
357,40.9883664672795,16.6493916153115,11.1379305423146,497.102919919075,59.0387154623416,4.4775413109231,40.7684863914696,16.6324496223597,10.9610568402949,485.217622971693,57.0915140021635,4.78873322241046,41.3161225060826,16.8426165475196,11.0183950327639,494.05560491296,58.1903132213362,4.55513113925407,41.1793703368533,16.9813728712322,10.6404491842483,472.681008828974,54.0853501378979,5.03157458557707,40.7909446090925,17.6925246840153,10.3349777293282,441.729179873869,48.3566970016762,5.66042059343808
358,40.974246492448,16.7113378517222,11.1084057982617,494.706870119689,58.9081066310764,4.61166701144355,40.7362803692752,16.5869669659889,10.95039805525,484.72570696091,57.2629354916025,4.8993341006863,41.2888089963542,16.7803381101184,11.0450917494807,496.084128204525,58.856921079719,4.61456816798418,41.1856610815476,17.0050344086387,10.6245767452682,471.08059191307,54.1215817191837,5.14457820440778,40.6403652110544,17.7332024079832,10.33230374566,439.209440316055,48.1278613245848,5.8170575336356
359,40.8568965232868,16.6864312561678,11.1478431691909,495.265184057341,59.0627989834267,4.43565828049819,40.723467613163,16.6186894059125,10.9697346747951,483.84886117682,57.1259244215329,4.7944093603262,41.2458860087982,16.8285602145344,11.1036725502381,494.836647206686,58.6371952310706,4.46111933573633,41.1697641742111,17.0327259505812,10.6629402714249,471.387845548234,54.1325102177664,5.03485272071042,40.6351176575861,17.7320127496703,10.3841297050994,438.704538328947,47.9731031265242,5.7196242351418
360,40.9618893550379,16.6594151349647,11.1345991452957,497.480607744164,59.3292792108233,4.46600119484006,40.7059686565876,16.5762858545335,10.9425481478854,485.656594340272,57.3751310499739,4.7272607062911,41.2840033231543,16.8125234112018,11.0181109628159,495.311807596703,58.6410624895517,4.53233469826961,41.1418780490052,17.0603075256857,10.5821873787558,470.422332681506,53.8109737773564,5.09298301399093,40.7755532488145,17.7471305793513,10.3711879454743,439.717493851025,48.1391838173775,5.64536960070376
361,40.9238066170565,16.7057561594873,11.1135300048295,492.065012795683,58.8140104091844,4.44685675804674,40.6655350696542,16.5849253158575,10.9449359885983,480.895567214936,56.9734680757704,4.70388551087464,41.1617514024735,16.8243730350254,11.0443650451289,490.097311657676,58.0881482725062,4.52200297166081,41.166164434606,17.0137269813234,10.5944339426579,467.706662940138,53.7877703797534,5.06077278456424,40.6713664306005,17.7045268602705,10.2850746240319,436.314212116857,47.7109751944485,5.73813492050037
362,40.9076573682444,16.6634696087844,11.1357819751157,496.635911843444,59.280669211713,4.50333201043821,40.679567036897,16.6022226433589,10.9488316543917,484.574472372399,57.2632801854295,4.75625000540863,41.2389964643301,16.8255706665306,11.0696284759793,495.144547670623,58.7048011067243,4.53063013344793,41.0834154764723,17.0499729033416,10.6330015809296,472.876097496858,54.3549403234494,5.02574336179872,40.617999262297,17.7485798255447,10.3249650776405,437.973184822889,47.9047740879682,5.75766393161779
363,40.9826784866401,16.65215119155,11.1693512288576,495.902587042986,59.4126244569106,4.34257009922348,40.7974524954652,16.6375964930605,10.9978025580838,484.404425110113,57.5585462343895,4.5649692872075,41.2722390126477,16.8594804042556,11.0601550400198,492.289816309876,58.4959950239579,4.40344192800487,41.194613489436,17.1264470931233,10.6730158649045,469.913971772342,53.9671298531017,4.98770009046197,40.7023622192985,17.7424820013899,10.4039449557567,440.163273728697,48.2022801433726,5.55442000835211
364,40.9919043877791,16.6648773289583,11.1331097675316,494.735935968199,59.2050774511734,4.39846954856756,40.7028313448564,16.5925531931003,10.9526499987772,484.465587948997,57.6449879520743,4.53669986041198,41.1981544289455,16.8156085436247,11.1037244280326,494.696143056927,58.9240070567891,4.39500760033488,41.175416987738,17.0323151200344,10.5836213151696,469.553261401793,54.0965656520942,4.93390804505265,40.6551417025003,17.7124571080984,10.3214910284337,438.636886154005,48.3146640470543,5.56343652236233
365,41.0914178266969,16.6300363425534,11.197812450295,502.592302248736,60.1382718344442,4.27581749961271,40.81104477558,16.5932600282094,10.9961964363063,487.366442690882,57.6678816818016,4.67253125649231,41.2684681904951,16.8171562528664,11.1103531880408,495.766911216511,58.8005718916431,4.43001139970491,41.2086938455684,16.9925135908318,10.6278399962457,474.06212228504,54.4973141442569,4.90042239711997,40.5769624192451,17.7146297847718,10.3600721961525,437.979852677253,48.0377716624341,5.64418615770165
366,40.9055465674875,16.632540488652,11.0551082907761,492.572984532291,58.621474753113,4.61504730431421,40.7633986374156,16.5326783231889,10.9272937647866,484.058334359761,57.2075782139353,4.80156135733508,41.2806090526239,16.7861659476072,11.0438827585028,496.965929586187,59.026711860881,4.49374328997036,41.1587771278935,17.0006161076286,10.5653690063794,471.032649491662,54.2050362729059,5.03459392504641,40.7240184737526,17.7413344222427,10.3639717455934,439.524202301832,48.2671197338045,5.66478543976215
367,40.9470509480562,16.6595767716264,11.0867732649702,495.937945748425,58.9943774417763,4.53967668033546,40.7247786584579,16.5394883385335,10.9437016977227,485.773922727644,57.4342055150508,4.733967774546,41.2990385769925,16.773282881462,11.0552394890266,499.389814773497,59.3443265210039,4.44474971333403,41.1611823463076,16.9655537457475,10.608654358945,473.454989908476,54.6333190454157,4.93187519109333,40.7646819748696,17.704646400416,10.3803966987918,440.814740132313,48.2521229744979,5.69668952509731
368,40.9463266857058,16.6718800441452,11.1226401938204,495.251233588988,59.0255518975962,4.41182805920688,40.7257262897822,16.6014520472043,10.9887283330879,484.764465375816,57.2864978583954,4.64346914068269,41.2125980211145,16.8283963452919,11.0655476120761,494.230922234946,58.6002084794361,4.4683296391864,41.1231104483118,17.0406610009118,10.5959452302363,468.928896575417,53.7633402685894,5.02385764000518,40.695782440114,17.7284829852165,10.2936984496278,439.184460637364,48.0548751875277,5.57657675077704
369,40.9707144609029,16.7025979045812,11.1014940982601,493.842252836914,58.6096240301832,4.67461058779121,40.8481832766837,16.6381194048889,10.9824246824991,487.122175001149,57.5743408358481,4.78475891432682,41.3293506820134,16.7992913735094,11.0837200508906,498.86267491255,59.125962961346,4.55623821642149,41.1156920733875,16.9672810762423,10.6579508746065,474.16161359043,54.5777103612908,5.0943836009221,40.7533804440293,17.6854967537116,10.3895178794767,443.397944046353,48.6033049123332,5.8134071895311
370,40.8792964870961,16.6777688253445,11.1213103000852,494.023868897435,58.9167040247267,4.71738550973794,40.6878867522053,16.63296382453,10.9919721916743,485.781584345996,57.5394519693243,4.92143836640375,41.2156838543286,16.8036360431429,11.0073197342875,493.105093121381,58.4025776156317,4.78258847882505,41.1467676176439,17.0116706318361,10.6052594421765,469.96144899875,53.92127446675,5.24699534732808,40.7324017839034,17.7041198437016,10.3532460281392,441.28426764619,48.4360908196121,5.88879428968684
371,41.1200552391131,16.6938967056282,11.0769533062788,495.265756634039,58.8684207548961,4.57270579366509,40.8466024888137,16.6714452638674,10.8984619586295,482.604692087682,56.8114071834675,4.82865789694715,41.3169207746944,16.7950220324514,11.0153983035943,493.470086212101,58.3945673522783,4.59410252671656,41.1358015608647,17.0265140619387,10.572477855442,468.408846648455,53.5760942035294,5.1471086227905,40.6170232360649,17.8466088641457,10.2596321067103,433.889960407056,47.1726913738448,5.87582887651249
372,40.9202159532027,16.6946562241462,11.1011483533342,493.028089470373,58.6226681330343,4.29831551203386,40.744354092966,16.6222766040319,10.9082596322808,482.729893818241,56.8595004600277,4.5160165059849,41.1032033805322,16.7771919477079,11.0205937608477,493.614638902533,58.5311127455093,4.31000786105757,41.1642161791675,17.0532621395352,10.6521291108064,471.644596371739,54.2680424425962,4.7618923831053,40.7074616621251,17.7561722446158,10.3268831408099,439.01602980353,48.0480267000678,5.42887236381239
373,40.9464394229266,16.6710683238808,11.0978909095932,493.680961283233,58.8474804758864,4.47256433368931,40.7642412497471,16.6125497435916,10.9020436915314,483.08789528345,57.0339379435251,4.78947201446974,41.2669963458377,16.7794294589604,11.0776056505933,496.645385076386,59.0439024183518,4.44223085298833,41.137137678781,17.0622301916275,10.6234116737791,469.836433417058,53.968856162001,5.1063557552403,40.7442821909073,17.7607371087062,10.3164440729249,438.07638327755,47.9980091295176,5.74477068944693
374,40.9750171516113,16.6857628990634,11.1962592446358,496.700457570165,59.0957235756754,4.47693254587704,40.7164381516641,16.5319378620898,11.0367522854455,487.550403294046,57.6571786155095,4.59103643815796,41.253693929858,16.7760226722812,11.1377914452426,497.325093516929,58.9285723936126,4.42935807782473,41.1843015129696,17.0103877814666,10.6347949351961,472.520162871659,54.3214636816463,4.88032641856258,40.6289808433273,17.7148648514691,10.3179900850146,438.373667887027,47.9037391871319,5.59679019906579
375,41.0451576859702,16.6527765419329,11.1739509173764,497.809412924593,59.6842837110752,4.32460064372884,40.882862978117,16.5628875218895,11.0147731696703,486.691957920728,57.8469591070886,4.58142297558867,41.3363430737435,16.7786111158499,11.1036344644765,498.168950512744,59.4805569302182,4.29459790317351,41.241265703377,17.0009656024867,10.6338004054633,471.515441961064,54.426633022565,4.89842822681133,40.6848433890267,17.7667099543796,10.3766605510453,439.318971487701,48.425966040158,5.51866456996413
376,40.9978037554187,16.6373030886563,11.1918081042376,497.752162444278,59.3743211779587,4.59467177459791,40.7883453396551,16.5922343255853,11.0326976296776,486.277472888593,57.6219339128382,4.8316262006914,41.2353366653046,16.8157394336894,11.0853305962558,495.339513714438,58.6239004009095,4.71346710908425,41.1767733593795,17.0423901464078,10.6143380473253,468.996104967686,53.8464517653055,5.23771123101591,40.6718822124727,17.7342455495693,10.3566679884216,438.895928778182,48.171796222341,5.86608800616716
377,40.9758944563539,16.6094917501169,11.1701198326742,498.95574428088,59.5913642425151,4.40414168042221,40.7002106594252,16.5774519107672,11.0091918256314,487.872672456168,57.8233171057814,4.61292864918443,41.1620245993719,16.7884303214931,11.1175354706882,496.329472555388,58.961735419524,4.48673045142323,41.0650115059994,17.0484378856525,10.6245059821031,470.929559886433,54.1387285939418,5.04700706393481,40.6564922344382,17.7243518781657,10.3589772283637,440.753089125009,48.3938529609205,5.6573248332493
378,40.9218366982554,16.7127457016019,11.1309006105242,496.643796512038,59.3047670277795,4.18036196540798,40.6999012037891,16.6627194563022,10.8948632711733,481.973033011493,56.8134485307876,4.53428340534555,41.3076914485006,16.7684466346086,11.0696806848643,497.74624855948,59.122208633095,4.09361944990022,41.1347706505899,17.0545604403277,10.6237173488818,472.220301851533,54.3326857597052,4.66888649274702,40.6082027999122,17.7672969650658,10.3590661859597,438.238128782922,47.940799019086,5.34784973493566
379,40.9846911830452,16.6448686155777,11.1685713187169,495.812036051514,59.276053453708,4.47900456670159,40.6699147870079,16.5600088610845,10.9814617414493,483.021794456305,57.2776582765865,4.76935456608766,41.2499402696979,16.8049204371209,11.1098513779448,494.713491692569,58.7646980606853,4.60343364178285,41.0836670238091,17.0691133131613,10.6278370566556,468.256257866966,53.8278032617056,5.12274511606058,40.6598226889753,17.8007799610058,10.3180628135823,436.031285546023,47.7593573698612,5.80564573632678
380,40.8937523183144,16.6244488386173,11.1319834772647,494.733062303693,59.0308843550471,4.57428777888275,40.6237767906533,16.5630758009006,10.9447436348487,483.042760590428,57.1791740923094,4.81724434904056,41.1373996221762,16.7584007655366,11.0734404011734,495.267860212233,58.889742617899,4.53326932203487,41.1137211270428,17.0351750992338,10.6200811975486,471.188759819078,54.2107894340066,5.04247235180338,40.6316963671659,17.7676024646402,10.3620963299729,437.167768395459,47.7685311140499,5.83478634330573
381,40.9718672592298,16.7161763840355,11.1530080881298,493.951685397621,58.7230599228901,4.88845546433558,40.7438662190973,16.6354423033478,10.9314162599737,482.371575636952,56.8902999785975,5.06317803493839,41.2513482130445,16.8172606309142,11.0954549844713,493.495653916076,58.3440031742532,4.92300937564402,41.1339156427943,17.0045428319641,10.6541425367824,473.184342660503,54.3520722526282,5.31114928729859,40.6832726464412,17.7467420979079,10.3364139938686,437.823768424889,47.7361449243169,6.06434837858158
382,40.9264091905602,16.6471467386094,11.1394451423236,494.510789903488,58.9969854341629,4.54820388795932,40.8099107248765,16.5873696789821,10.9288785835518,483.147048031385,57.0320995909407,4.87560934677984,41.1922998586048,16.8076095380939,11.0546419066217,494.882160119474,58.8008580276329,4.57179635057174,41.1061530127081,17.0168252511593,10.6123399449956,470.11656372095,53.9659650702931,5.20496740990417,40.6733778195027,17.7892949902192,10.3745870063378,438.877824614596,48.0145915644061,5.8366414346162
383,41.0487709670694,16.6437013971112,11.1819934937643,500.578499060585,59.7031198066714,4.27469069275998,40.7967906063485,16.5414894586368,10.9690945163299,487.686143029325,57.6193515510333,4.51234596730311,41.4033090262756,16.7771396592886,11.1576040571269,500.558170155152,59.3744049330652,4.31753520620982,41.2262434202096,16.9780196973377,10.6720642495697,474.777759553465,54.6116475766139,4.8068561120142,40.715261085249,17.6546815266913,10.3711606444945,440.515259229196,48.1953458774996,5.44306084054178
384,40.9345948456369,16.6354942607193,11.15056939652,498.766170443733,59.4756475893448,4.47092422824646,40.7778260688099,16.5608269512894,10.9957235611611,489.494806025273,57.9721409663365,4.6372075356334,41.2556059280104,16.7747715877964,11.1561678665657,500.24439997818,59.4076163204249,4.39505978169987,41.1574940895412,16.9818027025621,10.6048744141037,473.658563674333,54.4078668735139,5.02186608717996,40.5903223458669,17.7038333336498,10.3332865187129,439.485020332248,48.1233428094978,5.68979912180051
385,40.9827074714397,16.6719634597007,11.0758191198569,495.019879479886,59.0510428765397,4.51994813820138,40.7901448192195,16.598267376492,10.9380200889995,486.836586967122,57.6636551526023,4.74490844855197,41.3261806203229,16.8082139014512,11.0809469381698,497.952646594973,59.2458110416584,4.45577075480749,41.0788376494072,17.0232965485032,10.6149347873489,471.155197317223,54.1984718059131,5.03540408440373,40.6102247146861,17.7248957356156,10.3558623644034,439.309349810682,48.1219168602631,5.73336487615657
386,40.9017720548424,16.6549029586936,11.1520716125286,493.401652390586,58.869065076133,4.45724109044643,40.7395742075553,16.6357116017526,10.9295014997768,480.91323445776,56.74958699998,4.70055563213487,41.2648268479798,16.8238843744388,11.0584410102099,493.694238215018,58.5752349110067,4.44286639506104,41.1758447845569,16.9902135675122,10.6405587183711,472.210975626244,54.4149365114629,4.89712143727512,40.6213774936022,17.7624282639987,10.3091948545124,434.839788204092,47.5605922476244,5.64215098285264
387,40.9628593096028,16.6086421317353,11.1650640054189,499.169492336877,59.4255299522498,4.372127487138,40.7395648420846,16.5575764879092,10.9701392204628,487.461260351772,57.5182494399982,4.6201301177648,41.2195493500045,16.785292539486,11.0986836562422,497.4554622026,58.9169034626958,4.39894118048303,41.0747857690131,16.9668551373864,10.6612763041983,474.139969294809,54.4475417313431,4.92141400867723,40.6928675876793,17.6761870068069,10.3755673357642,441.442634360779,48.4197037620402,5.5449288476118
388,40.9110047467152,16.6379420593487,11.1676937139345,496.027021737252,59.361981234307,4.59425565675557,40.7532068427429,16.6422763324417,10.9335974430414,482.519951087476,57.1001151165155,4.87267953225436,41.2775191838352,16.8475342724258,11.0792725059852,494.090698396596,58.6815850015682,4.65583810562432,41.1098679030452,17.0146806214319,10.6301901841632,470.44057555515,54.2292779784006,5.17605302151946,40.6625845152915,17.7177656760647,10.457123202007,440.316293342209,48.5033315040499,5.78999999636981
389,41.0572451695554,16.5901909475355,11.177307948923,500.206146500943,59.7758863996268,4.49130729809124,40.8436453801527,16.5072203290541,11.0241339280865,491.145960097763,58.3307946130292,4.62195771215185,41.3397430896755,16.7412120819395,11.0578430326507,499.007394414569,59.2455012961401,4.52031461545347,41.2092116097201,16.9621351493424,10.691975409512,475.398288845053,54.7474138702955,5.03014781167183,40.7571932049744,17.685544938695,10.3836661728484,444.128161850544,48.8593927782902,5.6795627189219
390,40.9658453477451,16.6545171415516,11.1751797848427,498.031035165371,59.6442928867494,4.29371158810437,40.7310802498214,16.664524592007,10.9730297064274,482.593208308953,57.0449417110763,4.6800762761036,41.2717890003273,16.8071833283547,11.1178283121385,496.641081452071,59.1132291789414,4.35784404285395,41.1152122924625,16.9878599557578,10.5831336165427,471.125913631542,54.3398873975734,4.93932557687484,40.6418533484145,17.7914997684362,10.335206187785,438.121769366277,48.1439252513341,5.55040814656214
391,40.9373760645145,16.690459088845,11.1568532207696,494.803348156547,59.084067316652,4.22165594828098,40.6718716546425,16.6154752814604,10.9631395633752,482.531391121793,57.0184040098919,4.48671467516431,41.2228302079778,16.8248274865636,11.065972726806,493.135720043837,58.5088341943181,4.29948957463924,41.1898091857981,16.995351689471,10.6630454825392,471.970484605223,54.2515854413062,4.78193480338152,40.6599170542675,17.8469183137121,10.3133686378638,435.971372602491,47.5502079655947,5.49674980405263
392,41.0257888618975,16.6612630392718,11.1251441748608,496.1503461146,59.1319114616455,4.53249820142625,40.7344742857,16.6067092232809,10.9601375553251,484.478247903807,57.3010116066454,4.78818534461429,41.1640749560539,16.8380572012119,11.0518936007203,493.435917801227,58.4863817547435,4.6369905974177,41.1216353724404,17.026113264086,10.6436379174235,470.758242891229,54.0898354671337,5.19685018716325,40.662070153392,17.6826815702435,10.3730985943184,439.917830751554,48.1959236264201,5.8253327029448
393,40.983850938134,16.6246237417435,11.0996486879521,493.942055574066,59.0792774008639,4.37863620391308,40.803520004087,16.5774463970464,10.9492070004958,484.975167100254,57.6736685437557,4.57462328783557,41.2626573257703,16.7967062768026,11.0854448855195,495.629955004595,58.9849222753009,4.34527937774127,41.1810812729758,17.0405041373427,10.6283927729915,470.593599915675,54.2995038379814,4.84485786955286,40.6833330679243,17.7377930362784,10.3059695456724,437.920665497391,48.0329682267948,5.56528261545533
394,40.9374903063416,16.6479988337138,11.1581717253916,496.124751102238,59.3608452629475,4.41939178435669,40.7471061914507,16.6522670972203,10.9794880094625,486.69712778209,57.7985581006145,4.58079806481381,41.2064625313604,16.8706451422586,11.1297588721724,495.819501799498,58.9796346002078,4.40729055972764,41.1829861265938,17.035739665345,10.6220962908674,471.351929234432,54.3986690390788,4.87093194086806,40.6737088033005,17.7740643490282,10.3123817432727,439.517100039246,48.5667756127085,5.55521501835127
395,41.0308340391284,16.6612082349984,11.140610375707,497.49151244848,59.2066679728348,4.51819973563219,40.885447075681,16.5184112983801,11.0163786535429,491.273437383069,58.2732831870195,4.66813605936287,41.3147897961878,16.7868324892515,11.1107638866,498.675016807102,59.1944525987996,4.48747048325096,41.251628938271,16.9863780681593,10.6834200157651,475.01926025364,54.5690645573509,5.05399533968085,40.6803734926642,17.7152386114092,10.3397995420877,439.119638558581,47.9181689213526,5.79028575252219
396,40.9532073055507,16.6817887142415,11.1693400456287,495.754329448773,59.1205648310312,4.59119935262266,40.7797889818751,16.5391849308962,11.0010814063089,486.795495065374,57.7120484178883,4.76291484750926,41.2365194536204,16.806587677805,11.0874659572116,495.147123097852,58.8400290721242,4.56903503258765,41.1965608351746,16.9839426529207,10.6536196015219,471.920950912441,54.3474071123259,5.11546411166451,40.7426394058325,17.7010660181152,10.376104573857,440.170172753492,48.4656615735695,5.73941860818595
397,40.901257602468,16.7319693666976,11.1043562321895,490.354082239948,58.3395478095798,4.67610135359182,40.7507721750962,16.640128154047,10.9730746277291,483.268979472154,57.2166415652129,4.80007682749655,41.2447054092106,16.8508884833442,11.0660671038073,494.514410598046,58.7660124104593,4.51178613797556,41.1181513853875,17.0506445072448,10.6332952294114,468.47883107918,53.8256698991067,5.10739530187841,40.7106089825339,17.7529346227734,10.3812924305812,437.843205325122,47.9867618580978,5.75623925888624
398,40.8627818185412,16.6920594767239,11.1467565209144,494.089807761278,59.0366837649039,4.55032297399091,40.7361553307729,16.6589409128334,10.9465944612102,482.763855377984,57.1150836003615,4.79778823656887,41.2030552521865,16.7897552879441,11.0751236582699,494.390037656648,58.6987911975243,4.58460625719538,41.1861210632457,16.9741634843935,10.5871485262732,471.35362229454,54.2316549199669,5.01452220601252,40.6347487643769,17.7248157060963,10.3070888080891,436.678807562153,47.6271526781625,5.81662391839105
399,40.9683637538602,16.5709171798108,11.1736956042136,497.412775173869,59.0709695750346,4.3088440475692,40.8432752477471,16.5716688028513,10.9877295652153,487.591233583938,57.4290196444911,4.48951863999457,41.292192599585,16.765850349433,11.121300676202,498.015982241772,58.8269216911232,4.29317365493985,41.2568380528237,16.8851826488882,10.7012047085615,477.615151934071,54.9043821205883,4.72064542087468,40.7347324331886,17.6714972724712,10.3664186324177,440.63975594325,48.2464593612467,5.46485330608826
400,41.0329226853633,16.6128182182838,11.177795346588,502.080138371689,60.1254416621213,4.53151413079552,40.8212565184622,16.5786321563728,11.0014014416706,491.010876582107,58.4445053994931,4.74454801449279,41.3138727187418,16.7932661711201,11.0805726048539,498.720608994284,59.3181288694904,4.62587270425978,41.2577804431904,16.9891507126049,10.6055400264083,473.676000118579,54.5533221670549,5.22003141637386,40.7606750197945,17.691920715311,10.357813713934,441.906975891767,48.7845359891845,5.78612981922357
401,41.0189143554957,16.6410090654178,11.1453552298859,496.5133907561,59.2704589511277,4.57710718036342,40.855287670399,16.5625811991692,10.9229944884906,486.043755007161,57.5137698826693,4.7895526503282,41.2599892221594,16.7815691402547,11.0990233403413,497.918580551594,59.202937798163,4.59883224734326,41.1421342295499,17.0409590667425,10.5812056419613,472.224497756211,54.301440914861,5.1496308145256,40.7203609538806,17.7210638759483,10.3816881654998,439.930026633717,48.2394556020926,5.75343668334469
402,40.9461899376873,16.7418814243574,11.1457293445482,495.671388243398,58.932556108035,4.40793203090683,40.721703015628,16.6680385021102,10.9441478905303,484.558776453319,57.0674534379642,4.66269197509011,41.2872551313059,16.8332766463541,11.0875864108891,496.087375141875,58.6514193894952,4.39967888929066,41.1452820072095,17.016592192964,10.6038773396664,471.742131852808,54.1124126150357,4.87103360566804,40.6003404952987,17.7634304989582,10.3528957979297,436.983513429389,47.7808321204247,5.48692467812407
403,41.0202240817393,16.6221277912921,11.1605134650069,498.505897443159,59.50541058058,4.35114820501395,40.816699402495,16.5493484532694,10.9658449870835,488.498963805774,57.8921422619331,4.52058184522053,41.268535840066,16.8204394410049,11.0592061818644,495.925620677245,58.8413552891273,4.40081284503757,41.281935892489,16.9687778745337,10.6475092735738,474.863009225237,54.6790050635736,4.87081776312647,40.7412792972627,17.7231744615841,10.3526599227913,441.222460093315,48.3690346449078,5.55384555325775
404,40.9443100151111,16.7356317250147,11.1327095745894,492.55148615186,58.7215785690396,4.33133464730439,40.8085788172809,16.6454839754022,10.965422096762,486.060281860092,57.6734883097201,4.4258977196237,41.2488400827572,16.8173213754542,11.0893219202831,495.148085177445,58.8960487624139,4.28373114090665,41.2295932716606,17.0178817968995,10.6058260715304,470.3356191698,54.1638141343194,4.81195885471537,40.6777649643845,17.8024228701743,10.3630510767168,437.692488721727,48.0512417521902,5.46166051196828
405,40.9945484172076,16.701076405465,11.0916019310049,494.72994077205,58.7807475455926,4.50486391394149,40.7399261626208,16.6499604068228,10.9363533621494,485.875648403189,57.4038899392939,4.66708678198395,41.2224921039788,16.7867982324942,11.0662268085212,495.989116315568,58.8421921898487,4.41916230253327,41.139487772818,17.0987279743229,10.5458186137155,467.584305015717,53.4997737411234,5.07402553143137,40.6950854840068,17.7332045030041,10.3660180202702,440.567323778468,48.225104228317,5.63841752266485
406,40.8837335730725,16.6754236823366,11.1619975163299,495.884892365312,59.1871382228316,4.53181268999198,40.7522152687099,16.6019640003068,10.9936163697633,486.02800215414,57.5213112101448,4.74433527372413,41.2686283616034,16.7903958793233,11.0309647228291,494.499293684786,58.5251650646183,4.59408549314712,41.1977243915256,16.9627623281316,10.652560108598,473.48857829675,54.509064062368,4.95488262470089,40.7019869845217,17.6879046599107,10.4216320300522,440.770554323182,48.5217361244844,5.66512044361452
407,40.9492308233228,16.6118113018877,11.1481031532023,499.44580630876,59.6616346915157,4.33055790058559,40.7520224316544,16.5512131909035,10.9411801375754,486.026080676217,57.4842776611691,4.53420323880791,41.3120733690869,16.7124449117089,11.0573469050861,500.017796973298,59.4583404667128,4.25346167816985,41.2511964476124,16.9871728379923,10.6569844678529,475.605394723635,54.7660581552718,4.82025763679053,40.7158841884443,17.7151702379194,10.3423823030293,441.012043821132,48.4470403349813,5.4808485145294
408,40.8672437263432,16.718575432984,11.1073835765112,491.471803370593,58.4994681967107,4.60084542086926,40.737050845626,16.6470967772374,10.9379630962521,483.43287709854,57.1012624335498,4.76801427333607,41.1994301755064,16.8141326257951,11.0416770251914,493.665674038022,58.6279837398281,4.54653959095651,41.0993069433819,17.0828679246607,10.5847324037083,468.301260536802,53.7909558839216,5.12600958865114,40.6545228590129,17.6818121781154,10.3057232136953,438.248952859748,47.9986410919092,5.75142583366067
409,40.9548092482044,16.6114932887309,11.1282478479013,497.420654081562,59.283384309858,4.70366606388429,40.8264749708538,16.5269162543686,10.9534238222074,485.563111774876,57.2873330110106,4.98634288479847,41.2105764895896,16.820264798776,11.0422976866247,496.354515854704,58.7648290595924,4.79277283595497,41.1632176647335,16.9761980841218,10.6581565723332,473.66495808483,54.4625727668246,5.21980282959027,40.656278847155,17.6909671478002,10.3512207127965,440.585667905595,48.3061712412156,5.95542777900963
410,40.9669524391423,16.6440683279446,11.1484404650353,495.824851160184,59.1259895563959,4.64043195049821,40.7724634595374,16.6468197285843,10.9827685349284,483.935582524063,57.208395243759,4.87199559778635,41.3004662095013,16.7525851254054,11.1399380730274,499.120237203944,59.3851392175915,4.53883171367801,41.1536599339613,17.0133750966761,10.6615374790946,472.177884339632,54.3583383719194,5.16888052173111,40.658758314692,17.7531602245761,10.4001305264417,438.585228090434,48.2411963392064,5.78476173674791
411,40.9741061757905,16.6899646020406,11.1462212920601,494.298293524686,59.0672922061518,4.48218882874694,40.681223393212,16.6761839061132,10.9097006910695,478.98265283384,56.6076770016142,4.85827038870811,41.2494081489312,16.8270399311522,11.1334865211787,495.086661995752,58.9307999256106,4.48474790780598,41.179905155239,16.9780985582126,10.6316312818317,471.238123382046,54.3281164093793,5.02723815221727,40.6647298659838,17.7449624761582,10.3658507261512,438.377150445103,48.2788641846799,5.65584591903821
412,41.0007381716784,16.6730965875881,11.1493533328236,496.428666576319,59.302438857988,4.22365810487533,40.6983975555483,16.575741339387,10.9832067154014,485.045731737212,57.4624887359339,4.45204683321641,41.2501972942912,16.8335437347798,11.0890118149562,493.957068419284,58.6180644643318,4.22143893524512,41.2041287558843,17.0228717383774,10.6280270101999,472.903845468785,54.4235138128025,4.72129674866592,40.6951030566798,17.7816900494427,10.3365176737711,438.714024551574,48.2582052736535,5.31553991909028
413,40.8858027972948,16.6941216913932,11.0819523787203,492.422700148721,58.7954644982857,4.72690794480988,40.6658354938236,16.6695546976361,10.8994849010601,479.276924702549,56.6158931560285,5.05099081800691,41.2956814576715,16.8325006203682,11.0395860817899,495.344932776771,58.892813475804,4.65218451637374,41.1310768957186,17.0558407835234,10.6156662772347,470.307343281734,54.1761389364681,5.22372499214084,40.6062365965481,17.7940317362008,10.3053905515438,435.302263043835,47.4914512095273,5.98634032359412
414,40.9145310795836,16.6897854543894,11.1184209282115,493.384040207461,58.7615931378427,4.71024739132196,40.7339427364783,16.6497554916017,10.9688524393581,484.597107754096,57.3085275211113,4.97917197165655,41.1773085508704,16.8363682045173,11.073104876931,494.57295730553,58.7290994883989,4.73274526724598,41.0526781025969,17.0764721321416,10.5976727668958,468.417195633463,53.7015096571669,5.26295650444588,40.5957730364751,17.763680553435,10.3591725681735,437.652911497161,48.0084611773058,5.90283141180069
415,40.9904473880827,16.6149104941313,11.1668175575703,499.092394080691,59.5778945603212,4.465293569056,40.7655202587734,16.5831367971766,10.9555234256761,487.954617465435,57.7794175072628,4.69842057540531,41.2237420831737,16.7384143573348,11.0838515726557,498.287444745627,59.2599648580458,4.4448111755641,41.1990280719534,16.9062667371071,10.6371836605498,475.656471517196,54.8833225048636,4.9915947180081,40.7828618297003,17.6455112795594,10.3284376991084,441.698360154148,48.5611693635831,5.72987628927781
416,41.1157274746818,16.5630458232367,11.1881912285214,503.63279070952,60.396236485917,4.28309056050696,40.812554908428,16.5803546126005,10.9314060624007,487.249562453022,57.671241471643,4.6748187060208,41.2511606232044,16.7494545258548,11.0904503005967,496.199979403152,58.8993633902467,4.51236608667125,41.2209947722024,16.9534910617357,10.6264261599306,474.896455670992,54.6386857298539,5.04887500870838,40.7436577479035,17.6939905209405,10.4008615313044,441.819408317995,48.5474897171153,5.68387755623618
417,40.9115972680872,16.630223097968,11.1138717584833,496.280040120662,59.3062256643172,4.53955896525979,40.7118394240244,16.5444729919009,10.9390470723454,485.573151192718,57.5542415673698,4.83127162824087,41.2509006558804,16.738918411951,11.0606845811736,497.456635676231,59.1771916905685,4.54612695430184,41.156038861666,17.0156008859728,10.6153763516512,473.155737652948,54.5850625121384,5.08416628753287,40.6624094756638,17.6981111285019,10.3362024551394,440.599536474507,48.4981609343478,5.76120588795623
418,41.0118003839228,16.6233704696218,11.1822507471881,498.419044140283,59.245053862589,4.60116328493116,40.8786841421217,16.515001731362,11.028848621464,489.45071696032,57.7713863352996,4.79483187800488,41.3378038272579,16.6723293578205,11.1245262098154,502.325226271868,59.6641885832233,4.46469053539114,41.2739674005684,16.8878500001968,10.7078318127479,478.577409345642,55.0998440447443,4.93563153151299,40.831261741982,17.5992629813044,10.4308275276394,445.952487970688,48.9520085320928,5.74714147759262
419,40.9967042377081,16.6330998528677,11.1758329939888,497.989138705736,59.4565052417175,4.39924747855077,40.7470028253223,16.6436967182626,10.9536333914079,484.668344419394,57.247488388847,4.69596625010356,41.2026679059335,16.8027644445067,11.0947799040182,496.290515373579,58.917741111416,4.4922657388465,41.0936473614459,17.0468897636365,10.6614234950019,471.836609693807,54.2469404052452,4.98230343879068,40.6721244814919,17.6780531667802,10.3687023198412,441.714196042477,48.4809771039363,5.66372206260463
420,40.9446244718311,16.6299652673283,11.1133548625679,496.204478417404,59.2509379828268,4.47718138870195,40.7717388523912,16.5199239125617,11.0038346854741,489.086385851564,58.1071289241607,4.6263388263628,41.2682738794538,16.7903802120263,11.0953569375581,496.875246468383,59.0734285411632,4.55099421530127,41.1595147606273,16.9964287103738,10.6429626903727,469.863173339866,54.0636622340225,4.99490205739858,40.6492875454037,17.72623172459,10.3639369921988,439.322288589747,48.3217272210174,5.69024257743027
421,40.9780973597124,16.7330850063214,11.1460377805101,496.315387849773,59.4102814629325,4.51840143058552,40.6884272383216,16.7055111362886,10.9604037193044,481.748119102731,57.0047705032337,4.90606131334085,41.2837455885321,16.9517167026816,11.0150474792447,491.086968133017,58.2566648490773,4.68605407510839,41.1212558682368,16.9797397192471,10.6609705888074,470.963812128464,54.287851179873,5.14566347466662,40.7284881574511,17.6890610970505,10.3958236473783,440.616579505805,48.417391145684,5.84059581447754
422,40.9438904928938,16.6643147890442,11.2169899139904,497.921899576969,59.4112950711462,4.44065247803367,40.7256383565989,16.6454321722042,11.0326188090509,485.928549878701,57.4220759182228,4.69234280962999,41.2990679290764,16.7977044361068,11.1152025952948,497.842047064636,59.1652190073194,4.36903216468479,41.1496932641799,16.9922199584082,10.6362542859917,471.853326812554,54.2562901414329,4.97906654373578,40.6999850176679,17.6499633048796,10.3811808539615,441.499647955216,48.5218555416778,5.53140776081688
423,40.9237970169902,16.6799894748301,11.1419752554171,494.961774309117,58.900022004745,4.69584988209809,40.778629145855,16.5565641769606,10.9738031229973,487.148289656572,57.6322092061968,4.8177658649739,41.3162471546564,16.7794857281505,11.1096278732957,497.275767422158,58.9242491841297,4.64338500829674,41.2296948238219,16.9552014781007,10.6566795035294,475.101337937001,54.7947135835863,5.0461282516462,40.7619514657857,17.6667957641225,10.4348081092589,444.852788760857,49.0284759517953,5.7053332128767
424,40.9797562174204,16.7706181504671,11.0902598502119,493.382072180396,58.5945986416536,4.47177191073141,40.7452762122558,16.644177296953,10.921983325876,483.462476146817,56.9862883541181,4.65445234889481,41.1992936716758,16.8417072063356,11.0314861153588,493.107758948102,58.3541186209848,4.43085788228839,41.1454423598212,17.0826069507798,10.5695869843707,468.623279099284,53.6575526985609,4.98895857951477,40.6411198579293,17.7685868115159,10.2757526439937,435.388919876573,47.4416851650027,5.56332619593734
425,40.8782705587282,16.64226238844,11.1256801829608,495.285682801484,59.1033512451784,4.10746587163691,40.6801904423602,16.6216917000779,10.9510238999862,484.057424523078,57.2154569715904,4.36764109168248,41.2037222854628,16.8136684145794,11.0654961270743,494.035259799517,58.602063559165,4.17013715815275,41.140739390026,16.9906357264228,10.6069371557465,469.133865928594,53.8498791493076,4.64925933406842,40.6433714752798,17.7701012787359,10.3726651599411,437.329779486879,47.7530412143989,5.26839481989283
426,40.9355975084232,16.6531145193362,11.1496767337454,496.058013791513,59.2830331768759,4.67679706117475,40.7607862596245,16.6550576549025,10.917173871639,482.281297057046,56.9259264516949,4.99013765238426,41.2286846521914,16.7704275518062,11.0786232635324,495.998496327455,58.9424244355372,4.73648677919219,41.1142515052606,16.979541817707,10.6815541548303,471.557886827953,54.1941372611994,5.26781993800101,40.6841806269966,17.6949975464266,10.4096606017233,439.798810729785,48.2854471963646,6.00326386878276
427,41.0172413703119,16.5807879551682,11.1541467625847,497.599709979509,59.4669642161892,4.21887002919234,40.7762318645647,16.5574795439683,10.9666838789512,486.02284071019,57.5562167173705,4.47682617348004,41.2771475938817,16.8210904141878,11.0572866886927,495.962151915218,58.9378059817307,4.3164381348672,41.1736427420988,17.0092169921981,10.64390592727,470.377703744912,54.0519558883446,4.83982318371173,40.7365045643607,17.6752411974405,10.3479855229245,441.58736486501,48.6148504364335,5.44418999592569
428,40.9275240331031,16.671905158213,11.1441503162718,494.395862304136,58.7805166985489,4.73489719185289,40.816421232182,16.66023841618,10.9323622114697,483.07225491697,56.9144365729235,4.96620871455524,41.2981147797615,16.8451299152042,11.0995326942364,496.325169134322,58.8513685537423,4.63809972566635,41.1871435094702,17.0694881900437,10.6070521295449,470.6704654514,54.0191718633915,5.21567915660099,40.7450239586168,17.755762656957,10.3104904257223,437.435825239962,47.7905388162523,5.8895430147747
429,41.0240859086663,16.583936313499,11.1834707130289,501.073544221893,59.704425656052,4.13407504425721,40.8780492692041,16.5190838111395,11.0004435397613,489.817455170475,57.8233671003318,4.41559759019935,41.3351547484363,16.7194805289143,11.1078368264234,500.510005674712,59.2187765089015,4.20548887987946,41.1776339526912,16.9413604487104,10.6906831321183,476.327532881158,54.6753661827091,4.67950242008664,40.7073538979296,17.6627787641463,10.3980274611555,442.505984863454,48.3805945830818,5.40690223027364
430,40.9307780544092,16.6234673505781,11.1507440493172,495.563711291494,59.2340937969996,4.36377352594306,40.6681653425679,16.5456613797245,11.000653618108,486.164399789845,57.7377021523786,4.58567751705208,41.2152840125723,16.7292072966758,11.083392779391,495.786452378915,59.0028542542746,4.35416306951287,41.1820981691102,16.9322965559564,10.6197856042602,472.924330169879,54.4858824690691,4.89860334206839,40.711990694291,17.7277085967754,10.3622476870552,440.895965733105,48.6728659354576,5.5361478561653
431,40.9526418244014,16.638123751508,11.0885165477544,495.644661518881,59.1414372758762,4.34247410002112,40.7775366309917,16.6042974857574,10.9142018963021,485.232786688799,57.4082645577654,4.52215148298338,41.2127830945546,16.7858858765431,11.0796238630891,496.295726652202,58.989172919943,4.38722081181246,41.1501730618658,17.0331681454251,10.584452195001,468.846083772668,53.6981240299071,4.95416702366347,40.6099302561949,17.7810319080526,10.3319277562198,437.952406603341,47.9465612422203,5.50724422200818
432,40.9500633348747,16.570863736381,11.1381040269588,498.324385202705,59.6543970901425,4.41087124496324,40.7795806725133,16.4728046647396,11.0066253515629,490.898646710997,58.4279305222517,4.58474166614942,41.2896300675814,16.7863013177665,11.0852732714787,498.160279026005,59.29736713677,4.39144533797318,41.2938579676626,16.9745772394456,10.704483124546,476.123226312591,55.0872051155418,4.8694682377636,40.7668002442166,17.6653253531599,10.42805546571,444.358921379343,49.2847591789138,5.44129250036105
433,40.8970051624571,16.7071464929738,11.0649371418612,492.606403935695,58.5650031145136,4.55064409214389,40.6702987250964,16.627550157843,10.9003127284511,481.259005349973,56.7883670650063,4.81463747612091,41.2298505452626,16.8156704359388,11.0280170520339,493.721980225578,58.5564815751297,4.52741301681418,41.1760209135173,17.0635953229871,10.5721616531165,468.473516056012,53.7217328572363,5.09954141762456,40.6624016516135,17.8082236771716,10.2553397328422,437.135677241626,47.7108858498138,5.74675800756163
434,40.9447460439195,16.6448234859111,11.12883790174,496.645955284546,59.2522859884338,4.38622554642651,40.7457825672621,16.5471353980128,10.9554707547731,486.003802018302,57.5249334328283,4.61863431763278,41.2869830028606,16.7825953288766,11.0798038448395,495.678921087406,58.9186768238711,4.33926798036822,41.0983926728374,16.99077015535,10.662917688851,471.941949029285,54.3741929247274,4.91465768727773,40.6084644358777,17.7797477359373,10.3813947693794,438.319760349086,48.0180537306745,5.54073008191876
435,41.0575453638917,16.5967346627461,11.2000511885641,499.087414957926,59.7091432525354,4.25003654492459,40.7746084589237,16.5873122502684,11.021214654823,487.756159708976,57.8168048174051,4.50390059308807,41.300554623156,16.7317990658525,11.1116973560889,497.372622503713,59.202025696344,4.30298180644179,41.1790161972327,16.9629170008532,10.6491487969088,470.827263590639,54.154028597294,4.91194305725413,40.7367278753945,17.6757175610634,10.3876024476942,440.048558207405,48.2691223794785,5.5610826840997
436,40.9177995567792,16.7476715897395,11.0389871345751,489.997296672235,58.2188113358967,4.84749821305872,40.7192614884329,16.6654269434163,10.838668051795,482.456900303805,57.012424808872,4.97177022601664,41.1417662393116,16.8567167670537,11.0042743429279,490.844039377254,58.2012475661004,4.80955054110126,41.1078757894779,17.0272674009994,10.5383338341648,471.116287865992,54.210374852448,5.21519318889341,40.6442509732505,17.7938052770216,10.2279745345816,434.176712827,47.4070165240885,6.10357737753952
437,40.9091650407143,16.6245471410235,11.1184159798121,495.985160005526,58.9653463163203,4.69784248842936,40.7164782133036,16.5903062773904,10.9230852059451,483.708784901788,56.9361782525553,5.02262526206871,41.2845604360248,16.8190728403137,11.1135421918964,497.039965348958,58.8529490823389,4.66700995953074,41.1087970353308,17.0632363139372,10.6363738809969,469.485209397218,53.7808327699161,5.29048691830237,40.6877446922964,17.7248017585993,10.3155930948568,438.744065914527,47.9281458485003,5.90002385333027
438,41.0018787081571,16.6353697813349,11.1263962382583,497.049354324192,59.0927744368233,4.39801080260745,40.7820594749783,16.5951890885454,10.9733267288092,486.530444825292,57.3627164999536,4.65435698989873,41.2756764833882,16.7564521369848,11.0952807396515,496.964379336995,58.8209515975186,4.38995547004057,41.255851033153,16.9928148082419,10.6628121996231,473.391735961892,54.4059814732965,4.86142139091378,40.7045191266713,17.7029815199127,10.3955951128926,439.286974067209,48.0882409569951,5.54306652716026
439,41.0369988252673,16.6065160798882,11.1495659565586,494.231494832828,58.9533851843606,4.40929419468016,40.8521335766714,16.6009813381696,10.9797569092823,485.396921372514,57.5825203968688,4.57759215054376,41.3423949771549,16.7740160552647,11.1000815810401,497.407589730076,59.1632800078717,4.34438469239162,41.2295227146132,16.9620117720604,10.6107452313048,471.217364373749,54.1727377461309,4.85555761348201,40.7603381464919,17.7523028368564,10.4183264450067,441.52169995544,48.5338771508432,5.49251941611706
440,40.944498514397,16.5981225848332,11.1734591933176,498.849806884172,59.655665595507,4.17458274123968,40.8144161263151,16.5507212360822,10.9882794298167,487.866885418545,57.7918365326461,4.44340393090007,41.1907357553209,16.7829854376671,11.0847716117694,497.322789796495,59.1524734707772,4.24147620688365,41.2101115536513,17.0213396254763,10.6578614582091,473.316317736791,54.3834153063887,4.84516829797635,40.7568993547606,17.6968062793833,10.3684532972687,440.346996155756,48.2743024597173,5.46090590425865
441,40.9462124396784,16.6799232910969,11.0973627402343,494.434554144224,59.1239598646796,4.56247631730311,40.7750734033792,16.6129278432561,10.9369241514103,485.102617591977,57.589741581442,4.73603474031412,41.2289888587628,16.8220897292467,11.0827608958877,495.704564323271,59.0782303658546,4.5050686028877,41.105332242078,16.9825862331409,10.6523111990313,471.838534739903,54.3974972288565,5.0198200169201,40.6706777101946,17.6578591349775,10.3484731161258,438.436306771306,48.1190345706149,5.71280113054566
442,40.9657945413162,16.5758420845121,11.1300691633323,497.261537100308,59.5541359292469,4.24485536051067,40.7610524262,16.5967262132856,10.9505256203944,483.301482109685,57.2079153204864,4.63300828412426,41.2225582878742,16.7783026153575,11.0709160632751,496.162007520847,59.0258714604118,4.37220058501808,41.1373592834777,16.9817013770048,10.6324477758402,473.44542152057,54.6395110270954,4.78228466663123,40.6804746766812,17.7552267972933,10.3678873212677,437.121063503694,47.84973472359,5.57465731236694
443,40.9544493280414,16.6510024464209,11.1555329149257,496.474026844181,59.3267876070226,4.43998831709553,40.7527714812725,16.6001895580185,10.9870924914386,485.345812897627,57.5492679740248,4.76054285977241,41.2549750107763,16.7837096611831,11.1113804550548,496.726236981242,59.0702146913145,4.47585276049921,41.1689907273802,17.0321947289283,10.6122648650167,470.339902053903,54.0743664679442,5.06271807339045,40.7009018812759,17.762810229124,10.3524368528648,438.451648330541,47.9867797543904,5.77663458149567
444,41.0456120286657,16.6389378974254,11.108454195045,498.407027872372,59.4880635207768,4.54477088851324,40.7081534982372,16.5720409427191,10.9158880593925,484.92279650975,57.3447739542119,4.80988927775024,41.2733193271519,16.7845449683277,11.0879956833122,498.158892888652,59.2388712384123,4.51594613818482,41.1410985927295,16.9837549602537,10.6069882345293,472.422356888966,54.4405035709639,5.11708584871851,40.6106766279106,17.8096000396991,10.3279135360808,437.779992235083,47.894174033956,5.88740634897543
445,40.9882969095314,16.614914274813,11.1105916622275,496.936646350233,59.263884004099,4.32344409966248,40.7441542705463,16.5673746159456,10.9962193133454,487.1622890438,57.6427183108158,4.57800974943395,41.3117371028833,16.7168340589125,11.0756644600351,498.647085777127,59.2203359033558,4.32565459613697,41.1755371201147,16.9551877126707,10.6596541261771,474.821176025954,54.6733499124545,4.82276628167928,40.7586932834324,17.6588538762132,10.2849086350867,440.467364301974,48.2658900693934,5.47660482618449
446,41.042498958704,16.5739318506289,11.1462750980549,499.712363566459,59.7010195262446,4.47421908381209,40.7901437057902,16.613449556209,10.9626012360432,486.327957195054,57.5652077487779,4.78724873485854,41.3326419539399,16.7639435095122,11.0499609947123,497.476216307874,59.0208337883433,4.559750712952,41.1884657002775,17.0242139210443,10.6112137324183,471.155078555462,54.0919828545139,5.15722317168176,40.6729888856368,17.7065214069837,10.3504067414078,439.939132864924,48.4184872322543,5.73423340507023
447,41.0456829687015,16.6506087198792,11.1299388517735,497.150496799865,59.3098217545871,4.28938821519685,40.8022857139664,16.5942503475477,10.94940375738,485.43597541872,57.4430406448171,4.57622957154074,41.2417961964239,16.852417519384,11.0531031209757,494.925827165588,58.7151068646346,4.37994259201983,41.2006104197237,17.0056763741688,10.5710666457442,469.588760905658,53.8902951906448,4.98716838450943,40.7812710909883,17.6808734799994,10.3452919015927,442.009438864234,48.5674120326443,5.52666465963944
448,41.0158375657973,16.7181775148521,11.1564355446653,496.164718522445,59.0843166124474,4.54217514234453,40.8154811398076,16.5703414290039,10.9697211730704,487.200486365962,57.6686759249007,4.65144905598137,41.3461114708949,16.7783071504894,11.0519006458402,496.203158977048,58.8336926799457,4.44570543851167,41.1296635089601,17.0432444276584,10.6524992018736,470.539273146537,53.9011693278617,5.14638727540801,40.5993171783165,17.7321496371086,10.3265072592968,439.095108997531,47.994674791206,5.75869412497764
449,41.0391729499439,16.624623326626,11.1976920425193,499.317476041303,59.6519743133409,4.44542165536315,40.7914947915761,16.5786650239815,11.0071951036489,487.709541065048,57.7691256434263,4.69601516963202,41.2761166646288,16.74292543941,11.1182073584121,497.610617442308,59.1210179246208,4.45403265223865,41.1586630043444,16.9831740401042,10.6216211335837,472.292378440046,54.2679925326225,5.07723163848217,40.7030418377411,17.657139413746,10.3844851321032,440.782737055235,48.4699372667986,5.67380606418175
450,41.0519768875422,16.6682399128853,11.1863611204198,498.15805115892,59.4648303130782,4.32349382498251,40.8720528129655,16.62609380481,11.0223957273151,488.674428201955,57.9019065405146,4.48634628705714,41.2648072574677,16.8389171901348,11.096680669599,495.623286609597,58.7334721030588,4.40726024078956,41.2023175338699,17.0791647501051,10.613869544407,470.958205236814,53.9516488689649,4.86581196901626,40.7474968270877,17.7155912801036,10.4093519325834,441.853756880612,48.6757774601654,5.410812697836
451,41.0227676668715,16.6918206482195,11.0917829639478,492.921401258478,58.8014649963412,4.49313057973471,40.8306170609787,16.5827595728779,10.9736774857774,485.298357764968,57.5998946457122,4.64101472398463,41.2998222189958,16.7987552194532,11.1078608651595,496.498214381588,59.2154410311652,4.38449051219561,41.100996759604,17.0290301140652,10.6049662116723,469.187618511074,54.0900364608328,4.98343344637167,40.6796021918781,17.7723217250676,10.2719610196967,437.237987159393,47.912472439712,5.59513598678915
452,40.9796779946642,16.6343845805717,11.1456318094496,496.766367052337,59.4226919691479,4.41240736009226,40.7012237410298,16.6285388896353,10.9520786423717,482.003196269092,57.026527852034,4.79346525202167,41.1772277075708,16.8674857616122,11.0405765288537,492.437175100945,58.4601982741871,4.59667634302982,41.1790996003871,17.059711657695,10.5931190619988,469.516731923845,53.8515046759594,5.16168454880951,40.577014045195,17.780445936091,10.3227103991366,437.141759177727,47.9321880831846,5.79938575512074
453,41.0293901457937,16.6414748070791,11.1202405804489,496.53602972205,59.2855918517974,4.556011816188,40.8337919093837,16.6620584069375,10.9244534506846,484.50281183827,57.3672998930518,4.73272432546891,41.3609882737093,16.8464516521474,11.052054006353,496.922069989699,59.0069492088444,4.47699883337415,41.2675968467257,17.0089037860604,10.6575137498376,472.81064364676,54.4004103283302,5.06471371212818,40.6894730004271,17.7540078725359,10.3659402550088,439.174225468154,48.069868710352,5.7702829928047
454,40.958857245375,16.6736248419598,11.1018039570185,493.775680567491,58.59524506506,4.32885091402597,40.6960146927382,16.571038146213,10.9518549154225,484.318635704368,57.0992148900645,4.51065270403539,41.2749955230317,16.8191570726751,11.1032326617379,494.510528023767,58.4756052969872,4.26659222569334,41.1442556522339,17.0382539108246,10.6346672033359,471.299853024393,54.0406358207296,4.70822333329298,40.627326742137,17.7181881745928,10.3041824689928,438.160267103552,47.8932622073306,5.31582676013827
455,40.8797546429849,16.5977437732412,11.0915963279402,493.925376357605,58.943342178032,4.48670760098018,40.7390628729883,16.5548591337369,10.9598650107392,483.580135803026,57.2018497935528,4.80406035668473,41.2375221579064,16.7775108209807,11.1049726780237,495.777363136968,58.9010217337925,4.49336410117543,41.0712265155263,17.0596925250911,10.613348296345,470.056083069217,54.0271230202299,5.01400395341341,40.6076660368457,17.708249527645,10.3208800341171,437.822789810532,47.858021200289,5.743652086991
456,40.9546337262061,16.6170223269533,11.1475563319173,499.169873062415,59.638130298907,4.26752488589838,40.7414154643418,16.5498684367414,10.949629396309,487.429269544949,57.6646817927252,4.49891246950203,41.2189545214121,16.7344691991731,11.056280660511,498.262370403959,59.1980293685981,4.25500405022856,41.211978396739,17.0005076519973,10.6728361359343,474.358293060829,54.5817840026069,4.77047348493799,40.7403182903949,17.6852798213192,10.4554242485478,443.061443765967,48.7538710923807,5.44627534726224
457,40.9767700653522,16.6475063436233,11.1231008317862,498.195320493047,59.5980575044774,4.3505698800663,40.7604142344288,16.5535388171753,10.9514084815881,487.297799955663,57.8661255905072,4.55537930754588,41.3329782826945,16.8318814576135,11.0945487563219,498.578663320786,59.3424284725771,4.35666596211186,41.1850019893427,17.0405810308845,10.5803964602124,470.135102957865,54.0368316294138,5.03278742030708,40.7541981739063,17.7292564942315,10.3745182046947,442.65786502494,48.8106986380261,5.50142553922596
458,41.0892994354499,16.6626815148069,11.1729960766469,499.92834623531,59.7652834989562,4.36075465183719,40.8341070993145,16.5608564603026,10.9768623928124,486.15230683903,57.5694803039908,4.70637591463665,41.3319984131167,16.7847816664952,11.0892461616243,495.834318504978,58.907400225994,4.42209943646168,41.2388978959757,17.0020672261471,10.6391953929882,472.910110806829,54.4639744077368,4.91962427559387,40.7318200847169,17.7003952598099,10.4414554230127,442.023409949763,48.7228934837729,5.55598549832374
459,40.9659187221706,16.6472198128428,11.1590342114152,497.616471979689,59.2602740051425,4.3957294054256,40.6936758884685,16.623390600984,10.9335353752116,484.405672145974,57.0743190562806,4.64647307873635,41.2060114767506,16.8102930076933,11.0905775024519,496.198966752615,58.7970716363603,4.4217623597521,41.1536717259053,17.0877054950011,10.6232678848669,469.226844578319,53.7016959594505,5.0426512083411,40.6812959665771,17.7393029149876,10.321801850519,438.694206182269,47.927901532675,5.63420367683012
460,40.9904861858004,16.6342285072912,11.1748699103583,498.922723980051,59.5108649293391,4.38631786567035,40.7754269055048,16.6601719297351,10.9352893227463,484.474257488952,57.096407333533,4.6792269150609,41.2635622447334,16.7735856181009,11.0978014311647,496.384401615092,58.8637371873151,4.43459126435651,41.11631825533,17.0421242326027,10.5757944968003,470.11116175095,53.7931891072917,5.07922819918171,40.6602162424082,17.7237855279334,10.4115492636258,441.450859723718,48.5568494406723,5.57112650910383
461,41.0830210908373,16.6456064767598,11.104788203867,497.553019008406,59.232553069028,4.65105674704239,40.8020158514887,16.5875723070864,10.9031769419801,485.791373437155,57.4648844881398,4.86238771644157,41.33176045433,16.8270323653544,11.0652024864404,497.375835898882,59.0827563332521,4.59623193559987,41.1677701776351,17.0285074043408,10.5984863264165,472.80201412529,54.3641085195987,5.16678281188488,40.7465134373553,17.7297370822968,10.3390284649878,440.145705251516,48.1200425234272,5.8903731964185
462,40.8246927345662,16.7223305901167,11.1890334433658,492.811475064028,59.0204116879288,4.44078953100769,40.6553913371509,16.6808762424316,10.9569009245153,481.168296461674,57.0673634275803,4.68038174611515,41.2004475827917,16.7805151033909,11.0957959265712,494.688638429058,58.9004807242807,4.38857119401867,41.1019205375997,16.9950281045581,10.6083808003165,469.979041911413,54.2632045307677,4.89702632908177,40.6047629157869,17.8083193203078,10.3729301619135,436.738242687811,48.0090864392657,5.5941835013265
463,40.8612941642086,16.6658225700075,11.1138879155289,494.420920997716,59.2200987923985,4.4137259398499,40.7167346987902,16.6047347972887,10.920933233567,483.889265412546,57.3897312561886,4.67893262432144,41.176071375044,16.8415862182661,11.017574664797,492.122678235553,58.5372085295034,4.46105477272497,41.1557266897788,17.0296218533144,10.6042484760873,471.677298771984,54.3241537828011,4.98548342806352,40.6605881920811,17.7877357091669,10.3300686362404,436.8587525961,47.8646432042641,5.6521786818688
464,41.0517108643523,16.6337732721584,11.1357354863794,496.705198112635,59.4191590297174,4.56203203098335,40.7962941041725,16.5722220645269,10.9757887677482,487.541922946737,58.0060102822992,4.71909320978726,41.3488116472631,16.7491688802464,11.0889843929498,499.534618722907,59.5677540788419,4.52126494476059,41.2608808429767,16.9378112740608,10.6275911964203,474.217703835896,54.820952726342,5.01944064571662,40.6022008172009,17.6466877546261,10.362432652981,440.785709239584,48.5585272965147,5.79746355481467
465,40.9100635681831,16.644931442293,11.154235351888,495.108104690576,59.1460577679936,4.47909365525666,40.6679902127889,16.5814120808017,10.9168074649969,482.310756981045,57.060902627773,4.76150194351611,41.2633931218981,16.7777782005779,11.0704600176782,495.922275158093,58.9782283998398,4.48321062746341,41.0949577403469,17.0426840577146,10.59522226991,471.029497509095,54.2194979935685,5.05945946493508,40.7622595122823,17.7124764467659,10.3377936420562,440.360643089807,48.4213198203215,5.6215517597579
466,40.9810837759796,16.696027447642,11.0683051416672,493.83765147826,58.8957295030072,4.41776397217306,40.7589505650105,16.5981677571182,10.933949010973,484.611516433919,57.4076159983892,4.65137693524416,41.2092710319573,16.8374334514348,11.0170692761167,491.988124997151,58.375902166983,4.50490776865633,41.0943610038828,17.0672962503421,10.6056624064051,469.232826818975,54.0064438833835,4.95969039599082,40.6396013013201,17.7519818254955,10.3607106245231,440.043824924039,48.4917724108565,5.4774168232298
467,40.9369188599005,16.6657880474729,11.1919227080603,496.51891188819,59.4915563815899,4.55141623131138,40.8220875895889,16.6007628667705,11.0173157019227,487.898696670278,58.0639936452628,4.65555190651061,41.2616555215447,16.849205810375,11.1185500160935,496.11716283787,59.0430156749791,4.55409388198148,41.2041622167788,17.0427270536161,10.685645744018,474.583611741927,54.8172428743728,5.01059095591515,40.7566455665093,17.6619131543324,10.3949982998381,442.197275977859,48.8371447374214,5.67699996808926
468,40.9398297521478,16.6079947990445,11.1440020666668,497.67049687811,59.5307961165519,4.35555360564917,40.7528439231689,16.6020365235822,10.9306998180154,484.119266501037,57.1443451737598,4.72441205695487,41.2835380039781,16.8232972451225,11.0182009953692,493.481250818985,58.4859291269776,4.48975760507873,41.0962896890561,17.0602962979325,10.5811667270753,468.923878334175,53.7708746425383,5.00350531609637,40.7081604654985,17.7816015738793,10.351191849332,438.747456459952,48.1077930124965,5.55537065128106
469,40.8883738854009,16.6370653122382,11.1332802330967,496.616890326642,59.2358188210777,4.39478988908267,40.699901355587,16.6568050543433,10.9568596529225,483.263026278666,57.0495705914969,4.67856192855464,41.2261736201723,16.8105460625408,11.0885153508617,497.370058686701,59.0519762172719,4.34146252337458,41.2114320668149,16.9931970581157,10.6476757858958,473.977165230224,54.5173411438549,4.89374511005709,40.6255012231503,17.6764909387588,10.3465912992085,437.854264797587,47.9431011716281,5.60398836745936
470,40.9028999117421,16.6792476245526,11.1496940911678,495.813311207933,59.2352102819154,4.55820062558541,40.7294133397728,16.5915659280386,10.9040528307026,484.20578440289,57.302255621613,4.86847175921823,41.1880605521384,16.7921349907141,11.0292514090187,494.409527520029,58.6209321211283,4.71289612383404,41.1756295405388,17.0310362109938,10.6322043190154,471.501693181562,54.4069806503885,5.10991007107886,40.569178043806,17.7423318497772,10.3626090387285,438.657621713955,48.3778778739272,5.7648179977769
471,40.9847098051118,16.6535892572498,11.1478521117722,497.263775679594,59.2739524888422,4.52609920267395,40.819158262001,16.5959705179376,10.985920638742,487.966938034811,57.7439422406707,4.67759964665745,41.2725479441564,16.8000632948972,11.0924274798141,496.323004621001,58.8770260938894,4.49147168379142,41.1980956395515,16.9650560490434,10.6604070932451,473.92049341637,54.6758374803083,4.94433696454082,40.7020796872442,17.7318186773717,10.369554626661,439.901460592682,48.1658633143201,5.6812898992723
472,40.9087132556431,16.6140579422026,11.1222977896833,497.449355711852,59.3035752498755,4.32485643318356,40.7474734525682,16.5721258928237,10.9637789474049,486.695834754499,57.5132113406605,4.58144636890152,41.228786616697,16.8068051324088,11.0467495510311,496.165138684608,58.794033847554,4.33273369396324,41.2218616744932,16.9675895785183,10.6564887440934,474.743908826129,54.7260665166449,4.73642104066145,40.7412759661172,17.6810537752798,10.3691890865755,440.793443435733,48.4029571621068,5.43598219061963
473,40.9572959751643,16.6638523274063,11.1134569000023,494.397638159745,58.8519274402145,4.67693448456267,40.7074590069609,16.621964662453,10.9480989563901,483.390399012056,57.0480102750349,4.96770508097181,41.2827232220939,16.7956356433476,11.051251600482,496.65850015744,58.985698008146,4.56859561879072,41.2096473525311,16.9435532467066,10.634798669226,473.941366893325,54.5137706042262,5.12474890241727,40.680869428418,17.7352408422481,10.3382024520774,437.803178826601,47.68499072996,5.91021326052377
474,40.8677167766884,16.5946908610398,11.1430432147043,494.09890881157,59.056263623152,4.639088574695,40.6643858499925,16.6171936122524,10.9527374973948,484.211793150134,57.3755310809473,4.83400011016922,41.2882779041708,16.721848807411,11.0949445875122,498.234065913231,59.3335650006633,4.57156800297078,41.1356972146529,17.0167758377899,10.6381563902189,471.512108914269,54.3779763759565,5.19647503076312,40.6145068306923,17.7421072062516,10.3951244778339,438.6982498154,48.2755270837131,5.91812770661197
475,40.937635008306,16.6740434531976,11.1653821459448,495.145548232601,59.2338637012394,4.28601944005111,40.7564743252225,16.6484237381537,10.9854228284845,483.39992300597,57.2585481105346,4.59502675503685,41.2212453704177,16.8275761126141,11.0849255064757,494.949414654726,58.8855701739027,4.33533795116004,41.096872826256,17.0580991778435,10.6272123124645,470.314566618514,54.0883238795265,4.94697534407878,40.6465118097794,17.7928087747856,10.3184798739408,436.540764551204,47.9917809681568,5.54446395976444
476,40.9575540110709,16.6582001075787,11.1591398988366,496.193293251278,59.3377729900442,4.53849598096828,40.7212668755965,16.5969372889009,10.9934516432545,484.328744334648,57.3971395846293,4.83408483947224,41.1524711239804,16.8080362848666,11.0757288683996,494.291840133727,58.7285823777725,4.57836334354979,41.1854139455331,16.9442668627105,10.670452382543,475.421531235398,54.9423735642096,5.02674489281991,40.6821070435753,17.7297654964218,10.3814447762503,440.594238155515,48.3142637705822,5.82612830631581
477,40.9144586860198,16.6637811449944,11.1113877134069,493.680622124314,58.973841857959,4.54171299559341,40.7156073772885,16.6035682972357,10.9597198720995,483.237704012107,57.2498256062555,4.77529578826358,41.2107256558827,16.816130785561,11.0606375643931,493.002556414065,58.6441159167028,4.51460769938717,41.0345434276152,17.0912658903497,10.5486917955497,466.696469437831,53.5766282613479,5.15273897237588,40.6180094952565,17.7665906863983,10.3446089664333,438.478485799602,48.1899768700558,5.68921630242924
478,40.8909463718669,16.640096020363,11.1965614658715,497.322266363642,59.4075823300654,4.42083785571354,40.689674072908,16.6194229211802,10.9728426371244,484.445330821044,57.2505051141381,4.7308591885076,41.1778691808467,16.8243139102752,11.1016060170156,494.311484254105,58.5311112577662,4.60398475960973,41.0971545947491,17.0644626463473,10.5924536905142,469.81778600495,53.8937210591394,5.05451032879668,40.6565459079564,17.749978130467,10.341527127146,440.074650969766,48.3143916491212,5.65877062559395
479,40.9265729354847,16.7022323435902,11.145151227942,493.71716470701,58.9508352407624,4.61467179437629,40.6933581365088,16.6339941438508,10.9185323495366,479.534925604589,56.6458510179001,4.91844147736253,41.2311774977581,16.8012503837755,11.0986425337918,494.213616303052,58.707772049615,4.60740790263946,41.0950921591322,17.0691294598513,10.6133214412732,469.18259477072,53.8472054218871,5.13075003092214,40.6548177063825,17.7393242885616,10.3058769013709,437.559528017775,47.9322405195956,5.76055255803951
480,40.9930654490516,16.6339911880746,11.2037764405831,498.922641080314,59.5074320821663,4.2518953034378,40.7950705240866,16.6125202055316,10.9777304664434,485.158599587466,57.2732208667742,4.50472633690615,41.2895126832062,16.7973499256635,11.1462872085941,498.260464098396,59.0544513192203,4.29935088547237,41.2557392088699,16.9702320703327,10.6365697506196,474.557029753929,54.5825768392284,4.79691190031461,40.7774976715118,17.7119572773932,10.374874998473,440.881328750872,48.3270006277575,5.42968377159739
481,40.9444229613214,16.6567164247234,11.1037871187503,496.500525267951,59.2468659907062,4.44161576124204,40.6873628111891,16.5934717173578,10.9988496006418,487.587967774004,57.8632653811219,4.72083416931066,41.1740818103427,16.8230022508281,11.0668413216129,494.122585325569,58.5926223996895,4.59241339540269,41.0974180552316,16.9669650360569,10.6094731897465,472.00772108829,54.3868869021213,4.99956299595992,40.6395584208763,17.691953579844,10.3376264821201,438.850118663624,48.0471009207395,5.72768239077897
482,41.0246259776234,16.6989801503348,11.1476985981092,497.538575578689,59.490759847271,4.28431002341647,40.7994726286756,16.623025114465,10.9472350079747,485.259791003795,57.4351517129082,4.53971828516421,41.3374469758034,16.7710133668658,11.0819801289779,495.791222719368,58.978696108375,4.31795161580648,41.1708400849385,16.9941174980029,10.637111786955,473.219435309537,54.5278442647847,4.8112916303456,40.6483258343035,17.7375738153023,10.3565134952649,439.388675798761,48.3859760941452,5.50339119421683
483,40.9648012185584,16.6562210983394,11.1406869583382,495.889962934113,59.3285467364957,4.28282893887847,40.7118850831852,16.5598105513834,10.986008942448,485.782994329197,57.6296915981884,4.46533199628559,41.2269638893542,16.8501428451872,11.0837274846534,494.570369888823,58.7281012207333,4.41528169795998,41.1074980497313,17.0654541806,10.6765689295125,471.374588132511,54.2299555260205,4.82680317812305,40.7015919303151,17.7470045203651,10.3974602379126,439.861897437743,48.3676455566279,5.41662494028916
484,40.8936344219114,16.6510170809386,11.1234192680429,493.786207935905,59.0626248921104,4.44815470140689,40.7245539104852,16.570809511056,11.0031713983412,485.553233730976,57.6490655136033,4.63305389437593,41.2802430635541,16.7636678269898,11.0464933929949,494.744106985248,58.8190019582317,4.49272749105583,41.1480321162575,17.012626971014,10.6267429039449,472.176606435227,54.4961883167079,4.9860409221247,40.6031620859689,17.752014877531,10.3463784517253,438.92325123351,48.199043099237,5.69626328456274
485,40.991985240447,16.6973907076467,11.1204038052891,496.130604018135,59.0847636338328,4.37690683301251,40.7295754976157,16.6671800558109,10.923969741874,483.329476761135,56.9837871910803,4.60189482533712,41.2889771385317,16.8195386608333,11.0724435211186,495.416396478145,58.7003722001795,4.37368074077955,41.1941830630856,17.0240431344213,10.6536200975994,472.953990183511,54.4344840924994,4.84726714637877,40.6613987395435,17.6967126710814,10.3592624385236,440.484899569288,48.325404145932,5.48155939093385
486,40.9690848540044,16.6612545450036,11.1437104067639,496.484612385237,59.1537391896614,4.592781030654,40.7367121105666,16.5667590686768,10.9527360085092,484.678985813551,57.2643883184116,4.85319416475833,41.1885736550722,16.7612586765874,11.1259541959039,496.294127472425,58.9477771676301,4.56029501782868,41.1566605443375,17.0317811179352,10.6474894727546,471.196845616042,54.0907377415515,5.23854110014729,40.7086996558481,17.7541384718304,10.3616033256364,440.52285268041,48.2819992604031,5.82277030723553
487,40.9436217836732,16.6544342473972,11.1342128343978,497.310274396327,59.5121334013181,4.16341145212872,40.7131878352583,16.5815486005819,10.9213906403984,485.333624676022,57.5172117193876,4.41191103134373,41.2008486409939,16.798544650445,11.0907539755184,498.152741260041,59.285374436185,4.13944778854686,41.1232115602008,17.0293934906851,10.6176413288981,472.724777711652,54.4293784034856,4.67665182136598,40.6856757040036,17.7391047677539,10.2951599069433,438.356346125437,48.1429768549096,5.33875805026186
488,41.0305451696134,16.6854971591661,11.1359233856305,497.422622155459,59.2380829462314,4.66699802260025,40.8208789083404,16.6109740270087,10.9750861373697,487.232890853469,57.5354422006021,4.9456476361574,41.2378386149536,16.8221260569827,11.0795370740636,496.158803591184,58.8069218022423,4.76810718512117,41.1207044303524,17.0519705109646,10.5922237357791,470.00927298721,53.8404960042862,5.36464197199443,40.6698042892527,17.7592103098657,10.3230542162466,438.413057792426,47.9077546102312,6.01580183513022
489,40.9729399389351,16.6122240837867,11.0935396831584,497.036399868335,59.359754373311,4.50376857063178,40.749716486955,16.6035982513618,10.9096452514018,484.431846873507,57.2148406742944,4.84253734680828,41.1914827591118,16.7636825684268,11.0107110830388,495.572849138292,58.8487749065747,4.60211574483033,41.1547908100953,16.9468400844832,10.6170181359611,472.370592166002,54.3698673049184,5.12645882430945,40.7373925260136,17.7076880658245,10.341326040405,440.023772150401,48.3416717264171,5.82601776249095
490,40.9079584595518,16.6296956250846,11.1012910040702,494.849321756373,59.0496530420692,4.47813459561383,40.6407397388659,16.6352720560886,10.8633478374585,480.267519139641,56.6460547933986,4.7730770553848,41.1861289491462,16.8186448412057,11.0242092933611,493.264183776654,58.5540220937707,4.4544216343732,41.0328926724971,17.0347113513329,10.5698338625437,467.993569951396,53.719273556126,5.06974639000662,40.597801803516,17.7318487409695,10.2876344269285,436.369123178125,47.6141224499814,5.72166177225103
491,40.9259624613408,16.6665771332263,11.1289822461733,495.217239410078,58.9997242688507,4.43947006965627,40.7289174629731,16.5859840088775,10.933234724846,483.469123618078,56.9628854918668,4.73070127718126,41.2333946335284,16.8443738794873,11.0541212234146,492.811881383478,58.3256963911094,4.49470989916122,41.2092750239972,17.0423775024082,10.6062628120243,471.829747394344,54.1671367023871,4.95821458415948,40.6873977575794,17.6684030431977,10.4003635024514,442.434468094978,48.5971788937402,5.53539623846395
492,41.0823318786691,16.6959257894547,11.1125385667431,496.446628033171,59.3561808117185,4.3964148437326,40.838616057309,16.5664368765796,10.9516017707859,486.443596568764,57.7089748889316,4.6455065790812,41.278172756929,16.8057339232522,11.072914320662,495.657985005497,58.9430679887403,4.50097966008393,41.1672747760875,17.016422328517,10.5425482270024,470.703188675521,54.2039757491274,5.0381811684671,40.6370467480276,17.7483723460248,10.2951486138292,436.339496537864,47.7780647021637,5.77255252953212
493,40.9666273829426,16.6258716855749,11.1368452419669,495.996242364625,59.4304632931509,4.35618279473223,40.7738958732476,16.5666732482075,10.9444389711336,485.492436639732,57.6860860244691,4.53778589002463,41.1942278164525,16.7646279495365,11.1202242880732,497.159402013726,59.4084310037148,4.29117354452853,41.1771566569456,16.9860265301201,10.6403783150911,474.844256089757,55.0017501349733,4.76657966872917,40.6939417589704,17.7511368125042,10.3511367464482,438.847558044339,48.2996451051819,5.50323328653049
494,40.9521353872112,16.6412278636244,11.0720396973575,495.802710247772,59.2233610047566,4.51182562042988,40.6935240159739,16.5726236666698,10.8894031572193,483.395604292451,57.19251443289,4.80862927792755,41.1448594953004,16.7769345856212,11.0317751399938,493.56302262108,58.7195567571867,4.52526776120422,41.1844489687425,17.0157463527967,10.5787220301743,472.311468012713,54.4729400671308,5.02434269244195,40.5655858490117,17.7363563380073,10.3608169510296,438.485272904279,48.047197437624,5.75787260072527
495,40.9916290333612,16.6304928699869,11.1669426731526,498.432166270111,59.6135054935813,4.34312467143441,40.720757245561,16.5222708870342,10.9678409619664,487.852272064211,57.9556468416763,4.6056887422346,41.3398207571337,16.8034302146604,11.0885576011275,498.579628761514,59.3341593549001,4.36414571274832,41.1626732250695,17.0196762853856,10.6294335883508,473.631315637797,54.6196517226657,4.89961078972671,40.5892884113911,17.6981629935709,10.3014258831807,438.835038780211,48.265463401992,5.6504442511017
496,41.1043934550646,16.6583082356974,11.10576772195,499.439303325635,59.4211368768166,4.46947687947341,40.7404058903977,16.5364850533897,10.9633422740616,486.006283060102,57.3364658508899,4.75962543902505,41.3155274265653,16.826714656535,11.0597831327637,496.763036319446,58.7958551725519,4.49309419450138,41.1617966006772,17.0864216480008,10.6275089703301,471.951538841206,54.0373014691698,5.11040160395101,40.6663806999831,17.70884904274,10.3713483781522,439.17535552744,48.0424249326443,5.68112796566152
497,41.003585526709,16.6230150028537,11.1407213663335,497.548088715628,59.3360149735026,4.32387414807307,40.8047918881086,16.5160274316575,10.973962266307,487.729094173702,57.7867505413992,4.50691017881523,41.3467629856946,16.7164037565494,11.0632474313957,496.343234213112,58.8114285544727,4.35902544103065,41.1533986685163,16.9912146838289,10.6291727667093,470.767347976506,54.0913688176156,4.88345052221784,40.7456014388016,17.6941355628533,10.308631960002,439.324089636726,48.1243727951149,5.51927740217703
498,40.8992236135221,16.6204783572148,11.1483855224309,495.033363562765,59.0836894990532,4.5467828162547,40.7150510383829,16.5994671573773,10.9911224944318,484.103698136242,57.2948237334474,4.8286185858386,41.2977154060379,16.7376095695335,11.146191531972,496.88744182961,59.1476200765337,4.49339356563611,41.1826279083774,16.9672200769627,10.688464333759,473.293656614519,54.6322031062916,4.9958664812975,40.7155133627769,17.7001118579432,10.379885453732,440.689291211162,48.3547840147118,5.74257232609613
499,40.9675268535314,16.5790188016094,11.1914562038264,498.777248162061,59.2536935591228,4.60408501954308,40.7409041172018,16.53938269497,11.0105220494333,489.553400505843,57.8232702938358,4.70718446431174,41.2984009466538,16.7103874689796,11.1430585317494,501.406223427592,59.3877003799768,4.54756343308534,41.2253845152671,16.910060443751,10.6837996642966,476.466271031431,54.7381453397839,5.02550236951776,40.6852260747496,17.6954334019736,10.3731209709851,443.527138501955,48.6027353986791,5.71065073780838
500,40.9192304750037,16.6643877832546,11.1323020213342,494.81766525974,58.756399221042,4.69502353194467,40.6797072601565,16.5543863581455,10.9379343855853,483.898426148022,57.0085260542981,4.9108039013168,41.2797855825615,16.795311150026,11.0885127846083,496.99328927795,58.7866325170462,4.63683218391358,41.1135125762314,17.0332627935897,10.6377250079083,471.944464757707,54.1249384709115,5.19547431065837,40.7153714878321,17.7272268318104,10.3049394194759,438.994132797773,48.0451132828098,5.80926351860604
501,40.8397610672648,16.709741060789,11.0795783922733,490.83562780893,58.452496795245,4.69879621162839,40.6531877727147,16.6327666703124,10.9529200011412,482.052462843944,57.0679615500983,4.86198049657582,41.243603955383,16.8029938257773,11.0390998035528,494.415288629899,58.682812499485,4.5882781463886,41.1086913816967,17.0187831837989,10.5707799729653,468.723975596771,53.8700347527814,5.0993601413744,40.6709293385075,17.728552584478,10.31150378007,436.320436516562,47.767448027458,5.82888163832039
502,41.0276642212421,16.5903770342162,11.1449790146332,499.76700388856,60.0477626086704,4.27945427678142,40.7846989158795,16.586288356898,10.9423576401933,485.69129630162,57.6888532778568,4.61332208570816,41.2828330832132,16.7456883975252,11.0689530437567,498.786041578591,59.5898232902576,4.33461627290251,41.2833563700498,16.9626481262451,10.6373728589386,474.357406716778,54.735862859297,4.91281459954013,40.6822284480332,17.6673609555701,10.3061860770649,441.540871443043,48.7304061860564,5.57033507035468
503,40.9770627961563,16.6167501792871,11.1488369078791,501.024818569549,59.8541440262466,4.43116964904815,40.7476297528672,16.5783714255116,10.9939902813147,488.167408595974,57.7933551812416,4.72999306566005,41.2965123090314,16.7644430153372,11.0951366300981,501.898468418668,59.7960360350853,4.34560256174588,41.1339777243342,17.0552906975561,10.6201056848142,471.967116197402,54.3364070548486,5.02415203030125,40.7250633726165,17.6799132535176,10.3607910799561,441.797047475197,48.4935181026129,5.62588119139657
504,41.0346168217015,16.6857350105112,11.1723688659925,496.332555027264,59.1592056505979,4.5598973686496,40.8360438718475,16.6024046573148,10.9849315258387,485.97110267985,57.4740722801856,4.72903689525393,41.3557382367452,16.8159564845828,11.0850151000905,496.708292465382,58.9089459202279,4.52448261739925,41.1595515497178,17.0630996159816,10.6397191989907,470.745921814412,54.0702767163853,5.0793147874035,40.6942828075629,17.8004109558213,10.3165678921984,437.2412101633,47.6706649902479,5.79171931006206
505,40.9472738400469,16.6361961421467,11.136696131324,495.435455135434,59.2332916324348,4.40237394589352,40.6328678189241,16.6383748201166,10.893252679524,479.440738305395,56.6902210239818,4.72775138899458,41.1842482956636,16.8319971868493,11.06318031369,492.732293637154,58.4696778380278,4.49791037014489,41.1417388424201,17.0616107577029,10.5898043673948,468.843701758587,53.9013590140841,4.97596826638191,40.6717575484356,17.7781923758716,10.3189803683483,437.193046469364,47.8697209751482,5.66573401172578
506,40.9915919222517,16.5781892449453,11.1841728999818,500.393801148729,59.8172604573778,4.32725535425943,40.728795336199,16.531251028981,10.9595854278966,487.990606884598,57.7969578854936,4.5292579843385,41.2607805626624,16.7581948383769,11.0626362460775,498.05902656935,59.1587697143957,4.34727062004812,41.1769812642818,16.9802926042189,10.6880731119308,474.664528626481,54.7268764049611,4.79856357307628,40.7521380312055,17.7246226153554,10.3817054483142,441.807761761505,48.3933794349814,5.46900187676534
507,41.0197681596216,16.6259549220949,11.1242935636519,499.16085723874,59.5145354365395,4.18411677700052,40.7693473509015,16.5652125654932,10.9527536520433,487.867436840856,57.712596473518,4.41746996086098,41.2911059176215,16.7360626571851,11.0979458239901,498.465246649565,59.0968696848132,4.23637408894973,41.0278960099286,16.997134096401,10.6557732794484,472.618091506411,54.3412178695188,4.7806699551655,40.6527933858491,17.6662487452704,10.399211154513,440.046448889124,48.1840164066763,5.35370748945889
508,40.9868268338638,16.6549661468341,11.1152539751885,496.29180810568,59.1704388538332,4.45235279975276,40.7855081027017,16.5701508070296,10.9712864891853,486.182696894229,57.5173618638686,4.71032543308398,41.2619667039633,16.816816920658,11.0843902235749,496.443434240808,59.0475818718913,4.42498630481055,41.1708590546285,17.0440003531305,10.6191813060769,471.381704420767,54.104236631611,5.02048423922764,40.6867406410608,17.7409132094826,10.3658134410628,440.498418373758,48.3299896063902,5.60601329715157
509,40.9585380470083,16.6888197472014,11.1811539719478,495.612510067565,58.963381924782,4.42866751297898,40.7061476139644,16.6018618219316,11.0036273610656,484.785327061833,57.230879303224,4.62106791051957,41.2866098843419,16.7634108180283,11.1077638384276,497.808674733238,59.0731068525802,4.32814413126753,41.1494605348013,17.0414706993925,10.6785882278065,472.147047922108,54.1429334252949,4.9347052531325,40.6293972305647,17.7553322072101,10.3759836422189,438.674336024532,47.9260636936427,5.59527907335546
510,40.9679088066945,16.7276866364316,11.1138038157496,493.990142641616,58.6883800560014,4.47493301624867,40.7022379988898,16.6905731668719,10.9607863740578,482.489576823629,56.847259823935,4.71097287437591,41.2234001647304,16.7798272271743,11.0576277845144,495.139162387577,58.6260418308837,4.45179285965531,41.1222236436064,17.0063180536951,10.5484365286921,467.213374176386,53.3214127033697,5.13239231103609,40.662976609426,17.7266853821985,10.3581634868853,438.717215581656,48.0240869166979,5.63647166365448
511,41.0600873332175,16.6558287719875,11.146097513007,497.696114533748,59.461731221926,4.41238117886137,40.7746218247768,16.6188355400918,10.9249139814561,485.685900938187,57.5503025986584,4.67583297031453,41.3676628554531,16.7382400429816,11.1158280320184,499.550206858726,59.4860283691286,4.3653951595807,41.1484874263767,17.0038906120105,10.5785458804292,470.713301163089,54.1799456549635,5.0242766897523,40.8091751023247,17.7119833507535,10.3656294631011,440.833441781321,48.4582881776353,5.60272431946912
512,40.9185139078075,16.683841433858,11.1579322062072,494.600213160005,59.0655981416346,4.39677261185045,40.7362381048135,16.6183666782845,10.9711945537614,484.840702755631,57.4497686703094,4.64332146852309,41.1859529136055,16.8545592215272,11.0773559002979,494.193533832017,58.7400889623312,4.38488442955673,41.1014350985306,16.9712689562482,10.6327216999419,471.09511146533,54.2192716395759,4.89295958130218,40.6406557248124,17.7594413900033,10.3921309169044,439.618140118742,48.1901103428823,5.50205823908015
513,40.9625557266076,16.6219818931189,11.1025835242977,495.527737914926,59.1479789975589,4.81996397157032,40.6605255383067,16.632654333338,10.9415730126297,482.890957816362,57.0611083270634,5.16096966267298,41.1532260301183,16.8157628250138,11.0494505132935,494.040952514294,58.6088142078648,4.83835474322304,41.0839279325963,16.9901394464478,10.5977156432593,470.933632785228,54.1675105118618,5.36048128649944,40.7064109290836,17.7864602706032,10.255281681109,438.270840813725,47.8889729079091,6.09067326465632
514,40.9366214007621,16.6145590869395,11.1584860155311,497.321977040579,59.2252663431531,4.36162728643669,40.7484928757904,16.6099843102201,10.9351627603176,483.28307343764,56.8146522328117,4.71966314990519,41.2362495024588,16.777459186273,11.0955538896255,496.847307892069,58.7895023497463,4.44792711949457,41.107511476548,17.0384489929632,10.6082173840483,470.936986141235,53.8446278577893,5.03479841348357,40.6580356549969,17.7582071422142,10.3279119995128,438.292429549897,47.8752711925475,5.7267799206013
515,40.9446074348116,16.6198550252465,11.0798065993273,493.10847647294,58.6611067378617,4.63244781648218,40.7593006922929,16.6070496950774,10.9494677976087,483.467244790389,57.0891255854055,4.86374489923991,41.3110177896163,16.7491409343836,11.056155148728,495.894725410829,58.8132882332021,4.5544958662166,41.1216469229762,16.9889066934862,10.6429562176034,472.60903603016,54.1656579164298,5.13248042328421,40.5892314721216,17.7892929989283,10.3250821552952,436.683526792151,47.5936874620442,5.85501742167258
516,40.9668864857262,16.5904172343676,11.1156939967269,498.084939192212,59.5697067367801,4.36721456855512,40.715898197399,16.6472269252017,10.9347326716268,484.953357874025,57.3878060506195,4.68848710603934,41.1740325215345,16.8162379183593,11.0527854705097,493.079337849817,58.4912840893527,4.52264322007164,41.1682318996457,17.0671224632256,10.5520478147625,468.798016156912,53.8151132558643,5.03556460738614,40.6148229642352,17.7320332750362,10.3166591970487,438.180086980521,48.1199966386196,5.67584663904353
517,41.004617958306,16.6662560321789,11.1248957109163,497.236854511869,59.2074844964112,4.61119311955406,40.8380443873676,16.5173246186898,10.9803744254881,488.272084476286,57.8930358551682,4.74947967164384,41.2562197340882,16.8416966361966,11.1112749547704,495.600774048562,58.7383022675817,4.56998470122964,41.1593558050657,17.0542224689376,10.6789416523774,472.590462744881,54.1086434652227,5.14299321078569,40.7033518990771,17.7169873022669,10.3460725466803,439.440597115235,48.1467624503373,5.82265431510397
518,40.8859354473882,16.6114573407302,11.1498588185982,496.225215403159,59.1999160693973,4.53066608055761,40.7231176404777,16.646497430445,10.9731548132067,483.060966516301,56.9982654372226,4.90096313804559,41.2336878947234,16.8051550335009,11.0932555440951,494.788119430919,58.5663220516314,4.62052280057953,41.1604610852524,17.0550528874535,10.6762624775201,472.191582200355,54.2310232769905,5.08289034676674,40.6134737201377,17.7427390460925,10.3893715091318,439.773658210675,48.1543512486685,5.81603747413139
519,40.9176681825521,16.641279768788,11.1228973006215,494.306980761771,59.123760366623,4.340155998482,40.7160807814736,16.6424566239032,10.9807452168988,484.268390771375,57.3870327307847,4.61928216991851,41.2349514122764,16.7860358313451,11.1074100308548,497.013736385642,59.2608957364352,4.32450141149815,41.1004497212323,16.9934005044965,10.6852337259748,472.519171170962,54.5644923323816,4.88098015562625,40.6818261904753,17.7407792211113,10.3594942855942,439.388068454785,48.2684842938446,5.57165035122004
520,41.0667642837165,16.6259093194518,11.1923248110416,498.196058743269,59.3273381455347,4.35710487566164,40.7761544715692,16.6615217289145,10.9673484937692,483.197064147063,56.8921712020632,4.68814268454455,41.2824774420509,16.8277400444658,11.0917678166125,494.91144815167,58.5340319879303,4.43353749611406,41.0698730772857,17.0750878571534,10.6054411765346,468.226241963192,53.4337609138733,5.05316578890129,40.6880105056976,17.7422761247885,10.3188098965289,439.4649643795,47.9971219340889,5.58264863794
521,40.9544393865239,16.6976646444753,11.0852742966967,494.285143976347,58.9331181607825,4.30196069000855,40.6566288724635,16.6365268966716,10.9315866905818,481.855737188343,56.9712812889876,4.65608134231717,41.2323345600636,16.8443161393683,11.0250495950213,494.708528074084,58.7078753779777,4.38237341655205,41.1424232156379,17.0647028551935,10.579608031063,469.983666088152,53.9698788105839,4.90974400889107,40.6234066251913,17.7221784912145,10.3434586558759,438.600316118174,48.1872268334742,5.4336005947681
522,40.8975734795437,16.6709643727464,11.1237873815169,492.899771978729,58.8515158837205,4.66938294194662,40.7452658284718,16.6433059698255,10.922978015551,480.97427863574,56.8554323755241,4.88106026337514,41.2099992109198,16.83607465357,11.0499107190543,492.916668806436,58.5477993213302,4.60087005937831,41.0946248047746,16.9920426139444,10.6118284976786,469.818572617163,54.1210875733031,5.14058039135524,40.5762098888696,17.8034461293122,10.3032675459107,436.04751899684,47.7685968397345,5.86224106320283
523,40.9053797000037,16.6866824159322,11.1095229794755,496.591936839264,59.3246894399154,4.29950277931966,40.6676268755009,16.6117359641479,10.9216747257234,483.763350780173,57.2151813330807,4.63607408376535,41.2408346751835,16.8051572494392,11.0816358060471,497.563419096607,59.1416245635925,4.30080387516442,41.1122572763789,17.0791119627705,10.6204811923921,473.327050847597,54.4953686561815,4.84570794403342,40.649166084614,17.7119191363746,10.3548138173524,439.27973738632,48.0596628593095,5.54989205358591
524,40.9439605149371,16.660657350936,11.126462854802,498.578877113855,59.5187787599637,4.34795052231467,40.7077689695069,16.59802870806,10.915420548838,483.23320167422,56.9349210578572,4.76404293740002,41.2038049696474,16.7953071636195,11.0914032819749,497.909451336545,59.1586833936635,4.38345030074589,41.0795954599666,16.9782571489785,10.5659355942154,471.103685730802,54.0354013584808,5.00779451549527,40.6222387081569,17.6849222165957,10.3529457016389,439.640775590875,48.2483399473518,5.59385035707949
525,40.8788938519847,16.6503155811285,11.1373891348651,495.380508429209,59.1932043537197,4.3516045869067,40.8080150547205,16.599870051526,10.9725654432039,486.089370324552,57.6387248136622,4.55117593343233,41.2720056596676,16.7668845851526,11.0889328622187,497.543033520341,59.2121169436383,4.30687691518231,41.118573593741,16.957821678837,10.6336336577805,470.902018769355,54.2453618309752,4.93293236976402,40.673347337864,17.7013412475621,10.3441169998036,439.517997940097,48.3621138585315,5.57006120886745
526,40.9644509303987,16.630951258683,11.1219760365958,495.803743107669,59.0957279429229,4.15808021674418,40.767132368228,16.5881038763663,10.963458094374,486.176280347566,57.6057009734792,4.29397450299932,41.225440138649,16.8015520141571,11.0432362304843,495.71803931149,58.8705736267708,4.11256432647576,41.1290611294398,17.0345826716723,10.5919262421558,471.668788687249,54.1364848320067,4.61111115318219,40.696674165703,17.7352944466117,10.3837815210906,441.401181163396,48.4334330733474,5.1846922770954
527,40.8970226658036,16.67803724388,11.1307731991648,494.641459617473,59.1031191300472,4.46332122550375,40.6563617042836,16.5516840074645,10.9743983259275,482.364878162076,57.069548823425,4.82950316238098,41.2179611178874,16.8255142414117,11.0379332063659,494.857306457707,58.8164745272139,4.49341917463693,41.1342499302868,17.0195605602783,10.581712757219,470.21077063266,54.1014059000332,5.04900706026152,40.6664734197673,17.7007480166551,10.3315919448863,438.697930080235,48.2112705810055,5.68117144068876
528,41.0521227112147,16.6710675479564,11.1316067266246,497.084179551821,59.2708718642191,4.50867598495272,40.7565070640948,16.5949713676411,10.9554865039916,483.989138842537,57.1466508065279,4.80997086829149,41.2310853998599,16.8137442635949,11.0411594527906,492.585902231287,58.2833016227072,4.65461209875625,41.0974739798819,16.9771587659183,10.6218412975864,471.840922085095,54.3105853121983,5.04887220530743,40.651956392417,17.7679423840224,10.3271389612609,437.522687411719,47.885310986335,5.82498015172066
529,41.0141739082893,16.6236769853382,11.1254276497713,498.870827040155,59.2719685419469,4.60343614551968,40.7613825042627,16.6157145406978,10.9451365908912,485.944175699076,57.2157674077678,4.87957466806575,41.2060079250774,16.8123289240292,11.0483297158416,495.378262042569,58.5492263153896,4.6515543924309,41.1656398678158,17.0815056516757,10.5964129295136,471.84826193258,53.9168810983053,5.28424827625453,40.7467986802867,17.6460806110795,10.3534185040029,442.752428331574,48.4276332531375,5.85964463572278
530,41.0317547403955,16.5441862184744,11.1974601958685,501.363828937745,59.8576731005201,4.61012420029823,40.7346358063289,16.5435590715796,10.9983960405795,487.747351465499,57.6324589390965,4.90457781702862,41.3311220232195,16.7510973608155,11.1211818251518,498.781099863448,59.0448118128751,4.70075318992506,41.1641303722363,16.9754844066019,10.6728138685665,475.444811317773,54.6447000248574,5.20808443498269,40.6501577059515,17.6928584339251,10.3885810327017,441.809233703803,48.405141658334,5.90101661049661
531,40.9029858982243,16.6784872547209,11.0709021922958,492.949571600064,58.8694962239312,4.44988356785888,40.7704532045945,16.6422357942578,10.9050537072329,484.062483383041,57.4262684275501,4.57758581986414,41.211996053422,16.765184930574,11.0441090421833,494.441863897107,58.891263497284,4.40536998013506,41.1377273668866,17.0265853359519,10.5981845589446,469.655917467495,54.1240584614795,4.92004148634769,40.6935126874779,17.7108369858306,10.3221201747102,438.572614882521,48.2523816673455,5.5204042140858
532,40.9932953026482,16.6854509555782,11.1355837315637,495.724211702537,58.8748439654063,4.62008518283246,40.692124417627,16.6775602235567,10.9743236187032,481.757894835489,56.5513253317504,4.95470998619586,41.304249109538,16.7526380983938,11.0735316150825,498.05894465976,59.0405797047934,4.51377946132848,41.15506226946,17.0634736424936,10.6370055666499,471.197818404422,53.9284101628733,5.14939362265555,40.6969212006726,17.7359220023077,10.3960640795802,439.460675513976,48.0867798876605,5.73127243561636
533,40.9899721220949,16.6292929770272,11.1584691958284,499.127158815993,59.5222584798457,4.39761648145313,40.8272443105936,16.6340777416724,10.9271143624714,486.33136761603,57.406157852584,4.6636259889673,41.3540202712069,16.7359307970214,11.1107804628644,499.830933406116,59.3744548317163,4.35377743262135,41.2602540806662,17.0118011766105,10.609363571779,474.692947404427,54.6869248306623,4.93644888954014,40.7445589549033,17.6534931368513,10.3891464489852,444.169581098787,48.8782154106296,5.54689385685702
534,41.0105565199341,16.6306429596674,11.1655308004466,497.818243917353,59.6315502612773,4.35376004283287,40.7973119259409,16.5086870869709,10.9732298191232,487.204627212233,57.841973011705,4.55429790381359,41.3454907762222,16.8116555416438,11.0459507549821,497.065516133569,59.1299196449287,4.31965987011226,41.132954248021,16.9737221546151,10.6390365863457,472.500600988921,54.3695004489607,4.906483644381,40.7075180870308,17.7592798989951,10.3377365256221,439.146868961336,48.0535009190443,5.60233730760131
535,40.9243012006643,16.7179478126879,11.1675365393254,496.284485343609,59.468329384786,4.58528642374687,40.7271001105905,16.622418699485,10.9479915310109,484.258926506437,57.5045231624474,4.84798409630143,41.2757176808249,16.8478622247013,11.0345143179143,494.413532785304,58.8150577109548,4.66773842499216,41.1994323414985,16.9891171436552,10.5941857402424,472.501070567013,54.5842648874949,5.12918610218796,40.6237639941446,17.7486540876621,10.3287937538894,438.252443419021,48.0992795471766,5.91072344912463
536,40.9285342933876,16.6877055187272,11.128008931549,494.074511939,58.7972389855852,4.57051359610095,40.750332769071,16.5857068750626,10.9564570607173,483.608561723574,57.1165194047015,4.77857379407808,41.2324419039123,16.8426964064344,11.0869861654397,496.147919035015,58.8253240601099,4.54820710780129,41.0638865363767,17.038263325757,10.6139181811231,470.014229003832,53.9194296908987,5.09525979276255,40.6990926134377,17.7922373903011,10.294409261026,436.575441584434,47.7033761210202,5.7770799252206
537,40.9406035035219,16.655841103168,11.0787094047546,493.995823174859,58.8193219544183,4.66649375490366,40.7404694074531,16.6346995720546,10.921017764946,483.516072264842,57.1138311031901,4.89309113412164,41.2167087959097,16.847689523872,10.9746755980379,492.170075425345,58.230714254409,4.76021895633645,41.122296996332,17.0428828640022,10.6159809118513,469.158501614158,53.802823325512,5.24328266011669,40.7496296931347,17.74752204112,10.3590476249245,437.775831422537,47.9294761359137,5.93239167875093
538,41.0241403815022,16.6938899986062,11.1419360229367,499.155392041065,59.3707353487935,4.29604472135215,40.8177794112295,16.5729254448518,10.9750064679747,488.631094615292,57.6679940072404,4.50971464479221,41.2856819142905,16.7534686840403,11.0606541491629,499.858843495989,59.3242584477041,4.2352871441269,41.1681197579865,17.0498724625717,10.6004599127604,470.694819218073,53.800607966402,4.90180054291644,40.6770492108997,17.6791441870462,10.319635778599,441.940864000655,48.4589529564597,5.41459258473501
539,41.0234721691829,16.6768177380917,11.1517973231401,498.099000936673,59.5006431174009,4.29430531309626,40.7932866701732,16.6355330750533,10.9710923474534,485.215622828725,57.4130331010174,4.59747538571097,41.2213139516288,16.855638319941,11.0607094854366,493.254221480406,58.397505784618,4.45791963608941,41.2072129704027,17.0094139318879,10.6453413555671,472.297004596158,54.3232707474236,4.88361670507245,40.6821407114821,17.7938321749873,10.4049524807294,437.782839837248,47.9697264832459,5.54979893265517
540,41.0011534389025,16.7059140569115,11.12111001135,495.852747885305,59.3368057809608,4.49873906839445,40.8456955288974,16.5644594614935,10.9683353034636,486.006579986303,57.7704884866641,4.72748480897317,41.2301320050422,16.8187058314735,11.0375418428145,494.797156310001,58.9365862170231,4.57934808362643,41.1794328284661,17.026637983471,10.654872612201,471.59831160873,54.402296261327,5.04578129583375,40.7492269930278,17.7256371781074,10.2950898950289,438.979684718876,48.2885980504522,5.78997143799626
541,40.9684927807357,16.6759263181692,11.1579940131568,495.772131188957,59.438772956912,4.36916573361293,40.7674080296844,16.6170668029105,10.9188950393665,482.044301076826,57.0972980856828,4.6920131332255,41.3024292290322,16.7822405080595,11.0935823737468,496.515642353059,59.2179363335167,4.40767111661406,41.1093413394049,17.0600953457578,10.6416521703436,471.906521738281,54.571541675849,4.93426295432078,40.6687530392817,17.7647272214135,10.3066020781173,437.513698082105,48.2000267329112,5.5921762249345
542,40.9946574341676,16.6208693169686,11.1825125275088,496.460567312299,59.2544041886147,4.28059038896469,40.76086968294,16.6139804471896,10.9794633227531,485.184980176836,57.446084036832,4.49178357898815,41.3054091344352,16.796352897412,11.090060876065,495.657508916414,58.7731654457788,4.32491298741896,41.157957172725,16.964927394149,10.6526391911428,472.567084799494,54.4006312900165,4.80189996173153,40.6832796245547,17.7004861036239,10.3763136888058,439.952963805003,48.269759308375,5.44005173028689
543,40.9438149274806,16.6566347407244,11.1238184021178,497.30596073529,59.4862305662098,4.27885598755111,40.7060486748565,16.6130032273023,10.9262878912731,484.137210611496,57.3246822968707,4.59025258871966,41.2164649618602,16.7711346239365,11.1098440801312,498.855167956913,59.5873005700353,4.21514092183191,41.0665414288982,16.9883874743759,10.6432620792811,472.89115718014,54.649263968916,4.82593152160952,40.6226432326539,17.7086798705473,10.3392693944731,439.062919191411,48.1536641295725,5.5323819713373
544,40.9953146307749,16.6478782520321,11.1886890358557,499.332351077419,59.785842100004,4.55711068628569,40.7476553725185,16.5415700312036,10.9543904883186,487.162357001,57.7870238552236,4.79341162958372,41.3002513409649,16.7085623799819,11.0846713218302,498.342578267412,59.2624364628394,4.57081183655264,41.1516976335818,16.9805785221828,10.5965662195965,471.345272790489,54.238027889512,5.18235203062966,40.7974917660851,17.6785684439355,10.3564534988776,444.338238691874,48.8924830149317,5.73740599066996
545,40.9880673408985,16.6456231789139,11.1505440711636,496.06749052379,59.253038845989,4.41363272334048,40.798638829488,16.5858724561358,10.9878296624349,486.47436002182,57.650879666166,4.68836666206707,41.2770694086086,16.800724597167,11.1349666676787,496.437853986675,59.0352544396579,4.41337810825866,41.2036196765935,17.0350416578937,10.6259779177576,471.391127228861,54.1892568279716,4.9843497710516,40.7488812045714,17.7022224272356,10.3801547347943,441.648406607565,48.5403755853129,5.60935228456578
546,40.9534973305862,16.6244930883562,11.1149954417484,498.507136562866,59.6316176439533,4.42865615245427,40.6815223493874,16.6095925727147,10.8861163442496,483.412677449186,57.20578431392,4.79630746012324,41.2886401416199,16.774511226696,11.0549112911138,495.877101026342,59.0727828373114,4.46648262148172,41.1363307358365,16.9873784218765,10.6173924867433,471.624014000752,54.2565500292192,5.03474046792925,40.7559393400751,17.7469852060599,10.3275801354519,439.221409675197,48.0923145563857,5.7520155064713
547,40.9315787161684,16.5985487247346,11.0860540299211,494.916889620512,59.0886453236946,4.43588273862125,40.7160720639342,16.5874885156754,10.934167360416,485.062049499204,57.4533374762745,4.65090187264301,41.1338430365469,16.8060894486087,11.0422463834064,492.586556112021,58.4294376541904,4.49149741599388,41.1523472823141,17.0215721471096,10.6350470142607,472.044945376876,54.4106268306973,4.94729843943707,40.7016368752058,17.7103066420176,10.354253833634,441.661649465348,48.5139201887525,5.63572060259511
548,41.0021649081594,16.6491869487028,11.166671437465,498.536907458882,59.6385615949675,4.53302185634196,40.7467277203784,16.6180239346602,10.9743712245811,484.312540208561,57.3342940102057,4.83875783981212,41.235994819606,16.812500171891,11.0626099686922,496.463725622122,59.0283121113651,4.55646248018652,41.2280742500451,16.9747773490794,10.6817544772936,474.427700331241,54.7166514380386,5.07696194350836,40.6717580734109,17.7025473544776,10.405541730645,439.74610640006,48.2958054474793,5.78288824527137
549,40.9816809681424,16.6480411075569,11.1678482079993,498.931800575367,59.7492865170773,4.37394939658398,40.7717995923,16.5647655405052,10.9965604942266,487.717284242932,57.8490534122433,4.65067326995369,41.2018648447647,16.7909605935657,11.0631870997025,495.671147781648,58.8807428636864,4.48140150701614,41.1610043487682,17.0149661040369,10.6455859949906,472.668443814777,54.4959443899484,4.96770131640533,40.7092446343618,17.7214449483415,10.4027781814151,441.070487864029,48.4453747599502,5.63282250204138
550,40.9899125596424,16.7126427234812,11.1244334008392,496.175800844398,59.2247952158968,4.52492031014553,40.7426902124098,16.6273114306151,10.9206241247912,484.855017360105,57.4787850435116,4.7194399793575,41.2806706404191,16.8228219849152,11.0287221301547,496.210348324899,58.9473081179531,4.49029539418181,41.09169713529,16.9919278918882,10.6545561202422,472.890783974819,54.5269840636253,4.97146441245077,40.6831122365264,17.7388322838163,10.371352674448,439.409322679939,48.2297428576363,5.68079393702722
551,41.0108951260252,16.676421970099,11.102005578884,496.430572727179,59.3314832928585,4.52798613648764,40.7599976028222,16.6267569547887,10.9356606659975,484.776695425556,57.4033336210127,4.8310307793639,41.2470507503859,16.9293467751844,11.0099157128525,491.582659150825,58.2813803033765,4.68751999769282,41.1749978569703,17.0935571840981,10.6247833657319,469.425063249876,53.9874460980605,5.18375602987203,40.6901151828825,17.753650313287,10.3503089282022,438.829897720665,48.0645217308641,5.79549989171856
552,41.0213785519687,16.6661705362645,11.0855911754852,496.825948656616,59.3225818306702,4.36053110227123,40.7723019213095,16.5783768059166,10.9061752617249,484.650432484933,57.3027442674745,4.63881122724097,41.283947921557,16.7611485031841,11.0693350854831,497.745872569556,59.2053709779278,4.34253811990719,41.2016783679768,17.0223554644394,10.5911808712204,470.54280407212,54.0362642214724,4.91864767334251,40.6676331399164,17.6930080868957,10.354087342748,440.239798822802,48.3137050222538,5.51538384415761
553,40.9779055310177,16.6508004532299,11.1220628230391,498.486242990642,59.3822925640923,4.46912745487701,40.7378090052401,16.6010441380537,10.9482495142639,485.837531833771,57.3011284157559,4.77903690172899,41.2239647133217,16.7860090384658,11.06568769294,498.764743972182,59.1926764895672,4.51697223695479,41.1897512522643,16.9591697947528,10.61254725497,474.014882063201,54.3890585439617,5.06774762763798,40.7519824838574,17.6877817226354,10.3616531333716,441.452938038903,48.3533241873727,5.7409225208831
554,40.965438102191,16.6263327218255,11.1494224955021,497.578736015219,59.580233305384,4.58118285962973,40.8150641431402,16.5826510092577,10.971730967936,486.867501573738,57.7432352818123,4.86505667687283,41.286113615154,16.810951214872,11.0511225082242,494.216143318673,58.6543001334025,4.72245954569666,41.1639408484329,17.0115807739896,10.6147490001883,471.681884314417,54.3269210851348,5.22473482835316,40.5506032104155,17.767848596167,10.3713120297078,437.934657367171,48.0076744428298,5.89559666179169
555,41.0484433190225,16.6819340390017,11.1689384582218,496.387666835401,59.0628607805914,4.71259253939642,40.8281403914652,16.5712089913787,11.0291407768068,486.6301264219,57.4691845692286,4.96255370110471,41.3218695378952,16.7644600307276,11.1820972477785,498.700127848335,59.1210387981385,4.70231070568236,41.2670784379373,17.0020105666684,10.6757926762568,473.64757640751,54.3949864116032,5.24175348245981,40.7468294887338,17.7237833492683,10.3804970658367,440.091233200315,48.0955057163071,5.99120136512962
556,41.0757337766736,16.627049333529,11.1567887405561,499.405180265263,59.7971219641327,4.34417928929941,40.817348943459,16.5946130529016,11.0001816854882,487.384881136466,57.8464068395129,4.66065063371185,41.3237483590397,16.7801477704819,11.0879491243979,497.587568261946,59.2757807923416,4.41146344997327,41.1770050378865,16.9578570310269,10.635365591848,473.485846848021,54.5627733079464,5.06186529978597,40.744076403364,17.7482201242679,10.3094811435431,438.712796420786,48.071480941988,5.74054202609546
557,41.004577691381,16.5932323095138,11.140721316345,496.82540268448,59.1047822615906,4.49058861270102,40.7933357375409,16.5531086702544,10.9780673471338,486.720706489166,57.4366690652557,4.73145892720555,41.2279548019422,16.7316152100858,11.1225529085977,497.889130598942,59.0731035081051,4.5039871511549,41.1679499488188,17.0225768267298,10.6495407550867,473.592284633507,54.3752861787693,5.02585052407069,40.6934326018334,17.7930873438221,10.3550907332067,437.420988843927,47.7863086711888,5.68700957547702
558,40.9578626636257,16.6964965897665,11.1053181583294,497.212556372733,59.6120937383645,4.50476182944431,40.6386321824721,16.6120646275373,10.8897114186682,483.859018864989,57.3703973575268,4.82381928768167,41.195594366477,16.9008656531595,10.9706307122193,491.713203961541,58.3583496009424,4.66503816900546,41.067329331237,17.0933239803216,10.609250303515,469.995085377206,54.1289263318173,5.1048718261306,40.7435938203163,17.7072794695026,10.3617093810357,441.74753693157,48.6912801924977,5.75037421741548
559,40.9420681529162,16.6954644365917,11.1606236187778,496.795331452389,59.3684938993735,4.52923534021349,40.6842403859032,16.5679792774727,10.9689540133768,483.643395315128,57.1721500484441,4.8416591542195,41.1682741756718,16.8463436738013,11.0502081800025,490.984696581474,58.0612806511707,4.71600815526608,41.1467321071381,16.9795030243079,10.6509295684336,472.618254197819,54.4114282222275,5.11664638347164,40.6360622621136,17.7428256941118,10.3548084613358,438.203999320525,47.8102839000114,5.92570924545619
560,40.8915133983666,16.6410039589009,11.1489670537112,494.976698299193,59.2887845227275,4.52553587239889,40.619494466141,16.6065356174382,10.9459671346426,482.249481227767,57.2143502779165,4.8025608844415,41.1265370525064,16.8344473264847,11.0594401831413,492.513031048668,58.6563357817819,4.58877034047301,41.1165012306159,17.0228591574586,10.60384945111,469.579326674475,54.0622314151108,5.09683240639857,40.6027811206365,17.6827597278624,10.3303411795112,438.266370339843,48.2128164073424,5.72570856068547
561,41.0402106380004,16.5905781405574,11.1638207576854,498.629935987859,59.6294595224719,4.47130657704262,40.7697080872254,16.5399270661797,10.9836204734647,486.727498969079,57.7649759517796,4.74883783129739,41.3139670904537,16.8193080363574,11.0991386615386,497.649948780987,59.1562852523247,4.52909137439946,41.2727699449071,16.9857265821552,10.6749691116451,473.783222338387,54.597929879775,5.10186126527964,40.7570409142336,17.6969550593153,10.3326619693761,440.607222915708,48.3813254943305,5.81871203184042
562,40.9254009786499,16.6661644921621,11.1531022791681,495.950810994287,59.1656304462002,4.34888691288932,40.7316115659503,16.5782078162141,10.9686421450285,484.548554255378,57.3526876222291,4.52768248758535,41.1913660516529,16.8168713358556,11.0613836834076,493.585745362842,58.5212502135292,4.35769804042934,41.0708089992523,17.0670320219553,10.6064373926757,468.012552232238,53.6769446138428,4.88058327804593,40.7262396833467,17.7389975676469,10.3581454321319,440.904379390636,48.5273035266429,5.41424922299657
563,40.96837152412,16.7215102862176,11.1357156332083,496.410361108525,59.0964137032488,4.38828254165475,40.7706501719324,16.6702462060666,10.9610097010999,484.883088794029,57.1799263135598,4.60833007542669,41.2768716678653,16.8107534914413,11.0886603060289,498.571401330984,59.1705525346854,4.34814562255535,41.2294048052219,16.9962413751231,10.6592340700959,474.68675095386,54.5073346289409,4.82360349280164,40.6951985115931,17.7210841104572,10.3185843802621,439.473918208155,48.0545985369124,5.55722642717831
564,41.0086483105536,16.6276662880247,11.1454569204516,497.335038460641,59.2035773978191,4.33723590695625,40.7029062516471,16.6055909475123,10.9354255673337,482.57638081911,56.749366979917,4.70476654537185,41.3284891261991,16.8008200584681,11.1110943481611,498.628674369162,59.1363858927858,4.29651717567094,41.1633772107223,16.9830133842959,10.7150814003975,474.546736753498,54.5917934589051,4.77947457873215,40.7671081171771,17.6646120890074,10.3989651932687,442.569257306633,48.472674333697,5.42471168525546
565,41.0381554696865,16.699766906994,11.1861092925829,498.650702665122,59.5730709889823,4.57846650745187,40.8179538632275,16.6275149193406,10.9843609770395,484.791809524729,57.3150252330701,4.88078271352171,41.2665837137023,16.8807143162649,11.0559376005917,494.512602532766,58.5780210559395,4.66612038983597,41.1604229720676,17.0352701101135,10.6292790055468,471.18345726964,54.1225709606704,5.23077400556093,40.7368014276741,17.6931103466158,10.3394155126981,440.142417132984,48.1777049616379,5.86873733084924
566,41.0363731230358,16.6775510253494,11.174172376345,500.869698824866,59.786632205135,3.93267513327001,40.7609228745172,16.5467843452374,10.9871534837358,488.072186677869,57.7238022997447,4.15855195270471,41.3074303891178,16.746932620411,11.0954097422695,500.340227302418,59.3856961871678,3.96633397783241,41.2023276397591,16.9203023229952,10.6938672532246,476.402857832415,54.8404998509632,4.43261961951701,40.7415371816668,17.7426735124801,10.4349825149297,443.076612964254,48.5761589651299,5.06225011229532
567,40.9260235355157,16.7130509926348,11.1090873746927,494.596129993136,58.9033266672557,4.62049887312428,40.7478383797418,16.6689883876097,10.9537729865626,484.998301698374,57.3228413278813,4.81384122294559,41.2415628041266,16.7862155251991,11.0138772048904,495.593400050156,58.7596625041718,4.63393555868042,41.0818627328447,17.0075200630084,10.6530564461466,474.104283191289,54.5796925782482,5.09847884009661,40.654172719576,17.7723283255717,10.3229660953635,438.435110463062,48.0473608471225,5.80256201362076
568,40.9962785598699,16.596477916327,11.1704163287208,497.392295043472,59.5992228192771,4.33912851996545,40.8247631994825,16.5466269673109,10.960059610175,486.204575907984,57.722089753922,4.60318894370473,41.331711256438,16.7976913174028,11.0757049432927,497.022952671812,59.136323954001,4.34401082894751,41.1756933080214,17.0033211877927,10.6272737404929,472.581181742399,54.5347315157603,4.87064076908175,40.7108021380643,17.6780203660463,10.3236126386291,438.580017533195,48.1129042277388,5.56641912205752
569,40.9991686853554,16.6716342151889,11.1317646983262,498.229255397724,59.5728660034805,4.4679382110366,40.822668202407,16.6151174966297,10.9502936069033,486.769232502591,57.7216183267034,4.73789463351181,41.263176495046,16.7329905890231,11.0654029219042,499.303921384875,59.4479921913423,4.46071468388844,41.0880594177005,17.0318450904382,10.5703201515133,469.167400790251,53.8638728048161,5.18522322654005,40.747845239969,17.693781273672,10.366379935075,441.459414589139,48.5736254078694,5.72596828004905
570,40.9647939017842,16.6487620240238,11.1949678050159,497.722549472648,59.4478802543808,4.7298577194816,40.6705623080648,16.6083881662262,10.9751598033192,483.255623743347,57.103859870684,5.0715455534536,41.2343414824155,16.8545531702219,11.1365875041878,496.617007737583,59.0305488186461,4.75770450487182,41.1496015544043,17.0173331918865,10.6592749318744,473.221265728631,54.5374337741625,5.339478057472,40.6020616860633,17.7452398240108,10.3668138881715,438.09121798892,48.0761605445143,6.06778776291033
571,40.9768124783311,16.6302857215002,11.1876784078621,496.199929749408,59.2621464387243,4.50605296190902,40.8240113286112,16.5673341978174,11.0117195176284,487.459098454346,57.7405000178352,4.63328690993939,41.274764936754,16.7693145732318,11.1332312264283,496.962970193208,59.0993779209794,4.41930984754043,41.1661615986914,16.9598512685776,10.6695004759675,472.82681512415,54.5435202053156,4.98276682607889,40.6923432722343,17.7130638607401,10.3961849065258,439.324823850141,48.2238648799132,5.73668624964533
572,40.9129042931773,16.6763119813293,11.1790008081498,495.83922411056,59.2024812088442,4.4765642114826,40.7708560163921,16.6361512582969,10.9950958961091,485.313050794263,57.420348690523,4.72670679756677,41.2722062426254,16.8148811745884,11.0993873205968,496.962306206936,59.0140009476649,4.42865402457152,41.1540293447475,17.0626563733743,10.6440937603843,471.395022302182,54.1745924752217,5.00596603377427,40.6968407267003,17.7227907868768,10.3824789995038,440.275183887126,48.3013183796592,5.65061917965591
573,41.0084341812777,16.6619905909287,11.104931611129,497.054711239183,59.4354908715208,4.47459492983661,40.7145576546413,16.6754114088772,10.9006738519609,481.909385487854,56.9129629803551,4.83187634940552,41.2800812239744,16.9026793923719,11.001982061968,491.816981319222,58.2751167240387,4.60279521422273,41.1675199806023,17.0844431918253,10.6142440852653,471.145811863197,54.1620872376055,5.044932380197,40.681294348451,17.7244539996324,10.299058163168,437.446947132596,47.7567163380138,5.82748124675156
574,40.9810088203013,16.6462030916459,11.1432167329773,494.653628742456,58.9666848094597,4.47468248785402,40.7352217251417,16.5288374021284,10.9657892784837,484.054643763023,57.2522586252171,4.74571813081963,41.2453277001698,16.7563442625081,11.0848169635033,495.547165242978,58.7800513763034,4.47458277628549,41.1494934588034,17.0496903449,10.6513592618935,470.067645656104,54.0285076974836,5.01384442905815,40.6438131621337,17.7340019438597,10.3404399039575,439.789882893091,48.3966460308092,5.62141321444662
575,40.8910297612286,16.6593214141499,11.1015426232911,495.502617977665,59.1588470122146,4.48935296679823,40.7373525550247,16.6228123018088,10.909628152599,484.694572320769,57.4122731643075,4.68106426079314,41.2229561383129,16.7764910819862,11.0216023582561,496.546486452746,58.933298200394,4.46902259647238,41.135846287052,17.0016728662124,10.5892103753714,470.492000971459,54.059017853734,5.05076246064721,40.6099137883932,17.7257723969308,10.3081494670844,437.149122337243,47.7640780656793,5.76860783266873
576,40.9415549484641,16.6572415418049,11.1536504949017,496.171823350259,59.0459312403782,4.2009421533441,40.7808155346168,16.569391886409,11.01634741141,487.909423450033,57.6656329490013,4.36725292752045,41.2476749500249,16.8088187117877,11.0955109537262,496.599540707854,58.7777237311713,4.22658870817405,41.2210339183407,17.0308647821387,10.6507220086942,471.657267038794,53.9822943115906,4.74304415546719,40.7685128879762,17.6692894048599,10.3544078766688,442.205288213859,48.3515061669488,5.27983473089465
577,41.0517818979348,16.6167826148555,11.1600626331468,500.641004010728,59.8918606960185,4.3984347735458,40.7224696649489,16.5727779243923,10.9630072113776,487.430592139292,57.8339912573132,4.63038308766585,41.2537437209926,16.7984264790545,11.0883504172411,496.916089057831,59.0364211602072,4.42565434237393,41.1962287055885,16.9606637014418,10.6659600636887,475.32142762002,54.8411909905794,4.92432436543133,40.7474008252376,17.7262700915485,10.3818268038835,442.746763367824,48.6582588008758,5.62118515971689
578,41.0081899804638,16.6870709804493,11.109715210358,496.449669854515,59.0791392882717,4.44008054168207,40.6943774263454,16.6340364205967,10.9359615196982,481.684334793391,56.7650322788065,4.7891904040804,41.2687778626112,16.8102852109974,11.0472614441467,494.270035248622,58.543507503927,4.48900207056141,41.1743466118235,16.9861846134007,10.6047111453001,471.491931629131,54.0725836361858,5.03064986921252,40.6960334887671,17.7297892887608,10.3235895992004,438.672420443192,47.8689824161087,5.72030626540692
579,40.9521823847802,16.6129272315866,11.1718775329361,498.966825591953,59.5574980224308,4.41175964139577,40.7107130949424,16.5662712763638,10.9901398437675,486.334753490863,57.454907517379,4.7462120291905,41.2372608520663,16.7422983236893,11.1082982808257,498.897836648096,59.3085021397073,4.40433500273539,41.2795346485005,16.9379939040584,10.7148303351244,476.612851832782,54.8207421349586,4.97217075655296,40.6607693040458,17.6604369404347,10.4037727673104,441.052816458253,48.4256374038565,5.6961487928524
580,40.9939560687004,16.6131478096774,11.1446006177454,499.457243660873,59.8237788940573,4.48428908384478,40.7368307864242,16.5985944300371,10.9919728730124,487.806172419154,57.900474348015,4.71251322939253,41.3397092549042,16.7734449968769,11.0698925228538,498.185316846799,59.2771314297209,4.44025157474898,41.2819346822818,16.9654396646907,10.66998786125,475.408553793884,54.79786829146,5.03290671779942,40.6551128358596,17.7120514220717,10.3952731293593,441.205580826761,48.4764201516267,5.81206290869267
581,40.9656888218073,16.7356754773126,11.1071489922033,494.370139260805,58.8851665929925,4.56044349750035,40.7508280478592,16.6719884715246,10.8970344634775,480.784812068898,56.6161012757856,4.82791681754033,41.2422300766487,16.7872667438833,11.1035564540622,496.95843923095,58.9866504035721,4.46695903445781,41.2034587962577,16.9452100840783,10.6503111219606,473.708948165313,54.5586466681776,4.99541759674342,40.5888933627355,17.7073849774747,10.3718075268043,438.689326529146,48.1246033139081,5.70739820010198
582,41.0125496692878,16.6460980414823,11.1792228806605,499.162637721531,59.7834048110407,4.17299176987528,40.7274533621019,16.5845111831283,10.9180678219512,485.298363107828,57.5851708280058,4.43695288945337,41.3192200138655,16.7653237019236,11.085518968231,497.931799800823,59.2776691979071,4.21211021215562,41.2367224216356,16.9827226788798,10.6318981570948,473.478023835733,54.6483599628765,4.65802020177956,40.6616539239796,17.6972337324746,10.3755947904565,440.906055135507,48.7030269718678,5.22870367946625
583,40.9051375647432,16.6738641376043,11.1381927425035,495.349952932181,59.102484691777,4.50489184948519,40.690291237021,16.625876598575,10.9369993181129,481.284404409958,56.7989504877415,4.88812807258676,41.1927521290576,16.7881626856807,11.0369666561372,493.089582660239,58.5289413077986,4.58282783174076,41.0904063103177,17.0589962872638,10.5801866800204,469.396599258512,53.9163382265159,5.10519889907173,40.6555926410451,17.7132000910892,10.3331759573943,440.545850748498,48.2657884790185,5.73572732989541
584,40.9389630391389,16.6651593620703,11.1054174142385,495.989078809325,59.2529458721689,4.46153983741318,40.7289802050818,16.6149513942615,10.9240969641601,484.166525184512,57.2344951221413,4.68931746106963,41.2660905943075,16.8382231863574,11.0370385246328,494.86583648797,58.8066682850703,4.44276741135421,41.1692215111586,17.0336296782076,10.6293051779892,471.920702599052,54.1795938343582,5.05564457448287,40.7183082587246,17.715528815907,10.3828334133806,440.414555288611,48.2624023874383,5.67785924667306
585,40.9630983078437,16.6718598110028,11.1150477432722,494.965325088613,59.3228892690985,4.29180512998262,40.7547369021557,16.5635590371121,10.9426589493658,484.218148323035,57.4543964996198,4.50577783791926,41.2051778127983,16.8238438015759,11.0243150636399,491.648098704255,58.4618793323529,4.39110650535345,41.0982179943001,17.0560641379683,10.6570378421975,471.903734901032,54.4506768450706,4.85256985589701,40.7598698241935,17.7153396907889,10.3332021152649,442.240226978952,48.7426317411096,5.39304924887835
586,41.1251809911052,16.6816383039706,11.1474304727066,498.78313659048,59.4639953470301,4.30737802326872,40.883181095206,16.5863068477822,10.9561714858872,487.604027501946,57.6439485869955,4.53855161280155,41.3006459287921,16.8177238330176,11.0745046904087,497.595432846713,59.0328821552977,4.35366320906677,41.2319306924193,17.0272900958374,10.6684009251439,474.168619097172,54.436574866317,4.89775171850058,40.6423835362632,17.724525350164,10.3912591084416,439.663552554181,48.1157784078568,5.50087269485993
587,40.9206679686709,16.6180850276518,11.1731340522348,498.467591528044,59.5674846302883,4.20491733633502,40.6620855244212,16.603036783643,10.9153663578845,482.688020712887,56.9082136180257,4.52866092069761,41.2063302891255,16.7934987817902,11.0644681407959,494.941252758034,58.6320466561227,4.32604069883397,41.1685205233857,17.0223132458309,10.6307742314487,471.840020314327,54.1556485580559,4.82183870567731,40.6949543321433,17.7241076396445,10.3560210018231,439.965507446679,48.2908590215398,5.36416861648864
588,40.9070156999745,16.7026712348443,11.1401290046031,494.739136357733,58.7837721511768,4.36615531175727,40.7566059293649,16.6214555161849,10.9422757681212,486.476579364276,57.389080707719,4.51978666089889,41.2483681567779,16.7688800371085,11.1169996209852,498.999689652072,59.1401692539442,4.35126398108721,41.1350563212949,17.0380764068425,10.612522061262,470.563508389745,53.7679426312753,4.91746952564315,40.7260011415893,17.667192404893,10.3583194927289,440.429781607516,48.2405859009561,5.51622684155376
589,41.0051300238155,16.6034148887455,11.1576119771447,498.890214146899,59.9141450214379,4.25629936899213,40.809560161952,16.6004551949722,10.9624395715917,485.835950365937,57.6427245337812,4.60435853064998,41.2655444168825,16.7826729585562,11.0664628532662,496.306196701547,59.1029920678685,4.32265547096051,41.232330017567,16.9749387236224,10.6893818310227,474.603743746478,54.7674242176429,4.92566217455467,40.687192600098,17.6668484779778,10.3853023784604,440.326087361622,48.6184212297438,5.53524540625215
590,40.8980173116114,16.6771182446362,11.1290718462707,494.708332637345,58.7665007469485,4.61530725080655,40.7303625683726,16.6610474795257,10.9317645501551,484.964008321332,57.1581527499581,4.76405238171479,41.2205442915662,16.793655399092,11.0880163323031,496.215100745654,58.7732858095439,4.49184064967474,41.197842125828,17.0335660717679,10.5854708439453,471.734280568577,53.9410249808197,5.13329993626884,40.6613689850475,17.7394051436489,10.3164198421938,437.970922596949,47.7708925255798,5.73816812729011
591,41.0335998525172,16.5454482801722,11.2017242990774,501.506372238358,59.7652780602889,4.54072099175043,40.8210955184934,16.5549278227656,10.9996248749297,488.203671844336,57.5772852766131,4.77528051540768,41.3482271532922,16.7102897606693,11.1611094202654,501.346923477273,59.4378942713848,4.53725013342321,41.2391903301904,16.9563871649842,10.6565012118339,474.304123833637,54.4088354007592,5.09220614660385,40.7410207594084,17.6458566820603,10.394636998204,442.875079346106,48.3719043750173,5.8251552133672
592,40.9434938196147,16.7075224511762,11.145365501073,495.024648233637,59.0092021176403,4.81968268886147,40.7055998964247,16.6398773636824,10.9728247524996,484.228918280231,57.3094775725621,5.03782168333342,41.2309701267432,16.8220091205605,11.0544944374568,494.64763849452,58.7064518425581,4.79549347282846,41.1716591717699,17.0340079614544,10.6195308716441,471.137075782798,54.1149209801856,5.32623452723364,40.5157182182876,17.7196530545412,10.2932533096122,433.475902627586,47.2991321165999,6.16243402475954
593,40.8507351409822,16.5958231452461,11.1171320744961,494.122439359057,58.7022915117642,4.74232700008685,40.7964048143906,16.5812335479161,10.9741607967206,486.512535001959,57.3907594239843,4.84892924115468,41.2929238710951,16.7653949579475,11.043939463681,497.824146050353,58.983923911301,4.60596001075589,41.1555653665084,16.983436767922,10.6260488804417,472.01473122892,54.1437829572843,5.20330653177252,40.6893126951705,17.6903437822294,10.3421610384665,441.548853047649,48.3775347720243,5.83815164705659
594,40.9773353367986,16.6635874409812,11.1460510302087,497.254576182373,59.3443672105268,4.63333433030331,40.7449472770409,16.6463972495768,10.9409688420924,484.215183826854,57.0747438925091,4.98729898190446,41.3984054039247,16.7929174600141,11.0951819842818,500.076289599062,59.4355009117214,4.56195506899424,41.2149058675933,17.0270862002112,10.6256263695353,472.540985962115,54.3434957047405,5.19900934664797,40.7177518596148,17.6397888576242,10.3805073799554,442.815541084586,48.6348535332959,5.84598853506517
595,40.9512690361714,16.6405550631456,11.1193958629884,497.135887090939,59.3339073722066,4.43981801362984,40.7350330612692,16.5563345970323,10.9787383218628,486.13323055558,57.5513715499012,4.68511744964609,41.1245918401632,16.8169070418102,11.059409309804,493.691136742208,58.5768305864359,4.47529286188589,41.2003849697383,17.0496262321547,10.604056212859,472.237190076466,54.3354817494899,4.9331506309058,40.6940384327946,17.6823647378741,10.3874461831476,441.171963194909,48.431842056811,5.5281135112595
596,40.8545663856029,16.6994028671786,11.1216937441782,492.560332497713,58.6872671673668,4.79978086414446,40.6836941358603,16.6731045157245,10.9370052567592,481.535690158082,56.9085770893558,4.99343602958237,41.2004307237967,16.8639108475546,11.0447077918249,493.639921830007,58.5471878251405,4.72369795586144,41.031371513963,17.0902756230239,10.6227232088041,467.513757743782,53.6372379795891,5.33560715052023,40.6537920429154,17.7878615508311,10.337808704309,435.411085154588,47.5337606345441,5.9892391746006
597,41.0186392710227,16.6278495946934,11.1430051074246,498.3015161994,59.6801507437484,4.17758542153543,40.7021492053897,16.6133903748076,10.940875469039,484.136292911845,57.4716870051465,4.457768464456,41.3223635807434,16.7818227480772,11.0825017400568,496.452641352807,59.0535244556665,4.2395960059601,41.0757030960488,17.0107873064424,10.6112344565793,471.045377965863,54.2942670474728,4.77156816661216,40.6054312204113,17.7804067886197,10.3083726196528,436.207437235901,47.9020777608958,5.37025792872762
598,40.9702689106508,16.6760714586093,11.2132716663598,497.342896463309,59.263871645823,4.3679782367221,40.7880763860975,16.6429784111911,11.0234445503099,486.444483916664,57.4949989183492,4.56408791234079,41.289386848324,16.8335901594839,11.1476954692422,497.061638925232,58.9009013319305,4.41895577455823,41.2667457501245,17.027911875109,10.6618749411017,473.429822492726,54.4858268057185,4.85895205853412,40.7325807765243,17.7666732878766,10.408666524535,440.714407873494,48.3914584275817,5.56082229843489
599,41.0754848069493,16.5964829107632,11.1617259883252,500.823569869539,59.9272777738103,4.40931334969981,40.8604950669093,16.5643882585853,10.9865297847407,489.48315227824,58.0799668165318,4.61848845606739,41.3564959227769,16.7623425852848,11.0764430123165,498.651684633922,59.3223986560184,4.44328608650557,41.2399979529632,16.9971976210223,10.5833778803738,472.481260811403,54.251112261548,5.02166191524374,40.7477827830503,17.7567653193411,10.3873421944926,440.839388116283,48.4033626923099,5.69784444715687
600,40.8998684582581,16.6581736622724,11.1238358747193,495.249090077243,58.8986538849342,4.47006294108431,40.6693537351824,16.6218976178872,10.9323021807498,482.569346769759,56.8217992289152,4.7530464027972,41.2013103160342,16.8520569501745,11.0665081329118,494.341007835113,58.472023638366,4.51239354543597,41.2074079894067,17.0164247514942,10.6086856204146,472.615470079061,54.2374458715923,4.97389511136336,40.623839725735,17.7153432444531,10.3236406782377,440.772122968269,48.2911198482113,5.65287479992241
601,40.8684084932218,16.7253272297762,11.0640386757809,491.80558825145,58.5390927193821,4.7146046832694,40.6706682495737,16.6649994772082,10.8914245934794,482.011752766417,56.9154954674817,4.94097838615234,41.1556345751301,16.8736508305798,11.0295992153746,491.408240015675,58.2734401135805,4.67109902161337,41.0976489128141,17.0608670715331,10.5658955521137,469.346604299352,53.8235373036825,5.2074914648557,40.6346034889482,17.7576840781425,10.29542453016,438.318491346242,48.0384045292987,5.88412345933616
602,40.9748972685965,16.645000042734,11.1282655902011,498.299186737504,59.4580985142528,4.425960297829,40.7595342269923,16.5811897879728,10.9580505078561,487.581840951369,57.624770610582,4.71292969619665,41.1870947222401,16.8041922764705,11.0178333968967,495.197104202926,58.6531117211867,4.55383279726818,41.1554821346302,17.0119457902431,10.6178657777429,471.797000296066,54.2544821153288,5.0295789170219,40.6759930729357,17.7399318982475,10.4007124945718,439.791543190262,48.222095715466,5.73605336097332
603,40.8748185986799,16.6552456373685,11.0879126424934,495.365741279537,59.3050510693269,4.39646683925459,40.6695704244588,16.6430017850291,10.8904233164167,481.972108170088,57.0845834846318,4.71262343393699,41.2182159742168,16.7981526524417,11.0434533434805,496.252319284717,59.1528553909196,4.40277858680926,41.1044491728162,17.0520934132009,10.5833353676182,470.388295805413,54.2777322975955,4.92564250224011,40.644514358955,17.6837317953765,10.3689643649152,440.721123312712,48.6572263143321,5.5926106616107
604,40.9654587752947,16.6243910970678,11.1666362222265,496.927150521164,59.3679495302089,4.2565440506049,40.746233231114,16.635672274061,10.9585715189419,483.267346411301,57.1145480973154,4.57612112867998,41.2698931682038,16.7920017042426,11.0785374648021,495.359327971214,58.7343268295443,4.33174678550491,41.0774135639524,17.0249403493738,10.6596988969526,470.201244179471,54.0085990291418,4.88342767523345,40.7761432427386,17.7121565835008,10.3897965326331,441.539878832918,48.6365308210378,5.38237368767693
605,41.0362761199857,16.642436464352,11.0998471226271,496.141652945469,59.0251220940751,4.94365400968016,40.8053262515757,16.5635906658384,10.9451697497499,486.219908360292,57.358466029575,5.21262290088296,41.3220344324851,16.792570274519,11.0775432544084,495.524672320203,58.6214604147044,4.90649753225115,41.2566093156991,16.9917604031945,10.6349300757451,472.344584073326,54.2413021991426,5.43623433123094,40.7204093663628,17.7700629530796,10.3592472900794,439.178706278932,47.9027613903666,6.24345960362862
606,40.9598134842497,16.6372198090298,11.1435217593011,496.71696853474,59.362231441007,4.5747823008223,40.756140634313,16.5701150321771,10.9877385634556,487.341525921149,57.8120584084306,4.763670802645,41.332715814167,16.7665215564702,11.0960017155704,497.786603829967,59.2270064187603,4.52044818846746,41.2521879623028,16.9740069173039,10.6583827089904,477.456314407698,55.2406533649889,4.95184871745762,40.7164384662627,17.718722894593,10.3645531023957,440.39294429821,48.2929478410519,5.78411886212165
607,40.9503582030381,16.6084912234782,11.1663236593359,498.80855432104,59.6334394242703,4.32901906915886,40.75631773791,16.6102224555215,10.9978255511786,487.182816649109,57.7218888186092,4.54761256447153,41.3439783750467,16.7785820098329,11.1086462475137,496.457615802552,58.8997960074529,4.4058004386717,41.1769080914537,17.0398527171304,10.6638303622987,472.500476665387,54.4722950694661,4.86703081232022,40.6699909785878,17.7435957716541,10.3843262782933,439.455747787938,48.1263541465206,5.56068751691164
608,41.0353300301744,16.5777496260855,11.1635378275345,500.082161457556,59.6689332414484,4.43507185086291,40.6968853019914,16.5721687674247,10.9697524146622,485.763191974391,57.3495436480005,4.7250859821321,41.2809359624732,16.7149825459563,11.1061896916506,500.646529159633,59.5742173634198,4.36728551336011,41.2258004506788,16.9981041350254,10.6972857750527,475.351256430983,54.7507739623956,4.88469248554921,40.8120626856794,17.6539492231999,10.3644029848147,443.006526005171,48.6786781281327,5.57287464562505
609,41.0006356431119,16.6405113481187,11.1548576122884,496.514615724783,59.1112066430627,4.49172609603111,40.7420543377799,16.6369824875806,11.0117050248526,485.588264121971,57.3053030256369,4.72440484566984,41.3010489776634,16.7993215625704,11.1082736214234,497.483848434294,59.0290108508383,4.45859209071733,41.2240667318887,16.9847414091576,10.6694984853263,475.097102613885,54.6254308469007,4.97349397464402,40.8127652184899,17.6858793200152,10.39239733672,442.715283713439,48.5545079608622,5.65100043535233
610,40.9758814295284,16.5531038692045,11.2473061360799,501.182514528644,59.6751679078163,4.71303624527676,40.7156670879535,16.5423554881902,11.0472327332432,488.088725622088,57.6764386021035,4.97911860882087,41.2940199749263,16.7371014115392,11.1534443413575,499.754999901344,59.2304286108566,4.66444827762967,41.2690056245592,16.9375215660156,10.6856338634036,476.598421176251,54.731091850841,5.24187869794744,40.7445304188093,17.6923135911858,10.3749842883596,442.520969619836,48.3669062450359,5.99578405508228
611,41.0075036219414,16.6520650010696,11.178549098348,500.090353022605,59.8816418517426,4.33482441137043,40.7727565859236,16.6227424661904,10.963091188783,485.736112281958,57.4777053394467,4.73265394729885,41.3115813609852,16.7969285241584,11.0497209210385,497.010654810445,59.0520931042866,4.48333676853161,41.2291554025265,16.9612068586598,10.6625739263048,474.534899786132,54.6837923808064,4.9966948625117,40.7418457436368,17.6853884846424,10.37095791468,440.95652938398,48.4218803361197,5.70338309725116
612,40.956116573768,16.7548901221252,11.1224358448641,493.627511123443,58.9939325170134,4.39645388023034,40.7805154904329,16.5689625437565,10.9763311079306,487.181723934302,57.8989431634958,4.55797423255175,41.2817850578164,16.8154852107813,11.0676522859919,495.525433936256,59.0774341221903,4.35217950432271,41.2495340522684,16.9680857620062,10.6663562274493,472.957332748991,54.6713840324197,4.81093675180615,40.6811981866093,17.7363840277394,10.3254164599156,438.676198982877,48.2126196160231,5.53785972409198
613,40.9624913445599,16.6433776409734,11.1260897623928,496.082488604982,59.1005564174693,4.51232038896466,40.7457377168544,16.5866593365981,10.9586579821283,486.299730252877,57.5513206719424,4.69186953910019,41.3115932375909,16.7386111091256,11.0894727174694,498.069643289526,59.0550285145898,4.42061092645336,41.2258779965399,16.9638212631551,10.6406242452015,476.828544405779,54.8934867327083,4.94097224568698,40.7243106629758,17.7385505174852,10.3356535226453,439.451719833065,48.0455635246263,5.66421885086937
614,41.0594738545508,16.5671236722846,11.1708027867789,500.582697715372,60.0802620549446,4.12249585895798,40.7227748371734,16.5114246746784,10.9669159413495,484.8961068724,57.4890669097724,4.53309510707183,41.3002500000555,16.7620461692098,11.0831092149542,497.493168431951,59.2160615839153,4.27317884034365,41.2299805133799,16.9512560137467,10.6317362466354,474.970017022998,54.8966553553895,4.70298247152442,40.71921801366,17.6828148417291,10.3548785921685,441.212610717651,48.6857287812293,5.33173923381437
615,41.0072832855468,16.7301881171826,11.1798208334199,497.341982838029,59.2898099879873,4.63885709722445,40.7429689992743,16.6208417813864,10.9839093576079,483.809645229348,57.0540693591421,4.94017660555473,41.2877554034197,16.8086963247706,11.131707778632,499.074513288271,59.303456559079,4.58799968033602,41.1455301754517,17.0689567950004,10.6590183127698,471.383089075985,54.0802116592741,5.22839443422666,40.6836073570168,17.7167743968084,10.3418565869168,439.69876439025,48.1634296461944,5.94729346916738
616,41.0457071572347,16.6621853906908,11.1823316029485,498.153967125978,59.4001989361156,4.34709501185286,40.7759814458721,16.6490678404531,10.9989206247952,485.713323575283,57.3944881736305,4.65351477222979,41.3367572489449,16.7987260928707,11.1146516803629,497.934595169962,59.0764046790953,4.40655464105358,41.1477695669602,17.0336706717547,10.6870891162691,472.253592228972,54.2824665167811,4.92059200760775,40.6463750280867,17.6908565991574,10.4166666045756,439.878423459993,48.3138938736274,5.57439372194281
617,40.8900694975382,16.6208044052171,11.1205569688837,495.066408575709,58.8595836231566,4.42225849274654,40.7127179973678,16.5624803151687,10.9610183820763,483.618731459534,56.9351182815748,4.67630421637726,41.2143406650212,16.7272080501532,11.0791634882993,496.40007802139,58.869004637359,4.37643191054395,41.1905081544434,16.9891340991907,10.6656835938416,471.514452732203,53.9984561403157,4.93638779022818,40.6220276687268,17.7583490952324,10.3157786149386,437.044183485035,47.6388511197764,5.62629996146201
618,40.9160758409398,16.6546738542765,11.0948654736168,496.876034334177,59.5157464716836,4.69585241744439,40.6622327328481,16.6055478416443,10.9328542379354,484.491456397306,57.4696372125461,5.01942239218099,41.2632527719044,16.7734178552483,11.067984335661,497.773824200215,59.3844538007639,4.64228138763921,41.2002153312462,16.9553180441539,10.6543629018406,474.637930834859,54.9981143353041,5.11919486100364,40.6643897071836,17.7061698128982,10.3078160716227,437.843095909236,48.1946852393168,5.93968292893654
619,40.9905118371085,16.665777051843,11.1178807674284,496.139993439601,59.3770900526265,4.34955690079152,40.699040267561,16.5502714207844,10.950327963052,484.162476327385,57.4225880953607,4.66211914197526,41.2756826872637,16.8297283107552,11.0527398394395,495.414752528854,58.9630698901205,4.38562355516564,41.1184468790411,16.9999233255494,10.5980966929181,471.619141813091,54.3012664264882,4.93518477299365,40.6885992165658,17.6882709847775,10.3134722590713,439.557216328013,48.1859145348301,5.60293453785677
620,40.94930843457,16.6205378703009,11.1770844871065,496.297355670016,59.0699790860857,4.58570850928226,40.6605284769787,16.6488712726076,10.9795890519934,483.112019535035,57.0168336705268,4.82429680476009,41.2514789830368,16.8252336485686,11.0832984068886,495.282062122827,58.5216716982828,4.69302302314022,41.109124971974,17.0355491512874,10.6382501455034,471.382032609691,54.154873795077,5.11321414296954,40.6357047896044,17.7505232373863,10.3350047449632,438.252721119851,48.1306458345115,5.77254688221899
621,40.9239130184503,16.7267458591576,11.1352779027818,495.178453148443,59.264902594883,4.57699248280378,40.6625102676897,16.6773407407265,10.9129228474937,481.718568050645,57.1083444363753,4.86906391186814,41.2324399113799,16.8405845842598,11.0763772716481,494.969676250858,58.9231289648091,4.62055755948286,41.1084360757258,17.0964367713687,10.628736305977,469.084325218515,54.0539770369502,5.15271829566439,40.6858310742912,17.7919398081538,10.3674040565572,439.277727943743,48.366431913037,5.8309329642779
622,40.9838987701244,16.6716767057763,11.0854900884109,496.519496687175,59.236882342371,4.45779208642785,40.7872672117959,16.5639692041036,10.8911503166792,486.085491291422,57.4709291773005,4.70757914174614,41.3025300722539,16.817467277912,10.9774555476593,493.714611955309,58.4199292824604,4.55715454289275,41.1630594255102,17.0221216125386,10.6048515392769,471.312552302169,54.1508537399442,5.02525611071236,40.7269852770296,17.6819650078687,10.3297169984596,440.545614080613,48.4213965441843,5.65602718449903
623,41.0223905412581,16.6144607539324,11.1871088259572,497.837028333841,59.4141167405188,4.31554039892119,40.7563017140624,16.6122849196798,10.9811824558768,486.396939650443,57.6338529460183,4.52313471109055,41.2730913451304,16.7417138827833,11.131865152703,497.422604907566,59.1441080163022,4.30136031703768,41.1579630383682,17.0257252475925,10.6858678641799,473.100185937192,54.4398318379311,4.84275608710497,40.7192670958965,17.7069357046847,10.3463910679508,441.219517810643,48.4621787491628,5.48058300363086
624,41.0397390870945,16.6592065023761,11.1645879163663,500.193785824831,59.8059755662145,4.2635709186555,40.7878234772719,16.5871261933318,10.9896773422567,488.121715287182,57.828531618143,4.62444213190656,41.2224845076018,16.8015718124951,11.0831086605809,498.317977502109,59.2246420934308,4.39832632531032,41.1198573488916,16.9976951658437,10.6489363966505,473.301469331785,54.4358142917739,4.93141116759742,40.6890756329921,17.6619936542086,10.4409383819679,441.444232520903,48.5170971062356,5.56251388517221
625,40.9516995375136,16.6667430712777,11.1986122857634,496.611229946757,59.2183336755064,4.45548006101479,40.6771039821401,16.6640541676678,10.9408963523526,481.924952646064,56.7403036039305,4.80417638639284,41.2541747371283,16.8365607202922,11.1032279820872,496.040750334299,58.7564292013138,4.50187768578673,41.0687190735295,17.05890288916,10.6088512171126,468.588694879735,53.6471961566871,5.06627074495909,40.6613440677215,17.7166228790936,10.3312823551379,438.65244416607,48.0950459895991,5.66843545044339
626,40.9884976942973,16.6121209574256,11.1420360683015,497.55464103402,59.2324878989146,4.38328668782053,40.8262621142253,16.5146488565665,10.9692856928703,488.34925626675,57.711507311032,4.59450769587333,41.3543642783407,16.6948657140928,11.0796556372633,499.897414617885,59.3278860115273,4.32701637106926,41.1927350266125,16.9424793303576,10.6689125798552,475.07911345051,54.6036431501365,4.86683347177344,40.703994093603,17.7510013685104,10.36758750972,440.214338208317,48.2420182511238,5.58386020721048
627,40.9839497446095,16.6462428739396,11.1282770722708,497.749095154853,59.52368200312,4.43211719913773,40.7577858752699,16.604145206955,10.9872603447127,487.339454859062,57.8471265251371,4.69192007207135,41.2926319802908,16.7413723081237,11.0713874522244,497.938076934757,59.2714114393794,4.44099678256669,41.1449149377198,16.9955566149623,10.6156643115162,472.206748605309,54.4653077555242,4.98658178203824,40.7145120681831,17.6694312523559,10.3449871178195,440.373124789892,48.5585548413578,5.6056978008418
628,40.9439402695584,16.6599611391825,11.1297756186293,496.379128575038,59.4153872374478,4.30979423026692,40.7428182463156,16.5712308932744,10.9389594470715,485.356498078466,57.5529761094058,4.57984001428413,41.264383628242,16.8093506922005,11.0168190133097,494.683491563015,58.7972350745413,4.33929813346217,41.1665369417671,17.0550508263915,10.5836864350893,472.020864152733,54.279665340434,4.81911412259895,40.6453453047597,17.7189376196335,10.3578352956285,439.03624611711,48.3117674502444,5.39040101627111
629,40.9192599296043,16.6835102435124,11.1333943023444,495.37292849817,58.9248569743348,4.65948049904346,40.6987588163037,16.5972205044945,10.9445607292776,485.795047187632,57.3240105275225,4.85773867709978,41.2362812842928,16.83863096701,11.0754599416792,495.655160397361,58.6835155012058,4.61176960510211,41.096857190302,16.977308812259,10.6898339359435,473.738058136693,54.4853788779017,5.0792943560221,40.6698830569199,17.6882974978972,10.4268259377164,440.762552132101,48.2724814452654,5.83895447553817
630,40.9238715493577,16.6009463363488,11.1406829472998,496.95377542394,59.2164246703858,4.55623751935827,40.6806621707231,16.6115857675004,10.9512621376428,485.034036128293,57.252513885076,4.79372765044578,41.2466241924451,16.785714133546,11.0716044189335,497.422451093592,59.0277305672862,4.51108142061996,41.2044554678913,16.9898453077236,10.7004787299147,477.242271500478,55.0724644872795,4.98927061169193,40.6610851089339,17.7257767994814,10.334890875721,439.134506389201,48.0343317250354,5.73768660943889
631,40.9199430780736,16.6175124305772,11.1291872656928,496.923822490386,59.2367435255452,4.65052876517046,40.7750598510345,16.5732214653946,10.9526531907145,486.556712444447,57.5135559926046,4.86489442100103,41.2973944155158,16.7643904660396,11.0784724087806,499.796805861297,59.3599442734751,4.55967080859467,41.1754860233267,17.0285678217917,10.6146423374512,471.233837215395,54.0622624984745,5.20777579535447,40.6676950674711,17.7185457085817,10.3142878025517,439.124700552078,48.0422438462835,5.91751958174892
632,40.9102562812355,16.7469601566256,11.056140951366,492.443415791881,58.6064019413662,4.58298136633427,40.8003992738318,16.6083733542532,10.9268028964301,485.768783946729,57.5104715630669,4.70793855361577,41.3097788748566,16.8188620561806,11.0458911095897,496.936842403345,59.1292980546758,4.40901019524134,41.0739971962438,17.0423594388566,10.602917841993,470.127448313714,53.9892368559761,5.05398289973753,40.6441886358234,17.7721181600818,10.2949687492781,437.192410168152,47.8736457355325,5.66963615211967
633,40.9973946318465,16.594530818898,11.1864316418031,499.538170878155,59.920216359714,4.32200188099413,40.7257796081121,16.5459732312267,10.9850843773364,485.325461107423,57.6080940445597,4.63749670096342,41.2898717623019,16.7184573473621,11.1292954079226,500.687929460006,59.8028163538653,4.25252225087281,41.1767580758974,17.0091480250093,10.6456778296075,471.309470480911,54.1604720454849,4.97638620205714,40.7246406144036,17.6686124923379,10.4075877521664,442.139246553225,48.7328216305282,5.53711091016818
634,40.9630343732902,16.6657518083122,11.1114587545113,495.813538364932,59.09270176343,4.29082349596987,40.7461229721344,16.6245748963508,10.9198079136113,483.031322145994,56.9270723060053,4.61036741026446,41.206002333267,16.8176882882263,11.0455162767624,494.289168094488,58.5418750111442,4.34781330257908,41.1199717891019,17.0193573674812,10.6076542995637,470.75260530746,54.0177499896478,4.82808724466856,40.6374343118221,17.7738974939183,10.3808186851776,436.958067910086,47.6645133745288,5.50682294377154
635,40.9373341083952,16.6038327171537,11.1106203347675,496.738514914974,59.0526444314865,4.68695525347811,40.7318804038418,16.6024435356957,10.9564106445743,484.803608011234,57.0594960442971,4.97407391451461,41.2000648359425,16.8045152966834,11.0241356400316,493.174407431818,58.144058600652,4.76348207497788,41.1930590077499,17.0321149292045,10.6225686574581,471.228422271705,53.9653403128398,5.25993933844493,40.6801329020602,17.7671060206518,10.3741920149894,439.213784681651,47.9317860812449,5.87936224979964
636,40.9762514778562,16.6927674520177,11.1257144477377,495.692289286536,59.2830702242888,4.27510474284594,40.8032002586238,16.5897671487667,10.9523884432598,486.694082361497,57.8867564192247,4.42246254812813,41.2677724773861,16.8284210436564,11.0793875462863,496.245397458248,59.1096539087236,4.28562002757228,41.0613903837312,17.0110439951632,10.6291820807506,471.337053809449,54.4479245733562,4.84044165984109,40.650084592459,17.7249898668819,10.3648395409388,439.384308028444,48.2355832457012,5.43250940250602
637,40.8813379621252,16.6323605786363,11.1446705168954,494.917714071653,58.9984466088958,4.64745756452354,40.7707511669509,16.6191477592004,10.9609114425875,485.175524780558,57.2825613853289,4.93531797853507,41.2523869559429,16.7641503173683,11.0951139235419,496.488957809557,58.8550136244139,4.65116859718584,41.1600849701484,16.9855389918204,10.6086667852223,472.721751865921,54.3369721911913,5.16712342017786,40.6434596787037,17.6917468022632,10.3768203435541,439.426405680846,47.976520083347,5.93937634663995
638,40.9414127326296,16.7807079976521,11.0901247438512,491.665922070167,58.266767327119,4.64753353698224,40.751033939072,16.6568832004775,10.9878561220264,484.724431198074,57.1741902716715,4.74358051142167,41.3121611927073,16.7900663378063,11.0716311193086,496.419794010881,58.8164798563697,4.49135639078883,41.1303989740235,17.1085204131202,10.618765297158,468.638849337294,53.5948388676145,5.16613472086965,40.7559459625431,17.6923902866155,10.345237323684,439.344945253327,47.8266477500017,5.77086679274927
639,40.9023840128918,16.6528771152574,11.2002946785829,497.711924134882,59.7395579908515,4.45680770117516,40.718370570358,16.6642289096532,11.0077886005441,485.89767373304,57.7526795750543,4.69426337819289,41.2279965135735,16.8528163818933,11.1138239564709,494.888645578318,58.9090814242073,4.56315892737283,41.135940917995,17.0813386740085,10.6804338219585,469.974511814336,54.1857397686935,5.06442827737751,40.6478340806007,17.7044936535837,10.3340468713183,439.071315051937,48.3068952822834,5.7077236320418
640,40.9728748468994,16.6809107164251,11.0793863466203,492.903251379335,58.7423325103631,4.69040414378623,40.7279912606453,16.6794695903841,10.9280495410464,483.097107884054,57.1383828124176,4.91460193759589,41.2660285697527,16.839922786524,11.0540788134117,492.934325677403,58.5456011540185,4.73865270200355,41.1646192960849,17.0469494875322,10.5854968837451,468.089100144767,53.690531496971,5.35197213807144,40.7444499670352,17.7200614771946,10.3655690667432,439.686781637777,48.2232192629985,5.90536596512029
641,40.9661459968726,16.7312401110529,11.1397886844306,497.249370745875,59.1938547013289,4.6520683135815,40.7878397027054,16.6440657980456,10.9340289948236,486.03886906911,57.306067690411,4.87410368013935,41.2598662618809,16.806946281943,11.0740827906384,496.653810073824,58.8994154097904,4.60371556272827,41.0947842903637,17.1004549483928,10.5927511892314,469.666298353238,53.7280154917321,5.29887937210063,40.6331646261765,17.8313918986678,10.2645751846319,436.462864562966,47.663590472127,5.92595028529388
642,40.9161715310958,16.6867295627698,11.1255004823799,494.262752594106,59.059784082466,4.63876807218886,40.7909178446714,16.6014856455259,11.0392836880231,488.904925819608,58.1283729136358,4.7763514678666,41.2175127809693,16.8683672838554,11.0768094974452,493.005968307285,58.4988767175371,4.64687757498788,41.1986746845184,17.032796118087,10.6487821363356,473.26883790222,54.5881512756176,5.1005924931782,40.663770151693,17.7398078978421,10.3878281773624,438.857279197813,48.3215454336631,5.77905816950207
643,40.9425559397171,16.5958023762289,11.0974303957532,496.731814535665,59.3338513147652,4.53436628882398,40.7941663134794,16.5685265646093,10.9496593748361,487.759123363809,57.8098581517934,4.64678549827848,41.3218269909916,16.7393011670597,11.0847983485239,500.652026376528,59.6615096911113,4.39202894473408,41.2236210523863,16.9570723105325,10.6334823935513,473.895451944112,54.6479823911012,4.99756244706243,40.7083883172391,17.6874330333271,10.3638663667054,440.14347595637,48.50255410291,5.63542450128468
644,41.0601053294395,16.6349173501125,11.1469602052348,498.75543852061,59.4320566409794,4.19509991264103,40.8146940586631,16.5315023179503,10.9535802297057,488.083860569728,57.7473665703404,4.39244693788268,41.2936410588006,16.7717985753462,11.0497453751467,496.901517743773,58.8538018856917,4.22690814661653,41.2699459518538,17.0207283005027,10.6285553385637,475.184820409811,54.6163295857674,4.71539980569094,40.7325616383468,17.6816114966993,10.3775611274903,443.845987821139,48.8610685403659,5.20893843801353
645,40.9148561547954,16.6135261716615,11.1640817638363,496.009068663696,59.2115941836554,4.28363153299992,40.6551391074757,16.5809092233375,10.937197613041,481.282035759364,56.8102396909122,4.64171624340833,41.192461424351,16.84922281394,11.054090843407,493.02047075929,58.3904535398457,4.42224469373749,41.095637998162,16.9685334259639,10.5789662194891,467.802174504485,53.6044087709451,4.97466479889791,40.6688545435993,17.7632200217197,10.34265897135,437.508523060328,47.8093155586499,5.57424073563472
646,40.8375447069051,16.6687614670142,11.1336996018201,495.701354964929,59.1815991657557,4.45206263271685,40.8226138419888,16.6200529406885,10.9652406880232,487.402807586902,57.6603351554961,4.62737170914344,41.2275071781509,16.7512116160887,11.0769045622805,497.503893582598,59.1850806584555,4.3293265750056,41.0959227713499,17.0425564208184,10.6568160020119,471.471088265409,54.1774143036029,4.98762741438462,40.705104132181,17.7550903513228,10.3621604373919,440.58091288663,48.2509638463475,5.58941710288518
647,41.020029612109,16.6381338225512,11.1447508234382,498.208295276269,59.4826861483064,4.58093869799206,40.8091976497113,16.6036310660956,10.9609425864838,487.107423486784,57.6834501510723,4.82498174098279,41.2217891123199,16.8288251835008,11.0561431538975,494.100526207896,58.5045263544095,4.70972199447222,41.1411324807718,17.0189315770269,10.6182826710516,471.0709613806,54.139758103219,5.14783468175248,40.6566554070647,17.7042058927245,10.3865713479568,439.490212412682,48.1318587845709,5.83394200383472
648,41.0158589303731,16.5941184418712,11.1696823193383,499.829575451301,59.4684477584978,4.32038627986618,40.8336085516581,16.5999565575557,10.9882564610456,489.774856267839,57.8125033511566,4.50308921080254,41.3309039861421,16.7348956467172,11.1487085143827,502.070936131513,59.6672575842088,4.211693793445,41.139615784701,16.96507420732,10.6152789997579,473.568580471488,54.2166264927458,4.89154677845012,40.6667096190862,17.7067943955826,10.3478756295141,440.344446393696,48.1355381687043,5.56633737598854
649,40.9357813586275,16.6239418069066,11.1500763050142,494.290841298151,58.8720211286889,4.77029199643378,40.650813719687,16.6269434103564,10.9828930243317,482.886166629372,57.0622494410299,5.02585513035149,41.2554068442959,16.8119513294298,11.0813899083436,493.612055422446,58.4252205801794,4.74281830037396,41.1479948741683,16.9794900730031,10.6450028394897,470.551736218197,53.9811923627613,5.34383437114393,40.7228319724798,17.7282222634243,10.3490406079642,439.022476719883,48.0513486083834,5.92257241157162
650,40.9527847733485,16.6740436694466,11.1122392543164,494.384281183677,59.0784002686119,4.53574880804946,40.6734246983072,16.6176169414265,10.9521609880819,482.610043092383,57.0977479967588,4.85208481286682,41.2678731522386,16.7832617025951,11.0704077623629,496.081076064227,59.0531013019062,4.5644449645819,41.1837097415082,17.0090295902756,10.6278088693185,471.611958630636,54.3960271505851,5.06797532587679,40.7217168835336,17.7209523719915,10.36427149364,437.964052595793,48.1163832333377,5.72348339103875
651,41.0556089617307,16.6689176044588,11.1382234430528,497.497260865809,59.5194817109522,4.50058795858947,40.7939819303619,16.6076282960576,10.9677856372244,486.224169362959,57.6993915030142,4.75610934185104,41.2271238803617,16.782381842207,11.0286428579558,491.555480885156,58.2271939500879,4.74208189444157,41.1828161394109,17.004775273696,10.6492474363674,470.362802401841,54.1377032971505,5.20796217293573,40.6875663478469,17.7294057425796,10.4082838492081,439.323785491349,48.3296284417057,5.80398749157394
652,40.9711500377655,16.6757308986721,11.1229112283738,495.678305505752,59.1562259030017,4.76552253183158,40.8283150112016,16.5946506397668,10.9450122566541,484.185214368521,57.2856662019109,5.11263883123178,41.2584286796431,16.7128861053837,11.0228373254032,496.313374109493,58.9622413380907,4.78138490230085,41.118371870012,17.0178103424892,10.6306087054725,470.961195950285,54.1702647971832,5.37986906396448,40.6756378009945,17.6961435410927,10.3966071512081,438.995837494905,48.22439210031,6.04192587194655
653,40.9862841829204,16.6385266864953,11.1064407263056,495.131524163338,59.1305224561602,4.34465986852675,40.7376159452834,16.6492942346931,10.9192552815032,482.899900816771,57.1390018272687,4.61114096950093,41.1762249304136,16.7949893631406,11.0335874751258,492.736193659563,58.4563989748765,4.43261992895928,41.1219898635945,16.9803023910625,10.5526459725176,469.577706195123,53.9833615761835,4.86755423267117,40.6431096557358,17.7311049322798,10.2654321782875,437.753725850375,47.8958994828674,5.54750507099446
654,40.9455268788773,16.6234740573126,11.1352414917362,497.277192214554,59.408713182607,4.3848580447422,40.8049314554834,16.5282069400785,10.9702081024631,487.785511454803,57.7533702124615,4.58004491368948,41.2809750571624,16.7981516487882,11.0428845585542,494.999924416352,58.6944316024185,4.44345652140471,41.1048770428363,16.9894506989821,10.6007795048368,471.229451385329,54.2460854555575,4.97357687847247,40.7092535190567,17.7524417736289,10.3747756554722,440.146644278081,48.2489143260333,5.63345395811985
655,40.9785559390681,16.5667215004555,11.1980994879321,499.319931863268,59.3440592193255,4.63044829138348,40.7349799012225,16.5930112275202,11.0360020267869,486.22375986302,57.207712249603,4.98498485302315,41.3605778342553,16.7343917440982,11.1780158582455,503.145450773734,59.6585184381339,4.55704354264274,41.1836334061918,16.933962581207,10.6991649262067,475.435780017362,54.542355654379,5.17810059651234,40.7302734949378,17.7011235638353,10.4210937592027,442.649117161246,48.5443540649864,5.84641695733997
656,40.9209480673975,16.6300047009261,11.1800966084002,496.433648686931,59.041777462585,4.63114879703388,40.7566041841048,16.5268115933634,10.9958909913652,485.777330759626,57.286392980744,4.8861136320548,41.2923045634448,16.7725997383472,11.1541257858219,498.53161468803,59.0705485511538,4.53934702705658,41.2514582527814,16.9835097490433,10.6735687989864,475.176749565906,54.6886497314622,5.00117388583986,40.6695833533968,17.7632970995047,10.3428821861072,438.697979311918,47.8941095125621,5.7940070591586
657,40.9541167247695,16.6442619083059,11.0802720750085,495.034910345202,59.16541801736,4.6076738580632,40.810996134261,16.5626575370864,10.9547138597744,489.04055033678,58.2328236126626,4.67901202590055,41.2908593589506,16.7742654452912,11.0158462187954,495.665227591318,58.9097277486628,4.60969423821166,41.1407489264079,16.9846695032097,10.5630005889562,471.132974311715,54.1333708575687,5.22955544992747,40.6565442888438,17.730169976157,10.3317242798338,438.840364638661,48.3067102382746,5.81602090791657
658,41.0285949508639,16.6520003088177,11.1213211837491,497.080605305714,59.3148743744975,4.38487371182537,40.7175084107943,16.6527374544047,10.9178219746215,482.808711767204,57.046633676829,4.69833901769667,41.2680613177379,16.8062922279495,10.9884843147484,493.891829052068,58.4386098544292,4.58054703067701,41.19130842601,17.0259081075228,10.5727629299561,469.24252361688,53.7486252964949,5.04436307464367,40.704066115691,17.7117918607925,10.3018680512067,438.180273922235,48.0093548626505,5.62035125449358
659,40.9739436453384,16.7432340985876,11.058393799074,495.212930458463,59.2497375447275,4.26768567962259,40.6815528088073,16.6391090760791,10.9198863209757,484.968292978824,57.5808102091575,4.47042313994694,41.3075004346446,16.829354576699,11.0387370635735,496.354895068467,59.1117703452411,4.25643243328035,41.1897047421251,17.0711128411094,10.6039366566213,469.757643658514,54.1763581563864,4.78843425522305,40.6516879040055,17.7432881239098,10.3283950946166,438.10887632296,48.1350458896855,5.45842169261845
660,40.9945875356089,16.6611491135541,11.1767727899131,497.316534679672,59.0950957285231,4.52012820246763,40.8369211359055,16.6482761101057,10.9882194559528,485.180215460865,57.0881552546326,4.81522255139828,41.3137158905655,16.8221457054114,11.0813060371296,496.885066991386,58.6517916001106,4.60029951797634,41.156181232004,17.0194695067785,10.6345182986649,472.349709419902,54.0701749592954,5.09858714112457,40.7027499982533,17.7448809047446,10.3979390968044,439.463450821053,47.8760272291755,5.80361055930139
661,41.0407234577392,16.5983476073597,11.1523700841339,499.467851604758,59.6723196829844,4.47937255815088,40.747173185791,16.6187727853661,10.9970626164902,486.087625321874,57.4790116314059,4.80275161596432,41.2581928080341,16.7672581296596,11.0905026642199,497.906428420297,59.1738659597618,4.5343856920541,41.1878631806844,16.9774807169709,10.6709084873079,473.753448487432,54.442890727803,5.09272412199511,40.7240907772909,17.6845043502922,10.4237307408873,442.29392961982,48.5634338834881,5.6977805542871
662,40.960057787324,16.6377061605663,11.1875879730054,499.162732009537,59.9319355113973,4.40428103920796,40.746514753671,16.630077100746,10.9651840851091,485.60320262016,57.6456355282432,4.72130185602432,41.2468537058722,16.8487524829402,11.056672364233,495.399529525983,58.8985563882086,4.57762563669242,41.0943274731447,17.045508582457,10.6004548751314,470.258233216725,54.1612700797576,5.10994471819376,40.658090829041,17.7798380399471,10.3793351340802,439.083053044781,48.361705842689,5.69162256929986
663,41.0423164193483,16.6343365963923,11.1375780949298,497.695300399251,59.224229770741,4.38901371148397,40.8073600357947,16.6352024232772,10.9675197534232,485.351807462907,57.1994578633549,4.66167548174963,41.2871037776621,16.7802028910175,11.0766629951322,495.904315652935,58.6340148944732,4.43146996873704,41.1646990187875,17.0870900970051,10.6363006070365,471.109723204081,53.9648392371979,4.9279709807522,40.7797151847127,17.768784228268,10.3976766446034,438.452778330041,47.8513650974173,5.52326667384645
664,40.9195005695321,16.7265456329968,11.1168799298555,492.705721541427,58.662025382985,4.52390335597284,40.6920595822016,16.6361549179252,10.9203196242924,481.05523864256,56.7807155507728,4.76483816234028,41.22268386366,16.8062168645224,11.0344983937344,494.825260436893,58.7594810001306,4.47359039449711,41.2301019547104,16.9812756481836,10.6330633862948,472.545290453819,54.4292022940054,4.91849577427983,40.660741049803,17.7206626293709,10.3997057384897,438.808390857407,48.1130605019971,5.62459864073235
665,41.0025722937332,16.6773952307258,11.1890528571059,496.828910880496,59.5161127550885,4.59829191798075,40.7164919133359,16.6115497860811,11.0011400044927,485.177950407248,57.6403058088819,4.87896237583936,41.1586704417976,16.8247852952527,11.1197949748283,494.190483163635,58.8181047743695,4.71427567276788,41.2044096362003,17.0150449749275,10.6726497048077,471.608076690236,54.3918043794664,5.18409968065081,40.6347721664106,17.7365772642178,10.3499276136477,438.912685022048,48.2022922878136,5.94912843140976
666,40.9609534799776,16.6771387894021,11.1369379238963,497.533668937182,59.321648184398,4.55640746232549,40.7225185887473,16.5815528123522,10.9404972926868,484.676317764328,57.1783236545485,4.88158765801062,41.230369714078,16.8302122577807,11.0064676533032,494.113176082165,58.416988990768,4.74064910383565,41.2104246670626,17.0173021760275,10.6075274057045,471.423605190476,54.0693634914718,5.16761454269352,40.6136848268972,17.7464837526462,10.26147588429,438.182075488306,47.744355783782,5.92409022200894
667,40.9780233330714,16.6207682176369,11.1893986630239,501.656822080068,59.7733395321059,4.55983323418382,40.8391224600422,16.5780563747906,10.977982558308,490.928702638376,58.0226600470214,4.8307401068737,41.2146796954495,16.7795088092115,11.0602943200014,500.115434224858,59.2501212529594,4.64743301492426,41.1551743084146,16.9844627208576,10.662165728832,473.585664916556,54.3254052746213,5.22639972412343,40.7685129608153,17.6832942520041,10.3831308694997,442.852332926949,48.4972107210175,5.87588045925831
668,40.9994315078921,16.6071650700366,11.1239305831243,498.474285668152,59.4799587462792,4.45666454513548,40.6698429754551,16.6178635687192,10.9835473869066,485.663520813949,57.3534764902048,4.869314047889,41.2982737932512,16.8068131258758,11.1249316476495,499.856517323164,59.4103413615469,4.48696894081817,41.175323072138,16.9600582067219,10.6698809933305,473.557573651786,54.4941781512826,4.99334646928518,40.667633429096,17.691023595164,10.3960909608541,439.959673157968,48.3614529270465,5.73050959488456
669,40.9842853395835,16.6218179656241,11.190337299248,499.59677344594,59.797800292103,4.0839106483496,40.7210408973251,16.5803285477677,10.9755129668602,486.15466758067,57.5476731941946,4.43908284520607,41.2498035802451,16.7713341563063,11.1235288859409,497.764635823808,59.1747168870321,4.14693783546033,41.1913683077225,16.9921172184923,10.660344889845,474.261108447471,54.4976028474088,4.68683914732894,40.7058156344885,17.634494742631,10.4570417130479,442.778024666529,48.657353883087,5.25760444339507
670,40.9717186629287,16.6494602122465,11.1183432659439,495.882002262825,59.5261848997015,4.59375858469158,40.8172185754513,16.6338587062916,10.964323377808,485.87670264733,57.8213909019361,4.79649767481309,41.2574397349305,16.7947813773292,11.0682102540916,496.172117270702,59.2699216132099,4.52658304350336,41.1846444339775,16.9647863214165,10.6485534994935,470.672870011776,54.3244034353813,5.10813259082722,40.6481798781756,17.8013255160102,10.365934570049,439.310168447739,48.4490961152057,5.76841949228724
671,40.972715925103,16.6494937778071,11.1128069806038,495.260914669323,59.206920695514,4.39926964230409,40.6460443461853,16.6165063198168,10.915293240051,481.2372566303,56.8482469978448,4.76825993276333,41.2151742532325,16.8592602631279,11.0365912106065,493.561742655524,58.5878891124532,4.49062797686876,41.0968585887661,16.9883908532076,10.6066146220044,469.318162767922,53.9050698355724,5.07937032845779,40.6316079929707,17.839796989242,10.3203706702327,435.538302793532,47.4760881279926,5.70643222815317
672,40.8923776554455,16.6891597787725,11.1523317941536,494.761488735451,59.0488046685048,4.54533223868959,40.6899168262729,16.6732157733151,10.9529605026954,482.072691543179,56.834081229307,4.7817000410206,41.2751785107625,16.7879609996778,11.0929446593992,495.911592851261,58.9197288911168,4.45585005008446,41.1203898246783,17.0070727522897,10.6125323452859,471.925196176503,54.3844233553631,4.93817321986831,40.6387027824082,17.7710382576775,10.3305859637855,437.813798045691,47.8879155004829,5.70189974117779
673,40.9746953379696,16.6382324340499,11.1173540746092,495.09662146843,59.0953365963305,4.59648970433752,40.727038465066,16.547881311666,10.9488346733094,485.468771375293,57.5122178453828,4.81259573444048,41.2440302022328,16.8397216491455,11.0911181415521,494.790351547282,58.8645209190553,4.56663432244827,41.1745446283682,17.0612443540938,10.6184659708015,470.165049076531,53.9838230057192,5.15733513164289,40.6621424807676,17.765188150158,10.3446929518812,439.422750831327,48.266736225647,5.82532676980038
674,40.8880083232857,16.7053237205832,11.1623972546113,495.234265729874,59.2323106858117,4.5426708933327,40.7076631990365,16.6278906533898,10.9957897394463,484.544061162768,57.3982002207869,4.765579645376,41.2295803675112,16.8161600673206,11.0590614440428,493.055128431368,58.6095864869286,4.4984654912818,41.1858562624924,17.0280733774942,10.6495999037518,471.37564105444,54.2965063598527,5.03001326643287,40.6728066415033,17.7012819222822,10.3912921296639,439.505297259184,48.2200374184717,5.70081743579626
675,40.9610727092165,16.6905355656379,11.1625499648696,495.631043214841,59.0137987838768,4.44422859996688,40.7352127357861,16.5532248226757,10.9711034314575,487.189065726559,57.6013516276211,4.67145733034446,41.2961172489021,16.7727356937771,11.116921425733,497.072564477984,58.9331841282435,4.4378885027235,41.1864867114115,17.0276470425042,10.6705115356561,473.57302950909,54.3847777158563,4.96139423683234,40.7566973845235,17.7118782103119,10.2983672242962,440.470896829555,48.1617316630769,5.64835609787568
676,40.9564590596212,16.6618219757153,11.0792081162437,495.775603783876,59.011567603249,4.57339440980928,40.7266075388048,16.6170419204247,10.9122837540581,486.060004706405,57.4871644466161,4.74812051651532,41.2665614951645,16.8459570528852,11.0324092388013,493.656276204677,58.4384668481766,4.60030670919354,41.1486667079042,17.0496865842402,10.5632390245972,469.336413432677,53.8686215869796,5.07165891127394,40.6377072598774,17.7297647415107,10.3358546982597,438.495906455397,47.9952534250529,5.7584119217676
677,41.0067825517535,16.5740739354865,11.1826591576761,497.308463823375,59.1680938656632,4.4228843918311,40.766721821482,16.6227834014065,10.9939636448886,485.85977397782,57.3038743330785,4.66605424412585,41.2336154453864,16.7747827721597,11.110685855814,495.847977807537,58.6886627090887,4.44735983293186,41.1536224180373,16.9848644106663,10.6591247436201,472.249678038444,54.2565435871556,4.92734222629176,40.7018315766136,17.7193224253234,10.3964606660429,439.738311003545,48.2560230155278,5.54615715177151
678,41.0286871561414,16.6359251821894,11.1100693575647,495.762601436932,59.1297226264686,4.38710884703645,40.7909300442349,16.5660751738781,10.9472402961399,485.758865944854,57.5217913369872,4.59842152013664,41.2662087934021,16.8057182757349,11.0688949352283,496.7384433292,58.9903022752534,4.4080615328557,41.1559266398083,17.0705842308316,10.6291684260983,470.098426198092,54.109774149717,4.85414842318209,40.7154518032268,17.7022048183782,10.3817821453449,439.074544994731,48.28565663156,5.49029162430053
679,40.979779764425,16.6477553906498,11.1938273197232,499.426186085647,59.4334366842294,4.38672261486636,40.7537417208553,16.5585681538349,11.0263477023228,488.531226130717,57.6209646221341,4.61616927972294,41.3102128883231,16.7487673359539,11.1846194533318,500.865551152397,59.4091101593549,4.3489869525419,41.2867497060705,16.9389051755688,10.6771643232912,476.415925055119,54.7327200085091,4.78111826017005,40.7342580170286,17.7508825821961,10.3712069721616,441.275578352958,48.2618632431886,5.53932057635834
680,41.042770711434,16.5628587765934,11.1814046671798,498.667539237647,59.5616988388136,4.54829934650411,40.7368418848338,16.5215835199635,10.9941573848175,485.294026301461,57.4093130856099,4.90833097800151,41.2968448089318,16.7305358509255,11.1235211826655,497.549668813333,59.0499192955392,4.59658584216237,41.1981552251238,16.9310287580988,10.6784375576583,472.940016997446,54.3798978983209,5.16292308018578,40.7240892831997,17.7756359282172,10.3144686975797,438.226457495018,48.0248420159417,5.88879835874383
681,40.9998070642323,16.6722444689362,11.1073304945587,494.36205311527,58.7585922014606,4.28875610319988,40.7300698751439,16.6365541235197,10.9591415008768,482.661715035922,56.9003899572334,4.58495362593061,41.2503911363343,16.8026915679436,11.0650628339874,494.909653540399,58.6016663455122,4.30203491144493,41.2170404272165,17.0627314246323,10.6151755963128,471.399413948523,54.1044585353677,4.80985121963438,40.7345226846195,17.7236463610333,10.3559461159221,438.904000699553,48.0775331966844,5.49861089333036
682,40.9311139904681,16.6726703453092,11.0958243248641,494.885787519877,59.0169469226812,4.55557594265176,40.7690626720966,16.5904420310776,10.9444186318888,485.580785108333,57.5124633476727,4.7892868708635,41.252655050287,16.7867763792449,11.0770071270246,497.46819355966,59.1720262508753,4.50046917280164,41.1662476499674,16.994351783817,10.6372206697068,472.620304570107,54.3259034439063,5.01985968832558,40.7224664422918,17.7417333962757,10.3831104244381,438.971557428369,48.1182520917344,5.75227380606614
683,41.0621795037001,16.6555413241156,11.1602509167837,499.306119080579,59.5835421410879,4.24066581035561,40.7953906507657,16.5906333377469,10.947037345552,485.978819672044,57.3906797836188,4.50352959955904,41.3586303546047,16.7010840419487,11.1261833852775,501.236452073206,59.6763199773266,4.15159639741377,41.1401596841568,16.975206213086,10.584294910015,471.329070218501,53.9744789748388,4.9379368259962,40.7025804640935,17.6562511821397,10.3608395021163,441.0408881253,48.340992512438,5.457177275731
684,40.9358997618397,16.6224859449829,11.1532122770987,497.682959528539,59.6054156007303,4.26151250685004,40.6996547040002,16.6185515521423,10.948050816799,482.94214693633,57.1960759715595,4.5401303216348,41.1475460064877,16.8786364142465,11.0471020130179,491.849422036898,58.2889050712191,4.40095309004998,41.1045858905527,16.9336494328178,10.6546431547038,475.492104668971,54.9348169523445,4.6988731734298,40.664666611157,17.7671936695537,10.336097159592,437.833420958021,47.9709185883875,5.48227567313423
685,41.0268986290272,16.7045185752504,11.1329022246165,495.734525829723,59.1305716469188,4.50010744994791,40.7493228840082,16.6134465556578,10.9706662107998,485.25362771238,57.5110546987734,4.70778367128328,41.2379842645373,16.8340699831275,11.0797085191349,495.255551352581,58.8892787214603,4.47987669587135,41.1738414122255,17.013713686734,10.6347353008867,472.321458239,54.2966722923765,5.05226763434825,40.6876707041733,17.7069546653964,10.3069209605115,440.569988285664,48.4845107963603,5.57673153635222
686,40.9990671825984,16.657814917019,11.1649897664647,498.222897483774,59.4399639073401,4.49328561556266,40.797417434804,16.6160500965506,10.979344168169,486.493700818289,57.5258629720002,4.81991246262406,41.2034440192356,16.795873907365,11.0906718443584,497.044135675047,59.049795339706,4.55738600341942,41.2539731789182,17.0405610835114,10.6628295264227,474.841894250644,54.6260643791563,5.06521416916939,40.681026123164,17.6932142270205,10.4075435008842,442.791183715,48.8498571653375,5.6628608552571
687,40.9166852051139,16.6360908623888,11.151472414238,497.327914828733,59.6076391787458,4.13758798989616,40.7899996930473,16.5989679367106,10.9662134395886,486.193197494483,57.6273449081646,4.3922299051559,41.293106152083,16.8091276409984,11.0816982061378,494.821345316802,58.790703951721,4.20855703815727,41.1971644570537,17.0056883173852,10.6159182792826,472.152994764249,54.430164280571,4.67043056501168,40.6890051528753,17.7075842406929,10.3214867183202,439.334366610586,48.2080127568327,5.3212933781241
688,40.8782826003881,16.6779246628944,11.1388269245531,494.433919204926,59.0054594364412,4.76234141141935,40.6872760917603,16.6227593806848,10.9825048943323,484.576123841621,57.4325966026057,4.93832475932458,41.2588308170907,16.8336672187084,11.0975766481001,495.200823555364,58.8927469340284,4.67266620312789,41.1193867750998,17.0519761588775,10.6530517539213,470.113586326058,54.1005598033799,5.28760332701301,40.7867485768349,17.6949530977587,10.3342714265327,440.686549507867,48.3513554709424,5.91943785943786
689,41.0171662579609,16.591959279592,11.1206020430509,498.089695411334,59.4314094774528,4.51599856392091,40.8070286599867,16.576581985745,10.9775005613609,487.609772472928,57.7043913138882,4.83883494777233,41.1913644810659,16.7460109197178,11.0804600937973,496.638868859764,58.8980036818674,4.65366975811727,41.1596094966438,16.999821259233,10.6515065963159,475.368031709504,54.7301633396961,5.13177697181535,40.7450023057128,17.7608825408849,10.3345646265147,439.549539586153,48.0714471514002,5.86482625330064
690,40.9411503193949,16.5858983702737,11.1278552103707,495.729852501381,59.272278763207,4.30463351528461,40.7506306814513,16.513079494631,10.9734716518002,487.348631210521,57.8867110774875,4.4862258933589,41.196004653975,16.7795116609997,11.0952611469257,495.699977298062,58.9461721155045,4.32909191962714,41.1996333580743,17.0136358976591,10.597148231303,471.250017561953,54.2423918413874,4.83470610209339,40.7307102682206,17.7601761809835,10.3805099876038,438.855688465105,48.3697456995331,5.43886541496199
691,40.9791630136378,16.6470968793874,11.111359081193,495.769418784644,59.2380522460697,4.3087943411546,40.766741453691,16.617780615712,10.9609188352294,483.844300709543,57.233189918858,4.64450254559499,41.2902229941898,16.7504073305609,11.0522169087983,496.894349346666,59.1234618562593,4.30981931891228,41.1695777988265,16.9956651614151,10.6508033862868,472.708413197986,54.5317616672182,4.80366429671665,40.6748772355948,17.7515248556958,10.2888523491505,438.215822976528,48.2009870681491,5.42430590483879
692,40.953002081356,16.6721954061903,11.1145498970138,495.071903744237,58.9507357182725,4.31100049917458,40.8110251789963,16.6140135844316,10.9634036425143,485.37082133327,57.308884440013,4.54145052350682,41.3235865140995,16.8471512642569,11.1172611407829,497.640447511462,58.9564697888153,4.33981319898806,41.1498202186872,17.0329375309419,10.6337873651827,472.793629040888,54.3559540384339,4.75435402074372,40.7618594712057,17.709187112068,10.3661674471224,442.632512345405,48.6765907242705,5.42046316416422
693,40.9746894800749,16.636574446504,11.1598647042204,498.20101823632,59.4330569074448,4.25946529122235,40.7404838371358,16.6484391083765,10.9838864153598,485.415083536206,57.2714019950319,4.57198335920692,41.3257368610958,16.8210747087258,11.1036425956798,497.527488092031,59.0437242691305,4.26279775236661,41.1200856463576,16.9607288684775,10.6930692313618,475.331725765772,54.8137205589144,4.79102105199739,40.7110244449125,17.7183660997983,10.4222737002102,442.360672076013,48.5314188602231,5.45135761897728
694,40.9503651046961,16.6789923064454,11.146703409692,496.940473187144,59.4796179307898,4.69675713299376,40.7798694949261,16.5874145536299,10.9329600076809,486.418182932243,57.620231121833,4.98750474661283,41.2814287712109,16.8124056485506,11.086875698537,496.35014704714,59.0848527554021,4.7118210408789,41.2706502583684,16.9913346249456,10.6227027819625,473.897399848856,54.6616728362395,5.26305479939142,40.6507478356361,17.6917654109837,10.3261779315698,438.6802446104,48.1098504795205,6.0230275804317
695,41.029093078365,16.655510668553,11.0890793680343,498.310157947442,59.4689744756891,4.36215212469787,40.7677503538354,16.6005408573265,10.9237670653644,486.247874176388,57.4553351173715,4.70477032703433,41.3341962786235,16.8053646249123,11.0278023477389,497.148657227445,58.9581284012001,4.46444604925286,41.2789256054235,16.9891405058418,10.6164439333739,473.783939469284,54.3844487316214,4.98881577609175,40.7754272992492,17.7009050476576,10.3911746857976,443.104697463094,48.7269850550266,5.5543124299315
696,40.9845284570288,16.6333828115173,11.1578628807429,496.887128489021,59.2247522908604,4.48694316345606,40.7902263358392,16.5931771305079,10.9798584682255,486.173681752578,57.5829460401499,4.62702523111027,41.2995974280439,16.7311222221758,11.1061801488525,500.292666941397,59.5748118568439,4.37890913299944,41.1961478082039,16.9692689000676,10.6604287157697,474.627688223306,54.590787158675,4.93583980070167,40.6425953835689,17.6827141121798,10.3617791057951,439.008456650126,48.2110732963445,5.60051858312525
697,40.9856443943617,16.631608737616,11.1307304252325,496.667592014546,59.2907445880963,4.49616411006264,40.7360419166309,16.5986962344478,10.9711532397758,485.325609372961,57.4745608130294,4.75196012092672,41.2512582869467,16.7871426838238,11.0952768144539,497.904395961556,59.1524971831946,4.49675953743656,41.2101058639382,17.0105176609691,10.6583052362803,473.410726644832,54.4145873783452,5.08202572535187,40.6709079986464,17.7395603829928,10.376591942287,440.707956805348,48.2755650814712,5.76424143653785
698,41.0363241840436,16.6984962372089,11.1761598534147,497.284192852823,59.2766942062322,4.48148222540411,40.7565683776111,16.6037462181001,11.0108297098128,487.085975325752,57.6617307287776,4.69568782289673,41.2862966910432,16.7804545612507,11.0898160253396,498.419798191361,59.2120137850069,4.47036388504144,41.1413552461092,16.9885663552661,10.690267198934,472.87082139891,54.2113590367359,5.15987763713858,40.6690881776497,17.7139961157198,10.3958365957974,441.811278777396,48.419243915356,5.76958507720728
699,40.9944927520981,16.6146231517919,11.1764381046467,499.333617486703,59.5521998445101,4.56124651956739,40.7489144709208,16.5737926506332,11.0035936453809,486.485144159707,57.5206289709163,4.9223290125831,41.3560472456262,16.8009030263812,11.1303242058263,499.737999264979,59.3594320952908,4.587090160674,41.2877697662869,17.0266990913746,10.6329886168841,473.224573862879,54.3523857535907,5.21469564807705,40.8124786578262,17.7202407968655,10.3510394601019,442.711185506736,48.6072022100436,5.81852995080348
700,40.9728104215165,16.6376121474732,11.1732667126472,498.300102808076,59.2422511944413,4.51079879157934,40.774048066865,16.5693366130494,10.9781347794407,486.691203347493,57.3756862574078,4.74150593649932,41.2837388539247,16.8209155191865,11.114476196145,498.423617267987,59.01679704682,4.47602867144445,41.1940933620617,16.9082930737655,10.6854980933553,475.961534956611,54.7098926051586,4.93016830643788,40.6902333251019,17.7137286205147,10.345545021392,439.199164056207,47.9119904923179,5.69532217908638
701,40.9613725929715,16.7170951885332,11.174364958982,495.828852273236,59.1263872408629,4.23694460003987,40.669653682452,16.6178240656665,11.0016387152002,483.963498643855,57.2167664889635,4.5195643277787,41.2983508504466,16.7989044285377,11.1304429650694,497.37551695094,59.07655347104,4.27664478127955,41.1817631767233,17.0396382913381,10.6599668733946,472.047280236107,54.3102138387384,4.80250959027246,40.700117788239,17.6825324029678,10.3921484205034,441.265869345413,48.4537952560656,5.40254847867666
702,40.9826974633072,16.6221283557045,11.1509852328912,498.328321905664,59.7308430302324,4.43183488944596,40.7675117565126,16.5887517808822,10.9427818682432,486.85972889999,57.8666574143038,4.67973153691856,41.2495643586077,16.7736281946739,11.0842750994215,497.351924600342,59.2881617960342,4.51216670044109,41.2240596639425,16.9823515070026,10.6088232729699,473.5940275169,54.6494650507791,4.99564355211041,40.6996670597823,17.7182592776035,10.3507831005724,441.139521559869,48.6510222680654,5.59589407993321
703,40.9879996558486,16.6505707010519,11.109316094788,496.445047799354,59.0352544073322,4.53388800050783,40.7230685368448,16.6240727372834,10.947587297733,485.467000135451,57.2872206944685,4.76170223572618,41.2291122420444,16.7986892525688,11.0665291929147,494.421905236778,58.4647556050341,4.61526588067168,41.218510967635,16.980404048587,10.6435816709046,474.14944143216,54.5548353858868,4.91777047188676,40.735237266517,17.7513327645387,10.3799457964066,442.448319517964,48.462066485195,5.64892041192925
704,40.9610145850625,16.6427194725484,11.0771426984545,494.11596790513,59.0698474562468,4.25268740370748,40.8264555039652,16.5834210065098,10.9250795958876,485.239921403091,57.6098815975746,4.4892343765993,41.2801029486484,16.7521518596183,11.0186127858055,496.60962629078,59.1521938789337,4.21544461315564,41.1525421658854,17.0043943045271,10.5630487784332,468.33073620441,53.7555011348889,4.91938617779233,40.7143267874069,17.7184671050581,10.3100847873087,437.516678825276,47.8881273635012,5.4973239999538
705,40.9902134978193,16.6099927006859,11.1141742725302,498.719266095514,59.4260896309034,4.40635254822587,40.7508098156343,16.5235064530083,10.954887261625,488.540148184781,57.8472230185852,4.63230038928061,41.3150256719724,16.6785848093085,11.0936717216271,500.437571339596,59.4741771407741,4.39654580828393,41.1999621528883,16.9423924328603,10.6073995494706,475.353779435918,54.7649665963411,4.91945818498702,40.6175271727783,17.6785421529276,10.361335071081,440.950844061712,48.4239435199888,5.61433202528703
706,40.9910276193169,16.6014111976339,11.1846055014895,498.369456305653,59.3201283871672,4.63381303038964,40.7690131011533,16.5447788959621,10.9469119629812,486.589148936892,57.4675754131959,4.86413655660727,41.3133824842165,16.7017432906484,11.1002446390222,498.948571731157,59.1690312656509,4.60235625728777,41.1842845575748,17.0117797878083,10.6494243886317,472.412895772842,54.1242037721022,5.23914869194551,40.725900172783,17.7478262565772,10.3639132395593,441.384106311572,48.1649232622511,5.9617796486905
707,40.8810227622204,16.7086998019044,11.0859666470419,494.314912691762,58.9375015111285,4.51514007595349,40.6690819751746,16.639244836785,10.8717843253506,481.740957924158,56.8655104178304,4.80869083029481,41.186925425264,16.8334892577624,11.0241864053721,495.030837226941,58.6642222699347,4.5154802146316,41.0728971968775,17.0326247811727,10.6115302376105,470.670702150044,54.059664295384,5.02134651688904,40.6533626804083,17.7329926934579,10.2955863614952,438.058568091175,48.1265323784252,5.71264724286309
708,40.9406543025197,16.6564939791133,11.1413600936618,498.437834935475,59.7389908157264,4.34371029637531,40.696472651376,16.5859617529654,10.9856350815126,486.437075807128,57.8012243572983,4.60877860265111,41.1397308538303,16.7848992657984,11.0659245120079,494.425784458953,58.7752857538273,4.46095268408906,41.0861304726193,16.9618964470487,10.6231428296606,472.595502690868,54.4685006193193,4.87673570905065,40.6343405656516,17.7450401233725,10.3593990834104,437.984334403392,48.1798857585375,5.58036901484152
709,40.9635675141725,16.6707266750479,11.1350147517646,497.38541005392,59.1903624871254,4.53709555249345,40.6953758204542,16.6233506739257,10.9324786701866,483.188364673231,56.907918483911,4.83868786513117,41.2550525885136,16.8115896620325,11.0355386488957,494.910850481092,58.4746023037154,4.60308292588965,41.1595637798376,17.0351896016414,10.5960744246116,471.798626074124,54.0849245566316,5.01366326854633,40.6767727604187,17.6957514841914,10.315303967561,439.053281354811,48.1443982507453,5.65626851489042
710,40.9721275774977,16.6527762698816,11.0905190489327,495.769449345219,59.1893621270445,4.38157396764384,40.6894327305506,16.6653226615054,10.866716156798,479.966894915575,56.6069121092057,4.84534267942034,41.1957057695622,16.8243233923119,11.0060085410752,492.929227832064,58.434772854901,4.50780914737032,41.1744170519429,17.0383162041342,10.5806486435949,470.336089037442,54.0847299744771,5.05040217600585,40.6917174980615,17.7146980896278,10.3307278380519,439.682179872007,48.0401679963864,5.76855260638461
711,40.928082742876,16.6059735098865,11.1022168978053,496.330474805975,59.2150937026624,4.43660592630911,40.7821220787311,16.6114131227587,10.9586084421844,487.05295991814,57.6555800415852,4.638802368247,41.2507780135936,16.7519153649848,11.0525236437792,495.766591395817,58.7255677028954,4.50362023634482,41.1481866130884,16.9556975497038,10.6659660998464,473.001282387862,54.3986415583518,4.99840215487942,40.6226824360197,17.6920604219175,10.3271030742411,439.264157186044,48.2726938369904,5.59220787943911
712,40.9412567028678,16.6751643264825,11.0761546894749,495.059561630726,58.9312757218895,4.39577157117259,40.7459789657785,16.5610468718057,10.9181227932637,486.357092493007,57.4350668476917,4.58752724923354,41.2960152423848,16.7652183036935,11.0325420782239,496.85985075741,58.8732351457688,4.34624695426097,41.225053356153,16.9956018523949,10.6082551895075,472.643116459917,54.1595581918671,4.90388702927476,40.7402307215907,17.7140972925536,10.389413778542,441.190116950956,48.328090407348,5.45997359491249
713,41.0486132402854,16.6537994346945,11.1383459500381,498.790209592621,59.6112664030198,4.35462608700539,40.7525643039184,16.6363813054789,10.935564742391,485.025914810506,57.3437670775567,4.68273128462636,41.2744027804012,16.8348877334654,11.045648849001,493.939783515618,58.4962447370775,4.54286477881125,41.1815018532767,17.0627527778072,10.6171172931015,471.881693308454,54.1357898357977,5.0483038020205,40.6985902225608,17.7217857530879,10.3200756112796,438.644604754316,47.9342131880278,5.74009933503585
714,41.0371313938108,16.6241541218218,11.1868619159225,499.110042909444,59.3749500511029,4.33098572901375,40.8543861668683,16.5550082562688,11.0089872399304,488.84358119673,57.7052589688534,4.51277823321569,41.3503271868842,16.7679258545479,11.0905792930566,497.119389054619,58.7610135605031,4.37242926696996,41.187522839558,17.0445330017797,10.6582523077164,473.447390298599,54.2537923400821,4.8011834069253,40.8762690243884,17.699945884201,10.4249214264119,445.00996709734,48.7743231991648,5.39358784021788
715,40.9350427484885,16.6321494806843,11.0982829260204,494.556932227195,58.9942067024185,4.61179254138488,40.8290975753304,16.5736702427449,10.9573726470795,486.556236659671,57.648832651518,4.77672360272231,41.1983753896238,16.8449180741313,11.0163486249019,492.716578645092,58.4582964099904,4.69511715763174,41.1583464530203,16.9924895764422,10.596962868785,471.06515635092,54.3488003349642,5.06626254468862,40.7359575943559,17.6915005640502,10.356334468998,440.03404129819,48.3130750456668,5.77389291588586
716,41.0157945002874,16.6333824246504,11.1859692556636,499.830183234915,59.6167658660347,4.17965145645206,40.7074127452258,16.6140485130474,10.9925076647465,486.135183242166,57.4140402864635,4.47781287444439,41.2914738851436,16.7821272465149,11.0905462869575,498.071229726394,59.1131956047842,4.20985956310286,41.207466752655,16.9942393265839,10.6667427542954,473.183144274147,54.4969596770712,4.69150627702933,40.7549100681593,17.7289699739942,10.4365372182397,441.569912516752,48.549427090452,5.34894785763224
717,40.8969978050104,16.6504619088841,11.1406113603305,493.684548529898,58.9011842238109,4.22298286998064,40.8017737710987,16.5884911240094,10.9718527408489,485.578184598511,57.4859491391483,4.31385811363476,41.3065684936341,16.7296996078162,11.1072882903956,496.831028495527,59.1549980691388,4.11192632911045,41.1804360597941,16.9503942385998,10.6161732932885,470.672439700111,54.1415052296859,4.63296245911016,40.7321360814321,17.7656876798354,10.3195749444961,439.144524872619,48.1276223395739,5.28331298216948
718,41.0078690103351,16.6826066923766,11.1229710872262,495.867863106841,59.1759771976427,4.46203873007387,40.7714010261846,16.6310273722271,10.9485655883439,482.425752094677,56.9895915206632,4.77166674250924,41.2857509785888,16.8664471021588,11.0550219036429,493.740038010485,58.5582566490941,4.47202971191478,41.1905375087132,17.0610916503645,10.5974891009161,470.312785091195,54.0330050001678,5.04672989082865,40.754474987575,17.7333069638197,10.3549847269519,439.252855121943,48.1743527575192,5.6124078509048
719,40.9529310747396,16.631518192552,11.1511676992331,498.392547801226,59.6133065453752,4.47451669254128,40.7064820084945,16.531321708885,10.9673391888935,488.15158128569,58.0065928112236,4.64133861849242,41.3396432647162,16.7229531333613,11.1106204560808,502.212090499108,59.9304699810091,4.31145447738833,41.2248482426169,16.8947369727161,10.692785965559,477.881576353664,55.3314312208174,4.89502142232821,40.6503410804224,17.7103879601772,10.3992558536044,441.130872625752,48.6371600069933,5.58465613080483
720,40.9208611185124,16.6521736691498,11.1264153458888,495.083958332508,58.9797000077278,4.75298091873213,40.7253201391864,16.5987021368755,10.9762736938037,484.007428227373,57.1173798293962,5.0825215299752,41.2524072272281,16.791390979187,11.066351399295,495.707102667056,58.7882010280595,4.80812839934122,41.1888108307403,16.9987211921658,10.6429165384629,471.419956466499,54.2037459036222,5.30776992386294,40.6476286377942,17.7101378495478,10.3823611665327,441.179844729889,48.3204108604327,5.92665888794436
721,40.9773625676126,16.6469001888087,11.114189277858,496.292706916732,59.352116982691,4.39916285599501,40.7011956553329,16.6149682008791,10.9496358473354,484.000412152648,57.2876331939527,4.76041550798145,41.2790306693961,16.8237813133555,11.0641962226871,496.303562360289,58.9721712957766,4.48752323785491,41.1600560807445,17.0769375953568,10.5911706866696,469.111031838447,53.9377454300811,5.12583196735435,40.6957242369766,17.7428940696502,10.3241593782598,438.489789644161,47.9943862806153,5.80028589596678
722,40.8790644978046,16.666405720687,11.1387391622374,494.16598009211,58.7405669814638,4.7227386973256,40.7199319470118,16.5906550280901,10.9928640561987,484.795282365103,57.194376856747,4.96139962976923,41.1669302109537,16.8216030351203,11.0737253561093,495.215788350555,58.7108483551545,4.69612001811026,41.1611128846744,17.0004833079889,10.6118823857132,468.726858823326,53.6115242224187,5.29221547979884,40.6252185123864,17.7754773545125,10.2784845762762,436.546715658311,47.6912394114717,5.84148456915076
723,40.9432602004682,16.6478477115801,11.1667083172485,497.311388695745,59.378767446364,4.41437975535525,40.7522628211586,16.6056228377101,10.9872367085165,484.950114188017,57.3262117283612,4.71379046035686,41.2337329456318,16.8689750114868,11.0412637664043,493.480286655487,58.4144400999255,4.52569489321709,41.122257073444,17.0247723036233,10.5692853655362,469.267867494295,53.8216521056695,4.9961801883246,40.6688182701528,17.7421896064534,10.2729555123355,436.624840183722,47.6312899035676,5.7958743054118
724,40.9350099769796,16.6573636898537,11.2312616196444,498.346276599876,59.6001031378478,4.35265497889895,40.737958559526,16.5603225436755,11.0401515733172,487.619925587903,57.8394221260137,4.59349590898959,41.1658182363036,16.7610286977079,11.1208514110803,496.02440694357,58.8698283875793,4.46009530416121,41.1780763662628,16.9791170972802,10.6532114189451,473.269143860629,54.3904027309564,4.95559904914947,40.6595866681246,17.7446397482062,10.4032926927261,439.966181893295,48.3382390799412,5.62398683470818
725,40.9650215512345,16.6439163837859,11.1782533440953,498.104438755126,59.4654869457585,4.44466064055408,40.8224586932983,16.5923714279718,10.970612409084,487.82106370415,57.6985616375161,4.68851499698456,41.2071052362503,16.7638458522038,11.1022096354438,496.028239058064,58.8257671365393,4.49394138812039,41.1486875015975,17.0036420227876,10.66793995861,471.290102305888,54.1057508749801,5.02637112225365,40.6545687693518,17.6998059037886,10.3544839510677,439.939289553408,48.216394565551,5.61716344353179
726,40.9579076439711,16.6510559974474,11.2025143867064,498.050503997441,59.7134931085815,4.387464922788,40.673104290833,16.5495052672107,10.9966660255501,485.458637896255,57.6900792508131,4.70798825332751,41.28927151582,16.8053165776217,11.1067980363807,495.81479698144,58.9675002707589,4.47991477528939,41.0748954832886,17.0020074362097,10.5766283336674,470.521949131425,54.1030740763728,5.10335693273691,40.6917484704718,17.7640038964524,10.3362355164431,440.062416727673,48.4229147154351,5.62420909926074
727,40.9952759260785,16.6337913128863,11.1511189620794,496.693293763338,59.1138516598567,4.68056880673663,40.7090330195051,16.6336952319607,10.9628704921234,482.900900761435,56.9118879155488,5.01651845391522,41.2477716140204,16.7889192620954,11.1050196900078,496.560235778892,58.8971022396919,4.67906856561405,41.1926815940209,16.9630547419389,10.6846400572723,473.858753343564,54.4825795077182,5.14918213485377,40.6897556683786,17.7010977249946,10.3579555515695,441.12828948106,48.2350090484936,5.86851825046854
728,40.9337023158871,16.6284329819474,11.0789807404173,493.572184240451,58.8330196799887,4.43598542846267,40.7076212219026,16.5473235997631,10.9298237940205,483.104828944324,57.097661208372,4.72378191168575,41.2675782806245,16.7849467974347,10.9977683378,493.225047418187,58.4569342462927,4.48179219841344,41.1156332573735,16.9902215326514,10.6026830565522,469.996563966238,53.9202423259828,5.04640400450347,40.697645229356,17.7250880223653,10.3341185731782,437.921791789278,47.7992667228136,5.66158182815957
729,41.0438812861404,16.5914658828295,11.2176697032294,499.669024444688,59.7306937046817,4.35486755179606,40.8468228109882,16.5097399897382,11.050790375448,488.348684758843,57.8125075297204,4.67408184482044,41.3016588904773,16.8270599413929,11.1211082753104,496.437666956363,58.976617632949,4.46611305848801,41.1801248325899,16.9485984183423,10.688849703824,474.678620060664,54.6755964995262,4.94509507168209,40.6317549810231,17.710225324879,10.3828503607695,439.261431893211,47.9913845598974,5.79334932726861
730,41.0245349479553,16.6288221884107,11.1354626387128,498.895669106183,59.600072809422,4.22918481921947,40.7325787887833,16.5885769502764,10.9077246935462,482.579458895437,56.947054034546,4.6750485812385,41.2679735698042,16.8196903456766,11.020383767543,493.991153500502,58.4922255351326,4.43896273943978,41.2042361769618,16.9661349356619,10.5860449339395,471.3930882325,54.0748515890692,4.89824097644323,40.7071852036746,17.7695044947926,10.2601485448301,436.35049083401,47.7006807713325,5.58904319297587
731,40.9632413408286,16.674751069185,11.1367278505963,497.775944930961,59.3210516759847,4.70316213721398,40.8226526806683,16.599328009752,10.9234914624268,485.627224714743,57.2876803440077,4.96398551466765,41.3218906161074,16.7969253742973,11.0704202188049,498.166469204824,59.0301670298631,4.70460279442058,41.1518168648782,17.0466948831433,10.6101172720022,472.676717530998,54.2838118703046,5.29806408933932,40.7260207657017,17.7502411659609,10.3556096101245,440.545993162245,48.1512574100279,6.00630368611716
732,41.0085784461183,16.6349842372808,11.090775465009,497.864073850626,59.4780436331428,4.48938649550582,40.8325436298898,16.5712414098519,10.9198021511934,485.107271519759,57.3776500576127,4.81342161922885,41.2578410666032,16.7228991432839,11.0337467104979,497.965420910208,59.2161440341324,4.55409726643972,41.1736696527215,17.0082611915575,10.6084578713346,473.445111198108,54.5346286739666,4.97744672560323,40.609166016277,17.7345674235038,10.3667356431739,439.680224061016,48.3970729384688,5.68985498182746
733,40.8910419421209,16.5948160158315,11.1598577763778,497.740278867723,59.6765844639881,4.45493806180544,40.6285485647342,16.6331797477491,10.9192382365927,482.178400314091,57.1600379993774,4.82223113980457,41.1582936377554,16.7841607920209,11.0808447763306,494.2384468008,58.8563045366769,4.55508930644578,41.0678486661107,17.0716100639917,10.5893556042372,469.695927117742,54.0783404383239,5.12019684521607,40.6300556302638,17.8542733271354,10.3445379089688,437.167786048887,48.0514201643545,5.76048031042631
734,41.0290895374538,16.5868084581799,11.1661933778596,500.410278679834,59.8142756081989,4.39683962221733,40.7665404335786,16.6600588526795,10.9544252886252,485.124783313349,57.3558260072556,4.74259540088613,41.2698797037499,16.7988380819714,11.0987508907572,497.544013117058,59.0976095096264,4.4494945494412,41.1597350452919,16.9852103654855,10.6429809699599,474.091748483624,54.606781630645,4.97942862244194,40.6487525923925,17.7155153958907,10.34876312032,439.520973055856,48.2919146578617,5.63571911844536
735,40.9941286075075,16.72668474608,11.0500323911052,494.419616223648,58.8738173999596,4.65291683072307,40.7827815805991,16.6057313638936,10.8756764045824,483.10308575368,57.0328804301893,4.85792458263823,41.2416200331606,16.8168454914235,10.9835824041052,494.262077019831,58.6575982578945,4.59488546275161,41.1921546300644,17.0012040937426,10.5970264986258,472.608112610978,54.4081336063943,5.09841725160236,40.7060409204827,17.7288555726473,10.2986117925212,437.549369741564,47.8861069964199,5.86231374475522
736,41.0731806705642,16.6212251595688,11.1641708956033,499.469596251636,59.7100217388772,4.40139440256312,40.7116857795624,16.5983373343665,10.9662729538039,483.536828707524,57.0706067349783,4.84067118807296,41.2978526212238,16.7820208479191,11.1077410494098,498.006779290495,59.1896692783296,4.46693564500512,41.1333751089914,17.0303494086091,10.623121168414,470.863527508599,54.0695130441713,5.0147362089178,40.7427525685613,17.7084476573088,10.376784276714,440.951252091264,48.4418071044818,5.65187413143047
737,41.0192495496284,16.6315029283727,11.1653138806373,499.310314987564,59.3954656479413,4.42324020849993,40.8231880251866,16.5623806598772,10.9971574497319,489.773845274236,57.8510187932025,4.63816691832096,41.2310374941678,16.7827894752201,11.0951322206332,497.487640047882,58.8401204955413,4.4031736895462,41.2315026173653,16.9792471134704,10.6500953014063,475.386375058432,54.5339331985303,4.93284260315627,40.7311376418008,17.7097059127027,10.3885847082657,441.022878631061,48.1937374748669,5.60628558967283
738,40.9090287768211,16.641872358624,11.1294372468381,496.403900077622,59.2378087193095,4.50878491724186,40.7808416559198,16.6065153791248,10.9689101725044,487.017617417475,57.6152209051583,4.76026311826608,41.2437995674164,16.796109597502,11.0843050550088,497.244791085778,59.0469124856332,4.54990080713048,41.1659635829008,17.030535167922,10.6246040958357,471.860068380998,54.1548462825895,5.09514851329381,40.6290563828554,17.737456888562,10.3533274759888,438.337863180058,47.8866591424493,5.82175135680887
739,41.0382217053332,16.6601617763074,11.1239152858958,496.879957257534,59.0771654237349,4.45280127161174,40.8020986179644,16.6101391533901,10.9760085138934,486.526841988709,57.3725238843999,4.72084258407543,41.2841365211431,16.7902767956267,11.0481464283373,496.018558478921,58.5765133420682,4.53875307905149,41.2845252620911,16.9610831971035,10.6596774016376,475.506846034098,54.535792746157,4.93376646588314,40.7117915334796,17.7263345848234,10.3719384020303,440.347675399836,48.0321463129999,5.72490564588149
740,40.8847214079537,16.6879154958995,11.1095031583467,493.171216277536,58.8838392519331,4.4399384265687,40.7014367826653,16.6343130612869,10.9250962044299,482.433538617054,57.0361975406994,4.70273066036762,41.2651952035895,16.8043765020897,11.0752673389159,495.492062254893,58.9456514787373,4.38944032830138,41.097710196247,16.9256146747433,10.6072534160092,471.817177613679,54.2979193704026,4.95220608654515,40.6167146279689,17.814689720544,10.3251252554829,437.41083647443,47.8788035284648,5.63196206175209
741,41.0214312890023,16.6488357748958,11.1701801604595,497.532998678705,59.3961156950355,4.58485492666396,40.8154684392819,16.5745669747394,10.992653161056,486.25850591059,57.6781137839994,4.76056367587424,41.3465977995406,16.7692824683849,11.1697699848122,500.65763576849,59.6542426912972,4.45484061947596,41.2131568566628,17.0002869781443,10.6639882288738,474.467629243307,54.8192786643635,5.05987196544076,40.72434184507,17.6511458978997,10.4445894027673,443.054678299576,49.0240610304494,5.6392767589279
742,40.9358838804958,16.7131055044819,11.1470096306859,494.758015084153,59.1920805907581,4.70836804739386,40.7857581269945,16.6023511735036,10.9466463910639,485.494516762545,57.6016465624329,4.80518778776229,41.2938509661376,16.8523775775455,11.0723990859307,495.346892393758,58.9777997690626,4.62190705709983,41.1340080655457,17.0240330649643,10.6623602465374,471.57688890813,54.425812061403,5.17821932545276,40.7346056035668,17.7112750792068,10.3238728896007,440.269841826935,48.1873251697512,5.94215844413957
743,40.9887804913508,16.6534701776828,11.170372139939,496.753357833328,59.284097983501,4.500752067671,40.7787516347637,16.6502977013904,10.9394928034612,482.279195891018,56.8709125106113,4.85100982715985,41.2335242446239,16.8241985947084,11.0905922676595,494.173674602529,58.5476503265727,4.60125475123127,41.1574273751213,17.0280128334817,10.6482346316672,470.032595721208,54.0089934717416,5.15581742494792,40.6803884184126,17.733171653401,10.3837598658827,439.687501812546,48.3065995511743,5.72366244706394
744,40.9392580282403,16.5643922034288,11.0888172055753,494.869732377658,59.196500167433,4.49623557406699,40.7864669853146,16.5570661731752,10.9290307628653,484.178300462426,57.3415017325976,4.71070927919078,41.2784106016195,16.8337488959945,11.0562056531121,492.787148164364,58.5233768981946,4.53272022649769,41.1841594093705,16.9207983523117,10.6369075647839,472.459783542246,54.5323933179547,4.97877036953961,40.7119082128498,17.7737922251103,10.4120425796756,438.89566813222,48.3309988616311,5.62453910635748
745,41.0560352142537,16.6008304538916,11.1817424753613,499.437482963969,59.5226624127738,4.40658568150312,40.7375077396384,16.5562120355887,10.991111004425,486.17666425902,57.4045104832691,4.6868754249475,41.324169065413,16.711862990071,11.1102268181438,498.703641022287,59.2310271877435,4.36418949056842,41.1235918895205,17.0062779103796,10.6836601846397,472.951753723264,54.2652481113802,5.08993641203221,40.6140897511352,17.691508011137,10.3800103233399,440.656149349079,48.2484256274032,5.69288721893568
746,41.0131411170994,16.7071170218413,11.1589727119762,495.734407820028,59.1348660284486,4.53700776904717,40.8045224287499,16.651640588407,10.9681986453661,482.858478135087,56.9800285097605,4.87573366391248,41.2682351636584,16.84845288775,11.092569774892,495.010093166129,58.7440665708833,4.59273600160165,41.1072878449654,17.0616777945802,10.6083198827935,468.779878402211,53.6734923266297,5.22771592427146,40.649826085987,17.71477756521,10.3514139095227,436.828479884271,47.8058384570292,5.88877033474874
747,40.9785744484243,16.6445527032245,11.2016119035949,500.265904090676,59.9786809895966,4.36998389147641,40.670989745236,16.6020867935746,10.9593607309928,484.359061638169,57.3687266692122,4.80730288041266,41.2138081348365,16.7456832061,11.0851769080786,496.13055741308,58.9777240913226,4.50819979952209,41.1543839458244,16.9820296934134,10.700785672622,475.129067396534,54.9119590008673,4.97122827561293,40.6093418993176,17.7499536998288,10.3971300423509,439.518025263426,48.2510153104306,5.77754796510968
748,41.0412679305013,16.5930596583102,11.1530628046198,498.532949598533,59.350762197554,4.42941877263248,40.8161595485519,16.5446133838446,10.9529556730433,486.449588883047,57.3238534008197,4.73985742775364,41.2826604810025,16.7267185961134,11.0720614396206,497.471585711362,58.8810164406813,4.47346744808023,41.1933866925572,16.9742954209307,10.6060172586747,473.051055272426,54.2033177143212,5.02072884687578,40.7776877131514,17.6745114895107,10.3669318987533,442.738694031575,48.4698765053544,5.62733105096298
749,41.0788651289708,16.5599349854497,11.220604333003,501.482351064933,59.8244049984328,4.33711240117372,40.8206532418167,16.4962319764781,11.0041827215243,488.882494476545,57.7411452822604,4.72901927849723,41.334384628743,16.740265258787,11.1497670522905,499.58788023694,59.266652451853,4.42731923953222,41.261069019349,16.9059507995111,10.7091206601093,479.338377679782,55.3215614128523,4.81229146089943,40.7433600669244,17.6871883204174,10.3817077877208,441.584839837015,48.2824908555613,5.70672817735223
750,40.9022822537535,16.6406453485678,11.1264566819101,494.972482040574,59.0005482737147,4.55037370028171,40.7793986474874,16.5993843701063,10.9401290411467,485.396519452952,57.3637689069801,4.7368163095501,41.2455779953916,16.7582373851819,11.0386934388817,495.705541216898,58.7240742767353,4.55518210930899,41.1544997021915,16.9628172306823,10.6325418045015,472.468442487838,54.2812927396279,5.09626753398172,40.7150009270957,17.6639585273567,10.3149842560446,438.688443665124,47.9508942981257,5.82121083296444
751,41.0448992135389,16.6295660645325,11.1600416967095,499.486890842685,59.7432245668836,4.21832574086234,40.7532113618321,16.623893499463,10.9690119075366,484.879174485089,57.3570535558955,4.61115086226369,41.1775385850133,16.818760724099,11.0840513599543,495.032917444557,58.6945996265494,4.46630220679077,41.2122940278993,16.975670859634,10.6804317618897,475.895314336134,54.9465552241447,4.75723923407211,40.6714634900547,17.7681527309105,10.3495205278513,439.490497711419,48.1912372880273,5.49219380055888
752,41.063056495115,16.5952117888125,11.1463207279867,500.349874754373,59.8274671289264,4.5264046598552,40.7886364091641,16.5709568642095,10.9276098542685,486.350528317587,57.44644467598,4.8367170558449,41.3207462812385,16.7805131802275,11.0652981979937,496.854180650214,58.8925800503803,4.60089632227787,41.1819736155254,16.9934069977784,10.5824607936188,471.772904826358,54.0380228404862,5.23232954879677,40.7269457406246,17.6990308517152,10.3908566865726,440.515292470556,48.27307858046,5.78977300871368
753,40.9806538494912,16.5876250601665,11.1556946206946,499.294124972398,59.4306304794622,4.3163184572932,40.760142044544,16.5504936335408,10.9859535135552,488.99362201978,57.7958420955924,4.56174352452973,41.3210696538156,16.7217704404227,11.1114340787297,501.018966297548,59.3483830559417,4.33411600311637,41.1970588062643,16.9705774585316,10.5916623105082,473.915044701851,54.3761712140877,4.916896937963,40.7727942589913,17.7486661584511,10.3218071373386,441.413150729995,48.337911129627,5.55719195201102
754,41.0019136388345,16.6316587578141,11.1794728694122,498.891180930341,59.4603643633634,4.49924626745904,40.8039064613749,16.5834130330092,10.9527962347845,485.964227544145,57.3407810692105,4.78618379682616,41.2248974632774,16.7893016931619,11.1061440914057,495.990923060872,58.7059356882931,4.53378422916293,41.1388041656827,16.9446629693064,10.6079249116254,472.8851252088,54.3085471123939,5.09289878670541,40.6106552557694,17.7457828938694,10.3446999520411,438.249415936494,47.9835661411801,5.73404267571265
755,40.9853462959307,16.5461246933595,11.173857772546,498.945639031705,59.5652404879225,4.47123123063522,40.6694968114569,16.643520569388,10.9581821924305,482.829715922575,56.9504724037319,4.82282739576014,41.3121806645102,16.7351417307823,11.1242745078809,497.28643083828,59.01582342409,4.49753834000501,41.2075486691341,17.0086979876325,10.6331213323516,472.124852330999,54.2960039468953,4.9770448417482,40.6732253612325,17.6861357613324,10.3695173006696,439.924814729489,48.3314079745711,5.60410273989565
756,40.9569931661642,16.6505472253632,11.131164927604,495.16219659283,59.0871299918321,4.61356075351182,40.8299527025394,16.5947732358535,10.9556390921991,485.329682467429,57.4459656491436,4.85664860214174,41.2129618955838,16.7740099635686,11.05379342323,493.664959172761,58.6020954679964,4.62334720191616,41.1653636127334,17.0077528400207,10.6212269478726,470.60513664429,54.0169161676512,5.18657680828862,40.668543853424,17.8104732342942,10.2935256884442,436.729420126373,47.8383059086433,5.83449747025946
757,41.0361632901799,16.6741385974887,11.112808308881,497.154761328549,59.2987161936559,4.70813073856324,40.7602721599308,16.6449655323651,10.9531456871706,484.616214048639,57.2645613047025,5.08014267924917,41.2323884934765,16.7973988333293,11.0353576530168,494.248036196707,58.5299866241351,4.78596801087386,41.173328261413,16.9673325436335,10.6620726824607,473.112758457598,54.3761321117294,5.31396370616658,40.7218364774194,17.729059064886,10.3275351723337,438.315058855043,47.9006337176268,6.01647373034248
758,41.0133464588887,16.6452432334619,11.2192278859983,500.485124784213,59.6139694323357,4.2779801481759,40.8049532418166,16.5863578565264,11.051032958378,488.769560259806,57.774097097917,4.49989942533073,41.3490063412502,16.7345842948697,11.132680535046,500.730284474995,59.4119448344359,4.24679925750261,41.205494675708,17.0112499064507,10.6075009828559,471.162858265284,53.7828705347522,4.94480821606733,40.6702260283739,17.7141458247208,10.391952608831,441.061813490078,48.2879177507085,5.46048986818077
759,40.9859014577517,16.5437064209891,11.1427338068513,498.50017426405,59.4203497699938,4.45026459353584,40.7504854219352,16.6331299284759,10.8854027197847,483.006653380357,56.8196452019814,4.73059159796494,41.2038090076574,16.7703687658537,11.0989223058457,496.353925281688,58.8918660801557,4.43903623678948,41.1014259141558,17.0008438305619,10.5750884290436,470.41555533302,53.8461730090069,5.0600354462276,40.6443671477744,17.7306185430193,10.3479047588571,439.409071530978,47.9264906273298,5.72320755575722
760,40.9953230272405,16.6704475895805,11.1685198874255,496.522931882742,59.0979719826009,4.21964030939719,40.6970631927566,16.6245180842421,10.9838383230501,483.208023540591,56.876590010182,4.51711129957281,41.2720055126623,16.8630234125872,11.0701680623644,493.257838193139,58.2672023896081,4.30451765864773,41.1173530090245,16.9942764015041,10.6833431995543,471.565484155589,53.9705019685552,4.77070778563109,40.696581679001,17.7122285518977,10.3474472872507,439.893078461902,48.1711960967332,5.31600403525002
761,40.8961157852504,16.6620268989496,11.1078858341272,495.050648501472,58.9033446045165,4.31365288846977,40.7446199317712,16.6623673924707,10.9115843949423,484.256404385858,57.037021516753,4.53886791355408,41.1942575224799,16.7937659041494,11.0095246381834,494.939924330288,58.5432506632887,4.34425749370548,41.1207159066551,17.0640857506281,10.5359662561683,469.4127599961,53.6520015594714,4.89490633704556,40.7362693727055,17.7100466576617,10.3439480681112,440.991226602306,48.3493000209135,5.37672752919237
762,40.9923753142365,16.6048588605928,11.0990558896238,495.251165202959,59.2913370567062,4.47663977431267,40.681956390613,16.5864910555134,10.9232252727424,482.273081451741,57.2174584176658,4.79069997856317,41.1880155295546,16.8349190912349,11.0174332684541,492.78878831,58.5726875351946,4.65880304397193,41.2056895116527,17.0490406578691,10.5820963435732,470.839324844636,54.3934967201421,5.05814349289582,40.741555439191,17.7687178543205,10.3167405734313,437.977981977575,48.2448379048311,5.70779811422208
763,40.9548804758093,16.6069350525189,11.1457762446137,495.317268539133,59.1836896688481,4.65001786682509,40.7171110233322,16.5925416157146,10.9628041688095,484.868689427507,57.3874930141524,4.94234993854864,41.2504125201083,16.8060443308193,11.0935081019663,494.599492744195,58.683215642906,4.70604838697164,41.1532434768348,17.0128535691126,10.6505873358022,471.910601354589,54.2291337457235,5.19049268437026,40.6135980396277,17.7035713301082,10.3634773247253,439.71658759208,48.2770934021096,5.92291967770983
764,40.9739190323163,16.5930839815867,11.1343297864803,497.535720755582,59.3041803838211,4.80252621233659,40.7444568430155,16.5191819782297,10.936917336032,485.331317281806,57.335566284827,5.07446077284825,41.2921344267346,16.7210365582796,11.0704641552507,497.160567157131,58.9552432892674,4.69850084721208,41.1414840510367,17.0215781968349,10.5738619151099,469.876456780294,53.7605699194328,5.42650774059947,40.6960486606279,17.6550344880944,10.3626387643237,441.07913067109,48.2767282151486,6.0210903510222
765,40.9769426364906,16.671542683565,11.1315584358612,496.724824957338,59.4611560771398,4.4429210098571,40.7533652526368,16.6603788837365,10.9231085701166,483.329036604141,57.2047121253794,4.77492020376643,41.3051077758046,16.8472661000242,11.0799597886508,497.326327010683,59.177397795718,4.46805755831093,41.2676238121747,17.0552308187944,10.5534915972847,470.119377789389,54.0332846644716,5.15853498151639,40.6961313390905,17.6746283457223,10.3863428078386,441.464219980302,48.515117644914,5.70903607926004
766,40.9592427018564,16.6701327496914,11.1468780197858,495.393668235325,59.3052362077576,4.28056937080688,40.7059136028392,16.5931014021459,10.9479393927578,483.735092057932,57.4810884553874,4.55569023544385,41.2265718133708,16.8225072603587,11.084346588911,494.594481138721,58.8578063431242,4.30166785592219,41.1208893744463,16.995005230852,10.6293193245774,469.908622657954,54.1713186905007,4.82313637973942,40.6369084481513,17.6912237157607,10.4170178045189,439.662727448847,48.5164137214908,5.3905639562231
767,41.0039973224154,16.6545537397646,11.0955830705533,496.480490187401,59.2298378271078,4.51221917881601,40.8343356424117,16.5874193902301,10.9635216514723,487.881769872309,57.8986805309332,4.65317470769407,41.2933565289098,16.8308437709457,11.0433231983663,496.183216695905,58.883651749637,4.49488347126506,41.2367672261912,16.9940372309348,10.6400811206129,473.694439107848,54.5752595960296,4.93111191633069,40.7278651603356,17.7117256318116,10.342127423099,441.021886444303,48.5436692352169,5.61062812307279
768,40.958056371232,16.6682840929254,11.1533570553438,495.22736294363,59.1597821674106,4.31427394910273,40.842296186637,16.651923784661,10.9608560938273,484.204086276448,57.2556836473613,4.56071778030485,41.2721856351238,16.8448146966307,11.1005228307368,494.477490340605,58.6443843244404,4.32268457319451,41.2519523848959,17.0329708848502,10.6632021837398,472.396972004655,54.3246709289686,4.81826962388084,40.6782976010629,17.7326776447183,10.3637562720181,437.319968848336,47.8982110535993,5.50217471798853
769,41.0114637120949,16.619439558827,11.1263309653974,499.105857063637,59.3916007124893,4.43451062996018,40.7491874647441,16.538923030404,10.9285291767915,486.353022099825,57.3079776871957,4.79696911481303,41.2210156099213,16.7645139426393,11.0478062902929,497.412724884195,58.8917422382148,4.47304841801202,41.2002988985197,17.0318584077666,10.6693481064819,474.069174726769,54.4602382572188,4.97663562179858,40.6503009305206,17.713647493758,10.3506658880584,440.114657832897,48.2032892345983,5.7190685934389
770,40.8990311928348,16.62054740949,11.157217172635,494.63959040443,58.8549148808785,4.64960253997188,40.7265617909221,16.5185222656906,11.0222224627487,487.327045744424,57.6596136193046,4.7669656294481,41.2592336791388,16.7534728786736,11.1248381310841,497.243832446606,59.0576429190876,4.54914703875301,41.1542924378504,16.970486808221,10.6673239663842,472.826912393994,54.4552336834436,5.06862776087319,40.6562106116949,17.7100835739245,10.3813699136679,436.650025451281,47.6842179556037,5.86555411026457
771,40.9330845261907,16.663983650435,11.1426400073362,494.803006738193,59.0410059405532,4.54813227507677,40.7142628693678,16.58549466851,10.9727922486645,486.071366403871,57.6395544874857,4.70924752413234,41.321689875021,16.7741306005071,11.0865621174511,499.489715083183,59.4539587033532,4.45136776524557,41.1873506591428,16.9937319027376,10.6244664469406,472.437218398849,54.4532837344866,4.99003450618295,40.6854542738426,17.7565659149032,10.3912728966235,440.336525707338,48.3259681582283,5.64343657212799
772,41.0567351349057,16.5878004313571,11.1850030879632,499.526678259934,59.7049574537641,4.07475756500539,40.7469293348762,16.5665477802829,11.0020242206471,486.143037565143,57.5759223921648,4.37471080907829,41.2410252505187,16.8008884250147,11.0842286786691,496.713264868369,58.9450520834867,4.22841869424868,41.2409844393895,16.9452866787522,10.6779796020629,474.644676796208,54.8016335259361,4.65310878979764,40.7652407909797,17.7078423345956,10.3818474258825,440.25137819889,48.2015171227495,5.36980587153456
773,41.0388317569576,16.6252545840982,11.1513052674012,497.351134226781,59.2814929165678,4.75486607400789,40.8604035498234,16.4989781544107,11.0133332141793,489.320439578095,58.0019865980418,4.93740649254738,41.2333413999834,16.7808237342439,11.1173819927288,495.904320779145,58.8363437050901,4.80764396770159,41.1701988001165,17.0787735689416,10.6674193419522,472.900140351342,54.3159357797951,5.31390304690798,40.7549391748711,17.7130677409305,10.3984428619995,440.440359855062,48.2743463967569,5.96524741296553
774,40.9944311707942,16.6683975069944,11.1906601576587,499.289200133371,59.5102340919593,4.41148066097537,40.820659321777,16.6313434073351,11.0129964094738,488.038760781183,57.6345883349012,4.63931240198962,41.2231386869634,16.7916955009668,11.0917828907957,495.632559469795,58.8035357969772,4.48303806703189,41.1888973959143,16.9702314769857,10.7201125587454,475.008023245553,54.7581277013486,4.89747376320642,40.6753770207733,17.7049193358252,10.3351363019664,438.055890697377,48.0081783551702,5.59895680133891
775,40.8938443529382,16.5778185269497,11.1660179203201,496.150089631765,59.1801220815206,4.52831647202062,40.7508746198832,16.5723408346274,10.9999809621311,486.28072778729,57.5248880225334,4.75195464016808,41.1806680923005,16.7866225470977,11.0832215224922,494.254072055945,58.5632490982827,4.60573533840692,41.126574088235,16.9609606025731,10.6606945365278,473.136885056977,54.3006815747181,5.13425460305254,40.6283977317971,17.6814959082852,10.3299188405908,439.268902297656,48.0289476441269,5.82726652393871
776,41.0276036677822,16.6587096680902,11.1636058699823,496.973507288706,59.4584834665015,4.49835889298605,40.7372348522554,16.6447028764697,10.9914577934342,484.59475582587,57.4085248308953,4.7528090253096,41.2356934848693,16.8008369379615,11.0649955132474,493.462316113359,58.6295699059586,4.49741943287772,41.164591897968,17.0438686120285,10.6305656455359,471.287921954459,54.290194408882,5.08709716578382,40.7335050380407,17.7136538362628,10.3093276033894,439.535632551857,48.2110129429126,5.74871881934661
777,40.9792945884965,16.6411980327919,11.153786239038,496.213773420253,59.0858541546962,4.42483022554955,40.7223717044486,16.5851207563259,10.9500153797088,484.671051517895,57.1594084782393,4.69508043436033,41.2141038989945,16.8151165040674,11.0660867223212,494.642893800221,58.5464186488409,4.47724965850908,41.1565313709852,17.0094941394127,10.6304815747692,470.25167140543,53.8914439077095,5.04593809329446,40.6246061926836,17.7491494249466,10.3127207881464,437.271318594045,47.7317147731238,5.70033305064559
778,41.0092095746304,16.6076108100147,11.1692667264467,498.169940302608,59.6094699181905,4.4700570024192,40.7901105481461,16.6458441279334,10.9508168892766,485.064369142618,57.3913886524847,4.80836330839895,41.2808347945195,16.8076457126034,11.0746644306086,497.36944598194,59.1098528866272,4.55985013941383,41.1872217654295,16.9903313706251,10.6646303884423,473.422421135483,54.5536318607138,5.07525608533757,40.763519289036,17.702092079453,10.4217580457908,441.460360288805,48.5592787858796,5.69762383751754
779,40.9534685589383,16.677640985104,11.1010605147773,495.284833191813,58.7303949029754,4.67096359270874,40.7580398300479,16.6219867675808,10.8984260968159,484.021116858928,56.9000277918204,4.8522380174784,41.3020101493394,16.7780394801792,11.0871750088716,497.472080645985,58.9019810710597,4.52489771140322,41.1736875724148,17.0024149944996,10.650216948366,473.107069243671,54.2795482829661,5.08464201307002,40.7307340087848,17.6725423555714,10.3756274455288,439.075305777226,47.98977923226,5.75758023546
780,40.9701767686116,16.6550110079454,11.1435172552599,496.45484450564,59.2930239639127,4.62458014709325,40.7364326236851,16.6076638460694,10.9525233675441,483.746241131611,57.2551572944253,4.92840720231499,41.2478168847147,16.7642492078095,11.0341907896727,494.886340992547,58.7445973054006,4.60321678029843,41.1737386809001,17.0228340907749,10.6435048335965,470.486697681344,53.9778207235054,5.2347724140768,40.717153264894,17.7677313917555,10.390604045191,438.144217324353,48.0468648557516,5.86377259485109
781,40.8889681622011,16.663773857412,11.1243756828585,495.017154185998,59.0570663584522,4.44142308720218,40.6990343842776,16.58241565379,10.9470021721904,483.387184309638,57.1385865541872,4.71520695353067,41.2151194367903,16.8674696510935,11.0508218504293,491.70008640916,58.1070199679327,4.56920321533184,41.0864373754125,17.0672515122646,10.6203711853535,468.493747557876,53.7386944493186,5.07791594151557,40.6463710834074,17.7439211507378,10.3229809078499,436.438227652736,47.6867156522028,5.72163431508809
782,40.9777852716525,16.6171899215818,11.1587602605407,498.435074262389,59.443490926771,4.63744333325504,40.6598021292001,16.5610687350412,10.9998740686828,486.231378297447,57.560182542919,4.87599168214522,41.3049321683818,16.7673945875442,11.0750214520769,498.049236244929,59.1126694482179,4.63374942571685,41.230065357804,16.9610062320955,10.686664039721,477.244543785509,55.0729207523444,5.09785285401441,40.6607630969406,17.7021700173933,10.3851178358996,441.673688722232,48.5338981983515,5.89686146302197
783,40.9748724356778,16.6138084278273,11.1460318200265,497.075073548535,59.4046853062986,4.72124488542656,40.773613986109,16.609314246821,10.9599627260076,483.916336141783,57.1711779174575,5.05790245521629,41.2239963050871,16.8291144316588,11.0213037975096,494.356399988357,58.5729120556656,4.80132943575078,41.1930722746047,16.9847604557064,10.6078149986349,472.343325805082,54.2479285584285,5.36777091861447,40.624100034027,17.7123169193805,10.3594654910797,438.823870413386,48.116011147155,6.05576067982616
784,40.9165026312701,16.6328948695703,11.1165355139202,497.218707326047,59.225467403667,4.61063868766054,40.6069017378761,16.6438224304701,10.9241716862764,483.09171882038,56.8825342797033,4.95402523689266,41.2363541517787,16.780198575892,11.0668496323922,496.196426113134,58.717868413406,4.63558034504266,41.1150395537293,17.0102080531116,10.6285414539893,472.259231390134,54.1004424396624,5.13605669369252,40.7271162019648,17.684589504083,10.3876407228564,440.622033651252,48.209045787042,5.77211080342044
785,40.9603454925025,16.6502716023044,11.1647452488626,496.89088738496,59.3692236292127,4.48011144792967,40.6719151513347,16.5750902570269,10.9699121924193,482.294003935304,56.9582298288852,4.86666306978238,41.1773816988184,16.7812963720015,11.086714708633,496.350875011732,58.9268896999756,4.56663703527903,41.073464916173,16.9719536542322,10.6374778968784,471.997997490231,54.3360130739993,5.01213399688356,40.6503876505726,17.7098678959039,10.3883668222825,438.132234708419,47.9843773464431,5.75279478823885
786,40.8912864884206,16.6831381932331,11.0970580383313,491.191448574349,58.6590690034754,4.79294493292178,40.6617886879609,16.6631177021536,10.9046661051912,477.707833759147,56.4085979066922,5.19957260174367,41.2370019616034,16.8101446584062,11.0385834957519,493.614925805188,58.7668643514407,4.73018533119159,41.0673212640039,17.0546612039174,10.5836275748032,468.77593904003,54.0382817842365,5.30644337493743,40.6117000745182,17.7204527661826,10.3690060879755,436.836775725826,47.9088914384158,6.08399641170246
787,41.0134601103869,16.600050611103,11.0977466291897,497.588280378467,59.4747553504901,4.55687527061911,40.778719358561,16.6337384375971,10.8937745753437,484.942929779293,57.3676187600012,4.84204824566878,41.2650921265258,16.7919761669914,11.0382055564322,494.142104875968,58.6534184465782,4.59592120894776,41.2524275775547,16.9968773412188,10.5958221098229,471.5937708678,54.2234533318405,5.0911925106147,40.6950167275627,17.735669444177,10.3610896594322,440.243409242847,48.289400260144,5.81831646601025
788,41.0045201937466,16.6892404015328,11.0750112157673,494.448985780724,58.8701319725704,4.45014269425351,40.6760584905599,16.6447323000282,10.8599058829957,480.528958602685,56.6505886707465,4.72453464987365,41.2454489267905,16.883503253172,11.0083203422176,492.141635507192,58.2660038481165,4.46690323569462,41.149280527252,17.1219416166476,10.5340862153325,469.884475881982,53.9330414624405,4.98550002885431,40.6258932557932,17.7076562057653,10.3396012466904,438.734468870474,48.1053066638241,5.65424811965493
789,40.9768477988811,16.6087411359693,11.1597381358784,496.426206587864,59.2782398485848,4.4683089953532,40.8266302842233,16.5662049227777,11.0134258351029,489.365197409588,58.1501935178394,4.5415105091311,41.3074206815513,16.775126079983,11.130408620245,498.759325780721,59.4099047724376,4.32257700389381,41.2158703396248,16.9715596814811,10.698740528171,475.50259985718,54.9045521291183,4.8184564163889,40.7395027438085,17.6932729149651,10.4008518385051,441.76062773898,48.6876503916174,5.50743794264024
790,40.9126448834426,16.6424767155557,11.0988740375645,494.780195060521,59.2858423837021,4.48667214975285,40.7343988471054,16.5781263099582,10.9258093855668,483.998034802139,57.441513451435,4.77731542972119,41.2762750400976,16.7836013052568,11.050870742948,495.558943160409,59.0022357099969,4.51580255581665,41.1363925685364,17.0567497540939,10.6166803514923,470.687409004935,54.1898359992493,5.07623387908697,40.64533143838,17.7509675421753,10.3018771709423,438.139529523337,48.1121997548181,5.81456601271289
791,40.9836108895349,16.5660970889997,11.1592377323166,498.417557456008,59.6056477375926,4.5820397391977,40.7293599113945,16.5565070175973,10.9751060526308,486.260338961324,57.606874300882,4.88903893238412,41.2862342604053,16.7384004841288,11.0679455370414,498.097228155783,59.3252339783017,4.56678461498889,41.1696728701974,16.9307842302314,10.6521930526614,473.415845849832,54.5042562890541,5.18279576045712,40.6918564527797,17.670601744403,10.3862866610809,442.66146628986,48.7687468417087,5.84976478246018
792,40.8915307784064,16.6201118503314,11.0874750326925,494.121607672409,59.0570885903028,4.31917941906797,40.661180303289,16.6155309926416,10.8860846223451,481.554024694467,56.8449017445648,4.69791340556869,41.1703005797087,16.7727792582881,11.0321381217703,493.824510897957,58.8162519749588,4.35111653093779,41.0583995016922,17.007991158228,10.5375016786028,469.889250124272,54.1068145939205,4.89910828515899,40.6343649981374,17.7641378864744,10.370774784057,439.25519491021,48.1309411752458,5.53525619017924
793,40.9895446180939,16.5875037205338,11.1496725790327,497.716795385032,59.6780396196728,4.29902533646055,40.7485484052237,16.602322060915,10.9595947381058,484.808166473411,57.5522820905439,4.56049970851434,41.1646173421432,16.7885114555678,11.0740939528636,494.381468092137,58.878850410302,4.39724349971851,41.1389075087308,17.0596480130687,10.5835272267639,467.589666215808,53.7958581650825,4.94413105394448,40.6027772744758,17.7698670775853,10.3372129707717,435.989452078769,47.7983991386223,5.59806084423604
794,41.0169729375218,16.6804487594621,11.1233920451385,494.961014449575,59.1400488625807,4.48648339223102,40.7854073368837,16.5800301671066,10.977756977276,485.97037633893,57.7793488530231,4.57079617974746,41.287461873074,16.7683615603014,11.0893693154637,497.573792881138,59.2813424947395,4.42157881641073,41.2030010287277,16.9403764765288,10.6534337340972,474.91230020107,54.945637805888,4.82514113267409,40.6078297650762,17.740565135366,10.3272625223686,438.808222420433,48.1180387688933,5.64286528233839
795,40.9456245856716,16.6690237161919,11.1536464821535,494.49770137752,59.1001923886454,4.50239214784306,40.7678669061815,16.5867920087659,10.9956171663498,484.892975908234,57.5257298547192,4.73290864258379,41.232169639807,16.7385252888658,11.1136235891595,496.817145007475,59.1503419445637,4.47696782162737,41.2090122851229,16.9433967638243,10.6698464683145,473.895256821531,54.8599456522431,4.91638956701134,40.711276199738,17.6811304077271,10.4465216338817,440.592347260423,48.4778556491769,5.62473266761657
796,40.920397787803,16.6858813363401,11.1038123188049,494.791140315019,58.9448356117244,4.40121118954741,40.657061912487,16.6586268755377,10.88837587686,481.893447224082,56.8387497575032,4.63796743221071,41.2208718882536,16.8488557282384,11.0469191937706,494.535741695848,58.719875379576,4.3374019346099,41.1668213300794,17.0344756025135,10.5715459025689,471.023446580084,54.1259452897113,4.89411635246921,40.6541505288436,17.7203562306878,10.2980988314758,436.382145878459,47.629067957868,5.45967371564478
797,40.9493963124107,16.6471794537775,11.204986788567,497.980316594625,59.5306135162895,4.46576383823094,40.7666731711391,16.5920981053789,10.9782252001096,485.275317295902,57.4099705367369,4.79019746328244,41.3485657398784,16.7393832404122,11.0962842075499,498.678958132139,59.3126572914799,4.45463523022899,41.2200767977534,17.0194158505664,10.659717168928,471.722487414842,54.2429630817261,5.05569598049584,40.6772427867208,17.7022314270232,10.4101024168109,439.88345955281,48.2985514313898,5.71451755829914
798,40.9581454215895,16.5732586997023,11.1008770768251,496.420288038134,59.1721222581424,4.4873122435552,40.7593724682954,16.5525908160362,10.9593307429615,486.809119895707,57.71645141185,4.63994848952864,41.2777550394543,16.7240496712504,11.058453909455,497.2236665464,59.0793831604161,4.46161302670904,41.2286628059753,16.9560254971509,10.6555397108798,475.111361090014,54.7665584938915,4.94019826968372,40.6655334123028,17.7054720141136,10.3283363566368,440.353782092976,48.4322133163729,5.64269805394658
799,40.9242052664365,16.5935202403871,11.0647824680471,497.136381367368,59.3154849191873,4.3010889463151,40.6480135849319,16.5883813375941,10.9035946859425,484.484197362641,57.2751669439972,4.57730889494923,41.2766837936934,16.8595906905321,10.9933626401892,493.565085616311,58.39513897067,4.38383391216957,41.1152367989012,17.0070337946295,10.6240644415541,472.237439318409,54.373540669418,4.78158932683165,40.6796411720318,17.6996923429118,10.3358610277275,439.965194323919,48.2432544513258,5.44975660603559
800,40.9948403863567,16.6286265007682,11.1148304319547,498.373082651488,59.5197679220879,4.46883697872285,40.7650961558771,16.5313825231121,10.9247054858561,487.132599889231,57.7174664588211,4.62281748693664,41.2751138094325,16.7613288949364,11.0346939241293,497.572560528742,59.2028149804964,4.35607074470462,41.2415096406918,16.9749920787093,10.636195803668,474.008678294398,54.6153891063728,4.92070354719452,40.6568177407388,17.7294129025583,10.3843084941257,439.636746646405,48.2924080684951,5.5639150454362
801,41.0366033904527,16.6095396803768,11.1496295468859,500.741423675194,59.7952699633043,4.50546119039701,40.7520395483024,16.6015149808971,10.9814939784768,486.63072626728,57.520584842234,4.92525469597781,41.2699742614974,16.767364998148,11.0743320040678,495.732204900504,58.7829424781655,4.5884932533493,41.1520104539606,16.9804575534726,10.6742962866806,474.505239921434,54.6305757337638,5.08639193035666,40.7362140991423,17.7085148176377,10.3560603993518,441.042909641941,48.2506564402822,5.80987134741124
802,40.9631616803387,16.6324280027694,11.0741758580836,494.542512638838,58.7711292080973,4.75180339303949,40.7903655250109,16.5265099943688,10.9592384003867,487.054804701521,57.635672590185,4.83678183881871,41.242219931848,16.7494556103329,11.0483355945303,495.964556919148,58.8731200901571,4.61839061413192,41.1530520240184,16.9362650521512,10.6393984310931,473.144473570026,54.4324967872064,5.15487290438814,40.6527655502846,17.7463562251902,10.3467419357121,439.630069097734,48.3159484183063,5.83551712538256
803,40.9219964076523,16.6632842008648,11.2028724915565,494.076606986711,58.8591592218732,4.6351432662365,40.6676539002897,16.6300120161895,11.0327029752344,482.569801004691,56.9759584282902,4.87515923304527,41.2312141665128,16.7955291774042,11.1063307876697,492.226860965271,58.2645139949719,4.74252953259287,41.1579583704184,17.0309355158895,10.7019982654747,471.25822677076,54.162879219636,5.15901904758041,40.6848889525781,17.7318318791029,10.3511930066674,437.824399646214,47.9561362876754,5.87778530485922
804,41.0132540437879,16.6516964300378,11.1112454599726,496.944278801508,59.1830952283836,4.73836481036871,40.8912054756488,16.6003608979616,10.9372699075695,488.861446988176,57.7600721119458,4.86896266481862,41.350259562982,16.782905582002,11.0424947189263,498.089773386453,59.0844612096347,4.6907230272541,41.2453935855235,17.0363362422725,10.6225286265011,472.944206313392,54.2509207995516,5.31884385459373,40.6893759282302,17.7581618986453,10.3842888684875,440.721081193745,48.151970543663,5.98627937171224
805,40.9973367252887,16.609829309165,11.1398031954263,498.580050867901,59.7099147688959,4.39169846306135,40.731719308065,16.5812477493063,10.9539631667927,485.616023210309,57.5221420650005,4.74905645757947,41.283004263632,16.8001265113182,11.0761859942335,496.57240193114,59.10491828052,4.45145449685475,41.1321064081479,16.9290269055198,10.6426044192164,474.10597109256,54.7623754679285,4.93033031811517,40.6904461957955,17.7608671825936,10.3397587389106,439.397074658042,48.2875077848945,5.65493268981792
806,41.0336956215889,16.5904983392979,11.2134162281512,500.456561101737,59.9469543001214,4.15411818203382,40.7584030141408,16.6409175834243,10.9825365878003,483.213011467986,57.1598236064962,4.52732433715782,41.2841610211853,16.7844234744792,11.0879063762783,495.902833314113,58.9627756375029,4.29033625056829,41.1889330130126,17.0460190689172,10.6795016147182,470.831831960776,54.0979858208744,4.82010924443134,40.6821740401627,17.7402191236598,10.3019662072367,438.899706235242,48.0863557561663,5.4630995161891
807,40.977431545729,16.6486216430763,11.118985034964,493.834845694575,58.8090642871647,4.6679475535101,40.7970524988693,16.6394548530968,10.9522358337877,483.801825215148,57.1707438125258,4.94683619755918,41.2627844597266,16.7551958151738,11.0807397019495,496.96807148086,59.1612603815743,4.55906212344233,41.1359900299368,17.0016320811075,10.6450279049272,469.993175282737,54.0595146983851,5.21436899244656,40.6662517575122,17.7111805292655,10.3458903516288,437.723561891653,47.9878440368192,5.86130142681829
808,40.8954324234365,16.6155619773449,11.157853973376,495.416210437308,59.0932253292861,4.46769459718034,40.6681560718579,16.5951877886531,10.9400916815086,482.57132260425,57.0154857958042,4.74064141866151,41.1733772733387,16.7246080289439,11.0638089464577,495.675256304175,58.9107639897307,4.47982905995395,41.1778981685083,17.0038375152299,10.6137936193926,471.560810228303,54.281026262725,5.02592000258301,40.6800543044531,17.7095529873378,10.2943834870807,439.152046019626,48.0637061050488,5.70646100402646
809,40.8938787135124,16.6640811657042,11.1318142950736,495.536598679714,59.3392076166534,4.36856203742154,40.7067741549449,16.6467932213118,10.9243814846779,482.169819669195,57.0321607083687,4.70789905904963,41.214678189417,16.8641736148067,11.0128982378405,493.444096985474,58.4882071461576,4.58554185753174,41.1044145424373,17.0374630212399,10.6466815745001,470.18921577568,54.0666754119383,5.02336471478336,40.5528224038109,17.793004440345,10.3184558654544,435.639669587963,47.6000253941442,5.7462908089258
810,41.0293991616197,16.5515588608516,11.1568323726769,501.234269716843,60.1433042576735,4.18471192507119,40.784445637433,16.5665494445187,10.928367335365,485.602705008523,57.5506671093893,4.59446873117462,41.2979675699034,16.7396201673936,11.0672987179541,498.054186538879,59.2505355320108,4.32797289267625,41.3109849063932,16.939611781337,10.6458484253803,476.79482402694,55.1889964242482,4.7685160319031,40.6813467270157,17.6789496737822,10.3763810330286,440.91516979852,48.5396461295165,5.4847867550749
811,40.9265672811051,16.6972758005612,11.1381593567354,495.622495593647,59.2728804145167,4.54689570464058,40.7647302306404,16.5514744328267,10.9445421480103,485.773406925836,57.6236638095312,4.7543498419237,41.253089378686,16.8509980281956,11.0393199755931,495.434114482283,58.9440698122403,4.52967915448826,41.1910388440077,17.0101552296741,10.6148572090602,471.516925850471,54.3468855941105,5.08018778846212,40.6782613764411,17.7613919163696,10.3015538947546,438.31264143601,48.1686132928197,5.75588082292074
812,40.9181326045174,16.7022306131112,11.1303415808954,494.892930367578,59.0666057036688,4.47924307418818,40.7484399000116,16.6044551117987,10.955760975199,484.715793979985,57.3883417618794,4.71248512433945,41.1562973096922,16.8325713728613,11.0258985011165,493.525239399314,58.5977239350253,4.57461672877036,41.1422227849495,17.0324984281332,10.6151833071319,472.18036138913,54.2811589967357,5.08990194634794,40.7338955092808,17.7249414128154,10.3622784659972,439.374487446276,48.2407587399117,5.69216023468939
813,40.9919086346216,16.6711275058738,11.1552924622756,497.396813775453,59.4185859574693,4.47008184908731,40.818601028516,16.6151433299758,10.9752740852537,487.002241279965,57.731834149489,4.70019106902754,41.2577386993182,16.7955466358436,11.0632159010423,496.009602635589,58.9502059320792,4.54777564825504,41.1639812565035,17.002611151794,10.6534112944507,473.204218174828,54.5153418437647,5.05698772960586,40.6665015163122,17.7267213930101,10.3334377137638,438.672921431634,48.0237395039938,5.8444640964417
814,40.8470929688755,16.6696615008201,11.1383396244913,494.710330318539,58.8640618510296,4.51110774441508,40.6782236874417,16.6367338830864,10.9800620163272,484.840527524053,57.2302087890744,4.74962294208506,41.1290380848051,16.7563576936089,11.0968415484637,493.98833056374,58.4800493483309,4.56060341230083,41.133808676146,16.9962464290225,10.6478608497328,471.567469041494,54.1626907832834,4.97142946970661,40.6074440787518,17.7339640700064,10.3340011186966,436.768159863109,47.8565933398582,5.59752282781264
815,40.9965773582792,16.5922918009542,11.1216275679625,495.633010503749,59.0497851507464,4.31652052583767,40.74245670177,16.5832807449924,10.9299893131662,482.590094564705,56.9834326637299,4.54388007074479,41.2478296654927,16.7411275669678,11.0430789950972,495.631437158689,58.7848244366134,4.3537406027663,41.1512429618508,16.9481599259815,10.600024144174,470.715615555616,54.1222122960914,4.85369474355745,40.7387142907148,17.7343929613742,10.2816107958066,438.812312687342,48.0285694245194,5.51510895022394
816,40.8740524397266,16.7151115623063,11.0857725712754,493.152759210251,58.6586305089033,4.45962069961505,40.6896080043277,16.6876896054486,10.942327172517,482.231571340749,56.82139086853,4.70263729564439,41.2048793522402,16.8663126318763,11.0343211431447,493.496051738464,58.4053330791261,4.44732788667896,41.0552906765451,17.0215086694789,10.6015809949876,470.751169341981,53.9233208683917,5.03416220284634,40.752167323145,17.7213613399486,10.3683025541484,439.093295530378,48.0047740621508,5.54566421021943
817,40.9047425045767,16.6732877143309,11.1144242542658,493.974858366482,58.9063802398236,4.43937163521169,40.6560482081672,16.6709249921,10.9513714228116,482.600370391498,57.0925678491694,4.69869916580891,41.2328036318091,16.8160300040969,11.1211717639163,497.914579431402,59.2794977482877,4.34640583122774,41.1308264775462,17.055662398471,10.6110480034356,469.041940738903,53.8880054291728,4.97629500973501,40.6306094226558,17.7175717818471,10.3580749570981,438.143342290635,48.2116070159418,5.58876930510092
818,40.9347032136125,16.6703029055755,11.0965580846852,493.210718930563,58.9401885229574,4.43333848830636,40.7340929371943,16.5681949127241,10.9019349338054,483.580409231879,57.3097314439223,4.62849164424266,41.1932319134429,16.7885385607458,11.0787077772379,492.976312029899,58.5633045450738,4.43737910592218,41.1459918278235,16.9881327365821,10.595866725948,471.966419689282,54.4060046399247,4.9299296822229,40.6465670668215,17.7968696440928,10.2821710974925,434.827064806629,47.4201960629591,5.66605686552271
819,41.0122633995861,16.6894324370689,11.138154241733,497.562720123034,59.3166112467409,4.45923990942516,40.7291992689686,16.5964520293211,10.9421928405561,485.177627271304,57.2538003313857,4.75757890398913,41.2728206797413,16.7699918852509,11.0634977338671,496.459170852537,58.7762455752596,4.50979073791415,41.1553253383766,17.0018475307912,10.6048606908542,470.748389796959,53.8898952651616,5.16284907928879,40.6752270338817,17.6753542525162,10.3331018044467,439.49086651262,48.1271727118878,5.75478757859802
820,40.9942273292679,16.6708163192294,11.171380266463,498.151740981743,59.443092984359,4.51166178134714,40.7209231674554,16.6769979186716,10.9730744349817,483.714533452643,57.0746846573725,4.8259855575172,41.1979127165307,16.8470563270396,11.1093825385168,494.718258135572,58.5912768923657,4.62420266803801,41.2173841617522,17.0067963516879,10.6475934712381,473.572890803298,54.5886380059989,5.05938570664905,40.6402017569956,17.7745861463879,10.3470365454572,438.821692947337,48.0133939461202,5.80955477523527
821,40.9786083728157,16.6539026951851,11.1532994807999,498.175492542018,59.4364833804852,4.58990511286674,40.7727365382845,16.5520384733153,11.0095040865031,488.443057914129,57.7647724180037,4.83199556522349,41.2139684291403,16.7732656400669,11.1196554753139,497.260176710237,59.0979593355198,4.66073581758485,41.199233458628,16.9834682638893,10.638663762737,473.293734412419,54.2666978402715,5.22955304786292,40.6338316161062,17.7334914778349,10.338146789937,439.080043093373,47.9788886925651,5.87244137664326
822,41.0301885345508,16.5666755627029,11.1584111556998,498.705618169938,59.5291361189852,4.38743222119241,40.7255024663071,16.5539081230752,10.9743214620643,484.710477047832,57.2611295031431,4.69712967372614,41.2336110992622,16.7970070533822,11.0617811219675,494.126755518461,58.5552504237601,4.47107570920453,41.1875724152891,16.9647904956912,10.6696558323736,472.998659344407,54.3177294220831,4.96181931601432,40.6737910227024,17.7630828394166,10.3191722669566,439.773291026445,48.0887128320797,5.65323653192754
823,40.9475266943104,16.6912396519499,11.1279006476932,497.489721912619,59.4354012727497,4.56784450916303,40.6385015882596,16.6032691061109,10.9257124865281,483.550734494293,57.1906326210689,4.85494281813394,41.2800944635597,16.7739105495764,11.0556489624598,497.225356417809,59.1346635812833,4.55794545043914,41.1567888814246,17.0594974088871,10.6092916793149,471.175825869464,54.1802445659526,5.12797670915486,40.6793132342032,17.7128518499926,10.3805281160568,441.590247441406,48.513682224528,5.83583222628951
824,40.9895952519637,16.6552079995354,11.1719202950553,495.596676338827,58.954414658384,4.5246890444632,40.7205184638525,16.6285629924039,11.0372765646934,486.289880622362,57.443884319867,4.73776723783776,41.1956814229741,16.8026536072265,11.1221777929449,496.387375610371,58.772605171292,4.58591836323003,41.0746042670474,16.9698086156113,10.6684798458336,471.704972963851,54.2027470784104,5.04645198306093,40.650089777232,17.7522415122108,10.345006647639,439.290796363623,47.9443726516771,5.74613436253565
825,40.9890849266239,16.6226958629287,11.1632322399649,496.81090776415,59.0517769460074,4.48388745804249,40.8841466266022,16.5678331577699,11.0257537370885,488.858758602575,57.6972450835786,4.62566313959882,41.3149152638004,16.7517243979432,11.1442089491107,500.629047394242,59.3708593997174,4.42816969154833,41.130808716069,17.0152157714526,10.6836306879201,471.993172372782,53.9998605133166,5.1345127040806,40.6232349561904,17.7160991839858,10.4441971372142,440.40991250005,48.1978311169133,5.68263172421434
826,40.9775988852508,16.626811156745,11.1091588333867,497.030684437196,59.2654918542538,4.38975185678476,40.7590052575587,16.496185515149,10.9569968505533,487.791670446721,57.7565161990294,4.6664550934306,41.2605478588889,16.7679708891702,11.0586779753244,497.341331613341,59.0118668806041,4.42770583428647,41.2296845307503,16.9418629173058,10.6431559287989,475.189479269071,54.6279725798302,4.90725861470312,40.692921236542,17.6947034177131,10.3458769751165,442.247655571306,48.5670206005007,5.60204880226055
827,41.0568089424651,16.6430150874323,11.1451162071407,497.566379844595,59.2275315118746,4.3537491736594,40.7396724049764,16.6003284773394,10.9664473128721,484.610518211398,57.0988870892271,4.66786279673463,41.3265263680714,16.7551541110908,11.0461015659061,496.79373264526,58.7379670484772,4.4275451592506,41.1730173113016,16.9825518120898,10.6279318884434,472.194622250202,54.1365053608113,4.84380467666282,40.6724237985217,17.7444463828712,10.3603051487027,438.852831699378,47.8181769492222,5.57110870134028
828,40.9911715829798,16.5845036041732,11.1588651169709,499.791113537184,59.738092982476,4.32756176832697,40.722307779838,16.6207051828799,10.9122097815229,484.337142949602,57.2485137881703,4.63798207151939,41.2021441901529,16.7736075580693,11.0452716582435,496.350817800228,58.896389170024,4.46059397719819,41.0870975617459,17.0026742523994,10.5888528839283,469.339695479571,53.8039765254237,5.02222077660908,40.6023295339365,17.70382418285,10.3394032578774,439.761990354845,48.088925333582,5.63680732645208
829,40.9595409658591,16.6762142885294,11.1342697264597,495.016200491509,58.8368778192255,4.28318312795696,40.7442934613893,16.672708313742,10.947932199293,483.01909033488,56.9180191533927,4.49312521135262,41.3079572617103,16.7963684048801,11.1217348159062,496.503193787447,58.8583136742226,4.24959633237094,41.1164370503164,17.0043440841165,10.6194634766258,471.616609043876,54.1285167613407,4.71030960886363,40.6908129758329,17.8228441076152,10.3342194926444,440.035102552688,48.1388683504535,5.36241643230406
830,41.0584623810182,16.6208477149928,11.1307622079698,495.80587818465,59.1918868684881,4.37594818338526,40.8297646227115,16.5570688786284,10.9658222731133,485.92832414247,57.596843693522,4.53248950630067,41.3742766678168,16.7575388027423,11.0640174010866,495.702894844631,58.909840876623,4.32204874846113,41.1911407059483,16.9945380491584,10.6249048533251,472.310752976456,54.5062254944139,4.80079638435813,40.6940715135023,17.7476276701014,10.3514262842127,437.611252659427,48.0390410653368,5.50022715185347
831,40.9797495273484,16.5980423850029,11.1554245818286,498.151314044074,59.5824226516513,4.5063423506243,40.7714554550185,16.5998753722181,10.9554857516579,484.568544737042,57.389565899044,4.84541132031297,41.2397090058014,16.7929909456125,11.073242305624,494.286358019858,58.6725336650794,4.59055747970279,41.1814528170719,17.0656681968878,10.6332254201496,472.729535056452,54.4712756029794,5.01348147154435,40.7833134592503,17.6936480041237,10.330110892093,438.692684465035,48.2599546300484,5.64440863071899
832,40.9845145106838,16.6973397939698,11.0627406352722,494.260133548678,58.7721666277796,4.46990826597738,40.7045858287461,16.6261051198168,10.9103967463545,484.106693281055,57.1395129085217,4.71934836434255,41.219500712745,16.851669857595,11.0409050337368,495.066967433985,58.6581361925502,4.49022862041247,41.1997665815134,17.062916465399,10.5888704516106,471.810491758588,54.1129235085374,4.98041151562937,40.6585177324481,17.733403414169,10.3516379846984,438.343514516963,47.8673271844491,5.70462992934583
833,40.9499277137322,16.6364497135073,11.1220201270512,497.497267263558,59.4193900011406,4.42093852388907,40.7919098741001,16.5960761113897,11.0017296958037,487.707056548592,57.7689999820069,4.69386760027288,41.1809332301424,16.8580557494397,11.0537932661492,494.746385792167,58.7168898013335,4.52775617407329,41.1534490609897,17.0247191342238,10.6536410401335,474.29065871429,54.6161086674715,4.94972610858367,40.6700211459258,17.7477632751872,10.3217986513216,440.479763455109,48.3412056215323,5.6192379950684
834,41.0416080675677,16.6442821568345,11.0996485091208,495.919049598734,59.1607136316741,4.41957040321995,40.7828808707979,16.5929512755378,10.9159943987564,483.831270611845,57.2162454300726,4.73013711206976,41.1521671364651,16.8366706077995,11.0231094053501,491.685789312534,58.2811047765582,4.5405423143965,41.2304434670023,17.1135107326689,10.6053324506093,469.004315156269,53.7515057663316,5.06586837181285,40.6433328468252,17.7307207831597,10.3015733598043,436.003822063793,47.594552666344,5.71107918309511
835,41.0019716304789,16.5950138046819,11.152821920598,497.943455187419,59.3242421825878,4.62308917495682,40.727722979443,16.5242922687017,10.9774466398611,485.79805269611,57.3206229892186,4.98085600859566,41.2516047193322,16.7543947332131,11.0674041058018,497.331403647103,58.9140142711538,4.66757502617136,41.1546443633869,16.9476574498997,10.6806007331341,474.509334570238,54.6039303751658,5.14202670860004,40.7364147447526,17.6571289074402,10.4358483225164,441.79068500154,48.5703035017659,5.78444737029454
836,40.8317911390882,16.6983444333533,11.0794742247893,491.880059392609,58.449362056793,4.52662440575277,40.6869004732707,16.6676426292797,10.9168292224566,484.212820780301,57.2069694303986,4.64395970353766,41.2502384451654,16.8457693502355,11.0574319482343,495.650311994581,58.7344847021251,4.42935552712464,41.0737423561368,17.0850978296676,10.588433870109,468.895343937979,53.737828863557,4.9590580717075,40.6063100913988,17.7214025119141,10.3194847333651,438.887084729415,48.0948033482724,5.53227614775795
837,40.8312118091767,16.649357706386,11.1631649282727,494.638336623864,59.2464728725658,4.47332874129781,40.6540090881754,16.6225091339334,10.9605274588485,482.060326975178,57.2115530727583,4.66597691667907,41.1679980761846,16.8299648500157,11.1006090780641,494.172559137588,58.8720181845427,4.4510242018159,41.0511195393913,16.9748563527004,10.633759655122,468.941677323624,53.9538254792783,5.05678201720934,40.6205686201056,17.7564357947794,10.3352470217865,436.64183764988,47.9180800287794,5.60634851075391
838,40.9764477796278,16.6605039456953,11.1783658532285,498.182676939853,59.4285557736862,4.24342458830962,40.7140152904219,16.572089401457,10.9691562709916,484.422371410838,57.2053251014556,4.53827316681803,41.2134866660208,16.7724289839515,11.0799498895683,494.798695984269,58.723512862201,4.40176165814184,41.2021984990494,16.9707955882978,10.7141019390846,474.599585834067,54.6665376812463,4.73683201324832,40.718192723656,17.773281343759,10.3525578603507,439.371858945915,48.0027305965195,5.49635157193185
839,40.9646965532546,16.7242829945299,11.1386821276162,496.579595792256,59.4804508978345,4.19040316766156,40.6970614716143,16.7029204656639,10.9661631957162,483.361439496802,57.2629250034919,4.50647520088424,41.2299980274097,16.8880398707037,11.0598373431498,495.717782192812,58.9986444500559,4.3213851674627,41.1718981094566,17.0824580182722,10.6469479624024,472.299496124684,54.558611653089,4.73267967845598,40.6887555798403,17.7389935107276,10.3896276534449,440.763486559367,48.5240691670065,5.37922473036893
840,40.9276174114289,16.685135074563,11.1155442665842,496.074941986309,59.1591703471579,4.28508075332852,40.6691128163946,16.6430062960689,10.9192389370806,483.292098409267,57.0251096487928,4.62809956567955,41.2493679424457,16.8434412178833,11.0518043514112,496.532231575313,58.8757022303995,4.37193871066268,41.1146907642951,17.0790469101768,10.5777890810963,468.477460351442,53.617489858272,4.96119769897025,40.6373450742903,17.7452783656971,10.3775683410752,438.036603570856,47.9186679388407,5.53008161279418
841,40.9545914399065,16.7077252923204,11.1475693714119,497.303322889498,59.6278336808067,4.33149235014684,40.7627022461416,16.6551040050165,10.9673952965844,485.713964034221,57.7134665918182,4.63308246321473,41.2726142215947,16.7829012996929,11.1254856655622,497.839554211148,59.3753987555951,4.42058241420922,41.0942973795448,17.0127335329402,10.6515956143183,471.975235740731,54.5279500738251,4.93461100070356,40.6133939386183,17.7146623920603,10.386743996194,437.880609233308,48.2368158364138,5.62845017343496
842,40.9498265747602,16.6169205813571,11.1244389402495,495.72497873188,59.0994550115177,4.30349302671234,40.7543440217894,16.6185217982907,10.9614481762855,487.447071956138,57.7886102742943,4.39074251800065,41.3005891133084,16.8039921458735,11.0847109643484,497.531923890785,59.2068720301391,4.23911627214197,41.1450651506653,17.0501526692201,10.6436035863785,471.4861960805,54.1742710166432,4.7874372574594,40.7760780474714,17.7287525548806,10.3238009309386,440.210707000336,48.1719447955574,5.39935589413886
843,41.0083377612655,16.6433884429875,11.0925027442785,496.556262411233,59.2394373289917,4.73524691892899,40.7800297286704,16.5797493522178,10.917114173155,488.049646074496,57.8738300437672,4.83613983014779,41.218477156541,16.8289547842681,11.0169859270635,495.319646251583,58.798246185756,4.703102086336,41.2126983993891,16.9618199521683,10.6098725233111,473.884014460991,54.6854213006373,5.16849585509461,40.7499565455202,17.6636074365749,10.3241528240413,441.287235489833,48.4621339247634,5.91257946417228
844,40.921343516504,16.7017611830747,11.164488749425,493.049649500225,58.4502361303527,4.62783008029187,40.6793037523864,16.6438424086961,10.9346449126645,481.065869100269,56.4940059846956,4.86410414716214,41.2209666773523,16.8007413924973,11.104057256317,494.304690209732,58.3460733991845,4.68005113866387,41.1681804492897,17.0247833968426,10.6835775695755,473.918375437811,54.1093471214351,5.20211091081805,40.6961831796861,17.6923248095386,10.3429480615442,439.525100346413,48.0014891846625,5.84285059785897
845,41.0149747104698,16.6640304954288,11.1325934401046,496.586651183961,59.4661587921471,4.32427470125584,40.7593235344414,16.6375658536444,10.957848315562,484.759538520217,57.4761075343752,4.60490482303106,41.2081009768054,16.7869813740146,11.0806616332084,495.229619857304,58.9937407772481,4.3747104344233,41.1982933475048,17.0110771919365,10.6450582625066,472.483465251895,54.5875931987761,4.88991315130198,40.7123867120027,17.7075663963516,10.3307870205914,439.715588822891,48.252335362292,5.56066528077516
846,40.9458974553252,16.6751772429389,11.139875589287,497.793040710681,59.5583025741769,4.41688316055082,40.7006950939398,16.4838547144886,10.961028207511,486.914880008843,57.814758690738,4.68592507917324,41.1698558801974,16.7866468684058,11.0462385564304,495.9133817997,59.0055035736905,4.50378486492418,41.1200088382166,17.0043483303427,10.6091328340019,470.199774589408,54.1912652192527,5.02774171678017,40.6789790680882,17.7269341030425,10.3282610662679,438.851376022222,48.3124196175045,5.61455546025008
847,41.0461220213481,16.6067877068316,11.1727397512756,499.522392002891,59.715823609767,4.39704662696861,40.8143462281559,16.5561088048786,10.9629937089255,488.46120286863,57.9766754158702,4.63136197048991,41.2936477482802,16.7762183235271,11.07998821398,496.919968887908,59.0731150215524,4.40466744504959,41.1947461647861,17.0387782301761,10.6745698207471,473.553154467637,54.575757313262,4.99514452193462,40.691811367071,17.6976381787147,10.3983965239034,438.954285648799,48.2677140919296,5.66558035737924
848,40.9036882370277,16.7206994010462,11.1418198393482,494.718269651405,58.9346796686195,4.62401653190696,40.698781523116,16.6330487988495,10.9694980121764,483.183663675157,57.1268760285588,4.81774079976207,41.2388737585834,16.8217774995989,11.1027124670426,495.276163142186,58.7124340048835,4.54303535225803,41.0834512886602,17.0681553489078,10.6508708005213,469.844326984344,53.9501181229494,5.13241701428809,40.6208897830086,17.7969268871381,10.3214130002841,437.519239968129,47.680090149723,5.81457079848432
849,41.0204400406932,16.661123918571,11.1467042822349,498.53018109274,59.4195601734176,4.7259794374914,40.7579258442665,16.6182437766414,10.8905691106305,483.910162682984,57.0207198300312,5.02236155592093,41.165395683376,16.8809934751625,11.014039457465,492.755856951371,58.221039025268,4.92089496036388,41.0901608253809,16.9845047495428,10.579011304789,469.705610745721,53.7990293096807,5.4301460880574,40.6598688746307,17.7766161706203,10.3120685898187,437.698448677725,47.7425174163132,6.11043126991733
850,40.960269450163,16.6838315600388,11.0927579613574,493.794563351136,58.9424194335427,4.36040863070754,40.7546213602493,16.6377044820292,10.9470025595138,483.174252854767,57.259808336989,4.59056639851444,41.258986950826,16.817823318765,11.0654619336921,495.18367436484,58.9520112706245,4.31241279917446,41.1306206376079,17.0630102128028,10.6143932929139,469.878976678038,54.1067634818003,4.92972111210674,40.5915146722176,17.747910391558,10.3092897437632,434.959470497821,47.611820613829,5.60604780259451
851,41.009989250265,16.7049610072562,11.1754607194866,496.702375670456,59.4341949278703,4.55199014012661,40.763006512675,16.6084389461417,10.9797574350513,484.915689517448,57.4715457984584,4.87726583630608,41.2739127756784,16.8700157315081,11.1032833649709,497.337784281117,59.3009061790572,4.5275245500307,41.1805866988792,17.0317709440058,10.6149085014127,470.914587285465,54.2478715038327,5.13053003490196,40.6626397459464,17.7706182450697,10.3629527829172,438.788574558921,48.1457468952972,5.85510480240568
852,41.000867964469,16.6627684981873,11.1970888467283,498.113756151128,59.4913258849812,4.5174613161717,40.7933470804832,16.6044313456989,11.0029421406741,486.868981872859,57.6323582996549,4.78841920640888,41.1701973923128,16.8141057769007,11.1184595151025,496.420473337254,58.9405078489364,4.56939085394272,41.1870619312131,16.9896266055422,10.6465927817709,471.353436574027,54.1639483289326,5.10603894619016,40.6881057363266,17.7163658973935,10.3547538596254,439.32735839221,48.161219370678,5.79315873172758
853,40.8693253631282,16.6895351949674,11.0721431281222,493.372319254278,58.7266065702135,4.57128516317217,40.7213596426201,16.5835941035781,10.88751205095,485.018537112259,57.3095900665605,4.7305862584494,41.2010650420195,16.7513433800735,10.9595689811388,495.520238424103,58.7690102537136,4.48495541804547,41.1601657958626,16.9871453628667,10.5828518004582,472.004598565803,54.1632873373514,5.03334123538277,40.682140925264,17.7341155828127,10.3049081629609,438.245373331079,47.9704856216603,5.67615635762821
854,40.9817676241827,16.5881716189797,11.1506796504385,496.804595610387,59.0624400551049,4.45405656611683,40.7717448870688,16.6257642053786,10.9749664771336,484.907232728266,56.9848052266596,4.82932696052376,41.2627998283371,16.7723751731337,11.0723640714853,495.9242729213,58.6551364381066,4.50177928329129,41.1963969394931,17.0215647256938,10.6312747737309,471.968357537313,53.9776067860453,5.003312900734,40.8180350993934,17.710034910838,10.3667521032776,442.729951011694,48.4353935898847,5.5648257248657
855,41.0774509132728,16.6297985275439,11.1501159575036,500.454443073722,59.8304123500463,4.16671428788764,40.8228451637115,16.5625164832467,10.9895306043309,487.30806190177,57.7743604242696,4.45727124451602,41.2540077126746,16.8003640553121,11.0959883031945,498.296957383622,59.1583334816105,4.29796542791186,41.1325439128647,16.9859771953715,10.6181370958974,473.380029748738,54.4082100115769,4.83924561825454,40.753657273261,17.7738589027535,10.3702659810334,439.995622884026,48.1627776236349,5.43808479991362
856,40.8806566609832,16.655273236081,11.1005334629061,493.980891992594,58.9389292193261,4.36851484884041,40.692919143493,16.6725557343333,10.8796120385415,480.622987576468,56.6279096597325,4.69833636036967,41.1883401959282,16.7882076402255,11.0351519654221,492.817931513187,58.4916273318611,4.39723701447642,41.1453597002639,17.0663251009152,10.6020706110468,470.057452056623,54.0906051822468,4.8311727042989,40.6108202571366,17.7868804531264,10.3335191038899,438.836203817014,48.2147828630911,5.42256700228561
857,40.9872912743876,16.6447619179342,11.0879899152416,495.73666584147,59.2202212036942,4.45468134166496,40.8939005883747,16.6529334098159,10.880637789311,485.630093012643,57.4593417848851,4.67837583431894,41.3136471911343,16.7659041966847,11.0107944912595,496.56398007375,59.0186045978692,4.491762801588,41.1882721377674,17.0450286571066,10.5457867966847,469.844574484185,53.9385554409414,5.08405092243671,40.7157114918229,17.6889777803671,10.3129524221889,438.993605612562,48.1922658055052,5.66901647774171
858,40.9090333496996,16.6197230547549,11.1457038065267,498.192681198071,59.3532268802666,4.43285308928784,40.7135896628124,16.6025208957419,10.9687559821912,486.418295722477,57.3959848389524,4.68238455666949,41.2603312021753,16.7664852345648,11.0941679654714,497.115457393878,58.7917244377014,4.47594605006157,41.1412788298113,16.9957906397925,10.653517670997,473.6952224518,54.2974471849118,4.95988068287248,40.7051610172684,17.7733843483998,10.3344016649197,436.459138142294,47.5052205574993,5.77207074046183
859,41.0056154716611,16.6341465834725,11.1715347919363,498.239994796341,59.6349572550671,4.32011569921905,40.7366390499669,16.5944609937472,10.9894769664531,484.885968906421,57.4985698217891,4.68279366670696,41.2942276653388,16.8276082857744,11.0364732688057,494.071142441337,58.6241795854867,4.39099432455626,41.1949929601752,16.965398884544,10.657941222386,473.810311405692,54.6156335991055,4.82808083532958,40.7291672837488,17.7239500193436,10.4263637117665,441.113533611638,48.5509705413919,5.47298004065982
860,40.9684980792756,16.594734654276,11.1756076221411,499.344188041073,59.8209136368874,4.14662479687497,40.7926352217278,16.5804027690185,10.9462303281811,486.578180320592,57.7641742864166,4.39208970410944,41.2237478849707,16.8188139735005,11.087970177104,495.826405031593,58.9079635322439,4.26225153066968,41.1685486344362,17.0096673339945,10.6384557239155,472.05313154101,54.338075694749,4.8075136189321,40.719612499881,17.6787994132339,10.3640611433915,441.853551414845,48.7006651797901,5.36203427409898
861,40.9477868702309,16.6752732460848,11.1418080869661,496.762224727685,59.3223843315198,4.51401560746295,40.7209446830701,16.6417399133878,10.9492854101441,484.55727081645,57.2234455553805,4.81234072365128,41.2521055348214,16.8637070586971,11.0871822938257,497.704670026349,59.1647540248173,4.51449789837652,41.2112184076356,17.0575801037889,10.6862024872554,472.493676066336,54.303615472765,5.05755242406673,40.6345661157819,17.7834596010386,10.3681252838955,438.527271906358,47.9327059432815,5.74374056848138
862,40.9672139528751,16.6390320377742,11.1258224294298,495.880321028121,59.0538844393173,4.50714462061476,40.7450966189852,16.5810385000656,10.9315911596562,486.098365287638,57.4570228503618,4.70687228944,41.283165059211,16.8332499828586,11.0726748391578,496.43418604034,58.8655680419059,4.50454880653287,41.1460354124224,17.0042697531853,10.5955908915486,471.360551251087,54.1889135789152,4.99082257153483,40.6781551543846,17.7134731189912,10.2583304906006,439.075223947641,48.1423111629616,5.58467585155367
863,40.9365434567445,16.6712230102952,11.1401927008499,496.265997672031,59.2443689826364,4.33424036887834,40.6780557215068,16.5938765890772,10.9612568223996,485.051378857647,57.3821977765361,4.58745336210914,41.2207510994582,16.7563630581964,11.0879236780895,496.5985996941,58.9660454571432,4.35521527533651,41.1187637479084,16.9774562970944,10.6544511143666,473.07046975898,54.3267814905185,4.92857194425573,40.6854932001495,17.7232217168645,10.3980749099224,440.828495641584,48.2518863052782,5.5518434428058
864,40.9516123574321,16.6714291485314,11.1736647325954,494.692998917944,59.0455889358822,4.58759623561406,40.6799309724411,16.5687017345543,10.9916579584213,483.968076512467,57.2742766579871,4.91078471105838,41.1658321384594,16.763438059691,11.0940153049349,493.620485953801,58.5929352307278,4.65068606273303,41.192762782397,16.9442995047417,10.7091373624764,474.54655091743,54.7927330475579,5.01808360957907,40.6463895141328,17.7258358667945,10.3949984040163,440.719133361092,48.4389444346208,5.81811811646463
865,40.9615031790483,16.6167869881866,11.193862415997,498.202680242208,59.6253648732522,4.28696599649364,40.7507374192167,16.56031749772,11.0020744252852,487.043536383749,57.8334387561258,4.53638557788775,41.2274048209917,16.7305315133946,11.0845623679811,496.380176848531,59.0537995536928,4.3322460276343,41.0809836998955,16.9785098908563,10.6541278589121,470.31791549211,54.0823392882129,4.9950456259827,40.6880046286255,17.7415062818333,10.3650985611362,440.335207787639,48.4833570557138,5.46489752493437
866,40.9201849804708,16.6668437698847,11.1209706358902,494.817866978535,58.9867059001747,4.51334750632425,40.7015365187544,16.5337994637574,10.9696547427768,486.216816961952,57.5883791601816,4.70749103144108,41.1489023531551,16.7495861644712,11.0600307037975,494.673536519948,58.6010731014824,4.54035964995873,41.1155222870399,17.0083253027022,10.6045403080737,470.266497136303,53.92349152492,5.10412912203148,40.708289974212,17.7051408066586,10.3518229901175,439.62212181085,48.2130436481015,5.7214969182222
867,40.9955289227758,16.6528666350399,11.1147107854507,494.73913278398,58.8945278381684,4.52565008530883,40.8212473317688,16.5119868736404,11.0373367374723,489.124432756844,58.0219489712135,4.63510275486931,41.3063011266472,16.7262425793974,11.096188989627,497.697715114291,59.179736903059,4.4661774038573,41.2439716591776,16.9867599974329,10.6501253771206,474.722886368523,54.6711171276149,5.04382677781114,40.7219530946924,17.6750570816121,10.3205205612178,441.829139063408,48.5555104125063,5.59795860598088
868,40.9637912371262,16.6908480499319,11.1128004361937,494.5516524039,58.9609689658266,4.3216990759508,40.8248351914341,16.6236673218696,10.9551803268262,486.273582706921,57.6032045087979,4.488082423598,41.2581593570363,16.792602093961,11.0786242009677,494.955307866249,58.8053789625995,4.27830152299371,41.1711313589186,17.0661439708606,10.5963444706699,468.162197061326,53.6258726329541,4.95092424654971,40.7143679103413,17.737003271957,10.3494395040257,439.041434345512,48.0040057929893,5.44150521883469
869,41.0323408040981,16.647325175074,11.1355986588457,498.09692331092,59.4982880947632,4.4456657204553,40.8338053296453,16.556775936391,10.9826708971861,486.477572289468,57.6862034472203,4.67611551960136,41.2971995843389,16.7769270689338,11.1004423474953,497.108906896983,59.0712193357562,4.47153208495337,41.2160549961421,17.0227730521862,10.6362190408847,471.679127264202,54.3330901994623,5.06356528538701,40.7283356951435,17.767933700806,10.3814538978492,439.744863119379,48.2739460763614,5.77086118166253
870,41.0022248562699,16.6557918032456,11.1808101972834,496.384833783005,58.9363685628679,4.49655796791842,40.6914689130621,16.5606375140186,10.9954474173442,486.34302958185,57.4277153958739,4.67060589941626,41.3011984589999,16.8093150781978,11.0800077109841,495.940565747759,58.655486678288,4.51586900045716,41.2299399545336,17.0112007460769,10.6761449039872,472.860217832115,54.2140231433903,5.0011829454624,40.6351368227157,17.7478932672274,10.3768730388796,438.337184290563,47.7856985355882,5.70311064720957
871,40.8838123439781,16.6694689165459,11.0548977573706,491.790567245482,58.5461748078411,4.76407876182744,40.7091279649463,16.6047801684956,10.8950633897405,482.358745386807,56.994799924831,4.93645567894155,41.2670403018967,16.7685499521896,11.058998018039,496.697310966113,59.0068702630419,4.63723299971463,41.1236891458108,17.0717311189916,10.6191006763884,469.813505459914,53.9630262724862,5.21517169952892,40.6379483569998,17.7878916049411,10.3212427290189,437.467920758389,47.8472623247162,5.83475460402942
872,40.9209664510045,16.6689038152721,11.1611501621197,495.532116015543,59.1851677830498,4.55467635563626,40.7513023740922,16.644331454084,10.9726875154581,483.711503325846,57.1783106210265,4.83477670558227,41.2048984062613,16.8261587692162,11.0834269020389,494.292999587628,58.5890889645452,4.66127255243168,41.1793129485378,17.0118938069801,10.6290536545161,472.802242694329,54.4065576386974,5.06642867999078,40.6886630455279,17.6960155094703,10.347920709327,439.643948607833,47.9699907853346,5.82429492082377
873,41.0159999364356,16.6821312654942,11.1771664454575,496.285339058486,59.0037888067165,4.52962614627531,40.7341874206982,16.6287241385425,10.9862155622397,484.977720716264,57.1242044319019,4.83463883562926,41.2225790126037,16.8768816045122,11.0679616158712,492.837416898133,58.128882809902,4.60330510299593,41.1604366327844,17.0388075344944,10.6385334471158,472.734879250023,54.046063868246,5.11652990584462,40.7353351752805,17.708569637542,10.3626300171353,440.734229175905,48.1865112464591,5.69349717798504
874,40.9241172368964,16.6944023181878,11.0775360335123,495.658457987354,59.077481990342,4.6451399324297,40.7174484582811,16.6339036084898,10.8830221094948,484.003903591533,57.201709357067,4.93855233172847,41.2153168772139,16.8296214913469,10.9936537631778,493.825806801357,58.4906883336321,4.73099058347826,41.1327896559583,17.0390404810078,10.5584489138117,471.72317565786,54.207894263776,5.1863720441238,40.6621967202698,17.7404838641973,10.3358830711601,438.44311948995,48.0819105432902,5.88367618182516
875,40.9466555701824,16.6394638841739,11.0745118670326,494.871704402093,59.0256907777013,4.53493160298544,40.7814830711387,16.6073242080227,10.896074625044,484.737129158867,57.424859622372,4.73394610352077,41.2578868632745,16.8086357070387,11.0297589338556,495.75594480367,58.9049769447898,4.44569162523564,41.1909105442931,16.9617871848264,10.5799592314691,472.956311051832,54.3559642810308,5.04857774471823,40.7279905725141,17.7134669492058,10.3264221877218,439.238051088375,48.100661528352,5.70408508178451
876,40.9873978560097,16.6909232998862,11.112982092687,495.106740144234,58.9211083567921,4.48919301101558,40.7800845134078,16.6068821438444,10.9678350954791,485.603274739295,57.3622069842697,4.7125511137853,41.3662301098774,16.8020398668965,11.0542159578524,495.720156431794,58.6038443474392,4.51849266165349,41.1496066739061,17.0406637716343,10.6094786344768,469.253246813968,53.7083616169482,5.09090611599144,40.7176424615278,17.7357375176158,10.3545568172152,437.137593319667,47.5691879032299,5.75471377641267
877,40.9713922138062,16.7433268742619,11.0981048430827,496.238612069694,59.3923888306776,4.4463282837446,40.7266212035307,16.6665635476153,10.9087725109872,485.472482392442,57.6701970288198,4.6701844919079,41.3416761322488,16.8529885055691,11.0687376159603,498.900988525638,59.5580326924023,4.34731277220956,41.2179207860781,17.0048036728268,10.6371730461926,473.23162295675,54.6665955259293,4.96420295718386,40.7197693443061,17.7578515828385,10.3936907730775,439.870709669336,48.5276126804864,5.5889210761593
878,40.92347143338,16.5622104496805,11.1115516228522,498.717219945356,59.4306216622966,4.35210897741292,40.7796843113807,16.5415609530476,10.9369742565577,489.221366009798,57.8199552595368,4.51781256647228,41.2774628457698,16.7022718800976,11.0876282553615,500.971981567585,59.4848068702681,4.29057883767181,41.152639980962,16.9729268060247,10.6442913928752,476.859938566718,54.7247319461372,4.85582419814916,40.7029359900151,17.6714651452496,10.3799549903949,442.181988338286,48.374170042858,5.51837823204425
879,40.9867099296379,16.6116775213585,11.1436696880752,498.246249293312,59.2830113575172,4.39272089837877,40.7128104118342,16.6243500135622,10.9250518296961,484.528050462224,57.0511727373172,4.72064703095176,41.2660265941477,16.7511547666188,11.0368946572209,498.410883120127,59.0584178776715,4.40973413602986,41.2185501470809,16.9401966011217,10.6483859697001,473.604545354838,54.3862978167195,4.95117654591919,40.6482216552962,17.7126166662276,10.3589744057782,438.990348139305,47.8429739140658,5.69557847083203
880,40.997224929388,16.6183805509391,11.1337692501511,498.088131782745,59.8319285050765,4.44325489086527,40.7465542246029,16.5569221505643,10.9611759909357,484.989526173013,57.7134920634473,4.74216296858168,41.2541287000194,16.7803029898405,11.0880673292361,497.539083808009,59.4350616766141,4.48283743890265,41.1899404343523,16.9558876484184,10.6401080724004,472.595532423886,54.6321360571079,5.06629849447849,40.7562954483654,17.7322903314041,10.3355464379465,439.920127231375,48.3764460451434,5.76455340702597
881,40.9920048906649,16.6634100171417,11.1356678309214,496.700849298232,59.2444048401778,4.65769994966317,40.7120812401015,16.5919832216541,10.9526024561934,484.529682402314,57.2691943460558,4.96346491635707,41.2898408229484,16.7627982269179,11.0619185759158,497.312622636251,59.0070745071736,4.6310009029357,41.2381513521962,17.0297478243864,10.6315958055394,474.018034427867,54.6170864386941,5.1738396949967,40.6613212153292,17.8351619051476,10.3514276527379,437.8222998401,47.7692264243462,6.043484180896
882,41.0208278106242,16.6432723589995,11.1499764953391,499.135920218798,59.7859451689191,4.34003239987306,40.7411408139292,16.5759457970312,10.9854559350453,486.615753150471,57.8133162789867,4.67467032963904,41.3285348546218,16.7847916752091,11.0865685704951,497.943453109697,59.3298757434721,4.41776757637339,41.1794602906331,16.9997532532407,10.6410942215346,474.356447146387,54.6804863851342,4.92435285609098,40.7198884712887,17.6855264262446,10.4221761254968,442.410277451113,48.7672967554897,5.55662555036032
883,40.9066127652358,16.7376128230433,11.1302985297877,492.704875932995,58.685243448829,4.52209578155467,40.7543704377827,16.6504257692525,10.9728769551876,482.895935693276,56.9579352746001,4.76130494369711,41.2242797452075,16.8376557265846,11.0764472057802,493.673676970627,58.4403727472309,4.51026529552554,41.1934542247112,17.026154347111,10.6558835891113,471.376077479476,54.124150360056,4.99997783668532,40.6841605553973,17.7344450868285,10.3458268478688,439.201776495023,47.8785614928592,5.72400163498684
884,40.9413224191075,16.643425255702,11.2176125360273,498.410051849347,59.6491953667551,4.3759499143678,40.7292352793501,16.6312484070717,11.0448283103164,486.260123881845,57.5736843383042,4.68047225844218,41.2245678570184,16.7946652396655,11.1288569017201,496.582070427596,59.0091476456779,4.43869837663372,41.0886677060822,16.9943225543387,10.7146818165023,473.011022520649,54.4575210099397,4.96368028234163,40.6371769241414,17.715687344652,10.3651247637335,438.386181135007,47.9588410530982,5.65304565230899
885,40.9616552323953,16.7031480093372,11.1715916216394,495.77354638883,59.2219509439451,4.61080673529089,40.7851275824764,16.6475435178493,10.9612394965453,483.784042630575,57.1879283897416,4.9251419932642,41.1831041479418,16.840178096704,11.0797927056405,493.544549297974,58.5900665325835,4.66246966803998,41.1857626337274,17.016991187411,10.6252200392174,473.02422981843,54.4973010741903,5.00122562266909,40.6003490001097,17.730769712829,10.3405608479226,436.065222028846,47.6783610115399,5.85053060125934
886,40.9376847123418,16.6392697720733,11.0767904544469,495.429468654635,59.2259978559047,4.62016177276966,40.758452636883,16.6673201836264,10.9171537375995,483.407377429526,57.2698688391612,4.92772745141038,41.2682277186013,16.8297405402541,11.033684898326,495.417876033609,58.846948841086,4.71545756201159,41.0936522561597,16.9955603708804,10.6370353689954,470.514240522545,54.2189893041976,5.17467365791086,40.7416630227532,17.7521459247116,10.3441471562852,440.040341154999,48.3476213439444,5.93014929072647
887,41.0254312743544,16.6506518920041,11.2007958951605,498.097429454249,59.5960029729614,4.23890061965858,40.7701092952825,16.6226403945534,10.9977384715847,483.770914055151,57.3076815645901,4.51617193612126,41.2348039934582,16.8139367022159,11.1102784499905,494.7648825951,58.7713578221768,4.27740206205354,41.2548818948515,16.9633693023429,10.686004012338,473.901462733121,54.6871738346632,4.7297664676269,40.7400136053471,17.6903908452791,10.3894032445973,439.949308363573,48.4795210158542,5.42957946923813
888,40.9615246876928,16.669564385846,11.086638391956,493.93221077802,58.7821785894533,4.62933299692084,40.825022511674,16.5562276494059,10.9718822605349,488.366999362718,57.8561372778715,4.77982160754532,41.3604314175787,16.7982945076155,11.0909528656953,498.340585647123,59.2114828774628,4.54498824976292,41.1966092350386,17.0445931316234,10.6477893270627,472.848822797011,54.3273251973063,5.13198533780113,40.5910826808298,17.7883541773699,10.3462402212176,437.796092492967,47.9140142634661,5.85649881835205
889,40.9605897757511,16.6944842352286,11.1478341300037,494.533180729426,59.0451443615417,4.31864486190345,40.7420637759685,16.6037898594303,10.9943492052605,485.484370418523,57.5351413097269,4.51986045650224,41.3148552692595,16.793487177267,11.1024372472051,496.602329654147,59.1635620199409,4.2013691983765,41.2027747187846,17.006557514881,10.6252638577287,473.504807486526,54.78942516417,4.74949469336173,40.7302513885121,17.6853072435611,10.3355130559895,440.47560275104,48.6088763380166,5.347768388963
890,41.0595244629324,16.7480429274507,11.1407093782183,496.079536553562,59.0664420871936,4.60168149712904,40.775818920579,16.5831379763269,11.003995077349,485.811407184744,57.486103520925,4.83820666722294,41.3323285169191,16.8594766815561,11.0714980490898,496.264647883627,58.8004122662122,4.61213331841645,41.2539170087484,17.0334182249869,10.6925597518538,473.375085645915,54.4273711539062,5.12894498337467,40.7753201622132,17.7396151595486,10.3836408995965,439.949717610994,48.2742214163956,5.82924047933263
891,40.9667407280537,16.6490436093608,11.1865229375742,496.175219832322,59.1973305144929,4.68353943004275,40.7257551282314,16.5443004238242,11.033654482287,487.604749270949,57.8796249483341,4.89333735466166,41.3297200431681,16.7748386370424,11.1475148895956,498.626111074572,59.2783462292594,4.65696533143271,41.1485186922545,17.0189807331276,10.6715899930118,473.080152197201,54.4995673151106,5.1964474109996,40.7163434062363,17.7367507995975,10.3934104126224,442.214319238191,48.5741831393417,5.91847586119691
892,40.9793561925147,16.6503175349104,11.0772023963497,494.545343512946,58.7306101071367,4.410021374801,40.7201888231393,16.6299780029021,10.9346566354753,483.79861800145,57.0286550697902,4.70322734577584,41.2431037636313,16.7996345475788,11.059160875792,496.865007726146,58.8991446431947,4.39125908947942,41.1746156710335,17.0859871419444,10.5720487859686,468.964484886326,53.7116726002344,5.00039505424199,40.6862606646659,17.7210838618177,10.3708420268323,439.556889131976,48.1484060258778,5.57549359603318
893,40.879681579356,16.6499909995001,11.1602212028939,496.88322387976,59.4220511696155,4.39132152644071,40.7521606872307,16.5548927262534,10.9849681640906,487.55266632541,57.7848976737042,4.61899620592231,41.2587994963638,16.7448597330398,11.1011230291197,498.342049590168,59.3082993015504,4.34302382717904,41.1592801872153,16.9907781324388,10.6487094750642,473.777061913722,54.503935590461,4.92242231643054,40.6698623224109,17.6936106323155,10.3757577452227,440.992294419677,48.4065127043932,5.62299787878072
894,41.0238061874611,16.6188175125171,11.110549704947,495.273309728767,59.076100244087,4.6242375609138,40.7578991515845,16.6180972216502,10.8934132453229,482.496161775116,56.98140828905,4.88813026402843,41.2746748738824,16.7621898853345,11.0340449239201,495.352718873804,58.7593964906213,4.69316964558724,41.0983083549276,17.0160244004404,10.5610735275672,467.752756264686,53.6333209570453,5.27216550866898,40.7033865923123,17.7659163268486,10.3171958193477,438.781315198619,47.9668266800806,5.90340017229817
895,40.9743291537947,16.5948286412906,11.1729681483174,499.872238292403,59.6364919189522,4.44625170523244,40.6816154393921,16.6111494467593,10.9902947720399,484.619067389097,57.1513950977133,4.84048274714381,41.3015662650203,16.787631661435,11.11773754246,497.49803200968,58.8992180150106,4.55447764157608,41.1716490060307,16.9606663073834,10.5978545476555,472.534030808045,54.2451902286232,5.01358972832085,40.7724727376422,17.6725778494622,10.3758996150198,441.469565000201,48.3312610907214,5.74522327865093
896,40.9680512486666,16.6948587865173,11.125369105131,497.075976138594,59.3494844551804,4.534242577303,40.8608733776458,16.59932405947,10.9622967311876,487.149177468711,57.713041984398,4.78614101561158,41.2693118763836,16.7428685062796,11.04521033005,498.124234592023,59.2139086646843,4.55875394686328,41.2320900909239,17.0157534761419,10.6098376893989,473.093410152299,54.5422290306627,5.0893909047677,40.7849187932326,17.7095296999334,10.385413746915,441.42918659922,48.5457710983163,5.76281932989137
897,40.9242504573408,16.641407702532,11.1410338976121,495.095218940442,59.0468491690325,4.64916249657186,40.7646888150976,16.6091419497457,10.9612175255141,485.39684446602,57.5057939349348,4.84932522643028,41.255961660115,16.8178036608889,11.0810813002626,495.054915478399,58.8113704317551,4.58910116628783,41.1598864547205,17.0182358565866,10.6342607644485,471.811836157298,54.244238326542,5.17500574659149,40.6687811924084,17.7390263976088,10.3241779291736,437.235449514988,47.9809538473185,5.89097318718622
898,40.916736025024,16.7390353050383,11.1200434422525,492.429395035483,58.7659502090468,4.64317651813606,40.7900743004905,16.6792112220048,10.9557932414227,482.841791585238,57.1584212764622,4.80838934828626,41.1686189499642,16.8980811020436,11.064432806065,490.624183349037,58.1744583180022,4.6897880815472,41.1084572009681,17.108087223673,10.551417204914,466.166532804334,53.5723435717855,5.21309414063099,40.6705674534333,17.706996920333,10.3597862458121,438.542128442496,48.2979467258738,5.70443767488826
899,40.9412164854787,16.592483758102,11.0952645232354,495.442116656371,59.0299857934618,4.57198615535697,40.7726309957025,16.5795851280356,10.958239715828,486.863389377067,57.6322010548216,4.7018040687001,41.1972389397965,16.8260125835928,11.0335976045523,493.207709678692,58.3848142626823,4.6540908521812,41.0981897242654,16.9699575210442,10.6557526209977,472.683795408508,54.4364622924168,5.05140045789702,40.8080510590219,17.7165021573753,10.3558065304409,440.544298826373,48.3443764924627,5.71447667503046
900,40.9875045726896,16.5870259479379,11.1764073431255,499.288867552354,59.6903786253266,4.22427359389614,40.741856383049,16.5646317873013,10.9887870371978,485.424011114702,57.3720203897919,4.56614353928393,41.2972944942954,16.7607851041025,11.0983007778436,495.536407192252,58.7705495728285,4.29639123583082,41.1908310351455,16.9817032522034,10.6372320798969,473.62304357228,54.48154949964,4.75702919448157,40.7538156638504,17.6952796559763,10.3771438163264,442.09495618402,48.5693545616283,5.36095725933711
901,41.1124478079394,16.6089215962335,11.1459193035865,500.536733008686,59.7318589667547,4.39925885018542,40.814841985656,16.5881772269857,10.9496911496575,486.90684717661,57.5046820317328,4.68657762101441,41.2833225023862,16.7527409663487,11.071964551045,498.141374420727,59.1465841992693,4.44756758115188,41.1953200527743,16.9569707346614,10.6242294723764,474.764102822653,54.6256917836256,4.93866165526247,40.7522804015716,17.689204847986,10.3853395575038,442.596700556227,48.5199348188555,5.60160581578872
902,40.9321717208322,16.6237145084999,11.17256111114,499.013206891239,59.5152831832234,4.5421637019187,40.7088651516801,16.5519134812028,10.97475637912,486.954526389643,57.6898569418513,4.74458973124694,41.1960962153597,16.847929559103,11.0782003023077,496.224611153792,58.649873302395,4.5919744875603,41.1949006385918,16.9546467205604,10.6834769923762,476.731713464469,54.8904058229384,4.92195440845633,40.6752923885978,17.7083880120968,10.3861864588256,440.992208621744,48.3431842176765,5.69592201216549
903,41.0179771552139,16.63124882154,11.1336765648266,496.174424123597,59.0821095301472,4.23152994936709,40.7645689504457,16.5889398355162,10.9799179730426,485.189849842301,57.3749940401268,4.40099937065663,41.2340927999263,16.6710283953927,11.0925230271719,499.048745175925,59.3402296736575,4.17474300385914,41.170448611315,16.9681158509345,10.6867945032287,474.772084806525,54.6861639732684,4.66395470131869,40.6269851922312,17.7080936289461,10.3739557216984,439.469212274632,48.2138769056222,5.35563453420398
904,40.9250968331617,16.6649112330015,11.12581698883,496.856783834754,59.1606491707186,4.25656725658965,40.7558580396708,16.6588971302681,10.9487277452223,484.871113905512,57.1542180322368,4.52339322403641,41.3328994509877,16.7590343811928,11.0878875036459,499.116204357138,59.1354952365868,4.21096274551307,41.1506258908641,17.0358192761077,10.6318300025133,469.653071321975,53.6763779222585,4.83284156062289,40.767727484587,17.7096547038224,10.3538970945726,442.675375581967,48.4856887659464,5.35482545521786
905,41.0140102495944,16.6199542823669,11.0983581482561,496.233523682468,59.1810550900788,4.57934353638008,40.8344574840606,16.5551722166902,10.9781480705093,487.736438448561,57.7622170143711,4.79333480093067,41.2291217177421,16.8076266030124,11.0362286565755,494.290687419356,58.6018881768689,4.67993843579092,41.1596639741266,16.9442377452531,10.619785655146,472.870007936658,54.3428134903433,5.11414290376945,40.6504920503048,17.7318193509138,10.3295605147008,438.070341535064,47.6955956815916,5.92632028839084
906,40.9060144925835,16.695691868338,11.0820918214662,491.168603881852,58.5323898590789,4.78800444464189,40.6782494099954,16.6991114832839,10.8927398937718,479.379416298842,56.6392810255115,5.00065229773302,41.2087654122803,16.8092584043643,11.07310447071,495.213668673733,59.0576776837485,4.65159922313055,41.044102502017,16.9857251512212,10.6244648013566,469.058422026319,54.0880939381924,5.2579831838672,40.5758375151919,17.7731240448863,10.3198151929225,434.644472509852,47.5979603651487,5.99253906690378
907,40.8965694509237,16.5971735342206,11.0936697848522,495.037087513707,59.5183478750588,4.29802488347419,40.6046707112011,16.6338596143415,10.9178110451717,481.427115685487,57.2586479333998,4.70219695463797,41.1678748740813,16.8261044137794,10.9947691058139,491.367323554889,58.6057271975588,4.47521618731305,41.2347403256732,17.0140401394361,10.5728871545704,473.198559357456,54.961267006267,4.84406809907146,40.7016448855596,17.7088750427722,10.2873300747707,437.582760970001,48.3299875425834,5.57378602700159
908,40.9852562735613,16.7290043315129,11.1389986567607,495.638490308146,59.2289134871199,4.70025306402104,40.7785006043891,16.6593269585197,10.9411581765733,482.969026835329,57.1235705423316,4.9999445433699,41.2429629995581,16.766810763433,11.1020087702414,494.099178747315,58.760560360256,4.716987461284,41.1573180180734,17.04321375599,10.625093676404,470.146233677662,54.1447253864342,5.31744172509844,40.5658487867679,17.7855681868402,10.3545548341873,436.385680741705,47.7472973238028,6.07533345303854
909,40.9717428406008,16.6091538328762,11.1732648516868,499.452317707782,59.6990814414355,4.30832071046447,40.7122432642555,16.6480143663085,10.9355318984309,483.954412780868,57.0186035995331,4.73060251802457,41.3105541282461,16.8201725454646,11.0521155656907,497.046126129286,58.9759096816503,4.38008325073614,41.219450524628,17.0135256929326,10.617631579641,473.079457468942,54.2840850824131,4.97998832249361,40.7049398809118,17.6699462836967,10.3464378639074,441.477402780166,48.56159582817,5.5134945832551
910,41.0847333455446,16.5982859839721,11.2044349867681,499.670595342241,59.7727100895678,4.48762784159793,40.8326191927085,16.5575610923064,10.9980274949181,487.547799094766,57.7630266124054,4.7538965655939,41.3362082884839,16.7716448224724,11.1094719038005,499.8978779076,59.5251377013886,4.43827725998363,41.2777524392051,16.9854896117551,10.6280492244332,475.010137028351,54.6600522096666,5.05456202939772,40.7107292072801,17.6973347352577,10.3769937426288,440.617059994988,48.2686902210736,5.83152077891305
911,40.9514369194418,16.7394116558146,11.1497023693861,494.183956053585,58.9356314976035,4.48026947819853,40.7639614904525,16.581762381357,10.9843209800656,485.703126604197,57.5786529443906,4.61888744127534,41.2502128690403,16.8117066697317,11.0586312898822,495.226259010504,58.8140823332885,4.4302957165793,41.1607195972699,17.0458570008633,10.6490926178588,470.720939812355,54.2295086852264,4.94602508090562,40.7020452379933,17.7584372065718,10.3917446005509,439.499096583272,48.1875033942523,5.6330867269413
912,40.9948134964662,16.7120404956774,11.106340315201,494.357096119222,58.827870391114,4.49602985099306,40.7817426743329,16.6257521954681,10.9939793296971,485.868727434626,57.5257696938159,4.64973428312843,41.2126275863305,16.8226982658906,11.0961485640104,493.88994006182,58.5207990722199,4.55429618162056,41.1813404066497,16.9524740081882,10.7063610913473,473.565234893872,54.5886503516821,4.92333934936576,40.6600468073517,17.741118235761,10.3675046972194,439.129095072455,48.1221072022577,5.58039898517794
913,40.9614914489576,16.647917023956,11.1661101346912,496.940966685823,59.2937265087027,4.19758793215094,40.7420816028375,16.590139468682,10.9974797325604,485.11915179003,57.3767941662118,4.4749939182256,41.2580796220536,16.8145438407255,11.0828371815962,496.202553581665,58.8875401912533,4.23803746209174,41.070283561658,17.0391606897242,10.6367024750922,470.23740671091,53.9747280460641,4.77943807875812,40.6451270319597,17.6937106807703,10.3574803340454,437.985685651126,47.9243246434938,5.45037771696505
914,40.9680337180418,16.5893517598364,11.1173397519712,498.341314546607,59.3134491965979,4.58795310813243,40.7740010010897,16.515351668561,10.9805918429658,489.171418680587,57.8633420965674,4.74916417205223,41.2472861917405,16.7320068154341,11.0753335131774,496.818469686213,58.7867195136991,4.66518877909715,41.1442586501097,17.0062528603095,10.6741554306214,473.426550969593,54.3628763893498,5.09759358392323,40.7614844718832,17.7195209062536,10.3475400871581,440.609576808914,48.3819482462974,5.72803021146786
915,41.0017292968435,16.6536984628714,11.1426618671216,494.700532576959,58.9439240887406,4.70001639932482,40.7734138048279,16.5581313654163,10.9852323243136,484.906061720068,57.4229879198985,4.8857194918481,41.2331017229558,16.7232143109531,11.1045292532208,496.254267649728,58.9649423480073,4.5662777835255,41.1358245073867,17.0315085853197,10.6145074154251,471.915555983519,54.1651546336692,5.20500192909342,40.7486399714049,17.7240822279065,10.3115503432173,437.499211642173,47.8117317292206,5.91377597196983
916,41.0675747419113,16.6202053958221,11.1645641898996,499.431904021096,59.7931877831145,4.40107252717256,40.8112409725302,16.584507981432,10.9457766052356,486.245359116593,57.7458656498004,4.66106552093891,41.2593974482244,16.7625860411342,11.1035106344986,497.75857664132,59.2523857713319,4.4518934736789,41.1803273619052,16.9780958606329,10.6199207887377,471.981465254297,54.4814058439429,5.01029265989981,40.6429622207145,17.6985399589327,10.3791659155387,439.135233167494,48.3023969356177,5.64718443197726
917,40.9593029234435,16.6585678493169,11.1392418097897,495.908492172158,58.9512144872945,4.43404030227553,40.8252774517151,16.5756974345768,10.9491240803154,486.764336425561,57.4390755213024,4.62944598735853,41.3562334232289,16.7644065100454,11.1211486160019,499.999592256931,59.2985966263931,4.30821271040045,41.2170259844033,17.0110948516509,10.6043419113018,472.267658793402,54.1040166747766,4.96145729998949,40.8424222424617,17.6919054524419,10.3473536421879,442.639238448382,48.4420835524621,5.53775753108654
918,40.9442493846124,16.5856104330626,11.1421501619156,497.587672901804,59.2809008430084,4.37863674977063,40.6722711892673,16.5700857418278,10.9370269070168,483.22382745456,56.9273639651249,4.68423171845631,41.2601202565526,16.7631060940801,11.061617302572,493.920738847673,58.3577743608471,4.4820609763412,41.144286472648,16.9980176147167,10.6309636302461,470.480218917161,53.7249654896031,5.03884076554781,40.6864227721545,17.6321336256589,10.3153371001532,439.672774855218,48.1585605551238,5.51941440050316
919,41.0688622827718,16.6402015096255,11.1489843539201,501.529772991184,60.09397075447,4.24100877334913,40.7575093939087,16.6022491294456,10.9347267185045,484.906093032658,57.3161871822715,4.61560316411391,41.303745064013,16.7348274510827,11.0955776123023,499.792906734724,59.4784806765223,4.33680893415374,41.1821148429795,17.0219255308537,10.6212586113881,474.271139423453,54.6137458345148,4.86376402698988,40.683559333514,17.7211221847401,10.3108529222898,440.096123504999,48.3581553711365,5.50239582715351
920,40.9740545071648,16.6281781226291,11.0911859004679,497.312676993967,59.2137618774167,4.55966358511389,40.7705763379099,16.6081598291351,10.9388204628651,487.27612750368,57.6031829807459,4.71727032218345,41.3111252334758,16.8165590142341,11.0726656967563,498.571686865851,59.1336570634153,4.51698495023813,41.2196453359708,16.9753975011036,10.5801427555119,473.58445520528,54.5218766138755,5.00974180440123,40.7238510688518,17.6615169699621,10.322685840243,441.267133185379,48.3424536614084,5.70707587219635
921,40.9448403092655,16.6627578808478,11.1180158389312,497.519645823108,59.455028294024,4.13635478115261,40.7509126920346,16.6135348689965,10.9100563532765,483.570802743377,57.1870747115995,4.39735811381262,41.2248811095595,16.795591164305,11.0702361965613,497.247761460699,59.1484807947373,4.1122779822611,41.1540274752242,17.0692651644504,10.614252488772,471.680726207163,54.285963621194,4.65471074312627,40.689344530677,17.7111475421087,10.3206782946458,438.330409508948,47.9644307616704,5.29997398759172
922,40.9823104181138,16.6216805538158,11.1266836213508,496.551246918577,59.3363019018754,4.3161249661141,40.8108859337394,16.5636708007015,10.964623612556,487.761304521534,57.9437686251722,4.47214503566555,41.2820714414023,16.7559324462968,11.075691569869,497.539108079085,59.2534010267959,4.29591942914068,41.2685838308609,17.0031694038796,10.6700453629031,474.877168862874,54.819533515398,4.75150351587316,40.7630558710403,17.6988360933761,10.3490477666374,440.503914018826,48.3898398479753,5.4454083610425
923,41.0379947203788,16.6368100547456,11.1894618552946,499.971146990057,59.7411775246377,4.39381978602134,40.8098255711143,16.5479212180133,10.9515439645225,486.185437997765,57.438459926421,4.66677256273161,41.3441065328045,16.7853126296956,11.0692483753547,498.607534631201,59.1808454871083,4.39185315482859,41.1873685378456,16.9679454198145,10.5871416404967,473.048185264695,54.3427856600499,4.9770543152558,40.721623859578,17.6968260913768,10.3727207344551,441.443111885432,48.3462293820117,5.64805330352978
924,41.0045433255414,16.6192969263622,11.1632037218634,499.577951084095,59.5161536576268,4.34216717044754,40.7534372988003,16.5861932467867,10.9487678931446,485.653007437293,57.2737501028723,4.63793749821853,41.3097901671199,16.8015492764423,11.0730503241651,496.216809274099,58.6175940030863,4.42543990087259,41.0893949409491,17.0636649894577,10.6118094358775,470.261663237367,53.7982345755849,4.94713975726401,40.6625949849071,17.7438584022148,10.3415061807809,439.726695701263,48.197761403114,5.48254592625297
925,40.9612149026736,16.7219965953551,11.0955702566831,491.425810069125,58.6785210087406,4.4119385990797,40.7633461079857,16.6451385486759,10.9534130238652,482.476637179543,57.1913431397552,4.66921912639414,41.2854796764702,16.7882408070047,11.0773602238401,495.757804173195,59.012910717253,4.34893821356616,41.1237392939755,16.999303781255,10.5845315486392,469.018134167294,54.0154801938746,4.96974710816614,40.7170174762988,17.7386715914866,10.3194492649191,439.008844059679,48.2444451819658,5.56727042517233
926,40.9554140310032,16.6285408858801,11.1612633374243,496.458360544908,59.3231974717494,4.61553461634718,40.7452699231277,16.6025969395054,10.9590616707622,483.801973188868,57.352469099136,4.87012887698101,41.2124436017152,16.859300307936,11.0705520903839,491.966744039273,58.3332463896778,4.73037319340968,41.1572846471086,17.0536061171599,10.6270368199127,471.350343643936,54.1484986371681,5.23264361338544,40.6058644412681,17.7037657198075,10.332866774806,438.100566148865,48.0217781334328,5.93074893393817
927,40.9288067166854,16.6298152929436,11.1319428734703,496.32887129397,59.3105135947251,4.72254735276841,40.676514735068,16.5233758971826,10.952368506483,483.870171107922,57.2173137814051,5.04512447963448,41.2359053396209,16.7503449566997,11.0580346208979,496.858590207052,59.0770196158524,4.7289105484293,41.0293732091441,17.0652487252836,10.6363490020589,469.297113413898,53.9184322888519,5.35938039439592,40.7380308929211,17.7186932614994,10.3664883453936,442.263192095827,48.55383171545,5.94906367159093
928,40.9774183816587,16.6808471537764,11.1483329252361,493.930238614642,58.6637402127089,4.6234499824962,40.7301610636576,16.5793507298962,10.9966443889597,485.430948058654,57.4046193871037,4.72688983609532,41.2008705562033,16.7694113173896,11.0954435573665,496.308632323514,58.8829079164682,4.51283517904374,41.1647833637095,17.0167404140924,10.6072187356977,470.576794678819,53.899709700531,5.12091196278589,40.6963020055318,17.6731042027714,10.3424408812852,438.773854992231,48.1043373409027,5.65723515049596
929,41.0528595920456,16.6111861262974,11.2155184943184,500.643187673013,59.9812469655643,4.22054402203542,40.8413970865182,16.5854547039783,11.0129664301982,488.977168327245,58.0922090956603,4.4600991453767,41.3173553245913,16.811878271869,11.0896106396043,496.733632630602,59.0130336804575,4.34645358849444,41.1799664288287,16.9802259785837,10.6359933057928,473.092783900608,54.4225890001682,4.83128331972107,40.7098379244547,17.7057337979076,10.3689231411352,440.089484348712,48.27705348412,5.53564133093466
930,40.9729410084771,16.5540949374226,11.1713415123112,500.922962792193,59.8151649402661,4.3125051272469,40.788066516146,16.5523905343272,10.9798479351505,490.040137633267,57.9548700902555,4.58702750174836,41.1952093385814,16.7618336890194,11.0686829549503,497.422018578773,58.8693235497883,4.4957981151239,41.0709766397209,17.0100814659121,10.6406316815948,472.376974431398,54.1935400289549,4.97114214985339,40.6734806432178,17.659109080871,10.3797931291044,442.436587302262,48.4748032363236,5.5454589999882
931,40.9740331672161,16.6321875119315,11.1521243513179,496.731683526398,59.3308716790903,4.40492817639855,40.7020867532981,16.6039871797705,11.0033900967015,486.893902979795,57.7505727147912,4.56520090794316,41.2298404539088,16.788597446508,11.1175267471825,496.094751651246,58.9210503909325,4.47825212605668,41.1753559183577,16.963508840998,10.6544642482591,472.541884753418,54.4113186615567,4.97157742099766,40.6170520918513,17.7190829847068,10.3719768384215,441.145347264923,48.6249507836227,5.58444311457565
932,41.0053419719204,16.6633591718484,11.1790726922379,498.178271170006,59.3987388680703,4.21707883615689,40.7067512624054,16.5694319268494,11.0056679409968,485.976336353297,57.4553223739318,4.52562035154223,41.2610798011689,16.7918010319441,11.124529895864,498.084177657074,59.1606428066853,4.25090345569858,41.1392053638055,16.9914949984961,10.6385975327064,472.147237074799,54.2216804926501,4.87069877260634,40.8116260814139,17.6901419126792,10.3696513866075,442.179240529649,48.5527665821036,5.4165779587765
933,40.9607151976869,16.6931049834607,11.1062303934636,495.128243870324,59.0223277216473,4.53805902772384,40.7076205741298,16.6399449210654,10.9500514519167,483.706422925567,57.0836973608639,4.76026315256988,41.2271654476472,16.7942627753043,11.0501478754062,494.292340571287,58.6811727851102,4.51837522484499,41.1580451901574,17.0464783230125,10.5159427620734,470.221838458515,53.8788511220641,5.10865309385297,40.701249640587,17.7074301745624,10.3353479804743,438.622544208176,47.906967325781,5.7794888543285
934,40.9643374898593,16.7145085814525,11.1598755320286,495.552758408646,59.1125917318479,4.50501599169519,40.7571134431972,16.6512257408543,10.9818722686819,484.280370351396,57.2358999703409,4.81063579983315,41.1597133523181,16.8425384796361,11.075525917736,493.043394976587,58.3987686788108,4.61824861087328,41.1015472655596,17.0428459312102,10.6585695238356,470.981365433641,54.1011984564263,5.15821924881414,40.6247786416219,17.7426080691632,10.3497875548613,437.855050216989,47.9376634847312,5.77704932922588
935,41.0255184259476,16.6524586393144,11.1627231736833,499.824496299224,59.6352237095688,4.13243212108749,40.7552909230858,16.6425728676939,11.0256012398259,487.176511963883,57.5887113612697,4.47380306953415,41.2698595295299,16.8513077572192,11.1009818303107,497.660766856625,59.0637250475862,4.20976091043846,41.187140291784,17.0683755930898,10.6324316715598,471.78204836681,54.1194018370186,4.77295437012035,40.7945508549096,17.6755369784585,10.3999487729605,439.987552833502,48.1515922320364,5.37910695845636
936,40.9604917056114,16.6692652029547,11.1184997527074,495.907624889116,59.3372475916087,4.35537267943659,40.7387873870195,16.5807046719725,10.9742249097534,485.884400892134,57.738066185028,4.58316019789119,41.2190954630605,16.7762969006136,11.0361322522689,495.090330267615,58.9549951917268,4.39059300933553,41.1974903045543,16.9941774758217,10.6212655877643,471.770633798182,54.4179658106599,4.87462477078165,40.6166841923139,17.7319576360462,10.3844934282956,439.666408478224,48.3447479026711,5.60140336211048
937,41.016171649736,16.6477407285684,11.1391919568183,498.236459584948,59.3286210621078,4.29866928734791,40.8252824334805,16.6008470208174,10.929161257521,485.285412778009,57.2435492290417,4.58687233709579,41.225196344373,16.7890171971815,11.0353863791432,496.369819425579,58.7861414614368,4.35095371894234,41.1263323250749,17.0390370937811,10.6205281351076,470.82730053323,54.0350855944141,4.89084980990719,40.6428460926777,17.7322414888343,10.3590621462523,439.538445512325,48.3058664203739,5.44957039847325
938,40.9381146786567,16.6642713141612,11.0723886873347,495.254052745407,58.9225172239029,4.57957905351604,40.737213504666,16.5530780471788,10.948948686492,485.525095554634,57.3656700559975,4.78686524367253,41.2464236380799,16.7308470537204,11.076994641684,496.864058471996,59.0304407070485,4.5148913233116,41.1973555825669,16.9827262273952,10.6228759084676,473.481927050262,54.4926270248542,5.05753091899587,40.6894613572614,17.7219393137101,10.338044960477,439.258606950263,48.2650603571578,5.72023905861336
939,41.0501801939793,16.6647839669226,11.108389459017,494.99344050346,58.8165318458029,4.39509587154873,40.8252587969939,16.6697044941708,10.9320103804005,484.439351382746,57.0926819060898,4.59240465006613,41.2570629413515,16.8258727454622,11.0660811236288,495.699518551598,58.7445358266343,4.36260531264127,41.2133349020319,17.0253007291372,10.6105778553204,473.62609612052,54.3718548575404,4.90148864741215,40.6792170863696,17.7994213634297,10.368988013777,438.539268482361,47.8621614919897,5.55649889943017
940,41.0982451144129,16.5988536817245,11.1529005537619,499.06086267595,59.5376547683059,4.32294905000313,40.9118217142885,16.6059880648488,10.9378146357733,486.635272992984,57.4014290455137,4.58016021686711,41.3103364812991,16.8027675199483,11.0934748559538,497.530616345335,58.9912687925423,4.36446734782816,41.2126363134665,16.9714485129837,10.6199404376789,473.479202228058,54.483112245833,4.83905743397638,40.7201080239352,17.7053987266884,10.3805280725417,440.930882471803,48.4616455345912,5.46942871827773
941,40.9720427523596,16.6849028299261,11.110344252089,494.538697254578,59.0609095866732,4.45870642074501,40.7424135744351,16.633809092364,10.8888246400714,481.086427133252,56.8597388510642,4.73314607155019,41.2813576386213,16.8601558934012,11.0154404474417,494.48537375846,58.7699394467343,4.43747464548275,41.2073181806322,17.0642477533087,10.6232146508088,471.559337459204,54.3723389960559,4.94934670503863,40.6820053337108,17.6893073988369,10.3975510003718,439.695071963017,48.339162928608,5.56283047537056
942,40.9586371765647,16.6785331739032,11.0563390141844,495.52390948269,59.0679590483337,4.42140445994437,40.6464675536945,16.6382964383967,10.8723566510604,481.963982655844,56.9164325082903,4.75475304254893,41.2448519204329,16.7833868065409,11.0235265482848,496.318113133349,58.9536378031634,4.39674548968686,41.0931511301424,17.0700095925168,10.585550831455,468.841296271768,53.7402122740961,5.06661136256447,40.6022009803539,17.7323924374907,10.3086195536298,434.989797951866,47.5087570873012,5.68710803465265
943,40.9303535483596,16.6680620059275,11.1265335860495,493.656928854954,58.9344053597495,4.52897689816729,40.7046737591681,16.646817397251,10.9269560775801,481.044509589955,56.8205080685543,4.79589330588,41.3722211239795,16.7606507773142,11.0480481168942,494.860271295272,58.7300088209222,4.50514934261508,41.1112335784578,17.0208860010893,10.5853665452409,469.935917357235,54.0215845761995,5.04508618663194,40.6178410171341,17.7299347445739,10.3167757723071,436.645752694919,47.6934400886997,5.74646508622467
944,40.967561726821,16.6696060245791,11.1681102611536,498.72158685843,59.4687278377307,4.31388906004502,40.7734248958334,16.6049825074985,11.0117884600993,488.326230042025,57.7532732954109,4.55958431855618,41.1397826408922,16.8240125568496,11.1056306186353,496.654789603231,58.8522533388789,4.41685430304734,41.1283859728099,16.9557785648405,10.678568970904,473.486900294678,54.416153350483,4.87745305559915,40.7263471350231,17.7287642571625,10.3563525425874,440.630310505855,48.2421524667226,5.53105389496442
945,40.9576620960577,16.6482236587419,11.13605327779,495.997559411779,59.2396449071188,4.20225568259107,40.7428501893145,16.6500502270943,10.9791673911859,484.453557122812,57.310341762126,4.54456452392993,41.2342067415824,16.870387832792,11.0460283696212,493.167436657949,58.5041006426892,4.32741612124812,41.1563644383511,17.0230297827023,10.640453213124,471.772535184658,54.3042740221077,4.77960819763442,40.7103982631908,17.7285831113333,10.3784200982978,439.060551019505,48.0482765667246,5.43280326146428
946,40.9619896199182,16.6428639536828,11.1460754562866,497.825572500036,59.5327489306211,4.4332818116522,40.6870066160675,16.590259128359,11.0014489696996,486.595078749316,57.7288659689519,4.68352764600828,41.1929970506178,16.8254619266168,11.1088235706683,497.177076306694,59.1782526655916,4.40663210282884,41.1854540866407,17.0071948718841,10.6993312422933,473.372181158339,54.5944729468592,4.91469080002922,40.6805018233928,17.7179813010529,10.3913073964665,440.337835209578,48.5393428354612,5.55943890156537
947,41.041414194931,16.6626025049575,11.1089685486406,497.908664302861,59.3685580370428,4.33121978576418,40.765501639615,16.5701351989389,10.9367973569814,485.240287423173,57.326435981733,4.66249309423942,41.2243202067815,16.8414746203346,11.0536520841341,495.54139352095,58.700276449347,4.40864688111501,41.2114566743735,16.9919024133581,10.6070120713686,473.20496739926,54.2938434293529,4.91544813783438,40.6671608536725,17.7300489396613,10.3701259160095,440.780104848404,48.2589841061518,5.60546580889454
948,40.8103110223275,16.6784931844062,11.1351471400985,492.799722601053,58.6523935542103,4.39115657050913,40.7561677784804,16.5512128569783,10.9789193971043,485.88946423352,57.5117438136716,4.50412826069726,41.1771421301944,16.7842916042651,11.0538024589381,496.091965603528,58.8734001993438,4.2790637685464,41.1323856098593,16.9673010205239,10.6475712102879,473.690895967297,54.4800141878654,4.76350100127644,40.6723120270555,17.7313295037692,10.3611810414306,439.521717107921,48.1240970312806,5.38333979631777
949,40.9169355407454,16.6181042373383,11.1382781291796,493.279379878758,58.854426076092,4.51159587402697,40.7515050017605,16.6248369316965,10.9757902225635,483.365028984706,57.1841659801022,4.70163880239817,41.2088485307211,16.8028642070803,11.1259614000061,494.043224798463,58.6343302320252,4.51804272551582,41.0631903553237,17.0720474745717,10.6428691160954,467.892410085083,53.7192722278803,5.07711916023801,40.6282759190844,17.7181497370789,10.3838557163808,439.338076079621,48.2067106488081,5.67231488527621
950,40.9100088493547,16.6644246823573,11.0941634190031,493.792112873233,58.9030026940141,4.53310711537378,40.7611802597578,16.6581041756022,10.9213080677008,485.716122240088,57.5693865257499,4.66809294534664,41.233335864753,16.814007262859,11.0358569712842,495.086559100471,58.8648348983157,4.49692388564984,41.0770181439268,17.0878615283397,10.5634663239455,467.944024516614,53.6567564069714,5.08751491406301,40.659786626461,17.789541164704,10.3194769126948,436.881900225872,47.8382882253926,5.80861955947385
951,41.0299465600413,16.66189733559,11.1410762194986,496.889897453803,59.4272524509541,4.36687885162405,40.7298803040484,16.6436393656872,10.9441218857426,483.758529234695,57.2664087902116,4.69753613678601,41.2321072744871,16.7887989480803,11.1115947750043,496.45532234013,59.1177028423014,4.40688612877154,41.1488434790264,17.0024756535184,10.621692900357,472.257742482959,54.4700612761168,4.91031618559461,40.6767454705428,17.7449982510511,10.3771520272532,439.340721551254,48.2428931561639,5.61645664169519
952,40.9608800937152,16.6758556326908,11.1222796811376,494.779864801078,59.1497434556011,4.57225908452305,40.6732576358394,16.6444558635635,10.96013929037,483.64247324731,57.300224141326,4.83416692031892,41.2540937815154,16.7778055542704,11.0473492425392,494.838515878176,58.8252665270683,4.61558056127603,41.0611018748693,17.0177605437735,10.6090040473968,469.045056818146,53.9679447532684,5.14384280787706,40.6623770162813,17.671127068557,10.3772304322232,439.8599559166,48.3727170703853,5.74379460447079
953,41.0129699935765,16.6201284436706,11.1879065765256,497.65140975375,59.4389879144036,4.30704113269208,40.7561603193947,16.5542262126053,11.0082783768036,486.525884707079,57.6386251784448,4.50589438377847,41.2438673296693,16.8000179322508,11.112424952271,495.440899255786,58.9006533505362,4.33185495692795,41.2511556151624,16.9406122789562,10.6939706934798,475.564653759667,54.9209397147124,4.7435134926297,40.7362139677616,17.6688222822404,10.3546918427467,441.788497361354,48.5745459439292,5.43256716016869
954,40.9131896606004,16.6737353551486,11.1128126203284,494.317749765017,59.0381777648415,4.51607160323986,40.7150591969765,16.6142379007835,10.9398931462197,482.250048565014,56.9828210154412,4.84175603476751,41.2420061265732,16.8245599614416,11.0598016481612,496.114535950385,59.0361578117946,4.47464270078786,41.0689902913725,17.0976567663985,10.592680396527,468.671270521666,53.7434504206412,5.13382877120386,40.7656448598461,17.7807517347638,10.3459301171022,437.687318953234,48.0908142411043,5.66111500229398
955,41.0309559391998,16.6490001390622,11.2202550283153,499.663358310232,59.6449325322413,4.31410334823205,40.7378670045524,16.5788729682481,11.0170917861365,485.162961484202,57.2691637492495,4.68376860186833,41.2569198305889,16.774278104622,11.1214369382921,497.139611014913,58.9270735957134,4.44367676851076,41.1665962459164,17.0095561770278,10.669174728444,473.119403149054,54.3913548589396,4.99542844343889,40.668984380701,17.6823878740985,10.379267892026,438.620467675503,47.9428227349619,5.64623652582473
956,40.8914337006257,16.6941518686859,11.1302823208012,494.14823254058,58.858261885008,4.25322678592583,40.6731621323914,16.5996112987537,10.9673430816926,484.732902597033,57.3493401012519,4.40973043941719,41.1394780472638,16.8425085268886,11.0540659326185,492.647967772173,58.3348691326864,4.27317234413016,41.0986537706683,17.0730405303881,10.6320660877463,470.101486632028,53.9729263351967,4.78269126388051,40.6177577756799,17.7433222733775,10.3598038105158,437.755342893769,47.9561384997637,5.44913610261679
957,40.9505493305464,16.6158583525401,11.1071439764397,495.60706573882,59.0493320570866,4.35541584259362,40.699104325379,16.621504478806,10.9553574472801,483.342610154602,57.0406018653533,4.60917077984658,41.1980144185486,16.79049370665,11.070665361369,496.049054599161,58.814276155588,4.37438108746414,41.1845717356752,17.0225763268257,10.6130271518737,471.580156827109,54.1763197334039,4.80206706057313,40.7260255181327,17.7059663512432,10.3096103644192,440.246367520944,48.1721567467208,5.5053209023583
958,40.8495742462228,16.7165252080243,11.1257881056273,492.326664121834,58.5036417317433,4.85513679666957,40.7148594479169,16.6040281689878,11.0142742642756,486.312507389615,57.5053909114748,4.8701076414179,41.219087282834,16.7920321378108,11.1003756844144,495.139941017858,58.6989996334692,4.74587920389862,41.0815961756129,17.0452821250929,10.6191252882544,469.236779671513,53.8112783473309,5.32738724454534,40.5925363329949,17.7829456209184,10.3971584700839,438.7666384929,47.9682223477344,6.02535183476038
959,40.9693890554699,16.6647061661129,11.1872613950906,497.813060955024,59.5365005542603,4.33484698361685,40.7119353854802,16.6178947607695,10.9227765164578,483.04521217248,57.040163162514,4.65943927912058,41.2920274489727,16.7675604682323,11.0975840461284,496.782793461067,59.0541233529681,4.37333081286467,41.1314926949516,17.0339582582024,10.6407289481615,471.015168779373,54.1453450746696,4.959300337162,40.6149517796994,17.7278411789455,10.3371942555925,437.692429251002,48.0123275373764,5.62819897191341
960,40.9540271018567,16.701969990401,11.1485603477047,495.197777865547,59.1073213977027,4.46744856021009,40.779209402281,16.6230659412505,10.9678117626253,483.953280519858,57.2454569796887,4.75624266394447,41.251505406005,16.7793774321272,11.0982104175808,495.200970037031,58.8986663506668,4.4688367812781,41.2000425903366,17.0672265549041,10.6336408359682,471.204962355246,54.2404866374955,4.97688030990624,40.7483904311484,17.7070476334862,10.3737499148035,441.537167825854,48.6134409495113,5.56702443785481
961,40.9427109898535,16.6478046371244,11.1853205443398,497.319794587865,59.5411975612987,4.43068712323741,40.7301410784914,16.5816846995068,10.9800035496868,485.460886572517,57.6131853198423,4.68995739760042,41.2756103003525,16.7665904659743,11.0851431917601,497.449602381913,59.2020591455207,4.44102457103111,41.0904651254893,16.9597800627904,10.6393579783503,473.51740093513,54.6470942190493,4.96774669430915,40.6794803097147,17.6812087722944,10.3454566453909,439.90864935812,48.5473466277799,5.61438225179633
962,40.980569793528,16.6662804434095,11.1385938957274,495.509442312453,59.2549472052247,4.36863628380599,40.7269258311365,16.659206298092,10.9660694504082,484.392140962172,57.45937329927,4.68450131034492,41.2689639054819,16.8475066089165,11.0488086383405,494.691146752921,58.8114749483052,4.4678392740148,41.1673278869593,17.0084750492095,10.6140599418762,471.606333507435,54.3806640448324,4.90349131791699,40.7356320386901,17.7498544174353,10.3539282851676,438.397745658697,48.0968322777444,5.60273172997527
963,40.9204940579299,16.6907791220947,11.1319961610925,495.415038395502,59.0572963555194,4.66271972116938,40.7383231389567,16.6346992848286,10.9760220621202,485.684515297936,57.4615149703781,4.85440359664824,41.2969373319889,16.7835966355403,11.0703863545536,494.842389818964,58.5956593902646,4.70013657460567,41.1198582712605,17.0065928342623,10.5919314737764,470.659582167844,54.0042221882578,5.28111434195668,40.6482914601513,17.7512272694783,10.3554198057315,438.274973772989,47.9693239045409,5.92887205933028
964,40.8979034082107,16.6711622189074,11.1258393678289,496.17259236146,59.3550468004748,4.53275716731075,40.7388450705484,16.6280920855309,10.9484563628372,485.117364805433,57.5134286206628,4.7586006764659,41.2459171501943,16.8316492550059,11.0469286955623,496.589949104039,59.1121584753712,4.53646491136141,41.1627188353527,16.9718696636959,10.617702828013,472.695030894692,54.5720817905777,5.07376463397275,40.7499094581325,17.6919582645553,10.3735024543603,441.434178576985,48.5708796192301,5.80041345331604
965,40.9444235202461,16.5758624885733,11.1773212230528,498.074984854037,59.3500805075503,4.30241775528654,40.7504982603672,16.6728478517506,10.9580770135749,484.148103354435,57.0064427430237,4.5812486389777,41.2099433735809,16.7820771820999,11.1179027513704,496.50045338979,58.912916065801,4.27152205728131,41.1653974050304,16.9925693721363,10.672682370517,472.852377686096,54.3546495807561,4.73048734650073,40.62453350241,17.7433953091645,10.3663781849467,438.220239247744,47.9154361904308,5.44632994001138
966,40.9762438329371,16.6401312515115,11.1279832045757,496.793932149884,59.455212362584,4.59252466767416,40.7315150598068,16.5873338001323,10.9650363818816,486.145725959556,57.6943343234273,4.85302757121939,41.2847484515508,16.7899297146067,11.0765326797919,496.555570010015,59.1481983543031,4.56126343710038,41.1439029003303,16.9967741639189,10.6295188678518,472.203357366922,54.484070117992,5.14975773392784,40.7478589917252,17.6613219692272,10.3860564751402,442.777055405313,48.8269720471213,5.77928117637458
967,40.9645201625508,16.6439120209265,11.1064498775265,495.98252258513,59.0411907992645,4.44792312666155,40.7039137075643,16.5988082137681,10.9283294718905,482.759434339241,56.8202303285864,4.73735495563155,41.2947147783618,16.765650319803,11.0530279732768,496.711171460645,58.9545871520807,4.37280658907874,41.1340250934926,16.9762737651076,10.6067613675767,471.934820518804,54.1199351097123,4.98696386028753,40.6994208537537,17.7083090918389,10.3478291012649,440.797405714902,48.3119966460291,5.60123345643277
968,40.9661823066009,16.6035105302132,11.1412526428689,498.19621858927,59.5756467962525,4.38415072668888,40.7347204274633,16.5933700168052,10.9697337794162,485.567594644605,57.4720568483205,4.71668547867066,41.330394720868,16.7959679847383,11.0792725995333,496.887196607867,58.9550453444728,4.45928609710518,41.24297358194,16.9607823515072,10.6901439034958,475.969555712789,54.8883464529462,4.88290291349055,40.7572586306067,17.6999798365187,10.4218976904883,442.306860451949,48.6263655718669,5.54830957091555
969,40.9707023986706,16.6039691404037,11.090177716658,495.736302304148,59.1966586552678,4.52904834555621,40.7075176681672,16.6147375782494,10.9101224103666,484.004137584589,57.346000982041,4.73042554097815,41.3299554257258,16.7114527246351,11.0390434245622,497.622225999416,59.3047055844782,4.40801300202684,41.1812074962476,17.0272664955267,10.5910536411101,471.171739016582,54.3364391761377,5.00225393904622,40.7336936238544,17.7064114049025,10.3734867104744,440.783801669974,48.468992642498,5.67051648098734
970,41.0196193810433,16.5709032897512,11.202623471872,500.707623778066,59.7801281740168,4.34754887884795,40.8405649445712,16.5830605593038,10.973339963626,486.900814796094,57.530944861159,4.67597201159415,41.3244621708431,16.7598711383277,11.1165250244298,497.922491140073,59.0578379031234,4.38708703938603,41.175682376744,16.9478997004581,10.6970357766391,475.55940494286,54.6597753400457,4.86774300533767,40.8097867715057,17.659947051258,10.321284704431,443.21225194332,48.7162212003814,5.56304636348638
971,40.9616258247673,16.6520848312774,11.1334095164249,496.953602022675,59.2585288252272,4.53586303844853,40.7364555906721,16.5963743112242,10.9561753821467,487.435979330198,57.6279330475761,4.79384509571149,41.1759168159622,16.7787733426027,11.0613167883806,496.003837495927,58.7587247758913,4.57814674808781,41.2154653271711,17.0029134050466,10.6443055569761,476.493776471924,54.8324205661156,5.07598456521107,40.7995828540395,17.6491214298995,10.368378569491,443.049557462431,48.6196023647332,5.7292315198911
972,40.8924881009802,16.6485320883327,11.1542157696235,496.707552807422,59.2314230480645,4.380594162893,40.687139968188,16.6023501005621,10.9849116888883,485.907957554348,57.467068859875,4.67102326864174,41.0941598934585,16.7323323744114,11.1272642558783,496.879292537975,59.0642575239422,4.38774968608343,41.1361446651991,16.9655375315074,10.6282822447948,473.082911323238,54.4318300221488,4.87693113247698,40.7123308452859,17.6619504035419,10.3497264251034,440.66008670361,48.4014421207703,5.51252933488018
973,40.9842739011393,16.6720545553492,11.1235329416807,497.262140708773,59.0927504850851,4.70825351141116,40.773670588054,16.5831140215633,11.0004812974666,488.244904114244,57.6120823011645,4.88267876887037,41.2480777376721,16.8379461923907,11.0692951884954,495.590684259946,58.5520774418994,4.71907079040698,41.2320549794908,17.0032824350378,10.5991795847371,472.474411439179,53.964122392923,5.30596898600326,40.6293453404221,17.736836258197,10.3599868577979,438.977942197056,47.9000932881808,5.89555882831691
974,40.9848680300274,16.7165902148566,11.140960537966,494.757594713589,58.7984760264996,4.86878414996178,40.6607464855056,16.6298106936908,10.9411332148485,481.410135395506,56.6417165881603,5.20318127456553,41.2274842471887,16.8457939213808,11.0511974026021,494.049490542523,58.399534607158,4.87926361678893,41.2059416453283,17.0233891896651,10.6257503433547,471.677693680573,54.1345416663529,5.34305503791553,40.6311555160717,17.7025692099845,10.2926890562918,438.357189655173,47.8980991369028,6.12861420312974
975,41.0284817876625,16.6218556667115,11.1788602888987,499.287184648862,59.7104064997808,4.29771214182822,40.7119558108467,16.624741781889,10.9519468981325,482.169732024235,56.855163590793,4.70961232805097,41.2871990022834,16.7966641719617,11.0900410276307,495.83106818338,58.8175533655547,4.36017067563605,41.1095405099737,17.0438402432673,10.6216267109731,471.140328969999,54.1381464816987,4.93171128364492,40.7207288935399,17.6859245619449,10.3433642461795,440.234679410508,48.2449507732481,5.57477588233453
976,40.9422954342645,16.6542850731427,11.1631550919883,497.195349837123,59.4846592193008,4.48449190804156,40.7699618069572,16.6687986891608,10.9556869622303,484.8045569003,57.424852398239,4.74727091274126,41.2766324322392,16.8296929891207,11.0911190606481,496.559030354315,59.1475135610219,4.41779180253783,41.169556450834,17.0751566726737,10.6118746154904,470.034329724465,54.0764753296995,5.05465635476017,40.6767221409848,17.7240507752932,10.2702635304856,437.4857474163,47.9792176594393,5.72716029612814
977,41.0259880934083,16.6743658679177,11.0818281060714,497.653171394884,59.5134054571324,4.4049516515966,40.8124524662152,16.6335677213113,10.9210350836449,485.713202486156,57.6115453275656,4.6608733355891,41.2391002851026,16.8818250459174,10.9533761933551,491.999327863563,58.3049465358717,4.60156558415236,41.1247696493542,17.0553355410116,10.5877124763205,469.724177599349,53.9829642587389,5.08769167563381,40.7050090732731,17.6910525393127,10.3001657462983,439.357478555661,48.2930782595191,5.66959140275528
978,41.0020074877043,16.727467724419,11.1490522657332,496.617095375926,59.0690591460797,4.70108534841892,40.7303885857548,16.6635427501472,11.0090752972881,484.273002187019,57.1037655654913,5.00445862275191,41.2323106465156,16.9094167287514,11.0482492336167,494.736852156054,58.4631713126802,4.81754074087042,41.0799618918906,17.0541308622896,10.6099406774295,470.101109503221,53.9249912551012,5.30278658910693,40.6934366666167,17.7951007470708,10.3216184287812,437.313300186711,47.6694899210363,6.06979651817924
979,40.8954932458922,16.6181604761557,11.1199289610301,494.969274101173,59.2286210791583,4.33019759945712,40.7131935528595,16.6191204375031,10.9399614721737,483.975439795044,57.4416416654785,4.56797990280718,41.2556843474179,16.8284146386664,11.0767208354282,494.429443887265,58.7859946667177,4.32989645060251,41.1355023962333,17.0546929119665,10.6073073698718,469.711140996588,54.0116092364287,4.91569898616524,40.5913895743464,17.7653334597532,10.2563983131836,436.19151334154,47.738646805334,5.61116494202669
980,41.0419410496533,16.5796358570335,11.1291355085072,502.132607417341,60.0577723110915,4.24802704015015,40.7832976161237,16.587377737667,10.9211109341125,488.008171867758,57.7355906902588,4.65410045479713,41.2845388968479,16.7345201850165,11.0870593468181,499.900902062246,59.5246738869193,4.29818124322165,41.2016937512867,16.9746814510463,10.5768128716854,473.192275700223,54.31335415165,4.88696245249577,40.8041117498122,17.7110919675806,10.3927345585982,443.144400375131,48.591147326727,5.50676540490977
981,41.0171157405392,16.690732702794,11.1447717269958,497.805922956183,59.4430233167208,4.68838936912212,40.8138979113886,16.6308273091505,10.9225588853026,484.226012956253,57.2280632418988,4.91769935920969,41.2401471004736,16.7831377334547,11.0993130910175,496.433887243758,58.9663557021139,4.65503390278667,41.1972604753886,17.0315674127879,10.5978693948993,472.020487031074,54.2879859550953,5.20287479148094,40.7596486623638,17.6839283983802,10.3278061088815,441.292538786734,48.4070005838666,5.86908826658212
982,41.0154129677243,16.6957884653179,11.1654559105773,496.34915371262,59.0110876239932,4.79759413348829,40.756137543455,16.5986507835603,10.9581650510201,485.884461569662,57.3445441853452,4.96729271384767,41.2270891006952,16.8130113922575,11.0678567198601,494.318953817053,58.4630573879275,4.81677261225929,41.2054311012064,17.0289847931075,10.6081676251228,471.351820753775,54.0638097455231,5.27290207739287,40.6755629149061,17.672220167546,10.4023649549514,439.7393087424,48.0368976841731,5.99894910748665
983,40.8829603160646,16.6413962192762,11.0734456412308,493.564848571268,58.9592783673902,4.4047955526707,40.7593909313474,16.568127338629,10.9629202971542,485.784032281519,57.6826197749294,4.58236526055789,41.2483370656855,16.7788335640204,11.055458846744,496.267733317276,59.1694133595425,4.30723742367083,41.1756742902477,17.0044453244367,10.6456691644353,472.126408155423,54.5153731273003,4.88907838367167,40.6075514928333,17.7233045123983,10.3565301018165,436.544159630487,47.992059216902,5.59274479483674
984,40.8849297015821,16.6564580506059,11.1157759677999,495.598145011698,59.0224348880153,4.28898979321748,40.7082090652158,16.5887659074785,10.9338425951197,483.484590665002,57.0087512663204,4.57992953355788,41.1915336180856,16.789468808154,11.0549794801508,495.285004898168,58.7142486162497,4.29278486225313,41.1655560751337,16.9717185254837,10.6543752240061,473.716807671833,54.5963449616142,4.70820529577735,40.7156802409072,17.7095023569674,10.3658235607765,438.3945338549,48.1497452388885,5.45757604767167
985,41.0446697900477,16.6366751020536,11.1789128770923,499.053982471646,59.4011089635746,4.34008906332813,40.8175995750801,16.5710340234271,10.968565409448,486.84772259374,57.3868030217058,4.57958505391081,41.1811220071309,16.8462294311926,11.0484815306211,491.652413334158,57.9755780079418,4.55623083741461,41.1634320808771,17.0540541420804,10.6443876552669,470.347218735383,53.7483111240175,4.9557574048392,40.6755416410244,17.7870251994528,10.3669713600287,437.881349511436,47.8047881688381,5.65444797369406
986,40.9649051962485,16.7069430574809,11.1057303242754,495.175662313834,58.8360215548615,4.40497562556303,40.655360033796,16.6416568129243,10.9670054963249,483.434629230896,56.978905147848,4.71773302797308,41.2316369856788,16.7691420231205,11.1132203807724,498.614085534487,59.2554188436468,4.31276778071858,41.0561757883431,17.0068006801441,10.5972460719141,469.710096712064,53.7869935055599,4.999872320996,40.6289400809475,17.7609674737693,10.3420429959952,439.407995977952,48.0283267002673,5.57932066517226
987,40.9815339584095,16.5916802640862,11.1809535366945,498.489793680056,59.3674046263078,4.31793749310214,40.7372347079112,16.5918143156069,10.995089842916,487.818846138526,57.6648152447453,4.50958849937844,41.3510114870902,16.753895734563,11.1143187431998,499.76421839537,59.3406279153901,4.23562989516181,41.1625299709492,16.9768264169568,10.6319856304505,473.671211568582,54.419389235645,4.829610282565,40.6956713325735,17.7041023122937,10.3720161238714,443.331847041192,48.6550856247058,5.40359489321537
988,40.9224878060926,16.7517220167463,11.100879468883,492.253974931296,58.3581970565138,4.80329796030924,40.7153777753254,16.6044662731959,10.9953665146616,485.529492555727,57.3398090060682,4.9472586681737,41.1969038311664,16.8735380719985,11.0657354105992,493.371876420799,58.3981338431623,4.74209841463679,41.1702327284247,17.0342888083803,10.5915720665443,470.522573812309,53.9039502962247,5.29169308898362,40.6375974748879,17.780206696494,10.3387732383986,436.542206404608,47.5803549693773,5.95841646233312
989,41.0247113880737,16.6130297054535,11.1898514481679,498.554684164463,59.3350580006522,4.53388184507133,40.8129560748041,16.5816409464802,11.0232498575164,488.833677696903,57.7837323419487,4.69623630510134,41.302345074977,16.7701740074044,11.0997222952992,496.511727288089,58.7614022577682,4.5877688448838,41.1326485837285,16.9688506051716,10.6959414634665,474.452455696891,54.4956364570784,5.04012220797831,40.7106110832756,17.7274962853169,10.3455344198122,440.117661509242,47.9691703106369,5.82020259937105
990,40.9534855843169,16.6529217666671,11.0882518911497,496.675320115079,59.2890408825538,4.61704298093374,40.7672648685441,16.583710796977,10.9640761657183,487.857597986851,57.8081561918856,4.89806452972552,41.3091185617008,16.8561107986993,11.0888366709014,495.115576050556,58.7118549063959,4.66085491226933,41.1897561492179,16.9840257464093,10.6089788582151,472.588286956846,54.2811704887527,5.28043913347233,40.677781223866,17.7039219186125,10.3530914212543,440.759030870348,48.3146602507931,5.90077843141401
991,40.9494215722255,16.6124283949399,11.1030753604942,497.220573885852,59.4145286511516,4.32070874531439,40.7318725595048,16.5933691815378,10.9300186293295,483.592110422026,57.1950874539338,4.66311211469932,41.239376506079,16.7827659725868,11.0335796640098,496.483048270809,59.0704237971715,4.34123264107681,41.1135025823161,17.0228781333916,10.5862718077681,469.609696948404,54.0137600037327,4.98011014668573,40.6673208261019,17.7488849151335,10.3656468007808,440.136493721356,48.2700085698507,5.54453594274365
992,40.8977909620621,16.6134919047442,11.1141240949553,494.459662779872,59.2023160557828,4.40029616493032,40.7195344473371,16.610919622188,10.9547282507387,484.173126372975,57.4392452080202,4.66331921996034,41.1791911076371,16.778100137772,11.0832699144946,493.949678928859,58.7455840815761,4.42892473084251,41.1282639545852,17.0210175986801,10.6549420907925,471.258154236794,54.2883756904028,4.94656965350743,40.5854942491218,17.7369032677212,10.3620801153046,437.402344367547,47.929201442446,5.62518147350799
993,40.903838456583,16.654590308274,11.1093364129296,495.891839315329,59.1750301712392,4.38639347320871,40.6817903496821,16.5630938602168,10.9545760508822,484.524537962392,57.3383007569812,4.65584778931803,41.1833978683225,16.7714553547509,11.0424499465421,494.098928844038,58.5681396467975,4.45656519121359,41.132612087674,17.0672757996069,10.6157763959977,471.06697300922,54.1195834961231,4.96036580709896,40.6461152525864,17.7192992032713,10.3399606413949,439.947403086764,48.1467776815403,5.64909740468081
994,40.9699549454998,16.6421964085121,11.1372803824056,496.519844171864,59.3049526890381,4.27556124629088,40.7571780579034,16.6422664115039,10.9528602704183,484.103379665813,57.1943454758121,4.58258104748547,41.3387677924609,16.7843987244902,11.119957261928,498.144688063181,59.2213525846912,4.26353592901152,41.2062687765851,17.0196742494055,10.5862846324681,470.993291181829,54.1096702735221,4.83291619528302,40.6562470303335,17.697240179864,10.3381388469854,440.578854748852,48.3019673719865,5.56379202545683
995,40.9984797366789,16.6459295033924,11.0938678570604,498.543884695563,59.5532608215605,4.43313037876723,40.7775347100313,16.6256297886302,10.9147247524143,485.706135350688,57.4551460024888,4.76173834584558,41.2536020839108,16.7904197690483,11.006561399019,497.604936463567,59.0921946944446,4.42428897729345,41.1812799570989,16.9434077695452,10.6144995833082,474.925972393223,54.8144943165608,4.89333735847247,40.759960608542,17.6618379048678,10.3220264406845,441.564782414646,48.5125923711486,5.55424382202367
996,40.9763634277254,16.6253499610162,11.1431381771894,498.824916007227,59.8602827598998,4.32004330475873,40.7788066489294,16.5898405317763,10.9426547559134,484.22970844003,57.4605721735283,4.64107558503477,41.3017440797561,16.8100260397051,11.0289715190181,494.095559158347,58.7211750242792,4.43851977798443,41.1922415436126,17.0148720663035,10.6197525986623,471.470286360405,54.3584107538777,4.92025571504833,40.727112660654,17.7122364895293,10.3043108292277,439.992903138797,48.4316890418911,5.60765475950668
997,40.8509632099966,16.6976182384054,11.132119810599,492.153903315615,58.7115369177863,4.74119223057325,40.704494956018,16.6070932672291,10.9725013756575,483.138274235328,57.2120451465452,4.87275191616802,41.2225889459569,16.7556971784442,11.0693514102208,495.806923907821,59.0146933753466,4.66087148565507,41.1280304683819,17.0137303243128,10.6235989312746,470.838789167673,54.2443412629124,5.17651303401202,40.6282163888147,17.7246232525862,10.3535677005479,438.198785982662,48.1712518946208,5.91138628716251
998,40.9433318740249,16.6659503889594,11.0735438990425,496.005455940305,59.1756212423804,4.54359720887229,40.778220585517,16.5553426605712,10.8905482122942,486.111262237193,57.5069501635193,4.76485390813822,41.2131491895405,16.7624668289809,11.0412176740903,496.082529214342,58.9378965467951,4.52260933837391,41.097477564413,17.0530741383284,10.5896418268234,470.705474074559,54.0733357890286,5.1068392071506,40.6677222568856,17.7207663804362,10.3573315782672,440.04759418571,48.304178312592,5.7187350458558
999,40.8854080426514,16.6555586140229,11.1221590845548,495.200708178381,59.1426307929046,4.68129351974557,40.7150258057661,16.6039690230966,10.9140763003367,482.705841797903,57.0562905249177,4.9660340270821,41.1341062229496,16.8214313341885,11.0094938315048,492.444477416408,58.3856409492158,4.78169349722248,41.1400498097087,16.987204868466,10.6736905554735,472.450905640696,54.5059089327864,5.14650256106421,40.6796055486127,17.7033291612632,10.3483275766856,438.317702285169,48.1714774103866,5.89056120862124
1000,40.9620011230642,16.611003952253,11.0979354914171,494.930653167778,58.9906376355602,4.46588181074282,40.7169852231478,16.581046183663,10.9396095195409,483.091972086685,57.1279948094163,4.77282997152474,41.3394913690041,16.7916279994541,11.0351239570359,495.881490200948,58.7853051260848,4.48109208421157,41.1703254294832,17.0226820133116,10.6101758309865,470.505375783158,54.1701772884044,4.96707450670257,40.8386842547917,17.6501016322389,10.3583033318693,441.358836797581,48.5870275219426,5.55548298222212
