"draw","2022_top_in","2022_bot_in","2022_half_width_in","2022_area_sqin","2023_top_in","2023_bot_in","2023_half_width_in","2023_area_sqin","2024_top_in","2024_bot_in","2024_half_width_in","2024_area_sqin","2025_top_in","2025_bot_in","2025_half_width_in","2025_area_sqin","2026_top_in","2026_bot_in","2026_half_width_in","2026_area_sqin"
1,40.4541486414891,17.013666254952,10.7742216153233,505.105904005268,40.3280772062173,16.9885263544936,10.6255383132919,495.990583580027,40.6944484343037,17.1209204125943,10.7615979434913,507.377661358526,40.5927870789299,17.3936490873188,10.3000240237025,477.90335728557,40.0591994276509,18.0555659930246,9.95790899821968,438.220358744385
2,40.4862139965391,17.0146575089811,10.7540241177731,504.827369097745,40.293745569661,16.9664649073314,10.6121975227369,495.107420113929,40.7355471812513,17.1048890477892,10.7416695609257,507.665442353703,40.6210404286503,17.3840548453268,10.2616685702521,476.900489255584,39.9992026829051,18.0344576414732,9.96928279375624,437.94550962158
3,40.4812869998444,17.0011379543927,10.7485203685513,504.753720543313,40.279855166735,16.9610597965421,10.5909756812969,493.937589365703,40.6928257952966,17.120993889125,10.7428863631436,506.459023078247,40.5959381575919,17.3369091235799,10.2839570559148,478.38971149611,40.0056576739458,18.0298934355363,9.97293374103083,438.325681316347
4,40.4750230933727,17.0413197641136,10.7606547331149,504.323981288805,40.2782914270844,16.978372062153,10.6033254692997,494.113256869611,40.7420411847703,17.121860492771,10.7328765997273,507.024969260979,40.642704817897,17.3329058854104,10.2882209410502,479.632723017756,39.998799914399,18.0120901403916,9.96781650602246,438.318977196953
5,40.4253667301903,17.0558439756128,10.7661691056558,503.200467788505,40.2458743911915,16.9982264523841,10.5902094186535,492.394920326199,40.7073697845673,17.1506343260662,10.7276720145648,505.417863465335,40.6148360142891,17.3848618111935,10.2866707232217,477.91819107236,40.0183605600303,18.0343174654019,9.96355620638347,438.078498033772
6,40.5166749037851,17.0049015686535,10.7625926336029,506.095276999255,40.3186657698259,16.9619328757933,10.6017607562633,495.244988380955,40.7050325989951,17.0878947614813,10.7619063921558,508.330853315929,40.6547309135099,17.3640467439043,10.2540726412425,477.648734678747,40.0576610876254,18.0132589323962,9.99862290893469,440.827328806087
7,40.4355966216273,17.0483996568747,10.7695269621999,503.738096564368,40.2437210393837,16.9855015954028,10.6065536429911,493.379104346083,40.7074266318441,17.1345289810896,10.7568805388961,507.141687969583,40.6400610681351,17.3476552437988,10.2773890430069,478.770232808609,39.9669290821757,18.0286946216101,9.9780012110148,437.799460030101
8,40.4531988705683,16.9966289180864,10.7311910082284,503.433865115907,40.2714661039294,16.948942070479,10.5802148524258,493.514630349538,40.696486743017,17.0837167079275,10.7096628195766,505.76961062402,40.5788559364873,17.3184323348259,10.3115426616018,479.701700590921,40.018982377958,18.0286275653187,9.97683651009671,438.78834952944
9,40.51776025788,17.0350520306347,10.7448932463126,504.638386072115,40.2597754047169,16.9647760420685,10.5631201085334,492.135752391728,40.7822853242587,17.1068223010423,10.7292350082787,508.039213411803,40.6609831180026,17.3483694552345,10.2686623557214,478.778716664688,39.9979417263931,18.0160889402966,9.96659251323803,438.16833881002
10,40.4959255445809,17.0533686363942,10.7727492707248,505.081575673184,40.2777245918953,16.9981804959259,10.6020829527586,493.623315215738,40.6821395352174,17.1403520049192,10.7393843632486,505.648609771612,40.6042779293861,17.3594438801888,10.2725136974044,477.565752328541,39.9785971916546,18.038438825741,9.96575278321323,437.300388598485
11,40.4549135265482,17.0258717009668,10.7581171654036,504.104754065494,40.2682984917899,16.9462185059972,10.5963935657238,494.259876601497,40.7435138373423,17.1200303643842,10.7408473974534,507.47246195861,40.6181214463338,17.3513124040083,10.3063928121438,479.593746950692,39.9847610060713,18.0349285130073,9.99181651056072,438.637397416479
12,40.4793058445971,17.0091191132923,10.7661806274519,505.368539418505,40.2822299156893,16.9795976304297,10.5926749563121,493.674418848438,40.7078746397496,17.1013156207976,10.7151845205462,505.897271566471,40.6389812341217,17.3562946328667,10.3009809271234,479.669021223439,40.0484240611884,18.0363751079146,9.99761577996514,440.136015929229
13,40.4725908611412,17.0592888577686,10.7414613001122,502.986154754132,40.2503619402578,16.9855121571982,10.5844477596242,492.491174328599,40.7301367131809,17.1514254935996,10.7264082432921,505.829764783843,40.6426036549151,17.3982499139413,10.2767335884337,477.752061662599,40.0258334114734,18.0333024331851,9.9777816481407,438.873343982662
14,40.5064030748056,17.0074258458021,10.7686271358327,506.103447705125,40.2998228934684,16.9881556441112,10.6023162107511,494.315335154992,40.7453501406474,17.1175058667771,10.7498000365782,507.989202479031,40.6567122132926,17.3739214351238,10.2671147212429,478.094167900308,40.0344086124706,18.0293108016847,9.97271601898861,438.901182874073
15,40.526407882451,17.0161521718031,10.7474865398487,505.352313597178,40.3375756111223,16.9693033995959,10.5842461854655,494.671092031535,40.7328334375537,17.0931098066997,10.7339001140992,507.492864356992,40.6339085898402,17.3513474201394,10.2671143111171,478.089433969791,40.083233632979,18.0290383486771,9.97636925776315,440.041591678029
16,40.5042830879822,17.0152874541422,10.7743796845042,506.158714733309,40.2657651521982,16.9388267783846,10.6046234952782,494.746797503702,40.6649861439727,17.0902260848621,10.7544050137246,507.065035554106,40.6802559024184,17.3894522845312,10.2730441677519,478.534908537982,39.9539240475415,18.0436684146056,9.95731385196806,436.334583827988
17,40.4573236631056,17.0517795840875,10.7669561952117,504.012935647767,40.2510802673517,16.9967125699046,10.5824285947167,492.17537134704,40.660669879223,17.1180738893313,10.7277528656516,505.118303190879,40.5824069798752,17.3517221256045,10.2825006996959,477.739066536906,40.002328123975,18.0538505851453,9.96932233031909,437.622894488725
18,40.4868789812016,17.0332914972683,10.7458553732257,504.057718171285,40.3046656749906,16.9871431466948,10.5943528419141,494.068122128093,40.7028836753029,17.118738569776,10.72507648062,505.883519973632,40.5944369591844,17.3622814262293,10.2680989783844,477.100144987207,40.0112588117602,18.0682992050673,9.94022800499226,436.236043189727
19,40.4863072603102,17.0149749505412,10.7741729579991,505.768387720248,40.3337750794721,16.9631017204895,10.6078008560759,495.822897728973,40.7017963470098,17.130961892217,10.7651967206316,507.48933955057,40.6676881961948,17.3576978995802,10.2799479064289,479.250971897123,40.0705706073635,18.0686335493306,9.98549328166483,439.400389353198
20,40.4936371302771,17.0176689919465,10.77559490236,505.935045198724,40.2926022034362,16.9857411986006,10.6222768757002,495.143861393651,40.7332578163519,17.1352717016003,10.7579032057879,507.729700948046,40.6297234612401,17.3999916646689,10.2554412526012,476.462299506838,40.0346165967014,18.0227442457424,9.96436888815783,438.668832047995
21,40.5143624103555,17.0249754623761,10.7771612666228,506.297822384957,40.2685219856911,16.9649179417414,10.5989868186984,493.98918417998,40.7199586166251,17.1284230137082,10.7320354296806,506.370391862151,40.6777486002896,17.397599344253,10.287528446843,478.990395436455,40.016612212493,18.0041383494055,9.95916760186114,438.451833068153
22,40.4598098593547,17.0274969468015,10.7631897086383,504.412858379971,40.2507822978317,16.9778383846224,10.5998129949156,493.377706642358,40.6983770140415,17.1198471064808,10.7321819172842,506.098144620137,40.6015592632691,17.3650376581905,10.2676532176282,477.169091649742,40.0243447383319,18.0078310253837,9.97828181647835,439.373956888314
23,40.4988231094762,17.0228210514594,10.7734079455618,505.833094203727,40.2599110060994,16.961787397653,10.6100920271447,494.390471090818,40.6932001608977,17.1110167821247,10.7510310242674,507.065570250302,40.6074438543503,17.386895516456,10.2610647193144,476.535098626205,39.9692280345647,18.0694552672032,9.94362198518045,435.526123919983
24,40.4642919715726,17.0216598284126,10.7642086765259,504.682768632016,40.2958044459937,16.9553540487758,10.5907654458046,494.386471112746,40.711938546534,17.1335925521733,10.7446854010158,506.683819971412,40.6578363197204,17.3503983439099,10.2824381513291,479.314578904421,39.9987361883491,18.0231889237232,9.95064680962419,437.341818556989
25,40.4660908117828,16.9983644353565,10.7618984328994,505.114575428349,40.3103642472695,16.9787471071347,10.5886350358334,494.099957385365,40.740946791277,17.1034353049567,10.7393816087356,507.704512264929,40.6469281074732,17.3834449619085,10.2869625638289,478.621160445377,40.0466452773137,18.0211938724868,9.96441317477012,438.941396317032
26,40.5116045171814,17.0288258776596,10.7629853484682,505.489604876991,40.3279905663193,16.9876391200067,10.5933317711216,494.504173050737,40.7187138411202,17.143990250417,10.7291764255,505.874737174103,40.6522829792632,17.3788247586987,10.2818576774027,478.588770169644,40.0684940254155,18.0582087254299,9.95382589430493,438.173095520072
27,40.4737290960283,17.0238342626435,10.7854565873373,505.835645406193,40.3071489571545,16.9834667926539,10.5931596621224,494.142978154303,40.6735600156986,17.132018440671,10.7406472957758,505.702789712427,40.6559938122869,17.3659369094986,10.2773055626876,478.718062724675,40.0210613472777,18.0271238899355,9.96800561188693,438.471384004554
28,40.4786957471136,17.0292535583629,10.7702866386485,505.114427778523,40.319186273667,17.0065665100024,10.5963542740165,494.05755614246,40.702303550916,17.1259635224815,10.7393802815271,506.390562423894,40.6682211139928,17.3619701625232,10.2611700455372,478.298808273984,40.0109711368674,18.0368498208734,9.95429198721395,437.473639483734
29,40.4569843379998,17.00937115408,10.7682585062149,504.979920236365,40.2802921561247,16.9683227263734,10.5787009861669,493.220707992006,40.6953788681015,17.1311518426397,10.7374251368692,506.038247188171,40.6516821875903,17.3577218670218,10.2595723984717,477.972144711998,39.9848123613894,18.0251923850898,9.95514179382637,437.222261205209
30,40.5404080630026,17.0427540329579,10.7691958283009,506.101675510428,40.3523255516854,16.9821720070777,10.5830617537248,494.655556313227,40.7179875413477,17.1041435784009,10.753584197154,507.866918548009,40.6778870130712,17.3923029880689,10.2516540305777,477.43150264854,40.059208294834,18.0228703250338,9.94555016641991,438.327009525665
31,40.4773561027156,17.0143186238463,10.7577472513097,504.818853891367,40.2738500509444,16.974594948211,10.5860634347286,493.294784998918,40.7228486235489,17.1066155327424,10.736371974314,507.105326190004,40.6112829557926,17.3774844780026,10.2453702409688,476.07773501803,40.0072104995552,18.043735574443,9.96715923015009,437.826903652003
32,40.5009065816262,17.0121107819633,10.7686316427169,505.884379395131,40.2731346308362,16.9783373213362,10.5857103035255,493.183951795423,40.7416026526853,17.0942346868035,10.7361943086288,507.765474738701,40.6357739904087,17.3718403573076,10.2802588020583,478.318517004375,40.0241886263659,18.0338761399711,9.96298804209074,438.17844068758
33,40.4653012536587,17.0467680452333,10.7626281221842,504.089928178605,40.2858821849292,16.9841233617912,10.6081161460456,494.375528005983,40.7236551666978,17.1317424948192,10.7248059041246,506.03736862591,40.6359253310868,17.3884086488942,10.2594896165099,477.015312021194,40.0147869976524,18.0057730311624,9.9492185807632,437.944981399358
34,40.4822103366335,17.0360390666167,10.7446173119299,503.840275452592,40.2737168629592,16.987823035486,10.599291944374,493.627973726171,40.6949759690212,17.1134810472559,10.7400649412762,506.533573744266,40.6613721844078,17.3497002477072,10.2866808385803,479.599458053058,40.0168047206108,18.03459273123,9.98865138706601,439.145304557015
35,40.5169577585354,17.0171538100886,10.7678938839306,506.086790420096,40.2225658812399,16.9897041041898,10.6103599392973,493.018051748887,40.7537580339419,17.0776153325865,10.7340880449085,508.283600640333,40.6833866355043,17.3588585118284,10.2762804889283,479.378786541578,40.0067886439785,18.0176423604664,9.98500677744783,439.12354934232
36,40.4664987983697,17.0356807951149,10.7604947970079,504.254390427326,40.2401638750276,16.9835712609257,10.6053638283015,493.289252158279,40.6833210495516,17.128043566507,10.7297764385927,505.48572268417,40.6233706337798,17.3602004240192,10.2916328412699,478.832013045644,40.0539451429152,18.0343425901955,9.97939122172885,439.48445684114
37,40.4429363139259,17.0371096707867,10.791056923014,505.147215272628,40.2775021064534,16.9812136685967,10.6265802164461,495.119755660699,40.6591232544903,17.0885292967525,10.7666622574596,507.55324870136,40.6242069294035,17.3593141438701,10.2532011034423,477.079248760194,40.041142554879,18.0107954768357,9.95812304398272,438.7618138096
38,40.4873668756801,17.03435246581,10.7561786802628,504.529627166681,40.3235341644832,16.9809085412976,10.5867155615898,494.243475866687,40.7013001269413,17.1548259663832,10.7274536372804,505.187419757616,40.6622295395303,17.3914692743157,10.2585279093607,477.447487305491,40.0386392289495,18.0513091672379,9.96980249782408,438.41867633947
39,40.5400642662161,17.0329382762279,10.7904336576623,507.304166954553,40.2959883587358,16.9694367793088,10.643870001621,496.569565195057,40.7030289560366,17.0998565438883,10.7839523620499,509.070973771716,40.6880596090961,17.3563112279043,10.3091134671483,481.059282897318,39.9965437136854,18.0308572890109,9.96653489540882,437.843560506253
40,40.5051021372359,17.0345510066819,10.7588507809738,505.032314721694,40.2812615401629,16.9723055083146,10.592686747582,493.808939317062,40.7367497641644,17.1258186616032,10.7604746307889,508.12965027683,40.6458097458309,17.411520177867,10.3000266710254,478.627604464712,40.0180864154286,18.077920380754,9.98152495068425,437.992629394519
41,40.5047259514212,17.0516190474792,10.7356649458912,503.569395321778,40.2852038561169,16.9887947793256,10.5699026538804,492.481552253319,40.7841119195045,17.123242416372,10.720946270161,507.333821296748,40.6756107533371,17.3783053913799,10.2902767038276,479.471437256211,40.0098627144624,18.0271260522453,9.95155457120285,437.52480703687
42,40.4894790569003,17.0414310243062,10.7647831597539,504.826305180738,40.2942849053196,16.9847135755366,10.5989673583557,494.114771323268,40.7137999134596,17.123622585144,10.7315282197587,506.317307415862,40.6307301339691,17.3816577319928,10.2874621641139,478.34790537215,40.0247754786713,18.0558533465131,9.97751043394738,438.390299592371
43,40.4417827217776,17.0398897175109,10.7595058759519,503.58561057561,40.2716606199372,16.966065406974,10.5972310086967,493.949552533894,40.6976157176376,17.148044356563,10.7336568077071,505.546033916763,40.6153578362159,17.3708227828636,10.2718519609397,477.528845937815,40.0847687555662,18.0385089757627,9.97304568885876,439.73671210486
44,40.4688723271873,16.9933932056101,10.7503423986432,504.738877058309,40.2671357278085,16.9545377302274,10.5728116873062,492.959417140592,40.6784468791133,17.1423857937924,10.7285123446772,505.013843797888,40.6043565426453,17.3594036845375,10.2666146455486,477.293946896275,39.9770917547414,18.0319671074655,9.98162199400033,438.095877680656
45,40.5096844792239,17.0515004023098,10.7481153877329,504.2625384907,40.2809715699547,16.9776088046528,10.5744048318395,492.838383647036,40.7296650002041,17.099717220099,10.7225878465658,506.74838176388,40.6066700052607,17.3545368074353,10.2749192548089,477.827582219437,40.0342016924811,18.0456972137941,9.96806626879307,438.36573959041
46,40.4681909497253,17.0244714245139,10.7626611340944,504.633617945206,40.2458327319759,16.9848936003431,10.583964625777,492.385913863104,40.7734173743616,17.1231492021721,10.7368683237415,507.859630371948,40.6652022051948,17.3918114777629,10.2714795305895,478.104312928458,39.9911573064558,18.0212305153078,9.96806801470384,437.995449064455
47,40.4998344860625,17.0578294737427,10.7553510151495,504.253984812787,40.2893965774667,17.0054644387842,10.5980795354888,493.529929409361,40.6390533688852,17.1205950405393,10.7378077274916,505.073367153605,40.66108448341,17.3744962161108,10.2625155629754,477.957949003518,40.0106816331036,18.0597881933015,9.96331654545618,437.407399592651
48,40.4801779340842,17.0284090778851,10.7951866383006,506.33244360191,40.3248050315926,16.9679630383072,10.6112052958152,495.688490905338,40.6954320047879,17.1500175618045,10.7644166270152,506.90530144003,40.598581491952,17.363811020599,10.3020311891443,478.730660136974,39.9961381422977,18.0189581067828,9.97931686107477,438.63448657458
49,40.4714301306378,17.015196864582,10.7801076243393,505.72143813938,40.2143214837549,16.9770180596459,10.6014387926399,492.697699913387,40.7142284830982,17.1058639964198,10.7218840375885,506.252292686578,40.6240804253339,17.3733067089354,10.2929128863884,478.636376808035,40.0021725323047,18.038837490969,9.97970557603915,438.375234360868
50,40.5559930220609,17.0270572430336,10.7701275080035,506.819276935497,40.2981493145274,16.98868721191,10.582254900472,493.333339125582,40.7650953797846,17.1196846898552,10.7381186269504,507.814449942845,40.6885948958006,17.3950202854568,10.255772024714,477.787181688702,39.9907134282918,18.0332168653396,9.96312535687604,437.530581559735
51,40.4812011238177,17.0467504947929,10.7659216377707,504.586918192573,40.2799746206528,16.9703305054839,10.5920377695981,493.793261727517,40.6773541726482,17.1214716116519,10.7527901181398,506.582922451887,40.609707957744,17.3679961773822,10.2290958656371,475.483395765659,40.0253784067207,18.0341746512604,9.96049314097467,438.086468336078
52,40.5139110651206,17.031873530507,10.7680677759695,505.712343381158,40.3119775712461,17.0124786076965,10.5996767931737,493.934316913023,40.7420038122055,17.1332589135312,10.7266119019836,506.483688042027,40.6479033420236,17.3754444631024,10.2586527703311,477.488149501325,40.0032854562025,18.0153081929657,9.96931388862448,438.410094226292
53,40.4743513392186,17.0148250952848,10.7628464724409,504.982558559312,40.2569270311187,16.9587061359237,10.5962144114069,493.745888019611,40.6924553584299,17.0896669631155,10.7355787990777,506.779189391709,40.6458889994275,17.3538558966595,10.2680115481943,478.325729760289,39.9975396132231,18.0236362846206,9.9833803344046,438.747668721757
54,40.4647967626583,17.0246147304555,10.7692458401094,504.866165683415,40.286449639696,16.9619818405562,10.5898529591814,494.005368688103,40.6916093430327,17.1328581756387,10.7339214471359,505.755568846859,40.5949258240712,17.3808494832032,10.2688316501146,476.762883714564,40.0667952601308,18.0490055240201,9.95772519621596,438.49419924051
55,40.4910049636217,16.9891194910308,10.7739545679629,506.416492686325,40.2578260363816,16.9461492280106,10.593820003755,493.919416187185,40.7172243189406,17.095003261633,10.7441483206894,507.601293407649,40.6216277779289,17.3625143689411,10.2863311445288,478.501885305998,39.9761841838089,18.061318776653,9.98899833107699,437.815107955715
56,40.4791041358535,17.0126830733403,10.7774580416598,505.816736778317,40.2796372413245,16.9684472594982,10.5895057154746,493.707959094127,40.689505722977,17.1141367568472,10.7586674297933,507.279108482522,40.6525032914245,17.338760253369,10.2565673903821,478.237953183737,39.9973781118445,18.0703801181128,9.96407272378052,436.964405247464
57,40.5419426696745,17.064792958833,10.7642675218206,505.428640274662,40.2650815339322,16.975944631089,10.5976330887461,493.619455699816,40.7251425313448,17.1284486589633,10.7421690112572,506.959347368036,40.6683139778593,17.3755879793593,10.3061447590402,480.1164119464,40.0281844903753,18.0245725497862,9.99551852072875,439.875021350174
58,40.468084294121,17.020912828122,10.7493816323271,504.085188573267,40.2567144063604,16.9836178148797,10.587571290764,492.811138638281,40.6688556030982,17.1208482124797,10.7162791444791,504.694040988251,40.6242784864564,17.3738585731879,10.2609237637218,477.141572409136,39.9635986525452,18.0487019484683,9.96670581958343,436.838657032185
59,40.4738386952965,17.0475741647131,10.7467634618517,503.513047409894,40.2480693916677,17.0026618100687,10.5933572137267,492.493812181096,40.715602574281,17.08870040076,10.7326374261668,507.157949063829,40.6200346237806,17.3759741319466,10.2878209604173,478.261465466197,39.9825725750237,18.0452027830999,9.97331594862403,437.576640033313
60,40.4534337929482,16.9776861123643,10.7334107386039,503.949684503067,40.2660671380862,16.9719832252464,10.5957567282235,493.636892694548,40.7375392415911,17.1251922540634,10.7140237691037,505.966493737393,40.6242842465832,17.3544157382723,10.2703783787094,477.980708806335,40.0493437567937,18.063902823714,9.95892269962973,437.902613539632
61,40.5254744306629,17.0155847853993,10.7804626427512,506.894974111933,40.3547539079636,16.9809308131636,10.5753300885799,494.371789319162,40.7502009622449,17.1329839141471,10.7373256151052,507.17149913608,40.6907705937705,17.3564635083465,10.2478948951868,478.255052926876,40.0417056611794,18.0296411877479,9.99282034228208,439.925211291462
62,40.4577733070845,17.034221767177,10.7946365605622,505.697451661798,40.3240716774466,16.9894975477954,10.6068991807238,495.014950436672,40.7007798812795,17.1405644717481,10.7524481013062,506.65998689316,40.6326486307707,17.3692490438993,10.2561943636141,477.187895442743,40.0109262652228,18.026124116909,9.94477275422938,437.267722823349
63,40.4504052904873,17.0161152166802,10.7621776702413,504.407986700569,40.2278878259654,16.9850786436397,10.5985651678612,492.680855606085,40.7215399057242,17.1411941562384,10.7316034740419,506.109840728582,40.6512246359536,17.383096665093,10.2994197178123,479.296432039326,40.0134455189246,18.0291684105657,9.98578455593014,439.060509643878
64,40.4547567418932,17.0320379018588,10.7776107698353,504.88189365836,40.2619788937955,16.9647768351884,10.5959041542254,493.709840149247,40.6720920127789,17.1012294189024,10.7265201599596,505.66666560171,40.6117981277416,17.3321730116785,10.317132626991,480.357959658105,40.0266973082459,18.0362386224064,9.97779111037476,438.832406377265
65,40.5011162947396,17.0482314800742,10.7658954933128,504.982613862779,40.3217070559899,16.993439464016,10.5729942967582,493.29928040638,40.7364827286281,17.1445091713569,10.7316699819338,506.362548878288,40.6402454795432,17.3670833233922,10.2657630541425,477.833536431366,40.04762640534,18.0580113643721,9.95742037249749,437.919681584622
66,40.419348053445,17.0047781581894,10.7672672731523,504.221864296242,40.2914736669988,16.95936519567,10.5835199452154,493.871670740475,40.7150391401251,17.1172856244,10.7343719973228,506.614129077854,40.6559719884091,17.3485027313504,10.2708405921926,478.774602693357,40.0043632844103,18.015070428946,9.97461005276359,438.669243138552
67,40.4537901620666,17.0197038127883,10.7596855678616,504.286801376706,40.2569473881619,16.9717908237665,10.6016967377103,493.724336771648,40.7618625181138,17.1330808983818,10.7239163158471,506.786153470861,40.6543078470419,17.3917325622752,10.3099646611002,479.672658224257,40.0142192913301,18.0313628178469,9.96654978957529,438.186467120116
68,40.4433814784228,17.0181984133635,10.8077271110324,506.345972186278,40.2875876364084,17.0001968362512,10.6248505532989,494.850094055875,40.7424532916687,17.1320423949548,10.7865043081864,509.347597710909,40.6561144576947,17.3684572396338,10.2714436743734,478.395718846857,40.0311646852932,18.0197999644908,9.97077559296731,438.940756252158
69,40.4610737287395,17.001648830148,10.783115753078,505.931388364305,40.2463746175915,16.9890395531934,10.5957925341346,492.859794478434,40.7048966116016,17.1000725365391,10.7408664594503,507.072526378128,40.6281500202264,17.3728491594276,10.2783520355097,478.052337877961,40.0423062235371,18.0595446178163,9.97829591249723,438.70100055153
70,40.4783980588784,17.0251913584342,10.7872364703467,505.990573331225,40.248463002917,16.9876146978626,10.6131831739937,493.743287688047,40.6787772633616,17.1363909400455,10.7527695932581,506.291711620176,40.5906434717895,17.3896374276973,10.2851079494554,477.249703398908,39.9958189905035,18.0264142860899,10.0030100662995,439.520352817714
71,40.4755241223127,17.0286042592542,10.7953685964954,506.236284748412,40.2638492012271,17.004168610056,10.5902313808536,492.650798610501,40.6821433082992,17.1301816864475,10.7321638156167,505.527020609659,40.6002586762429,17.3731158812971,10.2601243960042,476.626748879792,40.0363697388072,18.0397635162607,9.98248286066538,439.161489218752
72,40.5068263600062,17.0268319947356,10.7650883883939,505.528429402258,40.3304854574546,17.0010033423451,10.5975998573796,494.473032671648,40.8108371742987,17.134933041593,10.760686187541,509.537949156703,40.7453002224894,17.3674907171992,10.2944582650517,481.323768561076,39.9943922683889,18.0297887202248,9.96249996834518,437.644724306599
73,40.4719644141663,17.0061528415868,10.7672652738534,505.325236136445,40.3437026720837,16.9539127758266,10.6019274930827,495.953713117113,40.7213098872707,17.1273063712225,10.731365138284,506.391733609338,40.683021136856,17.350078673798,10.2799173393644,479.721439608763,40.0861995484046,18.0494413842995,9.97887746969417,439.804219097776
74,40.4215114888063,17.032433636875,10.7474287918733,502.744897442425,40.2304374357695,16.9997566799241,10.5917380143414,492.106568921431,40.723228793946,17.1079321043195,10.7250432203004,506.550155312923,40.6042866513489,17.3643612091544,10.2897718592086,478.267061650397,40.0153049831293,18.0735171352769,9.95037330332016,436.657960056772
75,40.4567703798215,17.0134060036911,10.7709923096928,505.016594817252,40.2784437912895,16.9630365150154,10.5960870490501,494.104170166913,40.7310975900614,17.1005202896407,10.7579765078441,508.434390929438,40.6477908120011,17.3855301576589,10.262212880746,477.444541844522,39.9940605004648,18.0238337561318,9.9736693677708,438.247554965865
76,40.5077928155268,17.0533004819394,10.7629882903453,504.880852684791,40.3095660375013,16.9811476662908,10.5841086056999,493.821027280195,40.7624570533537,17.1152852230509,10.7303928477546,507.48688695501,40.6559818790157,17.3492687610996,10.2472027622808,477.657230083192,40.0341258118952,18.0213805859471,9.9500899185041,438.057588702609
77,40.5462569120396,17.0364047347792,10.7756165484747,506.666304346963,40.3215443464432,16.9921607215554,10.5820779720539,493.746713117041,40.7578668926731,17.1302280641195,10.7529798681087,508.135049308762,40.7012537080562,17.3724774044402,10.2581606776635,478.620671471524,40.0963918624195,18.0107665834836,9.95081727783909,439.54004323503
78,40.4916925669686,16.9896815766648,10.7461187486306,505.110801866854,40.2985632376735,16.9594075912724,10.5919158467455,494.41274508155,40.719784220371,17.1026236685526,10.7265869767928,506.663053607919,40.640713294168,17.3369939178436,10.2541310581662,477.918785255118,40.0324671318395,18.0285365516515,9.94450319130054,437.636315751672
79,40.4694528365652,17.0071766969868,10.7744988857651,505.588536246801,40.2404004043454,16.9768225911962,10.6219612539632,494.209644319658,40.6876499344636,17.0891292819671,10.7524355296513,507.483143822227,40.6382936495245,17.3518528507053,10.3015649150208,479.773563057647,40.0418474841767,18.033421749382,9.98675952424066,439.585710641009
80,40.4933680409757,16.9791086972604,10.7582913854424,505.946507465103,40.2609488316901,16.9608266397749,10.5738619838089,492.744552526388,40.7424763095651,17.1107938702096,10.7329570797994,507.275666690103,40.6368955364684,17.347025039054,10.2575695689155,477.794933756523,40.0357103519176,18.0440231379914,9.97531072649405,438.747826717559
81,40.5334232198047,17.0692493488427,10.7838864659369,506.069974082915,40.2890338796548,17.0134875855224,10.6019153174637,493.530741556197,40.7701863490765,17.1540598002869,10.7377293083223,507.167148383973,40.6994195809039,17.409886687939,10.2889742124214,479.250806710111,40.0241296187743,18.018386208228,9.97486848253666,439.008792761295
82,40.5465997685646,17.024711372294,10.7526813840926,505.846742954565,40.3449859150077,16.9811079032146,10.5898461933424,494.839749249804,40.6991298271361,17.1234536347581,10.7394878439784,506.381375763231,40.6509673550719,17.3614345699253,10.2638953562261,478.082654804283,40.0949203799006,18.0664881518721,9.9476322169466,438.261484240722
83,40.4807874695946,17.0405987076397,10.7512972496585,504.024873935763,40.2926450951282,17.0006329062794,10.5815559111117,492.931458517195,40.7119239304297,17.1128649921196,10.7388291880239,506.852525873243,40.6207081131134,17.407927855529,10.2662873189214,476.618143190695,40.0255321582653,17.9976395680024,9.96992736948781,439.232978455599
84,40.4958057450228,17.0334695645522,10.7622956786269,505.017198571139,40.270708113789,16.9582550851506,10.6034938334675,494.386903864336,40.7009010966119,17.0888402834211,10.7510178050319,507.707372432221,40.6541320871388,17.3393073486917,10.2816973192762,479.431942025371,39.9831763349268,18.0225843984711,9.97128818893804,437.950781996136
85,40.4936931146187,17.0330278059337,10.7559486235506,504.683421469066,40.2814813553316,16.972479822449,10.5856457646171,493.481666708025,40.7412318258272,17.1119486943611,10.7214609860363,506.680874444042,40.6158928805679,17.3850162837005,10.2834458040678,477.786920929748,39.9989938775183,18.023607299602,9.98190437493069,438.71241484579
86,40.4610710118519,17.0369236078505,10.7612462907099,504.146038728705,40.2481651907394,16.9813527417581,10.5971487099962,493.12374305889,40.7241771386263,17.1140672104612,10.7314834563331,506.74300819262,40.6106377439196,17.3512443207769,10.2780359013896,478.121761295214,39.9946879641425,18.038017902677,9.98012953760305,438.260822855674
87,40.5200082285509,17.0391176213749,10.7497824547075,504.828931739855,40.2903373600207,16.9736314344493,10.5810485827518,493.430396376416,40.6880972808968,17.1033433906987,10.7520955926008,507.171056710746,40.6168412569605,17.3422046475994,10.2944145617087,479.197516059768,40.0454830015637,18.0118677065335,9.96941430777872,439.324479148731
88,40.4829815037262,17.0155579319774,10.752359804564,504.660363859099,40.3357009421956,16.975083136891,10.6013144022416,495.306507969274,40.676594819628,17.1104532764353,10.7376546722137,506.090179694624,40.6479360056508,17.3484369718005,10.3043445988083,480.172134048788,40.0242236659877,18.0182691010068,9.96895708810747,438.752833482275
89,40.4785417502715,17.0101943377874,10.7491706783642,504.530543751875,40.2783570456794,16.9816936000285,10.5869975892243,493.283439472155,40.6869821214355,17.0971760612769,10.7401584580935,506.716510163596,40.6289271670842,17.3680868421523,10.2743539381993,477.98021279658,40.0534937496619,18.0367072362932,9.95827838539841,438.498578504021
90,40.5080952209663,17.0201750535819,10.7438751269605,504.702562540791,40.2911375413012,16.9452849067503,10.5746368083649,493.74782518397,40.7003813667293,17.1248999620864,10.7363237357854,506.228001174473,40.6172620736776,17.3592957182544,10.2557948613989,477.057863669073,40.0582122937148,18.0274321325424,9.93785826436002,437.877541390013
91,40.4613525833776,17.0359910004513,10.7477109230873,503.538029124174,40.2913352464032,16.9978326170333,10.5888683678471,493.303666336996,40.6663476472812,17.1077562636352,10.7418016876277,506.12343336596,40.6257187863336,17.394027900826,10.2893211135492,478.076655063404,40.0267244212093,18.04639556227,9.99332108199666,439.312967550517
92,40.4666316942349,16.9967616199734,10.7691423227116,505.500742250543,40.309761350832,16.965612288577,10.6080242276239,495.270597651328,40.6649463321534,17.0790795921576,10.7552061085814,507.341716076383,40.6106773940949,17.3641948673908,10.2758551893234,477.754976211098,39.9795439389378,18.0418976542819,9.96547532469488,437.238145463246
93,40.520810291459,17.0265737765998,10.7391801495016,504.617676816144,40.2902327545937,16.9854661288886,10.6140779627398,494.717219737383,40.7013037454586,17.118972299148,10.7329521840543,506.216071603543,40.6554908982248,17.3437395218407,10.2946452975354,479.972423368414,40.0209103440303,18.0054222959265,9.97841145769408,439.359196371851
94,40.4617417269119,17.0162333883972,10.741643952205,503.686605701556,40.295486010247,16.9966810377299,10.5758367091742,492.808713816472,40.6916733990849,17.1325259781221,10.7209426123574,505.152534992419,40.6349324063049,17.382003138502,10.2543880595302,476.889120465717,40.0390198016534,18.0181814510911,9.9464824602152,438.059764826204
95,40.4812231385682,17.027808668493,10.7717391448748,505.268125456567,40.2506131767879,16.9747764745379,10.5859040788264,492.791549368892,40.7279026449698,17.1143550420693,10.7297019142356,506.732653833471,40.6419673720841,17.3619449574075,10.2702724704038,478.184346631673,40.0423869266625,18.0305181733981,9.98110554570996,439.405570569294
96,40.471892429946,17.0366544827362,10.773070592778,504.938945527684,40.26765590283,16.9896651958416,10.6018492435651,493.579496337202,40.7134568902614,17.1074815069269,10.7519012234005,507.618231207274,40.6389254213967,17.3671431227717,10.2834941589172,478.630474671005,39.9279938961426,18.0477860918207,9.95461809100177,435.618224887562
97,40.4994702509125,17.0136836070591,10.7569263586378,505.269754805219,40.2759188022658,16.9750722280274,10.6243819026687,495.114185320397,40.7433424570755,17.1057076009343,10.7501644772714,508.216925114404,40.6432514484876,17.3439004989386,10.2797016595834,479.020753246592,40.023721584295,18.0300343763376,9.96190866138927,438.198206185673
98,40.5571272128263,17.0109245920125,10.7585910096317,506.647927654504,40.3014375592319,16.9725957270596,10.5876310073375,493.994338295157,40.7738099386122,17.1047451710422,10.7155501657917,507.254101788537,40.6666410962542,17.3537546935607,10.2576841607264,478.272451187447,39.9918371073247,18.0315940834962,9.9641458777691,437.630130001377
99,40.5228381331165,17.0027444311522,10.7567027191845,505.997311758791,40.2211320977822,16.9537350097874,10.5909822142251,492.849177460528,40.7767543292481,17.109513654626,10.725493547879,507.685674303517,40.6626435908306,17.358996041733,10.2967977549118,479.905891529605,40.0421724731642,18.0300388684617,9.96378794515492,438.648462915348
100,40.4443256485212,17.0088466296248,10.7817514728403,505.351020857409,40.2429388627112,16.9735922687993,10.5930195228211,492.985285505199,40.6728881335536,17.1248994831251,10.741808722648,505.895979771975,40.6262705802142,17.3515096116608,10.2680550485394,477.973053733403,40.0058124900474,18.0102940231699,9.98184205588735,439.11158254745
101,40.4846442237598,17.0121361418678,10.7863392148651,506.364868789901,40.2766673400068,16.9888364771583,10.6125778141439,494.287834309206,40.7340079131813,17.100295704351,10.7533605262013,508.283655908073,40.6325549153163,17.3502472258315,10.2787840022435,478.627623627972,40.0752306335357,18.0312356718741,9.98351467414569,440.153094353083
102,40.4591626081219,17.0525156667394,10.7598049747769,503.701912405468,40.277736766773,16.9925970353395,10.6109936097637,494.15693778539,40.7020867857798,17.1519339639872,10.7347433512914,505.609692851272,40.5683956244316,17.3895189714053,10.278992636465,476.511004875974,39.9756001304293,18.0236494653785,9.96609244818202,437.550339491655
103,40.4844517802637,17.0295664511262,10.7649970091616,504.983540836784,40.3020623576588,16.969965011707,10.6022859401219,494.747135289078,40.7402274259821,17.1020626590375,10.7501534290592,508.227796052073,40.6233632707548,17.3544917474289,10.2532927725245,477.16510442984,40.010328383862,18.0461005287494,9.94813823302649,437.006349768701
104,40.4834956288641,17.0394718565409,10.7493762336761,504.017263919898,40.3021456914794,16.978826663217,10.6026346190828,494.577259521933,40.6797651730343,17.1402912268398,10.7320487473907,505.253563756987,40.6038830655927,17.3903546112718,10.2789415020316,477.221002075423,40.0463027409602,18.0366886076576,9.98550015799749,439.554010811113
105,40.4860992649124,17.0303640263949,10.7725426798509,505.355817888426,40.2661596957221,16.9756716417483,10.6008309622717,493.797053777971,40.679144908243,17.0898480057881,10.746459516711,507.002848379815,40.6145478758982,17.3618572173444,10.2908607065505,478.580401239371,40.015569052074,17.9970087443092,9.99163277567141,440.00273768832
106,40.431593144004,17.0094002263975,10.7639726250876,504.231686769275,40.2557251426307,16.9476771960848,10.5896231203531,493.646886850081,40.7644458367404,17.1107616141653,10.7677091544684,509.391984280655,40.6486214819955,17.3842098667676,10.2735283162048,478.015182977776,40.0101346248471,18.0532731949279,9.98514363392859,438.48483025602
107,40.45615110878,17.0349963382219,10.7687262291073,504.432007387382,40.2855880653253,17.0018399680137,10.6007095821473,493.648503126952,40.7357886739432,17.1301594217622,10.7342118786402,506.775651843077,40.609396738453,17.3551222504264,10.2739995886984,477.828813050929,40.0441899300846,18.0555632552217,9.98128408441439,438.949458935877
108,40.4685013933763,17.0096482096583,10.7890266652789,506.196385071993,40.282714889268,16.9681066593156,10.6170357082959,495.064056204668,40.6899674416799,17.1192879409293,10.7337218610931,506.00223567605,40.6829349778196,17.3809865284006,10.2914021838922,479.619446322587,40.0301582308098,18.0373143483372,10.0040536190641,440.035178871925
109,40.4845735283873,17.0246591125661,10.777927487869,505.698512890664,40.2978321692498,16.9522809084574,10.5885310890062,494.390190629777,40.7112179135022,17.0934177244069,10.7506126065245,507.811640902529,40.6686586809964,17.3701952161134,10.2849158391811,479.245471837116,40.0314012501059,18.0080066439834,9.96927066240225,439.11436346665
110,40.4943471902269,17.0116584051854,10.7554868632003,505.135501480269,40.2920292955286,16.9899344864708,10.5859428653477,493.349288583203,40.7955767043207,17.115438497792,10.7327146083224,508.304330512609,40.7085473025766,17.3224149515404,10.2694455020525,480.325223365508,40.0349930140478,18.0272661561787,9.96294188548531,438.523407433168
111,40.4822650175301,17.0156063760852,10.7820430308694,506.037046525564,40.302303375422,16.9899148158751,10.6019025590829,494.311343855591,40.6958942240078,17.1371264355452,10.7463572401271,506.341869584038,40.6179957231227,17.3760604467789,10.263437996971,477.084323276738,40.0440717757979,18.0341439276722,9.95911930284637,438.39899457305
112,40.5233362388636,17.0312388908837,10.7739785265011,506.206704739217,40.3257117139889,16.9541872096481,10.5925365743509,495.127456221135,40.7129297930075,17.1401518145026,10.7550467343225,507.052657633257,40.6570610174118,17.3869013077511,10.2523746744325,477.148792154652,40.0428018361252,18.0324011045988,9.97020478079644,438.896405201422
113,40.4936322035926,17.0359568083434,10.7865311107467,506.053890873306,40.3118320062506,17.0070665113925,10.6101134338011,494.532410897158,40.6941661926933,17.1492523070075,10.7421029863171,505.843779528009,40.633848554552,17.3444833317332,10.2794826705452,478.805252431927,40.0158877622899,18.0533610147967,9.97780495919608,438.275616595229
114,40.4457107400736,17.0408171055323,10.7499827407698,503.204405241744,40.3006264889301,16.9818316835206,10.5866261884533,493.734727540232,40.6820006712701,17.1145450036842,10.7325814394344,505.879274545254,40.5960666864954,17.3820874615543,10.2873431150105,477.620338703391,40.0582877895134,18.0285591736245,9.980990916444,439.757042413828
115,40.4998698368167,17.0286465128529,10.7370902719882,504.025287246788,40.2538760352538,16.9557904611451,10.595424954066,493.706234547756,40.7233872760209,17.1123719766139,10.7241921433134,506.418129539109,40.6536912859041,17.3843994689875,10.2638731613179,477.666119525048,40.0154333559952,18.0308948911599,9.96315210518141,438.07060137473
116,40.4345865920486,17.0270530042787,10.7754708898968,504.45439355859,40.2476739132078,16.9541294586126,10.6086116570937,494.224334472098,40.7102224267319,17.1454312586867,10.744712603582,506.393817328148,40.6205267975793,17.3629716158712,10.2852027499946,478.417341026112,39.9893217043596,18.0096274805723,9.99971184213399,439.58121723218
117,40.4254755346313,17.0220563683394,10.7524655184146,503.288915197114,40.2675347372882,16.9855234815405,10.6125029520458,494.160826362374,40.7196306752556,17.1188705305165,10.7417401025598,507.026463395278,40.572880848029,17.363789266933,10.2746364623536,476.929957234465,39.9915061264903,18.0376139347838,9.95695626732988,437.187888900993
118,40.4892980715973,17.0108364453374,10.7252068335098,503.622714148522,40.3344936090503,16.9683364009362,10.584254151105,494.626692850708,40.7050067534361,17.1032466583336,10.7154663134345,505.807730473668,40.6390969639838,17.3784153747981,10.2675384912177,477.659887097845,40.0162196706625,18.0635809893033,9.96447070343431,437.492850006964
119,40.5083095794496,17.043072213048,10.769141987915,505.400945957816,40.2561335296425,16.9799286386062,10.6031844969521,493.603789697037,40.7228059629853,17.1331758158623,10.7415433325047,506.778068846164,40.65761129748,17.3466066230986,10.2778956178497,479.176145580997,39.9354922347254,18.0573397496703,9.98053956317857,436.711532892693
120,40.4511700853403,17.0104876128223,10.7867084907748,505.695617311733,40.2623733871587,16.9691896985926,10.6040246199512,494.002986621201,40.7205434265446,17.0823302396377,10.7518049067008,508.30691305725,40.639619796105,17.366538593176,10.28897704934,478.912396728728,39.9552988579377,18.0344156261496,9.95697016101319,436.531160483937
121,40.4864773997621,17.046699377195,10.7506867647887,503.987422713597,40.2633894909277,17.0043051791848,10.5946487191101,492.843655622161,40.7028283264799,17.1547309289796,10.7342576498878,505.542689258841,40.6345942733341,17.3664090269836,10.2786317454509,478.330215064342,39.9944530912651,18.0491069720732,9.97764427908975,437.925714317599
122,40.4700204361286,17.0481413161209,10.7702554711584,504.519243474149,40.3279797546121,16.9564343008486,10.6027666496033,495.606085373705,40.6876187557004,17.1341351824032,10.7371672340048,505.795384139757,40.6292239020126,17.408420052735,10.2599116671836,476.48679266917,40.041072227309,18.0375791686764,9.99311473664164,439.766861483627
123,40.5470357314399,17.0313812320328,10.7711094604026,506.579377292247,40.2893191472652,16.9859898845211,10.583027034112,493.23952714487,40.7103723372407,17.0923593640304,10.7388304483262,507.25967369135,40.6971867155742,17.380066527304,10.2980464558218,480.241573829572,40.046953277774,18.0166379286294,9.9599345071922,438.840996100543
124,40.5176004613153,17.0236579371653,10.7644303026236,505.797813670113,40.313655378962,16.9636229823172,10.583001198628,494.226841683387,40.7406438447384,17.1339321626715,10.7410172220663,507.120193466871,40.6486149198904,17.3562149149728,10.2615972895441,478.034457514881,40.0522850313868,18.1114151943307,9.9685684276397,437.438124665259
125,40.4744401055107,17.0182422752815,10.7605198894846,504.801766567735,40.2915208263844,16.9650390913989,10.5862119982484,493.878161639653,40.7164616666366,17.0983402380876,10.7384741844929,507.245174493383,40.6279696098606,17.382901635999,10.2773507317835,477.795432703048,40.0412847528603,18.0693558159327,9.9491153192431,437.202509559416
126,40.4622332139921,17.0285676154609,10.7482908189842,503.743705615677,40.2818691160976,16.9932860571007,10.6013947299755,493.782923420491,40.7258411356714,17.1238730236215,10.7286473474875,506.434385161657,40.6641927459904,17.3584129216463,10.288881874386,479.580831206251,39.9899063163321,18.0331009595104,9.98341431602589,438.407769866976
127,40.4609647806125,17.0628004326359,10.7413894039623,502.657589199047,40.2434492822079,16.9852730641015,10.6104039114403,493.557287835126,40.6780415226877,17.1721578492811,10.7366237435807,504.747657523488,40.6000952139694,17.3866112070567,10.3017133612258,478.27731670923,40.0455799223474,18.0160384465065,9.995295873218,440.383570004714
128,40.4853917885494,17.0423773043076,10.7751441159869,505.203719161746,40.3293145550513,16.9684133603878,10.6052977990549,495.498628047407,40.7092292786201,17.1329091196683,10.7306034990833,505.976287186313,40.621560361082,17.3836087804969,10.2672823155078,477.181218623937,40.0271776433677,18.0524851792363,9.98250737917753,438.725059356696
129,40.5365845207421,17.0286739122903,10.7567203958825,505.736043013035,40.2882723033801,16.9721046776082,10.5878751209433,493.737342241309,40.6926136573225,17.1165588521098,10.7506953308413,506.917964628118,40.6261675202414,17.3640841697271,10.2507673387251,476.908408480308,40.0527687674959,18.0567464801283,9.95352551272391,437.875938031512
130,40.4520411959247,17.0149347313703,10.7870692313734,505.635380032432,40.2951378888756,16.9934108084256,10.5951566012997,493.770894996226,40.7134259853563,17.112747231895,10.7627605263783,508.016907366977,40.6172837974508,17.3712769389023,10.272549080729,477.591492770806,39.9964925274824,18.035996617206,9.97282601093055,438.016409653876
131,40.4543482415021,17.0390062994963,10.7435077434345,503.125814938213,40.234094038342,16.9929581206376,10.5789375252954,491.733049780587,40.6821987270593,17.1280112777319,10.7380550826287,505.852324514877,40.6343899802727,17.3943202075575,10.272226354009,477.454514376586,40.000282655,18.0227815109886,9.95647769611046,437.636999913184
132,40.5331486133849,17.0127573168359,10.7730065649067,506.770659693794,40.3327168388383,16.9699396621319,10.6160695355543,496.041734103154,40.7212234179994,17.065859954602,10.7404640656071,508.139162474991,40.6280446649016,17.3867213797747,10.2758919809189,477.650655143158,40.0622851966619,18.0780207269216,9.97020944976933,438.375442724866
133,40.4710530906632,17.0064661020674,10.7645052948751,505.169341761595,40.3103355379539,16.9841717282752,10.5970568413454,494.377367563397,40.7377420055275,17.1166100920377,10.7560070445876,508.138122525259,40.6647938747507,17.3641884895856,10.2757571044123,478.862722647438,39.9972752140607,18.0064534135244,9.96419046396797,438.241473759445
134,40.4830648878518,17.0687009048314,10.7471105271032,503.27351529469,40.2491306024749,17.022437150929,10.6046050060013,492.619819298242,40.713230768336,17.1646138130136,10.7496313320551,506.277901298994,40.6186128889022,17.4139328810933,10.2666348248959,476.467951737472,40.0223847839575,18.0410064049346,9.94961090948028,437.41232425068
135,40.5145456350587,17.0077470389012,10.7774758215797,506.68790702566,40.3019526682993,16.9733065663537,10.58575651937,493.902735123493,40.7742019587933,17.0784052582411,10.7600814153524,509.937403399159,40.7213019924207,17.3569247603059,10.2861347291215,480.658264143103,40.076926474844,18.0612928935017,9.94961184424503,438.094017278964
136,40.5079394273129,17.0558834842603,10.7841988581859,505.823269846359,40.2885572323266,16.9818701102722,10.588686213213,493.574393209934,40.6976034926229,17.1670964942416,10.7502992920394,505.919985452053,40.6365135448066,17.3724587431596,10.2676118272702,477.732568463307,40.0229218996946,18.0294582634025,9.96131699904421,438.167726376116
137,40.4927432328067,17.0612118654729,10.7606008033043,504.274710507966,40.2568795055375,16.9984235173607,10.6098888249022,493.539264546872,40.7576210729268,17.137763916618,10.7433391113501,507.512270383747,40.608425142415,17.3966840597066,10.2663898423916,476.601565751484,40.0026229989535,18.0724563336094,9.98051222711383,437.748593092222
138,40.4418155367241,17.0399692646668,10.7840295959522,504.732405595577,40.2643382904568,16.9820029438209,10.6213526015975,494.579786210514,40.6927957539676,17.1052659081322,10.7411649890715,506.715099517533,40.6157762109708,17.3832878030417,10.3019376189039,478.679292620787,40.017673364388,18.0372946323805,9.95997194967428,437.847911228023
139,40.4631364881515,17.0144510739119,10.7810944969637,505.604986560984,40.257115524723,16.9825605402405,10.5984740013575,493.349531792406,40.6888351451174,17.1225862129308,10.7347156004696,505.953960113783,40.6056341581959,17.3531569797918,10.2917320456133,478.616529033746,40.043265743885,18.0214385881271,9.98627851991441,439.832198989626
140,40.5091873640298,17.0345202114691,10.7444838960666,504.446366372425,40.2892356872614,16.9718760929605,10.5943876639055,494.066293681422,40.7815106823085,17.1276749801201,10.7487662769339,508.499103031635,40.6459566042483,17.3655281716538,10.2823324140089,478.75420776896,40.0081724835612,18.0277919274709,9.97497720953223,438.507590207694
141,40.4780625456489,17.0435201187746,10.7628609801329,504.445444546947,40.2812389248114,16.9946938298406,10.5957916331442,493.478759364254,40.7436077329536,17.096694059864,10.7409215066009,507.979287272047,40.625133315116,17.3592017448344,10.2716425873067,477.958667101336,40.0298982607918,18.0492735039111,9.9531204493898,437.551611516144
142,40.4721527632177,17.049502182112,10.7603734162694,504.072933302994,40.3108906256552,16.9852948650404,10.5857524485648,493.837964874321,40.6969380272027,17.1276196303251,10.7560444959634,507.025274832686,40.6250172794301,17.3829558121,10.2538710010429,476.642200168628,40.0201612244715,18.0067556784324,9.9747900256194,439.158196141091
143,40.4536449747497,17.0292113861983,10.7574691392802,503.975242867923,40.2543307529669,16.9582030265094,10.6107392570712,494.378274009734,40.6584192490631,17.1266483431594,10.7307398898451,505.026625477354,40.6311247744243,17.3802355598194,10.2796401205728,478.021547218889,40.0122504280435,18.0372375095297,10.0051016230521,439.724474835226
144,40.4649896579732,17.0308530827916,10.7531155307691,503.979955913496,40.273753556963,16.9904593039953,10.5893107514404,493.108076323801,40.6816570812749,17.1273803496531,10.7205927057102,505.031614634611,40.6320591680601,17.3662571422637,10.2571295484521,477.280690854467,40.0329266412988,18.0338827929218,9.9541844200606,437.965079063488
145,40.4922503786746,17.040645465085,10.7651262757034,504.918976525397,40.2809540823214,16.9900180186449,10.6056339821685,494.030285986881,40.6808672174166,17.1466537467702,10.753949144677,506.171469646605,40.6435184896739,17.3676735475088,10.2927925485198,479.146886762437,40.0216128120126,18.0405526922285,9.96574578533891,438.115314492039
146,40.5059922845375,17.0440830679738,10.7718579595304,505.456707080441,40.2916138413974,16.9860030989999,10.6096244615873,494.527555649546,40.7464913777533,17.0653713075972,10.7635097695787,509.78393445938,40.6488663843906,17.366433994344,10.2794492121448,478.661162577359,40.0585737470121,18.0587561079958,9.96536906264707,438.47260416746
147,40.4956331863855,17.0338770722007,10.7777327714551,505.729075495473,40.3308251898158,16.9937399148086,10.5960498499263,494.561837851916,40.674811614204,17.1238595320031,10.7382164987454,505.790444420502,40.6057217360665,17.3928393098259,10.2548356392139,476.088587986987,40.0788705311703,18.0738001706684,9.9554221130168,438.139528130863
148,40.4161125061869,17.0121020304103,10.7492262785674,503.150008860169,40.2378282413816,16.9774860693239,10.6125392382902,493.702587994034,40.695902816571,17.1488577495885,10.7306310289726,505.349304872757,40.6358578230467,17.3817490692484,10.2816748406572,478.182369831671,40.0187782505528,18.0692771550437,9.95592958569004,437.055374695829
149,40.4830087423923,17.0028373933966,10.7667814322561,505.611745813116,40.2263635740675,16.979647945672,10.5885960513448,492.300162619128,40.7102961888984,17.1204621915647,10.7313641684859,506.302198599033,40.5982522355632,17.3689085170438,10.2544205137889,476.406917498078,40.024462645524,18.0644261413597,9.96123262800117,437.498064274756
150,40.4745835549475,17.0476470171385,10.7632260605083,504.298827723239,40.2833047194722,17.0088093392741,10.6111317745849,493.937474932497,40.7477240122968,17.1484482587812,10.7361624718144,506.731317413788,40.6504610262331,17.3748135074906,10.2718086432894,478.165994722356,39.9907718103788,18.0421830964846,9.96822347559049,437.576874547842
151,40.5045563958611,17.0348654442112,10.7499233281291,504.594756530242,40.265641693145,17.0134428782585,10.5949654537386,492.712486334366,40.7516568383459,17.1250747597367,10.7316865460491,507.106146044269,40.6533851193312,17.401219099093,10.2677306967865,477.493957625553,40.058409356992,18.0166577394356,9.98053612800442,439.976996687044
152,40.5041690300473,17.0236347259528,10.7691194376426,505.729356760914,40.3018332836822,16.9863709276915,10.5985802616755,494.221598236082,40.7255739887902,17.1287021308265,10.7369795870746,506.718262915544,40.6303866194014,17.3728493710975,10.2654286788603,477.4971797368,40.0471863902215,18.049558808919,9.94939735962376,437.726275550796
153,40.4624236884481,17.0177348896049,10.7573624437748,504.406029581328,40.3201938795248,16.9881237489206,10.5980329768908,494.548097326546,40.7266813332682,17.1314696648548,10.7253446641911,506.133555136557,40.6430929084081,17.34885819811,10.2643746436813,478.20150420869,40.0325513215452,17.9990583106466,9.96385548937601,439.077080573541
154,40.5435446629615,17.002579978087,10.7502306939325,506.141602240239,40.2348239906815,16.9599346965436,10.5828018954426,492.627085076438,40.7417436447889,17.1336586119921,10.7271058400989,506.492853657733,40.6478993707916,17.3470574008269,10.2805898158336,479.092797313534,40.0385638293817,18.0444113097694,9.96899982393709,438.519405191322
155,40.4842041035124,17.0126490744715,10.7493085045866,504.605972179084,40.2889659166476,16.9714094103054,10.5897428524914,493.853854701203,40.6640102652757,17.1181073723053,10.7203484526284,504.840567288786,40.6498560125935,17.3566876179444,10.2633612571449,478.132404115589,40.0150942718863,18.0161061091644,9.96586720298563,438.477989259478
156,40.535693803104,17.0000293172355,10.7509392524935,506.060998309281,40.3085619989791,16.9619300597348,10.5906938826191,494.51406411743,40.7430396039455,17.1087574174561,10.7366201412673,507.504620295714,40.6753675081766,17.3619834701927,10.2838587468142,479.503096713717,40.0594256338464,18.0208612701038,9.97732354191173,439.771774112611
157,40.5066687436097,17.0248224026117,10.7780022311298,506.174784508648,40.2790054411712,16.9538492691313,10.5918079529146,494.111149291976,40.6991295656384,17.1440598580376,10.7516570105123,506.512060709663,40.6447568846592,17.3785962831174,10.2583453893541,477.344622669599,40.0316329083554,18.0557622435272,9.96740973284663,438.085014304774
158,40.4877626825703,17.0546851666643,10.7619402740069,504.370761324707,40.3017879328655,16.9999435465249,10.5923454012934,493.64236845462,40.7092362603099,17.118206391062,10.7428514817781,506.869860375044,40.6203391668507,17.4080029128729,10.2706132007344,476.80985429998,40.0371076910509,18.0611000185125,9.95282524103406,437.446727720797
159,40.4866956038594,17.0475493371945,10.7470515237055,503.803425199036,40.219927260038,16.9892540801932,10.599093412615,492.448150142211,40.7537054773215,17.1114247362211,10.7488256560078,508.253507592956,40.5830817635486,17.3431688507042,10.2873492597489,478.154201801157,40.0546284997624,18.032316555681,9.96807390410415,439.040065995676
160,40.4749792218394,17.0457791589914,10.7638241998612,504.375581239746,40.2245223051564,16.965438384075,10.5802218817404,492.172537302119,40.6991279255901,17.0987986759905,10.7420600323146,507.032307163178,40.6338489633001,17.3506119722861,10.2743451655077,478.44002683199,39.9916636946029,18.0594233230233,9.98165799897247,437.840245080728
161,40.4433128678157,17.0382769989113,10.7593329939341,503.645149297028,40.2733435793336,17.0015717946507,10.6078784036541,493.728250659009,40.6665968176195,17.1211499578861,10.7499187760768,506.223282577133,40.5910766617268,17.3587348131046,10.2696131390176,477.17432619752,40.0367040036795,18.0252902579129,9.96247623219691,438.576372558506
162,40.4926819220144,17.0067514342794,10.7640732398598,505.60855175247,40.2260029748003,16.983675797584,10.6169596410165,493.525699207612,40.7336734443933,17.1170216273107,10.7444804518245,507.497307572381,40.5996122951904,17.363505732393,10.2651454811266,477.044028564152,39.9880361758591,18.0698350004601,9.96153401167628,436.677812967001
163,40.50914059197,17.0335944484757,10.7661808056434,505.483948584171,40.3249836764768,17.0183296868441,10.5855595873053,493.427949175931,40.7608873658474,17.1340575598393,10.7457527790635,507.776144096743,40.6323711840236,17.3851517191412,10.2809626701224,478.007591005197,40.0059426582104,18.0592106061978,9.9589188467377,437.131446914181
164,40.4636991393057,17.0280285711568,10.7594256788954,504.308711426148,40.2342976991746,16.967497970045,10.6027488381879,493.384067592761,40.754659128432,17.0959567316867,10.734840271147,507.944782503328,40.6046446783249,17.3509144029621,10.2807042998385,478.129449658416,40.0071933505421,18.0477788525533,9.98258933028532,438.42363373387
165,40.484761533632,17.0094252598425,10.7701553539492,505.666037309826,40.2952272693482,16.9721146923597,10.6042343994966,494.647505384467,40.6887173764543,17.1554365436371,10.7264770357146,504.858392856473,40.6412565185751,17.3864534543294,10.289856441568,478.57717021605,40.0402867807445,18.0437065138827,9.96340417125738,438.321639168498
166,40.4669895161194,17.012471606201,10.7600772215796,504.744847811285,40.2621306385309,16.9932196853044,10.6122311730173,493.870124359987,40.6705199645266,17.1047979236151,10.7595579173904,507.113502328621,40.6489574050057,17.3524483693544,10.2793829405388,478.947475110363,40.0376271181407,18.0491868526255,9.94518361394544,437.35815164964
167,40.4801214704607,17.0099772644056,10.7749043024494,505.777115569862,40.3166978148753,16.9704129756954,10.5954837441834,494.730363001214,40.7063048559459,17.1185565090975,10.7317057122071,506.273547343953,40.659974634784,17.3724813412553,10.2752434257044,478.56932473093,40.0698658643108,18.0342689782996,9.96553445261528,439.192999902973
168,40.4783400310464,17.0005864572057,10.7894287167296,506.623097227795,40.1792479425358,16.9718281746764,10.6036699044957,492.1676371069,40.7031800851812,17.0872790694094,10.7366865293288,507.113052627999,40.6404631776233,17.3741171775568,10.2611466408332,477.47877620609,39.9926317174632,18.0272783221525,9.96471722636015,437.757070722682
169,40.5097869054315,17.0247920584621,10.7814097024007,506.402702607893,40.2815955374178,16.9687548799677,10.61763495751,495.054463846805,40.7378321373911,17.1150847522898,10.7370381131546,507.276678022513,40.681672278879,17.3298242812643,10.278360423171,480.037420533177,40.0431956621326,18.0177486842723,9.98907743901065,440.027790981339
170,40.4774056589058,17.0524575874471,10.7739061226574,504.756382900041,40.3039325154141,17.037693878805,10.5990979203222,493.202283094008,40.6845287382715,17.1389655674408,10.7275796868371,505.173810373088,40.634575244295,17.3963606062194,10.2729431097491,477.44971389818,39.9990447802611,18.034878731762,9.95637885136393,437.367116666245
171,40.4807822414103,17.0508254796501,10.7607117137109,504.246020356025,40.279629062369,16.9731257938885,10.5862273970275,493.4558868594,40.7031877515012,17.1367208082083,10.7270167672875,505.595772092859,40.651680259922,17.3610639810253,10.2584205438126,477.849873026977,40.0123654647885,18.0305381278665,9.97961736030863,438.740451405707
172,40.4655236359691,17.0198464511948,10.7631347520221,504.69796578427,40.2714497538495,16.9523499753342,10.5944995104323,494.108382374403,40.6864077075087,17.1065377098242,10.7415939264302,506.570776706285,40.6066716248053,17.3924576997075,10.2749048458199,477.047678301777,40.0219254104794,18.0186671716411,9.96579108321395,438.559749516537
173,40.4607336442629,17.0216477203841,10.7647683733867,504.632661708929,40.2887489431212,16.978486858898,10.5883670998042,493.635224280805,40.6471438016454,17.1195591555868,10.7699893468695,506.783671991243,40.6439820933903,17.3915558397226,10.2665511244861,477.444445803246,40.0571813993804,18.0368278877395,9.96338832014959,438.794665966896
174,40.4708208677823,17.0343577999712,10.7688126446341,504.765759660288,40.240373641495,16.9576484821336,10.6076862437399,493.95168677947,40.6659127908507,17.1174375791046,10.7327542401489,505.479994355818,40.6374664730677,17.3322479322412,10.2866555746876,479.46551244461,40.0123838244927,18.0094840499083,9.972348343004,438.84116221672
175,40.5183137833178,17.017599844228,10.7639740316682,505.922149132049,40.310199908713,16.9612594873007,10.5999057104831,494.993133813318,40.649155964007,17.0820131507218,10.7478928686262,506.594252353608,40.6608437367854,17.3664638877544,10.273082895674,478.610190384825,40.075908196246,18.0424459318032,9.97061434716923,439.374309943332
176,40.4603361782874,17.0122015055477,10.7909782842079,506.056624117433,40.222856530497,17.0010693023887,10.603693312961,492.473419891391,40.6755276257814,17.1117750100322,10.7698846510338,507.557795234229,40.6307678992201,17.3413137112024,10.2620499019691,477.995082134121,40.0068145346287,18.036702666129,9.94691007299502,437.069454099213
177,40.5077242098203,17.0260868131986,10.7555774911364,505.117141276264,40.290531881823,16.9989901780394,10.598619638027,493.716382603293,40.7120049365257,17.1540000113884,10.7334185094121,505.715852216578,40.6301111394286,17.395763084649,10.2926169368068,478.284488608576,40.002470239191,18.0351276096047,9.97202683098396,438.117860215306
178,40.5118543391303,17.0031829970856,10.7584255186585,505.832579352021,40.251742345415,16.9722427084296,10.5846330904835,492.809924375069,40.7567370347572,17.1079880012784,10.7374346851021,507.8537962627,40.6181889098583,17.3632460858651,10.2844865766521,478.33029462834,39.9876740796067,18.0377870861091,10.0034755493243,439.150315699773
179,40.513134083243,17.0189474635353,10.7721084210254,506.163851062591,40.334595047204,16.9722962139371,10.6361473538279,496.969705829575,40.724993447193,17.1282406345434,10.7661663543562,508.093132407215,40.6570260997553,17.3631704880455,10.2832378299989,479.072514465731,40.0648556696338,18.0423766173153,9.96209055120014,438.779860962212
180,40.5122543014444,17.0106543143564,10.739873395827,504.808416921388,40.3242102886763,17.003931603497,10.6001330544244,494.396113858316,40.6575029364649,17.1121286629986,10.7204028642782,504.831795603541,40.618195277864,17.3611478669841,10.2794141057656,478.137642427716,40.0312449752011,18.0262585652857,9.98082896429432,439.256011437973
181,40.4651410458209,16.9959077726055,10.7553522708103,504.839742758506,40.2938079354269,16.955696078365,10.5916709593068,494.379203202994,40.7120895980039,17.1357562800659,10.7436259004676,506.590610545313,40.6453044136743,17.3839316311927,10.2836753576905,478.42481213852,40.0188297753985,18.0065918081822,9.98720905619369,439.681644746545
182,40.5180996114661,17.0136959958172,10.7539979109649,505.53261476233,40.2989716513188,16.9756317836451,10.5835866825187,493.689178430737,40.7248305885978,17.1294460073109,10.7397190556596,506.815602826527,40.6233439646184,17.3723075468183,10.2872619280285,478.379003456078,40.0319962616569,18.0376575932392,9.96420274729355,438.312099569505
183,40.4786314380771,17.0223435574252,10.7712742174634,505.30821777253,40.2631029461088,16.9493761903617,10.6073046008864,494.59160216009,40.648793463502,17.1161033844766,10.7399627907481,505.480431629883,40.6372810026436,17.3347893915631,10.2756508758059,478.89653666372,40.038262121875,18.0339647284694,9.97106943326582,438.812754279756
184,40.4508861902257,17.0081258985267,10.7704701960682,504.97910207063,40.2606520590951,16.975036505318,10.591408257639,493.254921720961,40.7030070961972,17.1137609786214,10.7489408587401,507.118822840173,40.6386706632761,17.3549383381594,10.2817713123614,478.796022130175,39.9858995744442,18.0432531499997,9.96555480194044,437.341290884808
185,40.528097282848,17.0578291731221,10.7375101431055,504.024483779174,40.3295582890932,17.0179931772526,10.5811962365464,493.328490058828,40.7142916224729,17.1466277901127,10.722832391129,505.424218249743,40.6242364221684,17.3628555787594,10.2623919510567,477.434815075727,39.9887000832093,18.035721322703,9.97927605812404,438.149670698452
186,40.5050709213972,17.0291663047871,10.7528536745216,504.865934438871,40.2691320522366,16.9824241389886,10.5816939325329,492.825631668563,40.7525773809844,17.1312015861969,10.7226312417809,506.56660414207,40.6318070856571,17.3838171422718,10.3006895686263,478.940655002716,39.9995157290098,18.0661085328914,9.99370903184554,438.392179189987
187,40.5114628343242,17.0394781872149,10.7579319736207,505.020028238943,40.2579525043842,16.9955762069777,10.6069120938378,493.483960960733,40.7451993738103,17.1158931027694,10.7327214321064,507.213523682014,40.6800034755143,17.3821142576901,10.2837703204077,479.180283332814,40.0448194113041,18.0277970510203,9.95042797161176,438.157590290739
188,40.4620073369693,17.0483536196241,10.7644736682797,504.071317837165,40.2939792038104,16.9925550862466,10.589697636982,493.510071832164,40.7215877062258,17.1796001726301,10.7263386788449,505.03866291698,40.6587551484075,17.4025090035523,10.2840952271327,478.338899958658,39.9755302682355,18.0146821429936,9.98214242819167,438.4326276601
189,40.5414936307682,16.9681250618697,10.7799382173249,508.23891349391,40.2804484861715,16.9581847008489,10.5987615134338,494.374223628059,40.7018877320631,17.0921427074273,10.7401828148141,507.145955551474,40.6516370087765,17.3058856455065,10.2948526633906,480.682141202032,40.030331062297,18.0450189123351,9.98328863908721,438.971434027001
190,40.4928322010461,17.0433856052123,10.7594096860499,504.604405671448,40.312933314077,16.9774006976621,10.5831697169321,493.927804229046,40.7032586942784,17.116120885703,10.7295456697399,506.158544671115,40.6273987425241,17.3458189489216,10.2643917696788,477.942512037149,40.0741935623033,17.9984873326502,9.99034845164568,441.0879951008
191,40.4401325846372,17.0166969284075,10.7721012121263,504.639239249268,40.2713242313517,16.9811236247829,10.6175118795635,494.56796323532,40.7151072437794,17.1315105318016,10.7598023093882,507.509676730438,40.5911712024233,17.3903883967633,10.2925720745275,477.591458425426,40.0279306490024,18.0602665514869,9.94024500201937,436.727926502738
192,40.5065658841362,17.0184958597646,10.7679275505108,505.835672647516,40.285092706414,16.9833626231788,10.5761626053263,492.885772691441,40.7022139693231,17.10714844615,10.7517749395873,507.377668379943,40.6257572295203,17.3419349188768,10.2574058126956,477.663228621929,40.0547640004934,18.0428943200172,9.96833863832967,438.843542075537
193,40.4904914611429,17.0387897142602,10.7518847119019,504.299986960783,40.3032799292364,16.996184954194,10.583027022923,493.319231893414,40.7407935503592,17.1321232452654,10.7365253712853,506.950175425899,40.6591555057038,17.3727441666133,10.2931920408089,479.383007709056,40.0364617739954,18.0372148959757,9.97818171041903,439.024965682498
194,40.4723642716763,17.0552782679861,10.736984587681,502.857783020044,40.2766048941817,16.990116856547,10.5593964202012,491.782516847318,40.7521700990694,17.1560059642813,10.7269383974052,506.229198177869,40.646813248707,17.3924230155105,10.2593247881369,477.148684304881,40.0885006996037,18.0505626714102,9.96218777999617,439.092153841563
195,40.503389282237,17.0002458338784,10.7594100871438,505.759917395712,40.3079405613518,16.9527611979681,10.5960493054766,494.945264145327,40.7068406443274,17.1090199771371,10.7201355679855,505.94367332258,40.5999479212842,17.3745940048175,10.304228403106,478.63870299649,40.0678762903248,18.0212048201328,9.99531837591452,440.72700094752
196,40.523539332997,17.0386182770421,10.7583287354802,505.317002093528,40.3011434653579,16.9583728757591,10.5745101253034,493.676727904693,40.7482094256476,17.1335849278104,10.71647986321,506.131295816678,40.6530474772922,17.3577033138074,10.2489783566707,477.506956285504,40.0289328108138,18.0457474798442,9.9580891821892,437.821040068777
197,40.4657383932232,17.0408355973928,10.7915278639073,505.580982461051,40.2591441714438,16.9793992664301,10.6346431598026,495.143559832106,40.6782165582329,17.1310722184854,10.7780262870757,507.58348135873,40.6278648893628,17.3741961062291,10.2891161862332,478.519399731692,39.982709781988,18.050255596024,9.94401962451453,436.193509677984
198,40.490555201251,17.0303315152165,10.7683461081426,505.255616851331,40.2815985424257,16.9676315083933,10.5926551119395,493.913624165264,40.744462644378,17.1170348778649,10.7428991853385,507.654149009034,40.65665370611,17.426930659467,10.2655098784305,476.929902817036,40.017815905788,18.0228347733642,9.96449207561925,438.337630394863
199,40.4647872883572,17.0375563661643,10.7850729452815,505.328788803607,40.253707956795,16.9908541060279,10.6083308102894,493.560098480705,40.7339868895103,17.160493369653,10.7430477134703,506.50233131402,40.6560917316908,17.3831527897304,10.2700114847408,478.026700435213,39.9894067894614,18.0569296633841,9.94990913022663,436.452308810486
200,40.4622170882101,17.0173400663293,10.7654748539623,504.790468066591,40.2358938659706,16.9653689461939,10.587076105259,492.733636670002,40.7464193811521,17.1280365220705,10.75314889341,507.943975010538,40.6429843913372,17.3779505355652,10.2520868581497,477.030295694336,40.0287098546828,18.0401676828263,9.97631203890327,438.729115974049
201,40.4822393344263,17.0232600056844,10.771127923938,505.359334629795,40.2434493615666,16.9611802598208,10.5973273359071,493.459653587752,40.6834993696305,17.085976229252,10.7300143460478,506.403523654913,40.6069048077403,17.3350293906298,10.2714042539523,478.069680313517,40.0425779476222,18.0381839520459,9.96372364025582,438.491401286454
202,40.4433854306463,17.0165441353423,10.77393324071,504.798448312624,40.2696452600597,16.9680634628522,10.5937440443295,493.701986775248,40.6904367021008,17.1236573219663,10.7355575709787,506.005033595975,40.6345607717077,17.3552413636823,10.3055195488492,479.81096248662,40.0208360504221,18.0327997280101,9.97606187327044,438.708021648201
203,40.4972905202123,17.0216212711697,10.7562911933996,505.022268805278,40.2936231158677,16.9686698048422,10.6044479404801,494.696506201794,40.695025644059,17.1318341155138,10.752491040661,506.726011600125,40.6479837596207,17.3671975796243,10.3037976614576,479.761020396684,40.0253537665675,18.0785186399985,9.96930673769366,437.589462596712
204,40.5288883015586,17.0178883712545,10.7369319846481,504.872014285484,40.3550256679329,16.9566413721934,10.5737884163343,494.819129654455,40.7467278167399,17.0940812495488,10.7018104792661,506.252281790285,40.6549062804016,17.3571028374679,10.26709962287,478.401737885289,40.0950812395053,18.0406913184897,9.97862302741153,440.144886242717
205,40.4752178258046,17.0254806010057,10.7702722633809,505.120108831644,40.2746986844022,16.9758627993241,10.6036790281861,494.106754911505,40.7070129965546,17.1131477347325,10.7492992544784,507.235036538336,40.6160122725157,17.4081206879446,10.2993767261152,478.053636896675,40.0293177096493,18.0203925884616,9.98132785884134,439.356594910528
206,40.4936235228795,17.0765510619084,10.7614912802948,504.005242197545,40.3304650857194,16.9714387246628,10.592590186932,494.865186816826,40.7134151193126,17.1404945098974,10.7509230606223,506.861311571962,40.6258667107703,17.3935707972649,10.256726348653,476.574603271508,40.0211973513188,18.0249230918233,9.97032443616887,438.619981508241
207,40.4854445971659,17.0247777100388,10.7439238437128,504.119236716017,40.251150011065,16.9763231258126,10.58147034191,492.563780798776,40.6779990917506,17.1330128583775,10.7103367987779,504.349464964032,40.6246334247331,17.3565566328025,10.2779850602959,478.297891298562,39.9949540876442,18.0308153641206,9.96360843433537,437.684155677224
208,40.4583531301462,17.0144805804081,10.7641472166196,504.706590906094,40.3389785990068,16.9425311123528,10.6093546718981,496.442418896706,40.6601620961729,17.1037921124412,10.717654705018,504.938079178572,40.6177924944267,17.3550766740641,10.2956682843379,479.010410958546,40.0561410566689,18.037421409639,9.96522331658518,438.842916855869
209,40.5041216162114,17.0278718344144,10.7637768537019,505.386228026059,40.2709034994657,16.9694170321184,10.5929046380163,493.660848145274,40.7175874041394,17.0890623731504,10.7494156638726,507.985674164638,40.6228312991952,17.3381728873448,10.2575131677038,477.685380530078,40.0395241695101,18.0484519147785,9.98098287511759,438.9850311599
210,40.4519065319741,17.0099092945672,10.7652195593264,504.716494339616,40.2392718658741,16.9614360420094,10.6128753778371,494.089541328857,40.6986184935478,17.0894998215179,10.7698624165407,508.533919747087,40.615360343015,17.3538655307212,10.2591366332555,477.285707146174,40.0273511138782,18.0135284645957,9.96074495549894,438.548145810179
211,40.4669892654581,17.0200004479803,10.7643299489485,504.782247881274,40.3144897714507,16.9745419532508,10.599475622577,494.782415862459,40.6957201966284,17.1157968197629,10.7393015640109,506.463816000857,40.6206349841923,17.385797906849,10.2780878040509,477.619391187503,40.0717799570576,18.0195552230295,9.97755437337062,440.054542675108
212,40.491327696148,17.0465131510916,10.7837504420848,505.646058429694,40.3021039229669,16.9913588965475,10.5967091982979,494.03437248127,40.7218161723087,17.1445209495106,10.753049819415,507.055660275607,40.6461842316225,17.3812543671238,10.269995381341,477.861444511251,40.0121346355547,18.0123114284021,9.95673424727029,438.092786321096
213,40.5003574002347,17.0262260557943,10.7586286470222,505.098923892517,40.2709827546393,16.9518998492043,10.5787138103495,493.371808752818,40.6929946380137,17.1200624509655,10.7519624480057,506.910563329053,40.6417159855145,17.3501005498597,10.2719773959887,478.501894542216,40.0437822298377,18.0139038632535,9.97474245274586,439.484725943991
214,40.5176255281586,17.0058773693098,10.7564948965147,505.807998157592,40.2816186340619,16.965061637355,10.5994165142531,494.283798572837,40.7192161093562,17.1165158788842,10.7378774212587,506.885803771047,40.6013240213102,17.3528563756086,10.2583078619924,476.979876858354,40.0119130693629,18.0581279258887,9.98486093972537,438.410983516397
215,40.4402202708906,17.0283878536472,10.7732215320003,504.44171420206,40.222420466556,16.9850432180943,10.589211023378,492.13098262761,40.7118601817596,17.1600995089336,10.7345794612898,505.636492791464,40.6457454571136,17.3866370345086,10.295032899769,478.906572860024,40.025112113208,18.0585518767312,9.9859937084418,438.71586463513
216,40.4820778168524,17.0106835381852,10.780983263531,506.0894177801,40.276040637627,16.993970705713,10.6312988345773,495.037285867407,40.7403323725908,17.1119806459494,10.767800746256,508.850766709858,40.6427839631845,17.3693799516404,10.2805171546669,478.525258376344,40.0323953351587,18.0404075354821,9.978945212447,438.913682731553
217,40.4850587920096,17.0330123645205,10.7729067576509,505.293418878878,40.266784354062,16.9562965042172,10.6024821821563,494.298064170703,40.7715600996776,17.1303842520102,10.7434660683991,507.97634107294,40.663079468762,17.3864778865814,10.2787010835425,478.506459807895,40.0446908165151,18.0422714534249,9.95254694878561,437.96022339605
218,40.5000834836566,17.0102330584017,10.7702583952272,505.983517490465,40.2610009419465,16.9665132000373,10.5786276488195,492.847424183294,40.6854431322391,17.1079111747899,10.7216591571206,505.580522827777,40.614528348211,17.3484283075163,10.288445850337,478.744020834424,39.9479163910164,18.0158942117816,9.98761649775665,438.09725309298
219,40.4944465302006,17.0100641567536,10.7387752284907,504.387007376752,40.2663113986738,16.9732238309069,10.5802695413463,492.894289834311,40.6937790827497,17.1291878209066,10.7279351912378,505.598815730126,40.6296856802378,17.3615163653082,10.2925371876641,478.976995925554,40.0116829588538,18.047180127622,9.95984662814332,437.526158924978
220,40.4875292842353,17.0348246324053,10.7522536986981,504.338860674227,40.2865072695811,16.991557473092,10.5995829947334,493.83350745207,40.7545103797491,17.1338909908415,10.7328482997266,507.033049293452,40.6474772044421,17.3589900964784,10.2804714213404,478.833252319349,40.0408755954361,18.0537152937467,9.97551903406228,438.666672188964
221,40.4519145505142,17.0197218793586,10.7487088525064,503.731633596173,40.2555828537594,16.9445397268565,10.609301595593,494.627774082377,40.7282264270954,17.1311423571292,10.7182618314942,505.83945104336,40.6583946325611,17.3775843939057,10.268373619842,478.112115406313,39.9641332076298,18.0422107633565,9.96730780205591,437.00509722974
222,40.4969554105499,17.0517170403306,10.762540615824,504.660660414322,40.292678044916,16.987441475965,10.5759355957919,492.949361995843,40.727635487809,17.1233099361313,10.7186410149892,506.01258397874,40.6495040987305,17.3276097256182,10.271237183567,479.089417352668,40.0562274845849,18.0256432877031,9.97934527875582,439.701612786771
223,40.4871205512661,17.037106964154,10.7473790783963,504.052370828474,40.298310940786,16.9711963157965,10.5812128128017,493.658328311266,40.7285044204899,17.163166564462,10.7221851930975,505.343833260487,40.6421011428844,17.431195827361,10.2554133257338,476.074855350326,40.0044748063753,18.0783925371395,9.9736291780109,437.365227759835
224,40.4515588142514,17.0281198002663,10.7704493636179,504.561927643835,40.2702483639899,17.0094448157267,10.6089319197256,493.544562483272,40.7176557086382,17.1459316454756,10.7298909354692,505.844056717417,40.636914453038,17.3824592391986,10.2976149174442,478.930849814142,39.9696422038562,18.0572785518496,9.93711307744046,435.49127080797
225,40.4625422605858,17.018911407416,10.7652282996882,504.752076615973,40.2540198858373,16.9648452780786,10.5851199164109,493.037411954712,40.6751487657991,17.0998719991676,10.7418248997993,506.482989982925,40.592570667966,17.3448264298115,10.2600883868485,477.047821356628,39.9885204646186,18.0288323545094,9.96444471922558,437.632196449235
226,40.4961329333366,17.0508789189539,10.7641830007209,504.738009418403,40.2926092190121,17.0056651151111,10.5965296441229,493.521587036041,40.7605006517852,17.1441850525466,10.7354827050247,507.065095344062,40.6431829997708,17.4009305018898,10.2828588713706,477.99360457694,40.026569377855,18.0454655080828,9.99285579224673,439.308002250061
227,40.5347984356256,17.0543792262712,10.7883542616856,506.630161286807,40.2608965031567,17.010922275127,10.5960267397604,492.714697237886,40.7301224848796,17.1421686413439,10.7257458957783,505.996798254222,40.6730557927634,17.365460096671,10.2474843665611,477.68844503567,40.0111766815233,18.0328892297405,9.95358922870111,437.525690490724
228,40.5054337460492,17.0480831393308,10.7817949388632,505.824688101313,40.3321505845906,16.9923396168466,10.6089848332507,495.223401135467,40.7499306340801,17.1348859927141,10.7375280958173,507.134410641293,40.6499136090295,17.347823537945,10.2445322542624,477.438026649904,40.0201937294931,18.0475886364769,9.9631683358601,437.833526638194
229,40.5172863389649,17.0312207994878,10.7641504768993,505.615087154503,40.3216647770522,16.9576974220252,10.6206748979494,496.282203208088,40.7107110395472,17.1258407364005,10.7444826108317,506.814457701765,40.6670757180048,17.3778605950335,10.2826654914403,478.95041733541,40.0491499418916,18.0487396743554,9.94899913362501,437.764125382225
230,40.4338249088836,16.9844319185755,10.753055429706,504.305245235484,40.2663521499875,16.9680037381211,10.6006299666691,493.954340697456,40.7014126778706,17.1242278369067,10.767348206815,507.727517838196,40.6291142084812,17.3779240107092,10.2705096867827,477.603148310889,40.0111140112582,18.023339959575,9.97152185355888,438.503138934949
231,40.502322739176,17.0329792028656,10.7619638317175,505.152452583851,40.2895793841713,16.966240579383,10.6032097891442,494.604508660919,40.7018178722877,17.146049897055,10.7185686769547,504.968233561886,40.6282690493267,17.380158074711,10.2842717648943,478.17978256674,39.9883534985007,18.03676547404,9.98720236546184,438.469903687075
232,40.4965006059735,17.0173111997717,10.7753718864194,505.993994887007,40.2457148700914,16.9736204457488,10.6089569122529,493.78529401146,40.6896419811924,17.1072422514924,10.7655163121028,507.75341793723,40.652254001451,17.3421028937044,10.2759958512115,479.070032148635,40.0187777179399,18.0058486245814,9.96665560228758,438.790566142162
233,40.4835685714584,16.9925188621663,10.7696136380522,505.979058642709,40.3184942419484,16.9993474410704,10.5994827863965,494.341790218719,40.7371652794914,17.1050275034853,10.7578198372752,508.460561127877,40.6239997344179,17.3714039254654,10.2888775797044,478.486223377321,40.0043833927434,18.0463429254667,9.97493815157891,438.060191181902
234,40.4494850336606,17.0061686940408,10.7625196483425,504.618305454932,40.3094390631434,16.9197805257395,10.5795301706537,494.903196355506,40.7211996763603,17.1144646931529,10.7209421867233,506.172881944532,40.5916655188752,17.3342367651188,10.2813527395902,478.235657666516,40.0622569291776,18.0288412597916,9.99186810475443,440.309966531468
235,40.5029057492218,17.0148850521348,10.772080793566,506.029713259941,40.3332088490221,16.9648336560558,10.5921909442187,495.044584200086,40.7012053910277,17.1094538055598,10.7332428824832,506.43199958007,40.6188986123225,17.3823479550743,10.2883890312329,478.133345811439,40.0655956690468,18.0376036139311,9.97875419435266,439.623836226306
236,40.4611705670266,17.0434834445226,10.7781918775246,504.800650268372,40.2836394170718,17.0209271548219,10.6021028548119,493.267336172536,40.7047747821249,17.1379521900779,10.7393987302657,506.187009242855,40.5747054004599,17.4027323374354,10.2542015347147,475.220163490465,40.0517171037538,18.0307414335626,9.97564153171946,439.346718929085
237,40.5052765489552,17.0174402291417,10.7828012624521,506.529342243109,40.2809293660173,16.9569646214052,10.6131343504822,495.080742840959,40.7333431641967,17.1241775475494,10.7696749361397,508.526078409556,40.6127966791285,17.3885581284833,10.2856432321504,477.752464140583,40.0031692237259,18.0151497894821,9.97801445545137,438.79355152326
238,40.4199926467682,16.9954801913753,10.7603654764518,504.112630255449,40.2255132171454,16.9535127058866,10.5937350334592,493.074814229608,40.6824042748632,17.0830136885023,10.7219097336356,506.061071271541,40.6328288079696,17.3531685670903,10.2579070172539,477.601180288405,39.9849095061039,18.031206205812,9.96514177082574,437.543531564108
239,40.46995134287,17.0327710180298,10.7664796973968,504.671852263238,40.2870178129945,16.9780111338761,10.6025600291086,494.270285068494,40.6906657958179,17.1157661040503,10.7531504890038,507.008888297489,40.6051933170902,17.3576929341312,10.2843791520208,478.172216550195,40.0313020404098,18.0374114503445,9.93329071696022,436.943418456269
240,40.4785757900271,17.0431940852242,10.757249773605,504.200509076676,40.304327906681,16.9808535234638,10.5900338487973,493.992766379654,40.7288838913352,17.1408692556058,10.7427691732439,506.80119297348,40.6260201083792,17.375633312601,10.2628119252513,477.228693748837,40.0435917613531,18.0359866654061,9.97419721222321,439.016386791408
241,40.489008677523,17.0172575693156,10.7373071164697,504.046800420323,40.2708666053169,16.9672705699975,10.5919441598082,493.660775857664,40.7083171443938,17.0957649577837,10.7401171067002,507.203151344525,40.645059637274,17.3758386668962,10.2761946776393,478.238089377215,40.0663231298821,18.0351131389018,9.98774291672436,440.084123068561
242,40.4727573856836,17.0466994830061,10.735062666266,502.960399217639,40.2798503066598,16.9961314682565,10.5819574917613,492.774645996212,40.7737463491469,17.1688113060715,10.7080113406344,505.523824272378,40.6736290137912,17.3748185720848,10.2798252976278,479.015401966576,40.0098681797134,18.0187904533038,9.97129746188211,438.559155034801
243,40.5172603764831,17.0291104320823,10.7543650893681,505.200279551815,40.306936004612,16.9548724996734,10.571087212449,493.713399802708,40.7066571188841,17.0957629436185,10.7591481133628,508.066215041233,40.6317080288946,17.3791420936511,10.2471605730097,476.545553745873,40.0930237913647,18.0211097801074,9.96718260390666,439.989594735855
244,40.5042490941339,17.0126125391235,10.7693349023837,505.978602931971,40.2549760997959,16.9604342341467,10.5856693070567,493.176633698299,40.7228563040898,17.1186511628543,10.7392762094414,506.98415743209,40.6580819792151,17.3680276303389,10.2588962544223,477.860502649954,39.9876163298738,18.0268386056765,9.97100007999648,437.941832889511
245,40.5119013392003,17.0264858487774,10.7793424546009,506.314672519712,40.282368035767,16.9818320559257,10.6091606967176,494.398261059573,40.7386661937765,17.1288146229496,10.7538534037358,507.793765353268,40.6300718360431,17.3862731600274,10.2899517322909,478.355132902577,40.0225150497611,17.9899099905951,9.97353858211493,439.486073244184
246,40.4924770449879,17.0087542348443,10.7599244537962,505.366166662071,40.2275494401298,16.9538197085449,10.6012589814478,493.461672697507,40.7107617023843,17.1036536188003,10.7393045597107,507.047846967232,40.6047793774312,17.3453573581926,10.2773460731501,478.090259106322,40.0021133226406,18.0424677358837,9.95935621323147,437.407865429657
247,40.5015995039759,17.0036384546882,10.7584203523651,505.601884783481,40.3089753548903,16.9591745165918,10.5880075160245,494.455733547157,40.718860885291,17.1158733153987,10.7420301610966,507.088008735542,40.6748042813951,17.3696636984536,10.2776550147229,479.044389962182,40.0181974935524,18.0621623649316,9.97493758674593,438.020160120786
248,40.4405755765173,17.0418973832137,10.7870799277504,504.806823749752,40.2088730667864,17.0021353885643,10.5816244386791,491.129965115783,40.6826748329878,17.1302052363692,10.7480415455751,506.285843450704,40.602939797771,17.4139896458984,10.2590491707543,475.79315965246,39.9836599249856,18.0430557881432,9.96684476183578,437.357190825601
249,40.4790104038409,17.0213452315027,10.7632305225745,504.960515542486,40.2947837794636,16.9702630685064,10.6091485694513,494.906611067577,40.6906027943521,17.1125011085901,10.7470847311621,506.791713233679,40.6461368096301,17.3536529637201,10.2860460950761,479.175125015692,40.0217519948143,18.0141004646332,9.95889268257657,438.343679569231
250,40.4897997772697,17.0003718257401,10.7708429065566,506.001876861608,40.2472804751422,16.9718511580626,10.6128924293677,494.039255179034,40.7722978989952,17.0915912701122,10.74380232421,508.841661836657,40.6256470447734,17.3318983024718,10.2897010100716,479.371419924033,39.9885620640921,18.0502210216763,9.97265675188453,437.567089843586
251,40.5123820152422,17.0131243785623,10.7425940424296,504.885970178631,40.3245240281053,16.9916527238325,10.5883578996125,494.113584390478,40.7164223867061,17.1158126671271,10.7603236594657,507.900398286803,40.6801364645123,17.3360656821679,10.3051473322129,481.128177491331,40.0825609769556,18.0170111188899,9.97272648116631,440.107386782054
252,40.4653777790747,16.999484373714,10.759979154694,504.985047775905,40.2421395882243,16.9707340550971,10.5740006176085,492.143712959807,40.7220306044662,17.0729117420689,10.7373672947675,507.858550846347,40.6099089613845,17.3618024538372,10.2662338352603,477.340995267033,40.0394970240755,18.0387328705381,9.98782358223995,439.479502080001
253,40.4506673494912,17.0097751599591,10.7708138978102,504.954974744168,40.2595695372674,17.0073303996467,10.5968642609428,492.801643808695,40.6782044599498,17.1334759535561,10.7697947872103,507.143788668879,40.6680180521383,17.3677744081594,10.2828388739693,479.185302230525,40.0098398242191,18.0157909135899,9.98365179061672,439.161851579029
254,40.4825233945357,17.0330641224457,10.7824224979671,505.683954441091,40.2826859155612,16.9507910971734,10.6149922254978,495.335764206638,40.6527832221064,17.0946661901213,10.7422902737475,506.136262921,40.6081765015648,17.3413538160301,10.2711211850308,477.952710787499,40.0318994110398,18.014507465381,9.98018080723592,439.475105042907
255,40.4716016814588,17.003174916943,10.768615240396,505.444916248964,40.3019819957658,16.9614062648712,10.590127418017,494.359342000098,40.6990885518954,17.1048585026608,10.7461342106482,507.093525411967,40.6478178504691,17.3567541589656,10.269051519048,478.354265962958,39.9556243229011,18.023760122733,9.97455693763053,437.521256425914
256,40.4885708473829,17.0429230047464,10.7495806648815,504.061765449652,40.2507842112739,16.9872791561194,10.5986804311661,493.124911576799,40.7314240985363,17.1268154134169,10.7343105652352,506.758400793841,40.6323841106142,17.4055148049308,10.2832944250398,477.697471284526,40.0745599969128,18.0160361024665,9.97113005529219,439.896821158588
257,40.5219881293806,17.0647681588663,10.755707028656,504.597971419179,40.3341721075991,16.987781397186,10.5967807892548,494.793169157085,40.6711297447858,17.158175217623,10.7500532290097,505.53102547657,40.6471740859283,17.4167750919692,10.275173330098,477.392752380526,40.0463680944335,18.0214113955304,9.97047245090826,439.198447997723
258,40.449955141519,17.0070944433689,10.7780022811043,505.334412160541,40.2688077918861,16.9731706281792,10.6071590898254,494.201058988577,40.7269454286687,17.0941244750521,10.7270208937779,507.019528296713,40.6233208841942,17.350145455589,10.2947510614052,479.183094891805,39.9921375528945,17.9868886338833,9.9670737750358,438.655878827622
259,40.467034953543,17.0479311680105,10.7641858625085,504.175171761696,40.2942224397756,16.9756295444796,10.6214111541764,495.352725355589,40.7047558879933,17.1211586489437,10.773728022355,508.166524884564,40.6589290723723,17.4009389148997,10.2665775223349,477.559917930787,40.0325751035261,18.0540400490169,9.95763615680633,437.708510664832
260,40.43690211748,17.0247063898427,10.7659917493104,504.111012073968,40.1993758692749,16.9498788189348,10.6104234104139,493.374015566556,40.6430134035647,17.1269984678577,10.7388777038385,505.071216952396,40.6166260661643,17.3818638618279,10.2802458858791,477.718137121018,40.0045808356151,18.0217231511164,9.98718576398997,439.093766636885
261,40.4624512709218,17.0348939075542,10.7756610653334,504.894835472611,40.2356046929396,16.9904562073213,10.5828551731587,492.000079803734,40.678189092846,17.1507063339581,10.7442235422053,505.569068293747,40.6359778638133,17.3850768652366,10.2836377904511,478.207688342001,40.0412663139946,18.0130321819123,9.97470373348649,439.450218478792
262,40.4805473561479,16.9996098446706,10.7721708079489,505.881339208817,40.2131519186403,16.9762926376082,10.5801113710794,491.697118214839,40.6999291819524,17.107812328246,10.7255019011888,506.074588334991,40.6946292033313,17.3708455178512,10.2587402890795,478.545278776018,39.9911972740671,18.0575198985639,9.97180279599151,437.436610758837
263,40.4564606379583,17.0273267527445,10.746938191077,503.582907469722,40.213492783304,16.9779630184821,10.6131997215274,493.206636059101,40.6977991183001,17.1188082656052,10.7269616274378,505.861860181129,40.6187710166739,17.3439871715831,10.2722311561544,478.167919532603,40.0039507483283,18.0384291409573,9.9899224859245,438.86771644107
264,40.4930368107924,17.0188339893245,10.7424034086777,504.338712810656,40.3185039096308,16.969227149591,10.5971742755594,494.87271006882,40.7221588344824,17.1108618809278,10.7480745978841,507.551962019197,40.6361702961642,17.3561114181841,10.2586958298896,477.646085862238,40.0346694649218,18.0267038156933,9.96840992346621,438.768846346147
265,40.4858811776291,17.0572187549112,10.7645864332253,504.39972332841,40.2938053302474,16.9811747849415,10.5996858460718,494.213120051559,40.6842701074999,17.0989167356089,10.7532482534539,507.238319906759,40.64486960988,17.3704442972042,10.2500077735326,477.126080758861,40.0165171899501,18.0160758619582,9.97265522851452,438.80563247845
266,40.5085518370106,17.0206547941395,10.7515365394664,505.061966583309,40.2731739527795,16.9892226787997,10.5861732177655,492.975882760723,40.751416385076,17.0965944479702,10.7385291694712,508.035990740516,40.656635798138,17.3766330720514,10.2632006850258,477.854679851545,39.9489532271622,18.0336855301665,9.97593396887746,437.250526911005
267,40.3949262590308,17.027004816497,10.7564920354318,502.71372176242,40.252927179922,17.0004425813699,10.5988654681491,492.899912120525,40.6886292069419,17.1325895041258,10.7384467523984,505.910556092146,40.6174500009638,17.3806948829788,10.2921167825916,478.310794645568,39.9632929564486,18.0456395983994,9.95755719485882,436.492573779729
268,40.4924538605976,17.0023535848389,10.7840990038904,506.639133970189,40.2993408219538,16.97637965298,10.6031965194124,494.595881378508,40.7793254231658,17.0944663219683,10.7470150029249,509.083072205465,40.6426797579196,17.3356867837853,10.2712895625583,478.785747339689,40.0097099878652,18.0368997744865,9.98665692203907,438.869834428178
269,40.4887325519077,16.9826356621768,10.7547006462657,505.602070822347,40.3185128959897,16.9390886278211,10.6011335310571,495.696797092184,40.73214445784,17.1331167401969,10.732329557125,506.545085386945,40.6439438054864,17.3571113178163,10.2711908364679,478.367000915442,40.0872388230455,18.0354560814721,9.98537813546032,440.390778471256
270,40.443090614643,17.0124208198051,10.7859128788956,505.442326202584,40.3023802511541,16.9461970578015,10.6116587777835,495.695692798518,40.6873786217995,17.0949064724337,10.750678221994,507.270153078377,40.6370011241081,17.35437783681,10.307971009434,479.993211738084,40.0575490836351,18.0434924466072,9.98167335599865,439.474245182535
271,40.5367465321411,17.0290196862656,10.7688529108985,506.302505345625,40.3500801932012,16.9916510626895,10.6122956249903,495.773110536748,40.7439203330865,17.1352132000661,10.7567645792849,507.906609302369,40.6526220117347,17.3851296001978,10.2591790395027,477.410740900454,40.0771113761769,18.0316257482314,9.98514266659683,440.254638298891
272,40.5038822685061,17.024756970612,10.7551192752077,505.041586112793,40.3027801737394,16.9827807762368,10.5948302878539,494.142871858793,40.732727178756,17.1268833484604,10.7546005347166,507.742841359466,40.6510616893862,17.3806697493505,10.2767229206446,478.286740445098,40.0249115298659,18.0025301259195,9.99479027849898,440.21816713112
273,40.450306946295,17.0185586826918,10.7785072165026,505.118535509043,40.276226447684,16.953926842593,10.6095357721222,494.87754389673,40.7162683209178,17.0869110306488,10.7536873477541,508.205441055853,40.6459611594132,17.355003369538,10.2887853374849,479.271330008899,40.0124013808091,18.0322542823559,9.99333511418249,439.309951627738
274,40.4992836167285,17.0226093896193,10.7464899314061,504.583686409059,40.3460905197362,16.9456733621392,10.5960845977161,495.905599647488,40.7007128099255,17.1523348559724,10.7230226501851,505.019580350716,40.64010699779,17.3792633127086,10.2965850361561,479.01451003235,40.0336943890178,18.0543547848751,9.99500726192498,439.367317911445
275,40.4806635958199,17.008656113165,10.7412845301389,504.239021729492,40.2693541069733,16.9668377803522,10.570426602299,492.635076958844,40.6808971699543,17.1368695643609,10.7299408018064,505.252044888227,40.6119036491115,17.3518653799628,10.228169093308,475.815209067338,40.022396440022,18.057632604542,9.96619548139496,437.810260174137
276,40.451291363104,17.0090815458123,10.7682085859959,504.861210058553,40.2754940697197,16.9719844533728,10.6317707010362,495.515141540784,40.67294694549,17.1058283244336,10.7465212236892,506.529080884769,40.621468079562,17.3512189964178,10.2681613755902,477.885345671807,39.9903101324714,18.0588382124505,9.93635070549045,435.837592969887
277,40.5063968263183,17.0585326090523,10.7809265628419,505.579404363666,40.2872493394859,16.9604706728317,10.602109972851,494.626145472444,40.7437798595661,17.1435349319824,10.7483621199848,507.327957204009,40.6743130811845,17.3619651285311,10.2795940074932,479.282944629383,40.0022869716998,18.0301069967101,9.97232348495303,438.227372760409
278,40.4523089509895,17.0159412680507,10.7844562167066,505.49696231058,40.2647519135734,16.967848007226,10.59013415991,493.434675757498,40.719551416188,17.1072657191673,10.7595618732413,508.115697851489,40.6341138566311,17.341544825604,10.2729245119649,478.565606690944,39.9918960531964,18.0682594152942,9.96068747131413,436.748985569592
279,40.4485036173115,17.0467737455813,10.7815153753399,504.61222084322,40.2705583005932,16.9829157681647,10.6072790978538,494.037047745041,40.7085348100625,17.1258963173135,10.761027939547,507.546863417419,40.6634428881477,17.3660756760802,10.2805847467516,479.021115999704,40.0112878293657,18.0285523005339,9.9773167926259,438.657432679336
280,40.5275638856741,17.0389264555827,10.7920120328361,506.979315560943,40.2988498496413,16.9762063365101,10.5846017911666,493.721788607657,40.7131181313795,17.1070357140354,10.7504180136263,507.550507301125,40.6405095511789,17.3691702923769,10.2757895465901,478.262769381498,40.0687267096733,18.0363419098371,9.96566999302254,439.134952148906
281,40.4277136482943,16.9936636224069,10.7833396434491,505.39464130144,40.2301346906771,16.9548338559982,10.6090490719784,493.857617440335,40.6744938576489,17.1036234105517,10.7586803546443,507.1829216421,40.5948298819678,17.35694038341,10.2678389326354,477.20581301114,40.0195823652423,18.059020253466,9.96924745783814,437.860556011045
282,40.4459674272802,17.0412698891979,10.7497989481852,503.191585954939,40.2696004430565,17.0119378585364,10.5867509172967,492.446161401693,40.708889674523,17.1510376186587,10.7434347003342,506.184490484622,40.6467831830358,17.3634138387407,10.2634348719822,477.93468973096,40.0686544462776,18.019968613733,9.9816068275748,440.162626090359
283,40.5303689452591,17.0367194538279,10.775351448656,506.304660163418,40.3332768905826,17.0043706752718,10.6125096255598,495.156483527536,40.8034842032986,17.1174859539512,10.7419610970038,508.868143476381,40.7012777049497,17.3492700272972,10.2857416790586,480.385437319452,40.0282742519553,18.0261359738479,9.98975696422507,439.592028183133
284,40.5106305016105,16.9910547067496,10.7490598730972,505.626656817612,40.3081052948649,16.9529162770411,10.57283493201,493.861116582686,40.6949051810678,17.0885575159583,10.7245176465959,506.333384212288,40.6482994439805,17.3234104194621,10.2792826028149,479.526251924639,40.0766596697577,18.0212771726887,9.96842157276571,439.714701358764
285,40.4490016731431,17.0349671212903,10.7451419388824,503.174249243112,40.2547618094981,16.9746225831618,10.5993300855129,493.50776019327,40.7286135349131,17.1128963144433,10.7348776505613,507.023669983993,40.6633485419804,17.3669999274659,10.2888095721861,479.383389244,40.006130505178,18.0404793274361,9.98117561949965,438.486044003422
286,40.4923645556073,17.0049727874147,10.7511797555329,505.034341776925,40.2923522224032,16.9778380413272,10.592288690574,493.908129772876,40.6702724062167,17.1522915066234,10.7555017945079,505.895371537557,40.5734202124301,17.3734036848832,10.26633007393,476.358054784856,40.007367415993,18.0312436811582,9.96282713218672,437.888643611407
287,40.4932294345104,16.9999717760401,10.7770307642515,506.375121075645,40.2783619929302,16.9672692480032,10.5930808997995,493.872582619484,40.756147560292,17.0901610911834,10.7378364741381,508.242985408907,40.6505839765874,17.3313854087968,10.2701227014261,478.982061180259,40.0422862812714,18.058948470205,9.99896395502089,439.621204767802
288,40.540032430336,17.0392659753236,10.7552195516934,505.511805713457,40.3102363741976,17.0122329182106,10.593963218053,493.636383333596,40.747567183492,17.1200622970175,10.7545303125058,508.20543502094,40.6742054401841,17.3453922040945,10.2783605651411,479.563907994729,40.0156403270008,18.0120715519825,9.96761154268496,438.646052204269
289,40.4993717999812,17.024577873321,10.7818492682706,506.203379441928,40.3057226241638,16.9730728062132,10.6068760364448,494.973048441555,40.7683212412176,17.1464343568145,10.7499344546852,507.867471406642,40.6503979918187,17.3468418897121,10.2926485237809,479.710624626386,40.014337788364,18.0308292298758,9.95300993248792,437.604158067133
290,40.4706219453351,17.0191301017383,10.7679285669371,505.047977919916,40.2688642084197,16.9722354498613,10.5906866811344,493.454591817195,40.7347751614372,17.1173648610773,10.7465140309133,507.609662333307,40.6371790481335,17.3908800712103,10.2706952181043,477.511303481816,39.9980296542027,18.05894167976,9.9627000471176,437.145105593395
291,40.4586191781424,17.0387124130907,10.7460032648381,503.340789118899,40.2243436255276,16.9466409011589,10.6042479705799,493.685063749299,40.6870624734511,17.1354522486203,10.7170038181672,504.805393406996,40.6499829293753,17.3453985754285,10.2845239503875,479.35311188398,39.9445364272144,18.0580046711294,9.98281918529176,436.978578228286
292,40.4888662738197,16.9929046499608,10.734003631854,504.411474808806,40.2568744937457,16.9629781898708,10.5934145278419,493.523799031022,40.7065940821893,17.0706039114142,10.728038158118,507.135608913955,40.6728086615347,17.3473549881877,10.2745594969133,479.317523118594,40.0136801157893,18.0608738421742,9.98106866488021,438.224933607531
293,40.4829807471446,17.0560710162041,10.7555242191371,503.937389981336,40.2636208955063,16.9568632670194,10.6039362952973,494.286746284821,40.7251036192819,17.1369258712815,10.7223932797596,505.843437133868,40.6247078316303,17.3312565118564,10.2896389676924,479.362408783983,39.9990934696298,18.014689071592,9.97346941419254,438.521569706142
294,40.5294036997106,17.0432153924069,10.7617882714677,505.506771734045,40.2786222756034,16.9872602807913,10.5731713558829,492.527122966094,40.7178488561675,17.1247323026104,10.7246394158979,506.055335468305,40.6596602609128,17.3484614881366,10.2546564168232,478.096668158182,40.0011761120707,18.024070804206,9.96283880462067,437.908715148859
295,40.4876666694837,17.0379759818328,10.765030015914,504.873248232923,40.274787847371,16.9571655647851,10.5992242456537,494.297414897157,40.725007039638,17.1301685374936,10.7555243088598,507.549718146872,40.6314500492021,17.3898987302839,10.2727017550675,477.507050048686,40.0078749373975,18.0242235035803,9.99160902888082,439.304100307793
296,40.5195020064929,17.030271023334,10.769112159536,505.916325997774,40.3140831830149,17.0037505964199,10.5931080593585,493.857743978774,40.7169370296915,17.0853484844512,10.731723002131,507.215324735704,40.6442088652394,17.3700129936308,10.2800180252326,478.518306165862,40.0730778386459,18.0410581061742,9.97624831969125,439.593799670951
297,40.4710555983973,17.0383922684355,10.7593210296737,504.239094694643,40.283160999371,17.0108425632887,10.5991578841264,493.333954867402,40.7438143492067,17.1415631281952,10.7466260342832,507.289134878827,40.6717742884846,17.3712293061759,10.2677043591248,478.48621456967,40.0487192673544,18.0179857519677,9.95904643579216,438.810196188597
298,40.4361593048563,17.0444614637483,10.7849698760206,504.557513130655,40.2546141961555,16.9877630476434,10.6111024299748,493.773881519678,40.7055233869281,17.1513061197905,10.7619416219005,506.978222356992,40.6383877851306,17.4059954158838,10.2658282165493,476.999498244319,40.0088485757729,18.046942635358,9.96591676013784,437.741052992303
299,40.4820757938132,17.0358692136726,10.7351975630211,503.399319482431,40.3228842890915,16.9651990243082,10.5927985196386,494.846507789963,40.7476831676325,17.0949257692509,10.7168814479198,506.967593909728,40.6362646023812,17.3790039896907,10.2760868614643,477.987260431439,40.0116230903543,18.0353499925263,9.97056644555138,438.231782294954
300,40.494077529985,17.0226148498665,10.7505981859889,504.664528222773,40.2249389734598,16.9537618861538,10.590854094496,492.923282277673,40.6964829393712,17.109791239996,10.7534959190534,507.278785866402,40.6111320403303,17.371847527933,10.2936674046543,478.434930985501,39.9791993082669,18.0106304920896,9.96265969139077,437.730750044948
301,40.4754488567382,17.0179730657693,10.7561840271718,504.625852841175,40.2885125631953,16.9799809833511,10.5888852948999,493.622734583043,40.7213076244109,17.1251833538616,10.7338474309851,506.554395765282,40.6519464876675,17.3232275221199,10.2733749706669,479.329355036757,39.9939175172844,18.0535165635474,10.0133301140322,439.392955167993
302,40.5117199301346,17.0307786105418,10.7624970558538,505.427123641586,40.2796314367766,16.9509684226935,10.6147364810104,495.255220697574,40.7774692034919,17.115844567661,10.7369537618049,508.107539288202,40.6309583654101,17.3645979433541,10.287570264284,478.708635272113,40.0221644061399,18.025794393757,9.9841667980654,439.23085431119
303,40.460948654877,16.9873472751325,10.7563242035974,504.979333333085,40.2780836779112,16.9604062318749,10.6018584330296,494.421430539848,40.713091204541,17.122399000302,10.7334723570996,506.420085318087,40.6220453527651,17.3546141053962,10.2761755035765,478.200414030724,39.9908561043923,18.0301155310598,9.97106603038647,437.94398866577
304,40.4822941800343,17.0040457435337,10.7570313954829,505.11251108477,40.2609979960289,16.9592099491977,10.607931761548,494.367555045681,40.6946770601914,17.0748887599784,10.7578685025166,508.197153181944,40.5930147190895,17.3238761681975,10.2806031059549,478.44155611839,40.0241967693436,18.0343624876795,9.9682305173343,438.399474315217
305,40.5088386319278,17.0314029594034,10.7634517296691,505.396491195255,40.3263833730082,16.9891446536453,10.5978397502265,494.648632321179,40.6903117075408,17.1217501871535,10.7273209274943,505.655046457172,40.610522396297,17.3611613253946,10.2902479623629,478.483380772186,40.0880239728366,18.0756693273502,9.98160312031908,439.437175629915
306,40.4786958934743,17.0342687774607,10.7807987294006,505.499300127688,40.2827626913903,16.9661052602952,10.6182058490653,495.162136631011,40.7298314209362,17.1270683950967,10.7733412974553,508.561243280656,40.6724695504362,17.3418183073564,10.2688394560377,479.157424039982,40.0178417638168,18.0399344772815,9.97432003688929,438.429362033969
307,40.4837129929338,17.0083291840797,10.72485633182,503.540237368589,40.2610913491103,16.9791448257349,10.5820343343961,492.740714963865,40.7680372224792,17.1238847176586,10.7470828323598,508.211330940509,40.670817131688,17.3414445704788,10.2943282475277,480.320437907905,40.022021667149,18.0482410769821,9.98268564915363,438.714688310219
308,40.4755449238011,17.0252641897804,10.7711759933151,505.174201757568,40.2823435737138,16.9686248958468,10.6127712526965,494.846326755841,40.7177198460051,17.1197957498224,10.7727325227733,508.428248761766,40.6032814660167,17.3506558826899,10.3087523095871,479.411115372168,40.0416232479313,18.0567034466192,9.97497786718936,438.598176860043
309,40.4822403449695,17.0041237140245,10.7766587272011,506.031300978238,40.2531232699957,16.9577160062621,10.5771618933496,492.798588000044,40.6825538312196,17.0648033738816,10.7384081025281,507.23408574913,40.6126936179771,17.3648851062691,10.2534074862446,476.738507665457,40.0247267096465,18.0641926823406,9.97739179612343,438.217704085061
310,40.4735851601519,17.0130798720382,10.7624890219329,504.986861224648,40.302347375528,16.9888885934732,10.6189156198221,495.127303225681,40.6687263992622,17.1025629640478,10.7244116582236,505.46647576843,40.6178758555174,17.3352613533506,10.3034513579744,479.782572019092,40.0629375455488,18.0284771220984,9.97864595509358,439.748158754266
311,40.499678108449,17.0209033997998,10.7499193291837,504.789868132117,40.2037995969486,17.00850706099,10.5985851614562,491.674566574492,40.7016581904658,17.1048041702407,10.7367634140234,506.707677860807,40.6448780306753,17.3554567113648,10.2890393577536,479.251545147383,40.0374729471607,18.0523437924939,9.94709480397997,437.376327958428
312,40.5095042486785,17.0125007189738,10.7626853958165,505.781713469202,40.2570653499622,16.98947129178,10.6054269663114,493.525538931666,40.6990706287319,17.1478864290639,10.7205801829335,504.964717231153,40.5962657006721,17.3832979332908,10.2650553609848,476.564798449847,40.044074398526,18.01290554751,9.97980298005446,439.733449106907
313,40.4658807472995,17.0303925364752,10.7314954553397,502.995670456257,40.1757162033767,16.9728496499321,10.5713280091958,490.570226180124,40.6512850743483,17.1090698401395,10.7171909710148,504.612833091498,40.6001111948401,17.340703799631,10.2692648069509,477.714027588311,39.9314377964287,18.0393711615519,9.99680577588614,437.701476363242
314,40.4144819741555,17.0601204969891,10.769188849622,503.015058419883,40.2296517611167,17.0046952756059,10.5897037007882,491.890815290519,40.7030031701323,17.1516967083943,10.7225101485493,505.05824509516,40.617486946773,17.4180146354051,10.2796086224604,476.962991216935,40.0637611260555,18.0275538759867,9.9678661691025,439.307929486584
315,40.4803413513036,17.0075829582898,10.7517284549151,504.745448659027,40.2860326485416,16.9718931841719,10.5879769297543,493.699141571639,40.7213496454083,17.1339376128862,10.7301809308511,506.194397598992,40.6404409204504,17.3601411469576,10.2971008620752,479.439189734006,40.0137975731097,18.0593184452796,9.98025369144319,438.222542718477
316,40.5288946848468,17.0112438447919,10.7587697243525,506.041979691751,40.278314963604,16.9591620745166,10.5936380336948,494.069329918762,40.7938541480261,17.1124160826469,10.7078746797689,507.15574208158,40.6790505512887,17.356226356593,10.2763099672635,479.345141473371,40.0175761362122,18.0511174160954,9.97328670684504,438.155581499603
317,40.4705840215008,17.0357553045784,10.752996357337,503.989255655766,40.2502142509294,16.9707400406797,10.5917090824038,493.138836852573,40.7229733654031,17.1224974521828,10.7345407922321,506.680542813108,40.6624550511787,17.3874690495634,10.288372637547,478.923458236614,39.9892811722225,18.0155163436007,9.97712921911681,438.470182251286
318,40.5217358851622,17.0514059681215,10.7850682408621,506.258219581664,40.2719072526471,16.962476878029,10.6059833452608,494.438860681434,40.736912078126,17.1168347061118,10.7447113183567,507.581825359084,40.6291054639223,17.3601594449421,10.2377886984132,476.445105154204,40.0308038469398,18.039837697584,9.97915255524767,438.902412083418
319,40.4520746348343,17.0354701024932,10.7565184379804,503.762276814047,40.247649079052,16.9776942679784,10.596290977982,493.150424445253,40.7209972036985,17.1418818308824,10.7219913521265,505.630142236254,40.6376953483719,17.3618546066743,10.2844166643908,478.756888803242,40.0319413756659,18.025731278383,9.96716649113553,438.679119757052
320,40.4629332250705,16.9830200728338,10.7619635758739,505.379940218109,40.2838109149318,16.9599592398174,10.6095273033465,494.910082332662,40.6950546932598,17.0753718296725,10.7517099320912,507.90395767455,40.6381529486871,17.2973122366689,10.2702403453549,479.432087950144,40.0023104247864,18.0386144426392,9.97198652848864,438.043360899583
321,40.547147618254,17.0442004169412,10.7547272802531,505.535574864615,40.3196218300501,16.9616676609942,10.600191322956,495.197566209662,40.7227055195183,17.1182128300044,10.7488440052946,507.442019487403,40.6786232010685,17.3825786320779,10.2732744774874,478.653320194039,40.0690542915893,18.0219639022631,9.98622559433179,440.334436652871
322,40.5028481530282,17.0481053490309,10.7636576038106,504.917641455335,40.261454297956,16.9759634252715,10.5899268851072,493.183291651123,40.6839245914196,17.1228468993706,10.7565197299454,506.870394106603,40.6231722450825,17.3601759327554,10.2933535102059,478.908489498799,40.0302103724132,18.0420957734635,9.97782790990921,438.787247063364
323,40.4934327524858,17.0125852418934,10.7789787995868,506.199115026009,40.2750143015033,16.9935336429104,10.629722878183,494.95137518924,40.7123703047926,17.1135681062937,10.7517933277271,507.458888040344,40.6458447277861,17.3569161482414,10.2668818754247,478.209357462774,40.0775109575349,18.0217570612611,9.96782796240901,439.69592083858
324,40.5106517813559,17.0329048871399,10.7799003696823,506.175544848535,40.2501997401703,16.9847899552455,10.6047310957639,493.446829203766,40.683963078907,17.1484163564725,10.7648000522755,506.710909175989,40.6083677421545,17.3594771654879,10.3006205202171,478.955998692589,39.9946748370893,18.0293350262816,9.9709708499513,438.031525925677
325,40.4560057002839,17.0279080006612,10.7680879314038,504.551632190113,40.3013263184981,16.9634993058409,10.5897267900544,494.282423875181,40.6676304355758,17.122901871831,10.732262297498,505.376405339004,40.5936764970149,17.3889586956142,10.2687465095975,476.566729858654,39.9711035410369,18.0253886030519,9.96836408676149,437.525753292231
326,40.5150491454591,16.9903938000153,10.7737880423596,506.899300922744,40.2271077035803,16.9586726345428,10.5855844322541,492.61996805944,40.7976340170515,17.1357669336477,10.7535769454749,508.899416709964,40.6808311731717,17.3806733009455,10.2542384747461,477.85075064208,40.0114365810407,18.05858740529,9.95243921232061,436.968793917804
327,40.5269073236243,17.018418224202,10.7732092859686,506.523746129977,40.2729708619826,16.9659972943506,10.5924778093593,493.757200636933,40.7478768503158,17.1261957160893,10.7587120336438,508.277730147401,40.6628291062489,17.363054921382,10.2618949337739,478.199669331525,40.0240596806984,18.0570807810275,9.95978885998119,437.572943464769
328,40.5274161504496,17.0224531261169,10.7708231214649,506.335598423323,40.3302256769536,16.9576088639207,10.6073431519553,495.842733789997,40.7558289555464,17.0829883275196,10.7568198279463,509.288962902741,40.6657528067094,17.3572888379291,10.2789555786123,479.173331481556,40.0386821012378,18.0470285641895,9.99048520553192,439.414578614128
329,40.4309058280192,17.0167769768723,10.7761184860767,504.626853496451,40.2790133269862,16.9691725038354,10.6085611613487,494.567744067398,40.6758949501109,17.1000534300307,10.7564216966411,507.183386486326,40.6115182658785,17.3559664571031,10.261820367817,477.288590432228,40.0104819294901,18.0503524539837,9.97966934402595,438.309661835105
330,40.460871398439,17.0250301862222,10.7755543654073,505.068362162591,40.307835051326,16.9578601236024,10.6113313691314,495.548642837967,40.7346083939925,17.0976257689955,10.7388453172611,507.667800353264,40.6322115309742,17.3326569095536,10.2673735286336,478.450460697854,39.9675182523334,18.0473239454392,9.99115988408704,438.016332020868
331,40.4971333724335,17.0225063286652,10.7957864865954,506.854122833961,40.2880936288055,16.9852635506069,10.6438302324435,496.062734575649,40.6893713071699,17.0881783315302,10.7493517679505,507.395050876868,40.6055240348874,17.3933981976972,10.2836954792259,477.412867070275,39.9930916204959,17.994514013355,9.952173918121,437.867340595096
332,40.478141884204,17.0151960782509,10.7363661947248,503.813556359389,40.2789568118336,16.983096279958,10.5932237884519,493.556527917446,40.6891117328195,17.1241594210368,10.715653867133,505.027744737119,40.6377115257187,17.4028284263706,10.3008993469769,478.68038429032,39.9835269616918,18.0751732737587,9.97450006694941,437.049750654081
333,40.4902925700721,17.0117170587327,10.7605950380045,505.286886293464,40.2805539046696,16.9663175487083,10.6027244573507,494.388848031614,40.6785260243403,17.1054079866766,10.7424900818681,506.467973436618,40.6140119427385,17.3762737046155,10.264640662009,477.054065624315,40.0131772319758,18.0036987710067,9.96385405581971,438.598462459607
334,40.5514163692481,17.0279778212275,10.818361151922,508.970107495064,40.3042421280942,16.987626977607,10.6319623722144,495.802749854769,40.7495285871165,17.1142090106112,10.7710249737979,509.153234844467,40.6780482256745,17.3600138407847,10.2773067195674,479.293182941862,40.032589379112,18.0359707831363,9.97212597851983,438.706103481043
335,40.5258655428362,17.0052148708597,10.7805590243066,507.13152571868,40.3155042876419,16.9652755799806,10.5864667185035,494.392838166202,40.7202269870906,17.0914802351574,10.765372716813,508.744531231492,40.6612638566764,17.3724322136988,10.2743446176586,478.554964085166,40.0860092758013,18.0555885362716,9.97064396860913,439.314963345027
336,40.4711265445238,17.0164196486379,10.7710631047315,505.264256157138,40.2855341454912,16.9948931219028,10.5883635103859,493.219547095319,40.6683144753921,17.130299348451,10.7625490337672,506.658083922516,40.6185212673984,17.3711030932345,10.294423417863,478.637532113934,40.02503140956,18.0019531000899,9.94846704419482,438.19173754697
337,40.5102412510122,17.031780972419,10.7549927482028,505.021340070476,40.2977196447221,16.9719642734488,10.5898693070332,494.033401739223,40.7387307364655,17.1150820036348,10.7290839931939,506.920222960497,40.6728612887469,17.3541179124703,10.2833971924244,479.591800332935,40.0232108822621,17.9926579913697,9.98774552134782,440.071111937653
338,40.4933601384284,17.0127246748013,10.7704503183303,505.79403540764,40.2992582257741,16.9483993081745,10.5913502111148,494.634249053261,40.7296232356031,17.1404015505388,10.7627302340041,507.768858852932,40.67269492378,17.3581591650934,10.274605430776,479.095311444444,40.0022283000089,18.0407000109123,9.96668621729171,437.767322619203
339,40.4648885111436,16.9994621276626,10.7817019567861,505.994467111197,40.22970204924,16.9906767840551,10.5929165636535,492.338111309477,40.6747291279959,17.1143204210817,10.7377002986274,505.969215216034,40.5887474558704,17.3632246162536,10.2759538164271,477.32880012455,40.0191759472117,18.0219544730639,9.95968131281194,438.17063129971
340,40.4659320982763,17.0168200248025,10.7533155682839,504.31140384424,40.2567383902709,16.9424124079432,10.5893738297547,493.768226831259,40.7149514871859,17.0768319793931,10.7329015166351,507.411217431183,40.6223116449092,17.3481207485745,10.275756150524,478.319820502962,39.9990344683272,18.0642531468746,9.9586537926221,436.881786394441
341,40.4894539906146,17.0302930717864,10.7503398791704,504.387906315108,40.2875085475697,16.9837790291612,10.5990134316249,493.993084345133,40.7318361685362,17.1097522448224,10.7425063826419,507.520774643595,40.6428917176688,17.3524255544567,10.3066775927334,480.094651457388,40.0543860858238,18.0024724837019,9.9661507016679,439.545388437814
342,40.4433435872617,17.0409214266068,10.7724607490325,504.203348315886,40.2679260962805,16.9936139862958,10.6067750441663,493.730785716645,40.7204676742315,17.1638382694824,10.7415150995898,506.067780893106,40.6654098223156,17.3602641398264,10.2840027277698,479.340363539584,40.0011697269053,18.0266429503147,9.96324916035066,437.87537091194
343,40.4351227176846,17.032905160331,10.7620083045184,503.709719392771,40.2684217227296,16.9933278818929,10.5957378548241,493.233585767876,40.6656204939293,17.1678652472809,10.7364488735585,504.564895698061,40.6305541101452,17.3721523159914,10.2805489091699,478.218274387844,40.0398241273018,18.0098167044254,9.97466088698741,439.483706762014
344,40.4925887202684,17.0246542134256,10.7764376034702,505.801463790632,40.244092252109,16.9877373824221,10.5856572120083,492.367601302654,40.7607283765387,17.1119835924443,10.7530537897174,508.592449445331,40.6561066181545,17.3852496505155,10.2823700080592,478.559123491775,40.0159472944949,18.015803313434,9.95874772864548,438.187767802528
345,40.5206479952052,17.0431801986048,10.7627129137836,505.362491674819,40.2830565091175,17.0011362399443,10.6011694141558,493.631162120744,40.764841351295,17.1178766534529,10.7429602871651,508.076805321828,40.6502404252135,17.3663449220102,10.2793045181887,478.684504494223,40.0655142466755,17.9959857026151,9.95824003336486,439.547325329902
346,40.528995862279,17.0243879058584,10.7599975982594,505.819050318227,40.2875795983865,16.9810033508924,10.6085918084651,494.499907725063,40.773335817387,17.1025087184219,10.7302634749577,507.988422884129,40.6669241540721,17.3453208577649,10.2847641600814,479.714379474994,39.9988349228519,18.0632572001308,9.97335806167494,437.542741836796
347,40.5060845912487,17.0229400703653,10.7708522998122,505.866962339157,40.3020512286179,16.9848631395314,10.5909033162451,493.900169316435,40.7681154385686,17.1126041491308,10.743648714401,508.293006906533,40.6564712224861,17.3671486486738,10.2782481024351,478.746871102572,39.9937765868383,18.0602241743274,9.97103372537313,437.400381644769
348,40.4994147590435,17.0367101026151,10.7496303732311,504.430805225788,40.3158124503154,16.9853531949884,10.6120011924907,495.165722877772,40.6873180927959,17.1250057144427,10.743419999809,506.279636094697,40.6218463798476,17.3326632220084,10.2580387431327,477.802686258058,40.012551906319,18.0250290799178,9.99136980950241,439.3709435069
349,40.4486698937508,17.0094808663093,10.7349908787198,503.238960828351,40.2306332509356,16.9735337434561,10.5942498898156,492.783047789089,40.7276681091247,17.1241935956177,10.7236243176602,506.229586548633,40.6263149642143,17.3661669735156,10.2861865899929,478.516444686352,40.0131094285118,18.0288824693516,9.96576429192593,438.179248030388
350,40.4784504966194,17.022084605846,10.7722157556754,505.354068438954,40.313024653345,16.9860561007548,10.5946650531053,494.282837038025,40.7374079137362,17.0996269095037,10.7579314277577,508.587254295773,40.6385895267591,17.3943301691665,10.275550933313,477.695141872158,40.073125560986,18.0466648847758,9.97065683987263,439.236561598882
351,40.4373053492657,17.0419723732766,10.7543596792572,503.203651279545,40.2639885522173,16.963386707542,10.5790287077516,492.995471645419,40.7337378866354,17.136082556452,10.7204660635279,505.955726292121,40.6416026966677,17.3480259547272,10.268914804427,478.39951010674,40.0016402300899,18.0466825002948,9.975857048325,438.039039628908
352,40.4925381123959,17.0488387466155,10.7469482887023,503.896449559851,40.2543976553136,16.9785608008852,10.5961897007092,493.270365504561,40.7252850756096,17.125094826817,10.723485268474,506.152584932224,40.6369738507684,17.404432622113,10.2999261458597,478.586917671583,40.0072275136828,18.0528014041204,9.97618951264756,438.043031020826
353,40.4792397910282,17.0028458144083,10.7578008250856,505.108740983433,40.2894956294051,16.9691012005134,10.5862977767714,493.753279392019,40.6816083744994,17.1019101684013,10.7267064797894,505.86500307766,40.6314597306279,17.3626144326315,10.2677036117272,477.835213813919,39.9995965858374,18.0449541081487,9.96847013863968,437.708395886699
354,40.4866872680929,17.0517444756326,10.7678577952794,504.688262859441,40.3122770813739,16.9736792535914,10.5926797739702,494.436586326355,40.7327009211674,17.1455110635248,10.7453490907135,506.905178178613,40.6690671904237,17.3722093577761,10.2878170521247,479.347622543275,40.0762550566953,18.0099386399273,9.99191327499235,440.969439869772
355,40.4783088434954,17.0211642837451,10.7638733335682,504.9794656167,40.2721609387101,16.9795825906343,10.5818250388132,492.955977564374,40.6856375469819,17.1128550628904,10.7381107784852,506.25429934262,40.6412019440393,17.3422976294313,10.2667552063611,478.408294349023,39.9990196605425,18.0783842019913,9.97382261932017,437.26505953274
356,40.50454099407,17.0475642066113,10.7448232604909,504.08213961336,40.314903557407,16.9821987013393,10.5829261157352,493.85658314404,40.7427181842114,17.1362695601838,10.7392887495444,507.032936249435,40.689462239483,17.3761899941062,10.2940818514712,479.977465439081,40.0279347648861,18.0199046414951,10.0021167450882,440.253773247149
357,40.523719224502,17.002419924964,10.7667006425789,506.493576565252,40.3599344493001,16.9815562425614,10.5951247555175,495.393667364136,40.7279863508649,17.1091524181279,10.7374510730283,507.21214750949,40.6331636265492,17.3370512405582,10.2572789838836,477.909447966035,40.0430021312956,18.0641595714957,9.98787336730696,439.043792494517
358,40.5134139357295,17.0088051078443,10.7812964158681,506.820309824923,40.2950704925984,16.9806703969594,10.5917706067678,493.881555294829,40.6766163355269,17.1151605790776,10.7500794621006,506.575043249197,40.6434292584615,17.3660138497283,10.2873876777258,478.927592890211,39.9883626173253,18.0413169485557,9.98281064445032,438.18640223286
359,40.5359089693533,17.0228022939051,10.7704587797474,506.493892463438,40.2958347762797,16.9925973520068,10.6109633541877,494.539596685788,40.7182802387245,17.1281882786262,10.7417804184063,506.799175770775,40.6808950776142,17.3628066225325,10.3099639418898,480.81730233138,40.0561729134302,18.0423839078027,9.99061072912912,439.862393256815
360,40.4453390821308,17.0003731483759,10.7529542133835,504.205290440007,40.2655448583616,16.9622043881863,10.5907896111183,493.601552311769,40.6561817358755,17.0826000022956,10.7250784504977,505.657026903729,40.6686899867326,17.3465671471217,10.2647165004924,478.789958276527,40.0168393229878,18.0438291557435,9.97039055742117,438.158986179224
361,40.4786402642969,17.0291073492391,10.7355101091591,503.485395329324,40.3215001149034,16.9724619993292,10.5716419158802,493.675340076175,40.6804706445503,17.1682235456513,10.7162298300833,503.925287467022,40.6158174562999,17.3829759322381,10.2766094755363,477.509678699615,40.0610957945318,18.0431022985662,9.95553843689003,438.401961104559
362,40.4820635934975,17.0100048836486,10.759467151087,505.09368931401,40.2867744064641,16.9957690277618,10.5881175751326,493.215806785493,40.7194903697861,17.1137747373044,10.7336888465944,506.752813200495,40.6177518373369,17.3562005484759,10.3042090505251,479.383774639872,40.0533824615029,18.0468858168454,9.95760853523857,438.264157639079
363,40.4784512985014,17.0085010097891,10.7302459664113,503.676678834658,40.267014851943,16.9858485223676,10.5761882075789,492.451993587074,40.6973880913096,17.1301650146156,10.7323933254601,505.865415295881,40.6536394553371,17.3946342904201,10.2690138440736,477.694092075821,40.0138481465766,18.02070390604,9.99244736203708,439.530672298502
364,40.4786561778305,17.0186670843436,10.7391859540976,503.882370712114,40.3477843699001,16.9497681906745,10.5965312647806,495.875619954014,40.6606378237482,17.0875031489336,10.7516175284125,506.89865593873,40.5850288680385,17.3325702371481,10.2829888279312,478.209544646759,40.0292334536134,18.0549030933787,9.97669916453532,438.462566692353
365,40.5342199239474,17.0056458219295,10.7603934888435,506.353431138252,40.289295962404,16.9700697852347,10.5907566899013,493.936501278353,40.7495340075089,17.1150923154062,10.7663548899687,508.913573766903,40.6397438572232,17.363770402243,10.2640916217529,477.813448254812,40.001926034833,18.0407192420676,9.97248229103732,438.015491661324
366,40.478969197589,17.0380078847413,10.7650457996931,504.686044243279,40.2734590522842,16.9841963055661,10.5951279074776,493.505435344666,40.7373768667827,17.129622143903,10.7474029991856,507.444107825431,40.6626527867421,17.3735194132779,10.2903048365335,479.304563583263,40.0133555166691,18.0282751921381,9.95844998906093,437.874645834659
367,40.4635837689799,17.0326107728899,10.7481973104148,503.681441873951,40.3148780269558,16.9546474878945,10.6175965263291,496.05900525157,40.7076023267265,17.1081702224244,10.7534198999518,507.549205635929,40.6150308620428,17.3491930760871,10.2665356235571,477.719104882829,40.029383864315,18.0550899588979,9.97490547319752,438.383009093594
368,40.4996217729256,16.9934925027365,10.8020006052172,507.826445205792,40.2973689014096,16.9825384650087,10.6076851635489,494.632761821737,40.7199207699757,17.1070632730385,10.749319838049,507.644315049701,40.6234227937998,17.3680260535282,10.2858767139769,478.404287610108,40.0283159266601,18.0206403342031,9.96675585116328,438.69025896325
369,40.4482394225013,17.0356554013343,10.7273938976953,502.312021915891,40.2818274335968,16.969018341924,10.5694667162994,492.807919515755,40.7257185662555,17.1194164239758,10.7069511458088,505.50304754118,40.606573241981,17.3557813672884,10.2857315203925,478.302805719222,40.0059894171536,18.0376047373945,9.97699143603472,438.356771626946
370,40.4704405808494,17.0407052531812,10.7450032502994,503.5051644989,40.2474024524222,16.9891890790537,10.6079817448435,493.445405764734,40.7176162094119,17.1150797142789,10.7113156861028,505.628438784265,40.6417729767187,17.3651876891573,10.2938841627256,479.212945307918,39.9906497651087,18.0293695165231,9.97217776763733,438.003581287598
371,40.452371086554,17.0783537754906,10.7605828902409,503.036101507249,40.2726861434292,16.9472555061136,10.6217264325801,495.512686303377,40.6606332009099,17.1406931885158,10.7477758963254,505.574088696459,40.6176586451388,17.3510450070466,10.2707051157043,477.929055435741,40.0025338624815,18.0351279754438,9.96593176403649,437.851336206223
372,40.4475236813431,17.0309417849171,10.7445096356658,503.199379641012,40.2504788301545,16.9781492661707,10.5708424202616,492.016257146536,40.688188095709,17.1172271819513,10.7099030230626,504.885411093489,40.5844661404878,17.3810086013382,10.2841303803642,477.254765215719,39.9594874385345,18.0391550555518,9.96680681040569,436.951436162136
373,40.5093770604904,17.0043976285529,10.7714452432029,506.365197787452,40.2638600819389,16.9341101267022,10.6033154532402,494.745396441183,40.7107218036272,17.0966162290494,10.7414689880576,507.30036542009,40.6405986084803,17.3600884718078,10.2851300720788,478.886149800053,40.07156777379,18.0135221303334,9.97092983397408,439.878450771008
374,40.4715377958395,17.0625338693672,10.7566640235689,503.605580726937,40.3284094663516,16.9810746687849,10.5800207047076,494.030571115993,40.682368281931,17.1179472618419,10.7238374666476,505.402042030179,40.6372418503233,17.3760798559251,10.2699447522709,477.781697112188,40.0203468538545,18.0043376812378,9.96256811078789,438.67198181985
375,40.4762466837844,17.023804746505,10.7386848008376,503.696763548776,40.2742551856224,16.9834174545013,10.5995190016184,493.743354189257,40.6743374090952,17.1409298985103,10.7464048214639,505.799047874446,40.6467273358008,17.330504836315,10.3057503173699,480.582334847885,39.9946620997422,18.0043808172663,9.98246309209039,439.034342574002
376,40.4651344503291,17.023571031899,10.7831185743288,505.54631581716,40.2978945022997,16.9936009427654,10.5886098464606,493.520144498584,40.7333643473299,17.1391818794511,10.7388032982326,506.746569010317,40.6350034340366,17.3388413233178,10.3042159925117,480.097372370826,39.9945865452492,18.0249692318642,9.97526818967389,438.305649451037
377,40.4869252136332,17.0279188985148,10.7911042415674,506.297165100064,40.2810536715012,16.9480004268282,10.6179105624168,495.496545000093,40.7263776521237,17.0784609203604,10.7588929010321,508.850806899131,40.6202139847165,17.3310757965032,10.2648403185624,478.118569317886,40.0339515726137,18.0722231850892,9.96997740584347,437.91587163378
378,40.4218320980746,17.0127341961456,10.7585332282117,503.695115240728,40.2379941264116,16.9894202825463,10.6086668040344,493.272747157116,40.7041754411018,17.159558804104,10.7313245539951,505.329845262035,40.6401920687283,17.3812899630757,10.2796563721084,478.187042477234,40.0292854842315,18.0275492722921,9.96611928409267,438.543855090659
379,40.4776499597032,17.0245746830438,10.7389436510436,503.722507679459,40.2460253807087,16.9817866826673,10.5744518674569,492.013144690936,40.7018839549673,17.0925675801263,10.7429717770063,507.26843897866,40.6255341364337,17.3678956397622,10.2499597510401,476.779716990247,40.0048783108122,18.0623577979776,9.97639734896357,437.814606947644
380,40.4914386536466,16.9961972643163,10.7621972249348,505.720843358851,40.2831156140324,16.9485288669428,10.6142061143546,495.356226653792,40.7175328842211,17.1052446177784,10.7509634482433,507.709696163822,40.6512160927617,17.3579850353664,10.2778191733806,478.807233543366,40.0074470871465,18.0714148658525,9.98181460463245,437.9228135884
381,40.4664618921412,17.0220015181141,10.7966022655539,506.241027977821,40.2869624029367,16.9529082498083,10.6233606794118,495.772146763221,40.6855386194836,17.1003067095902,10.7597807515164,507.543848648242,40.6591615890028,17.3518126619767,10.2984543132811,480.059336177362,40.0277341792273,18.0674343862331,9.97312297683771,438.025540887509
382,40.4890513459851,17.0150556046172,10.7287036072615,503.691085574511,40.2669251846999,17.0043025602937,10.56878191122,491.71517040072,40.6476784507504,17.1469304325444,10.7018937878681,503.005018452587,40.6381919103716,17.377726412619,10.3062134618873,479.454645285404,40.0380172653525,18.0413310697332,9.96392177991322,438.346521340893
383,40.4650098112739,17.0442670048568,10.7687929807906,504.426261477295,40.2883117654729,16.9600282034826,10.6023370315677,494.668649384404,40.7511552181825,17.0992908947094,10.7507342880887,508.549817519167,40.6328285078025,17.3881173206443,10.2619144365434,477.07047460956,40.0587505682283,18.0102913414419,9.96807337119499,439.561318588815
384,40.4671768238361,17.007994181266,10.7625196753666,504.95982951736,40.25163394681,16.9669333693562,10.5684325006474,492.165572701215,40.7157629591038,17.1219684824819,10.7445063356346,507.007348471451,40.6377106426151,17.3644330476919,10.2891389580027,478.923974364673,40.0258862710255,18.0520148218286,9.96831922110609,438.085130258287
385,40.5053430992117,17.0295885713881,10.777337058998,506.012238521306,40.3149524115432,17.03295568365,10.5842428561407,492.84461508779,40.7050376716759,17.1702985854874,10.7346703262639,505.275330609744,40.6356481343597,17.3814643556681,10.2739159885611,477.823061049678,40.0381139393649,18.0417539438131,9.96835702572663,438.535139404142
386,40.4980183660603,17.0444808211064,10.7930088872905,506.268478322175,40.2872972912392,17.007272480685,10.5974833114442,493.41934883971,40.7393667386545,17.1290460334839,10.7591764893405,508.055214873721,40.6777916525195,17.3553551391661,10.2898351141526,479.968052365399,40.0206602382718,18.0211224921257,9.9838836446005,439.28165018504
387,40.5142953618284,17.0162014172529,10.761200648009,505.735407566684,40.2743617667641,16.9810215355299,10.5694634450525,492.396216174401,40.7441910288296,17.1271975942071,10.7214883767458,506.418641205974,40.6673017424304,17.3658097793301,10.2607135197042,478.179867230123,39.9722064496599,18.013504819165,9.96084600185393,437.454490684037
388,40.4431905243548,17.023052727158,10.7397808586647,503.054295243246,40.3059508326446,16.9954699816134,10.5858078404548,493.520541915233,40.6495379697151,17.1162462281012,10.7422031864877,505.598803070621,40.588932306395,17.3616125294549,10.243963632224,475.879638138022,40.0736962878457,18.0814313039144,9.96477709660025,438.296036828485
389,40.4943443102021,17.0204233310776,10.7713622422187,505.692212222734,40.3397710461368,16.9639752338829,10.6006798827401,495.598656820004,40.6827580218407,17.1237907653528,10.7275293741889,505.459026539059,40.6163816581995,17.3738373863746,10.2401259091476,476.013159584849,40.03639467037,18.0348099113879,9.95795804935611,438.181716098593
390,40.5009184436151,17.0387845249948,10.7486533578251,504.372689052239,40.3510590076137,16.9888975775445,10.6228089794654,496.34355643812,40.7124562395992,17.1306820309465,10.738039546861,506.444048075318,40.6602025368112,17.3879671777365,10.3015869522582,479.481912249849,40.0504950668447,18.0133769287811,9.96105019810309,439.025679989558
391,40.4375133920681,17.0386739345462,10.7423427502188,502.71670682009,40.2743171946305,16.9734284382939,10.5895351883641,493.491162810767,40.7221040957986,17.1062783508969,10.7182975154268,506.242892812664,40.6424807168914,17.3672226293994,10.2733190153368,478.228302994205,40.0026257277734,18.0092808881668,9.96264499288564,438.223773686229
392,40.4999392866793,17.0051663952057,10.7523480083784,505.247949013881,40.2981586942611,16.9752398273827,10.6020295588388,494.540550450087,40.7212655717465,17.1084041376975,10.7309109361417,506.77502599247,40.6502536365804,17.340964332235,10.2724074890563,478.885036029076,40.0447094203945,18.0279548327993,9.94351673339889,437.84793531378
393,40.4493202272735,16.9748400626879,10.7559568886683,504.980993268363,40.3089556616041,16.9464393103987,10.6113301737524,495.81474938466,40.7136164905851,17.1067158128597,10.7248823900456,506.362466724186,40.65803497725,17.3552178167085,10.2640183067612,478.361083869812,40.0084798980578,18.0574000562092,9.97602758290612,437.969155953713
394,40.4340375768119,17.0232855894344,10.7681518790134,504.181066003991,40.2554905809922,16.9817728599056,10.603738401356,493.576828682812,40.7478118586934,17.1246957831026,10.7397289522409,507.411727318339,40.6279261385878,17.3830540145503,10.2497180047432,476.506768655403,40.0278423360284,18.0341168552187,9.9739056708677,438.726686593112
395,40.4912366977088,17.0173438465856,10.7863746131731,506.396403843403,40.2825224492861,16.9813001816828,10.6123078968516,494.559490153559,40.7421971716565,17.1279618870688,10.7439331799214,507.419531985106,40.6490388119931,17.3461978685883,10.2730593098149,478.782934197563,40.0268986735841,18.0285976209317,9.967243304597,438.524837759117
396,40.4742509456438,17.0441416982285,10.7672809440779,504.557137634714,40.2354375642716,16.9893192377335,10.6091441143159,493.242838849366,40.6982362484209,17.1406865351736,10.7577473223106,506.852334695767,40.6439674594236,17.3702470340249,10.284076561667,478.697445459266,40.0061634040987,18.0278189297322,9.96042047043727,437.827104417603
397,40.5083062071804,17.0103297110377,10.7542248748719,505.405046687945,40.3620049773178,16.9836466578668,10.5873816698708,495.03120468605,40.7194420704629,17.1394544398667,10.7391670725176,506.458853465742,40.6635287003181,17.3775873815528,10.2573833688054,477.705654420163,39.9230738657587,18.0294546908449,9.99339478474197,437.583159363421
398,40.5038954380318,17.0412434809458,10.728061477173,503.417545226262,40.3509274857292,16.9873394292317,10.6116154802006,495.850825386717,40.71692261886,17.1013609563507,10.7259355140842,506.597983041906,40.6184488889302,17.3940202260434,10.2895507396403,477.937874251858,40.0827101919177,18.0295262402055,9.98420176311572,440.366876186001
399,40.4801569807417,17.0117188526753,10.7594440693625,505.014694868448,40.2198831281695,16.9660658939438,10.5910778929327,492.565979271412,40.7670246243186,17.1053187960325,10.7217441625711,507.389512681801,40.6283425335344,17.3628714462406,10.2757294583672,478.139373228991,39.976221442005,18.0519371352711,9.98211438111529,437.701427347818
400,40.5088431369359,17.0362219626201,10.7652608849351,505.377781189524,40.2672885112851,17.0003082665298,10.6066056757302,493.567369442247,40.7446274357785,17.1325016875175,10.727356762878,506.591393663067,40.6300351768581,17.3781982860764,10.2918038614151,478.606689395084,40.0170702609264,18.0361667166491,9.97634180304835,438.578013795095
401,40.5308992066045,17.0357267316543,10.7601180236863,505.621657634659,40.3397895311468,16.9780040065297,10.597736332003,495.164086469392,40.7074826500529,17.1143749336601,10.7343852897509,506.515016820708,40.6453784301755,17.3885165247747,10.2930778637411,478.76938091713,40.0625885235583,18.0224826898944,9.98341680626565,440.071125983348
402,40.4740430725247,17.0583248309854,10.7699059267951,504.370165339433,40.2721473468149,16.994019891941,10.6068334230047,493.814440626639,40.6958104956553,17.1060865611286,10.740608520047,506.73597975347,40.6144959691372,17.3482392232388,10.299928289401,479.28155209109,40.0322713214109,18.0488475636713,9.97430612223065,438.538796348826
403,40.5011749634023,17.0234727963288,10.7953649896928,506.90072802572,40.2960085334705,16.9892946886634,10.6024715837486,494.217542500256,40.7138270098663,17.1317304605091,10.757981535165,507.391518476927,40.6478996018407,17.3891723481443,10.2745761936232,477.947130669609,40.0118476025352,18.0094966057456,9.98623360866795,439.441233987696
404,40.4515626361179,17.0306682292729,10.7652612402624,504.264093540578,40.2804120458792,16.9963032089295,10.589467276355,493.132617175933,40.6733604469334,17.1016591545511,10.733757135669,506.025833893932,40.6251930320622,17.3495128435402,10.2842917469893,478.747771336758,40.0194551337222,18.0344645551514,9.98350538941054,438.974543854602
405,40.4964128365705,17.0433972279469,10.759716103944,504.695579460314,40.2955956475811,16.9822253035732,10.6036668823868,494.414426067151,40.7569685780288,17.1307835901908,10.7275256705503,506.901011908406,40.643613409896,17.3885289987586,10.2637888545327,477.370552380498,40.0408586494821,18.0766124538913,9.95877976630225,437.474181189462
406,40.5169015944341,17.0095715877219,10.7656843744413,506.144990676193,40.3022634676389,17.0013480505831,10.5918231553161,493.598350908868,40.756148318503,17.1312695855978,10.7486951482503,507.87323882876,40.71654406201,17.3523604373493,10.2775033605915,480.250951439855,40.0106522124559,18.0266689913474,9.98479361632991,439.011070655255
407,40.4785640855744,17.0206147706992,10.757197295719,504.68357786618,40.2877968087589,16.9681919516248,10.5842105670641,493.639216297277,40.7043791079547,17.1145300598159,10.7371425681309,506.575144781105,40.6150110697193,17.3706159964022,10.2632594061892,477.126512754798,39.9814814380169,18.0390602568547,9.96647198393762,437.377051923624
408,40.4532278625768,17.0019317627934,10.7629462788094,504.810080180843,40.2632587802695,16.972849330453,10.599523327123,493.73447652315,40.6767529337387,17.0857835667642,10.7297364788157,506.2497691749,40.6027686136653,17.3319586126952,10.2899781105994,478.912251051802,40.0140168370201,18.0442330492539,10.0009569581231,439.43772408144
409,40.5004017629192,17.0388305676736,10.7723625509307,505.473101859317,40.3238211828789,16.9779135105991,10.5998427834958,494.925901928348,40.7713766333402,17.1156908939207,10.7451112861471,508.36595164037,40.6627596833341,17.3613675718664,10.2692477999342,478.575539352188,40.0598320058239,18.0381672300206,9.98260311016655,439.667078563959
410,40.4890265727624,17.0409452372078,10.7773459731977,505.416169921902,40.2889041444904,17.0045617817856,10.5884741245152,493.091313227704,40.7584017897296,17.1302169162286,10.7365299916848,507.369431086836,40.6791513304529,17.3722204695167,10.2430646446665,477.468798954684,40.0088970397692,18.0341457894801,9.95348597471085,437.450756735024
411,40.5064425014934,17.0296328330255,10.7532769666837,504.905273318308,40.2900188349896,16.9737117673871,10.6397451699385,496.159131006654,40.6908061248986,17.1198957932557,10.7370367896126,506.163462791015,40.6219574368762,17.3713490170034,10.2994724090842,478.937999829802,40.0749914480668,18.004484716379,9.99081434423744,441.00467047907
412,40.3924817293855,16.9902518905986,10.7438220189279,502.858784467941,40.3046114653692,16.9822709087018,10.5990725572589,494.390359530437,40.6653759504659,17.137540802813,10.726482655052,504.741831244445,40.6306626200851,17.3577654026045,10.2683319935915,477.947670163646,40.0389779141456,18.0107714399375,9.96327602048696,438.946202677627
413,40.4933409680114,16.9963597198521,10.7590623370916,505.610971964838,40.3035378676145,17.0002472541649,10.5717853283255,492.714771617943,40.702012215156,17.117979596181,10.7451299997304,506.826992817537,40.6527000541546,17.3505357018734,10.2748007002627,478.850189208911,40.0192325852149,18.019513695305,9.98584667000642,439.371639235768
414,40.5203216975576,17.0171800949098,10.7785246247047,506.65838104412,40.2389143972309,16.9854065295664,10.6084083345169,493.365413340173,40.7398075092983,17.1260752466069,10.7509977406582,507.742364409403,40.6862771784185,17.3733906562112,10.2719475972678,478.93749739433,40.0680906091855,18.0142843948057,9.95686204363788,439.173412027407
415,40.5078761465367,17.0550521059226,10.7613287155331,504.76709761721,40.2803398395399,17.012280904133,10.6005356121192,493.307774739338,40.7657026094281,17.154219326522,10.7477510010298,507.540686179305,40.6579957947528,17.4059107182625,10.2859158614727,478.337981401167,40.0405450789849,18.0458152297422,9.96212289078088,438.228403415363
416,40.4745353302008,17.0200296063404,10.7859195640628,505.956824304815,40.2840564125818,16.9869070816799,10.5949712367591,493.665254118773,40.7002356110952,17.1392609352606,10.7430970083131,506.235673105799,40.611137918303,17.3807953569804,10.2874370186919,477.961372044488,40.0248361330307,18.0631408763589,9.9570923949826,437.349257642264
417,40.4738969428918,17.003732954279,10.7689737937591,505.4991618572,40.2991416434775,16.9745673246752,10.5986642015444,494.418661697902,40.6945948121276,17.1262274040172,10.7429584694951,506.387984518266,40.64904894725,17.3417446673721,10.2567793277134,478.115753445156,40.0140352997571,17.9994113619243,9.96126936265199,438.587197924478
418,40.4746366645136,17.0356145378335,10.7663373851897,504.70484038953,40.2560283422862,16.9638185960263,10.5932498373496,493.480394212164,40.6775339096135,17.1303261494962,10.7457784366652,506.066154784686,40.6279345192691,17.406196925793,10.256426849775,476.344105904316,39.9924765520995,18.0429756672528,9.96249574286321,437.343618246514
419,40.4913379775762,17.0366294278576,10.7741881006532,505.410883521333,40.3064711861777,16.9669516799859,10.6013250120165,494.859663818877,40.717690777125,17.1217304591838,10.7356012153321,506.633640532436,40.6299778060585,17.3926473327673,10.2809083090642,477.801727886662,40.032500173956,18.050863908935,9.98404072485778,438.93110333796
420,40.4765339977467,17.044471608245,10.7853111735383,505.444168617079,40.2698446278851,16.9944728794012,10.6085672998829,493.836695247168,40.708626724949,17.0911115251147,10.748984710504,507.72861956623,40.58247548811,17.3466090245323,10.2816859635671,477.807764139773,40.0065101251377,18.0688601590895,9.95919233858256,436.962550936746
421,40.4724771784822,17.0413653860553,10.781927856929,505.265113907168,40.3174910035125,16.9909218966919,10.6033655413889,494.680278132175,40.6609778766346,17.1545104458427,10.7645529964179,506.073228834662,40.637991413164,17.3509331190468,10.2626781967349,477.975170842261,40.0502107915604,18.0147812951921,9.94836414452281,438.432953421661
422,40.4734223722735,17.0101277978956,10.7647737407686,505.154114612366,40.2961454680132,16.9621625706637,10.5808685397994,493.787611093564,40.6933220495802,17.1232648988248,10.7439026009147,506.468796651419,40.5987581724315,17.4000394136647,10.294386346621,477.633147298699,40.0575460059128,18.0380779911317,9.98375106588091,439.673774525404
423,40.4230333986115,17.0351054464683,10.7632976807198,503.462461368293,40.2674826305309,16.9823552611468,10.5946727232543,493.396607595832,40.7097180677801,17.1245739389415,10.748887881508,507.028139820186,40.6227619658245,17.3830752003006,10.2735396599668,477.50768734163,40.0046404915821,18.0363169129933,9.98972636643125,438.915082558644
424,40.4862149617239,17.0402759549562,10.7653112976198,504.805664145719,40.2681365584325,16.9916374069869,10.6193246675435,494.361403226003,40.6870732734182,17.1484480675676,10.7213839304196,504.733276052351,40.6098450404326,17.3878307461067,10.2655934958888,476.775517802537,40.0164658298682,18.0241188356763,9.9615664327617,438.156451189978
425,40.4823815833253,17.0225154285417,10.7506330444067,504.416824601948,40.2672294498025,16.9925376799998,10.6009718285105,493.468703537885,40.7128806908183,17.1007536731585,10.743440261032,507.350952100253,40.6007288331572,17.4008147447157,10.2951404392961,477.692747440216,40.0234734567481,18.0203572733529,9.97712930258055,439.055870442873
426,40.4642237290328,17.0269106191144,10.7286311602212,502.900575485866,40.2885117777552,16.9684075116611,10.5742026190107,493.18301521227,40.6878167255549,17.0819608954842,10.7294524805976,506.555816785163,40.6219327352264,17.352513285028,10.2697985723332,477.944501297338,40.0417072546166,18.0004201866344,9.9807279316682,439.976178978655
427,40.46651748743,17.0192364332481,10.7812036030232,505.579821964886,40.2667695104163,16.978470485793,10.6042372626339,493.909296600543,40.7207932922744,17.1122310563219,10.7589054371185,508.00457720588,40.614865092771,17.4017200404284,10.2382214662621,475.322639948699,40.0207126253006,18.0411952848916,9.96254192682114,437.943726070234
428,40.4205098740519,17.0314702738509,10.7546783274699,503.083194577234,40.2428156709687,16.9843916802029,10.5996057267204,493.060248254024,40.6644138559421,17.1073342538994,10.7250990330148,505.304023321044,40.6415403458786,17.3692219921672,10.262616263978,477.669745674544,40.0145671053891,18.0670386447225,9.96157328166995,437.263826224935
429,40.4657708026831,17.029186622169,10.7845566355405,505.506338876735,40.258357060042,16.9701934044603,10.6224721742394,494.755740841099,40.7367262883642,17.1430103853628,10.7588040267936,507.680331328468,40.6166157093519,17.3670119944232,10.2884442706093,478.40450426959,40.0300834658625,18.0148224795855,9.97918046098068,439.388524555292
430,40.5369541511468,17.0044603035385,10.727432681612,504.886487161332,40.2704339983598,16.9536760092054,10.5853119444128,493.63031369516,40.7260650674468,17.1231349654883,10.7276049699793,506.40582053569,40.6405315279951,17.3685170423858,10.281792758846,478.556060043793,39.9961247139395,18.0459485581789,9.95612167269226,437.077249087562
431,40.4772602915856,17.033710409355,10.7496209123649,504.018548148191,40.2989324645239,16.9518477001625,10.5871236558302,494.356946806884,40.7528058077275,17.1283140430113,10.7169252664578,506.363825401023,40.6207937706743,17.410002051821,10.257468567276,476.167932955458,39.9927370058187,18.0698333918886,9.97846583571195,437.513889462415
432,40.4083342341939,17.0228746494354,10.7619835891186,503.347864550334,40.2171967606901,17.0057161286221,10.6004581406319,492.104657644652,40.7217571617584,17.1144552311204,10.7289123427847,506.561346126936,40.6014621430419,17.3577583552296,10.2849709475392,478.121636341713,39.9539825258763,18.0981549810939,9.9684163429093,435.735976970432
433,40.5229930555624,17.0076174706829,10.7789110615836,506.940284018301,40.3093199414671,16.998710559816,10.5937872512373,493.895272971814,40.7423293907626,17.1245933638947,10.7583666432893,508.176526922935,40.6011580281303,17.3956470976058,10.2460533153033,475.529804406016,40.0031128839461,18.0507001757292,9.93876494452963,436.359739744545
434,40.4760405072398,17.0122120693744,10.7701593226913,505.41834119221,40.3060721844583,16.9820123125103,10.6189546564997,495.3542683714,40.6955139653713,17.1383510459376,10.7678287390778,507.318991790032,40.6297912829768,17.3358198123992,10.2624780179726,478.107740336166,40.0175745449163,18.0324064484121,9.9774660933596,438.712538479365
435,40.4641259673621,17.0246931230626,10.7855444889984,505.614091478168,40.2852811722317,16.9558998611936,10.6021569188409,494.683522958201,40.6967205424971,17.113764545639,10.7592544489701,507.470048458123,40.6280496924481,17.326523403489,10.3039468031731,480.195374628347,40.000873519687,18.0272363739788,9.99209456806177,439.125320728381
436,40.4999203016899,17.0415804323179,10.757738743281,504.717383331596,40.285999156601,16.9705693815117,10.5864037560892,493.653106691681,40.7174311036424,17.1272123667902,10.7414578538153,506.786680648364,40.6570273729965,17.3666415801915,10.2679843628637,478.29063425117,39.9960170447154,18.0182530848888,9.98767905083553,439.013705371537
437,40.4661994510711,17.0322303217396,10.7629585540073,504.437676989765,40.2940464499839,16.9925750864721,10.5869334612503,493.382253749459,40.7100636318189,17.1047685886554,10.7534683753043,507.677587472771,40.6408222243214,17.3263168005701,10.2790533193168,479.302088728481,40.0319616438011,18.0171995524983,9.95537197750644,438.330291230454
438,40.4655171368243,17.0716772504756,10.7579578789201,503.339888247084,40.2238166339234,17.0096205476857,10.5638745209535,490.463709119649,40.74782271839,17.1374263580502,10.7129193704135,505.872545023647,40.675897266807,17.4048936296088,10.2580841291933,477.431826162287,40.0176276484007,18.0139431487864,9.97606795067702,439.020503466821
439,40.4915292808838,17.0593007650664,10.7526398905792,503.916630128691,40.2861517833641,16.98495403794,10.5762876612653,492.880340415263,40.7242717827675,17.1331301368859,10.7203059993135,505.808514633997,40.6679897353707,17.3858011077718,10.2904590930668,479.168819338744,40.019446104225,18.0266181050813,9.97591471215703,438.797152797194
440,40.5098207443676,16.9996239696765,10.7876199427551,507.238135169509,40.2905309433669,16.9722892106792,10.5996503316614,494.330417431288,40.7490054249797,17.1215330888658,10.7492911728478,507.95715963859,40.6384959242391,17.3660876671373,10.2911375018673,478.999106746853,40.0098486708027,18.0546759648879,9.96468035416971,437.552556270064
441,40.4840314964775,17.014350407849,10.7310728684147,503.709715921053,40.3153912863064,16.9827892997481,10.5984176695282,494.577322340818,40.7259795972944,17.1059334938317,10.7281297006771,506.79783626784,40.6527154140225,17.353924052206,10.2524375479339,477.738806758734,40.0672493080955,18.0502629822343,9.97353106404238,439.174194115146
442,40.4706467387207,17.0439773308341,10.7501580753226,503.680798626209,40.277716475864,16.975792045761,10.5717275747802,492.683194086331,40.6582781316502,17.094822151202,10.7156189243127,504.994029652602,40.6162422410615,17.3452894479708,10.2702779472417,477.998306564363,40.0342376877061,17.997298702397,9.97292264879429,439.545375833375
443,40.5037902496423,17.0335842497234,10.7831625443449,506.166092492766,40.2808837428676,16.9767569689733,10.6059181983462,494.323324495622,40.7280326293018,17.1179731820673,10.744262250187,507.345340887183,40.6205807472012,17.3509700094604,10.2741723765645,478.151983710209,40.0483953845059,18.0187389693549,9.97506013046826,439.494294789375
444,40.4615490415821,17.0585159056575,10.7691582516357,504.061934818091,40.3008529909603,16.965427131738,10.5956484812457,494.507939128983,40.7115442595104,17.1322531422827,10.7249062035078,505.771371154942,40.6269806984412,17.385669405855,10.2844651744844,478.048913195907,40.0040806940024,18.023230123557,9.97167411137658,438.371757158697
445,40.4802110547663,16.9968381095766,10.7618045505851,505.446939649257,40.3043115860007,16.9750046821288,10.599938626017,494.57844273711,40.6588501396512,17.1026932778559,10.7428773955176,506.121810151696,40.6315350880906,17.3853217104074,10.2656803263614,477.276390667363,40.0581350691168,18.0368430262879,9.95890469565147,438.615897459283
446,40.4563571021112,17.0461734646725,10.7657508864395,504.056410492933,40.2829584844547,16.9692314628486,10.5901688683284,493.792612217838,40.6811984297633,17.1316627504005,10.7560102036022,506.598092114638,40.6254915776109,17.4177971693874,10.2951420529738,477.853021309334,40.0036699063169,18.0698946611361,9.9715901586995,437.429234755943
447,40.4905551897821,17.0217467720116,10.7764700816791,505.821823533525,40.2560934524055,16.9787004330953,10.61056815335,493.972730127406,40.7014796391098,17.1383104819354,10.7466672331085,506.451075779199,40.6563383811196,17.3516595157745,10.2676957493726,478.570704252396,40.0249493502011,18.0113454759672,9.96889911113308,438.902792189373
448,40.5035933017538,17.029495670277,10.7537833137942,504.870718831504,40.335818240121,16.9664934279174,10.5719028021539,494.116460933162,40.7336674759021,17.1259546060425,10.7369238685057,506.948431586452,40.6471652763136,17.3609199285883,10.2670105294368,478.160252352285,40.0289917409303,18.0381157610061,9.96569411189099,438.30868653691
449,40.5128976706058,16.9908871472444,10.7750193564388,506.900237383152,40.3047063305583,16.9833926102961,10.6100871743378,494.882343184123,40.7326748084541,17.1054769171819,10.727250947099,506.909761912891,40.6783724417682,17.3726893133865,10.2933340632836,479.786364026933,40.018108490308,18.0426858356178,9.97008190747212,438.193527637159
450,40.5167925975247,17.0250635572257,10.7594154004681,505.514542439636,40.307663994463,16.9641963016903,10.5866879921117,494.260018234649,40.7851505507348,17.1020372005514,10.7229737518388,507.906805631678,40.7089805622205,17.3566508607951,10.2674898981652,479.539618616014,39.9645783086395,18.0580461707793,9.97294444503913,436.945255988687
451,40.451672245153,17.0032640597852,10.7577792089747,504.505596120203,40.3007989555816,16.9722847112036,10.5921649318814,494.198940984392,40.6917847041162,17.1154642322852,10.7456269591835,506.684689720913,40.6263789195566,17.3552257966347,10.2756273059557,478.251392941945,40.0130193904122,18.0373183594485,9.97929183220493,438.603867610547
452,40.4866202226651,17.0113982101953,10.763721246341,505.361491876388,40.3058042905539,16.9734890589548,10.5855371122215,493.970177596285,40.7727656207123,17.1007801049058,10.723872606076,507.710714008772,40.6695696431584,17.3796120686858,10.2753160390874,478.623349229286,40.0185724205492,18.0148058045685,9.96939408688212,438.728441580983
453,40.449106872683,17.0160539005021,10.7633654320638,504.437024656984,40.2630465185029,16.9824934108561,10.600935634891,493.591290077651,40.6862320587317,17.1321630918392,10.7473141521399,506.285957496725,40.6136585788951,17.3877881330451,10.2813326674312,477.585801088887,40.0228041642183,18.0133813052493,9.97666843641772,439.161428681693
454,40.4570391872875,17.0150679968721,10.7765253421431,505.245993206601,40.242177647911,17.003057297361,10.5918185936867,492.289094059756,40.7238359096353,17.1052861109993,10.7390969684862,507.283793085146,40.6002532678289,17.356004171273,10.2576607766139,476.863244479167,40.0158209920365,18.0454124612059,9.94785988116069,437.11709119312
455,40.4619398095114,17.0070709138191,10.7603790006845,504.766557458029,40.2333268721257,16.9438588492353,10.6047010746472,493.955693140618,40.6809104108183,17.0859046547072,10.7542172522093,507.491635936696,40.6329649367992,17.3700840941943,10.2555990805961,477.149558762871,40.0188352244977,18.0611302301492,9.96378262876282,437.563599180378
456,40.4988356347593,17.0190951233614,10.7441402000928,504.539247832516,40.3247440995967,16.9772613354041,10.5868589187187,494.353012263447,40.7243446192805,17.1135187510184,10.7161220589115,506.032983832005,40.6304856796395,17.3603876539675,10.2722360996743,478.071881964534,40.0387721730142,18.0761524436707,9.98996274853452,438.811505912743
457,40.4816258054779,17.0237222434125,10.7765343058621,505.589804960406,40.2838673282548,16.9870032339188,10.6163089155315,494.653411977251,40.6855630902863,17.1047330061716,10.7381829903318,506.43053701429,40.6217400599461,17.3633634196895,10.2872279851054,478.528446123538,40.0052530171389,18.0152235841803,9.97508534481007,438.704840657295
458,40.475143138035,17.0258745119808,10.7431676731527,503.838849324997,40.2414714065033,16.9658309779736,10.5790894786696,492.470165533512,40.707127796173,17.1398759036689,10.7238198674885,505.461928133884,40.6542762371198,17.3620898829637,10.2699203765919,478.417798507847,39.9847520726335,18.023566364609,9.95566782734094,437.276540007279
459,40.4923253522825,17.0167235687119,10.7524810907522,504.841928543743,40.2780632565601,16.9830170855942,10.6004376324684,493.875368161592,40.6617734832336,17.096042720161,10.7278755493696,505.620453712388,40.6099430510306,17.3327405309611,10.2661952955677,477.936614011026,40.0352272110541,18.0188335115961,9.96586478484737,438.824805317528
460,40.505946968528,17.0427538047035,10.7400939459048,503.993797700773,40.2907393393929,16.9670513699087,10.5641696660597,492.790793895734,40.7556649441288,17.1411876279083,10.7167179454434,506.139385654015,40.6728166092691,17.4092463939947,10.2735686156208,477.999769701869,40.05063156196,18.0649677468931,9.98047592623902,438.854776857321
461,40.5145282542845,17.03747381655,10.7523091297581,504.865093541361,40.3083565823462,17.0060137208546,10.59722732328,493.880448936476,40.7050814285141,17.1457434030718,10.755561021143,506.787795500756,40.6367620509332,17.3505904112476,10.2488116013713,477.311172104666,40.0076659867469,18.0104116581504,9.97711103912004,438.938097984342
462,40.5669130455994,17.0475880347051,10.7948404044099,507.774719824098,40.3007398327933,16.9931074111089,10.6120988767357,494.685799683053,40.7574213208515,17.1440644509384,10.7629253716639,508.297595530684,40.7043454726446,17.3760142920898,10.2679251139939,479.067115192772,40.052077277562,18.0371645368358,9.97153529478406,439.044958811485
463,40.472889885626,17.0216886196088,10.7512160408659,504.257862457556,40.2581987100719,16.9727659877908,10.5929923252017,493.324820232245,40.6787919979496,17.1264340484586,10.7455790849341,506.167449965864,40.6523085604714,17.3880533070666,10.2713418228243,477.910235922316,39.9920561465883,18.04522190249,9.9553207270934,436.975547688709
464,40.4359917369846,17.0208820121608,10.7647677693411,504.116436962736,40.2873537883503,16.9488890336232,10.606844261756,495.094921923744,40.7052606321611,17.0791829845163,10.7655471157066,508.695304150126,40.6365053930794,17.375532144156,10.2863183153047,478.539550324429,39.9928502551661,18.0388374678531,9.98002328042586,438.203117432301
465,40.4811749572423,17.0496511309115,10.7372231359001,503.178999474946,40.2863686424571,16.999479836561,10.5760821387908,492.568097536089,40.6671102637973,17.1236059292779,10.7251089340758,505.013297355211,40.5869199018991,17.3660592382895,10.2577636693857,476.388201774085,40.0499055725946,18.0147570781886,9.97539308184577,439.618535697082
466,40.4739865046986,17.0042920989189,10.7831943856695,506.156553899569,40.2294435126676,16.9553077032427,10.6255909974631,494.602895860717,40.6377361817258,17.1200230427148,10.7710063237864,506.618873882562,40.5942232730734,17.3471351057942,10.2706907586393,477.527307209895,39.9927122327355,18.07023688977,9.97537765608678,437.369941404663
467,40.4775572891344,17.0214431300136,10.7634467453261,504.937271207971,40.2673194951375,16.9784224270782,10.6049147093588,493.953534163611,40.7158045058308,17.1195410738015,10.7308246506101,506.41473059742,40.6510268587191,17.3503141253703,10.29763300798,479.884377104784,40.0511150046677,18.0256880810998,10.0035151060666,440.663381894954
468,40.4939465584794,17.035162227915,10.7721152475239,505.401456751293,40.264815166559,16.983891267571,10.5917632601328,493.172068830495,40.7222927983617,17.0928845634549,10.7279375230691,506.98963050235,40.6494667283858,17.3841413690027,10.3040003929224,479.4518432891,39.9874855787661,18.0393540133362,9.97743280313083,437.972015696704
469,40.4863061241857,17.0126818864635,10.7942604590182,506.760827878189,40.2919013052774,16.9692366877137,10.6023896023182,494.551953679224,40.6985437817364,17.1120721407469,10.7699698169032,508.051175321402,40.6450963724042,17.3189360339379,10.2710978438206,479.170550314072,40.0200587195362,18.0290236204264,9.97108121561557,438.548793977354
470,40.4198096312209,17.000443709085,10.7604137797462,504.004135562939,40.2308056838128,16.9798546952903,10.6085439264984,493.317469789204,40.7068805251679,17.1044912810365,10.7414392163607,507.047258853443,40.639220642314,17.3538288781043,10.2891630952673,479.174387198294,40.0040295195163,18.0531097649884,9.97089415638326,437.74059501532
471,40.4531426701495,17.0259892205168,10.748832979252,503.629119218818,40.2665819598013,17.0023433382054,10.6037233555566,493.375100842114,40.6740160361166,17.1338919211398,10.7291773992257,505.132335258753,40.6263383108321,17.3827928926165,10.3026220002588,478.938924779446,40.0425850611785,18.0084589186346,10.0037266631354,440.846750382111
472,40.4922764605758,17.0150830820153,10.7823148133913,506.276979885008,40.299938431974,16.982400872585,10.6095335425617,494.776393732561,40.6476944715,17.127588145909,10.7336465401062,504.913015769218,40.627139990072,17.3713818136678,10.3112250830039,479.590714065626,40.0126283798997,18.0244339172087,9.96985728543708,438.438321514933
473,40.4948921884951,17.0036699297046,10.7731727967015,506.149993199342,40.2605131366439,16.9914766056344,10.5903112227572,492.852677434195,40.6811891319514,17.1234476955619,10.7520776013937,506.589328075255,40.6526610778432,17.3653927309871,10.2744414537494,478.527350495051,39.9611223859839,18.0095629848632,9.98256355509728,438.265673710361
474,40.4969482766646,17.0233884824199,10.7493377089162,504.65044291755,40.2736195990984,16.9880676262852,10.5922873996124,493.294517509299,40.6688406873154,17.1052418849134,10.7300479090422,505.677088118443,40.6226226008313,17.3740333167167,10.2871972723211,478.325648537716,40.0822599566523,18.0317567654306,9.97829789419567,440.052979117845
475,40.4618459082487,17.0289767773093,10.7585581417044,504.207769944327,40.2414403194192,16.9591342148412,10.5860405308414,492.934872149039,40.7850419361493,17.1175896994913,10.7427356935793,508.506367837655,40.7078929232655,17.3583885809903,10.2870349231087,480.394333212526,40.0126553615883,18.0452764278469,9.97938438009017,438.441836405801
476,40.5106036501665,16.9985951558616,10.7678824468684,506.349087112893,40.3409901747516,16.9474155500109,10.5969683539707,495.801939969259,40.701338952851,17.0982285638654,10.7377629981066,506.889210750153,40.65590982589,17.3970358456968,10.2701757393756,477.745446553149,40.0473142254826,18.0465765141321,9.94606223525645,437.641412997291
477,40.4767243995524,17.0542795094507,10.7769718644553,504.846059154764,40.2963600591849,16.9999846062989,10.6264141309295,495.113866623972,40.7130637662227,17.1585004649654,10.784152622017,508.032011171439,40.6396553068945,17.3904585457996,10.2628498470503,477.206030847287,40.0274537184653,18.0440710780761,9.96619880376348,438.181523546644
478,40.477506235075,17.0433423099133,10.775967596051,505.05158219618,40.2771944944517,16.9977754309202,10.6189351640869,494.4052833865,40.7061739762998,17.1357062942817,10.7451061659073,506.53435524674,40.612460568077,17.3807093903967,10.2916814996954,478.187567601716,40.0556220816921,18.03708417219,9.97522912972333,439.279921497567
479,40.4983505076422,17.0079887120611,10.7631084773576,505.65862435643,40.2845292210217,17.004150037108,10.6159527730817,494.286811911725,40.7021834908726,17.1100649022421,10.7493135331952,507.198159243023,40.6196507213814,17.3796456726711,10.3113771010685,479.272911775978,40.1010890853509,18.0604940330201,9.96764484390948,439.385647260124
480,40.504443621296,17.0221249455575,10.76707540241,505.671791610195,40.2658550430953,16.9691893734673,10.6160501500359,494.63714215478,40.7126868771806,17.1149542340401,10.7401664641933,506.887153529715,40.6220163829037,17.3677656858743,10.2801540321192,478.114558133954,40.0534525933174,18.0272916015112,9.96766919946138,439.098973000809
481,40.4664041639929,17.0096700926402,10.7651893773247,505.032368903315,40.3195630490035,16.9612923384095,10.5861061875856,494.546268201435,40.7079637621374,17.1261753983042,10.7681668771123,507.865264725005,40.6249099930226,17.3606041818007,10.287745170016,478.674499486348,40.0046213039204,18.0577396538612,9.95933003429733,437.152475153208
482,40.501879889702,17.0223590123526,10.7612770437484,505.339258031263,40.3045099106887,16.9659967534733,10.5938247711531,494.488237613581,40.685799107917,17.0903137475004,10.7373625271086,506.706560635752,40.6891645763642,17.3657974024078,10.2822287931384,479.632395017986,40.0004004483794,18.0273441816563,9.99243121806745,439.128506791913
483,40.4814721583615,17.0257243149278,10.7520166443436,504.393182436252,40.3093239632742,16.9932291578409,10.5843536294409,493.571585356553,40.6958832200103,17.0870451648936,10.7212387458767,506.231978603289,40.6235749233189,17.363706511615,10.2747227395472,477.977397777217,40.0214745489874,18.0346892335411,9.96359910895844,438.135029155682
484,40.528885949877,17.0372493863399,10.7197588066903,503.649355871091,40.2943761161347,16.9787477973167,10.5778156121317,493.256834474905,40.7157359479057,17.1163128515532,10.7310651515174,506.493893570365,40.6756331766778,17.3543815650123,10.2850978813574,479.722711083488,40.0305834423443,18.0469204174734,9.96246777396925,438.023068878153
485,40.4758581155469,17.0148872982772,10.7635879348445,505.048444857007,40.3276995879699,16.9935663190087,10.6107380581321,495.184751860985,40.663350197966,17.1025196852551,10.7567522333487,506.876032474304,40.6068494925362,17.3642841011497,10.2802784206466,477.880086867077,40.0381804351289,18.036846015047,9.96351739291295,438.421356323562
486,40.5037977158655,17.0402477165577,10.7562599774153,504.760087571273,40.3057464729796,17.0037021375458,10.5905698364198,493.563855731526,40.7095739883282,17.135854138009,10.7357564402602,506.16342940791,40.6362373300762,17.3042659165003,10.2810537149401,479.754502756841,40.0424920936147,18.0281450092617,9.97108204148021,439.013721735408
487,40.4780733036114,17.0040875329624,10.7473718717268,504.567308777578,40.2935679016037,16.9637105240591,10.6037336275278,494.767186399394,40.7322918405223,17.1067602847121,10.7550970682323,508.189770342649,40.6398981673751,17.3689759108227,10.2857801672279,478.719181239099,40.0063111377517,18.0169112853033,9.95208868455715,437.680914903508
488,40.4591676179427,17.0079582575577,10.7835975729284,505.776808681767,40.2823680453937,16.9915949806749,10.5830157164005,492.973234782071,40.6980964090383,17.0906777207841,10.7672422126264,508.373590062632,40.5992839833702,17.3389944625455,10.24889904141,476.7847179458,40.0355839020012,18.0288889406324,9.93557368472369,437.298278691833
489,40.5236152675796,17.032368884306,10.7669917287428,505.860111013134,40.334819471452,16.9798038590273,10.5958013686778,494.930212783241,40.7070241378147,17.1191287066924,10.7280431396351,506.103919516562,40.6453781279393,17.3612154312955,10.2899414076605,479.185339749798,40.0449049149032,18.0194379907335,9.97698082329132,439.495322252957
490,40.4693920773263,17.0403297465591,10.7513551372857,503.788339303359,40.2301941180958,16.9801836584245,10.5989873623031,492.853134070944,40.6668638986965,17.1417129351566,10.7540112681324,505.979477092847,40.6123285430342,17.3677094852325,10.2612519548518,477.037785493307,39.9932935070705,18.0475469830698,9.98207790894047,438.128303144869
491,40.4845771412635,17.0364474246911,10.7633736905517,504.761964967997,40.2739941030444,16.9882214400275,10.6105595275409,494.150153971452,40.6834174602074,17.1224518168055,10.7487461694651,506.501678416828,40.6724404276772,17.3684680991695,10.2871059580168,479.460865172099,39.9963462318387,18.0433569982858,9.97325160077979,437.885370030865
492,40.48547543128,17.0332460470576,10.7620293705392,504.787162875249,40.3277543246035,16.9567319315773,10.5832773650345,494.68402457966,40.6971760935375,17.1026236660911,10.7406077765709,506.83966657388,40.6173987589561,17.3681143242651,10.2513187965603,476.671653063853,40.0782273944067,18.0361144941526,9.96105320137419,439.125318540255
493,40.4398960802811,17.0305505668139,10.7537480043808,503.476405198617,40.2897309200758,16.959698064979,10.5965504123515,494.435738541702,40.6693764417336,17.1260767819953,10.7317190636785,505.320155560617,40.6315879683134,17.3405710644079,10.264887655631,478.159343807984,40.0035219277243,18.060876241946,9.98340195804062,438.12450380798
494,40.4973860776153,17.0082821943268,10.7807366146483,506.459684559693,40.3208482617168,16.9719040815747,10.6158452323239,495.737555509117,40.7178701905553,17.0924312533004,10.7495308751223,507.924770588679,40.6537400066083,17.3133618002263,10.27744685131,479.758993011128,39.9881027549693,18.0205996447619,9.9837164795022,438.634645629787
495,40.435574833774,17.0293650405534,10.7384380946878,502.692269791551,40.2531690763062,16.982141854929,10.6016842445759,493.424165295941,40.7376418207754,17.1329507600919,10.7290410414734,506.511398322745,40.6447612941369,17.3658681673532,10.2857374372822,478.881165065301,40.0231146382344,18.0401357354969,9.95986823932093,437.895146758074
496,40.5199088568107,17.0258362036299,10.7861000196178,506.818835010753,40.2930113467052,16.9303614201858,10.6154434175907,496.009776759893,40.6679660180831,17.108946868233,10.7810542783041,507.982128396278,40.6209547155535,17.3637777565586,10.3008584170684,479.137774070625,40.0654449199324,18.011541941863,10.0021435994442,441.172609029719
497,40.489106887106,17.0194977043514,10.7768602406536,505.857396130613,40.3202431008053,17.0158881075522,10.5912187693106,493.643044022439,40.6964438522254,17.1319312229807,10.7520985462129,506.735923966234,40.6734198290411,17.3442794060115,10.288100147648,480.025066061345,40.0519999032602,18.0316190219796,9.9813059617787,439.584317941927
498,40.5269754775043,17.037262090502,10.7708855512235,506.010029044887,40.3130708267125,16.982626963655,10.5973098368591,494.479884496538,40.6846926911691,17.103657233318,10.7410648942857,506.570864254459,40.645791283755,17.3797129980732,10.2801185967902,478.356088118028,40.0587848470566,18.0348277748957,9.97395413125448,439.331875252901
499,40.4356238875505,17.0107037491891,10.7515593703791,503.708839227962,40.2853970724988,16.984996471992,10.5898350212555,493.494796577058,40.6818531061875,17.0956313730605,10.7335770633024,506.329057209315,40.6150055341239,17.3748362074417,10.2733374661849,477.508204528571,40.0698200381973,18.0639101130331,9.98926688798311,439.645814710764
500,40.4864125522623,17.0163766657731,10.7695111817759,505.521627832458,40.3265662055035,17.0078678096564,10.6186293975273,495.225232596431,40.7124588191912,17.1263104102954,10.7343915968174,506.365906563478,40.6614870447434,17.3976935048165,10.2702882512549,477.851730945461,40.0665690234273,18.0712708354661,9.97373416297948,438.750513924378
501,40.4884744946779,17.0318240918809,10.7351199156971,503.61990978922,40.277120586556,17.0174770550722,10.5797545634233,492.162639591631,40.6588285235261,17.1428933090344,10.7463672011272,505.421749785693,40.5921236473476,17.3701707103326,10.2700623084294,476.981807173118,40.0241196232935,18.0495888991653,9.96310019125106,437.868902520429
502,40.4938914898183,17.014754891117,10.7585162479443,505.201345169664,40.2781409928859,16.9970935300777,10.5857329496101,492.893902456971,40.7614614313889,17.1286748810393,10.7253537187766,506.939990225693,40.6678662100051,17.3878578254426,10.2606937315417,477.738072203438,40.007131035875,18.0246178082535,9.93694594627554,436.878091412323
503,40.472512925916,17.0304143264583,10.7547824732597,504.229342307748,40.2559956315784,16.9737730405536,10.5966330292049,493.426337802707,40.7862980938027,17.1486047151499,10.726727554186,507.110193764393,40.6490490757809,17.372362219731,10.2578875197592,477.539271204033,40.0093811713954,18.0114235606287,9.96961951208637,438.622534844697
504,40.4405521713814,16.9943958677066,10.7582232071223,504.477965728023,40.2612452878545,16.9500212611208,10.585355481921,493.515186083349,40.7582999284765,17.089082572618,10.7283883968149,507.865113684563,40.6333547969169,17.3379572545919,10.2560551786898,477.837765207199,39.9879932167091,18.0453778849601,9.97130152723807,437.592867538133
505,40.4558792749207,17.0356124554037,10.7850332296251,505.176711790357,40.2596523183678,16.9549353342265,10.6121678223441,494.627135375881,40.6826887651375,17.0984944706017,10.7654348304475,507.788213412875,40.6272946382227,17.3039762889589,10.2564727047232,478.429956065586,40.0496879627854,18.0548847668591,9.97893894916571,438.969596582126
506,40.475041620265,17.0163397093633,10.7576602176621,504.721488609803,40.2626137750703,17.0129639373781,10.6247313489221,494.04256696398,40.8007031046505,17.1123211187906,10.7534462441063,509.463484589601,40.6379809534808,17.3838182303357,10.2735778061037,477.806900104058,40.0338085019761,18.0753320878659,9.9718737724802,437.934310074981
507,40.4919204699793,16.9969414153226,10.765626928163,505.876358374876,40.3101725322308,16.9630218943453,10.5959581159761,494.770860572836,40.6933261022171,17.0952724058949,10.7302203114751,506.424630167115,40.6382020324969,17.376118511168,10.2999980300505,479.198828889112,40.0950362974848,18.0348858775802,9.96122170594546,439.49209839835
508,40.4846628916814,17.0141437723874,10.7845044517245,506.23583585262,40.2886022687932,17.0208026195003,10.5786595484165,492.284261861267,40.7623800332851,17.1178687529937,10.7665054382249,509.137518566854,40.6164715546185,17.3666537180531,10.2497122293695,476.607884420116,40.0092745937052,18.0523941730329,9.95085985069285,436.979679649065
509,40.484562207742,17.0182713664654,10.7655466788396,505.254898861977,40.3053609459675,16.962346465118,10.5852686683744,494.184159619095,40.7408234460442,17.1242720454611,10.7471183530414,507.619745985502,40.67169130211,17.3630552323863,10.3016116142827,480.23303209791,39.9924349359356,18.0295997559071,9.96412246638944,437.680758885862
510,40.5116969334993,17.0448404182191,10.7508568472576,504.577630101822,40.2722248393278,17.0051514499323,10.588358387279,492.720223340085,40.7620370329347,17.0955121010679,10.7211202014869,507.463317092061,40.6744567993543,17.341680650613,10.275226341144,479.499112191127,40.0128491016298,17.9989239069675,9.96615464381433,438.78836561473
511,40.4786681221672,17.0813502240343,10.7807659876574,504.482017997197,40.28185595959,16.9941772208662,10.5895883230434,493.213861684753,40.7213855093799,17.1210087435181,10.7709684379422,508.397826537286,40.6232448238616,17.3619932326242,10.2637131047444,477.493625579477,40.0194145757519,18.0006219527738,9.96312939814983,438.752160187516
512,40.466629757486,17.0158172731979,10.7738086866846,505.309134506069,40.2816800996978,16.9867702127018,10.6000196765503,493.853006331246,40.7116265365525,17.1313791876667,10.7322930757183,506.140250692343,40.6275541724816,17.3417928215289,10.2634894009414,477.986329636708,40.0165895940464,18.0244094860644,9.97529796459017,438.757098936105
513,40.4842954644076,16.9942545635134,10.7731271083058,506.12239280927,40.2318680164698,16.9701908376583,10.575660479795,492.015200067412,40.7051438886575,17.0989986366344,10.7350100853795,506.824414714802,40.6208652114436,17.31132710899,10.2794073273154,479.216473533399,40.0275026324081,18.0328853898054,9.96704950783695,438.442877925892
514,40.5068544041138,16.9951108885482,10.7664398582363,506.275545045229,40.2986435363377,16.9798441752215,10.5913272144213,493.95406856204,40.7195111123152,17.1091226702243,10.7430680287182,507.296018435691,40.6759427345171,17.4139985349443,10.2744915434172,478.00929792391,40.016091937389,18.0317048810622,9.96078865226875,437.96366623549
515,40.4585736191778,17.0543592048144,10.7698457338144,504.119557527618,40.2047624522811,17.0001946601266,10.5893741253928,491.443699538329,40.6964414923779,17.1523648874293,10.7427663100399,505.857025905278,40.6406936128312,17.3908043251145,10.2417668344535,476.239890023306,40.0300175763629,18.0299717420424,9.94518953967859,437.589251407867
516,40.5046637800043,17.0117288296193,10.7712477869257,506.096447185447,40.2954335799245,16.9744668018581,10.5995245565783,494.382320094526,40.7075966680582,17.1270371836475,10.7464806528135,506.816052563474,40.6495119119119,17.3890276969148,10.269672603359,477.755114967241,40.0361579359897,18.0549520074624,9.98198806905913,438.832270644181
517,40.5275336316238,17.0055131925397,10.7666748280917,506.507890734691,40.2656232686197,16.9574720224942,10.6025341733965,494.250940211481,40.7415662772445,17.1031872668722,10.7408804703726,507.794006927547,40.6628617460442,17.3741355064906,10.2770346409789,478.678092616334,40.0393035017929,18.0062805493748,9.99450067230712,440.418125421802
518,40.4598343263081,17.0301197979823,10.7483740508032,503.662671307966,40.2641267152929,16.9584257825362,10.5943932577748,493.819521659426,40.6852179610907,17.0896001244429,10.7431010063705,506.980211453648,40.6108507954208,17.3479038753131,10.2934252486402,478.910810370425,40.0232945406055,18.0468522124285,9.97728427965361,438.530425127269
519,40.5050681479343,17.0167398482325,10.7591582813905,505.429283883511,40.3386287661518,16.9593353776213,10.5913449458426,495.236321735968,40.7212549791324,17.1038609346018,10.747948400836,507.677065105652,40.6384336532543,17.3754628828215,10.2658409238242,477.62791468967,40.006958198202,18.0431204298452,9.97447642027787,438.155563838566
520,40.4998317896425,17.0225601184279,10.7665532035542,505.538589044857,40.3147708961012,16.9563003564784,10.5885648224198,494.665358922757,40.6745765647935,17.1128422124115,10.7310757068823,505.685510241721,40.6003457138888,17.3858840776688,10.3002878740436,478.231275388016,40.0045064243007,18.0016265761119,9.98070177917447,439.20836409556
521,40.4782446449362,17.0537644535822,10.760216715929,504.10496663391,40.292406252142,16.9725093790201,10.5880217613723,493.823151131144,40.6851507251991,17.1079921403282,10.7356325027825,506.231420053994,40.6275148790793,17.3662667622112,10.2668069997319,477.637489977525,40.014088092351,18.0693519976237,9.95986268003671,437.133116106256
522,40.4975006509317,17.0011597365139,10.7521508974832,505.272406101058,40.2612866583088,16.9824483796133,10.5894853267099,493.021832750196,40.7442123757689,17.1280210342962,10.7359520379486,507.084595122138,40.6628524321824,17.3733595592678,10.2851813158871,479.073313905976,40.0312650868416,18.0168537881221,9.97275092351322,439.088481219811
523,40.4632595139898,17.0436063745827,10.7572798143645,503.863523951925,40.2396221812481,16.9744432312944,10.6158947973154,493.961384346852,40.7142940603255,17.1323031365764,10.7303918007075,506.088004105112,40.6579624053275,17.3380626571817,10.2799215498731,479.453479923689,40.0285334835681,18.035899582876,9.94943201887228,437.628431821764
524,40.4651110223224,17.0508150967923,10.7692883480098,504.310608575331,40.2913286319233,16.9913186963174,10.5977181731875,493.853877460038,40.6857161317961,17.1350597857648,10.7394689674783,505.843085983896,40.6240156217464,17.3553226281509,10.281116951999,478.456307974629,40.048711884798,18.0719556668241,9.96078395272183,437.811441337748
525,40.4476052240347,17.0515609728541,10.7545243058596,503.226653120579,40.2650528727881,16.9808902319596,10.5976284610865,493.51380939002,40.7472593226919,17.1464124837821,10.7246621888672,506.222219437004,40.6145571862216,17.3630506397212,10.2889480310964,478.46708500328,40.0589973529782,18.0429971281428,9.98537215176952,439.675911076846
526,40.4610530316443,17.0063802853033,10.7679516888457,505.117566020569,40.2718880946386,16.9700582918466,10.5976984942982,493.891533230885,40.7145420999194,17.101250167134,10.7412269848178,507.271457017631,40.5927645225399,17.3848788580118,10.2699930639674,476.689649608105,40.0297743878371,18.0027725981611,9.96970469338613,439.205406247514
527,40.4991654193688,17.0356849361319,10.764619666532,505.150886910285,40.2458963067344,16.9708082566834,10.6218771157475,494.450250251691,40.7106671123821,17.1229613844344,10.7467449202172,506.9821134228,40.6636960785561,17.3787143361823,10.2809427146611,478.783126810548,39.9802780715138,18.0250150406051,9.97926422206562,438.194741700775
528,40.5011678047409,17.0567907387594,10.7660009521735,504.80437163094,40.27010734537,16.9958513763297,10.5805248187502,492.507685836749,40.7337604373934,17.1264251065221,10.7356359605404,506.879516221276,40.6198095360028,17.386496252568,10.2572154700815,476.618200864192,40.0229326507717,18.0347695349562,9.96696693296707,438.310589384038
529,40.4811705742447,17.0172876486789,10.7636989935727,505.116346062441,40.2599631534733,16.9522277921182,10.5868385137539,493.510460783954,40.7236860087988,17.1087300060384,10.7341846766731,506.974597730278,40.6525441103287,17.3823240446665,10.2652118345546,477.747476821452,40.0020939865345,18.0205869360569,9.96682117337402,438.17149978674
530,40.4884967893891,17.0050977798094,10.7687159835307,505.77210852418,40.2693493357058,17.0026933043674,10.5761453802154,492.1430733978,40.6938890837418,17.1031327446311,10.7394266415361,506.702394244465,40.6395085018573,17.338144273817,10.2711812305112,478.665069808706,40.0229100982704,18.0549472300326,9.97398329126874,438.21618918203
531,40.4440953425754,17.0185994180176,10.7745763365852,504.799588123025,40.256450497843,16.9941441669079,10.6250703109695,494.327280722991,40.6773388648386,17.1095182475782,10.7386578883628,506.173525566128,40.5704880776571,17.3872614203232,10.2859884703297,476.924804204752,40.0306152020492,18.0039019846023,9.96871135392797,439.155892280957
532,40.4769677248223,17.0266562537824,10.7501830576487,504.190282145114,40.284111212331,16.9727344082594,10.5943446576319,493.937520612521,40.7064882708271,17.1141592477473,10.7415864829621,506.838085071818,40.5987556579895,17.3730460553301,10.2696183298123,477.038346116735,40.032197150597,18.0242596246288,9.97670452426507,439.133379770139
533,40.4720039434566,17.0169852392882,10.7533890718775,504.441883628174,40.2636839696456,16.9752654858711,10.6164308669433,494.479769666871,40.7076382712833,17.0956809468178,10.7523657084624,507.768800490522,40.6227846750425,17.3148536969987,10.2961145460342,479.962254361998,40.0145081053954,18.05860356779,9.98914587323428,438.641466409893
534,40.4565816968471,17.0281762581584,10.7403940639888,503.260613404828,40.2825862617416,16.9877129578782,10.5840648842041,493.108901034809,40.6946472022121,17.1049951644571,10.7325553442921,506.354492095597,40.6324349446368,17.3868388415113,10.2704459462358,477.485276530359,40.0044049708154,18.0638990758119,9.97995497735855,437.930522025211
535,40.5149245690068,17.0357543392935,10.7621905456108,505.374607730015,40.3055458393227,17.0139928588694,10.5921072254906,493.413253234311,40.7116998764819,17.0957189126136,10.7398198795007,507.262763659323,40.6471142259632,17.3509747384342,10.2822108895408,479.071638245862,40.028488265086,18.0332278976248,9.97418387238075,438.769542451893
536,40.5063641698685,17.0862828342451,10.7393002637687,503.03057133029,40.3129499713763,16.9802454320934,10.5877806410544,494.083114848925,40.6647525482911,17.144868986578,10.7563231840108,505.974937680179,40.6012137346146,17.3465437278766,10.278448971735,478.043878037586,40.076160462216,18.042364131187,9.98545258950075,440.034857260413
537,40.465908584714,17.0012385650463,10.7492868624645,504.456938348955,40.2017508895523,16.989541032683,10.5644840627227,490.450042186938,40.7142522949226,17.0964356276852,10.7217477397209,506.448544938191,40.6254366037037,17.3723046779177,10.2673624600665,477.496667627576,39.9941185125411,18.0850001127595,9.98775257919774,437.645707610735
538,40.4843434264391,17.0246893685154,10.7466990259588,504.227682827238,40.2500408289423,16.9578855653119,10.6085288453945,494.191001971261,40.7125093515482,17.1273056234091,10.7291783481893,506.099714355167,40.6439247499157,17.3572628261707,10.2965123952186,479.54280628221,39.9977650145894,18.0164292784004,9.96891583279269,438.260171692852
539,40.4819358400886,17.0194231079062,10.7500705025411,504.447332075457,40.3141138414197,16.9829757322752,10.6016481124236,494.697032591014,40.7427152438996,17.1459335215279,10.735363015947,506.640035595446,40.6582893283457,17.3943677606589,10.2697177024008,477.827814301873,40.076186421666,18.0090515925272,9.97184481765243,440.100088172769
540,40.4601665874174,17.0600610355963,10.7516781928174,503.18080914228,40.2482502463677,16.9640137716972,10.5795464764595,492.6733239053,40.7090259609919,17.1258258757663,10.6993284434398,504.648806918371,40.6059908735208,17.3590092169298,10.2857315010477,478.224423058952,40.0725567796329,18.0721413162931,9.95466903399189,438.01370909573
541,40.4081785033617,17.0313923822027,10.7466050238925,502.442174344213,40.228196952199,16.9813362442549,10.5669034764396,491.294666462162,40.7381494058898,17.1185705168129,10.7212148073374,506.461157857289,40.5690767146082,17.3915915618587,10.2610458437132,475.650475388691,40.0291592163148,18.0406703285183,9.98482191598604,439.102291492571
542,40.4885775271468,16.9911064039888,10.7926948429709,507.202070827532,40.3133790679755,16.9738444395692,10.5978131466654,494.696053843955,40.6755583154024,17.0893030869177,10.7503783957797,507.122337291298,40.6134500229357,17.3895339128029,10.2570015053927,476.41548500549,40.0280190007808,18.034436233644,9.95913312588435,438.074037386142
543,40.4865149126216,17.0135554171398,10.7854714350094,506.333868267307,40.280889649771,16.9583001936154,10.5939863225656,494.15838741065,40.7215001324521,17.1533390590848,10.7601907260112,507.19581642157,40.6476996629573,17.4166924208504,10.2648691908072,476.926501021847,40.0497084967423,18.0162180733069,9.96902872446258,439.304997862796
544,40.4946727747954,17.0137257930428,10.7516718280613,504.91887231982,40.2949051594954,16.9434570196073,10.6084729841136,495.446413463866,40.6922782913612,17.0880213243998,10.7400754591214,507.023001963314,40.6589182465759,17.3349329091216,10.2617484328124,478.689739967122,39.9964713802994,18.0206070836507,9.9714877151634,438.26412172826
545,40.4659292762659,17.0064500268737,10.7745726910145,505.531728931844,40.2615991416946,16.9804033423275,10.6055016667077,493.817521706273,40.7111014871713,17.1148715567754,10.74034839005,506.863460288355,40.6702676608741,17.3729922780799,10.2939306980631,479.64107648835,40.018370219545,18.020486263168,9.95721883741319,438.075489027333
546,40.5375725059967,17.0021646570876,10.7671638275524,506.819184114933,40.2953438604723,16.9932845301843,10.6072891906515,494.343364108165,40.7128213091031,17.0933205784899,10.7363585279307,507.174856189169,40.6447413898649,17.3660556225498,10.2816934707697,478.688622923805,40.0091841012535,18.0333577033251,9.96215883248633,437.853346102617
547,40.4740179542396,17.0149951493268,10.7383231901708,503.821137209479,40.3176831124964,16.9721033964996,10.5942984584108,494.660078391782,40.685209260024,17.1231797649363,10.7281039161699,505.55180179832,40.6537918768132,17.3848599063631,10.270054035263,477.946377358762,40.0129625586562,18.0391949096225,9.95092184517306,437.318489039052
548,40.4667923647684,17.0241881743993,10.7737648664944,505.130210810663,40.3073874551957,16.9931734042155,10.6033584406583,494.417936689552,40.7032452561292,17.1383437040418,10.7507334393173,506.679950220494,40.6349748141167,17.3765717772309,10.2546813069114,477.015021701929,40.0227586537259,18.0146801507751,9.95300758327203,438.093144466232
549,40.4490529964858,17.0292641884754,10.7529642933631,503.664305621282,40.2734079647383,16.9837416066118,10.5766022782437,492.651076525793,40.7129440339953,17.1013777760277,10.7221189700194,506.332044972847,40.6255036777649,17.3413905066068,10.2831630698991,478.868665354012,39.9905058180092,18.0423574653028,9.98039458451797,438.102361919096
550,40.4895644108257,17.0547853741426,10.7359315704423,503.188368212533,40.2932558548094,16.9819900776723,10.5909017723974,493.774652071815,40.7035001486874,17.1262893110526,10.7267374244301,505.813099711472,40.6232644424062,17.3714673647288,10.2621007463073,477.224568287638,40.0405962228098,18.0215223171433,9.9756553503923,439.309384835492
551,40.5310874642623,17.0287738401943,10.7337261385147,504.534796124459,40.2766681070093,16.9553486844151,10.5747863194785,493.235939164472,40.7483990952251,17.1177654800441,10.7162703574479,506.464517076151,40.6647437414967,17.3541445185472,10.283375146688,479.423273407363,40.0664628808108,18.0371054353357,9.95853392550963,438.760206955885
552,40.4210311463884,17.0277891844223,10.7630396680591,503.564782402293,40.2585591167324,16.9655788036999,10.5822841948061,492.985874833068,40.7223277101861,17.1189189815087,10.7563087339366,507.771102917898,40.6070362437337,17.3832841349469,10.2481112176458,475.999189003766,40.0172449759623,17.9928284815805,9.95948156468287,438.703540097387
553,40.487310337991,17.0463562647325,10.7888187466486,505.800409489797,40.2718953287786,17.0199326276208,10.6204500179565,493.892615374071,40.7012163557084,17.1148847852843,10.753372356324,507.265211792979,40.6390699225597,17.3879152510351,10.2675386244986,477.464257308141,40.0620492456625,18.0244875151163,9.94966603638365,438.532758950248
554,40.4818600233248,17.0153015329214,10.7650397960456,505.236872050847,40.2405312350887,16.9888110472499,10.5633333074175,491.231340629899,40.6670906515245,17.120437431004,10.7249501284822,505.073362965495,40.6312895410932,17.3637813470032,10.2594163085608,477.42210605204,40.0342152453676,18.050326595973,9.96118549904558,437.971185653965
555,40.4930997182294,17.0193091777511,10.7860313705295,506.378082309677,40.3122295704985,16.9733520342716,10.5930605228977,494.460284555501,40.7201639541492,17.1177516419918,10.7563502998186,507.751629500631,40.662443730633,17.3464451173417,10.2862702096492,479.669323888243,40.0906707116844,17.9912388611397,9.96063182759995,440.248608524823
556,40.5041167710411,17.0000392773265,10.7757492434291,506.548090540788,40.283953863858,16.9658075941858,10.6039720910131,494.52994451553,40.7613382889299,17.1180801014358,10.7489019851431,508.278129733615,40.7014934499848,17.3576267911381,10.2971471712029,480.750461062163,40.0020293442881,18.0138957257237,9.97847781266153,438.816206909363
557,40.500782857712,17.0369115287564,10.7554597825733,504.729448844115,40.3294869204735,16.9576787606099,10.5853610959324,494.798057674032,40.7069804527012,17.1178578120281,10.7298445977047,506.215240261241,40.6620817122899,17.3643193916417,10.272062021952,478.632119060791,40.0492151499462,17.996119808472,9.96140817082999,439.359768253307
558,40.4908744875988,17.0414472867618,10.7571984021136,504.500281630643,40.3303779433736,17.0041430690474,10.5890917436956,494.007282238465,40.6800546322888,17.1417390670608,10.7235937406482,504.830666921363,40.6427363138193,17.3828053605372,10.2518279181519,476.913619042289,40.0169432000413,17.9936988982634,9.97197706222093,439.230574026035
559,40.4889184716546,17.0135572461897,10.7574114332309,505.068238492081,40.2728558600116,16.9703782191426,10.5880186023065,493.454133482701,40.748995794487,17.1021209254071,10.7148094642498,506.743517294295,40.6782101656273,17.3598376419134,10.2826054252315,479.54724763982,40.0322291309272,18.0534450407765,9.95908587027627,437.777196156145
560,40.4773858962331,17.0480539163741,10.7801362849956,505.142783618574,40.2795702555247,16.9812642326891,10.6189044459914,494.804970819914,40.737108585122,17.1137005189395,10.7585357743726,508.306561585256,40.6926113804916,17.3751009252305,10.2842682711741,479.607065875623,40.0098390137069,18.0067755121879,9.9753265475607,438.975486948733
561,40.4879372513607,17.024319122238,10.7518538761986,504.554787062503,40.2848073627985,16.9624535081034,10.5962504943442,494.259007124168,40.7157457466358,17.1034832013157,10.7392319971257,507.155130902471,40.6337672624183,17.3495376549165,10.2919587249207,479.280660123969,40.0117512779348,18.0579374727068,9.9505943586792,436.906991603591
562,40.4291256292189,17.0378352094944,10.7480145059779,502.819857489482,40.2856781940989,16.9831457460852,10.5947605464177,493.769502823667,40.7377922514409,17.1498866890884,10.7345901126828,506.412995657051,40.6360213604665,17.4014927946158,10.2847532010486,477.922784084974,40.0438376234398,18.0585512291366,9.99004959615611,439.26820292957
563,40.4507983339806,17.0182688750723,10.7689566654936,504.687788611771,40.2728257548377,16.9963055584977,10.589254190114,492.961978040732,40.7040844279735,17.1354964249192,10.7355607812667,506.044018070847,40.6293523707385,17.38081297104,10.2810771297992,478.040053446952,40.0187360516041,18.0137094905547,9.94458715630244,437.661809026211
564,40.5139611734933,17.0500998192426,10.7780735152465,505.790445255331,40.3346471560082,16.979815092254,10.6102893204246,495.603050452722,40.7299579816537,17.1250036733195,10.7450041738716,507.270665134198,40.6259268236168,17.3856905715905,10.2546054351808,476.638905969832,40.0682622216384,18.0192716567041,9.96406588527826,439.395189385768
565,40.4526977908676,17.0449057003059,10.7781334052443,504.584611748591,40.3125417481191,16.9628179398347,10.6102677359319,495.493642331922,40.6841095566411,17.1529563637808,10.7587924793346,506.333588002829,40.627530086125,17.3885164296261,10.3043622949409,478.926432187287,39.9856487291682,18.0596860044611,9.97876501530045,437.588059528179
566,40.4008757023833,17.0410727979286,10.7521462581907,502.336034782411,40.2419607529758,16.9774396020273,10.5822029922869,492.379770675379,40.6669410565428,17.1249488628559,10.736724864501,505.527785891692,40.5808394758087,17.3779758858153,10.2747413056961,476.806841877076,40.0184384899373,18.0453460870831,9.95691676545234,437.568504269624
567,40.5086530268607,17.0360751885802,10.7416650382085,504.269137444171,40.3158559325745,16.9763018335871,10.5869115737282,494.187590832448,40.6964519881829,17.1129653570483,10.7284098836359,506.026622128116,40.6624807526191,17.333465160527,10.2738558740842,479.357887754834,40.0378456855021,18.0753646156183,9.9670102469445,437.800547743713
568,40.4834627345998,17.0040515968004,10.7723062604686,505.854815183665,40.3454575125621,16.9709302070246,10.6069903202495,495.86676974049,40.7459037187924,17.1049629997651,10.7492878939109,508.246555743413,40.6769578782138,17.360722341798,10.2779651765642,479.286913783702,40.0629931296871,18.0226174415364,9.96812706255229,439.40253073175
569,40.4689366325451,17.017208222635,10.7457613255662,504.01335232979,40.2619921345058,16.9634119158622,10.5799528451583,492.995760144774,40.7497177961361,17.1019126421549,10.7314919968083,507.552463504061,40.6437035024626,17.3926622916929,10.2876628215285,478.397744451723,40.0018842029238,17.9827370135222,9.98235083648431,439.605704729589
570,40.5325999034636,16.9913660308438,10.7459342404414,505.945102268047,40.2904246358728,17.0015229669181,10.5870797435982,493.122918220083,40.734913014721,17.1327151293656,10.7443479009334,507.180450613865,40.6207002153245,17.3425684613013,10.2810121404029,478.645510338021,40.0368218582719,17.9993350076754,9.96731905180481,439.309325079697
571,40.4298288508284,17.0194286254528,10.7686007175549,504.194505330452,40.3437129898601,16.9652924253855,10.6207959283021,496.594867882614,40.7060659360239,17.1356219644584,10.7389540206057,506.243828111811,40.6111968159967,17.3597287189367,10.3210214937092,479.9578039801,39.9894872753672,18.0219629209692,10.0122400400386,439.888253843254
572,40.4704434458353,17.0162050266501,10.7426386132355,503.920814571939,40.2628277765499,16.9736726358636,10.5700686405067,492.335936832929,40.6952175440714,17.1084382854406,10.7198963996954,505.695660110013,40.6602370254289,17.357501214843,10.2769663987953,478.962865850789,40.0513634322494,18.0208122498501,9.96855515954972,439.225529314062
573,40.4733414837863,17.0333779873748,10.7689415467112,504.847193499802,40.2771995163642,16.9799149305418,10.5960242332201,493.717184079201,40.732975240489,17.1071342534657,10.7771863959064,509.240184154391,40.6167868580668,17.3803610599893,10.2761508752014,477.562034602932,40.0229625367887,18.0509214550073,9.96289919678393,437.810460890768
574,40.4766233405895,17.0820661734326,10.7701344732681,503.925053265675,40.229120957584,16.9973332054624,10.5842066427065,491.780084495905,40.7313271516542,17.1420308751559,10.7416448831546,506.775687291331,40.600607248078,17.4133081442313,10.2687299043769,476.208223418804,40.0348330014979,18.0507519404162,9.94715585790245,437.358161414682
575,40.4551678481436,17.0161334734178,10.7609631411347,504.453169940427,40.2998766999616,17.0089632435068,10.5791776445903,492.797421921229,40.695459286974,17.1164495172758,10.7282475794166,505.922908973609,40.5881701277088,17.3470396736491,10.2805871086063,477.864932270885,40.0493009338601,18.0558076153078,9.98926989466844,439.397881371212
576,40.4795566833897,17.0234499956706,10.7656845215608,505.042089408111,40.2859592595066,17.0106206906186,10.6294705031086,494.809049535724,40.7398336647887,17.0988753167468,10.7509016328874,508.323235413975,40.6436914008369,17.3863395758399,10.2634325906897,477.400525387619,40.0307346974776,18.0417213251035,9.98085391575317,438.938260442417
577,40.453743892104,16.9966398624217,10.7740859979856,505.457712158983,40.2420133562966,16.9674586929201,10.5927082097035,493.08113251988,40.7069670825688,17.1303963678102,10.7614294321031,507.435203995725,40.6519757147157,17.382043574925,10.2637580953386,477.673908755513,39.9686157651991,18.0146537914686,9.95976526122527,437.312615624445
578,40.4808309300723,17.0162480647954,10.7632105169703,505.10849014374,40.2816514046408,16.9669199902523,10.5927940319333,493.936295564922,40.7203216539369,17.1175289704262,10.7213078150347,506.105611308733,40.6347324101263,17.3697400780268,10.2740224747348,478.050108189046,40.0238068284545,18.0102635738825,9.97377109228649,439.116082702498
579,40.4732671633736,17.0295018382919,10.7545412011772,504.253880198641,40.2820121089228,16.9856372816358,10.5884736987447,493.346104269651,40.7025281715071,17.1190542912377,10.7438991221173,506.756928637405,40.6164615997861,17.3480778486683,10.2558730143779,477.275178002556,40.0158029010245,18.0526679293647,9.94701486207219,436.935259961595
580,40.5156433508841,17.0180374051001,10.751262853808,505.25787591665,40.2744479209436,16.9645893672739,10.5609811908859,492.34995549503,40.721984953202,17.112544359798,10.7053136970709,505.492935529497,40.6861846083876,17.3736974859646,10.2767743515026,479.154339458904,39.9809243911502,18.0109059689838,9.9927873573003,439.083444657358
581,40.4723306257284,17.016722401658,10.7684540917211,505.161280708599,40.3057822462144,16.9786652811783,10.5893902511304,494.039889953066,40.6932666818235,17.1431938604372,10.7228233158223,505.04653987695,40.5844984631399,17.3727166631609,10.2717503468713,476.851255510868,40.0033674784926,18.0122480782679,9.97851975009101,438.877638523504
582,40.4990477425138,17.0361053311875,10.762639414643,505.046377559275,40.296660420159,17.008870534485,10.60523753103,493.945086620582,40.7082741801622,17.1313560315741,10.7494282726315,506.876781055902,40.6080486625466,17.3597322496944,10.265810334247,477.325613769806,40.0107327005422,18.0189764572595,9.97715342298543,438.830252160258
583,40.5464770631099,17.0183407441726,10.7745133205055,507.008436350117,40.3457260183164,16.9524196334751,10.590780782293,495.50675938974,40.7525886167955,17.0932405155089,10.7403179630479,508.217842812506,40.6717370311678,17.3419938906531,10.2778915375354,479.561139193543,40.0649854575626,18.0281603622786,9.97317558804962,439.554252156812
584,40.486268641325,16.993401153615,10.7604576562954,505.588011652927,40.247205857157,16.9846752102186,10.6056895723107,493.430357415586,40.716989834344,17.1096444187469,10.7363739923773,506.91457869817,40.6144659510298,17.370517281894,10.2831152609204,478.040406567282,39.9799884088247,18.0228320825413,9.97183963825279,437.906483595491
585,40.4635037299716,17.0148286555428,10.770873805505,505.125440265926,40.2827293562941,16.9830015844776,10.5996771962758,493.939186284715,40.7267714129485,17.0909140632981,10.7492188511839,508.13400677351,40.6224939126112,17.3466538151356,10.2820322314079,478.645876190682,40.027738528032,18.0183462406836,9.96034640950246,438.442342889243
586,40.4818267670168,17.0440021558391,10.7461843444929,503.734367811214,40.3059107193033,16.9771528961407,10.5684439532185,493.097339104601,40.702753068129,17.135975359978,10.7313613653343,505.807215605348,40.6332399210208,17.3278005769715,10.2536636874675,477.932274245111,40.0509270266576,18.0302232027775,9.95010933775858,438.21682148401
587,40.4594699218719,17.0017359012323,10.7685222284517,505.210260460731,40.3186435789575,16.9659178662963,10.5903295823035,494.626123884429,40.7199572025309,17.0735878499657,10.7511961284467,508.453509270242,40.6405345685279,17.3429217293674,10.2690249390269,478.487534530265,40.0246341337499,18.026788009331,9.97834072467692,439.004007676931
588,40.4667248600945,17.0063243085149,10.7779249558374,505.708873157624,40.2319244013832,16.9625451844714,10.5947222500211,493.065219467187,40.7195126578256,17.1020851222637,10.749094481048,507.731919958118,40.642270508348,17.3832554969156,10.2972233462528,479.006544773128,39.983007204905,18.0928222619895,9.98720429634407,437.243498219304
589,40.5177770785456,17.0369674232522,10.7451135822003,504.607933496308,40.2626317347697,16.9774318578994,10.5877967164383,493.077925595875,40.7320781328035,17.1551198597891,10.7351944850657,506.206464854176,40.6842352495316,17.388130809824,10.2684020838537,478.427534748732,40.0621893438374,18.0527244540865,9.988378428502,439.677728655319
590,40.5191921101305,17.0421507039117,10.7650252702273,505.461888016234,40.2798664932077,16.996509262297,10.6065430090493,493.911859729425,40.7361834981469,17.1367291779053,10.739093016836,506.873470183294,40.7056839513211,17.3861420698353,10.2773290211749,479.325209078193,39.9898606614151,18.036754198904,9.97109791324367,437.793148075122
591,40.4762256385841,17.0463560130702,10.7606393103516,504.240752257433,40.270357699118,16.9939484906425,10.6011466217222,493.513253692508,40.7866607748682,17.1412357755845,10.7283052926007,507.350676331216,40.6502110776601,17.356690450485,10.2772544615458,478.78687758149,40.0507802326941,18.0596282307086,9.98594261178633,439.204763717794
592,40.4441516192559,17.0420695084231,10.7618076584193,503.697412966634,40.270370617294,16.9803603972696,10.6024843801188,493.863939141232,40.6512778894233,17.1388041433767,10.7422703430893,505.154698829642,40.6073558936827,17.3833534798542,10.2612050468609,476.612501554175,39.9931839635179,18.0389634587327,9.98200668918497,438.294351869215
593,40.4834571401572,17.004496233123,10.7734106759325,505.896976191288,40.2702889794065,16.9447867657297,10.5968934959968,494.355725397943,40.7269631653322,17.1084410362008,10.7359709998961,507.135537277518,40.6204033236441,17.3737211313342,10.2755591092294,477.745313921102,40.0518306681634,18.0429065290048,9.96788376859295,438.764795381826
594,40.4556711947287,17.016910205304,10.7587678867564,504.34437807676,40.3090382195058,16.9919673310882,10.5887629054623,493.797870574622,40.7296558608058,17.1190798071108,10.7179391457873,506.113434680972,40.7079564097607,17.3661691257564,10.2745811564277,479.65417557115,40.0289391850214,18.0342235364882,9.98211937969497,439.107754652207
595,40.4737497711262,17.0148553658547,10.7639591559938,505.021162446225,40.2683476000924,16.950477635843,10.5902035136881,493.881976854233,40.6817893769931,17.1194998022468,10.7359915183439,505.92908205448,40.6315680745552,17.3683164335607,10.2585450000777,477.294227614548,40.0287306686825,18.0541102678606,9.95143696208366,437.358099368993
596,40.5007208922709,17.0600528343902,10.7709452595502,504.95630499744,40.3512425017663,16.9547414016359,10.6033802738704,496.163996485419,40.658096814158,17.1131903198933,10.7626915514527,506.813132411131,40.5815720801128,17.3945781833164,10.2848968125819,476.951679245034,40.0574991325202,18.0337523107422,9.99753022181092,440.366148896476
597,40.5032670880828,17.040412569133,10.7411588441201,504.036494649042,40.2854423138153,16.9754505927275,10.6013681592208,494.23560804728,40.7293327308561,17.1025000401371,10.7351073560186,507.273170835115,40.612356667949,17.3593011552773,10.2996059048376,478.994615727658,40.0170804588745,18.0047985069624,9.97725033941573,439.244095152059
598,40.4367227161552,17.0040881941655,10.7554915760057,504.059006409763,40.2837407415695,16.928749111377,10.6063415531556,495.422036401823,40.7288429511988,17.0884334415345,10.7252735104965,507.099715782584,40.6280412181276,17.3447389891639,10.2597672035109,477.762521196305,40.0184301716178,18.0718410274639,9.96397037575141,437.350328162275
599,40.4435819940821,17.0449962452565,10.7487517112112,503.011177215224,40.275609226214,16.9851410007345,10.5922284621835,493.395920871009,40.673202238561,17.1136259105993,10.7464364679763,506.36298044176,40.6251082532002,17.3602417467596,10.2615185281185,477.465717420087,40.0214297112837,18.0065228214863,9.95165932751082,438.16970698827
600,40.4901435620986,17.0281384991962,10.740099570113,503.968540980136,40.346768843299,16.982285626695,10.5990463517704,495.282481195895,40.6950286478676,17.1181796967075,10.7241786817128,505.684681807989,40.6122853062444,17.3842374484882,10.2848158064531,477.792387521002,40.0466551792947,18.0139786445462,9.97757868996197,439.665527751863
601,40.5227123352523,17.0162739616877,10.7684019107935,506.253551795687,40.2604439433757,16.9767361801227,10.6029370179619,493.751373916805,40.7576405682917,17.1176946303637,10.7615907230013,508.806845795719,40.6777486847417,17.3818889757451,10.2580305459945,477.939280980178,40.039999890445,18.0198550975726,9.95675383765096,438.498322344125
602,40.4869282543704,17.0278829847856,10.7680585708221,505.21674695691,40.2604992558438,16.9968140936341,10.5989304338206,493.140361337129,40.6638000259121,17.1204860690483,10.753633655933,506.352346677454,40.6388684135829,17.3873939349622,10.2779950591136,477.957079616739,40.0235035317496,18.0022930086331,9.99632855148823,440.262510981125
603,40.4635401087407,17.0026082212955,10.7611669388289,504.934009162583,40.2528753576135,16.9638205032536,10.6008254996191,493.76641312425,40.7740079686115,17.1174662483221,10.734874686529,507.900021767905,40.6647703415072,17.367844697054,10.2946392860814,479.666891968612,40.0203084299952,18.0264886384283,9.9547360915267,437.885343339291
604,40.5056619939812,17.0490313354418,10.7673117445501,505.129709554533,40.2410354947205,16.9559396986599,10.5706219440229,492.275889181029,40.7126507982373,17.1166834075045,10.7173289027155,505.771486608467,40.6573903253552,17.3716779154352,10.273148372713,478.435157102864,40.0076165582554,18.044613208626,9.97410112383276,438.122432784561
605,40.4981626649054,17.0458826613747,10.76479859136,504.918141492372,40.3021232966131,17.0036552103204,10.5858375990967,493.267598938462,40.7364232477946,17.1242202496855,10.7224889342622,506.363170721556,40.7084948523064,17.348498977697,10.2752611069633,480.060114138396,40.0300917108434,18.0101474366448,9.9733043896928,439.223213781311
606,40.457383975594,17.0121890899323,10.7508798568301,504.112946871433,40.2730440224241,16.9819544058922,10.5954088479672,493.557234003596,40.7205006282163,17.1352275546508,10.7227464985768,505.797808535102,40.6434436324319,17.4125634093738,10.2959389422491,478.367448702614,40.0255603754702,18.0117655168988,9.9766836379726,439.249333950389
607,40.4863389536735,17.0532328505404,10.7516471144189,503.888975231245,40.3067167165229,16.9972722682141,10.6057382510862,494.427733193994,40.6726352534542,17.113024452144,10.7288620594943,505.53562892526,40.6301280702827,17.3758239722523,10.2823370459096,478.21718500805,40.0670795160544,18.0303961238465,9.96595707269446,439.233281422606
608,40.4640141605998,17.0129286289712,10.7693460135801,505.105708968341,40.2992013409732,16.986620887659,10.6005326444274,494.251540242397,40.6988409453109,17.1257913572145,10.7389103365716,506.297731772248,40.6232528947178,17.4055641877732,10.3062693018933,478.575504762597,39.9838116719908,18.0510840163373,9.9893180245327,438.185983395571
609,40.4383735679343,17.0078801985761,10.7637035272987,504.39776825222,40.2847968023192,16.9413602203443,10.6129652660514,495.486163269548,40.6976129635904,17.1089164040033,10.7350709289134,506.452661375564,40.6509955129616,17.3461362584939,10.2952875415342,479.86045427946,40.0265259763237,18.0496130444202,9.97992372247896,438.655829431916
610,40.4950827434862,17.009799821584,10.7560279959751,505.21672120275,40.31010317934,16.9460087378859,10.6102707692469,495.798736604169,40.7121514378582,17.1079583865451,10.7294764312254,506.521266044315,40.6623222848214,17.3553216937023,10.2766756613793,479.036971429011,40.0332369646127,18.0143831534357,9.99620832723975,440.210099647125
611,40.434968828781,17.0217614640043,10.7446468241637,503.133288310867,40.2523575435564,16.9825209211972,10.5947672837068,493.077007487547,40.6871381450469,17.125796766709,10.7287525927748,505.567604804192,40.6328718185294,17.3983567129678,10.286554214474,478.006198560746,40.0446861083097,18.0255215475205,9.97480133375408,439.27358405822
612,40.4327773520534,17.0132010143981,10.7635529673772,504.155700767774,40.312719220662,16.9914121703615,10.5916184276894,494.020771023531,40.7077551747259,17.1026918731658,10.7508243318371,507.547777793936,40.6511528046395,17.3293692405648,10.2785631845703,479.428851880427,40.0036458060104,18.033282845673,9.98439584909107,438.721601488434
613,40.4816916612227,17.0303702282814,10.73261919325,503.388205036523,40.3227689329421,16.9746711133571,10.5964725738842,494.814956395194,40.7286591383069,17.1306989710087,10.7202041957776,505.949903194524,40.6596393339811,17.3721248068887,10.2924408211934,479.370730285559,40.0392458144367,18.0252382469133,9.95834601233009,438.446208950903
614,40.4923657582745,17.0621827792816,10.742860959258,503.414395986589,40.2375425636038,16.9816638903406,10.5920568677536,492.655178833565,40.7408136636107,17.1422127538626,10.7255030778513,506.213733380973,40.6649976822347,17.3613292704195,10.3016342791931,480.131738684208,39.9882715079709,18.0326627062417,9.9726756575606,437.912330887857
615,40.5162224195516,17.0164567356674,10.7461842065425,505.065621699212,40.3090346333597,16.9652080191998,10.5946313143605,494.638472886761,40.6987031196273,17.1115561624654,10.7363948757584,506.481847449268,40.6604682822373,17.3544382651731,10.3042140958854,480.300646041923,40.0378243781782,18.071283524751,9.96794482326155,437.922534369766
616,40.5112960736272,17.0410655210621,10.7663805030174,505.378865244919,40.2962583866421,16.9653459613803,10.5936042031012,494.316903860881,40.7294507405923,17.129937065952,10.7365344612435,506.753983672728,40.614769927705,17.3473489595234,10.2754075850193,478.164467800583,40.0547766284877,18.0314257213732,9.9639956404698,438.88114485405
617,40.4830436603922,17.020116808833,10.7808550645975,505.900827555825,40.2765416803681,17.0087364927908,10.5956641716218,493.075699556576,40.708771353667,17.1467130538487,10.7511406252905,506.638004405277,40.6217373405763,17.3614082713529,10.2711164576311,477.819097425631,40.0361402141467,18.0237651556443,9.9718293360225,439.007294727809
618,40.4422802440163,17.0057461806633,10.7492738431701,503.85144516353,40.2626143476219,16.9790063577373,10.593118267187,493.292026247338,40.675907561245,17.1133253488901,10.7595790085304,507.046929917653,40.6123220332147,17.369765081571,10.2904741646733,478.353863663674,39.9841260697452,18.0228830773086,9.97164636927671,437.979497900668
619,40.4939249628634,16.9994363549405,10.779103381457,506.49904319853,40.2704765416495,16.9731465970798,10.5965147869583,493.741002508556,40.7218845121271,17.1078153458782,10.7437745856116,507.408472342439,40.6265378572641,17.400111592167,10.2952799940899,478.245123322517,40.0254568680709,18.0211077397634,9.96464986891629,438.531269313955
620,40.543681451378,17.0006211974364,10.7502409610966,506.187141382977,40.2959827911382,16.9783181679629,10.5976331186477,494.224109720162,40.7669562511973,17.1159196802392,10.7493459680855,508.466349210144,40.6957765613178,17.3251642109322,10.2949957820019,481.20071114004,40.0168485018938,18.0247268750941,9.97555250873993,438.767128133472
621,40.548111072029,17.0280734210806,10.7570066649186,506.010403540775,40.2787126287462,16.9753126185232,10.5930458343516,493.707968809043,40.7059407003948,17.1158823222387,10.7246628569157,505.990845761368,40.6520237833895,17.3721559969938,10.2663296200315,477.997592411785,40.0464446021302,18.0107795007156,9.96987813359322,439.385791307552
622,40.5112217725499,17.0048790036514,10.761078741954,505.907210942955,40.3491180811495,16.9895945565227,10.5877081863873,494.647636903595,40.7444414703853,17.1244065162119,10.7526666706764,507.956725223903,40.678401761835,17.3593269834432,10.2875062961187,479.790257204735,40.0360833274346,18.0286581646777,9.9822965457535,439.369288366234
623,40.4441671418672,17.021020299005,10.7676845685374,504.426113612945,40.3120814229731,16.9903105878537,10.6163270637241,495.183093781699,40.7122690754187,17.1362299453936,10.7474119219066,506.762808034738,40.5977333973897,17.3701639799055,10.278559821292,477.491923521645,40.0230247639688,18.0360966942187,9.98453216047995,439.058380845158
624,40.4675855576278,17.038309653499,10.7507480824839,503.764486000598,40.2682909401734,16.9643439571403,10.5910329131666,493.625739007985,40.6987408831766,17.1028709684277,10.7342072700828,506.565916765653,40.6549160028209,17.3861063838518,10.2783406809631,478.329505008469,40.0472867476854,18.0331093049066,9.95695562728549,438.388375937875
625,40.4877052500051,17.051664273591,10.7573655294218,504.220118691586,40.3497078657774,16.9750405665263,10.6182048449942,496.394011134073,40.7080013297678,17.1045833805532,10.7152316789042,505.83218347968,40.6211498613085,17.372512407069,10.278981550548,477.944630935012,40.0745847364322,18.0294884661105,9.9684607784691,439.511355056556
626,40.5254969390155,16.9941046193454,10.7719168604043,506.956403354086,40.2415500645418,16.9874489690921,10.5951390382615,492.760868632159,40.6898441527889,17.0973882099545,10.7392066131374,506.72851776288,40.6072068434638,17.3796272617339,10.2650725753882,476.865580314125,40.0169638264495,18.034017176845,9.97351924615855,438.494682994214
627,40.4928217720082,17.0454202217914,10.7544071898911,504.32580763183,40.2491096523259,16.9894457859306,10.6058560148748,493.377291842747,40.7162518015432,17.1359663128275,10.7350443310547,506.270820120579,40.6485942098272,17.3837739062573,10.2799402839974,478.321926877256,39.9983201922981,18.01105201907,9.97662649083533,438.717524236255
628,40.4857417806988,17.0049214027759,10.7617016794938,505.38716819397,40.2613442932417,16.9934961866578,10.5973378517751,493.154494938511,40.7552219886545,17.1125683514032,10.7427989454916,507.976549125775,40.6649022734407,17.3519546998179,10.257510805049,478.265623267955,40.0177823749586,18.0319817149104,9.96776679520294,438.298667570358
629,40.5112794001459,17.0166734101069,10.7819587282927,506.635744244197,40.3068835941715,16.965131297592,10.6003669581288,494.862279578978,40.7327559633273,17.0964004014012,10.7127045449487,506.418587308538,40.6623655315002,17.3538813449451,10.2653429273214,478.539166582074,40.0085706623,18.0557798620802,10.0131739049165,439.634223961705
630,40.4955467127714,17.0498073898769,10.7595210877819,504.529853326643,40.3176293354033,16.9785299295386,10.6083804416487,495.180091325739,40.7136888060644,17.1161272021979,10.7326722767134,506.52979044771,40.625274386867,17.3720290382135,10.2912247326056,478.608747290818,40.0848536231323,18.0217238208758,9.97173065233982,440.015175471427
631,40.4801903169463,17.0444248130234,10.7404380987639,503.420777384064,40.2712278292007,17.0127340608743,10.5690944016518,491.642432555343,40.7341445036131,17.1354524115809,10.7245088413617,506.168763971146,40.6487780767903,17.3919249246003,10.2750735157748,477.931751768663,40.024207615593,18.0275962249976,9.96198861978169,438.259984693744
632,40.4858577059899,17.0021218408071,10.7599595769476,505.368097250165,40.2551309091841,16.9591360501816,10.5851047280948,493.181090655397,40.7595899036593,17.1003884206814,10.7304981700524,507.750036435992,40.6667957206115,17.345773747075,10.2806558973459,479.510804168743,40.0147821776423,18.007375917533,9.96716020317537,438.702687701747
633,40.4415996140003,17.004994114114,10.7490641759143,503.843153167731,40.2667998746901,16.9816025614554,10.6082950677501,494.032487619148,40.7083894895545,17.1002712606466,10.7463758662406,507.403423964981,40.6545961683824,17.3505773905565,10.2806168879537,479.159378009012,40.015946887268,18.0310424238585,9.97153625329787,438.446543764357
634,40.4493936090361,17.0355033247714,10.7790378473162,504.758419053998,40.2575951331953,16.9861529363739,10.5990555953051,493.310619254079,40.7647686261461,17.1568082035656,10.7556123798808,507.836142769685,40.6562555411342,17.4183880357892,10.275590905566,477.565640005341,39.9732474140978,18.0367378932836,9.95257499229971,436.6495121504
635,40.4704565349187,17.0253303637474,10.7521253799601,504.169872282834,40.3042080786922,16.978930139976,10.5707692230502,493.132260307346,40.7121334748751,17.1406304114805,10.7270043722307,505.703232842166,40.6591746959925,17.3819347685081,10.2773279201946,478.455655623609,40.0124781325493,18.0249434057843,9.96984954061596,438.42482598983
636,40.4744415148588,17.0101814432382,10.7374260273214,503.891513609715,40.2517749097833,17.0115336491824,10.5927930172905,492.358130690882,40.678535381952,17.100630860774,10.7526224850115,507.048612607744,40.6240231363177,17.3722774856985,10.2931809983514,478.668853018909,39.99406678965,18.0286973633986,9.97278140986305,438.111655749788
637,40.4311092721786,17.0336931342641,10.7724943481317,504.097066213138,40.2757426348249,16.9601100792792,10.6036450832204,494.461385019572,40.7482548261584,17.1036753331014,10.7583744472733,508.75447966925,40.648390811237,17.3418360683259,10.2770084397069,479.043319586776,40.0130672766302,18.0079727335562,9.98068462349421,439.25181748919
638,40.5136848890574,17.0093489797033,10.7733158044527,506.43926705082,40.3298381396079,16.9704870197119,10.6034347640926,495.378711462704,40.6916434433025,17.0952446726325,10.7502561677912,507.33466284411,40.6395187734044,17.3692936616834,10.2866276194772,478.744280691362,40.0911257523343,18.0388073894483,9.95450886871098,439.039997437974
639,40.4466808691374,16.9864163982261,10.7697152160497,505.320734489846,40.2233688911064,16.9895900993363,10.5941086014848,492.282351485774,40.7123540506388,17.0948185762381,10.7384896636577,507.233321145838,40.607735536474,17.3522388703,10.2816190496195,478.208315062595,39.9970132327041,18.0629319835683,9.98176346165678,437.881621555269
640,40.4749941112564,17.0514427819548,10.774876578149,504.771749190325,40.267983443299,16.98393004075,10.6012595183315,493.680585518225,40.7142917703099,17.1208081419667,10.7426056336389,506.910980286016,40.6444295669167,17.3629977615013,10.2457922708902,477.073428094366,40.0084229315746,18.0192191521857,9.96030697096221,438.03843937951
641,40.3960510678388,17.0355116762029,10.7880145076144,504.02767572533,40.2390410943251,16.9628344413238,10.6103596523556,493.937847861795,40.7082443833272,17.1058805655972,10.7638441956617,508.104333566737,40.6193178589404,17.3667254476996,10.2660761591951,477.425769185042,40.022684350897,18.020067179488,9.99378861640862,439.779010037647
642,40.4792989219668,16.9866212884177,10.7613001855848,505.623512355591,40.3096476160914,16.9681777309282,10.5847110836537,494.125430004511,40.7042945486129,17.1306703110845,10.7311848227324,505.945837269122,40.6287080400449,17.3682382884435,10.2839143477254,478.417357226654,40.054532877681,18.0502238697937,9.95786452259991,438.231856027934
643,40.486350614429,17.0125382740772,10.7513716090719,504.751359105477,40.223070117408,16.9853013078952,10.5875591803517,492.062504980095,40.7779687054363,17.1208398381984,10.7439889218442,508.343860944488,40.6701777730402,17.3721776830651,10.2909997220128,479.519424898776,40.026525608857,18.0455578746894,9.9609863614953,437.904239625023
644,40.4841658175287,17.0219382453281,10.7777350352591,505.739344220258,40.292900672442,16.9872996132481,10.6043722150822,494.282536655812,40.7343839006204,17.1328281539378,10.7438869732642,507.144894671104,40.6507617053647,17.3344355442037,10.2747994726894,479.141151491505,40.0395087818665,18.019684210218,9.99558602671395,440.202101598125
645,40.4762324250702,17.0182224808049,10.7870589137098,506.085870534359,40.2449021668626,16.9757788787913,10.598165223669,493.220026433808,40.7040830456338,17.095445653809,10.7619919721289,508.151932167441,40.6277894724604,17.3524134702875,10.2816555307294,478.618796805095,39.9958789986553,18.0566289598886,9.95184822389037,436.672173063574
646,40.4213064414167,17.0264870394393,10.7723961518784,504.036524999504,40.2790578677155,16.9648866911925,10.5860743951403,493.611101071417,40.6795050128299,17.1311976727455,10.7521938018027,506.391928449998,40.5915385199735,17.3436509847437,10.289123945383,478.400792636605,40.0454171115958,18.0391043234261,9.99067967155622,439.716043637348
647,40.4686568207275,17.017935615119,10.756567745623,504.498542663693,40.3075451395067,17.012603773131,10.5970668450847,493.716101623622,40.6834431027633,17.1561069179732,10.7155430800528,504.216368894004,40.6462018415636,17.3807018093983,10.2774276750614,478.218987809435,40.0027901176473,18.0555466615988,9.97816854756328,437.986588717713
648,40.484183318761,17.0135643018643,10.7571524650858,504.954054429396,40.2486400759092,16.9779489109507,10.5863886260532,492.705160538227,40.7449258288099,17.1403795446504,10.72924258708,506.517806481411,40.6219469335374,17.3565289087316,10.2849191413194,478.565886348245,40.0329309843334,18.0125651447415,9.98530611212668,439.760187218686
649,40.4745845981874,17.0096521190842,10.7818143383309,505.989090902322,40.2555856589373,16.9686689810348,10.617262281057,494.48660417282,40.6919409443692,17.1064465134544,10.7634532963742,507.722735558092,40.5987409445614,17.3525711579571,10.2925426167283,478.524386408655,40.0364888906564,18.0321950926159,9.98220274281,439.302643808793
650,40.4763037127814,17.0569299489138,10.7543193859901,503.718850553018,40.2683208047092,16.9701162660461,10.6024315259466,494.035236597346,40.7779561589061,17.1260534621223,10.7341083022874,507.764170204879,40.6418481237527,17.3932563688618,10.287484262527,478.339043608711,40.0014157440219,18.039418610944,9.96645643906871,437.766575483546
651,40.4823072876652,17.0754049354464,10.7559884407883,503.528742270255,40.2759261913096,17.0008017535444,10.5843293978373,492.703167649922,40.7056839718762,17.1420229623565,10.7235706737594,505.373168336187,40.6605334232456,17.351756120541,10.2884119973179,479.620608087914,40.0461822877165,17.9902349760786,9.97365086170108,439.956635820703
652,40.4892529519412,17.029365916672,10.7740114206496,505.514181690282,40.2659156432297,16.9845340566377,10.6176177336059,494.385619993291,40.7372084693217,17.1548175125148,10.7505604139086,507.047837371131,40.6672594270146,17.3815674060629,10.2818152012913,478.838364387216,40.0288889711947,18.0364363854101,9.96618995005682,438.361919875096
653,40.4931522759692,17.0082704839778,10.749017088359,504.878791400413,40.2901303678178,16.9497376320676,10.5905376364241,494.374615433765,40.7596961620743,17.1270622436752,10.7306030886275,507.184829034353,40.6538288848786,17.3513704857341,10.2805637880946,479.124819983654,40.0051447569182,18.0440550509845,9.97316605200192,438.043188640373
654,40.4275861807545,17.0341439531969,10.7300205780671,502.024232987035,40.2456167011452,16.9652082377844,10.576268272577,492.439690807352,40.7608977558353,17.1019307037671,10.7108184659386,506.81380237265,40.6468458950654,17.4137243335983,10.2903044987574,478.151790648287,40.0060787510102,18.0222557439461,9.98746812597678,439.125463140335
655,40.4957680739489,17.0453324473138,10.7843484654119,505.795338926687,40.3409331783353,16.9975843342014,10.6158973743498,495.621191405949,40.7261084955719,17.1370450062762,10.734894471683,506.452214486838,40.6454886927077,17.4109829160069,10.2668377955942,477.089804140367,40.0740659458452,18.0440470619463,9.95777716075424,438.740037786147
656,40.5075060836545,17.0072541354833,10.7924519086019,507.250677981333,40.295209931864,16.9844750967092,10.6102317007213,494.664595430137,40.711283137706,17.1103570638056,10.7660105050305,508.175636080119,40.6580407341605,17.3665746679491,10.2723623350627,478.51675749388,40.0347070496807,18.0275290676643,9.98738645777592,439.588382702911
657,40.4716656631012,16.9963232739165,10.7390210472888,504.20439201953,40.2391133997652,16.9542446551246,10.593966784563,493.358252127264,40.7244289343677,17.0757186214388,10.7264803922504,507.334854947286,40.6298349715555,17.3390189503371,10.2794121012093,478.831792111104,40.0684116778752,18.0111431479513,9.99208068202227,440.79601355206
658,40.491849134207,17.0079934745069,10.7524342911045,505.017229765415,40.2717885660394,16.9564013341444,10.5926017265769,493.94122209676,40.6879873856747,17.0563034405828,10.7187829073821,506.605779886612,40.6296132769471,17.3439052215763,10.2502373581362,477.368069239628,40.0067442981236,18.0387754638885,9.97244900461727,438.148897868862
659,40.4317137598819,17.0259906099076,10.7931654098307,505.243682988755,40.3083488772863,16.9703099575229,10.5949714064332,494.531710074236,40.7186491518196,17.1013193623093,10.7571792978844,508.111702166059,40.5873277407135,17.3573672829749,10.289555368061,478.05192865554,40.0126652220611,18.0277352243449,9.97341760216951,438.529775643375
660,40.488921463331,16.9992322784097,10.7451922788836,504.802453726385,40.2733416406383,16.9577667064098,10.5781659322618,493.272040920708,40.760608560458,17.0890864879902,10.7165737648037,507.355224829561,40.6158301594797,17.3371352870829,10.2945200907982,479.285984102901,40.0382032510656,18.0416388642421,9.96625145900556,438.446583826579
661,40.4998921354764,17.0265016850039,10.7584951422135,505.076714265375,40.2859552713384,16.9761909831585,10.5802580722139,493.246643542835,40.6878645655548,17.1044800345057,10.7136370169624,505.327642994211,40.6183030008231,17.3845529238646,10.2709617840687,477.265918282087,40.0510924402903,18.0446571659129,9.98770083716555,439.587384025856
662,40.4754371562962,17.0121787888921,10.7735415701164,505.56477878322,40.240211711971,16.9846906500992,10.6113694559383,493.545851755752,40.7430787251965,17.1118730976523,10.723907513013,506.837727141554,40.6467814696488,17.3602187839955,10.270534652456,478.330897999181,40.0297404338349,18.0124666493154,9.9523165399581,438.245756100919
663,40.5234864281504,16.9909813505497,10.7693167494872,506.858002179194,40.3018348478026,16.953976494777,10.5891943459945,494.470019325879,40.760528488548,17.1162073484491,10.7435811459573,508.049365619455,40.6483123148305,17.3569201406622,10.2613568482439,478.002573183074,40.0415613154675,18.0290596277642,9.96981569156479,438.921169473323
664,40.4904169501844,17.0329244688689,10.7643431707495,505.008997988314,40.3307568306412,17.0066202285815,10.5875486678372,493.890862819178,40.7477266206061,17.1213255112003,10.7330982703266,507.168969762812,40.6851365269073,17.3720058323961,10.2602659825205,478.397843621892,40.0481496833337,18.0435283698558,9.98610814453257,439.481056231753
665,40.5233681682882,17.0087640946857,10.7452979930442,505.342855918623,40.2724761633346,16.9726215193111,10.5761052075791,492.843428072988,40.7669375112032,17.0857399168425,10.7342711162096,508.400790668796,40.7061682694723,17.3836572552959,10.2689652215422,478.996108967223,39.9670442853037,18.0655177386768,9.9501279616827,435.845983390256
666,40.4398285736922,17.0371470430344,10.7532325384981,503.308953047155,40.2478002209804,16.9976165804518,10.5787129477718,491.914037432266,40.7118285333704,17.1042001152011,10.7199503871981,506.145210804367,40.6319042238736,17.3226526881696,10.2837815600587,479.414502243285,40.0337966711436,18.0237932294564,9.98078781534704,439.354348333076
667,40.5244565234533,17.0292428299528,10.7617607351477,505.699736381239,40.3136748587311,16.9735626854577,10.6157307949135,495.544695109108,40.7328852761796,17.0635730107193,10.7370719816359,508.278219100133,40.6550770700382,17.3419308328746,10.2670630638625,478.715085268017,40.0383658767103,18.032514521879,9.96880615052063,438.744132666972
668,40.4857316286814,17.0374870721516,10.7653953885033,504.859247634725,40.263119479466,16.9741098719176,10.5822078334331,492.898279803793,40.7036337558604,17.1505248875416,10.7253941005208,505.232749810383,40.6890667745485,17.408306242147,10.2741749980902,478.381215597052,39.9971353151105,18.0191180341453,9.95912826224871,437.763786102103
669,40.4843921095644,17.0178572366958,10.7557565895338,504.800674184762,40.2518700623206,16.9503024659023,10.5958037093549,493.797672743826,40.683529776376,17.0955117632574,10.7500659361515,507.145497888306,40.6205930666567,17.3725039530076,10.2877196708802,478.339647369726,40.0104464169329,18.0581894847915,9.95114699868493,436.900271369278
670,40.4425300808878,17.0536126163974,10.7533758087887,503.019638512817,40.2445441566059,17.0052985324571,10.5883616627534,492.131074876093,40.720265039944,17.1611556300356,10.7334197993085,505.739622788773,40.6522434108679,17.3831086632729,10.2657536077927,477.750407970678,39.9979029949143,18.0221311394103,9.95090880522353,437.357803317035
671,40.5227039318044,17.0220462320099,10.7538502458486,505.445107165076,40.297746387828,16.9936547849851,10.6087999448976,494.456891424255,40.705290262488,17.129338424417,10.7196228687828,505.450624953414,40.6624603767169,17.3544383902661,10.2872731794023,479.551978892269,40.0850920253827,18.0089793411815,9.97532489801311,440.43279302011
672,40.4587867709549,17.0222679739162,10.7633939373989,504.512968667565,40.2301726443531,16.9735701785723,10.6226826807693,494.095016453575,40.6955229778523,17.1179158809594,10.7634961232744,507.554965166991,40.6154258868299,17.3892029112281,10.2897151448648,477.982436620113,40.0431744486991,18.0919478675232,9.96118481842918,437.320449932616
673,40.4608405912541,17.048603074719,10.7621094720462,503.930126276996,40.2485352905036,16.977842186985,10.5833539364618,492.563962922638,40.6757561614817,17.1307272962723,10.7432228461074,505.89898403395,40.5884798093039,17.3763527637227,10.2718739727648,476.864087304029,40.0331191650251,18.0334860395204,9.96606204684258,438.499417473108
674,40.5369027758565,17.0226558029344,10.7559296052387,505.835170321894,40.3300868047351,16.9556163029729,10.5911942635991,495.127115785862,40.7018960352845,17.1285425262345,10.7358381513552,506.159415915686,40.659735844064,17.3462430724496,10.2954624742774,480.046379948986,40.0336691993532,18.0391092182741,9.98549159316886,439.252987573028
675,40.4484753271066,17.0193738350786,10.7642632672043,504.394033148474,40.2899688024277,16.9783403150206,10.6232553017948,495.290761844638,40.7562614955271,17.1246971322645,10.7652977956727,508.801655496258,40.6517086132445,17.3728637246931,10.2839167173698,478.795404220864,39.9940856166195,18.0672940221328,9.98076079554995,437.692123836894
676,40.4645827414088,17.0480924034774,10.7649505868066,504.154722808531,40.2558056869337,16.9956527627731,10.5928049685736,492.78052692966,40.7079057698807,17.1403019556554,10.736898011972,506.085917079799,40.5984204059706,17.3891127961771,10.2723688636836,476.829137676995,40.0132769937261,17.9892368101394,9.96183699864543,438.799796721016
677,40.5036223587596,17.0007518766467,10.7435869969408,505.010267404826,40.3226489227696,16.974832196309,10.5871442544362,494.373407418351,40.7079229751465,17.1515084463342,10.734994655245,505.755968127074,40.628028665336,17.3648638401003,10.2764276682943,478.124461324287,40.0211371463933,18.0373743834495,9.97196174055178,438.442482370885
678,40.4969200101162,17.0155498844423,10.7725289922014,505.907480910868,40.2380672483309,16.9730837339674,10.5954553357351,493.006187426106,40.74104085841,17.1119665207109,10.7432661147946,507.706867312331,40.7017291269678,17.3188320077048,10.27824079481,480.670094144112,40.0233858555202,17.9973819590163,9.95316661773103,438.456973409391
679,40.4541730034641,17.0413833293609,10.7743208566512,504.513816196153,40.244336239023,17.005328895029,10.5971010565674,492.532218557234,40.7199419052384,17.1196357184553,10.7451941108967,507.17974210716,40.6018187170568,17.3755807421425,10.2873803597525,477.874288748144,40.0171051556594,18.0798583881636,9.977075793526,437.739147401178
680,40.4629969371845,17.0292266843476,10.7748844051798,504.992331303717,40.2680532339121,16.9830719776898,10.5919280027807,493.265690024009,40.722617984194,17.1360174557127,10.7467563575163,506.958898363306,40.6739342056742,17.3803636167495,10.274928672704,478.679552667593,40.048204245459,17.9991600365978,9.95552444939544,439.019597414237
681,40.4876465722763,17.0171889450662,10.7718736227411,505.641606856415,40.3249844013118,16.9726784452716,10.581679634278,494.213240696917,40.7201350361378,17.1032927963334,10.7473991942637,507.639262518255,40.6301422334848,17.3408773688362,10.2748352771879,478.586720422128,40.0647773901115,18.0488385499025,9.96028681410856,438.570130660707
682,40.4063036145929,17.0161000826058,10.7553205986456,503.138275708188,40.2417032065936,16.9887434192262,10.5870395851004,492.360011479213,40.6978941354348,17.1061635238357,10.744958733797,506.984343760976,40.6452402182322,17.3370890084133,10.2653757179128,478.533858917428,40.0165290354084,18.0268884074316,9.96034397357549,438.048769019919
683,40.4669374042676,17.0032428843661,10.7349714698529,503.764182496976,40.2562147822998,16.9739507323618,10.5812708904535,492.711885710922,40.6666007500428,17.1146078007844,10.7419701581061,505.989610849721,40.6153159599018,17.3564433453715,10.2695984995519,477.7185666069,39.9866129062591,18.0192085633639,9.97100164917312,438.074049862121
684,40.4587257493163,17.005164153638,10.7437901201606,503.960286708455,40.2517187759902,16.9348512631556,10.5941576233584,494.045139427869,40.7153547474577,17.0819528339812,10.7281920168741,507.087347479473,40.6369328770907,17.3856468792203,10.2643900283674,477.320536286518,40.0235253680183,18.0122391468662,9.96430062767016,438.654146218507
685,40.5361766264413,17.044310185267,10.7709716287248,506.060453887361,40.303492385343,16.9523283355174,10.5867837504989,494.427448235854,40.737038244789,17.1186565271471,10.7639224301268,508.452857467644,40.6409235284392,17.364763805848,10.2471211786417,477.027258501623,39.9938675548584,18.0440594919547,9.96359116251895,437.397827269071
686,40.471750761247,17.0318892456933,10.7609151711033,504.468722782563,40.2969120051264,16.9947882196993,10.5963234445469,493.83368115051,40.6952197537229,17.1322297743046,10.7455714125967,506.39558303628,40.6216729264472,17.3854704352179,10.2760754990253,477.553942221025,40.044798841949,18.028683899882,9.99066005240127,439.911040121566
687,40.4427348424646,17.0496593036388,10.7592134286121,503.382184947747,40.2414028128015,16.9729437188872,10.572761582975,492.023740806328,40.7022603879551,17.1148803085444,10.7209896334081,505.760114621238,40.6198471509225,17.3612506252935,10.2895097661561,478.639112195086,39.9585511888943,18.0926040836858,9.98896937509853,436.836551982904
688,40.4702466754053,17.0153840057497,10.7863641634714,505.985380318234,40.2467139723414,16.9973693970285,10.6052414522363,493.12982565487,40.6673637312594,17.1103434140106,10.7804476507916,507.910448677471,40.6126676258816,17.3609969867845,10.2885290702849,478.450978606081,39.9932374885893,18.0297652591864,9.97675000132937,438.248143187785
689,40.4851143866964,17.0065170293537,10.7625962701644,505.381328693659,40.2526599263534,16.9716698389693,10.6053394118086,493.805603439318,40.6837475794928,17.1355828767583,10.7481092364155,506.196493084186,40.6801003371505,17.3638421095222,10.3068111209625,480.632539199505,40.0379739663129,18.0475085431045,9.95619580879643,437.882759360062
690,40.4738903086021,17.0080956289525,10.7663584510738,505.282313720816,40.3129763197755,16.990999100522,10.5958798573961,494.233737304277,40.7323783858444,17.1017143577005,10.7198911863484,506.636294085722,40.6213634433908,17.3801663036959,10.2982234328234,478.686081981748,40.0086664296312,18.0545510085602,9.97992222733641,438.200728944512
691,40.4693687968745,17.0244255333296,10.7495381715667,504.044625083383,40.248685872189,16.9903562618425,10.5840065639996,492.332626527148,40.7436894241473,17.1515830108449,10.748691108001,507.168528847355,40.6469052692198,17.3589653199968,10.2771475503927,478.667190005698,39.9919956365322,18.0584689468963,9.94716698292199,436.352905012368
692,40.4560901946705,16.9919005384381,10.7690759544281,505.375281234142,40.2548083209042,16.9954355025723,10.6055991296701,493.359168237545,40.7401398536514,17.1354835112188,10.7399023023182,507.023405995045,40.611405476104,17.3480704712539,10.292946202812,478.896511405832,40.0090376428529,18.0346867730918,9.97116923111546,438.219942532595
693,40.4982735164491,17.0248190287757,10.7758008606886,505.890542143213,40.316188092692,16.994176968044,10.6048482733904,494.652778814428,40.6952402329656,17.1344667773428,10.7657287413232,507.297791918007,40.6324384713169,17.3850454776772,10.3072822069311,479.234880321753,40.0230012557846,18.0532360435328,9.98375653746276,438.681574128681
694,40.4728705375281,17.0180134881771,10.7714074921327,505.283645896564,40.2812389439008,16.9873832662287,10.5997215062881,493.816765981983,40.7524896693849,17.1221578499528,10.7420864689722,507.67813538969,40.7109302369176,17.3740894810147,10.2955359629191,480.530566526629,40.0618492070437,18.0529997604773,9.96560963482755,438.663204192344
695,40.4633273562516,17.034635309252,10.7473121601186,503.590933864785,40.2764846894903,16.9820526289514,10.5928048250732,493.506744656433,40.7188343116076,17.1114693876053,10.7113234760255,505.732244235134,40.6604134488349,17.3718951317215,10.263338370411,478.035887268099,40.0362550317416,18.0161350411071,9.96572699359386,438.893008385686
696,40.5092990749292,17.0437647284497,10.7692162626483,505.410828191678,40.2842074156124,17.0054128753945,10.5863055584693,492.872864071146,40.7406770752118,17.1496184296961,10.740404542919,506.755026897131,40.6494202987377,17.3781935790766,10.2420473053315,476.690009831726,40.018648140207,18.0502454858145,9.97852068487948,438.424320601233
697,40.4671156433881,17.0161079320147,10.7569782158693,504.523958182856,40.2126561531896,16.995292846757,10.5952586350588,491.987938111554,40.7035867821236,17.1278700257159,10.7179304943722,505.36578710037,40.6220883752412,17.3880532161138,10.2435350195264,475.99730559486,40.0622695080913,18.055858503082,9.96630985387482,438.645421695287
698,40.4475416876911,17.0393355671337,10.7659395576061,504.022664491811,40.3312534668318,16.9775360121838,10.5860679325713,494.448078905959,40.6832635201574,17.1166083194481,10.7494426921153,506.65681904973,40.645772678248,17.3563743906392,10.2809304151073,478.873366409251,39.9943307493045,17.9977819864177,9.93443556630905,437.046592732147
699,40.5153028915121,17.0348166949495,10.751502447801,504.901009635801,40.2713274858004,16.9626353609486,10.569996400908,492.745583739114,40.7757159666982,17.1553367925623,10.7211353628286,506.474564894499,40.7109888193934,17.398270626909,10.275407105553,479.095340329616,40.0152152407414,18.0284908721142,9.96758096216,438.308910473974
700,40.4836969093542,17.0111965994968,10.7628577051161,505.26236163658,40.2837638248131,16.9585861641337,10.5958935980623,494.302201296916,40.740726517537,17.1220698421331,10.7249520590263,506.617921084615,40.6493511476654,17.3641090464214,10.2748342284285,478.504005118212,40.0108626806677,18.0256595532695,9.95623013281386,437.779483706072
701,40.467983591945,16.9874424283709,10.7491488303297,504.791663167881,40.2492353376779,16.9472382182315,10.5928994600205,493.671425407965,40.685321317983,17.089939922447,10.7317251054737,506.4382937914,40.6505239106203,17.3510549970534,10.2753326531162,478.81958745568,39.9887624907306,18.027714396017,9.96019043653412,437.472442418464
702,40.4751655722042,17.0704528388813,10.7750580370778,504.374276085378,40.282975816736,16.9887850362043,10.6141000676295,494.493743878036,40.6799658862948,17.1143656075234,10.750817698469,506.698945104122,40.6212262688123,17.3557199727603,10.2482780730269,476.862756063399,40.1151072410116,18.0260957540106,9.9705356989881,440.478555173002
703,40.4528189521201,17.0173838141335,10.7592510780693,504.295461546812,40.3024240768825,16.9629907145623,10.6094718041969,495.238120366935,40.7126725515172,17.1472963045862,10.7561345056021,506.944713174222,40.6343195204197,17.3510479955529,10.2676948060949,478.131052209543,40.0138175317836,18.0159915428626,9.97500198146253,438.856715654709
704,40.5007617494091,17.0453816036064,10.7773619306619,505.574242105153,40.2873665979963,16.9980851145046,10.5872876434428,493.140644149663,40.7108115394945,17.1635758782818,10.7287654451453,505.265536581423,40.6203680684429,17.3805434821687,10.2534246847058,476.575582162271,40.0254023174405,18.0093254494867,9.95451234003997,438.318617722628
705,40.4938703388527,17.0238098882686,10.7546879444938,504.826352368873,40.2884140198167,16.9763236008655,10.5857303535064,493.551006303157,40.741032610977,17.1151317951934,10.7287117240966,506.950958149281,40.6534401965477,17.3852902236792,10.2697381256376,477.915613778844,40.0779248944168,18.0266535144143,9.97278888815259,439.825348376252
706,40.4839121050402,17.030280942118,10.7611357633433,504.775418175169,40.3057791967471,16.9562165725857,10.6106110599841,495.506254851435,40.6917349012247,17.1137899724846,10.7516242906098,507.002410837006,40.6252326205795,17.3367131545634,10.2516678385309,477.492332033516,40.0188741095224,18.0411389986197,9.95673212261802,437.65284232223
707,40.466970567489,17.0039316278652,10.7768655516585,505.716032171308,40.2922378219312,16.9583706691956,10.6030311683242,494.819441395981,40.71022404501,17.0976643224282,10.7409600547752,507.24312154249,40.6134821220232,17.3319401085456,10.2663980039561,478.035152912375,40.0566026494693,18.0378142095212,9.96964502746197,439.039009362132
708,40.496119401128,17.0434298133785,10.7556885061694,504.49964767543,40.3182418264592,16.9679871805234,10.5650885054229,493.395013916946,40.6762138108776,17.1069071433877,10.7140401540169,505.044996075649,40.6186324292127,17.3653689237821,10.2681302737697,477.535077928112,39.9590990593792,18.0166131863169,9.97407469413131,437.711986145689
709,40.4465533099644,17.0134038968592,10.7586113848018,504.216296115187,40.2926981738682,16.9786309053931,10.5911170640969,493.844031361302,40.6910586510576,17.0990563318057,10.7160650537292,505.626863201666,40.6292169257074,17.3710786811358,10.2748018907764,477.945525622528,40.0248521991311,18.0545214862183,9.96221522325794,437.746326176381
710,40.4666537214257,17.040942226869,10.7770959727582,504.922282013966,40.2168810670683,16.9492208693356,10.6020779301896,493.371093339068,40.7094649994379,17.1081286880149,10.733143994997,506.633082209708,40.6525127958889,17.342275355734,10.3071618670018,480.524780907843,39.9993298904549,18.0538683010054,9.9821087261754,438.123967263981
711,40.4723016219543,17.0339696598516,10.7470403283707,503.785397652915,40.2178462414311,16.9880709353096,10.5958112729315,492.276630112536,40.6847902962212,17.1198823818565,10.7129342433773,504.89861787566,40.6093870559424,17.3947500670634,10.2580122861943,476.272062902925,39.9837775336085,18.0507359721939,9.94190453569784,436.112410762154
712,40.4751241079361,17.0265042112909,10.7736680043172,505.255291851764,40.2472483544901,16.9593646412756,10.5964764259076,493.539021552709,40.7539620136048,17.1025458875972,10.7337897945612,507.738658080521,40.6641667900955,17.359931217197,10.2886128442096,479.536514879618,40.004744926999,18.0335344832225,9.97352286820898,438.260739606474
713,40.4730096377887,17.0178711282958,10.7886861089905,506.100254043628,40.3205683322749,16.9913567828811,10.6110376662185,495.094284947595,40.6910340917735,17.1122193231357,10.7814209513254,508.426255108026,40.6665290677746,17.3701899320792,10.2602470744395,478.052390924338,40.0656937081948,18.0272850349975,9.96624063546604,439.280168119651
714,40.5033630297677,16.9963174778246,10.7797665768171,506.800927921104,40.2997521069171,16.9650261356369,10.6298855164096,496.090931262996,40.707034806622,17.091414213361,10.771924890632,508.771382552539,40.649442682061,17.3479442914831,10.278678146321,479.017204567535,40.0212470988441,18.0543188910843,9.95909362411358,437.541389310523
715,40.4770378537854,17.0340216911693,10.771006134903,505.009741816335,40.2807072368052,16.9751934361772,10.6073941795666,494.421542881183,40.6659585559118,17.1473092257414,10.7352180510353,504.955657650426,40.5928465549154,17.3737383000805,10.2779437503641,477.289377153619,39.9585724564549,18.035363251266,9.96102830280023,436.755414762193
716,40.4505269753356,17.0194471216608,10.7687404849183,504.646436451242,40.2542880164127,16.9607270238697,10.5979016106506,493.725735121318,40.7376135866706,17.1318847970682,10.73952694163,507.028720625494,40.6609562151045,17.3652981067848,10.2690950212386,478.450653393245,39.995650418456,18.0067999603591,9.97750853177313,438.787886099091
717,40.4441396707006,17.0338663105994,10.7475381273973,503.205611020963,40.2828600593579,16.9728642760418,10.6085285150876,494.569509907762,40.6937564484024,17.1018113658981,10.7446025271546,506.972145507938,40.6013673349638,17.3585331129322,10.2937600302145,478.5123158073,40.0403919634134,18.0440200356932,9.97707988099516,438.919119629888
718,40.5130970278662,17.0261252996201,10.7530633398685,505.113789311063,40.3187710672854,16.9934140167927,10.5896322514741,494.013906598096,40.6834494676353,17.139829549778,10.7519008574339,506.277334363814,40.621641449166,17.3784012453037,10.2750699263773,477.651836820539,40.0264135058865,18.034877889859,9.95958019389199,438.052925109315
719,40.4833795870696,16.9882610171531,10.7770884783985,506.417943276907,40.3015006473248,16.9717464176059,10.6055982678976,494.852002098367,40.7093329117147,17.1148706743464,10.7556928634802,507.549578208234,40.6711047340927,17.373938555835,10.2735188032754,478.687749590726,40.0071739393417,18.0121628933724,10.0004435827638,439.919734134963
720,40.5073389970449,17.0288267006551,10.7919865738063,506.759578951173,40.2718144028818,16.9695492635991,10.5897908731193,493.532229389965,40.6521444160873,17.0966590738188,10.7313945865714,505.566415772166,40.6230720131132,17.334177210992,10.2798737054552,478.813794610877,39.9868856513931,18.0531831291863,9.95757616027892,436.813026683552
721,40.5043600032896,17.0300496392093,10.7875881858205,506.462386307674,40.3464128964463,16.9877578945794,10.6150603154027,495.907063462998,40.7497147566174,17.0983202803816,10.7486620914626,508.441694433889,40.6655574424557,17.3754768677183,10.2922091666653,479.41276156737,40.0396794730093,17.988613198251,9.97930270211398,440.108530520381
722,40.4599275020051,17.0568429934724,10.752106149942,503.264897743613,40.3269952817844,17.0158287287262,10.5810324879488,493.31242125979,40.703364882434,17.1311067538759,10.7280152122479,505.767087580411,40.6246624053236,17.3663870475726,10.2619171043328,477.348987421973,40.0223022402924,18.0203127258972,9.97179505176411,438.798660337224
723,40.4840855673202,17.0218687221191,10.7642729090132,505.107410344384,40.2683098204515,16.9624422522293,10.5936232129809,493.787159338757,40.7121643547084,17.0983814101942,10.7384915433847,507.152816913977,40.6435407030143,17.332633196784,10.2852029856922,479.514830964546,40.0265005452049,18.0685242873586,9.9862382660987,438.555165504384
724,40.450811820403,17.0211817415083,10.7496801331287,503.722057971297,40.3024681237042,16.9632856655824,10.6033127628942,494.945302467441,40.7116080369915,17.0920261383353,10.7364592478982,507.181357014633,40.6376856801856,17.372289319088,10.2865739194309,478.642438866574,40.0309913551596,18.0150618078642,9.97062653039862,439.0252224713
725,40.4530570475328,16.9551757191185,10.7832860615511,506.768752409344,40.2545816044006,16.96344022514,10.6002863337722,493.785535321067,40.7161572018001,17.1003037048899,10.7523721838503,507.852892476124,40.6427121356209,17.3736718595798,10.2825031932734,478.527961885599,40.0227299864861,18.0261502343003,9.9602072053653,438.180984282226
726,40.4855438234138,17.0215201433096,10.7627351147197,505.074143188944,40.2566521924057,16.9614942389018,10.6058900182465,494.131766425085,40.7382208893351,17.106588053701,10.7331570562694,507.28405344191,40.6449521477803,17.3574301827017,10.2911333349061,479.309987164359,40.0342184828773,18.0150246863355,9.93571250153324,437.552758155967
727,40.5186244405038,17.0123576920441,10.7700074352653,506.325335312481,40.3360131306766,16.9752992880737,10.5908426392602,494.819288495589,40.7292208503412,17.1068004463128,10.742321334632,507.519261363684,40.6728767677253,17.3495111910082,10.2697802618048,479.051678877252,40.0402336971408,18.0320897074254,9.9673553970347,438.725985549213
728,40.4925182610751,17.0547365752684,10.7625103919516,504.498737915576,40.2734072066885,17.0127838958488,10.6199110472463,494.051500929245,40.7278831401681,17.1572715595371,10.7394990044427,506.273119208582,40.6025405983471,17.3713912864625,10.260161041574,476.710666241571,40.0381913939021,18.0428177866526,9.97670884651916,438.882876899881
729,40.4680415190574,17.0502425851666,10.7689083858818,504.368262636142,40.2334015580253,16.9769667620276,10.5914494238707,492.638705842713,40.7095649248002,17.1588726042039,10.7468733254426,506.192614191843,40.6225533545159,17.4045225093683,10.2772180695992,477.233532284526,40.0134052336223,18.0561284602249,9.95763434266368,437.285066540308
730,40.4838217335961,17.0226045919345,10.7609182908071,504.928481328609,40.2856134345066,16.9895580875482,10.5821018290792,493.042459794759,40.7123395310949,17.1335647680073,10.7133831558748,505.216896766059,40.6603601092888,17.3895183148731,10.2646169410897,477.732553832753,40.0789083225713,18.0408035568332,9.94263811523807,438.233800862875
731,40.5160578776663,17.0116991113628,10.7501293627523,505.349794652607,40.3116284845875,16.9407478280143,10.5882708645948,494.914429471835,40.7536187535774,17.1181598879223,10.7247102956534,506.966898077966,40.6517487046998,17.3951523152825,10.2730561964549,477.832643293509,39.9991923887714,18.033424803659,9.9797185463847,438.424356309445
732,40.430656456044,16.9967201002416,10.7594592912715,504.272968509004,40.2808318528282,16.956940108998,10.5727415427861,493.194958358878,40.6620179683913,17.0760373284972,10.7344304784248,506.364138888834,40.6078274945437,17.3155756491355,10.2898989947346,479.349837698343,40.0356129414841,18.0055215950168,9.96027558810509,438.851562083887
733,40.522015243849,17.0162329492684,10.7675578607751,506.199741839361,40.3024126421727,16.9410449615377,10.5846706522529,494.544765771414,40.7104086440325,17.1218086492033,10.7269820703119,506.068978416582,40.6526887690634,17.3705791097177,10.2742169411266,478.410890974436,40.0653441643982,18.0343960836204,9.97169385751559,439.371739304673
734,40.5141979342684,17.0220604012186,10.7813593145854,506.554351622935,40.2965824268142,16.9839907241988,10.5946676545002,493.978322508537,40.7318812499678,17.1120794288322,10.7444434052906,507.563247822744,40.7122994090304,17.3797586072131,10.2527664349572,478.446182350281,39.9955794774696,18.0255346216913,9.95564427014275,437.451902366416
735,40.4338386270825,17.0320794110897,10.7842695560532,504.741758942235,40.2704673757752,16.9633558566044,10.5986111813974,494.046025506318,40.6412927346182,17.1116166386311,10.7376549070114,505.307083984927,40.5844347406455,17.3482603495783,10.2727468586784,477.398674967079,40.0510938991857,18.0209265795857,9.99505092604235,440.385288537271
736,40.4364335553442,17.0070137554474,10.7595891292638,504.181861167858,40.2811740128149,16.9503390894931,10.5927498635001,494.275396898723,40.693143805622,17.109668213579,10.7161671690868,505.448933744823,40.6249607595281,17.3661008451832,10.2767019905205,478.048743957971,40.0036798567525,18.0268397813144,9.97192076211365,438.302615667824
737,40.4970281863857,17.019739868557,10.762538440367,505.350435992421,40.2753503506871,16.9989568941596,10.5985205450539,493.390668527527,40.671676421281,17.15050655348,10.7573253404647,506.049753312541,40.6361907213116,17.3367073202101,10.258430420674,478.032258615694,40.0521366619257,18.0148598980272,9.96827701481617,439.347358869424
738,40.5182752781791,17.0201830821242,10.7409606688757,504.78416814288,40.25233751958,16.9884882339066,10.5715804105961,491.871306766968,40.7555605519728,17.09252606029,10.7234142300715,507.497041589565,40.6762537475963,17.3585037087993,10.2689106958525,478.895785553235,39.9594078271178,18.0303261295982,9.9724657053184,437.374030355279
739,40.4099905710232,17.0427349200075,10.7563283881639,502.691750625007,40.2232175841513,16.9952351930724,10.5727464239186,491.167135520248,40.7451977926835,17.1151639295607,10.7179436515826,506.530742859878,40.6617789606068,17.3553068274298,10.2591454998311,478.208977404042,39.9931928235784,18.0133638635783,9.97119535713913,438.33033695333
740,40.4871184422989,16.9852822564239,10.7611532327331,505.813720893583,40.3187229758065,16.9726203377911,10.6037270225602,495.111398828375,40.6835178464955,17.071097960368,10.7389245102244,507.143989321692,40.6438352427724,17.3332084384917,10.2784363334286,479.193587000226,40.048672763885,18.0380695237907,9.97833270102164,439.258244159692
741,40.4660265557932,17.0170967088644,10.7495968970389,504.133087042857,40.2446042532356,16.9466241663838,10.5989819374455,493.869740239011,40.6927348351693,17.1047083956297,10.7279861560706,506.104042184815,40.6413995086715,17.3712471962638,10.2843612861169,478.637307127539,40.0275445662459,18.0402129771638,9.98252276245709,438.978076147409
742,40.4483473941645,17.0165351234567,10.7356114335133,503.109663442697,40.2665454311044,16.9637039821749,10.5868349542767,493.406672770992,40.740950239417,17.0854602790659,10.7339291766051,507.832707744605,40.6388928087745,17.3450782690104,10.2816040036619,478.995553665194,40.0000302031674,18.0611046290623,9.9821798941006,437.996603528003
743,40.545170917782,17.0564822161491,10.7725447014382,506.065898033013,40.2944765875997,16.9912766235382,10.6087853623836,494.437293350867,40.7800208340313,17.1559761850064,10.7552217366007,508.163677031236,40.6759449811305,17.3920414045035,10.2814899509484,478.786441283886,40.0707222508549,17.9960840656981,9.96634518108157,440.006927801514
744,40.4199129357396,17.0199248116466,10.7748523442889,504.262833790433,40.2923242791045,17.0056500400284,10.5999991974142,493.677456489307,40.7175704724433,17.1183937035934,10.7415975483207,506.98571864533,40.5894292728832,17.376770613127,10.2801032922667,477.257057420847,39.9833780476099,18.02332377496,9.96028132254922,437.456636828085
745,40.5196892156638,17.0516608090007,10.7752076034623,505.745756251488,40.3343287695274,16.9804856357076,10.5935291855593,494.799237666185,40.6972882819067,17.1611600989641,10.7328357068035,505.218793923581,40.6949135307283,17.3971124232761,10.2594635400732,478.045882051565,40.0426414215694,18.028211862439,9.96409292449333,438.707643613776
746,40.4772269140578,17.0381471213124,10.7884546680459,505.742899609487,40.3055710586855,16.9876053079095,10.5899466951978,493.872028682332,40.7104909114885,17.1358055050245,10.751352065821,506.919485291735,40.6171047240085,17.3813268601506,10.265714655045,477.063730676755,40.0572643384566,18.0483646491586,9.95301888135717,438.109988330957
747,40.4946138662441,17.0435390431459,10.7313665899209,503.324161708665,40.3185546872822,16.9750272656622,10.6054914812464,495.139162424463,40.7215452523697,17.1264829092403,10.7525550930915,507.414415538855,40.6665593847685,17.3994687955714,10.2850230779895,478.605127335128,40.0394069702969,18.0064790956686,9.96976355809436,439.326162805181
748,40.5163281736832,17.0047080625878,10.7838807599264,507.093015501481,40.2804951134904,16.9667322810094,10.5906941557997,493.817863559316,40.77395748191,17.1061142047705,10.7323111381255,508.021316037308,40.6852782258272,17.3545232808845,10.2926839586621,480.272174330575,40.0198661841618,18.0176608138776,9.97706432680334,439.034836621727
749,40.5513605767526,17.0144067560498,10.7644055413337,506.722632267379,40.3269512735855,16.9627884042348,10.5750001171747,494.152050162148,40.6937533602664,17.1060575094583,10.7350244484433,506.42898328174,40.6510882074942,17.3718202016638,10.2694069584147,478.12855369175,40.0343908836195,18.0297041663328,9.95445101903398,438.089152232835
750,40.5031310213707,17.0068293300867,10.7431200661465,504.84718035973,40.3058405634794,16.9448562729935,10.6074775749853,495.602233981826,40.7345810789322,17.1145735707449,10.7242855820777,506.615411937239,40.655914616969,17.3403180257868,10.2991601574212,480.262126916816,39.9788905749345,18.0464363391617,9.97224081498348,437.431430605462
751,40.4577295084281,17.0409094565514,10.756840187335,503.781981987238,40.2469950209743,16.9617814879508,10.5823963702365,492.826718344097,40.7214578153006,17.0944495454457,10.732863500128,507.170909353497,40.665450100463,17.3780268723728,10.2713170517262,478.385014586894,40.005170135795,18.0615828948661,9.96279823214177,437.239064341551
752,40.4588599821309,17.0195523719708,10.7558392862694,504.21885127263,40.2701263251308,16.9833225450395,10.6009438958171,493.724200771298,40.7363930171577,17.0950438628347,10.7412780537149,507.876609663078,40.6268023713197,17.3253297368176,10.2767748682278,478.927976725897,40.0364400576146,18.058091549295,9.97486090317381,438.461938503931
753,40.4659189985873,17.0551624290133,10.7703676354869,504.284909758406,40.3114638577848,16.9704383609815,10.5823075319608,494.003819837021,40.735363036994,17.1284114983954,10.7630791370079,508.166975186894,40.6672377224092,17.4374547540662,10.2723213367219,477.24759046626,40.029798052229,18.0448201056822,9.96436144666988,438.132533312916
754,40.4868445005788,17.0243664483653,10.7607056096497,504.945638385474,40.2823209820628,16.9699501367047,10.5870370931796,493.617869739531,40.7235387319725,17.1334322266212,10.7572220891545,507.528029569744,40.6558473787438,17.3300092782883,10.285388993424,479.830636921632,40.0310043979629,18.061663612068,9.94659931132163,437.040459862346
755,40.5114815216118,17.0142953080441,10.7775980180237,506.486455128961,40.2578543542745,16.9664276051691,10.5990923009007,493.735963866873,40.7073405586269,17.1097562007153,10.7467341736977,507.193932471766,40.6716491689034,17.3972968740156,10.2958814283329,479.259943098823,39.9957762968102,18.0144629547282,9.9893611002385,439.158552863094
756,40.5302707117418,17.0346480312508,10.7666187239903,505.936822167173,40.316798794122,16.9807477246072,10.5918722111673,494.344941683149,40.7400635082018,17.1232069215866,10.7593759954871,508.205279693779,40.6543072507456,17.3402709196692,10.2608570209569,478.443986749142,40.0379413250151,18.0226276349618,9.96736828029219,438.86947870984
757,40.4204549350131,17.0690570364217,10.7569350347106,502.378940329652,40.2213241014228,16.9972340101668,10.5994508999387,492.325205236043,40.6546080574314,17.1544775028192,10.7247053837715,504.063953356763,40.5830523649805,17.3819781946373,10.274733191074,476.769693693189,39.997358022687,18.0238935091103,9.96053697395427,437.735011466705
758,40.4685468126511,17.0247028179261,10.7504450733841,504.063514348553,40.2832978608221,16.9856805281738,10.5923317214986,493.552182215894,40.706286174333,17.1201169357122,10.7484475874253,507.029407698919,40.6002403109019,17.359818848468,10.2609766913426,476.938845846024,40.0746161767282,18.000183010998,9.98445665648268,440.802442319314
759,40.4931974603955,17.0204259530171,10.7412587870451,504.25422641986,40.2526055730421,16.9695322590563,10.5885655359631,493.068695327545,40.7324130259923,17.0564462046013,10.7310582064642,508.136356109322,40.6557114924573,17.342824756667,10.2593119558843,478.34835522934,40.0311028617587,18.0104401096537,9.96669522180064,438.946468464577
760,40.4713824837533,16.994796763127,10.7567503027823,505.063541117283,40.3177205913966,16.941921549099,10.6156308611926,496.297707436903,40.6606032701797,17.1115151166371,10.737014076325,505.693781978411,40.6322904471319,17.3793361138696,10.2837635277794,478.255767371046,40.0465760007894,17.9828082684918,9.97630816847948,440.22989251031
761,40.4561850192341,17.0085537935929,10.7594723172888,504.568278156565,40.2723070835407,16.9783044549551,10.5857999082464,493.171301776744,40.642776259516,17.0898258824421,10.7375598768863,505.802429902325,40.6009386531969,17.3961100814811,10.2684466727266,476.555089476852,40.0325554821722,18.0510772877517,9.97006805936997,438.31366728786
762,40.4260951975547,17.037706518519,10.7424337589737,502.496432227344,40.2421048080798,17.0151294398505,10.6042449076968,492.609070539488,40.7323691049508,17.1277542582067,10.7264797780154,506.388847642885,40.6325990552507,17.4011858280803,10.2836833561196,477.808995086776,40.0074515052682,18.0398185150538,9.94753322116371,437.04751792098
763,40.4337577666851,17.0384054209124,10.7489989132399,502.95323387915,40.2654385626021,16.9866991982211,10.5757773324408,492.381528195236,40.744156820493,17.1129030740934,10.7219045378719,506.744093558248,40.6445916373395,17.3458420006045,10.2855475401268,479.280794028299,40.0576498280111,18.071110285354,9.9544089634745,437.726012598425
764,40.4296874788384,17.0153620616397,10.779607499569,504.79447572917,40.2502664100483,16.9871102227993,10.5965978055205,493.020619606568,40.6710191321199,17.1334320410268,10.7631491778244,506.677122294939,40.5919287490003,17.3708619433219,10.2687140761776,476.900991142661,40.0445624047299,18.035896990134,9.98556460348881,439.537900668034
765,40.5117874715226,17.0154896951496,10.7434348924259,504.861890747031,40.3352519328858,16.982672495944,10.6074751479821,495.423812037275,40.7151088159126,17.1441354595798,10.7264604748396,505.666228120404,40.6548123201101,17.3496740516263,10.286940599784,479.477146075291,40.039219302849,18.0329098457885,9.9644321502382,438.56075492405
766,40.4734151428273,17.0001690451379,10.7677232820947,505.506837024858,40.2361576731023,16.9455382869842,10.5885652867062,493.228487875475,40.7205461912994,17.1233263285463,10.7469368751974,507.195664590325,40.6200128491335,17.3241322939445,10.2727605152987,478.626003872922,40.0222184192885,18.0372071597092,9.96123140264108,437.995569092678
767,40.4606309492712,17.0209119019311,10.7442946018005,503.686493656114,40.2611992068431,16.9838794562322,10.5891468986534,492.973916492288,40.6722161682588,17.1254498977609,10.7390681224836,505.740654086149,40.6269421218256,17.3784179073744,10.2866025502736,478.296656948941,40.0617419981102,18.0339060681775,9.96691814299948,439.099275162124
768,40.40033562444,17.0196820091334,10.7637682228091,503.327872825889,40.2902991620623,16.9938314911599,10.5953722990109,493.669496450166,40.6669704891466,17.1164507448499,10.7495050809273,506.31286329959,40.6368763526812,17.3593396129689,10.2782115086944,478.502892024336,40.0075349887281,18.041764588211,9.97137077792832,438.0576821728
769,40.529921911691,17.0423389539615,10.76870624801,505.861762695108,40.334923914646,16.9996761219372,10.5883560663094,494.163825049522,40.7203232917154,17.1536255210702,10.7360912537852,506.028435632047,40.7007188013303,17.3937816144018,10.2992655493022,480.088670458167,40.0190448142205,18.0344839851681,9.96114368247027,437.982738428398
770,40.4804216591467,17.0462255530148,10.7640848511243,504.495350608583,40.252486294964,16.9886273976158,10.6015661773577,493.266679281898,40.742899862365,17.114070073704,10.7606985752317,508.525430082474,40.6303083000797,17.4031489041996,10.3018139054734,478.563747298249,39.9742388908016,18.0844462243584,9.98338293921843,437.068365298395
771,40.5061192866475,16.9913650785098,10.7650880768593,506.276800312599,40.291546736616,17.0070087439176,10.6174853442185,494.446481768749,40.6871140314271,17.1013051852611,10.7547815768859,507.320444909399,40.6135853927279,17.3472461827742,10.29203370866,478.91589485192,40.0340925222922,18.0366071470284,9.96174096880333,438.266502546836
772,40.456934366588,17.0321722654518,10.8070761798125,506.306377041928,40.3083341301121,16.9818118711312,10.5984377006784,494.449385870594,40.7007546414968,17.1042804046958,10.7579443542505,507.699113592021,40.6216776607097,17.366352636952,10.2653293592406,477.447141450127,40.0118345192316,18.0228857873683,9.99119849701396,439.391903041418
773,40.4717197921884,17.0330113311189,10.7608274428597,504.439794466128,40.2740104499768,16.9889560480798,10.5725758395463,492.366007184037,40.7091495530685,17.0939865551221,10.7207938213367,506.346587116485,40.6502330663853,17.3611328030471,10.2551550731027,477.666669427142,39.9740433848907,18.0354005245852,9.94420405128633,436.324682422346
774,40.5084287927314,17.006957664429,10.7708782120455,506.262966653695,40.30151817799,16.9566078630767,10.5965064121939,494.74898368814,40.726571400295,17.0990352631703,10.7392602420958,507.48451891221,40.6150228332176,17.3689629448337,10.2740175773387,477.660855794251,40.0309007286885,18.0200095373813,9.98525763809873,439.568838778721
775,40.5016515167969,17.0192643153181,10.7829407748268,506.418380890193,40.319393261304,16.9847700504454,10.6372393175453,496.4319429573,40.7149937095178,17.103415925059,10.7609041106662,508.163848880192,40.6707260367542,17.3777254892955,10.2723107791264,478.545881203714,40.0449415316743,18.0128422340777,9.9647209343181,439.08744219547
776,40.4706764059427,17.0271060407998,10.7695513951485,504.953471866374,40.2821837689326,16.945656748666,10.6060840948325,495.018336116558,40.7166952013147,17.1207965691995,10.7410320613414,506.88860744742,40.6191121160544,17.3716962354938,10.2422878384844,476.213449899312,40.0398659491197,18.022439497368,9.96810256753509,438.943930288442
777,40.459547565701,17.0658273993124,10.7701649313228,503.908449098437,40.2541300492531,16.9682536917914,10.6225902311146,494.712645435429,40.6956697375829,17.1294988800994,10.7508905425611,506.714646792195,40.582253543008,17.3955479846394,10.2532754383589,475.479357196162,39.9672706998368,18.0210922828559,9.96406028953521,437.346089743387
778,40.4877767069732,16.9875942907254,10.7635578794747,505.891147230991,40.28735175904,16.9631566329429,10.6082423957645,494.857431167494,40.6815382713598,17.1080921817186,10.7399590806699,506.355692786246,40.5920748398697,17.3464674742625,10.2775966146888,477.817951134298,40.033839898997,18.0479890133467,10.0049355524735,439.934042354447
779,40.555926529253,17.0344519415948,10.7316572029931,504.848804367322,40.3416330969749,16.9779232305596,10.5879848493845,494.749212182043,40.7525108728257,17.1218335067132,10.7385014222732,507.516125010559,40.6452965168207,17.3606811632902,10.2774412247973,478.612531475844,40.0206301111902,18.0097970766633,9.96327270929246,438.599864163389
780,40.5041835062044,17.0192434588832,10.7863187950237,506.63210046485,40.3021066722054,16.9850530950337,10.6047850329255,494.544681574227,40.6824042963147,17.1236876495711,10.7687102617659,507.393987415645,40.6449101667618,17.372689244025,10.2821581852706,478.577313700286,40.0520823316858,18.0221570037256,9.98218228678609,439.813460775969
781,40.4775578820717,17.0047344646936,10.7505190701971,504.690071559787,40.286737382896,16.9862399577086,10.5884564569571,493.432604824074,40.7402858310077,17.1037901678369,10.7227358056601,506.895796735621,40.6165823889302,17.4060447141662,10.2599990384121,476.280188448214,40.0137203097097,18.0531329890157,9.96571991964294,437.706125017797
782,40.4761885390553,17.0345886932055,10.7554924704234,504.251901273432,40.2459616844567,16.9986558056154,10.5949274657261,492.607039119743,40.7077796141629,17.10430467466,10.7444751831975,507.213901449425,40.6080456000134,17.3538001703107,10.2762380731425,477.932324493823,40.0134053080334,18.0455682843652,9.97983974727124,438.47098618076
783,40.4592069869925,16.9921961033425,10.7383424042077,503.993596143807,40.2588109247429,16.9661988212255,10.5829769339414,493.010353245538,40.6976700529059,17.1392155350284,10.7014913460389,504.221194298236,40.631882704208,17.3462523761415,10.294130727496,479.410645338528,40.0142286156831,18.0300360523603,9.96897867182769,438.319893562237
784,40.471242565769,17.0269371133444,10.7177825685522,502.541936619619,40.2864739577947,16.9822950062363,10.5869099354333,493.438487358737,40.7134328720249,17.1268191953357,10.7359816880859,506.450905033781,40.6607528006903,17.3559031933504,10.2624538450924,478.329886924292,40.0522598399952,18.0091533430982,9.96933779856445,439.510349594594
785,40.4693292727756,17.0112286462961,10.7637705275256,504.995224310061,40.2991153294108,16.9706068019856,10.596492858004,494.400747997492,40.7347076219956,17.0981557747686,10.7272135081061,507.108676521245,40.6531100595681,17.3362170239147,10.2772878892226,479.268844819239,40.0488283305495,18.0326479915787,9.94873285024972,438.06619315068
786,40.466929503404,17.0172996291467,10.7803362235426,505.589788724246,40.2806598073297,16.9700640174607,10.611292912567,494.711119785501,40.6819854352134,17.1199359561561,10.7445269957576,506.326153406216,40.6347154056796,17.3677306551585,10.2937253575211,479.007901838991,40.023523027933,18.0774499164532,9.95268581334913,436.844741030695
787,40.4503531191112,17.0071610553022,10.7286925833471,503.029601649939,40.2671681999527,16.9882788136558,10.5776048647789,492.469787238289,40.6692671309443,17.0873730529884,10.6943643076871,504.3867326699,40.639235478424,17.3581314949798,10.2422821410679,476.903271107951,40.0455689269811,18.0306957291137,9.94925159198177,438.063024422317
788,40.5044605596009,17.0188439604088,10.7498040181601,504.931551373928,40.300826256856,16.957172617418,10.5964316243571,494.718859305959,40.7177455107027,17.1122563125568,10.7247923763543,506.327941184778,40.6225279797544,17.3723648389328,10.2678251859478,477.457221349448,40.0487489660814,18.0097077637772,9.96161414482182,439.088849158368
789,40.4369788935678,17.0162536756552,10.7351304711773,502.849081887772,40.2709150334112,16.9501155258541,10.581186966263,493.523479584391,40.7241965345828,17.1378951937387,10.705819734114,505.021380699137,40.6285138781969,17.3694363251107,10.2859036285974,478.481260402236,40.012623293189,18.0555585548825,9.98329165716587,438.407562435574
790,40.4608044243564,17.0401993543893,10.7664529833051,504.313686652715,40.2684270937105,16.967990600992,10.6008907760639,494.010764587846,40.6795858788274,17.1199687703111,10.7359768338598,505.871006983277,40.6120807249101,17.3387393181135,10.2809786950434,478.545454331494,40.0443300326424,18.0467756178261,9.97262354792243,438.746658307804
791,40.4657924696908,17.0379049088595,10.7421349167345,503.331057985071,40.2692063017272,16.9781042752024,10.5814641853807,492.90792386344,40.7122319713964,17.1358147593759,10.7281490451211,505.862635601031,40.6379190959699,17.3873168341913,10.2663275828504,477.396598635961,39.9945279566776,18.0422236823721,9.96463625116719,437.493453936793
792,40.4971005393602,17.0268882848499,10.7756938962094,505.815645867333,40.2480914117877,16.9889028703616,10.5729756636271,491.837668808423,40.6874673333868,17.1204701910011,10.7444803457456,506.43027520921,40.6076275978877,17.3813513304878,10.2868959829576,477.852576068359,40.0090146557404,18.0122704261455,9.94695857978369,437.601407483751
793,40.4556309706131,17.0229107870975,10.7788224219651,505.154259443424,40.3261638242744,16.9857277015863,10.5880189756089,494.25796113202,40.6917387454982,17.1432045104775,10.7526684603589,506.41916271318,40.6202317815455,17.3817533757354,10.2536267803618,476.557369033346,40.0228510645617,18.0448978377153,9.94650747470044,437.207752098889
794,40.4736576875988,17.029820558796,10.7301589469846,503.112197438544,40.3388133432886,16.9763568408337,10.5929934751247,494.956698586781,40.7084766163307,17.0986789042655,10.7088044014839,505.665411314217,40.6111616796089,17.3536618413932,10.2620898529546,477.341106189693,40.0466367375988,18.0309792861271,9.96767782018322,438.88996095157
795,40.4593098836806,17.0097522786348,10.7328952021233,503.36328862222,40.2367819555297,16.9713242505365,10.6001827192208,493.236205438462,40.6986688016419,17.1163287002454,10.7059131393992,504.940969498643,40.6338196559437,17.3687027743358,10.2942037411789,478.991706483224,39.9878255145061,18.0640707397746,9.97769929783812,437.497265243628
796,40.5574524838568,17.0081541181395,10.765425566974,507.036437421187,40.2993976220467,16.9514950222887,10.5916521777781,494.585726834558,40.7284587878574,17.1316352077374,10.7533167962454,507.488238684288,40.6464795474584,17.3803164393714,10.2613423064961,477.484127621703,40.0541141863314,18.0223839058154,9.99941232677538,440.608710694366
797,40.4749275219798,17.0304819024643,10.773445272872,505.154903669346,40.3034622101152,16.9593692114388,10.6207848613296,495.865179043628,40.6912068818165,17.096236215096,10.7694195260267,508.208275628416,40.6141269294117,17.3452425741361,10.2876651681351,478.764982166264,40.0157496873318,18.0410212856831,9.98634574240817,438.894470828761
798,40.5046349118101,17.0043413298599,10.7403407371732,504.8023209875,40.3211067278243,16.9758227236614,10.582660099049,494.110411063642,40.692325443046,17.1031232658057,10.7243143264531,505.956037717953,40.6097816054634,17.3724853822632,10.2668115599959,477.145882974801,40.0194889639083,18.0256401088854,9.98144099640828,439.060609260665
799,40.5400712574635,17.0216812196909,10.7809034630585,507.098985207566,40.3036823727272,16.9763264935143,10.5919821733704,494.165875248982,40.7370885088023,17.1470211923671,10.7496031348033,507.167723149944,40.6317582886244,17.3844352756746,10.268210538434,477.4168143039,40.0074533928763,18.0195426397284,9.98935064064154,439.289900736655
800,40.4724047779717,17.0038788565247,10.7603826323597,505.060637464444,40.2874560754384,16.973195740478,10.5867786735158,493.645828205908,40.7082565463491,17.1346617112727,10.7342398783098,506.089243507589,40.6356342667741,17.4021022454082,10.2909638455197,478.190876071203,40.0378804593283,18.0446145435562,9.98176784565373,439.063349077932
801,40.4738700694528,17.0684462275659,10.7836884665054,504.793598274855,40.2474005117854,17.0145828270675,10.5944072293845,492.275863275896,40.6798473141876,17.1878925336964,10.7330210880443,504.279292116788,40.639471938114,17.3920624824678,10.2778530692183,477.866917250176,40.0136365051417,18.0091957438432,9.98439990042117,439.402272291865
802,40.4716834427457,17.0273308812419,10.747931307505,503.956581759943,40.3192334975182,16.9619802056777,10.6005464112183,495.199295117476,40.6964623728981,17.1307728184586,10.7237645721213,505.425813523012,40.6434657153367,17.4042877762473,10.2852098788819,478.039645032434,40.044584468703,18.0126381180181,9.97924737183691,439.724485433049
803,40.4593193108638,17.0450824553394,10.7662908490008,504.16896798794,40.2644005408816,16.9804359746364,10.5698611008424,492.216542684294,40.7251171758768,17.1028135738904,10.7302840081348,506.948053151397,40.6154461348275,17.353496403873,10.2734879742959,477.962721639276,40.0517576940548,18.0607036588689,9.97103240369912,438.547024752674
804,40.4369171359095,17.0494994337873,10.750355396186,502.84610419373,40.2712301412131,16.9817898864656,10.5963285931098,493.565123377805,40.6722714381026,17.0997980519782,10.7379956472369,506.24223322962,40.600476428953,17.3563995073178,10.2654124614535,477.220073772674,40.0636808124418,18.0138885528994,9.95676275899167,439.089100826629
805,40.4880880291827,17.0062501147442,10.7738081778335,505.977634706275,40.2700317563501,16.9694883350369,10.586850194619,493.358725309314,40.6943151657219,17.0962752765624,10.7578986948957,507.730645051369,40.6345267699681,17.3521613322801,10.2888022851309,479.095309437075,40.0172577801574,18.0385123709174,9.97093362639933,438.297223334121
806,40.4986439410295,17.060323773383,10.7887655335071,505.74108157602,40.2684022632847,16.9959839063131,10.6063871395062,493.672557533185,40.7148043496448,17.1471150952689,10.7565071975383,507.012038188079,40.6288083041574,17.3850930959034,10.2829754752449,478.029106880107,40.0113780287795,18.0092075655753,9.97762753115873,439.058923517826
807,40.5358244656414,16.9893366052254,10.7798692153317,507.656119231361,40.3204657792204,16.9639787640428,10.6120178048821,495.718912129125,40.7390469686677,17.0971250343167,10.7536431568035,508.47358404603,40.6283121482059,17.3112526040979,10.2904099525981,479.884203196024,40.0291593322703,18.0154803310802,9.95786369510106,438.418429843118
808,40.4666747606325,16.9925176191083,10.7835024985565,506.26726437427,40.2711957182084,16.981524548349,10.6209164015202,494.715301027943,40.7100325166361,17.1058113500214,10.7444384184346,507.228201479606,40.6373008644101,17.3592308669487,10.262263804304,477.771390338005,40.0523670454933,18.0383661658577,9.97254555164636,439.071253092297
809,40.4568123105972,17.0281507829227,10.7574908060428,504.067221963692,40.2473047316348,16.9901905864925,10.5987949353721,492.994767225811,40.7777785764407,17.1020191457224,10.7180308927237,507.515041974264,40.6828026407178,17.3631120699319,10.2824378391579,479.566537445006,40.0434267714514,18.0686811741213,9.95555043129173,437.541376018052
810,40.4671190497529,17.0294717748519,10.7451744169308,503.683215782628,40.2913761498039,16.987810936514,10.5731061059485,492.782135294009,40.7083022737653,17.1126345734391,10.7422107270761,506.939269365937,40.6341655398563,17.3579854848547,10.2916297211658,479.099652898524,40.0773504642029,18.0809380657045,9.95298329729814,437.859850405474
811,40.4681958097324,17.0024565770741,10.7683243599357,505.373382805866,40.257995409212,16.9632704100531,10.5913272081895,493.444109381766,40.7404753115498,17.1303200362561,10.727279793481,506.545483211212,40.6203540554438,17.383417876162,10.2658056605406,477.091741925781,39.9955223733967,18.0236118940627,9.97537559722541,438.356119239939
812,40.482830202175,17.0476851222726,10.7325892562865,503.039572608152,40.3135125487645,17.0050914626705,10.5966610316175,493.982874863087,40.7431367196837,17.1342029910346,10.6991621572694,505.191620646088,40.6895722094855,17.3723443941654,10.2845718663924,479.615410383407,40.0077477565212,18.0177059263958,9.96146085846683,438.105881933686
813,40.4963155390889,17.0592065383235,10.7694724790305,504.81060074356,40.2722904599456,16.9477190344517,10.6093739405169,494.918200510719,40.7308515499832,17.104883034449,10.7484392549975,507.884574859409,40.6955812760658,17.3883995897029,10.2703656847626,478.7465580003,40.0166445487903,18.033287282053,9.94783223445089,437.373500078997
814,40.4841037640363,17.0266446967945,10.7435047491307,504.030645782905,40.3221411004368,16.9947825046018,10.5890149709586,494.027498808432,40.7313160957266,17.1219429830266,10.741084621592,507.180548932498,40.6494457458707,17.3576789549243,10.3013921561158,479.875247444668,40.0249150701816,18.0043126610328,9.96327614958152,438.79468556498
815,40.4947646931452,17.0224388679034,10.7580470352476,505.032770509218,40.3010100748767,16.9458752319968,10.5882584571199,494.580408034596,40.7146450206398,17.1018060319461,10.7352166664979,506.977885309513,40.6156973110493,17.3511024888585,10.2710617809553,477.90418145523,40.1046042440325,18.0156860811062,9.97372671967175,440.617666580441
816,40.486428249781,17.0027760480041,10.7669870759413,505.696359504864,40.3084533698446,16.9630747996094,10.6144052113592,495.594615914114,40.7327758416934,17.1086193110511,10.7568481720829,508.24292998728,40.6076460248001,17.3549858498077,10.2739631501204,477.79394756029,40.0257742838826,18.0533623797768,9.95234298426574,437.353958922449
817,40.4932182156546,17.0210255718107,10.7528552436948,504.786179502741,40.2841968644348,16.9954518417716,10.5853368439087,493.038421473582,40.6829779379153,17.1346013461854,10.7319534946665,505.440164914678,40.6073935058458,17.3716107126707,10.2823196439011,477.835491711364,39.9948949969004,18.0343550847838,9.97672989636299,438.188750162974
818,40.4545171330307,17.0493471291541,10.7641768206582,503.874776878585,40.3222401907681,16.9822935481967,10.6014665915232,494.875329158309,40.6976140138326,17.1392102801802,10.7565106136604,506.812439603856,40.621422236941,17.4001486747767,10.2828705203791,477.562698716075,40.0498970247905,18.0222122180735,9.98045410300097,439.692594417621
819,40.3869540247027,17.0677950715231,10.7672959527631,502.168571636819,40.287137383695,16.9843237415292,10.5995387490106,493.998152322217,40.6775552225421,17.162776548724,10.7432035995232,505.248109781108,40.6026595300842,17.3910189603,10.2685624082963,476.700359579541,40.0083579509415,18.0592855450781,9.96619418842679,437.497435705347
820,40.4672724912575,17.0202323671519,10.7688661580066,504.996073795811,40.3144082661768,16.9652510315234,10.5960611609706,494.818196231013,40.6831517296295,17.1364312682799,10.7474230583227,506.133132868374,40.5677287575882,17.3381574304223,10.2836542221129,477.769758512963,40.0472204975951,18.0331406378537,9.97296082649642,439.091112145129
821,40.4602889976248,17.0173014728925,10.7491679950403,503.985222417964,40.2162427773244,17.0035841271988,10.5913443770942,491.706523342831,40.7284882357258,17.1084722842773,10.7118333070235,506.027347162304,40.6411652472457,17.3642213219964,10.2476038101569,477.065798514387,40.0208932185006,18.021810975715,9.97104407069417,438.707637115281
822,40.5233080341299,17.0269926947509,10.7782996282692,506.500653776247,40.3381510659228,16.9752691652411,10.5850800418228,494.595949852736,40.7581601378666,17.1275672327562,10.7153601724623,506.420628134181,40.6666625309972,17.3820145035906,10.2682270187927,478.184103996187,40.054259818483,17.9986406605855,9.98989464847618,440.666623588619
823,40.5165644494735,17.0280965334859,10.7721901674743,506.044486267273,40.3518587347095,16.9945184937809,10.621922894188,496.199734104917,40.7065806810618,17.1614600417682,10.7435303748553,505.915437535767,40.5869004335848,17.3928439207557,10.2502625121123,475.490335954531,40.0697821754671,18.0648252479943,9.9807464733474,439.25179250007
824,40.4529244938876,16.9837296413372,10.7740173587485,505.715025474458,40.2946959995054,16.9431498640364,10.5900938902447,494.590132113993,40.714979210377,17.0996138470677,10.7556117440292,507.9954020823,40.6214519113455,17.293098312164,10.2652013974628,478.940495933649,40.0174750980938,18.0297486307421,9.96579823691863,438.250491324365
825,40.4339124978519,17.0268654563983,10.7420961699563,502.881500747972,40.2607330882127,16.9781634091019,10.5957145241542,493.390923417172,40.703833470881,17.1197350901827,10.7314819198481,506.184650736765,40.5949107114337,17.3972131838473,10.2597314862731,476.004295465635,39.9862257385824,18.0306037205677,9.97266257789849,437.912020147079
826,40.4153342117802,16.9931299865434,10.7822700501098,505.089062250653,40.2573847468141,16.9760557915394,10.6044331289153,493.770592116981,40.6763415692837,17.1092736525428,10.7282817088047,505.668287322658,40.6345753315922,17.3592907400462,10.2873592442521,478.882428210877,40.0200025117909,17.9960766021253,9.96007251428945,438.719798219215
827,40.5157500024891,17.0265749704079,10.7684398196079,505.883535490406,40.2761214126323,16.9760047313458,10.6011614374034,494.016596897305,40.6993488825041,17.114982342658,10.7258963651069,505.926942686169,40.6784991637891,17.3587197387759,10.2806947537343,479.487067985952,40.018029321683,18.051410027221,9.98907900190726,438.852591074403
828,40.472015318298,17.0389252276548,10.7441314238202,503.536399200179,40.2616135630806,16.9762390418882,10.5846627470607,492.935672491645,40.673473672145,17.095065128816,10.730266237018,506.0052022302,40.5908783064681,17.3710907323061,10.2834895146986,477.560884104851,40.0126826021238,18.0559940345528,9.98460349354503,438.4576587569
829,40.4760699391001,17.0106480953062,10.773631563845,505.615618870471,40.2491821506454,16.9669490556914,10.6114489913643,494.116457784315,40.7073769838243,17.1073301466621,10.7575890426506,507.759210522994,40.6403765317891,17.3367470671806,10.2751340030998,478.895831014874,40.0114228523653,18.039456732759,9.96428484479847,437.869858032038
830,40.5195224259233,17.0200147997288,10.7479670620534,505.143867881619,40.250864801065,16.9856651469963,10.6064957918598,493.524484455318,40.7636158084506,17.1128273411495,10.7338440023393,507.727747880672,40.6398675935619,17.3570078428222,10.298026690462,479.535022286799,39.9710618193017,18.083640659956,9.94202212456005,435.210450831557
831,40.5054926411808,17.0372989479815,10.7643962024114,505.241870137058,40.2702706543918,17.0118306735205,10.6214657703069,494.077448255123,40.7085185485184,17.153525696125,10.7397102272863,505.947595281009,40.6332230622352,17.3713053271152,10.2767937017009,478.115859339531,40.0502599196829,17.9978004703302,9.97904872543543,440.125134721561
832,40.4875533392202,17.059110655941,10.7515438497923,503.78385768324,40.2867304386567,16.9687172685118,10.5795595917654,493.388619790237,40.6971323510631,17.1482190609233,10.7232831337723,505.043329405645,40.5938951034863,17.3709472638695,10.2742873045862,477.198476327285,40.0551372596553,18.0452614911688,9.96580615442724,438.692310783524
833,40.5000883529969,16.996585713116,10.7402425955248,504.866640393756,40.2344259121254,16.9770511280657,10.5985320319684,492.988063256701,40.7012890773179,17.0976605834626,10.7463012686918,507.303405658496,40.6416586136125,17.3652956552332,10.2882202161413,478.944695893282,40.0508610390544,18.0835107714903,9.96471849851215,437.796923148982
834,40.5114766660826,17.0336838044831,10.7533769084529,504.93111123873,40.3296443814403,16.9754976452906,10.5851461352127,494.414112130688,40.7310083199971,17.1262273562285,10.7500782715225,507.506485885316,40.6610183732081,17.3627111397374,10.2429082131769,477.284845029673,40.019747298769,18.0458285307238,9.98035833626453,438.615166714119
835,40.4601281876757,17.0389504060297,10.7701092974647,504.49728916736,40.2976957147117,16.954243921251,10.6194782990668,495.790559491934,40.7320084443068,17.1133283949841,10.7291011626558,506.814415155165,40.6468291863557,17.343739508233,10.2642390084959,478.376964185328,39.9864808646917,18.0665407171926,9.94596822495898,436.030056400057
836,40.4966502942964,17.0158885276507,10.7412676081536,504.426291557687,40.3144791305117,16.9698955658817,10.6058517697923,495.178385827989,40.7145181838628,17.1036607912334,10.7424443970597,507.276645414456,40.6344520465997,17.3401850546327,10.3006489369171,479.892133054137,40.0564578120511,18.0470121303348,9.98221516196722,439.406044781045
837,40.4994952710338,17.0068023398984,10.7517148022732,505.173468665895,40.2920742011773,16.9487313054693,10.5942957743707,494.612557999372,40.7477356457272,17.1347167826017,10.7320488103902,506.832141999451,40.6755886026928,17.367463854852,10.2866412901738,479.524636855322,39.9867070587062,18.0693723662053,9.98013687919937,437.476000516768
838,40.4978130161371,17.0342103817752,10.7716004904468,505.481107287885,40.3125346303486,16.9522763027781,10.6160175943769,495.985826829356,40.7079853024747,17.0794698855069,10.7467422235286,507.859128621647,40.6515281594899,17.3204560728377,10.2606885292864,478.785727470933,40.0562702669649,18.0238051954001,9.98607397667397,440.035652186261
839,40.4910484996773,16.9997337673487,10.7664918787654,505.838098574274,40.2935532723139,16.9680168805435,10.6017737730132,494.584119919473,40.7046367061782,17.0809491849733,10.7540699725397,508.101577224901,40.6112040768255,17.3410454113738,10.2775548179463,478.320662612977,40.0258786877069,18.0429132256725,9.96736708301293,438.224572666585
840,40.5218324283248,17.0247339266515,10.7762060326261,506.419149245884,40.2712576963928,16.9923878041794,10.5862160298893,492.870291221312,40.7385007792231,17.0994343515375,10.7508607978894,508.280625112218,40.6754606393157,17.3858075957723,10.2896978214216,479.286984367626,39.9775631316934,18.0487142594752,9.97371643119259,437.424240627962
841,40.4966626912523,17.0591038604484,10.7699009010432,504.840371940257,40.199126600501,17.0066695311252,10.6008986543804,491.721773877044,40.6764351837963,17.1124124790399,10.757643290188,506.986701479322,40.6151194675504,17.3461516876642,10.2837280870144,478.583475027701,39.9322239024909,18.0199456432978,9.95175511903272,436.131254671189
842,40.5068478391653,17.0019431565076,10.7553609036991,505.60746573806,40.3288803000595,17.0130298501455,10.5841799816947,493.558315176337,40.7407562065268,17.0866120482399,10.7326595502401,507.743752406389,40.6681224143771,17.3390551486482,10.248912272868,478.195127628586,40.0384510927723,18.0219671476766,9.97859403355727,439.387110668882
843,40.4638035845908,17.0216300487909,10.7545331705254,504.219265759945,40.35757826551,16.9614129868024,10.598703676819,495.938045925808,40.7415088677937,17.1046512595448,10.7528586816662,508.327579080336,40.6284656674,17.358084819258,10.2642018772409,477.703773571219,40.0531984874874,18.0472084251337,9.96761721953121,438.694570956699
844,40.5217691135236,17.0204051927123,10.7246449389534,504.087567263664,40.285651608121,16.9994911758515,10.5892239965002,493.164737671481,40.7258073295278,17.1219095511665,10.7180766096233,505.976769348385,40.6773518307414,17.3881154239591,10.2749837199663,478.59304986027,40.0048341571309,18.0622757528247,9.97154027574267,437.602209762751
845,40.5059479145233,17.0314686486482,10.7619614278059,505.262880794354,40.2997712552626,16.9941848043921,10.6114311865652,494.611253771919,40.6921814361451,17.1539106804613,10.7258990293904,504.938230903836,40.6259227308231,17.3486275098962,10.2798647641968,478.574893894825,40.0261645577337,18.0315211792415,9.96144722382126,438.196958443239
846,40.4976438972184,17.0386131454528,10.775099611103,505.546786260405,40.3258070563495,16.9522081414171,10.6082352467455,495.905271705357,40.7076045100444,17.0992694623569,10.736696923042,506.951076529303,40.6308209120609,17.296359259671,10.2696896990344,479.275360928121,40.0106180195441,18.0292175918932,9.97615416148492,438.579678703152
847,40.4822321004256,17.0530107077983,10.7791905456964,505.096083456871,40.3050361068644,16.9821920289867,10.6168211404213,495.228928121522,40.7124721847087,17.154382125369,10.7477604755439,506.393418438149,40.6496065216016,17.376489613074,10.2906769197532,478.992254042606,40.086656506854,18.0082790281969,9.98870555903469,441.068823711057
848,40.5104383564793,17.0226670614044,10.7652630443224,505.704072632733,40.2609647243369,16.9644084393035,10.6135330780157,494.517541470113,40.6834144327431,17.1318867599191,10.7532453090442,506.510708937242,40.6191806799192,17.4242261085012,10.3199338419546,478.740793288351,40.030743579409,18.0592681083275,9.97268036625835,438.229004096362
849,40.4507779259929,16.9950870267551,10.7680750017882,505.145277643505,40.2417884073796,16.9747456019634,10.611498507363,493.79638000085,40.7175991030401,17.0926601329669,10.738828993311,507.408359154049,40.6390978039912,17.3819665109329,10.2926122463698,478.753268724727,40.011304093724,18.0489936394611,9.9803250326852,438.381993604567
850,40.5292282135919,17.0293829918588,10.7488697024309,505.193548631405,40.3055952429278,16.9790111090965,10.600958916788,494.568320143489,40.703258604855,17.1596838002932,10.7209278437819,504.817933328777,40.6561868632072,17.3794877340756,10.2876900883409,478.926933840122,40.0495201636045,18.0120908055639,9.93178990054944,437.742236664519
851,40.4852633234659,17.0121327239169,10.748440667052,504.599103038428,40.2580117166618,16.9447562535762,10.5788522561184,493.254970306255,40.7117026047942,17.1026539939152,10.724734727787,506.401567054213,40.5970456062289,17.3696343051522,10.289784434545,478.010110521187,39.9646491629071,18.0555154463383,9.9863227036316,437.583358901342
852,40.4501975032658,17.048620635613,10.7719087167164,504.159299691159,40.2563569660982,17.0108300085852,10.5896389317286,492.323474515655,40.6846772913641,17.1328929283297,10.7404688970016,505.914414840119,40.6338603881836,17.3836011447129,10.2813051972734,478.086022395698,39.9791215394494,18.0303393954046,9.97164560559915,437.730954029835
853,40.4514386965195,17.0227779851122,10.7381208407156,503.159579710435,40.2647687622427,16.9714858320805,10.5950595804687,493.587440939567,40.7283894251149,17.1141912927375,10.7329667771924,506.900808049692,40.6099916514261,17.3547302554937,10.2657061331151,477.463359078838,40.0399541805216,18.0328209210695,9.9828974120156,439.389907323334
854,40.5116254465827,17.0560166261054,10.7827085055436,505.829985462526,40.3299601059525,16.9984989818104,10.6314044322091,496.092398410238,40.7693287477283,17.1387561812942,10.7373205594531,507.458065298444,40.6684459311474,17.381836577953,10.2746050332995,478.52142733762,39.983514573164,18.039260115405,9.96547581859969,437.369874311991
855,40.4955490545266,17.0367298446674,10.7773903975415,505.649705779996,40.2977120513141,16.9710472793701,10.6068487116156,494.844808365166,40.7165680875546,17.1296149680243,10.7553032712752,507.3696680918,40.6244522622822,17.362878645855,10.2895265759621,478.701159849851,40.0444754626702,18.0297204665233,9.99100425348167,439.899021611722
856,40.4870851669595,17.0563722042409,10.7574754211629,504.110637593538,40.2725809415009,16.977461628276,10.5923463115702,493.49994227005,40.7068527668747,17.1317550357603,10.7391166112725,506.351447313166,40.6525259020027,17.3567272488725,10.283156570561,479.108689972805,39.9654576413343,18.0625895783178,9.97658587938317,437.031688470967
857,40.532878244661,17.0266180853498,10.7633496357151,506.012193445492,40.3035131733458,16.9919093949711,10.5968279160474,494.058107373034,40.7192692763263,17.1206573669389,10.7196374594148,505.937128428122,40.6634084009094,17.3739857400105,10.2685223591048,478.295914648164,40.0559599255519,18.0793484609821,9.99182899600665,439.173087331322
858,40.4933558874825,17.0234431032217,10.7479375195051,504.506312386936,40.2762580083616,16.992063564958,10.5936064224629,493.327183595031,40.7265775495881,17.0876975937658,10.741611819669,507.839344674394,40.6557151157097,17.358588718734,10.2663115968504,478.351117805123,40.0403645460362,18.0226519874878,9.99539559313141,440.151494157097
859,40.4504449317261,17.0392990645693,10.7552375625851,503.584870827206,40.2699946759811,16.972327274438,10.6000296024523,493.911928248892,40.6810435210358,17.1354291356632,10.7574289854577,506.580549339236,40.6545219236993,17.3797394762401,10.2645290225142,477.8093598493,40.0399441074897,18.0368272821554,9.96643956241187,438.585468048764
860,40.5012780331285,17.0027808728467,10.7627210746539,505.81554121932,40.2986287401153,16.9748089199038,10.6040925666377,494.655888762204,40.7193557675933,17.1049974699832,10.7385343828514,507.167197015718,40.6152021680835,17.3340164991533,10.292613259672,479.248480633833,40.0335658697991,18.0438923473731,9.96046445825425,438.054723137477
861,40.5210858952806,16.9957747491069,10.7677801154326,506.630755138269,40.2797237242515,16.9986598706932,10.5927685730491,493.221843070243,40.7902833672851,17.0867491171595,10.7438928328061,509.336463484197,40.6389129978185,17.3782612403198,10.2528218466072,476.974637011213,39.9747065486247,18.0619777835006,9.95608968349972,436.330185591559
862,40.5376947282994,17.023157662984,10.7478369801986,505.460822085693,40.3749685456542,17.0153716394642,10.5890229665346,494.710616257271,40.729289250648,17.1157274773831,10.7195748950523,506.254687934916,40.6496919174249,17.381808496839,10.2568111063971,477.308570181237,40.0317842243165,18.0348770214793,9.94356578399514,437.455387631697
863,40.5143796758995,17.0327902110438,10.7647877899041,505.548655117637,40.2837881739925,16.9966184550881,10.619826009166,494.611381321367,40.706090001985,17.1494200399547,10.7283874225495,505.450163475589,40.6350958340518,17.3718623958746,10.2822113445649,478.394965538573,39.9962407123526,18.0310260217944,9.95722053621068,437.424973598206
864,40.4855762851628,17.0004587626815,10.7751077361441,506.109343001484,40.2794372627181,16.954181485072,10.5990984425848,494.453364371483,40.6865375156301,17.1077790791406,10.7459221798497,506.75100651198,40.6494675203855,17.3019254204286,10.2750930045814,479.796333010876,40.0170859807016,18.0308922319716,9.96321627415459,438.106406728124
865,40.4451202983969,17.0113131683195,10.7447460206657,503.580611819891,40.2478408683967,16.9700237510583,10.5940394762715,493.212226925023,40.7083128072646,17.1098325308534,10.7248078907536,506.178334956495,40.6396437899229,17.3641735994795,10.2565016694904,477.449797732917,40.0257166770332,18.0395294589984,9.96028408229669,437.977341156374
866,40.5082139009293,16.9989319715743,10.7702366940208,506.401061771238,40.2965443580193,16.9763198027329,10.6013574532059,494.452072799241,40.7095172520394,17.0925111402248,10.752345687621,507.876427641778,40.625845350107,17.3654443563524,10.2979900563642,479.070756281457,40.0229821695362,17.9986845555748,9.9595475306208,438.704077829573
867,40.4991662803012,17.0264664872469,10.757584687469,505.019111734636,40.2698687922564,16.9918102830281,10.608047676698,493.869508973717,40.7086760063618,17.1429565607364,10.7169486913721,505.105212348075,40.6474375005164,17.3592360965837,10.2423684462896,477.052678460954,40.0419926131953,18.015822320921,9.96736469592602,439.08574431534
868,40.4927040631081,16.9765661591054,10.7538644896438,505.778720678841,40.2980972100668,16.9725989305495,10.5884105828821,493.95990566768,40.6951808364028,17.1201799138368,10.729572098808,505.899344256274,40.6480773630369,17.3556916158509,10.2823176135678,478.999416460614,40.0788496050673,18.0201429195614,9.97029141006748,439.863467567394
869,40.4904577406027,17.0215944622851,10.7448008750087,504.336525376652,40.3006916632787,16.9780694945656,10.5808027615589,493.544130099026,40.7273680356657,17.1101404288707,10.7419888775969,507.391992543732,40.6288511267383,17.3406293324769,10.2731966196733,478.488962830016,40.0138269661192,18.0503151115521,9.94778715135573,436.976682051024
870,40.5275631908086,17.01470477893,10.7430040107361,505.197464445363,40.2560144102696,16.9406994586781,10.5808064082208,493.389667698972,40.6787919486545,17.0934660047729,10.7512851937774,507.145131221738,40.6262478778234,17.3424696797887,10.2485023774241,477.247712435947,40.0326035851945,18.0509795327347,9.96720998386398,438.190925434443
871,40.5168381407612,17.0023180183267,10.7800400438665,506.974937064295,40.347399133058,16.9438597484866,10.6132107732495,496.773392657008,40.6877226249235,17.074697403861,10.7275918648724,506.621794532994,40.6380786665656,17.3957521390851,10.2729208710639,477.533162552473,40.0161211870771,18.0582712172966,9.99890213575943,439.108785919046
872,40.4622729578016,17.0356166990182,10.767999486884,504.516445147975,40.3047520270477,16.9844885675655,10.6072020493119,494.725492715826,40.7184131700648,17.1297219704772,10.7461660152049,506.975983424341,40.638791794959,17.3966110093136,10.2554304854466,476.717138754737,40.0458770327203,18.0250245891083,9.97042912668473,439.114697196433
873,40.4614173300107,17.0125435457275,10.74799450988,504.056733392691,40.3019460724621,16.9564266480271,10.5860753531357,494.274855570325,40.7072377718966,17.0892970930415,10.7175455215612,506.252708702323,40.6347225341461,17.3766894056449,10.2822454019592,478.28960838829,40.0380685306822,18.073388545687,9.98085312251556,438.452489626588
874,40.516841113461,17.0515318993006,10.7726373826068,505.566534469785,40.2898481106603,16.9799879468044,10.5968598757783,494.022643760738,40.8195345664423,17.1206040139094,10.7418138342779,509.139000133577,40.716513391319,17.3938300824,10.2545855231266,478.328901240216,40.0263240044961,18.0552484507527,9.96314556789028,437.802048050123
875,40.4874315530319,17.0076608094068,10.7728175330815,505.886571879319,40.3122935247624,17.003454429579,10.610335898319,494.629224399531,40.6886823686866,17.1447785747185,10.7397106017015,505.70942636304,40.6258512841562,17.3726446938674,10.2627776892495,477.284979596649,39.9921717709735,18.0176734838325,9.97072545951751,438.203379063442
876,40.4732724086278,17.0362520632785,10.7725515780711,504.953021013153,40.3257714813711,16.9571969752638,10.6145499816141,496.093804188296,40.7167652864214,17.0957505446758,10.7344604405452,507.117696621606,40.65853475632,17.356517041643,10.2790092369996,479.043310659784,40.0417901903256,18.0277843333659,9.9637394336504,438.6836364992
877,40.5003670086632,17.0064952439493,10.7618490931975,505.675005093568,40.3102206704168,16.9775342078402,10.5901585333279,494.193697294241,40.6737726155218,17.1096499610298,10.7534196096085,506.78979727207,40.6288901103706,17.3846310449283,10.2890564040305,478.322985188465,40.0527114855924,18.0319077549651,9.97409044254776,439.27497605374
878,40.4716832864256,17.0129863133818,10.7613012658099,504.892210860535,40.2705930689278,16.9999934856578,10.5839832857174,492.591274075906,40.6857050552544,17.1201174064601,10.7483369483126,506.58175286847,40.6031496566843,17.3684635952352,10.2565912615945,476.617356047501,40.0114221241946,18.0329812097901,9.97492598858129,438.466642931183
879,40.5102480196773,17.0468138945064,10.7476280998301,504.352527844399,40.2557711103017,16.9712864744164,10.6085896732252,494.031086509248,40.7370058525185,17.0954937035138,10.7261292333672,507.163829164889,40.700229841642,17.3369703038444,10.2742825840337,480.081461150906,39.9845212773088,18.0479811016271,9.96594014631119,437.23649281599
880,40.5371543491212,17.0267362112804,10.7537260983817,505.649194225532,40.261658915196,16.9888842081014,10.5949586432619,493.148171071238,40.7553384544157,17.1049053552876,10.7541212088984,508.679248381931,40.6969354938742,17.3773531336108,10.2814507129642,479.518273367918,40.0052387032898,18.0248993715229,9.94386838511112,437.139202750343
881,40.4791728373704,17.0026848332846,10.762277239212,505.320945006011,40.2970682622567,16.9536252758224,10.6061107968577,495.166285388507,40.7391702091752,17.1035521173775,10.7225038435909,506.866011669896,40.6496635347085,17.3518046164105,10.2886997908556,479.409352360152,40.0342950489025,18.0333379895788,9.97654697014619,438.987162981026
882,40.5019104813562,17.0284616782904,10.7409211173158,504.25292389016,40.3037006699252,16.963435427075,10.5993082898246,494.781333750494,40.687763721005,17.1051304458038,10.7158959831374,505.418090371061,40.6132417123718,17.3194077425429,10.2895500040465,479.366138837022,40.0779158196182,17.980706794427,9.96632787564306,440.456060563349
883,40.4861212569268,17.0445453060988,10.7707860201036,504.968397080749,40.3323051144396,16.9924223030124,10.6020850672209,494.902846051435,40.7029209629421,17.1257484930358,10.7501572571296,506.916623459921,40.6583729874328,17.3728892554098,10.3007127781504,479.714159647723,40.0661853843199,18.0221398624206,9.97501197444084,439.779236092129
884,40.4822376853898,17.0410027194814,10.7492494204698,503.951362744776,40.3040897949159,16.9894973745136,10.5947737767161,494.025664781004,40.7341619012956,17.1134104200286,10.7235615726416,506.597165802866,40.6866993825359,17.3666346167618,10.2751514945947,479.234396664177,39.980185166958,18.0260633629545,9.99862081947957,439.0218786858
885,40.4636033276253,17.0279072290436,10.7578719747728,504.236436536449,40.2827105599234,16.9749817477389,10.5975946213705,494.011722992735,40.7700229759661,17.1376425877316,10.7285168530175,507.08078254419,40.6749410555192,17.368616583115,10.2677529900975,478.607165579425,40.0766200170295,18.0103922603251,9.9902772230766,440.895465114048
886,40.4825510322067,17.0741945381576,10.7759345621465,504.493835574541,40.279499412498,16.9664664958007,10.6020345837247,494.331162468674,40.6729955273644,17.1155051544056,10.7503887117105,506.504357163372,40.6595397819325,17.4026084099843,10.2629218972853,477.368140481658,39.9964825007496,18.0597340745443,9.94740087557566,436.427261004235
887,40.4705518781228,17.0438137077052,10.7615348996845,504.21532081344,40.3106816740537,16.9598100002803,10.6090614001993,495.461662670476,40.6922388112377,17.14540748099,10.7349529583221,505.54825329551,40.6414848528449,17.3910324349838,10.2887186503728,478.434726842506,40.0145117313572,18.0294265793926,9.99210399629261,439.354514411557
888,40.4957388519052,17.0136253527225,10.7494429706429,504.839279779255,40.2814207533423,16.961895366017,10.5781421164915,493.354507272518,40.7363007687132,17.1347570073398,10.7442066008447,507.159724542144,40.6599362068143,17.3783030124041,10.281261747498,478.729129561938,40.0363503234128,18.049538634992,9.97136390116545,438.477000743283
889,40.5119396466356,17.0004352392108,10.7426632277981,505.152347655709,40.2430610577219,16.9654088141015,10.5878861262457,492.922262483604,40.7387998220801,17.1235763533204,10.7246025495314,506.527771641628,40.6269330769773,17.3799482516389,10.2737270824494,477.66635517074,39.9763920093293,18.0096101169561,9.99167097975606,438.969714305312
890,40.4739604398243,17.0240699313359,10.7589287036285,504.591400177442,40.2865282652782,16.9776845137542,10.6067038765919,494.460006756329,40.7551433167529,17.1165240228836,10.7424748227848,507.874545219571,40.6413716590836,17.3490414977106,10.2622992488601,478.065724638521,40.0184658532898,18.0056479329208,9.96615234813721,438.766194012405
891,40.5052891077663,17.033575240223,10.7629879450184,505.251546810581,40.2886889045696,16.9672276424974,10.6064298093603,494.714883855767,40.6934951393748,17.1084984650657,10.7364269953099,506.437189956695,40.6659051803207,17.3523777980728,10.2595066374082,478.370577839141,40.0018731393294,18.049724710621,9.95857261858054,437.224128522304
892,40.4531696411453,17.0783132330213,10.7581016383658,502.938162041611,40.2741882528834,16.9894736541782,10.5750976023459,492.476259048153,40.6939409153814,17.1646539273888,10.7209714872198,504.513629825761,40.6070094206965,17.3851662232616,10.2419922620609,475.675876677838,39.986723628117,18.0324183639972,9.95349713445254,437.044229070626
893,40.4602347451166,17.0280358328811,10.7450447443613,503.560051541491,40.3146121635603,16.9898088225359,10.5712447832755,493.144411279463,40.6769893997568,17.1027167340446,10.7107836209832,504.997867089006,40.5968575950716,17.3923047777681,10.2952984917709,477.795595244406,40.0557383104139,18.0166900402317,9.9786361881084,439.839289240615
894,40.4814513321784,16.9827828256948,10.7713014137397,506.222482609774,40.3024507710872,16.9646814610256,10.5946138901447,494.509309794744,40.7047165215315,17.0872200008013,10.7446282801891,507.522442047813,40.6281120851884,17.3291656600847,10.2891260347946,479.451592491638,40.0447831109204,18.0982980998042,9.95847095406682,437.106867054129
895,40.4847080104115,17.0216143236073,10.7616865885055,505.004921308258,40.2713275052198,16.9822540148332,10.593519473998,493.42650710356,40.6788687653636,17.0979373215366,10.7409761248121,506.564443277952,40.6066298781559,17.3756145066655,10.249344846886,476.205375371429,40.0097869281426,18.0185805544479,9.97301623870495,438.637316547138
896,40.4897514730014,17.0442283733112,10.754822997847,504.304902058205,40.2878521646517,16.9737165356472,10.5810520483781,493.376165106888,40.7232213398193,17.1103984406128,10.7296242404617,506.713433930109,40.6459406815266,17.3439584602215,10.2452987091399,477.471536744675,40.0522735340932,18.0703691263013,9.9434033496602,437.149883840697
897,40.5033516495505,17.0038098020088,10.7700950438168,506.18459836835,40.2659892956445,16.9517243510041,10.5997070039938,494.248754853346,40.7280166617993,17.1269964787887,10.7183584647616,505.928388911163,40.6756862401556,17.3725098278013,10.2884512259239,479.507187855217,40.0657263465542,18.060878233468,9.98261496662828,439.331852224152
898,40.4850350057997,17.024740287178,10.7554944148145,504.654137632078,40.31542610845,16.9934576039917,10.5982194468524,494.342680285655,40.674876717682,17.1153650430992,10.7455242800509,506.318609450746,40.6670029177923,17.3565158978893,10.2876212410306,479.618922809445,40.0158373113575,18.0147285322165,9.98350338955727,439.296288141145
899,40.4631896854764,16.986409890555,10.7785805960697,506.092726311483,40.2409411243106,16.9526223605129,10.611595960766,494.252458653893,40.7525031133763,17.1029013765947,10.7443199343875,508.197774761658,40.6980057602463,17.3669970838347,10.2579807697604,478.658076683483,40.0055065494519,18.063032167681,9.94805337243803,436.569812546422
900,40.5240674279585,17.0374159004181,10.7535626221198,505.130355970625,40.3265947290541,16.9891225206343,10.5992921544229,494.721372165534,40.7397613515413,17.1503031652099,10.7424070006952,506.815121526904,40.6290888396547,17.3763164932742,10.3021997096208,479.109409029521,40.0613789275813,18.000637781869,9.99816698224143,441.133947453671
901,40.4709625140549,17.0142941740445,10.7514806996889,504.387833873249,40.2670710840763,16.9798471290681,10.5868702021454,493.077634759924,40.7183550436207,17.1070266732793,10.7277953133058,506.594995664546,40.6643531092235,17.3448951290238,10.2860678622305,479.731054589536,39.9950618081474,18.0187892735188,9.98306310079802,438.781030867063
902,40.5652312886975,17.0383579012603,10.7723377927104,506.878854671605,40.3470284359024,16.991682175148,10.6167357568754,495.915079521512,40.7274880627635,17.1191735527085,10.7417847547372,507.1908657783,40.7032882939185,17.3695494810661,10.2893764196812,480.179243847927,40.0891631648484,18.0106667391075,9.99144890265504,441.192337770484
903,40.4956995865744,17.0290526885344,10.7671285166349,505.336806011376,40.244072909659,16.9855530051151,10.6068612827821,493.399788540646,40.7086249399452,17.0984555208518,10.7394119579847,507.118671578912,40.6407904863153,17.3769535308514,10.2418909338041,476.531361599323,40.0014284654082,18.0014649401247,9.97132210647502,438.737445282606
904,40.4904660318315,17.0512924284578,10.7622594458832,504.516935033208,40.2736607980673,17.0062674671472,10.5982677061803,493.188126692171,40.7441286228718,17.134481607766,10.7297766358067,506.652477844649,40.6623811527877,17.3824518618037,10.2818653553214,478.722196902601,39.9816291326582,18.0149066705365,9.98549716137984,438.69728958067
905,40.4811283109395,17.0083263169928,10.7721275676394,505.704034897471,40.3143256879979,16.9897500652552,10.6190759406874,495.370879644422,40.6682336123382,17.1175270356127,10.7353237536772,505.648919458007,40.5993821246988,17.3306393712629,10.2719940616144,478.032774769052,40.0555954853822,18.0508074033651,9.96928810289567,438.744144065587
906,40.4656438711786,17.0112712343399,10.7469071546352,504.123930196645,40.2419835832274,16.9687679139927,10.5973518658204,493.268910992011,40.7313261861966,17.0997160138713,10.7508247055688,508.118596946014,40.6548539085739,17.3378151962764,10.2551515066633,478.239529362688,39.990254042372,18.062623425735,9.96371481109864,436.961315894572
907,40.499695541312,17.0000455922106,10.7651659004715,505.955260610165,40.3030552812718,16.9646153223301,10.5672910349337,493.248174694927,40.6942487457291,17.1027383764039,10.7241823426689,505.999317879212,40.6355101707932,17.35685276879,10.2736234403809,478.312320691633,40.044258432701,18.0458824486904,9.95441285953659,437.961833568311
908,40.4511200972929,16.9982283467232,10.7629080854154,504.842636497159,40.2440124359826,16.9759182943778,10.5722792191038,491.99357632288,40.7260149361239,17.1073981605731,10.7270585953765,506.71657218615,40.6465717435973,17.35957720007,10.2716727605178,478.392775054152,40.0201736889024,18.0219904758251,9.97314475084806,438.782130879392
909,40.4934908467931,17.042712463304,10.7258254737475,503.057912329667,40.2782266938044,17.0291505362997,10.5784962677712,491.880530722583,40.7153192072636,17.1573460306251,10.7055040024979,504.399952266484,40.6393185723388,17.3619778014564,10.2740178963621,478.303631319528,39.9874752002412,17.992566652377,9.96504581535904,438.360542768199
910,40.490020650015,16.9913828038914,10.7656865725729,505.957939867533,40.2458782323771,16.9866430462792,10.5753787511851,491.950443111752,40.7776559496829,17.1166696558824,10.7394119402527,508.210157443595,40.6259467032622,17.3342352369368,10.2754463865936,478.665464848471,40.0060120766548,18.0420690222985,9.97580862226453,438.216185001149
911,40.4815439210009,17.0302556339643,10.7567401025706,504.518826348225,40.3358584051117,16.9526764433735,10.5966520646181,495.566886824387,40.7265813262926,17.1155523236095,10.727139390105,506.557598511186,40.6641042351849,17.3801827142438,10.2828910775163,478.852057714552,40.0138177373966,18.0203064136482,9.9771869533347,438.866748474643
912,40.4534820539975,17.026134135944,10.7488057711758,503.632025009834,40.264367318824,16.9797295971568,10.5766103940427,492.545082697008,40.740634913359,17.1011844675739,10.7106580981249,506.388142704744,40.6841224879,17.3420993557051,10.2841163988087,480.104165750357,40.0511635529086,17.9992686110088,9.976099806791,439.983809738525
913,40.473468991351,17.0342394615311,10.7507088282348,503.976663666512,40.2830011777048,17.0025814354986,10.6227121804466,494.602396722886,40.6856188863676,17.1373959273146,10.7445148555664,506.02846281147,40.6046942733313,17.3883062815603,10.2581456910348,476.314180878357,40.0461963949089,18.0335321919349,9.96712795434272,438.806081454043
914,40.4843089828107,17.0208208041915,10.7546582574096,504.68359377564,40.3154722478472,16.9591277493969,10.5740781786875,493.943625389942,40.6611994033451,17.0670780069082,10.7360142535702,506.613647225221,40.6145222476076,17.3715507712855,10.279019728396,477.829924703324,40.0707521201026,18.0567606717697,9.97892965333265,439.352144103961
915,40.4746649477199,17.0392873022739,10.75957737899,504.309518364057,40.2718665637837,16.9616703948573,10.5929233509627,493.846242626686,40.7346593557045,17.131220539469,10.7241251998556,506.25246602488,40.6266955441846,17.3678391408803,10.2765925973745,478.043583075185,40.020997615639,18.0508342986964,9.95593820499036,437.467176674054
916,40.4788294431929,17.0215813725814,10.7539280842475,504.515117611417,40.3079460339885,16.9582307762003,10.5993690817462,494.984499941954,40.7204426177898,17.1047600848108,10.7628229814952,508.342821379281,40.6760727402792,17.3715122633768,10.2442391137294,477.474979931512,40.0187794230865,18.0292539443109,9.97474762480266,438.679934079907
917,40.4510175908159,17.0008553318056,10.7684646695253,505.044487561577,40.247701021142,16.981976822717,10.5911827956914,492.82307571932,40.692216386949,17.1308672174968,10.7576108810496,506.927652395014,40.6006717326602,17.3747536782892,10.2702870353657,477.073690156543,40.0814286547673,18.0591341263403,9.96293121571354,438.813211197805
918,40.4699785547099,17.002448026152,10.7716213310694,505.566704857872,40.2538093902418,16.9674969173539,10.6160401788097,494.416857656992,40.7274680459132,17.0976376452713,10.7514145322378,508.108203927552,40.6425015225571,17.3519049633381,10.2957032703578,479.586142326669,40.044314569159,18.0334086491139,9.97514379988988,439.123903436594
919,40.4925961825748,17.0553051707533,10.7542383250047,504.100426467239,40.2915370343643,16.9989589694397,10.5853491252962,493.120141690888,40.7265736544467,17.1233605018088,10.7513127540403,507.531053208577,40.6631032002778,17.3768924615806,10.2675040220249,478.182524834586,40.0083381065672,18.0155953452031,9.96433545920221,438.286133084346
920,40.4774720253361,17.0230635957288,10.7421641943767,503.902212865626,40.2887877500183,16.9774022806469,10.5814966152468,493.338692881734,40.7417180007161,17.1101410778945,10.7350282170675,507.371290160583,40.6146982568343,17.3934228679944,10.2598382379306,476.493058335872,40.011910896981,18.0385232557283,9.94577168056614,437.084593056946
921,40.4906073070988,17.0311784570794,10.7713386920721,505.378907332253,40.2808872547155,16.9967863584785,10.6131791279615,494.236667290586,40.7071202897233,17.1169303011773,10.7683328743479,508.054036731546,40.615887381977,17.4125221517231,10.2904944215,477.548200923913,39.9951491910077,18.0392225655704,9.97311326442585,437.93788612182
922,40.4693331658454,17.0048300939155,10.7483848771254,504.411019935186,40.3087490416979,16.9657398828723,10.5989491570646,494.822734494572,40.7158296557318,17.1053111873199,10.7264698371511,506.51502838184,40.6399297534614,17.3845364343652,10.2794019207575,478.103069504577,40.0637856100448,18.027539610757,9.98824724030221,440.206946578014
923,40.4196750828933,17.0000847804315,10.7435825761792,503.220604629571,40.2530923358745,16.9505867617987,10.5965075784353,493.850353824448,40.6960614627183,17.1273916160106,10.7489902147367,506.678803113242,40.5793528811596,17.3626226823599,10.2677378440298,476.766598553692,39.9809464101086,18.0439766540293,9.9820188504454,437.950491253668
924,40.4862440641631,17.0398357400014,10.7495971421537,504.078887830352,40.2835503088118,16.9715647436404,10.6006465071868,494.244236714046,40.7475457187938,17.1515928371504,10.7387957570871,506.784237379638,40.6743097608291,17.4051087620682,10.299149801049,479.305973673914,40.0287275343268,18.0558177020303,9.97961587629635,438.562399621629
925,40.5079750420149,17.0448804543642,10.7719276559277,505.485514964726,40.320961792585,16.9733461618977,10.5935714745671,494.66926988881,40.7081826787899,17.1127111945502,10.7187671240621,505.828728044027,40.6338487892845,17.3359559056775,10.2833670341113,479.16156728708,40.0378806208221,18.0197834774084,9.98251688523219,439.59205302962
926,40.5761958507133,17.033566319315,10.7711243841157,507.161182023697,40.2943363575098,16.9754322020889,10.6048092511945,494.585061030251,40.723926325916,17.1318739631658,10.7411349285082,506.810835337461,40.6868686914888,17.4034651656758,10.2868187005918,479.024301605518,40.0642746837261,18.0361696881478,9.99281218078668,440.245431838927
927,40.4697566922468,17.0012318843976,10.7636538408535,505.214154374345,40.2523545940434,16.9904975147981,10.5882669660453,492.605505762079,40.7352266889002,17.097915166611,10.73171921651,507.337980580766,40.6061451552407,17.3698777803472,10.2857129148901,478.003150863561,40.0026606270191,18.0281128820304,9.94727091304213,437.173559221962
928,40.4944267784268,17.0193063657209,10.762765868869,505.314449490922,40.2302357707,16.9598547994114,10.59743164291,493.212543295409,40.6952018471724,17.0818461470426,10.7523951010534,507.800260299014,40.6165662191197,17.3388979151878,10.2790999886434,478.546959997181,39.9999027836533,17.9994555527051,9.98454389130491,439.32886201148
929,40.512634209203,17.0087525633048,10.7401145926507,504.868764498092,40.263061343781,16.996687571615,10.5874783170673,492.664455659182,40.706662028056,17.1062934655246,10.739910667409,506.931700159028,40.6004519324814,17.332690209388,10.2634985305059,477.61727650626,39.9948571776074,18.0613224529443,9.95418142211813,436.660767755248
930,40.4433942865102,17.0239970449654,10.7717290076695,504.534801217766,40.2183310649656,16.9920165450188,10.5821065520768,491.566670124249,40.7085086928692,17.116185975639,10.7307880440905,506.32842909276,40.6109159848626,17.3435200472953,10.2732365592026,478.062925166518,40.0099142549903,18.0731270115347,9.97448597886775,437.616353562507
931,40.4456060691291,17.0291683098381,10.7591212386903,503.880585660912,40.2690085818052,16.9521222554863,10.5969041037819,494.173616797571,40.6787592184165,17.0771255999,10.7436115877967,507.133568869654,40.6154138441973,17.3650794906714,10.2936397336595,478.661131044646,40.0467259356674,18.0376233632754,9.98622921093409,439.575886029732
932,40.4686899327792,17.0479415829502,10.7593122168531,503.982287696313,40.2752798479761,16.9672142315979,10.568246523602,492.650766844352,40.7344755280743,17.1319064679679,10.7160214318537,505.851271789815,40.6659229080835,17.3724350046782,10.2799457869623,478.91158567254,40.0363668297478,18.024049046576,9.97676268592006,439.223341379526
933,40.4612975018808,17.0272995007067,10.724560419522,502.638654869096,40.327748241579,16.9894137756431,10.5859080446851,494.114925145001,40.6907398602611,17.1285695798323,10.7161780601844,504.992824418919,40.6054823778424,17.3944216227348,10.2670923807709,476.62021005675,39.9970124696541,18.0288658400225,9.94736081982587,437.050162135574
934,40.4490797589636,17.0381810824748,10.7924497460617,505.321894952297,40.3041246979415,16.9773664809694,10.6088026106571,494.937946940764,40.6711570169849,17.1436927399026,10.753306903819,505.996088080207,40.6069679998763,17.4018295010774,10.2862676413356,477.388530505813,40.0377840869782,18.0245763321457,9.97062452122319,438.970858062228
935,40.506618044192,16.987972386834,10.7769547300294,506.918759121902,40.2446003841609,16.9566203504316,10.603529312336,493.869557825487,40.7490451320668,17.1113750910413,10.7284918222092,507.193099462443,40.6372660522438,17.3687281554112,10.2905096300993,478.890226611376,40.0350703439818,18.0363694953807,9.97788044235123,439.000813908784
936,40.4970012700271,17.0428540121886,10.7543755583465,504.469416023116,40.2493887338727,16.9759829697487,10.6011339109907,493.448982140602,40.7168207246483,17.131750873277,10.7314690844082,506.204895927195,40.621668123684,17.3680486213181,10.2972345592906,478.895948736712,40.0123896246304,18.0393237089696,9.9804727667526,438.603171946626
937,40.4743970269306,17.0328949389142,10.7790138466862,505.352551187706,40.2925802808196,16.9730469642256,10.5915872588422,493.981743916366,40.6526422495871,17.1293723237639,10.7460504354735,505.564490060306,40.5929527268758,17.3543256032895,10.3081142199297,479.09284540857,40.0384259213207,18.0302526254015,9.9820444911803,439.373130018944
938,40.5026682678309,17.0404332317213,10.760744252488,504.942221630678,40.2603932764637,16.9676037519537,10.5817629307502,492.957553488452,40.699563395626,17.143343832786,10.7291138364699,505.474722493182,40.6463891153454,17.3963307920154,10.2814674902215,478.089437594142,40.0230780874918,17.998965835879,9.98725735905382,439.920954323094
939,40.5041866469916,17.0058299871509,10.7610797721751,505.735381063138,40.302263746666,16.9633874686179,10.5855867572119,494.111399314224,40.6960646095613,17.1116580083147,10.7232431756471,505.802654277006,40.6240235918492,17.340148990931,10.274476195111,478.459230634169,39.9836764558085,18.0550027070253,9.97223508711724,437.355779543125
940,40.4854128719152,17.0194524704274,10.7393102888317,504.01645995403,40.2763972535252,16.9632454758069,10.5729486356698,492.977512562781,40.7296505214052,17.1011604780827,10.7231066709781,506.741638417384,40.6362785281799,17.3338628918321,10.2662570267481,478.457176533719,39.9975167815851,18.0558921838387,9.96724179919112,437.394955665637
941,40.4806621824419,17.0284243300711,10.7592997781607,504.659315044768,40.2479764638454,16.9552173975289,10.5798283490486,492.866785394751,40.7467863090724,17.1371355199055,10.7258635635498,506.467786295318,40.6408114736553,17.3862122241449,10.274125169931,477.841326932109,40.000924393355,18.0363679314172,9.97054286794361,437.997103558237
942,40.4837563627686,17.0613193279617,10.7767730770859,504.836577672896,40.2799234577825,16.9931143182305,10.6107663146133,494.181779985573,40.6601901055068,17.154927016226,10.7523352000159,505.472935401016,40.6173603100141,17.3626079221289,10.2625325853344,477.305308289113,39.9793159563593,18.0109438281667,9.95459259121892,437.372388856892
943,40.4419169535711,17.0249269559946,10.7439600113648,503.182408240981,40.2699537489936,16.9634306308897,10.6031701432984,494.246060139948,40.6718905730685,17.1111522074463,10.7308162828816,505.651909781064,40.6241580475487,17.3805830006987,10.2849122919128,478.116261414691,40.0233452686554,18.0838926558571,9.96539738195423,437.270727258177
944,40.5123433676586,17.0545314625033,10.768550590329,505.213268478172,40.3369100492285,17.0114924867956,10.5827775684006,493.695411506586,40.7054041135449,17.1574892505428,10.7111932321799,504.452532625075,40.6210283566045,17.389556571711,10.246011670639,476.059862068282,40.064209665835,18.0379508395356,9.97298864037405,439.335258129243
945,40.4618422903257,17.0115765894585,10.7766170105392,505.42906450726,40.2435738887043,16.9849772721866,10.6088381751715,493.493375372454,40.7033999605362,17.1436472594773,10.7448644993162,506.292700820555,40.6246045320385,17.360937280953,10.2891733975161,478.727812417071,40.0127406460253,18.0393849264205,9.95859353972579,437.647436630706
946,40.4756666726788,17.0216900546656,10.7695091662352,505.175632344718,40.3445278954505,16.9748097014301,10.5848292621812,494.728953977994,40.6927013461249,17.12762967906,10.7470136290399,506.508292750496,40.6151077830894,17.3756256830385,10.2667460133794,477.187720407398,40.092425219191,18.0250866823234,9.96876185097561,439.96808511778
947,40.4855076709388,17.0373026643469,10.7676898115428,504.965996296892,40.3029180801278,16.9832807330893,10.6010134211605,494.4235769851,40.7196412659188,17.1590889476898,10.7338953205058,505.793004554339,40.636369349219,17.3595936330822,10.2751501396373,478.34473049994,40.0219351699831,18.0192284855948,9.97359744046692,438.89227814152
948,40.5066346444521,17.0060508246234,10.7532749477116,505.416478492722,40.2638256554511,16.9875251071012,10.589662371803,492.976328143277,40.7431491896878,17.1256763596083,10.7538935810764,507.959578937277,40.6439983073748,17.3366632175509,10.2815711217804,479.272046770387,40.0027640535946,18.0403104031559,9.98708994939541,438.682000232718
949,40.5371375213015,17.019511077916,10.7550700263707,505.867438505278,40.2578617049707,16.9649468740538,10.5755185326837,492.66930494917,40.799213439487,17.0883636517018,10.7307314749885,508.869524233022,40.6875293033734,17.3684794904228,10.3030677349745,480.515499476151,40.0484911095719,18.0370776582014,10.0042903886738,440.417144065341
950,40.4993858134215,17.0427439476288,10.7469323914289,504.173888523272,40.2640437698811,16.9656612491916,10.5983025731837,493.846614840084,40.7425094966885,17.1098004386593,10.7330954029166,507.304241898397,40.6233766244644,17.4028692276235,10.2591557915244,476.445605884869,40.0428812473643,18.0496487456102,9.96944251372004,438.520534234232
951,40.4856597868131,17.0193349979469,10.784997313783,506.168499624562,40.2469469602549,16.9418822589159,10.5989258410927,494.017304982721,40.6719887704081,17.1164962547345,10.7484290371505,506.369079479696,40.6494453139348,17.3631217793928,10.2873332303409,479.108339818725,40.0233665218624,18.0212265092058,9.93726918257587,437.282375796985
952,40.4696603725732,17.0131944758028,10.7655648555401,505.044209786893,40.3090912403752,16.9387724149118,10.6037317749295,495.6251846396,40.6853031065644,17.1276242872478,10.7555125555713,506.749820642549,40.6158574664255,17.3470680001813,10.2841737626019,478.600548232512,40.0234028706633,18.0351580851542,9.96325981313919,438.149191265861
953,40.479795442717,17.0197637670196,10.7629144910652,504.996629766424,40.2559979595947,16.998295450224,10.5885432098898,492.53037596647,40.667425939763,17.1200338039972,10.745547496613,506.059241232485,40.613542618664,17.3209042478125,10.2917525002758,479.44413838246,40.0094274707584,18.0277976108786,9.98191409568487,438.837481888923
954,40.5237123190477,17.0223657688484,10.7553966785151,505.532609253292,40.3244227712516,16.9837843971766,10.5916123155427,494.429985710963,40.7550097833753,17.1567098630381,10.7356573982565,506.686526252086,40.6433677302651,17.4047911848205,10.2968178078297,478.566777603493,40.026045369196,18.0160647133337,9.9843558180567,439.510956833348
955,40.4951602790594,17.0203493324679,10.7594921663755,505.154088973994,40.2846494422603,16.9704771166716,10.6078624256972,494.627065197685,40.6665627723187,17.1023390204072,10.7572323674292,506.97166091481,40.62417447653,17.387882573564,10.3010828238156,478.71793482162,40.0080238595761,18.0084408778791,9.97640515038043,438.953505929647
956,40.4804241308409,17.0281757481014,10.7342433204899,503.484281105784,40.2908168678529,16.9816034427258,10.5683444386632,492.679592142111,40.7220207481571,17.1377112784351,10.7109464084022,505.22054961873,40.5914982438648,17.3633958210326,10.2682914692493,477.025851910435,40.0023314428813,17.9861418945552,9.97572859054358,439.255063064127
957,40.4715776950735,17.0076141632954,10.7667124482118,505.259496483968,40.2690597056348,16.9516247602619,10.6003846117745,494.347557161967,40.7079299981196,17.0753222421111,10.7300591242234,507.158556963104,40.6537587594649,17.3233832459632,10.2900787312252,480.142801725964,40.0398168850899,18.0569020145417,9.98208973939295,438.870857942497
958,40.5226628277289,17.0366305314114,10.7566559935144,505.262340128112,40.3221745409711,16.9599075590784,10.5834594227032,494.507209250437,40.727501426637,17.0839744382213,10.7214537673325,506.985963005953,40.6563988276755,17.369659637143,10.2833033050763,478.929204164905,40.0979266172486,18.0252712591755,9.9925160231171,441.122724676575
959,40.486175343781,16.9984903557897,10.7706300339186,505.954330717754,40.2726916801068,16.9803540915416,10.594953320554,493.562458954869,40.7124417838027,17.1019364093492,10.7319526937896,506.773653510198,40.6378760929383,17.3777032396147,10.2928365668259,478.826315390762,40.0513619719085,18.0376559328023,9.97655738838719,439.242003260456
960,40.4800501793756,17.0082925864426,10.7722593129309,505.687718642656,40.2609430202294,16.9529859319418,10.6128622074187,494.728273828849,40.7086232855241,17.0906591466968,10.7382012462441,507.228903898605,40.6704925280148,17.3905272906711,10.2772103003493,478.506197058007,39.9847228839197,18.0152902293345,9.9765785750593,438.359542255886
961,40.4816109807977,17.0156462521733,10.764917489962,505.218348251999,40.3173433453194,16.9710730876567,10.6223133959512,495.982798606937,40.6856692144747,17.1335978910496,10.7569253440749,506.695745848823,40.5966349081672,17.3899785866205,10.2713493312346,476.727347777018,40.0445790087409,18.0121023850703,9.96142940126804,438.949920843567
962,40.487739355552,17.0386042321963,10.7693572458424,505.064226498895,40.2465654847679,16.9969496845402,10.6056658607715,493.155313137055,40.7617223619959,17.1106091530167,10.7391360986086,507.985047269655,40.6576074267101,17.4198923520355,10.2835769260195,477.933661110678,39.9581874533217,18.0388268554903,9.96602850664019,436.897945130627
963,40.4774579192052,17.0161174531787,10.7570611739568,504.750149232153,40.3074915154556,16.982091620102,10.5952391956212,494.276382449576,40.710117272817,17.1073377679784,10.7469978776448,507.318042490037,40.6408842732023,17.3939003172853,10.2926262340267,478.545033853337,40.060815047325,18.0435654916222,9.95838129745283,438.512332393724
964,40.3976712196702,17.0593714763712,10.7810437004106,503.222458851573,40.2923415230696,16.9897540805727,10.6157193569623,494.747457161242,40.686990251995,17.12770200991,10.7467284159231,506.370544820277,40.6024704895787,17.3501061431177,10.2839595742355,478.2527498888,39.9905977114677,18.054973253459,9.95465199147734,436.723015390431
965,40.4846579147116,17.0357653384095,10.750496154898,504.174458956302,40.2821865398565,16.992160762066,10.5888463916896,493.229010839027,40.7156225308135,17.1451469001428,10.7203351472558,505.366796682031,40.6409015855281,17.3887420463267,10.278695136318,478.003718328962,39.9946057213427,18.064895116462,9.97507244283982,437.500903868395
966,40.4916218602357,17.03453310612,10.7763048718354,505.561479640103,40.3459819874829,16.9705088173726,10.5963829652929,495.390931410835,40.7157939554592,17.0999461733173,10.7284612867011,506.723417366672,40.6181054376735,17.3611523721084,10.2703659023736,477.714835515365,40.027845324381,18.0121907536522,9.96198913690498,438.639423350904
967,40.4756144227463,17.0357127141387,10.7856246020156,505.627961074372,40.3080902995875,16.9745327160277,10.5908706140675,494.245378666751,40.7392495683406,17.1195661232433,10.7330524188839,507.022601067346,40.6430522770671,17.3913124629703,10.2753188866379,477.838082517956,40.0499244709684,18.0374376268856,9.98910196403117,439.769951134876
968,40.4784588547366,17.0200476108649,10.7870173853002,506.092579838335,40.2752252805204,16.9788576291139,10.6083514385111,494.272110573765,40.658447336925,17.1024455442197,10.7596731860433,506.909761718718,40.6296638457426,17.395697385175,10.2783293169269,477.612717240298,40.053713256122,18.0438932913304,9.97009092873954,438.87981274832
969,40.5000593951397,17.010158163666,10.7771076323715,506.306387690739,40.3137800776784,16.983090239735,10.6220702681079,495.640453724134,40.712799986271,17.1149077136333,10.7618370828866,507.91334427527,40.6576123001259,17.3798664974767,10.2813231290708,478.652052626815,40.0046347175956,18.0619805284763,9.9845647534008,438.175703225486
970,40.4872484268556,17.025450738438,10.7599324865889,504.894718282764,40.2696310892643,16.9840177481795,10.5696680187158,492.242405254893,40.7401119746021,17.1548322223616,10.6983321249452,504.64631209843,40.6557373606337,17.3712375414006,10.2813506887586,478.792216507741,39.9991241140332,18.0217988309484,9.9847167856579,438.874737315762
971,40.5093348198885,17.0014483689011,10.7668628277688,506.212377577091,40.2475108066859,17.0169412070831,10.5924045910414,492.135184158677,40.6604632031388,17.1385045017021,10.7251072338798,504.5510588476,40.600544721455,17.4096344274561,10.2716344625142,476.417106785829,40.0491648368181,18.0470367914407,9.98486748448102,439.376665819353
972,40.5001757107894,17.026794187292,10.7792601890167,506.051373915675,40.3141695354236,16.9717100527722,10.6028679917501,494.994032994655,40.7189130497702,17.1237470970519,10.7204748477758,505.902766250423,40.6324250832504,17.3535834530697,10.2486854477511,477.155050911469,39.9798481662768,18.0383101790392,9.96956348491173,437.495111840735
973,40.4727196819453,17.0079393773785,10.7413435909313,504.086535074138,40.2540394397208,16.9826142153149,10.5858788560196,492.696976464959,40.7541171208276,17.1178007181642,10.7114068186857,506.356401368202,40.6046176553116,17.3436453480065,10.2674724828478,477.662786179079,40.0501898892175,18.0302190193819,9.98174564665092,439.595496738723
974,40.4943478355725,17.0493221584904,10.7690139890434,504.959618979958,40.2879070596086,16.9666115220595,10.5941411525381,494.138193569706,40.6952211004283,17.1299517258456,10.748054998943,506.561622605847,40.6715225686954,17.3761247261826,10.276735343724,478.801276708526,40.0186009678281,18.0129341988245,9.99584294633642,439.930377904748
975,40.4427033321637,17.054016703405,10.7624734881685,503.440239530194,40.2405902512843,16.9773293135653,10.6061362506189,493.4666302783,40.7081188396336,17.1809589449432,10.7352620026755,505.140451296684,40.6191279533322,17.3646416154347,10.2875573957554,478.463725819859,40.0542056737247,18.0367438294723,9.9630139823417,438.720560419923
976,40.4844164861675,17.024158743521,10.7463558057478,504.224553994062,40.2791493838939,16.9670814649706,10.5841613071464,493.477374514076,40.6875499336061,17.1160755664887,10.7317787600326,505.927695911369,40.6489650558987,17.3644569432065,10.2802022022238,478.738903155592,39.9848758698823,18.028242391486,9.99545504915794,438.933085928293
977,40.4063683195963,17.0418725850752,10.758605542016,502.738786591656,40.2015536766929,16.9797805059837,10.5850387066211,491.606735696664,40.7034511235169,17.0978781221505,10.73886920559,506.994321969362,40.6410573287079,17.3590487896156,10.281409026116,478.743705479867,39.9908814841064,18.0390068040824,9.9794722214299,438.13624715522
978,40.4918384954668,17.0103149403429,10.7782904196355,506.181360745273,40.2759330718525,16.9670220127731,10.6031706803152,494.296724663411,40.7125491965049,17.1192674208105,10.7429798606849,506.924301927498,40.6706582888761,17.3323295801225,10.2544033157565,478.641270590517,40.0517428416107,18.0376328032212,9.97023083238395,438.971517304489
979,40.4646201765745,17.0123298319966,10.7554008971316,504.477569223725,40.2927437089658,16.9892651810852,10.6130522508752,494.642070487091,40.7430158690184,17.1134387211217,10.7308285540589,507.129882357977,40.6795229381865,17.3663946128965,10.2905816874568,479.811302843119,40.0645054824168,18.047403459064,9.99080784113619,439.937271068017
980,40.4821576955237,17.0124450015006,10.7693697022227,505.508025613768,40.2937192130129,16.9613483565744,10.586952361914,494.037397495249,40.7334116511502,17.0942874318326,10.7192850437877,506.789021384742,40.6332304193522,17.3464764452899,10.2691743389147,478.271472694121,40.0476780446326,18.0268873338224,9.96774447672072,438.995229961403
981,40.4840254561751,17.0093152528332,10.7459925587617,504.518122328398,40.2820623176606,16.948605443324,10.5839474835057,493.920164333244,40.7313954856676,17.0971280579233,10.7269677274978,507.048047920931,40.6511127870596,17.3523828018207,10.2720745052131,478.652580570432,40.0222602456727,18.0207377493311,9.96067345608989,438.299962245749
982,40.4245082825202,17.0712994033234,10.7572828694981,502.434147647989,40.2524705535825,16.9718541943588,10.5953390285834,493.33204624072,40.6713673945546,17.1444618527126,10.7347200941829,505.109491347906,40.6015813801804,17.3662585815677,10.2782614723831,477.637446238729,39.9594733585221,18.0195826617061,9.96494829012173,437.259752569388
983,40.4791945179484,17.0133965170526,10.7700859275282,505.457321655332,40.2786790419566,16.983563875514,10.609346865408,494.291914140833,40.6923097374935,17.0934338404718,10.7517330816744,507.457629344675,40.6196292409894,17.3574950109359,10.2828920377,478.40402970825,40.0347380843541,18.031272190955,9.95899597079119,438.264856351605
984,40.4491539097737,17.0161716024141,10.7528380742282,503.942128694585,40.2212137797354,16.9791535137538,10.590448344846,492.287677349353,40.6715249033071,17.1124001626884,10.7122124587631,504.740699128022,40.59439487581,17.3665268657166,10.2850442781739,477.79930194278,39.9660995719461,17.9970756855045,9.98558084292971,438.746928116633
985,40.487844258132,17.0255215314245,10.7392096288161,503.933604282097,40.3523270953749,16.9780889550572,10.5878757451555,494.967058134716,40.6882168132891,17.1212500322711,10.7334776740695,505.911023579188,40.6281058809307,17.3700025332275,10.2707594386151,477.75676896542,40.0412011133554,18.0369337857693,9.98900742404494,439.601579391853
986,40.515800566442,16.9860284321207,10.7669104667065,506.685899744485,40.2727707833463,16.9506394602859,10.6119346741657,494.985868125258,40.6873983495441,17.0995995619772,10.759925799613,507.605929460845,40.6084985326849,17.3809600281414,10.2754477198667,477.346715129254,40.0374332886646,18.0248892066038,9.94490847679491,437.825472475017
987,40.4637398990344,17.0130932352416,10.761256429457,504.71684437133,40.2960124991965,16.9823586667796,10.5894508989657,493.757585067726,40.6591773807329,17.1129754338768,10.7441132734548,505.966121753329,40.5967990954749,17.3624955014826,10.2718840194474,477.320143580237,40.0143431804359,18.0378257819882,9.95909071920261,437.73226092655
988,40.5116731528148,17.0194094227878,10.7572862916754,505.426013166886,40.2851214993041,16.964977766693,10.6219467568521,495.410650179869,40.7656844152988,17.1323210808666,10.7520072766588,508.212189087474,40.6382067228619,17.3853751741303,10.2699374043299,477.610248957802,40.0317406009276,18.0257322712095,9.95533222942783,438.1542479318
989,40.491336751855,17.0144768356153,10.7534483223303,504.91439975974,40.28596206616,16.9159096770376,10.6171825385222,496.248224300278,40.7446717934551,17.0841585678176,10.7425941307296,508.350581015569,40.6576205196912,17.3266026712986,10.2794696040372,479.660977607601,40.0444263882393,18.0640532662123,9.95257592889671,437.522664884908
990,40.4722825217902,17.0520966128364,10.7778188250372,504.837041150787,40.3015946685985,16.9662460017241,10.6118135851698,495.260739995622,40.6667680577472,17.1307146946811,10.7404954403351,505.577747658992,40.6135586403595,17.3588028135249,10.3045521907459,479.259690201341,40.0600409040401,18.0218406981051,9.94506242835626,438.342553713275
991,40.4734396337532,17.0098939145904,10.7904604573026,506.364924541476,40.2520089026283,16.9603835851892,10.5973618817777,493.659564607357,40.6954681292634,17.1077398716628,10.7446937386822,506.885832238356,40.6451103451831,17.370107025227,10.2507033634439,477.170309632086,39.980803190419,18.0644396768838,9.98957727578844,437.870413845459
992,40.460690698435,17.0043584219319,10.7554050789908,504.564710602398,40.2430392792103,16.9641279912168,10.5957800115483,493.316445831854,40.7062038141389,17.0998720572964,10.7380578103676,506.972310191381,40.6001518617478,17.3644127424201,10.2822631211205,477.831966877279,39.9809231214048,18.0624001200998,9.95602194813221,436.442592143267
993,40.4978685343505,17.0277131868966,10.7442125751502,504.336676449689,40.2378556497414,16.9842822721551,10.5919886019978,492.603168342228,40.7340402031889,17.1491513651149,10.7292711547393,506.097334996161,40.6869847316947,17.3670272046228,10.2555463421895,478.317810233553,40.0445406484493,18.0308330315001,9.95546208662872,438.313263133335
994,40.477392773503,17.0268384772538,10.7666743916587,504.968964823256,40.2680493938765,16.9604896002963,10.5930503665269,493.796309628462,40.7047117660794,17.0979290107993,10.7249281187721,506.362096331697,40.6019792043128,17.328842559759,10.3009400245006,479.47036951511,40.0407706437398,18.0413157293824,9.96365284539782,438.389863109277
995,40.4812571769629,17.0192355237804,10.7784350678165,505.767753897063,40.2722241857827,16.9520072448423,10.6068712882453,494.709079013024,40.7129493286324,17.1097010883673,10.7687211517702,508.353597150851,40.6901307651787,17.3854984527697,10.2543605510346,477.948204481469,40.0020015954325,18.0398827877334,9.94850829699853,436.980642356124
996,40.5017474375591,16.9927925193628,10.7416946255134,505.05202939245,40.2686789061379,16.9768997784592,10.5949275711476,493.549425721847,40.7308613801111,17.1125028510334,10.7315608711417,506.923704462491,40.6470205775004,17.3732965270496,10.2615195877808,477.647550448612,40.0194255095288,18.0154793836685,9.98096789067179,439.241359500567
997,40.4697827042803,17.0171900150111,10.7455125817668,504.020259635188,40.2669595921684,16.960412077023,10.6052784576895,494.344852570979,40.661482760056,17.0797346744544,10.7229382756502,505.731258307678,40.6083854403706,17.3463552189715,10.2876367671685,478.622634769298,40.0519328147474,18.005385168683,9.99995714854706,440.92906346809
998,40.4511232827929,17.0150762205666,10.7721909348641,504.915147425527,40.2513877403598,16.9770689149559,10.6003936991152,493.433885256018,40.7087151003781,17.1146728377438,10.7410454347883,506.849359866542,40.6317912055182,17.370664907312,10.265017872452,477.551754368901,39.9932471851704,18.0454724150711,9.96230163680175,437.300705032632
999,40.4847852907602,17.0226071853313,10.7770211983062,505.704781601282,40.2884374420456,16.9583575503116,10.5989999504196,494.551031231547,40.7014356282689,17.1298561324002,10.7487285938117,506.729021057098,40.6220063726508,17.3722113065038,10.2955028255245,478.736661592763,40.057877599533,18.048500618873,9.97568222949489,439.117101656448
1000,40.506786348328,17.0366095373733,10.7821327036073,506.117121905679,40.2876293952136,16.9937550668099,10.5976672280143,493.721457167217,40.7234251941598,17.131252138816,10.7660376371757,507.98844611319,40.6227500550569,17.3930879625455,10.2488266482629,476.153559767745,40.0637247265195,18.021138247568,9.96895352782466,439.483040483448
