"draw","2022_top_in","2022_bot_in","2022_half_width_in","2022_area_sqin","2022_shadow_rate","2022_count_bias","2023_top_in","2023_bot_in","2023_half_width_in","2023_area_sqin","2023_shadow_rate","2023_count_bias","2024_top_in","2024_bot_in","2024_half_width_in","2024_area_sqin","2024_shadow_rate","2024_count_bias","2025_top_in","2025_bot_in","2025_half_width_in","2025_area_sqin","2025_shadow_rate","2025_count_bias","2026_top_in","2026_bot_in","2026_half_width_in","2026_area_sqin","2026_shadow_rate","2026_count_bias"
1,40.90825774381,16.6063305177317,11.1872129989463,496.589757173382,59.3066389906977,4.38213423384571,40.6863756894591,16.5492428423551,10.9875572221291,485.688838959934,57.5637604192568,4.59196448698946,41.1718690825536,16.7565937349346,11.1083138333275,496.81919554571,59.0881807020232,4.38051302476494,41.256857854473,17.0386210831705,10.6793881087195,475.013451946196,54.7552645305879,4.79301383145842,40.7022115920322,17.7602265304229,10.3484310151305,439.107990903633,47.9473565290038,5.6092812242287
2,40.8470008852661,16.6218319577317,11.0535165312604,492.030334711947,59.0347474937588,4.77615240446682,40.5941465216352,16.603210446838,10.8811044928251,479.478457562835,56.9328919763844,5.06959235969111,41.1399652958929,16.768488183039,10.9978172642685,491.37347058057,58.5967978890114,4.81923188901773,41.1877653006071,17.0450427531797,10.5757691708418,469.205241727053,54.1019678971246,5.42474370502693,40.6224072420568,17.7728867292364,10.3270912463311,438.209591057168,48.220084577179,6.08821780925725
3,40.8796397736381,16.6125208794763,11.1428217023893,495.506707008192,59.1570603902935,4.46367778427535,40.7025266435308,16.5551278158614,10.9889261625418,485.977150660459,57.5925575833031,4.62100290979396,41.2026270128361,16.7212064166471,11.0455701143116,496.10174226612,58.8987942611882,4.45639814242657,41.1526905011816,17.0828459692327,10.5781541426252,469.501152503925,53.7724922552989,5.0704260248966,40.7804951593719,17.7506692715591,10.3182280246521,440.517539146903,48.3740434634367,5.59649803096064
4,40.830515324362,16.6546612879074,11.0881102286343,492.253179871391,58.5626241199281,4.69914633453954,40.5642354087656,16.6415827677174,10.8954487367295,479.660075581204,56.4867930750478,4.95425679324198,41.2440126090657,16.7710750908653,11.0203197957024,494.205337753183,58.5347160519838,4.63065652980206,41.1056077614117,16.9961897126978,10.5756808834844,471.886094112169,54.1338316564238,5.12943274585782,40.6947409819376,17.7012018685727,10.3039851906272,437.849325056036,47.8592682888685,5.88692956498369
5,40.954490443721,16.6371248508889,11.1409385549964,497.416530855802,59.3519068364342,4.39866337676336,40.8201221728894,16.5632253632732,10.9565478523214,487.440565749799,57.6829756309316,4.66224359696083,41.2775710136339,16.7525196831923,11.1099632859645,497.972330314749,59.2393175502863,4.42255902700268,41.2583163887404,16.9621093920772,10.6469629023329,477.437775885597,55.1243158408032,4.80295020670335,40.75680014361,17.6877657916914,10.3276616185222,440.855337605799,48.4088036079763,5.59456222406855
6,40.8412319709964,16.6483621791451,11.1225577561602,492.51061090986,58.8344819553406,4.62808491760172,40.6744102723924,16.6225736623495,10.9635645060027,483.48813581509,57.2979216347003,4.83460069111779,41.1914224203044,16.7429926597638,11.0673510781002,492.35962866237,58.5331930805633,4.59025955210072,41.1929898417552,17.0414353983159,10.5725394133881,470.405783434408,54.0300221278234,5.18016393101343,40.7217768205517,17.6473251762439,10.3110525955856,439.609124189545,48.4132218248785,5.71755267879125
7,40.8935938642434,16.5872360169049,11.1250418650494,494.336072558876,59.1697719977305,4.55957815484761,40.7346024917246,16.5896682548855,10.9183502349468,481.090927367318,56.9499922620083,4.84801136776237,41.0788008656773,16.7462797010506,11.049963051286,493.725296821573,58.8288452798233,4.54821384333671,41.1671684204977,17.0185703286922,10.6648885139341,471.623027824879,54.4181539456874,5.07696780848683,40.6885237791304,17.7188836908325,10.3091975485713,437.974017193736,48.1841727780107,5.76353417450452
8,40.8597714894611,16.6677655323228,11.0743025202572,491.108707705397,58.6657049391515,4.46617431636056,40.6868722028544,16.608343432146,10.9445132980539,483.436276889421,57.3141962208717,4.63211962332311,41.2254231991453,16.8007138041107,11.0230276948097,494.424122162872,58.8854488159111,4.32027054833921,41.0974077080915,16.9886616244464,10.579704540677,468.250638869498,53.8472440889226,4.95425984582867,40.6981758645472,17.6605311377036,10.3117454183496,438.365350962808,48.1894319676915,5.5609673820958
9,40.869542685132,16.6063065163249,11.0847026423869,493.262199482175,58.9504687030899,4.52887056723952,40.6500989619538,16.5897877125534,10.9054808877477,481.252117546766,56.8295657382338,4.83679036112629,41.2102686217077,16.7716758479617,11.0481790034903,493.502379697557,58.5772206548054,4.57536472785673,41.238928106038,17.0413493949029,10.5908702593936,468.701548208605,53.7646406431414,5.16235457544125,40.6874576031311,17.7368985882358,10.4198061608603,439.320636485517,48.1299333051002,5.83697709379361
10,40.853127373403,16.6679957782519,11.1587791810983,492.91333633448,58.7318761999895,4.48118351632192,40.7471406722953,16.6310620550349,10.9659770697109,483.610934308482,57.1321119236162,4.58449413976138,41.2050720019788,16.7861245642101,11.0695384946791,494.428930700984,58.7170549019019,4.38065886711839,41.1838363418437,17.02170016946,10.6379713370564,472.573096009593,54.4187411571796,4.77139393002458,40.7407707343237,17.721434065193,10.3601276144495,440.531321651578,48.3481422286073,5.47966985877605
11,40.8459178187026,16.7651526707657,11.0158404127917,488.223973846582,57.8701211356135,4.72592050736674,40.7678472417897,16.6394968512706,10.881045933178,481.62665335732,56.7949755754218,4.79075938843778,41.159947816425,16.8676228251709,10.995637140326,490.673462309126,58.0576783951428,4.5922937335558,41.1016931664647,17.1294559295164,10.563501249065,466.706453006495,53.4073830174205,5.12171698341931,40.7352608047101,17.7804407361579,10.3006828349627,437.22057449827,47.8738877438688,5.68275934811763
12,40.7808896342958,16.6727504919843,11.1157077184986,490.759317892739,58.751603717148,4.74013972078546,40.6250938533251,16.6672340636577,10.9586771350625,480.780542132654,56.994375340529,4.9886968932082,41.1432348085518,16.8011427091396,11.0807425836697,492.826450140283,58.8462348037161,4.6636452403022,41.081597356728,17.0778683178473,10.5939769591823,470.00802389635,54.1807549333184,5.27199296589185,40.5946863534807,17.7780407455277,10.3196967584285,437.186268577292,47.9604978816961,6.08574824593663
13,40.8667336752348,16.6207601603687,11.148266669837,494.77304832994,59.0937001539899,4.66086222627025,40.7245615191985,16.587742450223,10.9616813692931,485.342457513593,57.5006204572369,4.85659847812298,41.1489122962075,16.7513820867153,11.0490915954114,495.920351356757,58.9201165098165,4.65980878201817,41.2424027211129,17.0007614907478,10.6821481984053,474.660944023117,54.7135642433053,5.16104717661128,40.6645979656727,17.6780664726875,10.3761861106666,439.467003358672,48.2920868832097,5.89991930322674
14,40.7883466213597,16.6677845220265,11.1401673583994,493.550280997949,59.1133283069653,4.67012617860207,40.6112725141023,16.6720637297617,10.9387039503853,480.726314943019,56.9243042396911,4.9540293109744,41.1308248228991,16.8133610207466,11.0580275843688,492.731261844373,58.7164349151936,4.70182595850185,41.1977389246633,17.00394463734,10.5991130508106,471.895826023666,54.3295939446152,5.23752662677333,40.6683405754453,17.7989690678867,10.3438598666637,437.214271167581,47.9111996321327,5.95595676861887
15,40.8531618216894,16.6150220681631,11.1106674488672,493.470764767542,58.858669322761,4.49675601104514,40.7233470469875,16.6023012727856,10.9395145924043,485.376707964983,57.4312510655436,4.69158332069811,41.1955400357639,16.8100366684724,11.0478870939199,494.502067349441,58.6620574444774,4.51749801494661,41.278190285154,16.993283063513,10.586552526969,472.1328582325,54.1719446161848,5.04515531428057,40.6587436319084,17.7215527471864,10.3466516726021,439.939224326937,48.2131798589957,5.68077249161595
16,40.8405358720579,16.635990293931,11.1036922739993,492.039991218647,58.7634692347745,4.64775732220338,40.754041937056,16.6150176957934,10.9982004283732,486.420258395246,57.7410557915976,4.74645549119908,41.2317572053945,16.7285394155035,11.0803347698235,497.8164530402,59.4927429587946,4.40724074356138,41.250398689226,16.9758199725366,10.618217388115,475.402866346626,54.9446296510794,4.95867253396326,40.768634673943,17.6843810268987,10.368511068659,440.946087523703,48.5161860013889,5.65879112984167
17,40.7504153676417,16.6289297087755,11.0992965399555,490.306134449661,58.6097108313084,4.38816844505336,40.6496751049153,16.6040526902503,10.907332790736,482.098185838274,57.2003004035576,4.49523724700307,41.1127248152261,16.7875634081444,11.05628779618,492.622473653095,58.7552589724101,4.2468044102264,41.0940789701959,17.0123168400923,10.6262068417028,470.922057905559,54.3890408633965,4.76009909537276,40.6358263134738,17.7558318949878,10.3325252243793,437.030402992394,47.867336630791,5.47165163074028
18,40.7785671214853,16.6052303415204,11.1306778354453,494.653901207987,59.1245576258196,4.36070808918163,40.6244080624508,16.5201961440713,10.919810318717,483.866769104832,57.388468349594,4.54374730716733,41.1935877508106,16.7594135753504,11.0846567366976,496.728192775793,59.1931670874829,4.25061618406979,41.0837603705459,16.9779828577649,10.5866557115868,471.827678817562,54.3167787466957,4.84996713483437,40.6055633408233,17.7167069779354,10.3100396422552,439.269173243671,48.3403309396141,5.47757995964319
19,40.9486819808512,16.6090639377694,11.1575470607673,497.925200858279,59.5826981717827,4.46731295598975,40.8083831906959,16.6005158153315,10.9402130925415,485.911065610644,57.5064722638752,4.66076936795974,41.2315508268438,16.7363108345895,11.1037815925437,498.076287719977,59.323585176886,4.42230896239142,41.2169390987635,17.0186576854769,10.6602270066495,474.286460414974,54.6712190060747,4.90674644893044,40.7899361523502,17.7095313684156,10.3969032822162,442.119255550889,48.6297193543662,5.61492117556272
20,40.8522382379984,16.5775545147427,11.1353315335076,494.404498586692,58.9954691027304,4.60121241208665,40.7410107848733,16.633870265745,10.959255886522,483.88170770263,57.1560569379102,4.82813523596432,41.1386710842909,16.8003556788176,11.0156669401301,491.580171564655,58.2085475268383,4.69681348266743,41.1531166107707,17.0541307009034,10.6400772383436,470.019307112837,53.9457821894509,5.22279549146015,40.7255876351442,17.7486002277527,10.3324210568767,438.771772557563,47.8495583370865,5.8671161001295
21,40.8540229524444,16.658513655117,11.0777198260749,493.286854528285,58.9624993793293,4.4272854324223,40.7218044157931,16.5868623161658,10.9313631014461,484.609658607403,57.4541786096666,4.57363285647827,41.1458214024183,16.7981974184313,11.0322507397885,493.174632865112,58.6210367717618,4.41190844468761,41.163970539908,17.0408279286949,10.6116081130098,472.326017976661,54.5160983217674,4.83036024740747,40.7272186775895,17.6759060906629,10.3136635171389,441.563540130562,48.5928496106224,5.50776210956384
22,40.919164843461,16.6597372401072,11.1584370511143,494.556599662068,59.1124356287729,4.30410949685865,40.7239724442829,16.5854261321145,10.9689419570525,484.720067509637,57.4460458149278,4.50245179143739,41.2348924732104,16.8001044952631,11.0859531968525,495.408867957629,58.9189926523639,4.26885678235872,41.2394402653197,16.9658943135213,10.6684028109488,474.040828603802,54.660297118631,4.76047999659501,40.7366247472226,17.7004857417722,10.3663243435646,440.8156853418,48.4543843232245,5.38312177348247
23,40.9452939909328,16.5898446928609,11.0961057935284,495.097970548863,59.1139374878002,4.80294697927427,40.7590522004185,16.5896070531143,10.9362706970985,486.197732576124,57.6643784370457,4.95627757959817,41.2614423644268,16.7380486651447,11.0244912603447,495.817874208056,58.9501079138774,4.7543488873124,41.1552762945343,17.0173985002054,10.5948945693459,471.886232247556,54.292554691522,5.25866708207663,40.6384195064118,17.7005542843869,10.3367716801043,437.750774515995,47.8677765123253,6.07454971402287
24,40.925824240115,16.6169481683909,11.182199854799,497.758635709721,59.3983622591248,4.41919005232951,40.7075816641647,16.6065823827696,10.9778885930378,486.133195397623,57.4992637994809,4.64424455562081,41.1960065131718,16.739106647006,11.1008650347114,494.646528879795,58.6882784262026,4.45175228323504,41.236329573224,17.0162421834675,10.6606616070829,475.670772201391,54.819688115141,4.8485072856112,40.7151143611639,17.7195088817548,10.3258709050739,440.839406848377,48.3414820759058,5.68948795516223
25,40.8407609280243,16.6523340278914,11.1468582647723,493.350363988649,59.1089906628742,4.59975600607204,40.7335869394084,16.5527659392421,10.9930911208249,483.998568302936,57.5087808662454,4.80238929195651,41.2152851613605,16.8159668603018,11.0398089593081,493.553407470553,58.7905502967844,4.59140868276451,41.1675721771169,17.0252756043518,10.5839445427372,469.402903762193,54.1467547328071,5.13041409912152,40.6646278984031,17.7734947655637,10.3359752522726,437.955610130424,48.0830408796838,5.84442831995614
26,40.8365160544986,16.6174927042689,11.1351730349518,494.722686609185,59.0364522329896,4.57254242249596,40.6700857018577,16.5734515165036,10.9186441625749,483.949990562453,57.3207337581783,4.73822727344373,41.202256312104,16.7557580769213,11.0569411543773,496.602782411921,59.042888780686,4.49405290472424,41.1658697590473,16.9889950789319,10.5958977842149,472.158856116932,54.24984514588,5.05371213197061,40.6306051434548,17.7043908760851,10.3146012481057,440.442075940212,48.2892965751385,5.73146244720343
27,40.8290386337206,16.6470998671911,11.1083146560532,492.043358971825,58.4922350048384,4.80137681650943,40.7478011991123,16.5619979376313,10.9784514718247,485.210185145951,57.2826476636599,4.90272713852468,41.2376915906885,16.7294050316959,11.0695655539004,495.28489902912,58.6990542895346,4.67769076513064,41.2060755783909,16.9477333973382,10.6732298207001,472.392218291395,54.3612342039457,5.12399263890777,40.7731537785098,17.713732250545,10.3373031586412,439.234410743155,48.0870145595849,5.88798688464204
28,40.9206993967652,16.6300245245976,11.1150975836978,494.231073714316,58.9081029463357,4.46205853974127,40.6532607204511,16.5776017436885,10.9355272861948,483.14821553007,57.0728558425587,4.69597878979647,41.1791818727185,16.7858677790389,10.9917041006295,490.840255018648,57.9861151213561,4.5863483886299,41.1977105604126,17.0378227108605,10.601363287331,471.199428057569,53.9671900150427,4.95131820403711,40.6952852665658,17.7415500844918,10.3017096193795,439.358688897861,47.962240472671,5.57414198504281
29,40.8973325379496,16.6147505651665,11.1801486405741,493.819556705666,59.0286225188535,4.66788654241998,40.7176825304953,16.6157279892567,10.9757911390192,483.317511268194,57.2971715862385,4.85340520400165,41.1561375480552,16.7622527825452,11.114825792713,494.351260299291,58.8658006079547,4.58172805826944,41.1161811628325,17.0005098057717,10.6406331359567,472.748905081731,54.4701467326756,5.13214687853438,40.6828305909567,17.7181995306685,10.3001355327364,440.530608234758,48.3561369244982,5.80027330906628
30,40.8089537588299,16.7037944936239,11.0990843766498,491.293685934467,58.7516217704691,4.94016483025353,40.6853725550075,16.6245256832587,10.9199178146929,481.912856250758,57.1008226624,5.13636684800856,41.2845639225216,16.7347766756406,11.0747569045943,497.029924363669,59.33279458289,4.69616513438463,41.1496900151479,17.0428397901339,10.6313521739612,472.965488936635,54.6325866415671,5.2711694099044,40.7139038953242,17.7465573352949,10.3325232788938,437.414504269687,47.991053440448,6.01489648400392
31,40.9102622746314,16.5775570327152,11.122747679932,495.941463563273,59.3129523757553,4.76006131737666,40.6072328672784,16.610666622074,10.9380969128724,482.399273288815,57.0546329522956,5.05363471684609,41.210780263632,16.8138251799189,11.0496670682828,493.042476905606,58.6213029340141,4.77041417716363,41.1455796069547,17.0026067454311,10.6160390121022,471.706511083842,54.3532299556118,5.24969735356099,40.7562156067753,17.7091660297336,10.3272193546005,440.134723385237,48.3367301203928,5.98025835920372
32,40.8833517062127,16.6895896371973,11.1254349177753,493.426173597451,58.9059184354626,4.64167055471419,40.7324004383329,16.6113754939509,10.9476963251057,484.077426359413,57.3367273112156,4.81442187957836,41.202421559798,16.8152410060235,11.0720390868295,494.879409718343,58.8614709661079,4.58105364702062,41.1883079263031,16.9954240254304,10.6204069374952,471.459942665147,54.2330438331552,5.0701282797316,40.6989663842128,17.6622347890244,10.341945672902,440.353413977084,48.4395128637606,5.75910219792509
33,40.8894229883342,16.6501075164985,11.1124475225856,492.545727340521,58.6652765744191,4.5093584488312,40.6979714570444,16.5943555323521,10.9010261258335,482.026858908984,56.8946771450302,4.66882802371104,41.1900862226155,16.7974730765368,11.0371071912383,492.662482035525,58.3792714012766,4.47654335307114,41.0811875483129,17.0194134738921,10.5777186504806,469.870845163386,53.8902544538844,4.95149620581401,40.6507911289998,17.7279869283995,10.2692239029375,437.182964765347,47.6624581872226,5.68105059279068
34,40.9134938748164,16.6492299726397,11.1140135424201,494.259100512134,59.0267786032146,4.49709433170005,40.7144057697685,16.6047401490983,10.9532516689256,483.515166594569,57.2926514866261,4.72231997331725,41.2339921935995,16.7443335690805,11.0650227046908,495.786440392391,59.0493775572496,4.42446566239815,41.1923681486024,16.9721082040337,10.6431582944575,474.999359225712,54.893451748021,4.89894301057024,40.6886846124479,17.734357215399,10.3510642968006,440.309721494389,48.5015545498546,5.67075009764122
35,40.7843995088477,16.7249422492731,11.0480506295135,486.801304835601,58.0997747977811,4.84881807101999,40.7197878111042,16.5380189902189,10.9637374606396,483.240692869185,57.5431657783462,4.84654361651578,41.1604798660827,16.7868753045995,11.0320822038132,491.626841502575,58.625086191892,4.73219485035137,41.1271955607095,16.9944100919373,10.5984896500326,471.797174862615,54.5117596756483,5.12897096592659,40.7243901979882,17.7809824973335,10.2525725454671,436.404613816764,47.9326906170386,5.96701109515857
36,40.9064887525848,16.6523606355218,11.1628396531169,494.55916816733,59.1667623803208,4.41438883109033,40.6600893879013,16.6225156942234,10.9664389988364,482.707849609656,57.227945064524,4.64337582722727,41.225690143245,16.7616687043552,11.1038937514531,495.537510873106,59.0391089549548,4.35173073473585,41.1846454790252,16.9845588398644,10.6544023351742,473.668131860201,54.6837447609948,4.8130243734094,40.6823367951275,17.6987908067742,10.3593351851591,439.981381929278,48.3263562130044,5.56630960262264
37,40.8575724165752,16.6322388564024,11.1757809722009,493.628502353645,58.8613303059111,4.61992463645556,40.7463867726724,16.6131923475992,10.9944041827306,483.966359003048,57.2045562763297,4.82676244842939,41.1979573240588,16.7508762485749,11.0938759011839,494.469253231868,58.7077192541065,4.57881015515272,41.1482242955933,16.9826481680152,10.6755023905456,473.267684293786,54.4608381585819,5.0886226585516,40.6786011827515,17.7586689226303,10.3789526683102,439.921506690747,48.1972634762854,5.78927285939622
38,40.927080893005,16.6745627753095,11.1405377416096,491.94247025123,58.7240165179596,4.74181751161609,40.7382250801098,16.6026542322717,10.9350732057369,483.122548089778,57.2505921632955,4.8704867545505,41.2418001820124,16.7722189679762,11.0254005347093,493.856557027404,58.7634346406615,4.66102599636875,41.1555751570672,17.0275105270884,10.5541303293779,468.219969686382,53.8285824915366,5.31641420970049,40.6631681146493,17.7446864612332,10.3569750390669,439.185628133868,48.2963351593319,5.94680614297174
39,40.8161952589007,16.6432581434002,11.1691753241007,494.697261768703,58.9142778685225,4.55744303878691,40.643282293775,16.5914184773163,10.9664033021776,483.450089270619,57.0764469315485,4.77813535235316,41.082701812061,16.8016655408287,11.062446130025,492.955290786167,58.3958578619034,4.60716174878341,41.1756254507301,17.0320229762084,10.5984275312518,472.410997445971,54.25634651594,5.07048870567269,40.7287438105068,17.7624496870739,10.3230148408638,438.552984328664,47.9764275394997,5.81140697635678
40,40.8701806712388,16.7060434283387,11.0354285858875,488.189138962589,58.3252351330788,4.65408070511561,40.6699573666937,16.6976136608093,10.8583791380641,478.821179239545,56.6636541297958,4.83057105525066,41.1720164442638,16.8539941270709,11.0165801719511,488.794612441764,58.1898168746857,4.60410111746529,41.2108394530171,17.0131281037065,10.6199553499364,471.18940319087,54.3330214631473,5.08565019263287,40.6453027422934,17.7685769849546,10.3098737334272,435.230902689922,47.7669417361195,5.7645511233796
41,40.8197186330163,16.6863576146651,11.0784892965406,488.440245264532,58.2268118186323,4.55532818833841,40.7571201446463,16.6007220753745,10.9693974259904,483.983197939773,57.4472401693188,4.61315623255642,41.2177699674597,16.779253459581,11.0537747424987,494.288739442697,58.8104555246113,4.39084932906133,41.0994742050596,17.0214653572141,10.5993961318143,469.312783035409,53.9784662686837,4.99058516999158,40.6786916985849,17.7667491830949,10.3574916228904,439.170398664347,48.3461938726965,5.62276030017066
42,40.8929806250979,16.5847226032296,11.1598503405841,497.263514342943,59.5321801499748,4.43675877569923,40.6979784082709,16.6242037439377,10.9747939621276,485.213899579502,57.4695077130414,4.71681618033325,41.1800485510102,16.7428848823373,11.0800229950519,496.298646107994,59.100990411709,4.48847676894799,41.1662118660712,16.9903218595332,10.6334222513905,473.939809353098,54.7660335191739,4.90783801574175,40.7084443466158,17.7396067320167,10.3033803451382,438.957273481914,48.1197962064682,5.73181869506649
43,40.8853912713928,16.7002404221722,11.0554414763659,490.699510994994,58.4159962681169,4.48845337635712,40.6806793164434,16.5800259283589,10.92749567151,482.452165722406,57.0390243689831,4.691875965344,41.1420367034927,16.8021070003261,11.0337837826976,492.711179777715,58.4942712148609,4.44723176400234,41.1420575882638,17.036500190519,10.6204761324237,472.735430350583,54.4948819808455,4.89040355437326,40.6238520451405,17.7379680554317,10.3294652270538,436.654567417469,47.8555732534258,5.61017773558669
44,40.7478973362939,16.7022834450494,11.0887647033283,489.680877999494,58.3072655669398,4.95177241282391,40.6529123594894,16.6262284252004,10.8976988091462,481.367452311743,56.8711269086221,5.07564907113272,41.2674129359143,16.7630902686362,11.0416778696953,494.963442183276,58.770298492091,4.775837243755,41.1225787206941,17.0663461514689,10.6238546099362,472.547077371122,54.4552912187469,5.25711612740897,40.598914755009,17.7902260602776,10.3366890367414,435.480395606713,47.745234839326,6.07003281931037
45,40.8269697070624,16.7190173847249,11.0823670614237,490.429764541208,58.6350332901997,4.561432643996,40.7096609918346,16.614122891368,10.929378500492,481.4447018398,57.0496505678111,4.74954362709921,41.1823707082991,16.7568413331241,11.0328275573302,493.934021407102,58.8852093461953,4.40485307535923,41.2415425348847,17.0447009408114,10.6076526045733,472.275079724605,54.4020243783957,4.99636980840424,40.7062483962348,17.7077352090174,10.3248601895549,440.220672645351,48.3222821959807,5.7092079707689
46,40.8274586618552,16.6609571142194,11.14618254111,494.222977667303,59.050622235145,4.64416909235475,40.6379713433561,16.6459154864937,10.9492325336903,482.375816320475,57.0936208360142,4.84640521333084,41.1848016323193,16.8162550433866,11.076523457349,493.468066847891,58.6788617060937,4.56384978798364,41.1668010011422,17.0420167105956,10.6382089088425,471.925244351237,54.3434231252477,5.0702900488082,40.5984853494465,17.7514495454208,10.3227086787359,437.910393259697,47.9556393495774,5.88468272073442
47,40.8125413419688,16.6699801544371,11.1353396488839,493.62677324326,58.9228101308342,4.53106595991067,40.7302271152113,16.6274799860882,10.9158371405296,481.879683359922,56.9104953324386,4.74165639771165,41.1712037060484,16.7917878051447,11.0522656286126,493.2838906614,58.5947647403574,4.48007920084522,41.1912210381319,17.0135233344346,10.6381539329845,471.398345624963,54.3362170730654,4.897245487335,40.6321306898826,17.7534784387611,10.3663919436147,437.486684527515,47.896796858111,5.73617196799631
48,40.8554986299146,16.6813859207223,11.1341608052888,491.993572561873,58.7539312015623,4.63421113973053,40.629103610336,16.6209455706472,10.9321987043793,480.466996308339,56.8336405821689,4.82461118424845,41.086113731617,16.7781224342306,11.0831034768178,492.850861688582,58.6298826149392,4.56861809647247,41.049397900223,17.0299797137482,10.5941566201207,468.404783168716,53.7608710837039,5.1002474157273,40.6625378422945,17.672779150244,10.3177127360971,438.546979050336,48.1796814412094,5.73131383080641
49,40.8189128370369,16.6176857516487,11.0819185456833,492.301429419515,58.7660823048954,4.64173770998885,40.6350318888401,16.5959071300544,10.9146922274532,481.813867648872,56.9703332652097,4.81681391779911,41.1279158986587,16.7315891920171,11.0717821312476,494.678872713855,58.9772551058594,4.4422094282967,41.1445169331316,17.0075569958345,10.6466902724236,472.378493938483,54.4855429298712,5.08602058448191,40.6915160266294,17.7152227683535,10.388319602244,438.375917230913,47.9169265013389,5.85405707378698
50,40.8678886732473,16.6830205707715,11.0776234092819,491.857920460014,58.7362388484996,4.65213758852135,40.6954074415328,16.6579483881613,10.8720856162202,479.29100757014,56.6585384538842,4.90312489606498,41.1474827276899,16.8064862064045,11.0104987182578,492.532136775351,58.4929420154101,4.6697592618828,41.0890794449974,17.0495438415326,10.5624151218611,469.735793830477,54.0310388735894,5.23428772214659,40.7626845391408,17.6705892794368,10.3164064903712,439.423391580368,48.332451077819,5.83520382671797
51,40.9200621786582,16.6236867188433,11.0527859394783,494.181530966258,59.041426720009,4.6328869695911,40.7190204066038,16.5711255093876,10.9189336194739,486.384740449154,57.6980225156932,4.82008359247567,41.2237047638918,16.7756013812033,11.0290314097605,495.816421545599,59.0392959709931,4.59758370560336,41.1329893922469,16.9947104681703,10.5511860417789,471.823848410862,54.3560590810987,5.06397489546453,40.7222251631456,17.7018043520013,10.3665825055105,441.012785102745,48.5950709807533,5.72567288157433
52,40.8936519889798,16.6799431763077,11.1100515635627,492.412687464201,58.9095142386211,4.38551481822557,40.7355492099478,16.6492099797784,10.889748206045,480.07998835294,56.7439965705809,4.64915146435075,41.2421937198138,16.7669426601524,11.0648829072573,494.457394705317,58.931969589064,4.27427869352973,41.1920213001024,17.0225368757737,10.658894438258,472.853826911585,54.5730951533311,4.75265780480898,40.6911503424005,17.7248081932775,10.3571377662985,437.038345583492,47.9070065390367,5.58572305695895
53,40.7806439596306,16.6405768088375,11.0753588466681,490.815687267413,58.4250365834346,4.64546052024322,40.6198229739054,16.6158637386043,10.897832618003,480.731654420151,56.746768370926,4.83672880422863,41.1999940926343,16.7939877810377,11.0721312933074,495.34084735167,58.8587231764713,4.4654134545742,41.2196244126889,16.9931197300691,10.6460374702226,472.719233441533,54.291325154888,4.98556802645409,40.6666173190649,17.7810121300783,10.3101647617034,437.548198762361,47.8417652818287,5.64763650380931
54,40.9073792490702,16.6314422984626,11.125924279208,495.049181982521,59.34782952254,4.66587403172444,40.7231583828364,16.5838970211342,10.9205514418156,483.012121179951,57.366146022678,4.92557358557384,41.2294455223051,16.750696989519,11.0410614974947,494.947940092228,59.0781965618598,4.67850344572814,41.1624307435288,16.9532743948206,10.6130465025615,475.036850824533,55.0983884883802,5.17263188765638,40.6905289516107,17.7680203772503,10.3135731045901,439.921302411919,48.5424755722637,5.92598661170978
55,40.8482584533474,16.655662633626,11.1036994923674,493.757864054899,59.3116700602417,4.39078334179408,40.6189555708314,16.645649662024,10.8819087195355,480.523109905419,57.0449707588287,4.69303250655338,41.1543983042733,16.8340770191312,10.9841197357226,492.047495333177,58.6246127111965,4.43341791152473,41.0674145353638,17.0527526179571,10.5795070388044,469.490418800903,54.2114638613601,4.93943947387491,40.666057738642,17.7809411493564,10.2684785588508,436.713150682872,47.8475740303401,5.56576904929408
56,40.8471033658297,16.6179602265493,11.1253309563443,495.819843350674,59.0595476556857,4.73578278104403,40.6435290619346,16.6122790664506,10.926198931574,483.370348353575,56.982721447141,5.01485927778574,41.2091464081956,16.7144373104563,11.0704326642439,498.331581609122,59.1447224838895,4.64852953147342,41.2057909579729,16.9637970781594,10.5797899677,473.136360427053,54.2884675317683,5.24827542277982,40.7182216001882,17.6727065903315,10.3461521951318,439.797792173221,48.1743265429404,5.97614528083356
57,40.9386905122164,16.6661034186324,11.1395054611666,493.610607365194,59.0183820248576,4.73300481750294,40.7561743443223,16.6113286560554,10.9558846244656,483.903100947254,57.3754695225032,4.93812926638737,41.1879300611934,16.7918116260076,11.0613711752244,493.326420394701,58.6609291481713,4.7367615814064,41.1463320082371,17.0818691930218,10.6189117303356,469.234774847405,53.9743486759299,5.29670631469793,40.7091914047387,17.7584826509235,10.2958336770456,437.471005226725,47.8633644041373,6.02910901381111
58,40.8604810454215,16.6241107727792,11.1295304194533,492.798519039157,58.6682312289623,4.65539280509522,40.7694379373767,16.5977450069773,10.9364699122446,483.096398461054,57.0475778302632,4.80835539174102,41.2205255672574,16.7879821025401,11.060114585257,494.484604214927,58.6612460912709,4.58252059843323,41.1539976610796,16.9917645130281,10.6364043196111,471.870371303157,54.2444102694165,5.03896436801139,40.7014196496465,17.6972443948628,10.3302480713629,440.432691967261,48.3533983787096,5.66157469308019
59,40.8832179162358,16.6644556773969,11.1148804067952,493.671426752328,59.039282053418,4.69165512167511,40.6854066809382,16.6337303423054,10.916905541855,482.199487946197,57.0773687364702,4.92940136094288,41.1697269508025,16.8364962549494,11.0007454234168,491.735566543524,58.4254014701433,4.70619671587777,41.1461022942526,17.0929388347941,10.5377964963694,467.250217082513,53.6856425763886,5.30846344440808,40.6421589001341,17.7652858238644,10.3352787707604,437.814525841443,47.9683118933655,5.95292812618724
60,40.780945203224,16.6335710585096,11.1668386192579,492.444174631616,58.8908389018013,4.53472166075522,40.695485735997,16.574386515445,10.9801078136327,485.161198602044,57.6463133058773,4.65077261108357,41.1642605687523,16.7702682642892,11.085653890649,494.571376043139,58.8446869986319,4.48945049401942,41.2294036794839,16.9644494321366,10.6770920005758,472.914242655172,54.6343854844183,4.90185689779646,40.660793626798,17.7352845594903,10.3090146248538,436.257936702525,47.8400021261762,5.69932312284801
61,40.8873890129952,16.6412452018166,11.1372832035518,494.053602630478,59.0040689025123,4.46010992896407,40.713752823135,16.6100847399447,10.9410507787041,483.307561165112,57.1727244296465,4.71969709331653,41.1529276567859,16.7528399976804,11.0368060339876,493.461092746255,58.6651437922874,4.47191772103973,41.0597233940342,16.9813874561211,10.6426388665525,472.387065383246,54.3369953584773,4.95371931268721,40.6473474365609,17.7793901652968,10.2900796489614,435.724154851624,47.5569312589104,5.67004301188603
62,40.9796074658836,16.6129474684653,11.1577596083796,497.85822637224,59.6098474172219,4.38090900170688,40.7502429748911,16.5499465264879,10.9468702375269,484.895724387427,57.4695388930648,4.60984439442834,41.3050742997789,16.6873975357732,11.1331868952699,500.925863166762,59.7410139454055,4.28240459949484,41.2517810210141,16.9420244791071,10.6274908418992,474.391109344164,54.719527254434,4.79266709502611,40.7180198841104,17.6857202057451,10.3732868226814,441.018532375268,48.6232095883579,5.43421762551986
63,40.9239074877508,16.6343631048372,11.1360345541589,495.350829346989,59.3612121595051,4.53544557241428,40.7267149896662,16.636821391921,10.9287467629534,483.329013882719,57.2418676295099,4.80047651324881,41.2066545749998,16.7543521444312,11.0668128672586,496.447873270854,59.2042833546533,4.55305892952808,41.1880168298002,17.0279074422626,10.5757786187124,469.445395142587,53.9059557073819,5.12117507564886,40.6706064793537,17.7430010181643,10.3575752861785,439.337251818183,48.3300282448143,5.75672389569601
64,40.8816938507874,16.5832081177173,11.1713584304683,496.56954952565,59.4171279256298,4.45747957144123,40.7583675893166,16.5533666135956,10.9790213452238,486.99522021856,57.8050941439338,4.56701395125415,41.1691376359448,16.7876808847628,11.0628072514154,494.81809467627,58.8245063282408,4.46654777697799,41.1526779887608,16.9982811685386,10.6352643766801,473.492386084713,54.5182606689776,4.96349446392672,40.6993677285222,17.6977032684922,10.3496927748854,441.139773801488,48.6233264281186,5.59740865034898
65,40.8645741933964,16.6555524539889,11.1233050666375,494.198685895425,59.0557524873247,4.39874785193164,40.6849644478436,16.5876555378957,10.9200922120501,484.358187604358,57.429787803471,4.56154635296516,41.1035721929913,16.7900622930814,11.0427354336125,493.588593102808,58.6998017112966,4.39253857583619,41.1514564208325,17.014224898254,10.5531156024288,470.803940329811,54.163030219333,4.88012037507477,40.5916512491192,17.7341211462239,10.3061872436866,439.276508884589,48.1401263133117,5.5604463287196
66,40.8477826096933,16.5589323100658,11.1509126296772,495.620685478542,59.3546483354567,4.60984665383015,40.7430607057246,16.5513224274106,11.0202435106883,486.362980965326,57.6998080543846,4.8718458464537,41.2101009769564,16.7353816324527,11.1027811748841,496.467533556897,59.1372653932538,4.5547723310808,41.1690883644433,17.0433732925534,10.5922415642371,470.503708768125,54.2059421060451,5.12634320378584,40.6984834274199,17.7580873614401,10.3782899840519,441.44737806291,48.5489886330528,5.81300196658451
67,40.9239054870389,16.6010192192062,11.1455380174974,495.230785630676,59.3143702664288,4.51379792371438,40.725685147454,16.6085559002205,10.9863718332692,484.538740801737,57.4498317715603,4.75744679109799,41.2590651539847,16.7638721466927,11.0772111764986,495.75918310519,59.1159496055053,4.53933757963707,41.1945471300621,16.9668011570176,10.6379456582355,472.469531838935,54.4382946544975,5.06983058217675,40.700428621341,17.7529651554674,10.2730052006827,439.87750339266,48.41647859119,5.70007582162718
68,40.8830381205684,16.6310674609619,11.1194050235195,491.979802904402,58.6615528233648,4.5123436690048,40.7150401917238,16.6116073259802,10.9536088388732,483.48011379494,57.2086661831083,4.66692536898786,41.245615577275,16.7505716915683,11.0744017901134,495.6245553942,58.9790855947324,4.3824635089916,41.2941038083511,17.0012594311825,10.6634873187276,474.944299284076,54.5590538007772,4.92542393224013,40.6510867123302,17.6986752027711,10.3713773976156,439.654620179292,48.1727970941877,5.6517230680509
69,40.8298773533021,16.6809358316316,11.1170615527419,492.095239646192,58.9296134138099,4.74887828328054,40.7078916702044,16.646004791404,10.9422162907029,482.536614476416,57.2527550349116,4.95952007041818,41.167187482792,16.8378948380062,11.0123946152839,491.855984503808,58.5692911956834,4.76169785606959,41.230226018543,17.0837931516203,10.6415808787322,472.629315310913,54.588430023146,5.20676719153964,40.6400071609066,17.7417565723533,10.3051233478759,437.417239771025,48.1035531759282,5.9807421819688
70,40.9118550825881,16.6489252303058,11.1432344363524,494.627896306977,59.3081102142047,4.47571335389575,40.7646879690772,16.6525593110429,10.9245438772413,484.442681509635,57.5779318904274,4.60994444000959,41.2028737865862,16.83289087497,11.0041953393413,491.705211374474,58.520540218177,4.52724471652903,41.1801935160073,17.0695166647351,10.5782613743821,469.171585637227,53.9992494250927,4.97472092982176,40.7146482721358,17.7611335721751,10.2918236305503,438.58876713104,48.1816812198143,5.57838900708553
71,40.8075954309443,16.6372456111554,11.1352454447206,491.46666441258,58.7070606585977,4.66819336890398,40.6597216801729,16.6509031645996,10.9400563087089,481.013255997297,56.9566040499199,4.8695538519746,41.1918857996122,16.7927964971309,11.0558032866485,493.784342452058,58.6566083165665,4.671435958252,41.2642691016047,17.0507627150884,10.6138678790178,472.103530061207,54.4557402270605,5.03926935381627,40.7173043764007,17.7646915468767,10.3122545732219,436.670806393398,47.8936585378259,5.8618987780022
72,40.901160507693,16.6205532018218,11.1429580963798,496.145857058293,59.4608653284759,4.51618437538172,40.7288981321659,16.6009051116316,10.9651538892837,485.107498219299,57.602847747021,4.73886923621796,41.3095417283818,16.7685476496797,11.0966056637434,497.642587543573,59.34389826463,4.45514557710185,41.1493457046978,17.0305637920213,10.6217681527635,471.742340280159,54.3516437535083,5.06269385068708,40.7275643611639,17.732281001403,10.3295504384498,438.92207786215,48.0911677117954,5.8200662833186
73,40.7823075503318,16.7147805482219,11.075317155658,491.044394289197,58.4359933186317,4.75496684461519,40.6567491448781,16.6347293162485,10.9049206629111,483.014512955649,57.0152003886337,4.90127161904954,41.2142526946885,16.8010276248778,11.0297097839145,495.271623124731,58.8963471043321,4.56479746513241,41.1648913197082,17.0688659432446,10.5873591973943,471.375407985477,54.2539073537938,5.14957785900724,40.6153357150527,17.7126393111638,10.2799165509475,438.900249875649,48.1983393697861,5.80550005593168
74,40.8362007133626,16.6824345618942,11.0565300066482,491.974827458992,58.6374904959231,4.67355890941334,40.6446078742752,16.5423754601853,10.8477457789175,481.942036430098,57.0180539246554,4.88515518371992,41.1946623566075,16.790191845186,10.990814447254,494.01747285019,58.6354679155906,4.64170370485161,41.0941980874299,16.9834417736616,10.6098518172602,471.298270592588,54.200996573284,5.162258188693,40.6260921116872,17.7175880244259,10.2596994352784,436.76560260641,47.8338509706877,5.81849768519381
75,40.8104102311566,16.6718640716853,11.0728439240962,490.846765453103,58.6802298543464,4.71714995337911,40.6351603261746,16.6477805594793,10.894516667,480.069252998456,56.7983566986805,4.95331933930272,41.1387342634988,16.7963859325226,11.0392306064127,493.88398338455,58.9683587511236,4.56888978558828,41.2472207186841,16.9858430247526,10.6179931024993,474.208464555133,54.8071957041219,5.05234930847204,40.6465274745738,17.757601117399,10.2915666109777,436.678582161429,47.7724330738566,5.92544117905738
76,40.8066889281373,16.6809794911606,11.0982098716295,493.181999684378,58.9940955478394,4.70778437496054,40.7173858824035,16.6501932063285,10.948478637729,484.508438085266,57.4864457752603,4.87933346995813,41.2954580202054,16.7467601596252,11.0761149836349,497.41052282226,59.3991830044831,4.51752137319985,41.1579332869721,17.0437264540395,10.5594593512177,470.93019690402,54.2530802345431,5.20092933848497,40.6270074560339,17.8160211665964,10.3755851659948,437.488328965881,48.0378293137632,5.95193957587712
77,40.8358886033969,16.6417950779812,11.1459739689803,493.660112692734,59.0803555673152,4.64623385959665,40.6282893414791,16.6576201586287,11.0007474265148,482.359843867089,57.1507748073502,4.92561766672392,41.0699739076165,16.7816170918976,11.0651987159271,490.330283204219,58.2628497048204,4.74456757622025,41.0736250430419,17.0189076868503,10.6210427273507,468.600154271747,53.9667744288182,5.22120913502372,40.6921256060116,17.7435144815071,10.3471910744782,437.383867121677,47.8467610700475,5.90617491728106
78,40.8109530841641,16.6463298435157,11.0781645118073,492.587141679922,59.029699354992,4.67498104533604,40.613897261519,16.6218744425575,10.9182647726736,482.322046801356,57.2562597449294,4.93047392463993,41.1729076966148,16.7774799751402,11.0488377798255,495.597983929746,59.227567563201,4.578776234819,41.1139444062336,17.0285233289961,10.5836886234779,470.561474913923,54.3646798873018,5.23087129420456,40.6367339509715,17.7152247412968,10.3218172003792,438.343801532803,48.1644568065951,5.98092706219611
79,40.8319312864271,16.656226716449,11.1586500196433,493.338865205919,58.9123884441812,4.55112442628017,40.698323126055,16.6206578082498,10.9410378656871,483.597209598794,57.34682912621,4.71558468010667,41.2049062796389,16.747304528942,11.0802074539718,495.302730400771,58.8653730544551,4.48283384075626,41.1576883771377,17.0460614137939,10.6394639628826,471.841149916602,54.3221933004139,5.03301608478528,40.632526933609,17.7598159785493,10.323538470193,436.785679785945,47.7977346087967,5.77469164534885
80,40.9188985020451,16.623729990125,11.085793038639,493.380897730644,59.0002040099449,4.69176557728397,40.7084337187627,16.5738711556876,10.9207418334686,484.316563356032,57.5045388857741,4.87539635013066,41.1837989913097,16.7842724665307,11.0320054884815,493.994773904695,58.8453008833627,4.66897557527952,41.2012156072171,17.0284750237347,10.5710298060848,469.582095711695,54.0614753246704,5.23831569291634,40.6569360669091,17.6693132425656,10.3481824687177,441.011201343141,48.5893784160658,5.79323478428635
81,40.9851977934866,16.643214853381,11.1785091384179,496.923646889356,59.7733442087509,4.48082763112105,40.7960629767721,16.5895513663158,10.9770236400846,485.201850293992,57.7952578604405,4.71702578504633,41.208659235562,16.7873911791676,11.060642897714,494.684444886909,59.0646304916224,4.62290379722053,41.2088527145457,17.0060029301501,10.6265889260638,474.388141855912,54.9202890652255,4.9907498945721,40.6987520415333,17.7074989048128,10.3342770427557,439.263216610727,48.4544125228583,5.76462933536187
82,40.8447614511904,16.6656807408335,11.1455280713032,493.973969899631,58.9708218394059,4.35198749882206,40.6668092850269,16.6272688503979,10.9749274061574,483.767615593429,57.2222412891361,4.59214987571894,41.2012778766428,16.7687692311176,11.0372222573388,494.322238146546,58.6376634639823,4.38140228273039,41.1413092246921,17.0463421126429,10.6515992053855,472.207199486647,54.1984639048473,4.87048056780313,40.6150050986267,17.713675193223,10.3530040854106,438.778904721371,48.1872293804697,5.50669460089595
83,40.8625527711366,16.5687738491503,11.1940966669813,496.681737286064,59.2588777340835,4.45159924938477,40.6922466215078,16.5803981544323,10.9793912094097,484.90468332712,57.2801497153805,4.69919454117207,41.2020722590005,16.7128724910311,11.107811651344,496.889038165347,58.8905951923882,4.50851168234062,41.1870344751804,16.9635014630621,10.6306635557896,473.968150314489,54.4774797197528,4.95275933932035,40.6159525439718,17.6882769564363,10.3635324712647,440.596157234814,48.42956610885,5.57591694784331
84,40.7974516367806,16.6375153501395,11.0727185511828,492.366173275442,58.7027613519851,4.45393414283913,40.617666115485,16.6315092609377,10.8722813329094,481.745991685358,57.0053498494643,4.62185548966007,41.1812313634016,16.7861689875913,11.0179137108482,494.066181271542,58.6893192850838,4.3448418690149,41.2397303207682,16.9999293935824,10.5731189157991,474.860970411408,54.7323595677875,4.78452894986319,40.7373784489226,17.7043523214798,10.3216127035874,440.082957852981,48.3177513874065,5.53416885106882
85,40.8786395482329,16.6666206437884,11.1002734456232,492.663591220399,58.970981240379,4.63089366632822,40.7696681475062,16.5877119170708,10.9290755236266,484.224310389946,57.5687733367133,4.75169275317075,41.1958104265466,16.7740726691594,11.06163308336,495.006845958895,59.0332589003788,4.52304593520171,41.1730231926791,17.0035332822197,10.6499107870287,474.570423035566,54.8671079818562,5.02307977414242,40.7365673672415,17.7253501819544,10.3776449927837,440.949448999101,48.7254113606459,5.67372931793886
86,40.8754510939673,16.6493576498732,11.10080055667,494.571833842877,59.0808938532985,4.80362710322391,40.7450336798425,16.6004451561218,10.9193433662404,484.090627575681,57.362572689022,4.96053404153979,41.2406472347667,16.7451463526565,11.070618059041,497.333251333178,59.1932196781285,4.69072731414823,41.1642961155944,17.0347403643915,10.6085684486129,472.026307128103,54.3264816081212,5.26399562396698,40.6105207481733,17.6918117305802,10.3242817730588,440.721146279612,48.3621622123271,5.9593642338055
87,40.9008001350697,16.6762813826098,11.065586848769,491.813053283849,58.6855689211677,4.63766288417112,40.6575776766584,16.6384637437657,10.9298543422553,481.970626328525,57.0652092661313,4.8382951283196,41.1767986376933,16.7767431193424,11.0493427036526,494.416328019419,58.8555333232871,4.57591743002703,41.1107938823201,17.0654499653172,10.5933141386629,469.140469526404,53.9358951700004,5.16986880516859,40.832308963862,17.7739306148579,10.3322140361613,439.950469888045,48.4315167373607,5.73035165785304
88,40.879773119624,16.6330884777237,11.0895749155146,493.50303996322,59.0878187151823,4.52550217650982,40.6795614892178,16.5214389520134,10.8822134210222,483.693272308577,57.5176315373435,4.6862527674588,41.0960873484749,16.7926220274465,10.9963369082598,491.004687074783,58.4712831474704,4.4904970889307,41.0959610551823,17.0173200237651,10.5823433027528,469.651522300851,54.1850270513253,4.96992704075578,40.6931569347059,17.7211745699669,10.3561298079274,438.465552149002,48.4490968174196,5.59116127088998
89,40.8485866976016,16.6116859182125,11.139909590348,496.337127988572,59.5178516285956,4.4547779587569,40.6334762287868,16.6501014432982,10.9086004302423,483.898943126885,57.4408326111855,4.69697800889624,41.1714241786721,16.7917604295371,11.0564066334584,494.907732945309,58.915377964163,4.4970123547359,41.2160551598402,16.9949562691389,10.6458113250572,472.983647775582,54.5908266489275,4.96115823148457,40.6422512146592,17.7505370373533,10.3729170924,439.146954870698,48.427099259686,5.63784798982443
90,40.9007154029927,16.6821236320534,11.0972135321552,492.882618319738,58.6205233731771,4.80398587654952,40.6970120918333,16.5903768332355,10.9398220815141,484.010318876437,57.1643975919801,4.96951876027869,41.2168865277251,16.8228607974526,11.0269377470172,493.663407244201,58.4825472874655,4.74924522664731,41.215076318946,17.0031332798332,10.6190482361873,472.389102046617,54.3348387446977,5.172395090487,40.7334522768906,17.711117413448,10.3160216802795,439.139991410536,48.1285025215977,5.90907548872277
91,40.8750906045111,16.6533154875738,11.1434972908573,494.956689948521,59.0484830583747,4.52797662051334,40.7759284072787,16.5723071306531,10.9778898293,487.995067938706,57.8283247762876,4.64485771824744,41.2628079628118,16.7225341482038,11.0704878854481,497.126284424667,59.0315152786968,4.45038022572815,41.1928751608607,16.9791214257752,10.6158937058781,473.219382510786,54.3286046605055,5.02921189323715,40.770489835815,17.6349381762452,10.3786227560147,442.287611057642,48.6411667788212,5.58341544592956
92,40.8675020430884,16.6420270620037,11.1591561050688,494.374131554888,59.2394016072224,4.69605631386583,40.7508624717367,16.6197354388011,10.9607686716445,484.444956787788,57.6125211384015,4.88433108150487,41.2023816373878,16.7687022304095,11.0957710993495,495.100290885248,59.0321382710866,4.68623641433651,41.2142417856063,17.0139601206598,10.6587508613914,474.282037103662,54.8307447922485,5.07899974678359,40.664156453741,17.7792920655316,10.334210102029,437.309927943256,48.1459436452403,5.86683246255887
93,40.9150739522101,16.6346650707292,11.1129950259391,493.389438208412,58.7835759817219,4.34429807566704,40.7110677314513,16.6244937835743,10.946583249837,484.284764456263,57.2470593976806,4.5198735925667,41.1967018748781,16.7897560717211,11.0582658788092,494.341297494502,58.760010929497,4.3046065458996,41.2023207188746,17.0627369279066,10.607291343875,473.08844396873,54.4203808728806,4.71686603455179,40.7230501051968,17.6941205080685,10.3760998289531,439.893734339675,48.3090495817224,5.41764727967151
94,40.8094090600658,16.6847222628864,11.1167434654384,493.011430213137,59.0061637872308,4.37530369263199,40.6898005862907,16.5893035945594,10.924379031659,484.365740970389,57.5649182871147,4.49944515693007,41.1574468257661,16.7534199164375,11.0726263441062,496.950509641006,59.3779379916527,4.22305437575681,41.1462410974582,16.978775570502,10.621474016453,472.130913669624,54.6214724064944,4.70086576212619,40.6928059602863,17.7390391176353,10.3354649285898,439.267159939066,48.3038346977938,5.51763011992575
95,40.84471477108,16.6295316256038,11.1039839918688,494.927856483,59.2150590411474,4.47007712914424,40.7307030076734,16.5611678826617,10.9728943749996,486.811669200774,57.7905051744365,4.65692850447624,41.2433042780923,16.7279345534803,11.0527516421639,496.82299146758,59.1833500165599,4.40277584345292,41.1796609504544,16.9847201324742,10.6456091126625,473.833432097116,54.6304501450081,4.96009907476213,40.7492531448142,17.6880786971748,10.3506242834901,440.579711917493,48.5140319084986,5.68894264767115
96,40.9563299335817,16.6211650827086,11.1205322411168,496.40497124015,59.3991858489393,4.75329784816394,40.7694959132305,16.610550575165,10.9492283127331,486.311669081405,57.7351663784743,4.94537406446582,41.2610548009549,16.8038019078463,11.0216570363089,496.185007344934,59.0174021330176,4.7727504084769,41.1585339687449,17.0146702432194,10.6211050729814,472.275486199972,54.4090841803427,5.30829516279135,40.7213906864532,17.7299741743649,10.3274978543852,439.654383063254,48.4274186785015,5.98395981306722
97,40.8577867110047,16.6732336427903,11.0827594485542,492.166967397501,58.6751003120668,4.67382723272799,40.6869333947897,16.6427915117092,10.8624626273968,481.258290778862,56.8146359946982,4.8911815694486,41.1471720715236,16.7794432466101,11.0152699124749,492.506654475903,58.4121033195653,4.64934119507364,41.1223907679103,17.0628838857073,10.5653627667628,470.242817510713,53.9744909646218,5.15069376122735,40.7429959626047,17.7411801823642,10.257414607706,439.348888938363,48.026356978538,5.82357138003843
98,40.8654709765536,16.7090838434055,11.1166058933146,490.650280192713,58.6334395288022,4.91056700922344,40.7034186009152,16.6439972101467,10.9427304240362,481.84543547128,57.1747082861097,5.03972993922888,41.1912150373075,16.7424718781522,11.0841642324049,494.852509682449,59.1456450164666,4.69453431915575,41.331330085328,17.0799347818041,10.6514854030101,474.337671005433,54.9054455692171,5.21257186632399,40.6628824505192,17.7468269292833,10.3375490625269,437.579651945819,48.1026603294495,6.09436205743608
99,40.8023193518435,16.6830692063202,11.0665115904337,491.273633909262,58.5638374081843,4.83876576221236,40.649765436962,16.6024903195429,10.8962433037464,482.807523513369,57.2035346740347,5.00832843653699,41.1702631036981,16.8078688198713,11.0702071886188,494.608305259758,58.9203829586318,4.69604590501644,41.0784560568973,17.0382941911826,10.6379106745567,470.415156142278,54.155995175921,5.28844440624986,40.685622812313,17.7320130896028,10.2928060405079,438.305518527646,48.1653907387747,5.98546904680185
100,40.9045883187053,16.6474722137677,11.1588186028522,495.629366410786,59.5309234670153,4.6637338917946,40.6644912343046,16.6163224437106,10.9476309750737,483.597728173858,57.5024636457684,4.97469664468297,41.1646886770784,16.7799239556467,11.134626087536,495.017667872319,59.233294492718,4.63056143731575,41.1490806178597,17.0394229945288,10.5961950883602,470.529159858104,54.2821978757676,5.22561660126505,40.6640852357092,17.7383756377127,10.3572852000564,440.123751700878,48.4780122503906,5.94524498714679
101,40.9864543692078,16.5622634865371,11.1384733728589,497.525869577413,59.4060623337214,4.28694645752222,40.7639753265213,16.5666450983741,10.9682631196784,487.072884769632,57.7600918558409,4.49940709095926,41.2739891917365,16.7036988108609,11.0816604773309,498.071962828973,59.2637644616872,4.25055190992498,41.200017080635,16.9562536480209,10.6802800858297,475.733381440816,54.8182978698293,4.74371649544354,40.7002031188204,17.6642999499859,10.3690195783114,440.594287669539,48.5174008736378,5.38064208144604
102,40.7954422905413,16.6835447396614,11.0400129410487,490.197987369465,58.5747012888326,4.65159980489749,40.6891805658674,16.6869554603722,10.8733881728115,480.674227488338,56.9350083611278,4.84989729846078,41.1701205914229,16.8438676647477,11.0119358091648,493.03090123959,58.7376625405833,4.58231987284678,41.0941426875066,16.9727965602374,10.5668328996369,470.978981572883,54.3022200450519,5.06130074339411,40.6313450825912,17.7829122842783,10.301229103375,437.304196707194,47.9615783364416,5.81943051575427
103,40.8888473192847,16.6582806166967,11.0988330902558,492.5622419526,58.9222747294972,4.39384783212566,40.7478564189583,16.5577795778614,10.9446827330081,484.626542877195,57.6225212822784,4.54847203477575,41.1435883080563,16.7969191265819,11.034939841683,492.8088582734,58.723279448223,4.37389464398368,41.1183684997929,17.040343281226,10.6087046683184,470.237778336526,54.2913071308896,4.81945766322389,40.6500364694792,17.7261630505757,10.3074509043715,438.359016018828,48.1806662528322,5.52013279943574
104,40.9069647293768,16.6254065250559,11.1448354514432,493.812537425383,58.870062045071,4.63745255119546,40.7085523298014,16.540165606022,10.9765797833996,484.85104778961,57.3735584010394,4.78589376530213,41.230323388812,16.7552931289581,11.0568607887897,494.885205543503,58.7243234876055,4.61327220777597,41.0553740283529,17.0044691698223,10.5775642862171,468.566477474769,53.6638161329345,5.19013841102488,40.7067972918966,17.7215508514723,10.3289607039291,438.88468607711,48.17873328349,5.76372266303984
105,40.8784328805258,16.6862418011998,11.1177001246919,493.175025175435,58.8168290147659,4.70063851798681,40.6992634648974,16.5900203421827,10.9290610358441,483.965562046308,57.4052688463354,4.8187721751188,41.2149893957225,16.7903999811053,11.0374276544431,493.599189966464,58.6125207216504,4.60945898966886,41.151500571244,17.0553155675942,10.6091721959583,470.60847893878,54.2003673920071,5.10103260541104,40.6666495625503,17.69222685721,10.3597663055339,440.369605808016,48.4641973686387,5.76274582181589
106,40.9077583296425,16.7028678677958,11.1168608120421,492.513546260938,58.8683566306298,4.60251194950827,40.7243080594986,16.6180331647628,10.9073227860955,480.85200009831,56.894692233601,4.8388643924051,41.1937330233424,16.7765231461276,11.0606366391296,492.96323515943,58.6744276348439,4.57040201290844,41.127532438456,17.0284089627049,10.6316675870227,469.962125722526,54.167301418991,5.0420318184521,40.6606666498571,17.7617338313245,10.3154748644497,437.026207769236,47.8055840159846,5.77031037049173
107,40.9233777750235,16.6451986827693,11.0952980454507,492.007907733575,58.6598736766337,4.7002460066436,40.7610366408742,16.5808453384237,10.9440749186949,485.232623693029,57.4610873968692,4.78291111325454,41.1728351019697,16.741294693646,11.0155922983057,491.797860452502,58.4335649886595,4.67514448755902,41.1394995611444,16.9977702681699,10.5701706200129,470.797369032783,54.139426552137,5.16016534795181,40.7591443500054,17.7308086058369,10.3360374958757,438.80261442205,48.0280166780207,5.85002617232194
108,40.912652261391,16.6124632651536,11.1206114737218,494.478283183098,58.8150906513467,4.52115978901431,40.7947188990901,16.589257909508,10.91527045777,485.708984484174,57.3373738366083,4.63052686166911,41.2791933761041,16.7535699247522,11.0796870656048,497.954460476046,59.1591667476659,4.41012892007172,41.1723510133791,17.0458711916322,10.6389200472144,473.023706308038,54.4135666492133,4.99357425439762,40.724300121799,17.7563126968257,10.3298215287237,440.238759399418,48.2161796503448,5.60857437842655
109,40.881620163336,16.6050822137899,11.1388974624968,494.640779841815,59.120164439713,4.7940944814983,40.6924563102875,16.6442131784166,10.9465713382634,481.222867552204,56.8346626967497,5.09908407773611,41.1926973255874,16.785941748428,11.0817687210712,494.354876927898,58.8259339032813,4.80287397925352,41.1996744677888,17.0711585583072,10.5796543603336,468.080134924372,53.7387987028042,5.40553870431158,40.6626058204677,17.7424254729277,10.3680699716439,437.726227466558,47.9245342946938,6.00000290394861
110,40.9139870054141,16.6441617273945,11.0791935806655,492.336520929891,58.9592031044828,4.57359839795645,40.701953952677,16.5916787366113,10.9483827227944,484.321769864985,57.5778850367996,4.75749485640152,41.2123876638161,16.723682947875,11.0564667514306,495.299616380266,59.177930434425,4.47288875075356,41.1765977380676,17.0241665223769,10.6222814921218,471.125088048502,54.2780113107769,5.09778500470266,40.6770183932806,17.7373903964987,10.316658982699,438.583419233959,48.2457698996964,5.72424939092515
111,40.9219696240583,16.5890505257065,11.1456486330473,495.219131194555,59.416221862391,4.64399859957502,40.6612354674028,16.5445524265378,10.9746611875803,483.3567849398,57.4258072181374,4.89096158073905,41.2322307948767,16.7607707186303,11.0813950023897,494.285211428892,58.978813657403,4.63233311079979,41.1377506699502,17.0641096214169,10.5860548439129,469.335982003086,53.9859465113781,5.31809937795374,40.6402732363451,17.7869440853562,10.2974750341113,436.92830402984,47.9021537259064,5.98708281888486
112,40.9344509743687,16.6340057626643,11.1252012160272,497.360310087616,59.5004009752804,4.48417909391156,40.7140801280583,16.5673613048256,10.9731535392328,486.936797347812,57.748905767776,4.68290609146288,41.2778609548602,16.7620153671382,11.0935064589359,497.593607516058,59.3072340000996,4.44533989495146,41.2532761460553,17.0371552936324,10.636048118527,473.522557708403,54.6637258330854,5.00667074641369,40.7109248177814,17.6885716658637,10.405554064636,441.73528926777,48.5335080886619,5.73388166573251
113,40.8618970517609,16.551236073651,11.1542969863847,494.839951688161,59.0766921275815,4.5038134430577,40.7525871816244,16.5828734369598,10.9468450978396,485.696376556877,57.5773734605375,4.59476912373145,41.2394945126765,16.6489848377173,11.0865017610993,499.640655312857,59.581442596293,4.35977935633731,41.1317842908931,16.952070374597,10.6189954453353,475.750347727067,54.9397969622284,4.88620726501395,40.6823046574898,17.7546293251655,10.2935118330829,440.155333743224,48.2752456635393,5.63638000770246
114,40.9146031354845,16.6440435010356,11.1161575934387,493.142922473928,58.6234407214136,4.64648892062508,40.7899973434971,16.6270596620814,10.9587531330474,484.197316049457,57.0893195571363,4.80808305038474,41.2526761913633,16.7264858100993,11.1124960823274,497.812078044476,59.1076343904825,4.50675072712068,41.2539616298705,17.0047792488333,10.6455327402767,474.348708007494,54.4352248701817,5.0116367809363,40.7416009106917,17.6926874056178,10.3867141297561,441.818982917939,48.4307872246515,5.79073414589912
115,40.9176372932759,16.6516855455614,11.1192401046931,494.042750974225,59.1776314968932,4.56011996199931,40.8043354486464,16.6617060988875,10.9667699800596,483.77939717795,57.4006794551387,4.79958028317996,41.2892729007833,16.7750416301693,11.0817428187159,495.887247591133,59.2292706704322,4.43811522833402,41.2720861051673,16.9577073113966,10.6289136532856,474.265521592074,54.9121676089582,4.9319895733277,40.7221980755253,17.7700972485798,10.3391402916884,439.427805644533,48.4066531247745,5.68528728609918
116,40.8574107599626,16.639025793793,11.1624417809341,492.293202152694,58.7676662623225,4.38644945582355,40.6923670109214,16.5909321303378,10.9932577042621,483.11250901273,57.2715248718652,4.51511213996965,41.1198697863272,16.8058882547135,11.0823187757656,490.110239988047,58.1809130542094,4.39724948194661,41.1654607549306,17.0317392256327,10.6543329285432,470.854131210957,54.2344733541723,4.80718779703329,40.6645904124862,17.7813111412627,10.3428595735663,437.582329316575,47.9938810992608,5.52835287204014
117,40.8579227906296,16.6447456628486,11.1002554469547,495.171273557652,59.0969857075749,4.66903771542013,40.6759913393235,16.5626613095398,10.9219100575964,484.503322593299,57.3003294228249,4.92124655752978,41.1466264669592,16.7506177181536,11.050480858491,494.328161248321,58.6303465745679,4.68134215956631,41.1420673066624,17.0312986792952,10.5999815620011,470.235941431137,53.9219385395192,5.28340712350044,40.7125951353324,17.734149564757,10.3567625561585,439.904816848487,48.1719363762559,5.96262081012911
118,40.8382282606217,16.6526713333962,11.129944608763,494.480120956408,58.8111785823754,4.60664588114393,40.6799304794601,16.5127198575846,10.9538200015339,485.272762014152,57.3238402341836,4.76996636846801,41.1645670705155,16.7436726101688,11.0684341032878,496.041725327222,58.8258128490051,4.54686592194179,41.1565596335712,17.0592707856717,10.6453727754949,472.534578424084,54.1605838621086,5.07032591105907,40.7587854701213,17.686990742736,10.3602928475329,442.028615296828,48.5219971937047,5.65857636369486
119,40.798020386624,16.7070969734632,11.1231713494509,493.469176293363,58.9791245093794,4.54756980365166,40.6540109116251,16.6387442143472,10.8921733266589,482.370645975862,57.1580949482641,4.77964529566056,41.2171691583961,16.8430454799651,11.0562209873296,495.289363729308,58.9264343076638,4.53305132472549,41.1411340555018,17.1324800997819,10.6037896354671,468.641235886669,53.7255940301778,5.11510007828786,40.5760924818437,17.7417662793346,10.2850622949618,436.795769727405,47.840896645862,5.75919747931913
120,40.8661210838475,16.621659726823,11.1179174216437,494.181581228781,59.0866134786479,4.52238980231802,40.7538476184889,16.5908040620698,10.9245741951424,484.102656473043,57.3303065646073,4.71332994275772,41.2488668837596,16.7631012769327,11.0516166594665,495.234990466977,58.911924492654,4.461595634324,41.1412424429708,16.9995969564327,10.6237586977458,471.81465226292,54.3417240566547,5.00387188008671,40.6591596552603,17.690293890073,10.363522098271,439.658797161037,48.2091699837676,5.71111295480123
121,40.9224504347367,16.6156691994388,11.1069564658888,495.445225366478,59.166674278779,4.6018505209496,40.7492333813276,16.6192180873682,10.9215609283392,484.862269892526,57.3552512604077,4.81520493211973,41.2598441193845,16.774427599084,11.0358142259225,495.247124962296,58.7837523403506,4.59267675063531,41.2207123985284,17.0101182358113,10.5946424206072,473.360723289767,54.4644524668644,5.13128539655902,40.7854111506251,17.7394051568224,10.2969618353849,438.415917252452,47.8482809698126,5.90682270904585
122,40.8960300321067,16.550087052331,11.2200454732814,500.356956968728,59.942819249388,4.38559383491399,40.7464545398701,16.5735075590166,10.9555207881948,486.968610098811,57.7303912422651,4.61458540310628,41.3003376884539,16.7105670328027,11.119245181459,500.666466092318,59.6717423792899,4.34411838807752,41.154183472022,16.9910223202952,10.6577093967264,475.49837176646,54.6979927463502,4.93018091957979,40.7832375057557,17.661657310652,10.4062671176784,444.663459369118,49.1609002604876,5.53841720857604
123,40.8572145467142,16.6767286791682,11.1042242647144,493.120886384849,58.9631237221196,4.63750787583428,40.6213529802438,16.6662908347886,10.962822846398,483.251647501135,57.3467323523479,4.8800215351316,41.146169624418,16.8065314842979,11.0298107408483,492.087042010949,58.4775811939818,4.62540668311463,41.0977344372445,17.0710842729913,10.6058869078122,469.294144994816,53.9671271857742,5.2088923579718,40.722563251001,17.7086500809487,10.3486538246986,440.091677415124,48.2962175117928,5.82553603208224
124,40.9219477065074,16.6474700601971,11.1416304263719,495.005327556749,58.97715759605,4.6282153929239,40.6971610288241,16.6049653004619,10.9575958945012,484.454834042633,57.3239291023638,4.73237112167995,41.2483676166333,16.7811924538087,11.0749950412374,495.041064063485,58.6993140945565,4.58701018013743,41.1904828111265,17.0238553989274,10.6010078661011,472.678601088442,54.365919260744,5.05433862439176,40.6816672651368,17.7743680343532,10.3424258579162,438.201114133875,47.9875722182424,5.7323336350887
125,40.8871000233279,16.6350718172333,11.0985901311207,494.893404115013,58.9781798710876,4.7400532500312,40.679195115731,16.6285250053444,10.943908383931,483.444112294159,56.9990309391518,5.0351664655149,41.1575229315921,16.7680515957641,11.0584268435443,496.294916452128,58.9610937567438,4.69367608272249,41.1848649970986,16.9530784892127,10.6468566685,474.449995654528,54.6002571667467,5.2411737563624,40.6082312124333,17.7612559392687,10.3494940421413,438.752847792714,47.9220069076398,6.05273244634055
126,40.855062029557,16.6784043666117,11.0459179963786,490.256459977395,58.463839816775,4.75699224416989,40.7471689195357,16.6205166697579,10.8911781826475,483.207499621566,57.2726226634903,4.89816245764244,41.2136100181167,16.8195302732057,11.0001229872568,492.41961548341,58.5414937532628,4.70543453364352,41.229583504256,17.0493281099544,10.570515106596,470.010659463174,53.9755569148546,5.22947338936161,40.7341007920008,17.7747642816429,10.2759367257733,436.589618490712,47.72596991084,5.93752943650948
127,40.8569405639008,16.6572112832323,11.0861914439467,493.102088852508,58.9258841211949,4.4250936771246,40.7095034829315,16.6183088403053,10.8953227854943,483.816613863081,57.3909142685694,4.58797061276709,41.1878785665183,16.7506674137653,11.0616262967025,495.43221744564,58.9884158319893,4.45315421846394,41.1285270688908,17.0149773902852,10.6184628140911,470.938831500264,54.2050304373347,4.95319817752676,40.7194077739497,17.702693652235,10.3228022170773,439.076402691744,48.1082238980922,5.66614870921823
128,40.8208656499117,16.6516089434028,11.1210441301768,493.367352903645,58.9846576595841,4.66459266215907,40.6761838473273,16.5783943295164,10.9480531756598,483.737089827953,57.3407074679443,4.83204149871047,41.1707824135409,16.7808980875675,11.0669069682372,495.262328912361,59.0130655861289,4.58971781122608,41.1490783231377,17.0574874893834,10.5655218740379,470.454991495823,54.1398877839876,5.16678683730824,40.7211222264876,17.7025239618732,10.3196793114477,440.933532858887,48.439699698523,5.81709957640081
129,40.8562741613863,16.6245412551733,11.1515436304423,495.117610835802,59.006815317462,4.58744457796219,40.7010006814405,16.5612595278003,10.9359586953237,483.829246700719,57.0814525513493,4.85816828962832,41.1959293335881,16.7406748170768,11.0676193064304,495.41379193167,58.7951740414878,4.55272984422698,41.1061859955532,16.9780016980731,10.5895308570997,471.401580559298,54.1871018190487,5.10745794092943,40.6861600215669,17.630962512465,10.3700334007267,440.63036982342,48.2773237707058,5.80262728447046
130,40.8949418807912,16.650705427589,11.2099657444753,494.740210875771,59.2980712516016,4.57456052246931,40.8311754883551,16.597271922479,10.989626028278,485.635188665038,57.7667027707148,4.72850889263721,41.3198400326378,16.7478350482375,11.1251051773917,498.076675095143,59.442937041669,4.53307151942612,41.1612255137946,16.9863025921543,10.6148621642467,473.945988041363,54.8445186495314,5.03647303386343,40.7562509973814,17.6866398492404,10.3680820018963,440.659430081769,48.6470723773417,5.78736499065472
131,40.8608147240833,16.6052494909526,11.1808072906206,494.999502346748,59.4333888060337,4.51086542716955,40.7650279266959,16.5648623456632,10.9789125019778,485.093228853822,57.7190036247313,4.68586455577759,41.2225175584019,16.7173272427906,11.0842075592289,497.261472958754,59.4634914053027,4.45010059753602,41.2034562433472,16.9672293553001,10.6539743933263,473.518383230022,54.7609689515835,5.05413400173285,40.7036438884277,17.7714149801154,10.331788483778,439.046803515886,48.1437292394238,5.81815889905273
132,40.9367787226302,16.6207756717055,11.1427541505614,495.614350571386,59.0885948518036,4.78348750243413,40.7029007941194,16.6204062573962,10.9330286038763,483.663038235108,57.1304774817415,5.03676714867409,41.1929843932539,16.7914070512282,11.062167292693,495.084984361146,58.8325977611812,4.7513733855659,41.1504885343951,17.0471102567482,10.6010434031856,471.627449613576,54.0852191993536,5.34694489957023,40.6527461192653,17.739310054146,10.289106120955,438.609473797414,48.1145859255538,6.01496218522604
133,40.8848604679573,16.6239619367646,11.1219952441872,495.670026674264,59.2404121662874,4.45766498941345,40.6522872334874,16.6259560204226,10.8831772518527,482.36307026881,57.0235433134747,4.69054247005845,41.1539157438601,16.7525008906774,11.0119513679917,493.989906426069,58.6968776336059,4.41745450230634,41.1794440956571,17.0488190863272,10.6599104203958,472.487280160831,54.290442539181,5.00826525141051,40.6760374816727,17.6768416920333,10.3364375260318,441.177054831796,48.3730881130626,5.69120698229871
134,40.908012516439,16.6329900206549,11.1558018341634,496.494903735291,59.3940447009341,4.39060063334128,40.750540760599,16.6304718197472,10.9479843737516,483.98303683361,57.2752496227139,4.66371835947984,41.1655528042498,16.7696167911181,11.0667988018103,494.802088687266,58.7569155517468,4.51055689415672,41.1898531468064,17.0425617942962,10.6082923025892,471.564291122423,54.1868190352907,4.96481581598372,40.6865247964712,17.7567816694742,10.3648925629277,439.41418716134,48.1902005824072,5.65996388323477
135,40.9297774985674,16.6440906424649,11.1100470065211,494.948233107731,58.7752699496509,4.83169482328377,40.7452599254841,16.6183308823862,10.8888104902194,482.127014578152,56.6608770938934,5.1326636192152,41.2231037715338,16.7324506058179,11.0804019701997,497.824073978135,59.0821171242794,4.72737885112361,41.2186406992804,16.9963752680218,10.6261834067023,473.268715954629,54.309851101778,5.28456666494599,40.6699185055678,17.7896573200544,10.2654620372257,435.295382798383,47.30056104572,6.21212474449701
136,40.9041634476628,16.6794757764468,11.1134734260513,493.454224211925,59.0198055590743,4.49140396198523,40.7123119669114,16.5632463683147,10.9766664089916,486.275110395919,57.8529262254808,4.61791975750532,41.1895177883214,16.7227118762546,11.0828200522074,496.713613372084,59.3687221666163,4.4034273671393,41.1671110100731,16.9639023106823,10.6185132963028,471.840417669321,54.4716254464942,4.95106651361673,40.7282383287342,17.7002579833733,10.3578038751571,440.346880930368,48.5354832267225,5.66306273144844
137,40.9207572812747,16.6572979609065,11.1294101350548,495.590564863183,59.2107369586081,4.51323005820258,40.710568710994,16.6399806277903,10.9473269730792,485.105820051237,57.4014979099204,4.76279748612099,41.257626277739,16.774644191727,11.0841968309254,496.019292237045,58.964026430098,4.52474654442327,41.1049467582881,17.0240153021358,10.6251547318966,469.306313048489,53.867103792156,5.13429244909829,40.7460545009276,17.7474019645854,10.3423215390632,438.320260360923,48.0266325994262,5.79869003668698
138,40.8885982920003,16.6328581851907,11.1098367182458,493.559754251858,58.8993026557329,4.44379821622007,40.7474160137461,16.6279907697484,10.9733665267834,484.80298742655,57.4240028370548,4.64704297434941,41.1766632549097,16.7724410443757,11.0558766600778,493.200255790654,58.5766044422356,4.44003353409782,41.1566250307147,17.0231133445549,10.5859620443116,470.283452209789,53.9401793304622,4.96101873108655,40.6014754115952,17.7440231165716,10.3714389684501,438.590475079903,48.0336634391594,5.55584523715852
139,40.8783798116737,16.6085630296606,11.1234054989692,496.943534542949,59.5764882819486,4.5638579008319,40.7001925776463,16.6351956683569,10.9073312893359,484.427779176133,57.4579310026445,4.80016640507842,41.213045656843,16.7174596338523,11.0191150103581,496.405625880349,59.1834955610487,4.54935656168329,41.1577350105368,16.9745903706427,10.6109592890813,472.988364215866,54.6818045753705,5.05034586467084,40.6751277723538,17.7083511962901,10.252094465226,439.652956015402,48.2379844846928,5.80032955661434
140,40.8209470490893,16.6268851342518,11.0950476017279,492.174553202807,58.751195373571,4.70056379256595,40.7211641222028,16.5891616458376,10.9240983835327,484.503812998343,57.3352261406218,4.87590961102999,41.2198384420011,16.7829106739966,11.0570897513715,494.767455800175,58.8564641541064,4.65073161672614,41.1934176222516,16.9677034728963,10.6811976623468,473.595989365945,54.6059624850515,5.10194460279277,40.7079773424728,17.7410166111816,10.2908517673679,438.218820521786,47.9946476764659,5.88356514801197
141,40.9598235408235,16.6737602528027,11.1053894487335,494.978311219522,59.1513823642617,4.60754792122777,40.8287684693681,16.5556029410104,10.9663275220675,488.28343404121,58.0183438993932,4.74282620598455,41.28383626946,16.7300152359826,11.0919858853887,499.170657834132,59.5264417491611,4.500162432258,41.2164648106053,17.0036230325169,10.6140289580264,473.50013654318,54.6982515285146,5.01739752442951,40.737986775379,17.7177035265329,10.3667845179525,439.517927541309,48.2931223981079,5.82246818661292
142,40.8943457690279,16.5986935238452,11.181682321113,497.542753022403,59.5436848734363,4.38467012147577,40.6925907397099,16.5869437991508,10.95169152717,483.198895690085,57.1851064360636,4.68353126770664,41.2325448599238,16.7403279457479,11.0858715142535,497.450234115989,59.257542649215,4.35054186801223,41.2035256536512,16.9831334512574,10.6532901745523,473.839359423701,54.5230364063939,4.90054937361084,40.6705696777071,17.7336248870183,10.4470852657439,441.125618166303,48.5520739535272,5.53153820549472
143,40.8652898246616,16.610302137239,11.0974997631349,496.521549601244,59.4038481992457,4.46775508578454,40.6706040536615,16.5870783483488,10.8876209983368,482.990443967098,57.1077727231337,4.74784827278858,41.1578741719227,16.762798630016,11.0288881105488,496.31481884879,59.086030301858,4.45087040939398,41.170454656893,17.0023489779302,10.5790039447605,473.290287618379,54.387366153778,5.00237818425428,40.7400865464223,17.7072296844196,10.3475010656988,441.103510468381,48.3911744608763,5.6595696638123
144,40.8690266109253,16.6988270229792,11.0809142291994,491.524533039118,58.8042018639181,4.42694328617495,40.7292851524753,16.649312657391,10.925159956166,482.987139845955,57.370516830324,4.57823024279788,41.1961507476968,16.8320848081893,11.0568689273895,493.873228485184,58.8262649457505,4.46760890437516,41.1651896687413,17.0493749547065,10.6380556066722,471.130450387708,54.3681512191622,4.96365861054618,40.6988178813208,17.7549204501867,10.32315388281,437.255429283203,48.0145734922284,5.6171021248426
145,40.8799503483504,16.6710266214541,11.1422284174716,495.010576736763,59.2569738801388,4.41315585103779,40.7108503954725,16.6151416243641,10.9681400919272,484.791657225122,57.516241867518,4.6386506756808,41.2210484706675,16.808159678012,11.0909349161596,496.123287174703,59.2592158370564,4.35808899930468,41.143265606717,17.0139019868574,10.6415120401014,472.452840733924,54.4348077288373,4.98155199753307,40.6049413386303,17.7123252136524,10.3577414327209,438.68736891677,48.1320617907201,5.62879308976716
146,40.9286866473046,16.5750005104046,11.1257843701809,495.932309347155,59.4013463779446,4.77425873694534,40.7243265941989,16.5801696843138,10.9288196126569,484.661576852781,57.5017846008249,5.03707475971062,41.2771078151841,16.6779780881456,11.0857211437072,497.932324945575,59.442415291746,4.66642478850703,41.2273134294683,16.9905885126485,10.6056283680216,472.50339724594,54.5893623989469,5.21145173396118,40.7392656993425,17.7863985727586,10.396639344311,441.147446246612,48.6403566416816,5.88248527440546
147,40.8439558502317,16.6002345273536,11.0870892305024,494.099609093847,59.1050943939537,4.40934018722358,40.6849062936113,16.6634549906517,10.9135712456509,482.253200426748,57.1014731742883,4.65136422205184,41.1728499559085,16.7902310541594,11.0456781572505,494.491600404371,58.8701865237421,4.38177973044884,41.1532195365773,17.0374535257801,10.5833560058588,470.859735081112,54.212590951917,4.90861284986758,40.7317315281867,17.720548615993,10.3306770003314,437.23784324563,47.9141463241028,5.5377442377476
148,40.8629835266059,16.6115663722194,11.1102221386917,494.810080638314,59.07633230147,4.69867299979121,40.6817976646634,16.569287677255,10.9099892703773,483.653170276766,57.2404920481732,4.90186260804809,41.1841392103174,16.7434330965416,11.0667415631942,497.225646892719,59.1664500361164,4.63760057834162,41.2127118392483,16.9674229833619,10.636434876838,474.854810071956,54.7924675293349,5.10734232570355,40.639568665582,17.7557663030261,10.352079601415,438.497414601942,47.882563308293,5.97364586207077
149,40.8898351650949,16.6921251584618,11.0682353691286,491.746063327854,58.840283680277,4.62869371428302,40.6792232838927,16.5949753281223,10.9446391810081,484.038603465116,57.5542954072905,4.75322543587786,41.1755968092676,16.7595819571914,11.0625695371923,495.387572538117,59.2597816950408,4.49948777274823,41.1853457803118,17.0192043233682,10.5722395691046,471.747392340395,54.5881317121042,5.08091925868161,40.7710929064724,17.7416801041352,10.2742554037568,438.90680841321,48.3625864023653,5.7744014227209
150,40.9061034563815,16.6070129633052,11.1511348116655,496.248127001168,59.3351870067406,4.49169365702022,40.7499694817309,16.5787217359976,10.9736643761719,486.357464573297,57.6684131447932,4.67272192029103,41.2028115028257,16.7539779528785,11.0816229446595,497.170459344217,59.2208395052775,4.46477031594891,41.1836145071216,16.9841044250658,10.6671658133993,474.332449709592,54.7191141074507,4.8959163969978,40.6799507824436,17.6608759977148,10.3721889408656,442.297037702113,48.7270528137718,5.56294716489322
151,40.9164785455653,16.6404019137191,11.1124993429222,494.0775914271,59.1030186717725,4.63360562860776,40.7786110274388,16.6390698352581,10.9390069226052,484.043755365842,57.4551625778964,4.88520915230147,41.2216934729715,16.7373587860273,11.0503381058535,495.33325212841,59.0083426178794,4.65167903431395,41.2784048745146,16.9861927660253,10.5973417888655,473.136803690655,54.6228113081161,5.0908457385983,40.7493708152499,17.7473344020491,10.3588817083003,439.684599087947,48.249964310303,5.98536487544813
152,40.8551354836938,16.665685308076,11.0917805200562,491.148084280136,58.4394197478376,4.74323131062682,40.6839240257208,16.6030762556904,10.9005119617369,481.553450236885,56.8643874607863,4.88814907573171,41.0688377625356,16.753893183039,11.0534770361475,492.885393180865,58.5455743759825,4.647014947605,41.1761691981548,16.9427165210153,10.6524696461995,473.661198789324,54.469474709703,5.13053164441421,40.7172493926406,17.7010098264164,10.3622822134439,440.69276387574,48.2815728437892,5.80654099454879
153,40.8869345410142,16.655569377744,11.1388731180168,493.387375781808,59.2222789967399,4.39485430219214,40.6917593061213,16.6366410697838,10.9158091622439,481.301553771838,57.1262612637208,4.63608572722744,41.2150198817764,16.8036377560282,11.0742823759231,493.602113114629,58.9269121964408,4.37114071705404,41.2252401777004,17.0063714571416,10.6429942918763,472.042821871897,54.577478241877,4.79641092479756,40.7258563510036,17.7445260565697,10.3125857446401,437.362523284012,48.0779393184253,5.57351076905614
154,40.8988484100797,16.6614629466162,11.1510084740445,495.34207535755,59.3143973128457,4.57477471565647,40.7113291222852,16.6068959427975,10.9853552540339,484.547361797893,57.529025387291,4.83964832686725,41.1305542962293,16.7513626373768,11.100307525426,496.450309894518,59.201137322277,4.61482380034772,41.1953761649688,16.9969226663908,10.6793906520813,474.319357821897,54.8224549056676,5.02384901996599,40.6457927337966,17.734163977643,10.4072886566059,438.405339490015,48.1342446524273,5.87973312585694
155,40.8378748409359,16.6943644081306,11.1295675432776,492.828657444091,59.0685481767141,4.3885287431107,40.7616927531743,16.6217208597371,10.9510254111824,485.263483639314,57.7135402877546,4.5389232077286,41.2363477061213,16.824389783088,11.0615071304124,495.789378973928,59.1888622362746,4.22737016790035,41.1545453103505,17.0323936129019,10.6842920436868,472.524328300339,54.5404557779647,4.8584727738127,40.62383095546,17.7145289817459,10.2850204432064,438.81387237306,48.2419240793188,5.60484819892404
156,40.8904495488303,16.6070562549022,11.1412687976307,495.127289840372,59.1979340618612,4.61685856365435,40.745154350016,16.5813982937359,10.9132255246959,484.687349363049,57.4700175436121,4.80406454390507,41.2482683686246,16.7390517036599,11.0236548001084,495.555037125563,58.9208909655101,4.57420713799658,41.2492078855196,16.978490447275,10.5873138873231,472.314506257913,54.2954601868478,5.13088678670378,40.7179459305048,17.7740207223731,10.3793568324225,439.854073765902,48.3309565532217,5.82313208545234
157,40.8795839755395,16.6326021838456,11.083624405866,491.786509586892,58.731980183818,4.64970090363064,40.7309857199423,16.6129564987858,10.9101423168121,483.879526746274,57.3710467267735,4.7608891942869,41.2335117329485,16.7282166438533,11.0497836677554,496.967841385284,59.295902658797,4.46250824632117,41.1975200995119,16.9798969411053,10.5673947155897,473.952437746699,54.7521747929626,4.98297354964428,40.7417678159472,17.7540221417581,10.3485131031661,439.800069157436,48.368575079796,5.78538970189415
158,40.9035723217515,16.5978967406797,11.1183749791009,496.203401122041,59.3991668540171,4.47301383451377,40.7069231487913,16.5589224344927,10.9407649306754,484.72414522552,57.4352720840056,4.70551859703414,41.188220166288,16.7720935158281,11.0628216170653,496.4095172171,59.111785488204,4.46407631927846,41.2365745381638,16.945405961021,10.5907405376892,472.800633915496,54.4278621017302,5.00659905354777,40.7468098876502,17.7108807945071,10.3631600540641,441.426306642051,48.4792285368098,5.65677311681186
159,40.8879122985417,16.6685728580921,11.1248665943045,494.524771206679,58.8520891154634,4.47497685201674,40.7236588282833,16.5861307833275,10.9121272277035,482.346400401564,56.8305436039802,4.7304768590779,41.210983781035,16.763415402643,11.0468638391879,496.050339374725,58.7802030828358,4.43615386077642,41.1674069838525,16.9807385760064,10.5963842079735,473.00842045555,54.2806931119749,4.94929775405519,40.7137104654848,17.711750718944,10.340460090679,441.009802978681,48.2707689419148,5.60953099921309
160,40.8201210953383,16.7155314722408,11.0775110949262,490.000724502418,58.3954341829028,4.61576262363064,40.7618181238951,16.6311022894768,10.9767407056643,485.595057770176,57.6284966409785,4.65945378498892,41.2135750048559,16.8222910930394,11.0426040302049,493.423813429497,58.5728879359066,4.52689020692708,41.2410940853457,17.0187991176827,10.6302800500952,473.561343138722,54.6921353284304,4.93022588362872,40.7710408414302,17.7316594763887,10.3439692726071,439.971700326184,48.1910806606898,5.67230086861387
161,40.9171662559235,16.6399704711025,11.1760042524551,495.279697102077,59.1047252993562,4.58390653881709,40.7403018188201,16.5904049846394,10.9871175573063,484.944552573612,57.2851494711175,4.80687259339024,41.2233080398777,16.7582312881109,11.0843932719522,494.978905461169,58.8205842951227,4.59727454598797,41.1997446613029,16.9778357748781,10.6879433350137,473.725122502947,54.5365771540677,5.04195448131151,40.6243235359499,17.7114003828527,10.3861552916915,439.632807368435,48.3310604835853,5.73152912085285
162,40.8653644174663,16.6275970676504,11.1030742871422,494.302104162443,58.9772603912732,4.71592307826904,40.7456659973944,16.5450614608742,10.8756453893109,485.515455258491,57.437812801063,4.83351822743967,41.2624625688684,16.7317669900991,11.0500403690658,497.125995718569,59.1653277444693,4.54734827628761,41.189499131,16.9554132643702,10.643609490657,474.326277994049,54.5738867985821,5.174824977395,40.7070755555218,17.691308303639,10.3184584369636,438.715100102527,48.019196029554,5.95444000306387
163,40.9386707785658,16.6773252399105,11.1410746829409,494.727818196533,58.9811090563614,4.61986204663156,40.7539548255967,16.6257016969196,10.9176337280268,483.105971022056,57.0857762819795,4.75717889590704,41.2672020918643,16.6903426333791,11.097735329682,499.004300157413,59.5310184223981,4.41038257609534,41.2626913191771,16.9884071949182,10.6156743728952,472.134611869902,54.2703998528231,5.07948997111139,40.7352237181221,17.7173850480047,10.3666597568694,439.84736203436,48.2890920590744,5.7707730212761
164,40.9012612347196,16.5830275319388,11.158749574467,496.968662968339,59.5694217479015,4.6852870627106,40.7556751510176,16.5712257262786,10.9796545107999,488.033401752953,58.1103799184365,4.86557757819979,41.2634570850768,16.7735060182977,11.0630550994321,496.441045425844,59.1034825129718,4.69983023170185,41.1491941301902,17.0256031869766,10.5953068765409,473.031478328938,54.4924890381058,5.32772029028223,40.7063817553032,17.7166593741397,10.3426369571337,440.468380349009,48.5726882204309,5.99634402455753
165,40.8599699951898,16.654787521799,11.1365278227498,494.119179182451,58.9849320426299,4.52262408302938,40.7319629416785,16.577732986085,10.9351122725016,484.519242041352,57.3978827764986,4.6546952980469,41.1939795627917,16.7779637091488,11.0575127776504,494.852030508039,58.7934588026285,4.45049359808233,41.1993507417107,16.9650667748685,10.6304544137658,472.91731722163,54.4879147614104,4.89396623128333,40.7314711043424,17.81733783012,10.3241292244441,437.484362583,47.8744118871834,5.73305265437572
166,40.8329461947897,16.751038193699,11.1139508363681,492.480421506036,58.7813740165573,4.88298422844677,40.668312710819,16.6480624089107,10.9451449098537,483.026255973648,57.292862177693,4.96084634706333,41.1825831084896,16.8014535496303,11.0326071768235,494.33740081187,58.8111602469445,4.76083891880695,41.2010532087638,17.0392635046055,10.6234256073663,472.638500207165,54.485428465803,5.25617196397911,40.6369616672952,17.7188586781033,10.3069949431813,438.173990320583,47.8522784961319,6.16020795129944
167,40.7906232195145,16.7083712712439,11.0709850365225,490.202541660182,58.4472087764504,4.67557058163796,40.6248140505225,16.6977792740297,10.8413459569163,479.27688891674,56.6408049403458,4.88996070469064,41.1258100016565,16.8405737509312,10.9983044510923,491.378124027364,58.3379069654552,4.5976731868087,41.0828754910209,17.0452418018813,10.5102246035869,467.346327101119,53.6711779291795,5.14497088941956,40.6265865273137,17.7404160366575,10.2661128984827,436.029478634047,47.7524992267976,5.78764492177578
168,40.8382203482937,16.6608688927107,11.1142618522968,491.306489576262,58.5419828456294,4.61361508553698,40.6544480418608,16.5942415985133,10.9390329300359,482.851787525892,57.1933240902459,4.75678718429355,41.1137862244587,16.8034072559082,11.0369961797463,492.130116418682,58.4184235527903,4.56814881342847,41.1551742085056,17.0927647031203,10.5952723735789,469.778874788925,53.9419284368727,5.07044851805308,40.6806317872347,17.785124584824,10.3625434582713,437.870547549664,47.974943018614,5.74439500589488
169,40.905178062,16.5826130824295,11.1395507131995,496.170059687727,59.2864735184528,4.67208349642736,40.6631846836532,16.6143261711244,10.9422289354609,484.310193129798,57.2969506656778,4.91362353112655,41.1991779561392,16.7395951874548,11.0174429844238,495.425911269724,58.9132299536055,4.6401229542101,41.0879986062668,16.9866097341907,10.5996642475509,471.980822003049,54.2925605819147,5.14834677031409,40.7121924459047,17.703346395985,10.3940532900717,439.309567761212,48.0877857844265,5.90228997969598
170,40.879312779341,16.6555247988502,11.1311257360013,494.676422316118,59.1653652984468,4.43960068432903,40.7271375513685,16.6474934401554,10.9113766206297,481.879299133144,56.9550537289039,4.72192087672137,41.2547650356832,16.8057945556367,11.0777595581032,494.9462459031,58.8550669630365,4.46312151674442,41.1495621693963,17.0242721931512,10.6018301136224,471.454134608511,54.1795263818205,5.0209010450294,40.6242196577519,17.780388346108,10.311336716187,435.982314378749,47.5081644287546,5.82151836312519
171,40.9412674590171,16.6095289650657,11.1841990559854,497.344940821716,59.4365148862583,4.29314892631051,40.7432567256311,16.5606331333572,11.0125194626244,486.864322353819,57.7147402166149,4.48619511737985,41.217643065148,16.7518559507898,11.1117626123872,496.506125930401,58.9984829834199,4.32113240532638,41.2247380996852,16.967828874421,10.6452887099418,474.548163935904,54.4898716334036,4.81006068412374,40.6671799260408,17.7512472074203,10.3763446215811,441.021426517172,48.3676350659668,5.44318404033486
172,40.835745019793,16.6658222094086,11.1590891600053,490.988790039352,58.6010357302472,4.77323577789633,40.6499697569952,16.6269103212833,10.9547590326845,481.154530936709,56.9997224104837,4.90705973680497,41.2005349647914,16.7937735181069,11.1010006221953,493.568148386044,58.6964243109088,4.66091073076339,41.1990002070827,17.0750162654792,10.6469898473663,470.785078716979,54.1419710989213,5.21648748375317,40.6731417228136,17.7564456980485,10.3500752968545,435.255700032448,47.6411498429418,6.01943745201073
173,40.9572134076974,16.601107991076,11.1572882637655,497.543128313482,59.4867132168676,4.37629118945049,40.7808708316006,16.5660784583559,10.9698358364996,487.655073493045,57.8356591178491,4.53305544765411,41.2312305728856,16.7242024047758,11.1176581185154,498.035498301092,59.3709195522081,4.30654340450832,41.184510048417,16.962399695434,10.6877240437773,475.197670852024,54.7074603789298,4.81149503762016,40.7009894313102,17.7182159209309,10.3713752132449,440.781237290317,48.4224799771295,5.57871369834242
174,40.8426504749468,16.6811772307229,11.0842203755945,491.341931974746,58.5946527830489,4.57406716568333,40.6771413421149,16.6486042358316,10.9479175970566,482.714238248735,57.1287885936816,4.77860849788525,41.2081514541766,16.7899142724477,11.0685608343075,494.623217545711,58.8569105878889,4.46676225645243,41.1134573215227,17.0482895562716,10.629516298846,469.599863130632,53.9487042022369,5.05496789505627,40.7279429785424,17.7059739189819,10.3449663430339,439.762602437045,48.3406986436327,5.63772382458674
175,40.8901629942927,16.6013379106845,11.1476428483489,493.795720431208,58.9867019487245,4.54889121040776,40.7246649957216,16.5477994702917,11.005715459527,485.726221124268,57.6998868358524,4.69977313573837,41.2196715122881,16.8000431304583,11.0926151796372,496.17302837179,59.0733245625315,4.44637104377691,41.1864195192308,17.0034393824277,10.6624096375953,472.098478411368,54.4285656450555,4.9470114401319,40.7506365811423,17.7513952288056,10.4171094623674,442.044188646815,48.6118237088053,5.641849613141
176,40.8302149534999,16.6692631884561,11.1273248093548,494.24914010634,59.0673581198066,4.673324608738,40.6702314616565,16.6425643210424,10.9512173104695,485.281803588703,57.562284615491,4.80129240264349,41.1923301104641,16.7806423894827,11.1056312656297,497.527094856864,59.3780609968347,4.4980564333071,41.2182331035474,17.0089208387811,10.6117859156347,472.93843330399,54.5212269078588,5.11082180696505,40.6871804514062,17.7575711296962,10.3277428248764,438.462919784154,48.1350866055315,5.873035251229
177,40.7696863451341,16.7186047177149,11.0882531744983,490.646658262867,58.4484643983372,4.71992940748145,40.6814843203323,16.6232676592002,10.899868640553,482.514160273684,57.0357615128644,4.8556864406625,41.1769131849776,16.7700685296761,11.0260974979901,494.429028158871,58.6942347349895,4.64829192380847,41.0969506083811,17.0180452188298,10.5607131922304,470.772695026656,54.0360536650751,5.16712849071053,40.5848642294005,17.7774910886806,10.3071486765455,436.793623190773,47.6000221890453,5.96076488599476
178,40.955847451423,16.5956231102138,11.1670800406318,496.86680581817,59.643942999987,4.60413306670379,40.6862505678308,16.6611089106771,10.9089131219193,482.69900529297,57.2786661700355,4.86979022746959,41.2369866676522,16.7798821420169,11.1372129029803,496.680688375189,59.3940483695949,4.52963612375087,41.1830977819388,16.9891117678543,10.58752543119,473.022763310464,54.6115644757291,5.16219123811845,40.7148452066995,17.6675370713785,10.3334222667536,441.913807815295,48.6353189948902,5.77628789982482
179,40.8431772831436,16.6414250433218,11.1748615724566,495.328792268768,59.5796629786421,4.29364231588882,40.7166895154801,16.6373844630374,10.9519845406675,482.872834808471,57.4146174376297,4.60368912123941,41.2401770334388,16.6989704772109,11.1146919959548,497.703726294564,59.5158190004406,4.28371624029042,41.2166435107362,16.9973032165859,10.6105509228287,472.705459401785,54.6229667222319,4.89889226915322,40.7395120740818,17.6782895929575,10.3192572340234,440.111340977488,48.5728656403675,5.54198124311637
180,40.9655463576402,16.6248782391704,11.1693402575702,495.666147050909,59.0280534263593,4.53153538683349,40.7326302761719,16.5904708414775,10.974401337512,484.809566693713,57.2145594729364,4.70682974193603,41.2374689182016,16.7602897286599,11.0380771004042,494.723276343987,58.6174275780303,4.54405866860605,41.2009964990899,16.9531878048722,10.6681101705016,472.817541492112,54.2652629904214,4.9897461866938,40.6974027785518,17.7159615048985,10.3321452443651,439.870240845223,48.1751493935737,5.64877790049378
181,40.8975699584967,16.6943780939221,11.0737368643439,490.942925007561,58.5498043291073,4.76946437321818,40.7400583351171,16.6083509903926,10.8909231251894,482.122798560695,57.1126617032796,4.88221875570303,41.1596566254471,16.8259270966296,11.0668757149124,493.686122722536,58.8466749660298,4.63680885292562,41.1312512345768,17.06997795473,10.5429590271365,469.08977446727,53.9909962530873,5.20324140155959,40.696074441504,17.730120086189,10.2581697883679,437.109661420336,47.9112541420412,5.92109459882184
182,40.8345055721479,16.6515787334649,11.1247200293138,493.018420072026,58.6714361844902,4.77819724985881,40.6818004588668,16.6261268502548,10.9400288467749,481.682642935993,56.7342962738803,4.97985804952683,41.2223354240211,16.7707172357609,11.0757224828532,494.234040661134,58.5037302954043,4.71231857687812,41.0934441898752,17.0702976578071,10.5999569652264,469.711111023619,53.7466776095608,5.26540315598324,40.6931428757225,17.702963929091,10.3075168056055,439.67524893863,48.0453014997202,5.91061292352726
183,40.7383634197635,16.7600898486523,11.0832045077793,486.987857789045,57.9648442602314,4.72187742498673,40.5771394855251,16.6691966315895,10.8927163019875,477.224942159188,56.3185980487975,4.88328843717436,41.1966048623088,16.7765470635972,11.0848711644435,493.227760885194,58.7232525819656,4.56475464236668,41.0628633620847,17.1322243111571,10.5732523843692,465.75043826079,53.4644089998506,5.18999954780516,40.6754995712979,17.7820375587187,10.2375931217123,435.367038879867,47.6647328262664,5.81103282645451
184,40.8389373710195,16.6538395256994,11.1359735933256,491.68574133815,58.7189691830776,4.39920820684023,40.7300581218563,16.6032893745529,10.9780681866326,483.11290469505,57.2906425667083,4.5344623015986,41.2620756255499,16.7625134581699,11.0845516164495,495.173438063965,58.922883401372,4.28487527813845,41.1343445330322,17.0823177352373,10.6634843023691,470.086824535054,54.0678941401111,4.88299116451412,40.7696442573771,17.7597008740611,10.3702472511989,439.129660919561,48.1638499948894,5.45967056524601
185,40.914496673875,16.6435881326972,11.1286350359466,496.071307729106,59.273619020704,4.59396749997506,40.7234211265803,16.5818040138239,10.9437301471406,486.082498708206,57.6053235026179,4.79424412613802,41.2121731768896,16.8181106503633,11.0429171066437,495.265010425398,58.829005533076,4.62997724586511,41.1738793683121,17.0232909999373,10.5591713293099,471.546750146052,54.1571073033586,5.12219589397113,40.6453048007157,17.7703205047343,10.2807040765011,436.365738273932,47.5946589925803,5.97704965536488
186,40.8088612370501,16.7229112644517,11.0841860739045,488.75136118745,58.3107050530374,4.59121190228701,40.7158221110658,16.5931855416003,10.9236544642811,483.057763566442,57.3517030990534,4.63431923380976,41.2487209721072,16.740119019882,11.1038133614432,496.105206633557,59.29699871195,4.32428699261871,41.1078618345005,17.0722744624576,10.5853457006043,469.975073030583,54.2181554182211,4.94774698486334,40.7267341036462,17.7178336152073,10.3608311743384,438.617031397267,48.1887395323043,5.57461857110316
187,40.8815185142549,16.5988279237424,11.1204145220644,493.001485152521,58.8273489522335,4.43270215124851,40.778307616035,16.5361703157311,10.9664591665259,486.279331609081,57.6267294044925,4.55260446222795,41.1693803065479,16.7148547109133,11.0224655107666,493.031150813782,58.6047611956396,4.406706356558,41.1423506896888,17.0074694427018,10.602998278478,471.292465141095,54.1948032623149,4.93394081879576,40.5943707268319,17.740855269168,10.3085704401642,436.790595966544,47.8519464480635,5.5723188266329
188,40.7943708355486,16.6542375329812,11.0939548712063,492.772979734356,58.9269994034607,4.74617854404764,40.689934891585,16.5932850444468,10.9262368624459,484.688306590609,57.4669371409751,4.88295974240249,41.2015046860725,16.7549228218153,11.0454228487342,494.983625197762,58.8818139476807,4.67233729889718,41.1232296620788,17.0711142964778,10.6229431208198,471.329808617146,54.3255304753549,5.15387525052856,40.5642413267907,17.7291743697593,10.3025934293117,436.960619908012,47.8824686212523,5.9488570683696
189,40.8709864910654,16.5940101783821,11.170203054415,496.94666188279,59.4970757596166,4.45579145844019,40.6668885733691,16.6294507049977,10.9495339890913,483.449129034065,57.2000946380689,4.77551390848497,41.2712258247916,16.7719100433849,11.0877130070209,496.935528276134,59.1974169728701,4.41304712213542,41.1966164488098,17.0004895996055,10.6268571007334,473.41525205647,54.5264903202041,4.9938775988548,40.7023819936338,17.6608939420216,10.3805978843432,441.817484340305,48.7109606327662,5.60300095249792
190,40.8980284059938,16.6307612721162,11.1033122431477,493.430870713612,59.0400339515234,4.6066585220865,40.7312140054093,16.6118071375021,10.9852685847818,483.173521678182,57.3025978920777,4.85040682446633,41.2192341636598,16.8271685933437,11.0482246824527,493.07293176454,58.635912847246,4.64397493002291,41.1735246630858,17.0091469230964,10.6067941977524,469.693330302694,54.0880888604379,5.15461833123935,40.6240852185274,17.772368499033,10.3544131428913,436.425879842608,47.9098115333282,5.8713286960223
191,40.8070178306463,16.7192536443435,11.1159689286833,489.981168055199,58.6144469659262,4.78492635821979,40.6793962798533,16.648651523013,10.9292666637317,480.04018250084,56.9292076019376,4.98319857092498,41.2189428575085,16.756665812447,11.0773430745322,495.345399968881,59.1236110519811,4.63099347777188,41.0171726500392,17.0725687915515,10.5392191093046,465.108061266978,53.3656705214599,5.31113788356547,40.6158334727592,17.7370073829035,10.3497326704367,435.870285082347,47.8578488518037,5.92879499009865
192,40.9033720696796,16.6112643553005,11.1608094146543,496.007693864192,59.230365943093,4.61412936978903,40.7294041511402,16.5382644972188,10.9872094877758,485.309770731398,57.362221737891,4.87057628335659,41.2252225392229,16.7951326481475,11.0366397588341,494.983911853216,58.8067066764756,4.61015469613532,41.1436608608179,17.0391401587508,10.6169905158022,472.065469353076,54.2916771911298,5.0877851364457,40.7616980354714,17.7047075741397,10.3839959795369,442.647761180662,48.7754211671794,5.73874963705245
193,40.8476762659701,16.6333651809532,11.1002363474447,491.375037251859,58.3726522801958,4.44933892317055,40.7054772711263,16.6251485982368,10.9107174931677,481.319472737486,56.682709383311,4.59851995310369,41.2233905460709,16.7547171699685,11.0616264373922,494.034190560691,58.4932078686719,4.387375832052,41.1692082222185,17.0244384932797,10.6123636201105,470.650652065264,53.7619834769824,4.92591428732093,40.6286568922059,17.6538318530581,10.3000124675678,437.89927911334,47.6910234738789,5.59556869212764
194,40.8117575974432,16.6552053995911,11.0559399309664,492.109608075198,58.7802003215743,4.67249815588978,40.7156083213589,16.5871493102967,10.9048075939031,483.616252604784,57.2488712160671,4.90472786839998,41.2156991751556,16.7576398279998,11.0341357778205,496.076079985464,59.1296551381015,4.58539182590329,41.1898619344155,16.9955558606971,10.6337887865888,473.461885241853,54.5907139066974,5.12384312043852,40.6812312809073,17.7495022964032,10.3074359943009,437.872838313423,47.9812178715647,5.95464000890991
195,40.8160851944804,16.7152486695338,11.0642047356387,490.229244483685,58.450456115225,4.66905400650177,40.6079631483043,16.6852348455346,10.8418381866455,478.322009342044,56.4579644470773,4.91211618117555,41.2069804648508,16.8678342684539,11.0029938588964,491.666829383502,58.3592570335105,4.60070949539409,41.1574310516292,17.0382861941184,10.5845260458147,469.833909199837,54.0708107229012,5.02341014326985,40.6774076514163,17.7348203397817,10.257843037518,436.738895627351,47.8670109632706,5.79687597694226
196,40.8843499536109,16.6520141056065,11.1155971580134,492.521403127215,58.8310187396111,4.59621201865793,40.771095520153,16.5836255406125,10.9854102139161,485.225162418277,57.5797173125412,4.73254740532716,41.1912154147335,16.795356916192,11.0737259421069,492.99519205424,58.6153170445327,4.58935025590564,41.1301945815573,17.0635094653917,10.6247216700977,470.54361660693,54.0901242540982,5.09566592207083,40.731431481693,17.7455561305218,10.3391760448262,439.143806138517,48.1533659590105,5.76551745829332
197,40.8624902692143,16.706126499708,11.0977769007637,493.283882055522,58.9966189770261,4.70813103448603,40.7539149425464,16.6436960643754,10.9323272506309,485.558781567217,57.6790042361296,4.82521718317331,41.2404598875995,16.7502977005083,11.0785566385893,495.849411673988,59.0762760069468,4.60116137909546,41.1508103938628,17.0498472133436,10.6000741423926,471.710916087893,54.4160954463516,5.15716050110368,40.652208741605,17.7318292937057,10.2865661772604,437.928986904053,47.9140653593142,5.97995274678735
198,40.8914160696162,16.7166155557055,11.0462746941035,490.697663041215,58.5111220913569,4.45696030293734,40.7149171501068,16.642210799922,10.8920605006467,482.421463539584,57.051561548785,4.63858305907375,41.196816086998,16.8487482019171,10.9851071605861,490.334183462853,58.170769783045,4.46338907823597,41.1552468898689,17.081325054068,10.598289263035,470.661796357426,54.1391135252306,4.9360883680923,40.6751545092216,17.7817871926618,10.3729062636692,437.662597578557,47.8985494658154,5.61484794546411
199,40.9180724067042,16.6181508519251,11.0989831838641,493.910721630277,59.0122061117427,4.46095101285882,40.7888107436114,16.5960019602436,10.9164218668693,485.433113744796,57.5925695443667,4.59127552021542,41.2412589165061,16.7382213568412,11.0563700453295,495.109607577542,58.8004388617264,4.42944130551593,41.2211798058947,17.0025337849954,10.6012931838182,471.699549993378,54.4305410683673,4.90917139970812,40.7103698332948,17.6707115782079,10.3532454600145,439.778658462411,48.4077455454768,5.51924698958321
200,40.8444622690932,16.6481923593861,11.0856420190026,493.077846031571,58.7795841497826,4.61958741163602,40.6793404289528,16.6422202840532,10.8850218954995,482.263637777365,56.9652007279559,4.85258913016221,41.1629259408048,16.7855331922119,11.0114299792295,493.256914667921,58.5717032970231,4.56151777718637,41.0932337537603,17.0438181864025,10.5308744658892,468.898782686871,53.7602115753001,5.1658273239013,40.7376513728543,17.6803598650417,10.3426975395751,441.559547897109,48.4719958204419,5.70061254090986
201,40.8076274697885,16.6734268298071,11.0574144443012,489.284947654159,58.5429630974574,4.46305216064757,40.6657272540737,16.6552338910839,10.8920044459282,480.430165584736,57.0278360356498,4.61719200530553,41.1898277594408,16.7952493043983,11.0301016066378,493.064612039254,58.8995373672479,4.3582579843567,41.1586894467189,17.0727902741056,10.6037784874545,468.2519779095,54.0699848437565,4.94895205270012,40.6445650374789,17.6911404732425,10.3305312989273,438.569544209853,48.318132393665,5.53778549775705
202,40.8506649814593,16.6747675922471,11.1892056266702,493.01899333368,58.752939419831,4.6213996676212,40.700098745139,16.6150323405831,10.9507428464656,481.909462260327,56.8485534446232,4.8218515866873,41.1957338589386,16.7703951429146,11.080889894771,494.313715469452,58.6573195452998,4.60272716947231,41.1334061093047,17.0524048264285,10.6096309030918,470.652801615567,54.0822171320931,5.10802652295449,40.66612357012,17.7453865974815,10.3867813479443,440.666107756216,48.470176196191,5.71136045996777
203,40.969949488698,16.6567117183617,11.1170446586449,495.387809769752,59.4453133095731,4.53184383965125,40.7551392641288,16.6316795446081,10.948884532669,485.664925777908,57.8186706799671,4.72494223384405,41.1937217656639,16.7981045475174,11.051303028643,493.224211687046,58.810520225417,4.55989173554218,41.1323815729365,17.0446690233434,10.6037014532179,470.797882328084,54.4287455719794,5.03734574700697,40.6708797824533,17.751175917604,10.3385348811929,437.542884274161,48.0567599786997,5.8147310445006
204,40.8472330150211,16.6466713732105,11.1505596287874,493.845273413712,59.1659542588881,4.66811929364825,40.6588125955168,16.6688493437627,10.9229925217913,479.808506324712,56.8499964280611,4.96735712068721,41.1770511967297,16.8233774771599,11.0708937504133,493.361881521161,58.7114362476126,4.67612066631211,41.1740122081939,17.0364387460667,10.6314781553674,469.686404640827,54.1396745942329,5.22195528883963,40.5470103591559,17.7957801593116,10.303046028255,434.732976353511,47.5575904047986,6.0361781811401
205,40.7407894366999,16.7305760744357,11.1063692809514,488.182596569569,58.371073904348,4.52821350934823,40.6219084920169,16.6284817159304,10.9258146788599,480.526650337027,57.0540603629268,4.65621402815341,41.1311591387145,16.801052566186,11.0616102542991,492.036984422723,58.684881856829,4.36507312790259,41.1143015097451,17.0837621784842,10.5666382018265,469.393497331067,54.0707357660014,4.96719142141056,40.5449914507239,17.7177240770448,10.3446173119547,435.738599875032,47.913482875539,5.61223034852628
206,40.9194570773675,16.6486023936947,11.0947488803629,496.048171374183,59.2760608141598,4.59076533588154,40.7977536552041,16.5732314210498,10.9519929403026,487.947543638683,57.9099043717152,4.74263457575899,41.2327854436773,16.7488145605501,11.0474981348925,498.287903290705,59.3367381825066,4.55914269715365,41.2616476085572,16.9946202368846,10.5975625300166,474.586470024448,54.7347738972671,5.1181877549466,40.7120577520613,17.672593717456,10.358232306025,442.525148692694,48.8577668997244,5.72998646667718
207,40.7763248491281,16.6889957470202,11.0309224359475,487.607668771529,58.2135138107737,4.64928353853947,40.6320383773161,16.5804949438098,10.9097234575825,480.170571563687,56.9370386785448,4.81908987890911,41.1292459342093,16.8055492768391,11.009017336014,492.435239908662,58.6424081242397,4.57104828686866,41.0907327436568,17.0583037419794,10.5872837983587,467.388983880114,53.8031549568226,5.10831779067014,40.6798737949362,17.7359013901293,10.3580087248559,439.27094465944,48.351629488848,5.68886441607922
208,40.9684449932626,16.6038681065326,11.1662625486121,496.886097072167,59.3994384593102,4.5085214306117,40.7908454716071,16.5504841442245,10.9764150034822,486.598581706737,57.6363343992569,4.72375876715004,41.1910024647472,16.7908440628245,11.0908910930388,493.97331585575,58.6413813568154,4.49153874381356,41.1861535536074,16.9730377236661,10.6527243544189,471.273008905427,54.0654417667293,5.07710276542165,40.7114415411531,17.7453447510823,10.3386467163903,439.165988146391,48.163061938875,5.69023717019479
209,40.8480493224319,16.6653920445507,11.0913080892116,493.180138535753,58.699010132643,4.52861764294861,40.6670764819218,16.5776397887183,10.938282326662,484.743621483832,57.3570033228252,4.67460526476506,41.1430741129144,16.801680787227,11.053330494566,495.365989272677,58.8530386443787,4.45436423515438,41.0874875872677,17.0501534561375,10.5650059569433,468.820223516331,53.6748308802337,5.03867932857871,40.5936594294691,17.719624981369,10.3310305244981,438.798776129792,48.0089467079767,5.62783576288766
210,40.9522426971818,16.5773474721523,11.2130874562466,497.978301054352,59.531123136169,4.45658861000569,40.6962469650398,16.564654085369,11.0077317470589,486.79919928002,57.746123673041,4.69684482823222,41.2580145728567,16.7372300546315,11.119132455458,497.467029563948,59.0864839238759,4.54988820595648,41.2376454646673,16.9681911817588,10.663433800374,474.497080713824,54.7261679209325,4.93431901281074,40.7112918759749,17.6873374463198,10.4203578543917,440.981820296555,48.6555438475048,5.65861720733482
211,40.7710274740901,16.7006644198341,11.0400287717848,490.110440369899,58.3102596900504,4.85315766153515,40.6461916242804,16.6627045668702,10.8212696545452,479.466406649977,56.4887852048984,5.07320079592838,41.1919526180402,16.8202233960806,11.0522416024597,493.853380096201,58.6313617056053,4.65430651051463,41.1331042999161,17.0248234151129,10.5804345044726,471.886754066651,54.2792155499688,5.1500882715983,40.7149324986777,17.7303890117476,10.3629734283958,441.082237059728,48.2492621559975,5.90910653509823
212,40.8845213935946,16.724476712586,11.1027341080405,492.713226931912,58.8739253588489,4.56462993567237,40.7218320837527,16.6914967031058,10.9403162241009,484.044426903599,57.4426798122059,4.71683424205808,41.2171707070908,16.8401981513895,11.036246772786,493.661569304978,58.7023609474986,4.53571015694525,41.2220047240086,17.0113106768543,10.6470932614479,474.183109931996,54.7387052779294,5.01538851734943,40.7118109419624,17.7463542782498,10.3714382221162,440.778957690994,48.3745277456553,5.74768283939421
213,40.8638539487883,16.6384988705476,11.1165962452852,490.420174715679,58.5211532903266,4.6600150994607,40.7773359631497,16.5851326986428,11.0142152757846,484.892141656057,57.5668467787674,4.71166407025407,41.2055311958661,16.738906730344,11.0752811589745,492.708251540648,58.7597022392717,4.47035764420361,41.0962660193071,17.0054831898032,10.6636552053282,472.066746175081,54.5233892752136,5.04392742866601,40.6749634862668,17.7221803639814,10.3774979808387,441.109459153908,48.7249025911639,5.60693121359565
214,40.9006127198544,16.6092211534765,11.1506769374174,494.948734089506,59.0843404825865,4.56064605257415,40.7851873757973,16.6171485187042,10.9594460691147,484.339368478271,57.2886216244016,4.75620119817564,41.2849954720176,16.7472353507277,11.0992111760527,497.64834944525,59.2358365185012,4.49544145636457,41.1754810939288,17.029149591248,10.6355965721595,471.74190633539,54.162649832976,5.0917862184146,40.8139432451587,17.7272855252617,10.3702603262391,440.282104556606,48.2682495202844,5.74384680917617
215,40.8124201588965,16.701435577934,11.0997185213905,489.655932979003,58.4019379086913,4.72752270532686,40.6759421115108,16.6322767956103,10.9076540338547,480.927735278392,56.9940477406493,4.87447148936326,41.2134211752432,16.8312980690994,11.0060889705436,491.749201915155,58.3622076303002,4.67049001951431,41.1606200665688,17.0795562324566,10.5684745894066,469.054036650764,54.0113779510402,5.13667021253444,40.6198047763876,17.7693280584729,10.2977225929751,433.939725518804,47.3160158391182,5.96821788059507
216,40.8468318466728,16.569645539773,11.1406917138884,494.801502912487,59.1722073492384,4.55668958995953,40.7204293923329,16.576868621998,10.9637327706017,484.80899468407,57.4354102763649,4.78634524927215,41.2337723925891,16.7687131285994,11.0699177876515,496.457819775909,59.0872919838481,4.51447334963785,41.2145286754551,17.0817298965089,10.5743258721267,471.216024833986,54.1247752215259,5.11875740613565,40.6421707081129,17.7670589463095,10.3620775374525,439.085005696055,48.1930195784233,5.78603339213112
217,40.9224919981925,16.5776207684812,11.1310578573731,495.878068310976,59.4603428744835,4.50834329422923,40.7796602807294,16.6150578650937,10.9521103720726,486.429371299843,57.8934219357812,4.66746507589088,41.2050981661259,16.726036441404,11.0397842203435,494.652128510345,59.0111702483005,4.49875162197448,41.1423892788072,16.9410514762923,10.5855076764837,473.196334567942,54.5292324499018,5.0361506236018,40.7476803294558,17.7669751921419,10.3020267800353,438.876993014853,48.1283499826947,5.7433192085768
218,40.8234380310771,16.6558219498963,11.1059982391125,492.143304946662,58.7210872903508,4.59472566298046,40.6968105307819,16.6008559131681,10.9716663084154,484.01923871572,57.3696339276501,4.726018134149,41.1468094802715,16.8434621582459,11.0627606538034,491.690688717093,58.3888620313849,4.60259007593479,41.1179758571496,17.0093002046847,10.5705096122957,468.067820954701,53.8284827805299,5.07721023917496,40.6726460882225,17.7023748367174,10.3209355100095,437.619875802126,48.0343908862308,5.74192391772566
219,40.8263702672938,16.6837150102606,11.0332608243442,490.444410855149,58.3924662812539,4.71785061903751,40.5947055570444,16.6489922091173,10.8676243932836,481.800208381549,56.9431954904139,4.89758270764086,41.1317486823386,16.7962808132683,10.9797043834198,491.639580335886,58.2676981458214,4.75033932271981,41.2018748969186,17.0352650753224,10.5528476319646,471.743500095438,54.2528965622621,5.13338323785569,40.7051771951646,17.8000486015488,10.3426891717949,438.124444345384,47.9923138654892,5.99206049065547
220,40.8395423743256,16.6203234087667,11.1304234462773,492.309621598589,58.8256477520801,4.55369236902379,40.7471755306102,16.6164511924547,10.9460500495541,484.606521302691,57.4493966832041,4.67649476839963,41.1855037510666,16.778557388847,11.090412449429,493.695180346454,58.7306993997712,4.49898015566562,41.262491730304,16.9925135293324,10.6329503462518,471.345996059898,54.2737434320872,5.0229341104257,40.7458293552396,17.7846215922511,10.3829705935265,441.208569181197,48.4065178564213,5.70174339482953
221,40.8739229042625,16.6724989021036,11.1509720255411,494.134626630611,58.8973401475238,4.44943770178351,40.6706283413488,16.632714776537,10.9243035468544,482.446241417874,57.0295042879194,4.61939106140303,41.1420980500528,16.8412835380725,11.0452851200308,492.950089055898,58.5352981774435,4.3529785271042,41.1894084372513,17.0052138542827,10.6235538451624,470.444267353601,54.0274120744158,4.88736904473031,40.7642759232883,17.7470482143008,10.3061156867531,439.406631276768,48.0688146540276,5.53413279269332
222,40.9308974873586,16.5985429388972,11.1188023141777,497.54090365508,59.6426096459912,4.36927178031505,40.7027467107914,16.5823585610538,10.9384635538463,485.517914236679,57.6245807271901,4.67019784939839,41.2025658893653,16.7172353143547,11.0560621639303,496.268652077476,59.2430116123397,4.37224492493988,41.1862809798656,16.9582393666573,10.5956738585259,474.646993005413,54.8966224574041,4.93643558352546,40.7831449388695,17.6855524594981,10.3743591341775,441.699530837592,48.7255424884191,5.58419481076364
223,40.8558454803218,16.6706396086066,11.1263632468485,491.843911961368,58.7263638498024,4.67736997328156,40.7634457736048,16.5729739567019,10.9468961743088,483.949449241972,57.4078334504799,4.81006169919857,41.1471380908414,16.7665695436234,11.0622304190939,492.22551136351,58.4417941545171,4.70395926659507,41.1346801773117,17.0019683946478,10.6520143951591,472.002495237605,54.4012376638352,5.12375924927582,40.6475053576653,17.7048629826656,10.3320678436036,437.445016091118,47.8625326098169,5.96669173438503
224,40.8458537308408,16.6641766013882,11.0820143520947,491.692530721917,58.6263639798891,4.73830923642176,40.7403727374629,16.5959038767885,10.8973453516866,483.579948146406,57.2087375572673,4.83486826020716,41.2011481612428,16.7206025258849,11.0297144101479,495.835366875491,59.0222621240266,4.5495097414443,41.1587677778467,17.0639025388021,10.6367065545738,470.284851807529,54.0371675391388,5.15497069165928,40.680054951117,17.672350367196,10.3437760666715,440.270792058361,48.3228404537964,5.80257987781584
225,40.8441924397916,16.5911811749594,11.124148425041,495.145439333817,59.207018654467,4.4590146097747,40.6653252350911,16.6033075488027,10.9289869040326,482.405443518432,57.0189270330774,4.79675377219856,41.1279370361878,16.737115556409,11.0790193957803,495.062303578969,58.9886983419584,4.44006266313398,41.1921339935862,16.9916675456388,10.6464520662871,474.06925534344,54.6094059419726,4.96698670292951,40.7521010460265,17.6915704900116,10.3301577744918,440.640760872716,48.4304425883982,5.66618911839474
226,40.913963476451,16.6372523213637,11.1354037025041,493.610800771678,59.0401295553066,4.58967296884173,40.719489718002,16.6215026006483,10.9672201976649,483.644152231028,57.3071585362065,4.81253924250351,41.1889972706328,16.7855577009816,11.0676394364452,493.968250519586,58.8090034691351,4.54863459258841,41.1482968860685,17.0138441470199,10.6196049381222,471.258807218611,54.32133639566,5.05248319977616,40.7308397881954,17.7096285046739,10.3835566296322,440.594681684365,48.4221482771218,5.77626458122583
227,40.8719741571438,16.6082758277386,11.1516164046902,494.647668445404,59.1304653962226,4.35604905999622,40.6742842890837,16.605996199457,10.9595262725048,483.77256166222,57.3651659757351,4.50320688665381,41.1882665233546,16.6962058542997,11.0759635548413,496.372878081301,59.0878189180511,4.31404881820584,41.1690249123455,16.9817649698773,10.6175686278657,472.096909596295,54.2931105324426,4.87376461082904,40.7053358161857,17.7313900821308,10.309140448313,439.356961043054,48.1147504114291,5.45332841454206
228,40.8970591293774,16.6804776469849,11.1400819487543,492.242822364009,58.726691854276,4.5405473578181,40.6735734256465,16.6308583219983,10.9730348782025,482.736669721241,57.0981973546381,4.72101635202421,41.2291782649215,16.7596825465366,11.1021198433835,494.576731793951,58.7966854426955,4.50355694972567,41.207213798416,17.0555755490848,10.6515212486528,472.386012782329,54.4376199631822,4.93289772453767,40.6251888752869,17.7352133678058,10.3344457084463,437.139356940829,47.8929045880309,5.73008814323103
229,40.8938625721821,16.6746700590553,11.1076680381929,492.311255305863,58.8117388565513,4.64328156618377,40.7223526377077,16.6206570243422,10.9199285380937,482.644996224278,57.1030626592848,4.88355507318189,41.2508300563893,16.7847197526823,11.0254307027503,492.148346515453,58.4038163321654,4.64344774365805,41.194516819668,17.0699755504939,10.6096464348212,469.82963298526,53.915655541589,5.12415207384818,40.702031912477,17.7323304518008,10.3286877164232,438.142586113584,48.1429822829503,5.73676524406434
230,40.8752894499969,16.606135449867,11.125947668573,493.248670448073,58.9627603976727,4.52354624412517,40.7315545780141,16.5744711997272,10.9468262880895,485.043362762366,57.4893368747401,4.6719471615823,41.1595574158346,16.7238795383073,11.0752550807922,494.057692029902,58.9386398791912,4.42325916633406,41.1982533902606,16.9890916197872,10.6152257358986,471.609445755538,54.376319937808,4.96768277384106,40.6699809050061,17.677932436453,10.3427935660874,439.143312212573,48.3131212741568,5.59409717923475
231,40.8829514819818,16.6037673275212,11.1398968092292,497.315900208969,59.3990407898141,4.44303628453363,40.6503380855314,16.5956756530553,10.9723103739332,485.139957202233,57.3213432666495,4.69036820049428,41.2661708372666,16.7599495356939,11.0608650569335,496.691481306258,58.9116114694667,4.43594826435132,41.1771499532214,17.0060991894844,10.6251724650936,472.263457555352,54.2343187424668,5.03738542818902,40.6833022794347,17.7296675122628,10.3708285656747,440.37893233494,48.2819417636064,5.65272246118478
232,40.8764898794294,16.6750780125194,11.1044596315621,491.899777975898,58.6937136428485,4.60329342026906,40.638272650235,16.6657584303265,10.9433832135002,482.170278402992,57.0889983393059,4.76580930369544,41.1077813830589,16.803472790409,11.0262201955282,493.082489418915,58.6049047482158,4.56050963080045,41.1454786893376,17.0879532818326,10.5492762254691,468.693930070747,53.815498187717,5.0467902005167,40.581912878105,17.7482120521768,10.3251457309266,435.524307826109,47.6111951613478,5.76963315864246
233,40.8495507076188,16.6704223267166,11.1140756154817,491.331552169413,58.6395851394826,4.65621105649959,40.7394502273393,16.5991979919926,10.9231436447113,482.050742941451,57.025170757922,4.85096957235296,41.1737738539749,16.8175468203684,11.0567270567248,490.739958886599,58.2833511271291,4.61720905448947,41.1557158390545,16.9734591960308,10.6635170700783,471.244572661124,54.3522026837085,5.04476794531615,40.7126704263397,17.7475043706927,10.2850004265148,437.527576465524,47.9554835221209,5.80632913357966
234,40.8427042428588,16.6137849496175,11.1804303000554,494.305216282879,59.0976203938352,4.58119874590829,40.7291928236527,16.6371106207368,10.9672532843268,482.551514618708,57.0941444722093,4.84510873401213,41.2526527995486,16.7584591500922,11.1109011570088,496.965944665665,59.1881363715929,4.42849917357883,41.1843287688946,16.9780713582849,10.6538396304328,472.899795840943,54.5458713384925,5.00151310637951,40.6860630328068,17.7092777326935,10.3402545847726,439.57550646154,48.3931085716877,5.69056062954241
235,40.7751538981432,16.7335372948682,11.1346246509103,491.231991100547,58.8856230259781,4.67908404809151,40.5929584769691,16.6955221999747,10.9550872856725,480.863780870343,57.1236821429108,4.86374421512518,41.0789700257941,16.863050061459,11.0655631014267,492.502455832573,58.7532487560885,4.64151135184144,41.0795077858828,17.0158406803835,10.6584454121558,472.100922130855,54.6877606402459,5.05821304129696,40.6500190456197,17.7196149433752,10.3094020039338,438.346643821597,48.3199872415313,5.8056718933062
236,40.8657170569819,16.6627753592698,11.1090066476865,492.216121856285,58.8778111566957,4.73325437745013,40.6982130166159,16.6387571033578,10.9343296071388,481.09915932355,56.9364212245955,5.00369193596939,41.2439350360265,16.7970234880081,11.0432846797437,493.723415897583,58.7275019127765,4.72605344576072,41.1529242521696,17.0257866958449,10.606112388994,470.227073926871,54.1474656567773,5.19849747927486,40.6576495265885,17.7400724485346,10.3046984267755,437.764860509802,48.0580586489733,5.89186991577779
237,40.911298835893,16.6450356106443,11.0949669347439,495.372031465546,59.0708164110783,4.66045351941257,40.7714520207558,16.5262003316787,10.9534929425747,487.643540650321,57.8506772835152,4.76296342789381,41.2159785957316,16.8054696947864,11.054791666545,494.673874572875,58.7902249828418,4.60397182101457,41.2231933330283,17.0045916210248,10.6063107473679,473.613416449135,54.5124051325827,5.10545099276154,40.6953514810542,17.7438480792058,10.2986060933101,440.722071985566,48.2728800148919,5.86081149916048
238,40.8852880460542,16.6632392444744,11.1195506960107,494.732537956082,59.2222213274846,4.60824933537144,40.6895891494945,16.5991455547618,10.9290462071986,483.851035678181,57.391012998539,4.8280045385195,41.2451958938003,16.7522565200702,11.0909573391307,498.058734847571,59.5306249549914,4.49511295337104,41.1388263174836,17.0542083021088,10.6110406655512,470.648361161309,54.2829810062668,5.12746950644833,40.6992494379425,17.7398894346112,10.3239185363555,439.576241219819,48.4151478353405,5.82169603472763
239,40.8961774322503,16.6544481516624,11.1034306243324,494.08604090946,59.1709381852077,4.6780288215569,40.6955035386598,16.6441919682453,10.9505453999758,483.350123844862,57.354806103726,4.93972201230888,41.2783756097847,16.7790949677218,11.0747602666111,495.949886772363,59.1395521516195,4.65349105657276,41.1798171732702,17.0222302983048,10.586106706836,472.253794821182,54.4594394303469,5.18860202132867,40.7632248837477,17.7353343171859,10.2759894291006,439.353361265945,48.5239705148055,5.8437777535949
240,40.8861425427626,16.6358267928196,11.1565407455376,496.704113848631,59.422995052684,4.47145563325733,40.7952603589015,16.5679718303833,11.0232315366778,490.1127489664,58.3532494626433,4.53792175066279,41.1854305478652,16.7544813802546,11.1065517227526,497.860596400684,59.4043821231,4.42427652564477,41.2223784762248,16.9777393109441,10.6659590006962,476.776254579285,55.0939879583226,4.94251640912835,40.7946196656997,17.6862968205044,10.3611522196278,444.775439105353,49.0984607464968,5.65904092724527
241,40.8067704890285,16.7000224326007,11.1205523817348,490.79708078892,58.5455623348403,4.64959089801449,40.7489895573034,16.5835193237145,10.9584214452721,483.846205022083,57.3839877823649,4.7267342570344,41.1307274244075,16.8072947891506,11.0462123632297,491.58836507765,58.3641124929441,4.6279581719519,41.1412001495142,17.0850736882395,10.6234703977942,469.225370519248,53.9884269191783,5.124614742509,40.6376510182822,17.7616562889585,10.3822301805204,438.190113505789,48.057440940601,5.74543921017597
242,40.8660280607891,16.6995073407892,11.1056220314234,491.852185522018,58.6650458624519,4.42664198876522,40.7502233582726,16.6507536453039,10.9415538137696,483.081145034585,57.1528412557432,4.54584041144464,41.1850159750129,16.7994626711651,11.0551612362465,493.082255539661,58.5629464695073,4.42056694956428,41.1785025283235,17.018133790468,10.6521284009946,470.448773665321,54.0755796610385,4.87661491893182,40.665701516562,17.7795490144655,10.287797495504,435.417030476508,47.3712185200676,5.69719031926344
243,41.0102829123341,16.6476217737437,11.0917924357277,496.349573883864,59.2171141730749,4.5221845577865,40.7204577600422,16.5917373805999,10.9364091130191,486.085861943254,57.5039824718208,4.80062985442506,41.3128743620878,16.7264465637033,11.0627946710892,499.017808653847,59.3554779865034,4.5340836694671,41.2668392431811,16.9664354250712,10.6122261449269,474.69930548918,54.6108531176565,5.05352540359788,40.6410523923455,17.7606201971371,10.3470329835444,438.978185265329,48.0474321340678,5.8638579769794
244,40.8113261461956,16.6976503859747,11.0604445350464,490.806595143334,58.65489446021,4.67482114386104,40.7267879328715,16.666046884019,10.9149573981363,482.995020436431,57.2624862684153,4.82055962900933,41.1037043468989,16.8029765482771,11.0042175000124,489.847180072747,58.2261861866402,4.67488899426349,41.1413187664887,16.9962265200032,10.6136831094066,470.671187582808,54.3118098206225,5.08680272346395,40.6881082128853,17.7669203583409,10.3045599674443,439.418103169344,48.2806743175247,5.79873983482671
245,40.8183663342124,16.6151418164764,11.1266300555721,494.39805569199,59.1869979091474,4.55595357201461,40.7439594381712,16.5788517565559,10.9719453783952,486.938902606374,57.8700175566342,4.66016797932992,41.2735233840526,16.743962402168,11.1043163022164,499.091525508046,59.586521670052,4.42155476164047,41.1308541891575,17.0100727872263,10.6026952288816,471.758923734639,54.3748011584171,5.09109444934536,40.6524410860746,17.7487645889172,10.3308284737585,439.022538876977,48.2121928774908,5.71462478837598
246,40.8886895448094,16.6260415904817,11.1865899681932,496.271423158078,59.2313079728775,4.58607778382207,40.6771516478088,16.6221233473453,10.9724271009532,483.561584839375,57.1524483729106,4.85837726858294,41.2174417114242,16.7975408075556,11.0753960182479,494.809244302013,58.639462301772,4.65478559898929,41.096470924687,17.0039896124683,10.6552957075835,471.300122556135,54.1215398045254,5.16946906038535,40.7079024799945,17.7812709057432,10.2998450145845,438.412640159659,47.8293675882896,5.92451575675564
247,40.9236456604526,16.6423251586787,11.1634364588805,495.488913284661,59.0659748744134,4.45323121505459,40.6790138057206,16.581077931425,10.9473331583564,483.39275724754,57.1127331384654,4.70429814123109,41.1704559414588,16.7865608882361,11.0393825506709,494.209103583104,58.6923539973228,4.47896328591538,41.1727315652777,17.0151318872189,10.6241610306994,472.416267626198,54.314685323408,4.90737700618618,40.7207195321026,17.7552363807079,10.3843022992062,440.561591680593,48.2789489982651,5.61826642394051
248,40.9116799453177,16.6536190695723,11.0821627497361,492.00741099789,58.7841044094096,4.7077081222655,40.730227291656,16.5619609313663,10.891640650917,483.316591323887,57.3226483280798,4.81265045579201,41.2676064701915,16.7781524698732,11.0019234518264,493.015776334916,58.5956415535394,4.71176371115716,41.2032734117485,17.0191327105707,10.6229722117698,470.064834735105,54.0801643678052,5.16753415040536,40.648957376257,17.7626679552142,10.265873454599,436.400869118537,47.7900441688318,5.96226450734155
249,40.8934629185578,16.6237072790006,11.1646708007443,493.158696194347,58.7032484904619,4.62014454320853,40.6670066065134,16.5821262219601,11.0044516565663,484.086387571296,57.1732073613951,4.80726474172971,41.203181055523,16.7727273269497,11.0767017820261,493.348951156672,58.4805554823167,4.57698189416974,41.2071509239825,16.9647769590209,10.6425296382895,472.288259210324,54.3379891963067,5.0069781643371,40.741712212651,17.7272022396827,10.3735612058546,440.094560862044,48.2523734905181,5.72760685110872
250,40.9577889563396,16.6336794614293,11.1451783650525,495.379240833448,59.2045708756928,4.5402860543108,40.7251121349534,16.5931368484809,10.9682503860344,484.554260379849,57.4691390931324,4.73082615612697,41.1922727021705,16.7578648787754,11.0805085970268,494.416622926944,58.8342926319584,4.54674773164699,41.1757062843653,16.9953229211897,10.6460991885895,473.382327904961,54.6399653964574,5.00546504802653,40.7558194600478,17.6541588148582,10.3739591982399,441.794234875214,48.6189343403239,5.67159249501532
251,40.8752475846692,16.6187836442842,11.2026041498552,496.140595767776,59.4400520086439,4.41952282180224,40.6935119449773,16.6332182108208,11.0100659892403,484.038067155259,57.4213789283271,4.66518413346074,41.2161236121218,16.7715978329342,11.0692773218414,495.991841261236,59.0496417840575,4.3644022798781,41.2121628215932,17.0051986650983,10.6415819625448,473.438370464908,54.6001521313599,4.90337921151859,40.7129838430224,17.7304140235763,10.3530119448521,441.233734195626,48.5994342295072,5.61632143478135
252,40.8506432431777,16.6918942844104,11.0635619080326,491.857549596273,58.6833400486715,4.55399984648093,40.6198991166928,16.629899061148,10.9366073626094,482.390156721517,57.0242091606938,4.79791874379083,41.2140918804984,16.7514455496645,10.9922873206982,493.460386983451,58.6094802501507,4.52823000153596,41.1174432240189,17.0692679297712,10.5933041994308,470.696886962379,54.1389765053914,5.07748421288401,40.7006080382526,17.7243803132075,10.3221860466826,439.706064929172,48.3489010372099,5.68585089776287
253,40.835258005281,16.6630874828378,11.0366843335206,488.109881844244,58.1861176474896,4.8154671219911,40.757875947374,16.6110569746378,10.8940347646892,481.56394674654,57.0643614288772,4.89502823849575,41.2159758570152,16.7654054202432,10.9892193199107,491.708039083954,58.4794782025081,4.67524359770542,41.1572834926099,17.0815959759813,10.6151685586927,469.238402243087,54.0789504742775,5.15675169389371,40.5459139808726,17.7794340662035,10.2844825694289,435.048896362006,47.6554533704633,5.99179941133286
254,40.8006443182625,16.6792014528891,11.0906221957913,491.965366745118,58.6993152772213,4.57072546234786,40.627144816354,16.6723490952874,10.877665512635,479.155546159591,56.4567014270918,4.85095458320768,41.1074740894642,16.7831970842125,11.0348507345848,493.597398245919,58.7181391153869,4.46197764384758,41.0977275168459,17.1205323813307,10.5892163492501,467.32671082925,53.6335241071314,4.96438038826982,40.6527287447509,17.745586128815,10.3114448541067,438.689832442087,48.2285073153606,5.59333164528431
255,40.8003671606709,16.7218879518232,11.1044711635351,490.59655374929,58.5682438839582,4.48834136608334,40.7505777031015,16.6246324457988,10.9576311133142,485.158718528897,57.5699761240365,4.60023130806343,41.1397879235607,16.8663766507487,11.0367007284824,489.479497729695,57.9849381746467,4.5378882369936,41.1199302330237,17.0365591397346,10.6489112239146,471.598641088873,54.3418429589724,4.91982583666976,40.6342465912557,17.8040687569842,10.314983433819,436.272355406107,47.8015844867041,5.68526587933635
256,40.7646642596287,16.6454211612969,11.1012719917611,490.997192116995,58.5065842290504,4.68613905885591,40.6711442392343,16.5728910974634,10.9453435813379,482.678798756013,57.1124807896919,4.85930098923981,41.1206721885352,16.7249247502361,11.0607589194147,494.748787812367,58.7881963260431,4.55775479137009,41.144687135375,16.9962886540861,10.5626160047799,469.424411207578,53.845640726618,5.14645890049888,40.6897263719096,17.7117535926444,10.3373756577246,438.669414937164,47.8029521302621,5.89666104770723
257,40.8488477990217,16.6488585260646,11.1219155188622,493.803654396294,59.1117711235579,4.62489623002467,40.6782021771005,16.5626717889735,10.9298175048839,482.956279295195,57.2870008062953,4.82718062455701,41.1559224762567,16.7411785179747,11.0571144435411,494.254504768882,58.9940232470101,4.57710669024394,41.1423211680459,16.9933121974314,10.5788519377832,470.159189108753,54.0346093003324,5.18163310756156,40.742988260264,17.6728953199268,10.344415261697,441.896550881003,48.7896733814052,5.66442340297045
258,40.8356695586009,16.5828653238014,11.1063562883633,493.262803377888,59.1116812179884,4.62572839521446,40.6900767406191,16.5890474519599,10.9149371398856,482.782858525076,57.4039824573278,4.82305841384853,41.2060378678638,16.7509589168586,11.0252349137339,493.295581317508,58.8509212480955,4.56708806643932,41.1574744675603,16.9973175589012,10.5691371913224,471.30849434276,54.3730012045487,5.16937797619837,40.7493740945198,17.656507115677,10.4007372126048,440.867240820464,48.580605511804,5.79633462457315
259,40.9152411515383,16.6355454658636,11.1683224103361,495.145031466455,59.0371051288532,4.46919104286097,40.7431550453203,16.64472192709,10.9587604612346,483.245399062721,56.9902036209159,4.72392893195691,41.1963278087764,16.774048773995,11.0304404249669,495.228595908898,58.7714378963619,4.49646761204844,41.2228614828218,17.051480666113,10.6407779582254,472.323814640679,54.1704528366385,5.0155184629548,40.7526863920103,17.7731004122522,10.3308685013515,439.039294509647,48.037281930127,5.63353218980788
260,40.8736164990231,16.6417894635128,11.1474921253169,493.924247151965,58.9673105521798,4.83173398815851,40.6978000747632,16.6136560018926,10.9457497095055,482.380278119952,57.0292355856044,5.08679886306896,41.260852918399,16.7725654026503,11.0579377146131,494.980837858592,58.8159157597278,4.75376938571872,41.1632301931982,16.9897879186973,10.5820443788325,469.898253160852,54.0230098404867,5.35401078558846,40.6974029754565,17.6935152467368,10.3113833790378,439.746754543736,48.2355511160328,6.00400370631201
261,40.7927558283569,16.646091440171,11.0855226160617,492.529787845717,58.8014579616778,4.76023096101375,40.6561829127498,16.5968192270114,10.9216933260156,483.298378734706,57.2890558351552,4.91091426321192,41.1819204513986,16.7064634422317,11.0410400613939,496.861293980008,59.2741812180071,4.57629275586729,41.2026292994351,17.0014351389204,10.6086609784933,472.237821236283,54.4351384907735,5.1740077429183,40.6952324203919,17.7407159733977,10.3082215760213,437.799388667915,47.9886564305504,5.93687145197527
262,40.8567083028839,16.666179248101,11.1031630672608,490.894854015274,58.4662695169267,4.59441563667163,40.6853115079416,16.5909322980641,10.9762427195346,484.299315838179,57.3827217254893,4.71171413745919,41.2127878943026,16.7178611416613,11.0425508305476,496.243988211336,59.1019956376429,4.45584774528661,41.1881180571901,17.0013167030195,10.6189828841014,472.418245865035,54.3272909563694,5.08477052532658,40.7898919819759,17.7149817982081,10.3735374433609,441.239811645129,48.3490017241259,5.70840837186038
263,40.9785688444143,16.609599228647,11.1812265788989,496.526091935337,59.3788740721513,4.33081825097763,40.7436178696052,16.6132377492082,10.937699686078,482.608511826565,57.0468764322334,4.59129722871865,41.2740264596692,16.7879472514765,11.0632689440929,495.542486206274,58.9359158319696,4.38023784725181,41.1929059050687,17.0171439902329,10.5999994068597,472.250145103061,54.3850519529712,4.89111332565267,40.8114114558216,17.6900714551463,10.3185571605796,441.688274857735,48.6903049741996,5.452734298846
264,40.7132416646924,16.6856975182644,11.0434570776591,488.230139740115,58.1511748076703,4.73917197213565,40.6782765051765,16.5657349484008,10.9311154535491,484.188742249417,57.4239790966606,4.75098770218733,41.1777787604256,16.751414891089,11.0391126213369,496.802210715107,59.2806032344532,4.45234264931978,41.1558854905995,17.0375783212333,10.5867378235897,471.385450733748,54.2773243345889,5.06582091779953,40.659937050755,17.7564845169618,10.333579063155,438.72615632469,48.0498302933422,5.73232632666783
265,40.8885347098672,16.6038149072497,11.1446754415462,494.194924948679,59.014549140393,4.54836129966889,40.7036401795954,16.5970020573519,10.9688142919034,483.12628450555,57.1001344717543,4.78492298450202,41.204877813913,16.7930664453845,11.0736644607724,493.325076809214,58.5362948865628,4.55870038449078,41.2597133318943,17.0437045222813,10.6325586603626,472.491231219223,54.2159653138161,4.99664559413608,40.7553086545392,17.7752139767497,10.3637303786575,440.701928672547,48.3698658003999,5.70659800033151
266,40.8243623927349,16.6730287237451,11.1181205699474,491.384585448674,58.541634776726,4.59771514446932,40.6027028379206,16.632256781593,10.9077892031467,481.213359256535,56.8751817451127,4.80532497601541,41.1478270003031,16.8232499752351,11.031459107713,493.656778594462,58.5806656096132,4.59065549635202,41.1198126131944,17.0395152580917,10.5907886131413,469.367924471024,53.9754524967857,5.03741904110484,40.6158258253803,17.7646131637712,10.3317608794388,438.454163241023,48.1336639529012,5.70230897245268
267,40.8990661100096,16.6951426859642,11.1490692461506,491.979499902447,58.6510281365409,4.7085360119561,40.7591624404272,16.6118701050556,10.9479236376353,483.877288110584,57.3055397936964,4.80463022705263,41.2173775208467,16.8371016068358,11.0767416670356,493.385428721698,58.6377048860876,4.62263148772879,41.1613130572301,17.0630903732485,10.5944774166729,469.420331938097,53.8702256542457,5.1693690378204,40.6164635355895,17.7232418808865,10.3759985466638,438.135197234712,47.8538498646052,5.97030638076055
268,40.7602787663043,16.6806917194374,11.0868774491199,490.742438138982,58.6234243514687,4.62176030024626,40.7271108906704,16.6525413294656,10.9372500628253,484.663665256791,57.5344348912544,4.70757459293928,41.1821133132705,16.7770452488067,11.0503599173755,495.24481575967,59.0737149449972,4.47838094264963,41.101650662008,17.0240657440848,10.6344851212852,473.507751884032,54.7281841263482,5.01788209502569,40.6682199187063,17.7422924648061,10.2823222457258,438.539924502318,48.1201591411269,5.77050968479686
269,40.8773256089368,16.5941144219239,11.1748271320153,494.786345302668,59.0322551858361,4.70933218303505,40.7412946719882,16.5933382150243,10.971895712057,485.137261411285,57.4118873952523,4.85120844348191,41.1988630003407,16.7285609589436,11.1060564187685,495.856848516167,58.9051901252033,4.65252196479107,41.1503453974216,16.983537966599,10.613291418462,472.193977587962,54.1779012659425,5.20994058613367,40.6393083445929,17.6595994539222,10.3346392808827,439.072831517281,48.0686500299349,5.913516656543
270,40.8798990886385,16.6300002814217,11.1002380219375,494.923012680595,59.3374251982987,4.4851075084196,40.6550768590095,16.6228383585783,10.8945457918646,482.449148905019,57.2157630310638,4.7292918582158,41.1816763702767,16.7641300082598,10.99409965604,492.166218821376,58.591170866775,4.45047028551833,41.1895112757593,17.0473190300382,10.5937570943978,472.500908154592,54.5456319357637,4.89947486701461,40.7269571274441,17.7360506139721,10.3290018575318,439.461275805307,48.2737475598555,5.69087216503382
271,40.895308945959,16.631833417512,11.1469590703042,494.699648685722,59.2126823305295,4.64871035398308,40.6765139340405,16.5813792915785,10.9348804402472,482.803159641242,57.1975484098207,4.96261415595071,41.2418033079774,16.7512595038071,11.0549428886111,495.810153205331,59.0323708850677,4.7077703914245,41.2611857633813,17.0206976933748,10.6193590382855,471.636017736462,54.3491879933836,5.24547996325542,40.7635680079189,17.6933583800249,10.3701229842444,441.501597649383,48.6774152908595,5.8116720987308
272,40.8642455503717,16.7259895437596,11.0888302096155,491.958070616422,58.5744872870934,4.51865760229346,40.6578173912604,16.6581825394514,10.906287003353,481.618610383861,56.8412458803393,4.729529233077,41.0713042623164,16.8482854688333,11.0146088076773,491.996316135553,58.377498766636,4.52302255088677,41.1555669911026,17.0436625616984,10.5648602658894,470.630217705287,54.1155633821191,4.94724685713011,40.6262626480782,17.8030730042242,10.2518371920949,436.175927204398,47.6806244320692,5.64748703244457
273,40.8704478859731,16.6209017939253,11.1796959685295,496.172912031996,59.3138415721292,4.3388712004182,40.700330307157,16.5882776333276,10.9940825557621,485.779635255968,57.5768195535222,4.54987206360251,41.1570104029127,16.6952065496358,11.0868119227432,495.721155951129,58.8710283551303,4.38774621624071,41.0947044188926,17.0167153272082,10.6337616632629,470.579640195157,54.0577522764066,4.90624192652908,40.686001111553,17.7062855711285,10.3661958022242,438.932174654839,48.1733360823604,5.48609401324697
274,40.8970804132086,16.6974558787639,11.1119864055041,492.596143980006,58.7358500573151,4.67796522547571,40.6428027224507,16.6259140401661,10.8939397184233,481.569854328012,56.8892636364773,4.90897455324457,41.1117153733775,16.8312337823374,11.0526217085199,492.284822738173,58.4401071685515,4.65609923049419,41.2062289821118,17.0219338648182,10.6385354688077,472.702307398406,54.3548141041957,5.12340240451345,40.6890081655322,17.7649466697778,10.284057198908,435.756024463607,47.6098839726621,5.8800738947279
275,40.8742144340281,16.6868007595173,11.0561927937706,490.485997791212,58.4771407267012,4.56713159283954,40.6590775760792,16.6281930266122,10.9226528592857,483.437687140774,57.2617304171635,4.71010022709336,41.2216923087133,16.7615605498121,11.0165390673166,493.032564359517,58.6258368421502,4.49805625834889,41.1969637863733,16.9832647407159,10.590179070266,471.544503642633,54.4167153536056,4.95501454621715,40.7352630217322,17.7217206726032,10.3422145513091,438.681230044782,48.2145737866785,5.61738792833178
276,40.881155516187,16.6381481734771,11.1366575813725,494.206788662145,58.9962283622149,4.70865831797163,40.7264347107109,16.562371196696,10.9509280727232,485.723725624528,57.5831501179692,4.84324774364412,41.2657442801781,16.7801433839618,11.063011070588,494.394076870185,58.769920686068,4.65881496813664,41.1846235065461,16.9985169201585,10.6796644334842,473.41564299185,54.5147745329333,5.15518814422991,40.6801196528437,17.7661897206276,10.3333670640418,440.470428434565,48.4097345809682,5.79925671612918
277,40.9049200844329,16.6392683115829,11.1415738184301,493.320089888417,58.861601687148,4.57360037444556,40.6606905451391,16.6052714108141,10.9789214558173,482.756169625774,57.1483215706325,4.77324841883631,41.2030548286357,16.7705386391977,11.0653384654344,492.764987678687,58.4672667712278,4.59184319726984,41.1980766663292,17.0311331299735,10.6175822124851,473.332398275259,54.5113655076979,5.00703819981609,40.6749902617758,17.7193768623418,10.3459906127385,438.45270305738,47.9767360516226,5.77852137856854
278,40.9140014651938,16.63483163734,11.0959658731723,494.241686444028,58.9348970646025,4.54013330832435,40.7908511802643,16.5650073461436,10.9277273424597,485.205352663426,57.4528401802411,4.68516334652482,41.2097643887825,16.744084761722,11.0286330926318,494.693462445436,58.7705124692728,4.51639532580893,41.2212708909673,16.9535569103364,10.6294817987632,474.569056835703,54.7708172575754,4.93171990093441,40.6560639308127,17.7223154093667,10.2929011595406,437.538771033847,47.8806241341124,5.77199859850755
279,40.8459337009186,16.6093189023031,11.0358097683177,492.576090722526,58.6903610200616,4.67441639961511,40.6528499355723,16.6197902095545,10.8722817950649,482.393336690727,57.0307582664007,4.87081124052921,41.1921764536671,16.7305473530157,11.0178088278393,494.409595764099,58.6968967007164,4.61757439631487,41.1727648307535,16.9745719011539,10.5628242480924,471.020449953113,53.985052353416,5.19630469568344,40.6770272953903,17.7237080764361,10.2678827806506,439.137868427604,48.0213657443954,5.84255491281015
280,40.902489166446,16.6951965971748,11.0698234606489,492.978782339964,58.7693162598664,4.54074453954091,40.729891096422,16.6631023760888,10.8880083661384,481.301640832373,56.7854669527149,4.79458178862922,41.2368955583008,16.8318374458712,11.0198831915514,493.41761475483,58.5716305917247,4.48110699683061,41.0718346043881,17.0981480657224,10.5907004388439,469.250195415164,53.845965371662,5.03803200569487,40.6432786395246,17.7449279977637,10.3509362172785,436.812660356584,47.7062025219195,5.67099734336522
281,40.8918700436637,16.6516118422279,11.1037052210561,493.493424893012,59.0426211814702,4.77386150316236,40.7327312997442,16.6187266594804,10.9508163959378,483.754578990647,57.460647972829,4.97497737862525,41.2433715548802,16.7052891816879,11.1045633886133,497.452878521373,59.5456738622258,4.60403035640379,41.1349643490285,17.0067265693314,10.5885243087698,471.369585167338,54.4848771159679,5.20798775549182,40.7279206942813,17.7152789168196,10.326583370475,440.27793001455,48.60335842353,5.88691789470002
282,40.8669585311052,16.6865243398902,11.0654890645676,491.956492734397,58.7962577166904,4.59363781635198,40.7157461181543,16.6145096596381,10.9024121469455,484.111399779251,57.4937133356536,4.70477770441386,41.2193927861399,16.7654542312553,11.0504701768425,494.766500224033,58.9578137741121,4.49068336755081,41.1462181434065,16.9956972288388,10.5650397226132,470.608932715832,54.2423996109577,5.07482076956126,40.7140496119,17.7184885200318,10.274165771238,439.295661031637,48.1930618587496,5.77486024482238
283,40.8948707164415,16.6699285763187,11.1184786954539,494.504607196668,59.0237035951373,4.76059800707254,40.7266960445163,16.5521870308428,10.9465168467397,485.40551473917,57.5128125564954,4.94879190545657,41.1718512885164,16.8183047735294,11.0414536511411,493.77261858637,58.6541967067665,4.72117133175357,41.1017778344811,17.017293077354,10.6249972167233,471.603742324711,54.2127665541205,5.30964573188366,40.7550602484821,17.7761259008506,10.3548571307695,439.415173160227,48.0781433235699,6.0016827656845
284,40.9145040195969,16.6429317899767,11.1695347614976,494.79959093026,59.0523662406864,4.42117190010423,40.7234952767615,16.6117113127659,10.9665420566406,484.887325056807,57.4228612110259,4.60930684942923,41.2246490892659,16.7643133329745,11.1099213108156,496.058545448768,59.0238652381941,4.38870690777801,41.2335927216727,17.0459154828861,10.6426549267355,472.306648764475,54.4533336344399,4.81878509546768,40.6562374618776,17.7753897683569,10.3199012865821,437.149984045198,47.787578512279,5.61121597663912
285,40.8484609731685,16.6101577471541,11.119698626971,493.115788081356,58.8380425939157,4.6641899048482,40.6668705004883,16.5738451223147,10.9297370383592,482.90095089273,57.0769053673273,4.85472826482315,41.2484578072029,16.7276182526474,11.11317418222,496.889718458904,59.1480098856278,4.50271464356092,41.1372816624573,17.0611286201654,10.6202227768607,470.361865724696,54.0229366931799,5.14519437953147,40.6769841121303,17.7465578441484,10.3628271777245,437.819192044172,47.8300538449458,5.83888797126796
286,40.7796988931137,16.7078474479945,11.0986731588261,490.771502268725,58.5340337486297,4.57409911253798,40.7117741131879,16.6770541665516,10.8883072444811,481.200462101719,56.9110271047222,4.72925579278165,41.1864550158397,16.9294580054248,10.9753191272102,490.456797504902,58.0681009892544,4.59799154812203,41.1255809666521,17.0899880774438,10.5691808882703,468.282207417406,53.776299512631,5.07127572339577,40.6695866792006,17.7667601691495,10.3172758576364,433.905134884173,47.3592616814003,5.80687673888159
287,40.9125744994576,16.6078244253566,11.123857000916,495.403724174522,59.2033944296698,4.45176312201296,40.7928644884855,16.5722509073004,10.8988852375928,483.586269565075,57.2124331979429,4.66176572326283,41.2486096862564,16.748216775359,11.0597935667682,496.198893579654,59.0796102644835,4.39053712811023,41.212760177988,17.039243892537,10.6111251920237,471.369654377583,54.1712841943509,4.96331326263576,40.6473299190111,17.6756584135125,10.3549186299686,438.593175335128,47.8927736576354,5.70650855667311
288,40.8316791978513,16.6387756079051,11.1360605310439,493.87872437116,59.0284865437029,4.65649018332149,40.6631422254127,16.6240919310593,10.9686277935827,481.50168133463,56.916989205974,4.97767430830454,41.2366411691145,16.7834618118085,11.0491988268202,494.593608000809,58.8175416853079,4.63877340485686,41.2210716018682,17.0287982633306,10.6385156860011,472.760206150949,54.3278741737026,5.19416757570704,40.7119906935624,17.696019723024,10.3270492071146,438.857459602526,48.0552929006706,5.94704571338984
289,40.9119439959792,16.61653326943,11.1546347104876,496.90557966629,59.5730767753576,4.3502996066165,40.675676822634,16.5875787318,10.9785086737319,484.532598094372,57.4308058250826,4.6437042381958,41.2210915213524,16.7640212979877,11.0896234229154,494.738020231485,58.9264291063118,4.35662369965245,41.1770896909384,17.0308817482329,10.6189455279323,471.693346094721,54.243565787291,4.87714775085192,40.6826767885351,17.791638679453,10.3358413324143,438.906707975041,48.0872887858237,5.56109180431465
290,40.8956839161266,16.6014779066497,11.1112771082714,495.183872150005,59.398063594082,4.59077990798525,40.7718149892381,16.6217655821871,10.9128810266663,483.058049615069,57.3436035320429,4.85786393956685,41.1725619360389,16.7355911106329,11.0777249009737,494.121360300766,58.9802566263266,4.59529996282401,41.1534404000031,16.9737375181518,10.6367396930797,473.210579984729,54.7630977913264,5.04450405311267,40.7385575956239,17.6998722975901,10.3858868799293,440.057742892658,48.6145636576816,5.74521181564963
291,40.9302464236912,16.6375749759246,11.11012600219,492.504198620652,58.9238417149367,4.72100998177052,40.679490928951,16.6147450991054,10.9404673855613,483.58197169047,57.3816733101649,4.9245516797671,41.2628993012933,16.7250024973886,11.0920853633592,496.257335534507,59.300387934453,4.62099782242222,41.1884495022737,16.9461815530758,10.661780972749,474.334302893633,54.9322107158273,5.05708934395404,40.7425165593309,17.7074019222964,10.2969856303062,440.273539878127,48.496814160095,5.91332908686051
292,40.806847371717,16.704908054926,11.1116595093131,491.914097394183,58.5120341564632,4.57784012892473,40.7166988606119,16.5866730654458,10.9547143510027,484.650164307534,57.2427473982687,4.71290088928811,41.1440530754503,16.794733231713,11.006315192991,493.024538558057,58.4168617323865,4.56311494655101,41.1367297424344,17.0283814563172,10.671024062328,471.589204906855,54.1389919034974,5.03817093685806,40.7864266677717,17.735258609236,10.3667120696437,439.812469443744,48.1274027038224,5.71667046028657
293,40.842561007276,16.6370576739918,11.0971356954121,493.169784913402,59.0638852150318,4.62751664917267,40.6912669644282,16.6317156284253,10.9149105024519,482.780584105455,57.2398803691671,4.89125844493703,41.0983933525633,16.818211114297,11.0362907352341,492.679870036301,58.6612734641403,4.65520830361789,41.1747102485105,16.996915499163,10.6118796414615,472.368444567948,54.5887710571666,5.06090231207219,40.7059783957683,17.7068994382964,10.2908813536801,440.507533658455,48.5917248487573,5.77545601152459
294,40.9062219889058,16.6615412895434,11.1276833924129,495.008961368547,59.2590171844342,4.40530931998537,40.7385033460811,16.609679368232,10.9526221455937,484.772196196509,57.5101313826906,4.63687482476266,41.1904339868821,16.8057250992204,11.0615822949934,495.399377935218,59.0624583210694,4.36264309272558,41.1569831344596,17.026077797106,10.587607054045,472.240781830163,54.4355995942613,4.9088142426912,40.6615207875211,17.7706421841099,10.361825771631,439.396343008904,48.3016710881101,5.56072002953619
295,40.8735066352984,16.6139885528589,11.1133259282752,492.739256308812,58.6974359194905,4.73681733448283,40.7637061756939,16.5385396751571,10.9362025885606,485.835524996703,57.5414369034404,4.82820441567031,41.2429513827092,16.705856226221,11.095002621653,496.952951304217,59.1582835920867,4.60276963466027,41.1900782882277,17.0049534166332,10.6155470664128,471.934750842188,54.36317730553,5.18907982674351,40.6821235086353,17.6830607765058,10.3468128125699,441.166301539349,48.4200315738841,5.90257532496364
296,40.9338114977106,16.5826243973148,11.1704254430646,496.954560174036,59.3219329197655,4.44180216653632,40.803269913011,16.5332836395334,10.967544823186,486.360532832805,57.5017402837642,4.64929299772817,41.2134847856751,16.7418068932896,11.0969751885863,496.296766347651,58.9112105156921,4.43351226413711,41.218226589077,16.9784631991626,10.6163263518031,474.075785731877,54.4156168788794,4.95315901096401,40.6784206614413,17.7428534782564,10.3053003150931,440.128483203316,48.0616742438586,5.69406735977595
297,40.8246740834402,16.6895645726544,11.0890870506187,492.202829553762,58.7634113013364,4.655128484981,40.75030197694,16.6411706957305,10.9487695047859,483.759935542098,57.2677099518929,4.82198209936308,41.2576563956543,16.7987836546187,11.0370721922363,495.522805753928,58.9938872804329,4.55353300377276,41.2604232430084,17.0417120629625,10.6169821159426,472.833214171705,54.4976156859065,5.02825220978117,40.7535372348479,17.7434723105777,10.2918969911664,438.744984746991,48.1664972439335,5.74841934163142
298,40.8975222985633,16.6202223569828,11.1364662860878,494.155495078877,59.2097040212489,4.58406902925494,40.7075340921885,16.583566403488,10.9830949704114,484.119428965464,57.5040020292003,4.83034941059793,41.2022811771279,16.8023636046233,11.042740584697,492.38126096194,58.539415378885,4.68971532618354,41.1798725019914,17.0779805649647,10.6104834270163,470.995297031723,54.2778965526381,5.16847012073557,40.7233016913996,17.758564837146,10.3104985405445,438.874757634672,48.1516221821287,5.86897744863317
299,40.9005072659083,16.6288940421337,11.1315804665744,494.814669114095,59.250702604975,4.49718458290143,40.7081581523228,16.6001969169725,10.9581641874435,484.425162606177,57.535352293509,4.69969250213452,41.2872764939377,16.7455439319931,11.0492314724423,497.422134640812,59.2833818860419,4.4074960647162,41.2108770422475,16.9709356335924,10.6451299861815,474.879785460225,54.9391657357281,4.91331895239449,40.7444169220682,17.7005458038502,10.2993312043945,439.833382093137,48.5027748831765,5.63890184894854
300,40.8597283004234,16.614019185972,11.1529528974298,498.004242881383,59.6624040847674,4.21657397967564,40.6625867369378,16.6075269974649,10.952974074184,484.599915555817,57.394909547538,4.52500393653987,41.1207696232945,16.7720834811229,11.0820995533695,496.799527883771,59.2544037424084,4.2035548744237,41.1873942217292,17.006735714538,10.613982433648,474.912515943303,54.8135048492556,4.69931150469404,40.7139172568947,17.7237681690965,10.3566979801141,440.244444103728,48.2804669826743,5.44380358625726
301,40.8873128909034,16.6483086026492,11.1028370021099,495.149360414616,59.3131113592886,4.43588111467256,40.6699181093117,16.6204438847342,10.934425525273,482.64942049004,57.1724544462956,4.7023795334781,41.1298650570448,16.7670146177478,11.0131041841869,493.392368419214,58.7126149147502,4.48739964509571,41.2037718543557,17.0400374934694,10.6100881882714,472.50596226195,54.5019165943983,4.91889028205502,40.751462433866,17.7135173771881,10.2949596046939,440.555271744378,48.5237508666159,5.55309863021456
302,40.9072534358663,16.6909540262287,11.1471135270395,495.52110919041,59.2118339524762,4.55131185557561,40.714960580154,16.5935912046237,10.9217848301351,483.96646919511,57.3042079094428,4.7728361239555,41.2008246258497,16.7731432795052,11.115492151923,495.459303672081,59.0017794934356,4.49402909460137,41.2316528650224,17.0067430830517,10.6867267029859,474.455558685481,54.7649847302146,4.92851047627955,40.6986901751357,17.6661221910444,10.3437753271218,440.170831959681,48.2769866564948,5.72040234265616
303,40.8414287043739,16.6091004729197,11.1360304662752,494.256524683456,59.0166383653063,4.636961875446,40.7143407051968,16.5573630129522,10.9836218548509,487.120106394329,57.8429942107483,4.710192299664,41.2228691554051,16.7515305496619,11.0786187128875,495.297269612887,58.934412986668,4.53194520221218,41.138865573914,17.0400572637205,10.622935441301,471.140021689164,54.1276531021946,5.12642711406931,40.7433177666626,17.682379618708,10.3897950978419,439.577460809773,48.1909659848525,5.7880332024201
304,40.873908896304,16.609291283305,11.1522503091598,497.234746520799,59.5063621921381,4.48071853386078,40.683218522103,16.5779151976818,10.9680261521592,484.962127446557,57.4549568251623,4.73319273581677,41.2158292879694,16.7836515569314,11.0127856858515,493.975702946671,58.6847247853108,4.49191782434142,41.1556890013154,16.9547786652623,10.593503458392,473.038941764633,54.6313005068233,4.97473558522981,40.7050932350764,17.6800746942429,10.3329899775947,439.986035857444,48.5832044287339,5.62340600173966
305,40.8334350476908,16.6587758980434,11.1339835733794,491.627165662137,58.6875193161934,4.61621321018368,40.6408236297792,16.6572495477512,10.9381461231441,479.047191454858,56.5188672311675,4.91296724879491,41.1738729965752,16.8295196070558,11.0549659831654,491.352449005106,58.2805409664523,4.67722815016478,41.0751916398727,17.1252916631497,10.5856822032141,464.608719363767,53.0909245095117,5.22389077120558,40.6389166817701,17.778594449354,10.3739790776566,438.911929908741,48.2371200000927,5.7869912845894
306,40.853670942793,16.6306616891726,11.1072021942508,492.048089077665,58.6788398323586,4.62471546215414,40.7560532718522,16.5624673868591,10.9356969932335,484.781747204545,57.4618223711743,4.71607367663332,41.2691331762212,16.7883926631027,11.0334416808083,493.833654243788,58.621893988035,4.51129910153345,41.1537325803463,16.9971276528838,10.5939714680435,471.034843919731,54.1689701109363,5.02063438067164,40.761704545728,17.6649654895292,10.3636742749373,441.785218879038,48.587127663238,5.64611242200257
307,40.8432579620232,16.7024813383558,11.0662470245932,490.222254649727,58.668758914725,4.71643860003256,40.6678825840523,16.6666502250412,10.9145948131954,478.508802660687,56.6552092598803,5.0107758861939,41.1740141911438,16.7544050336499,11.0238726590323,493.904990063834,58.8912436116708,4.66487646357104,41.1350173702768,17.0745078337726,10.6032050370517,469.373712422018,54.071023320199,5.28664771019394,40.5799948624785,17.8183161733575,10.319095830472,436.971821237268,47.9593788397855,6.0128263193029
308,40.8999160679066,16.6176053652681,11.1516622117788,495.872230988095,59.2952174772719,4.63333758319437,40.7313235298188,16.6423361108572,10.9877956813829,485.826325142626,57.578261047369,4.85482584977908,41.258858551656,16.807472035326,11.0384500404103,493.914831621467,58.58922683177,4.67540803848802,41.2115256893604,16.9104774130897,10.6382130704138,474.485381445541,54.625213212967,5.16128313050301,40.7010963460143,17.7267199919201,10.3748582327517,440.880344044595,48.4398207056941,5.84639449193087
309,40.9011134346259,16.6114420843644,11.1320454504234,493.288993864188,59.0063347739562,4.64976033868484,40.7389915984858,16.5981914721933,10.9542345418022,482.84274758441,57.2162206329725,4.84642165727616,41.222269628143,16.7744670500203,11.0769950531828,493.426056320512,58.7573568612919,4.58956114737084,41.124875789845,17.0193185588924,10.627906014156,469.316875936175,53.9940490118066,5.12964355688309,40.7208956804761,17.7700220289657,10.3629331201447,438.8329086739,48.1367679435527,5.78357211585473
310,40.8899691653541,16.6487532277008,11.1271812548147,494.064137144542,59.2886318825565,4.43379287268587,40.7579813238675,16.6005459877639,10.9353898412218,484.439102397963,57.6055864574503,4.6240003593852,41.1531370927429,16.8167136404475,11.0587327355159,493.143324778565,58.8493254460422,4.4022142939844,41.275893872084,17.0782068101264,10.619456517258,472.337217899394,54.5149143938706,4.93204001192462,40.798214357122,17.7157093244796,10.378906262912,440.242644490364,48.5052673131485,5.61548640832339
311,40.904432615848,16.6964688699574,11.1265738417898,494.332405153617,58.8389985063202,4.5421938866248,40.6635807749817,16.5917292410155,10.9295089436067,484.560360609674,57.2840751358171,4.73197000193455,41.2289043056121,16.8203803854789,11.0815838423747,496.320410764621,58.9402166043139,4.50161788359282,41.04530419965,16.9864456351607,10.5912951608031,471.094380060399,54.0531736396338,5.07199273735596,40.6972155436939,17.6763741216731,10.3088290072412,440.008977905236,48.1729633653989,5.72329207076736
312,40.846115725568,16.5444733204923,11.1295330908346,495.954182074663,59.4844774391535,4.56299207679232,40.7166918509137,16.5586018324971,10.9596117998649,485.961111519107,57.7809907262101,4.75416840184052,41.2122468587395,16.7147607661277,11.0431783342281,493.467300774501,58.7345299157276,4.65932231753832,41.1953336849474,16.9751840652539,10.5869404383923,471.997684210705,54.3990188555562,5.12969493493138,40.6130551280966,17.6845968673977,10.3210259737841,439.970792084047,48.4039040047848,5.83564607273911
313,40.9086555284427,16.6281743963995,11.1276424160018,494.301167864332,59.0392806337104,4.55264018648704,40.7851372858437,16.5650261250672,10.9647919851812,486.219329887512,57.6969426825647,4.75368997070705,41.288698659715,16.7155667944579,11.1164062656308,498.85757659363,59.3938766651435,4.52295089069353,41.2374312531153,16.9373511301891,10.6441392662544,474.448645949826,54.7990212663817,4.99691152372433,40.7527701467876,17.6418626677962,10.3377218931199,441.733317641253,48.5097795846876,5.74438877254105
314,40.8470320736433,16.6622546762508,11.1438690504078,493.789931214419,59.0879613605865,4.6595757576887,40.7718753875121,16.6059078023216,10.935690410969,484.712666277865,57.4752994829113,4.83887375798876,41.1490047717862,16.7109945864131,11.054081973409,496.805531042399,59.3147868391108,4.56223001822207,41.2817668853446,16.94670876946,10.6568893982275,474.155122775867,54.7496623879253,5.0598397774898,40.635092689876,17.726563867261,10.3335816923541,439.149244820408,48.2877744973176,5.83994282949029
315,40.9073581211161,16.616714163328,11.1072972789309,495.981783105989,59.4820319121942,4.67707042175491,40.7819214896328,16.6114744484781,10.9261521132831,485.450587037877,57.6060913131614,4.88186376497797,41.3431024411273,16.7169274367191,11.0850216069693,499.420151217362,59.7511598574615,4.53776404624371,41.2148570966535,17.0106842711333,10.5543571569051,472.111917646695,54.3125713760013,5.27642324452194,40.7019365825759,17.6748819426352,10.3579163187451,439.943735154953,48.1703230832907,5.9985233768173
316,40.9088513278826,16.6563771803621,11.0940537559414,493.398722198415,59.0739341578218,4.81397828824618,40.6993149973768,16.6512516599685,10.9288785586239,483.495011500115,57.4135685178525,4.98849153336259,41.2061814975298,16.8033144175374,11.0120515774067,492.840046366639,58.8010282685191,4.74852643404217,41.1791803878223,16.9837522002952,10.6358973950489,475.62076568956,55.0755680412442,5.18941871924094,40.6509433438645,17.772181836932,10.3224808730808,436.754325985038,47.8573218565133,6.04652538992061
317,40.8269946648475,16.6426656341971,11.0687844883419,490.82268881353,58.7335365615432,4.4814830026987,40.6419272283684,16.5867657931854,10.9308945957159,481.403459503968,57.1582476307618,4.66898996432245,41.1536075968166,16.7626692093425,11.0316944668896,491.58734095867,58.5497242749643,4.47357640817664,41.1356005094351,17.0262627736836,10.547472010949,469.240059193012,54.0694614392077,4.95867265871796,40.6597058961015,17.7283938526548,10.3588667669774,438.551319393287,48.2012215404239,5.58612065592388
318,40.8977175623741,16.5848307748535,11.1696307387944,495.986259044037,59.3435358484947,4.46351366797593,40.7770167843423,16.529082935158,10.9978225331791,487.064139335622,57.8159129734411,4.61884323490148,41.2667013105424,16.7206645276463,11.0706628882831,496.559472351238,59.1439621092861,4.4630857158558,41.2090573533092,16.9363565789681,10.6480812018181,475.06875761191,54.8716436623679,4.89607780746794,40.7824827485827,17.7217899344936,10.3585402975677,439.697130571083,48.2296938125266,5.71869726353259
319,40.830077244516,16.6823727317298,11.1006220314398,490.169271084591,58.4173399961653,4.73696122902232,40.6512019713398,16.6342320644273,10.9254617110109,481.740805126865,56.9421624485698,4.86943940212748,41.1645308627649,16.817508380635,11.0778460073637,492.804860210737,58.5697178855515,4.62454366995714,41.1385929876934,17.0792692392404,10.5576430168526,469.33008645146,53.843481402719,5.20979928666805,40.636742438151,17.7562621700644,10.3275435069193,437.365500680454,47.9406909974325,5.91534704922644
320,40.9096823376584,16.5709460621736,11.1874279878267,496.345401380514,59.4845008087042,4.6757420820923,40.6541204672767,16.5628630815405,10.9610924319229,483.812604951145,57.4705602942243,4.94449891991314,41.1891697834403,16.7721108877807,11.0593926908075,494.061244116964,58.8371579983104,4.69716002824692,41.1759868865504,17.0163269949256,10.6475745851484,471.459099918383,54.2216268842776,5.2858167313746,40.6888329561572,17.6653289625798,10.3341331772175,442.018558898193,48.854996574468,5.83372905731102
321,40.8806285993127,16.6218128423241,11.0183267063105,491.936115271329,58.6626925029764,4.43860263589177,40.6605582165201,16.5536010083703,10.9284376820171,483.060580677727,57.1582347406515,4.63976452387688,41.1051068974247,16.7343333785554,10.9902716611426,492.09203421669,58.4786724527097,4.40226609577989,41.1195381769785,17.0559369847962,10.5807441625843,470.057055990647,54.052785469137,4.93534703865549,40.722737716381,17.7054171979659,10.3326383493604,440.093608677858,48.4503101042116,5.46474595752242
322,40.9110228444679,16.6536203080325,11.0918401311264,493.108389037217,58.8816827964387,4.62258784132017,40.7630315825397,16.591182092836,10.9138388803484,482.81005731816,57.1186021181054,4.84168097150739,41.1949729823664,16.751572267245,11.0678070224561,495.198205963831,58.979979870466,4.57783475724842,41.2129060320614,17.0877757367441,10.5800746255638,469.597101704458,54.0032732766414,5.17854509422475,40.5895336720667,17.7755968796035,10.3216158717779,437.591089470432,47.7775174416025,5.98487082595778
323,40.8227119175567,16.5772130723811,11.1528304874228,495.985215907884,59.632597644936,4.53997493745869,40.7260496188077,16.6129309885101,10.9539304074815,485.450773715371,57.7859380092197,4.75619951630904,41.1802470869634,16.7800608952409,11.0359980868163,494.319743981272,59.0070624241289,4.55221724842505,41.1209518002761,17.0234168761966,10.6200120264186,471.398909536101,54.3579165248468,5.11974873437013,40.6977556670464,17.6867998349219,10.3674941492813,440.703459323464,48.6307957520163,5.73408319040586
324,40.8858649775776,16.6095080192649,11.1010010850186,494.251128693014,58.9405960262856,4.72689354475205,40.7393581329798,16.5109873974006,10.9518013507816,487.206908229476,57.7386051938841,4.82495893709525,41.257648700298,16.7464609909918,11.0725872335183,497.225115991894,59.1167678333423,4.61602832518095,41.2467429701115,17.0117549122067,10.5856509184625,474.501996994742,54.5417725028955,5.1050942213491,40.7301418680583,17.6816238987125,10.3656258479008,442.05898122735,48.4754453816502,5.80461143139095
325,40.8884297268383,16.6442411592076,11.1710983355083,495.210021484705,59.1254918283996,4.70815585603827,40.7505538911882,16.5301502669802,10.9737790989527,487.181148825902,57.7292019544518,4.78483439795785,41.2842383763479,16.787926673851,11.0564368045711,496.331829488208,58.954572694996,4.64260327618601,41.2116997187124,16.983960236113,10.6203816349062,473.678059532483,54.6330312261829,5.03040853154159,40.7292642985995,17.737304845658,10.365819319259,440.169446073019,48.21607584302,5.90635854566045
326,40.8383983978517,16.6480842875968,11.0887725193345,491.58946754113,58.5567170326647,4.80948095373684,40.5557015848262,16.6249060537088,10.9025400552859,480.709529479043,56.7151550646161,5.02994808126663,41.2533048956687,16.7725202970404,11.0825087747932,494.592114132677,58.7272832485745,4.69514686118154,41.2118283531456,16.9956243327873,10.5792560169842,471.748873806426,54.1894858932286,5.25182818995278,40.7128119595042,17.7722635770623,10.3379602896064,436.826390041869,47.5942261583836,5.98235745516604
327,40.8543798811183,16.6467285731282,11.1618688773544,493.41559167668,58.8028837239386,4.42817505100172,40.6638275880608,16.5611770532186,11.0059478929469,484.232524942982,57.3116572366692,4.61750952263847,41.2053360116093,16.7328844930474,11.1364098222031,496.919104426634,59.1447886648825,4.27885434972054,41.1724315232947,17.0443921023882,10.624326493054,471.928868402346,54.3191407119135,4.87131230892006,40.7331205381645,17.7431328957437,10.3391521651507,438.607774932221,47.9955952429892,5.55111362254697
328,40.8280823852624,16.5893423836637,11.1706716100921,496.144472316104,59.3492590059206,4.5343962930026,40.653225428756,16.5758259993754,10.9632381206856,484.344969688332,57.3663785604499,4.7742706643748,41.2367471932357,16.768329393627,11.0881253498762,497.957538772337,59.3377401394588,4.46825769559357,41.2392225373583,17.0308002541545,10.6835511828083,475.710257632758,54.9259126972488,4.956593287067,40.7031523919866,17.6816174491636,10.3031201195344,438.163896467615,48.0289861860939,5.81816038304634
329,40.974299739735,16.5830029473258,11.197868867706,498.164499469047,59.5542851584247,4.3552406982122,40.7671225324273,16.5784198246658,10.96876535875,486.222741185108,57.605122609088,4.51329644881967,41.2938851660086,16.77084333029,11.0992299163765,497.37515828666,59.1743035107177,4.29236721072937,41.2027768341128,16.9412930939084,10.6699798383563,476.515065565964,55.0601681565865,4.75471174815716,40.8062985858647,17.6510517537664,10.3645420854642,443.202244565966,48.9107841781666,5.43019301691554
330,40.8449275138163,16.6152787412026,11.1605613388326,495.293718972166,59.4003096042108,4.35320811663822,40.7708160772304,16.5485453302373,10.9649983480072,485.8587570052,57.8193994366841,4.48525203358743,41.2307707556312,16.7766382127432,11.0999659266898,496.593024048338,59.3182306235171,4.28248538250867,41.1046571146597,16.9410670232987,10.6114509326392,471.822203096027,54.6208191948688,4.76665179180253,40.6800810300383,17.6876170637836,10.3046973990831,440.568244054638,48.4781895979176,5.46202083313112
331,40.8065995705531,16.7073593704809,11.0984219031622,490.178530165931,58.5674957892976,4.72132379386802,40.6124338576643,16.6893511312802,10.9222856719431,479.12377804965,56.6325011214916,4.91677824589583,41.1044451610281,16.8518440466786,11.0479632956109,489.883450215028,58.1989413060722,4.71788061978639,41.0814714860031,17.0466486942478,10.5962828999361,467.532690877745,53.7128067373776,5.21102758850723,40.6456704163075,17.7092059433669,10.3411200851365,437.319444257547,47.9220851581229,5.82421298363159
332,40.8783046766986,16.7358485056077,11.1159712198224,490.788543823159,58.5581354467393,4.80809899047176,40.6710543388173,16.6637818870934,10.9681423652835,482.686443421266,57.1404883097094,4.93265764497453,41.0581189572997,16.8225729490494,10.9953625727493,488.228463495826,57.8350824716517,4.87235614716762,41.2078409360801,17.0269624253076,10.6649966485631,471.967046093779,54.3539680356344,5.2206091911803,40.7545794287199,17.7048973662754,10.3426883579081,439.614306266095,48.1962745061574,5.99271530031147
333,40.787303659522,16.6548097507793,11.0850213741915,492.627608036004,58.7833288788048,4.84736088582237,40.6920495203949,16.5959398873846,10.9362052359541,484.601110513601,57.4082512521133,5.01421288463205,41.1761927347459,16.8143947266934,11.0668854140283,496.339415155863,59.1742060111775,4.68770971219655,41.1377170128453,17.0121619648365,10.5921706353067,472.101085527616,54.3163270895565,5.29042239077712,40.6984408493618,17.7392834740066,10.3229281457759,440.695602924251,48.6022458506518,5.9502150524496
334,40.8602273969994,16.607021100009,11.1608895113908,494.83604827584,59.1698794279608,4.51442122210955,40.7341261123708,16.5960403267783,10.9779240117309,485.454476934921,57.5937464968031,4.66529776266635,41.2163965193327,16.7296466902515,11.0859287600192,497.064141443124,59.0916155748074,4.49020272962622,41.1093575499233,17.0143312064031,10.6297925708588,472.188189852225,54.2994454011644,5.07876418567762,40.6744532176654,17.7202619713091,10.3393831890614,439.528165552779,48.1285342773072,5.76382756991045
335,40.7872821326495,16.7087071350503,11.064342747606,489.060905696655,58.4162758468708,4.62390924855208,40.7110952528112,16.5572507757146,10.9625900247402,484.98891293573,57.6878694954671,4.67360844883109,41.1857884121132,16.787522083968,11.0619777308775,492.579738096401,58.7549506674578,4.52507592353818,41.1543981037746,17.0440432154745,10.6407089449346,469.227531776777,54.0672144781555,5.07868451622501,40.6628815433985,17.7260498008409,10.3363360243064,438.743711143755,48.2644450858064,5.67119503826407
336,40.8712338297175,16.7018699725805,11.1374861391115,492.842433283103,59.0288615497593,4.40962119414069,40.6830781686153,16.6515697672308,10.9740949027266,482.155233908533,57.2537516222605,4.59539442371485,41.2054406071375,16.7862757689445,11.0814606356778,496.761796357502,59.3679278515252,4.32967448530008,41.1881106493089,17.0300524876842,10.5733635804643,471.58822261819,54.542143307665,4.75825002437189,40.6841944837462,17.738530338269,10.342798050367,439.329850306931,48.2360559384154,5.55122466524756
337,40.9303098512644,16.6232486619849,11.1020578250324,494.931559845766,59.362091813251,4.48398415178149,40.7187458473332,16.5701430686927,10.9036312506477,484.838264936307,57.7262847862394,4.70278009523831,41.2116429774124,16.7465226307513,11.0229434679832,495.889186915238,59.2583257604458,4.45358927146921,41.1634571600759,17.0912631221965,10.6008429890532,471.318952040746,54.4694174458484,4.96453571287235,40.694926874791,17.8281876368157,10.2687262595736,437.612156130716,48.1602223543708,5.79055613960801
338,40.9374673564544,16.6457846091376,11.1371272685786,495.684385261418,59.5156313830234,4.45422052445604,40.710337504372,16.6245110412739,10.9346475635547,482.902635372389,57.3674184705406,4.73864591389617,41.3033859181411,16.7572040053651,11.0404846267652,496.861767920676,59.2569465042508,4.45733133567101,41.2431549818278,17.0438835323265,10.6065238667955,472.199826867037,54.5256078978983,5.02399074873955,40.727029932709,17.7294894604612,10.3432888538891,439.389961890194,48.3701440780567,5.64897233771606
339,40.861872436068,16.6731336563214,11.0678849299305,491.876916328023,58.7181480617911,4.56397028385416,40.6997769015094,16.6680045791558,10.8744708546511,482.075967129397,57.0494809339381,4.74879115767483,41.1268374293354,16.7942144958283,11.0098063800785,492.596744115441,58.5155760282194,4.52612833910296,41.0964007500266,17.0990177649766,10.5587979062692,468.286301305093,53.7603596596958,5.09672169589692,40.6996936297853,17.7991835296021,10.3015904043731,438.927617625797,47.9808935428141,5.71078676846009
340,40.8633454049926,16.642514433581,11.0906627812437,492.628502728642,58.6167599112759,4.73138087796329,40.6525482035784,16.575331456803,10.954325047016,485.209636519541,57.3751652117846,4.93049466159499,41.1897114732123,16.7481664227473,11.038701134463,495.856479495777,58.9366275280838,4.59798283029945,41.1684937123438,17.0200156946907,10.5628112347703,470.613331037057,54.108281701931,5.17396532624689,40.6694972870391,17.7034273549982,10.3232170416551,439.400352120528,48.1936338723095,5.9303292780915
341,40.8874650443588,16.6699458815524,11.105000361244,493.568852463843,58.9778538500285,4.42993973456488,40.7153389956078,16.631419817213,10.920252282778,483.205659284751,57.2178712363094,4.66552797890654,41.2118104799677,16.7876324218269,11.0370153919152,494.571183480029,58.8221660764068,4.35108274165681,41.1790752639588,17.0010647788482,10.5861121971103,470.748984184279,54.1409778561337,4.93281209860412,40.6540984940253,17.704210563039,10.3258557365946,440.063834203352,48.3236052760814,5.58624458922759
342,40.8597226134157,16.5770177895605,11.1218971634068,493.673360002851,59.1370780186762,4.5676521922753,40.6820068468043,16.5898616831003,10.9186588655539,480.970411350303,56.9643221414722,4.84554702042952,41.1341808037249,16.7979068626521,11.0088135328314,491.056274048225,58.4479354787899,4.61929001857786,41.1494699247401,17.0263261007407,10.612234509494,470.573426620474,54.3214636204924,4.99192464729419,40.6984641940475,17.7899146203212,10.355094339873,438.094186285209,47.9998023455022,5.71124859327311
343,40.8420541604642,16.6399319587958,11.0887984978728,493.253089521487,59.1141166871531,4.50363391113085,40.7121207140545,16.5793744284673,10.9342258068489,483.999903652328,57.4402996509107,4.73191656981492,41.1928957051617,16.7620993365469,11.0344979387897,494.190437113123,58.8700487527628,4.48959892803514,41.1954536992951,16.9938053645151,10.5829658018325,470.587407454849,54.2462504430482,4.97491206792311,40.7085636063721,17.7244291909777,10.3461586057676,439.175230153604,48.1660892102769,5.68720462876063
344,40.8447119598493,16.6604037094045,11.1465618715693,494.092131352004,59.2038256496956,4.49493292363816,40.613723700894,16.642844304241,10.9442000907597,481.015725632246,56.9128745768784,4.83433402960303,41.229619396458,16.7387545686884,11.0833235509589,496.399905304943,59.2959298957006,4.39380156702102,41.2018625488804,17.0142063596559,10.5814152026665,469.356534693844,54.0637366392555,5.01349285363638,40.6613102807087,17.7082974991801,10.3160592451395,436.567743511045,47.843183361504,5.75339154208496
345,40.8666782484229,16.6026545824968,11.1823447533207,493.890712442187,59.0723233378324,4.554930580253,40.7046973889472,16.5732311926915,11.0069746234715,484.135366745322,57.4004226969933,4.75056327288153,41.194324852783,16.7552875558516,11.0999857502506,494.079074408475,58.8285279039668,4.58357293447143,41.2423422163391,16.9795889184034,10.6365221325837,472.923446566665,54.4746039039124,4.99945966553276,40.650714937347,17.7220106262636,10.3281862080266,439.919201010895,48.3002653204012,5.68828807787778
346,40.8450982315265,16.6871721048653,11.0932997812084,491.796293115891,58.8945798187303,4.69376136379233,40.6405014212509,16.6857728095844,10.9165092826293,479.901419623566,56.871706080701,4.94272386937065,41.1173765856066,16.8126209366819,11.058626136055,490.77136559803,58.5097268289317,4.65710885906629,41.2050608592839,17.0931492946658,10.6082822766575,469.189342952517,54.0847913932996,5.22830086790002,40.6544776453721,17.7739973771975,10.3677285040314,436.873265159766,47.9542312954484,6.00565579677536
347,40.7902462808529,16.7012795955644,11.1063727213573,490.086716358421,58.3741816032743,4.5845148593602,40.7957787994458,16.6405526042347,10.9974925762196,485.840284976858,57.5830702507243,4.61078250624417,41.1936827679529,16.7767933540803,11.09438107385,494.421500775611,58.811880850464,4.43881870467325,41.223244204076,17.0645201863916,10.6481055739454,472.550912313895,54.4058775113127,4.94521496826399,40.6627335585055,17.7281133660412,10.3965473508628,437.923750048357,47.92892415991,5.67608159389979
348,40.8846079190202,16.6520859552372,11.1596452654619,494.337386019845,58.9446114792632,4.5397515242529,40.688296026145,16.5805739281966,10.9839260638288,485.184651641225,57.3254122885132,4.71834572316219,41.2101850867976,16.7728884416306,11.1337057754489,497.127900570178,59.1940115460374,4.43710068074396,41.2298914240515,16.9619276934482,10.6620540491129,474.405453143014,54.5882880394327,4.99718921556851,40.6635250418649,17.7016259878147,10.4093445953789,441.130709584491,48.3304004381863,5.70256550084874
349,40.8866148464376,16.6190611498913,11.1783746566602,495.492476629211,59.3423046476022,4.37405464707025,40.6618914767847,16.6203468065247,10.9948636830398,483.93551066696,57.3634996194017,4.6169782302016,41.2028266617272,16.7566279877894,11.0909767735463,494.610035280873,58.9573246091006,4.32079806089823,41.157887078869,17.0015196020479,10.635958213221,471.437688038875,54.2242133346661,4.96154652054172,40.7077676516745,17.7493330322192,10.3378521850788,438.340581495513,48.0173264023199,5.5971016035137
350,40.8913419516865,16.6471308925625,11.1234586900434,493.30276067683,58.944423250539,4.58035593840868,40.6747140403647,16.6403679859852,10.9102932778308,480.516805567108,56.7919801308878,4.8489696117289,41.1749520640264,16.7975046911239,11.0631547773839,493.370463116387,58.7037719474667,4.55525503158009,41.1066838912417,17.040227596044,10.6085260571838,469.623085427613,53.9648365758897,5.11423848859954,40.6710101288922,17.7133626247082,10.3142764812566,438.799752385543,48.1733264377414,5.66982035086842
351,40.8513300012857,16.6323928323369,11.0984327216922,493.949448688656,59.0177863339261,4.46270895232891,40.6794470484617,16.5578874916504,10.9459367320887,485.791957452491,57.5786482164413,4.63161725642832,41.2068332092391,16.7500339419863,10.9957958685262,493.685552851242,58.7132275846605,4.4623388084343,41.1592239983714,16.998544785244,10.6019814195551,473.659921469841,54.6852944923032,4.87648643218083,40.631422414332,17.6593669968315,10.3054221861479,437.98109068093,47.9886920911537,5.64187320055538
352,40.8816831776844,16.6965304052377,11.0631979422754,491.862977468107,58.6521244135181,4.70374070151187,40.7635024271345,16.6023088996724,10.9388343010449,485.557792541182,57.5822907432276,4.78631211915203,41.2582851938977,16.7835847643798,11.0276502281571,495.628183093076,58.950947561384,4.61438251923305,41.177677780043,17.0145209933859,10.6215914124497,471.848804884192,54.3675449907689,5.13153756172229,40.7173711543151,17.6777486493945,10.3074025570809,440.152573078965,48.3569421547739,5.85008319823125
353,40.9091858771161,16.6286010929868,11.172077364894,495.358594127552,59.1645351804424,4.6966879780089,40.7122022799214,16.5935599148106,10.9841382179455,484.397715519372,57.4102283697428,4.87934577067077,41.2228125770795,16.7603393339664,11.062979252337,495.096927045258,58.8086573033674,4.69843908332152,41.1413191667207,16.9979776829795,10.5745259617331,469.034610427799,53.911816970576,5.25567498179893,40.6649237889299,17.7205271030191,10.317879845742,438.435831621057,48.1603340398212,5.93944003038828
354,40.87494904862,16.6987876246097,11.1351136708459,493.188923403517,59.1124790999227,4.75027703852141,40.6225017341871,16.6430239901336,10.9004674499002,479.862749275116,56.9309129390185,5.04397120055649,41.1210835333294,16.8683475303458,10.9991691513691,490.297962205348,58.2802208654542,4.84231368893661,41.1414544240316,17.0962296887253,10.5801848295062,468.891753833292,54.0775505899617,5.31809880547214,40.7053605546428,17.801990858864,10.3188560551825,436.641609058154,47.9720472594893,6.0945230122815
355,40.8762646037948,16.6423877786003,11.0526031870575,492.223373331847,59.0045812007425,4.64298090945071,40.6977324925918,16.579581688556,10.8716086588556,481.240054074548,57.1191756274448,4.90353356177248,41.1677246686029,16.7443324380561,11.0069317162907,492.693612668429,58.7742112064432,4.66429304292089,41.2275158560049,17.0161908651325,10.5665898740793,470.310495367012,54.3983041628388,5.11474353276959,40.6963135462032,17.7386299886123,10.324235452476,438.977922291143,48.451018630682,5.86631960479441
356,40.8887209190617,16.6941998329989,11.1018623311771,491.875373996935,58.7242153547893,4.5652143358941,40.6917808862888,16.6531808567807,10.9261214287028,480.416535459409,56.711346448996,4.86968162452396,41.2479752797266,16.7561894167708,11.0714871423779,494.920039577603,58.9685727844192,4.5015519622345,41.1827064574211,17.0103895261812,10.6107402579088,471.767906401766,54.4057707835975,5.02973984061313,40.6610178758308,17.7739274511483,10.2864615211158,436.298456630177,47.7078363290871,5.93091019195232
357,40.8361797810312,16.6529557619508,11.1456669340008,493.819297743025,59.0653704579502,4.32396779010571,40.644941057361,16.5981769686966,10.95432326912,481.817343125146,57.0514652457845,4.57528011102624,41.2056778847118,16.7822632681289,11.0565264572593,494.82350187117,58.9865589990032,4.33325564148745,41.1126706887093,17.045302520437,10.5667605102827,467.85676449627,53.7550125238864,4.88379071814311,40.6670867744778,17.6626914335559,10.3715377593476,439.699073974794,48.3261043934639,5.43460480801012
358,40.7685482205215,16.6260320655458,11.1315407105656,493.329985202228,58.8851193985765,4.71636887754614,40.6510895801792,16.5751722432511,10.9251135930987,483.719075255026,57.2152315423395,4.88757309492725,41.1899818222158,16.7373229623011,11.0721512766214,496.617274458297,58.9947083843266,4.66725880227692,41.1492638406315,17.0430542301679,10.578321881147,471.225032706044,54.1029495330386,5.20232536621118,40.6781190893462,17.7525104013001,10.3114124776877,438.551432338949,47.9936971397816,5.93889055817902
359,40.8540756829215,16.6678070917648,11.1334261562849,492.53382333988,58.5517459715883,4.5681068041797,40.6252999371152,16.6151963572207,10.9154773746993,481.444938049493,56.7203936061781,4.73626576347085,41.1959221082099,16.7552158204112,11.0499267201245,494.88730483217,58.6936909726898,4.49832318616405,41.1523183171431,17.0134849493859,10.618885949947,472.025967216432,54.1381098333412,4.9783479821865,40.6657421268552,17.7532591481488,10.3196442786052,438.902658113934,47.9793146607818,5.65813444017979
360,40.794148222394,16.7083310082334,11.0233535938946,488.271095282907,58.1141739567615,4.73921756422698,40.603101778188,16.6123212264631,10.866490134883,480.426786828386,56.8316791931095,4.87837517556665,41.1153076941998,16.8257857582638,10.9935072511655,489.636666178525,58.0248263031884,4.6632338506875,41.0744425751933,17.048477335682,10.5225391236156,467.56384227614,53.6358366832556,5.22536581352702,40.6182500461702,17.6994984516185,10.2930008622949,437.309655103924,48.0073784864988,5.85659971551677
361,40.86718633206,16.6830974932789,11.1011594112137,493.066492712917,59.0199002055807,4.92062538441789,40.6251600874627,16.6551127625781,10.9213165035907,481.033701579869,57.0260871445564,5.21708446260366,41.1868540722823,16.814101188121,11.0374336111316,493.612154391766,58.7914347764395,4.93932066635528,41.1268565208558,17.0979652444073,10.615000062379,469.891356647323,53.9839070702643,5.49237531283266,40.6663813512394,17.7482216697124,10.2841995606735,438.260137221108,48.1711633480952,6.17154779883943
362,40.8099279083984,16.6616192820224,11.0993598048897,491.532662713754,58.5846227067623,4.69540199670174,40.7240125894375,16.5931859681367,10.9510172167792,484.907392258344,57.5067635777514,4.76444835017537,41.2597628955167,16.7456412268999,11.0646708477608,497.739829017166,59.244653773862,4.4590355365919,41.1740600652875,16.990308776521,10.6328268318928,473.577469399377,54.5002820864385,5.05991734930383,40.7509796260245,17.7241089125755,10.3264072462152,440.491437970809,48.3012974993175,5.75093744221274
363,40.9234745091019,16.6706644116467,11.1416201188313,495.262383734274,59.1649945687293,4.62125919763547,40.6956263145767,16.5576050707043,10.9363130694269,484.505385812628,57.3904255582114,4.84071586963601,41.2365453739224,16.7746319598732,11.0825112200659,496.833980970144,59.1451050204915,4.6209887336467,41.1712061290255,17.0006604513832,10.6289755743213,472.106811330292,54.2684622050337,5.08936095992455,40.6877981932921,17.6674491044907,10.3560051663105,442.146587231912,48.6328903298453,5.81153890510645
364,40.8524740912178,16.6614128612333,11.0798854706839,492.267924906703,58.8560045516213,4.56712690982132,40.6516600014317,16.6510275422751,10.9259521521194,483.300634045101,57.356122980125,4.73112087130214,41.2152872334237,16.7992482291209,11.0543022699922,495.180034441859,59.0186621294929,4.47161411068149,41.1688411859169,17.0379555022775,10.6304294456239,471.22433115434,54.2787365918209,5.02769121382951,40.6677127369944,17.7797931557667,10.3746282205436,437.143756655742,48.0366135818217,5.74558884787028
365,40.8501120112253,16.5905056661804,11.1361648544331,495.191591786695,59.3198214670581,4.54010979194361,40.7282779696456,16.5919389987613,10.9349671286327,484.02989959536,57.3706163550556,4.79272836236941,41.2273753182596,16.7639582268887,11.0390991979758,494.952599224831,58.9146736398934,4.61002013080468,41.1899571024412,17.0238069043801,10.5783536221412,471.829639752449,54.4503250187188,5.0060873303318,40.6260042450772,17.7228125361054,10.3175085528709,438.975076977398,48.3451264364935,5.7791927844845
366,40.7882020959819,16.6350357735151,11.1149595631489,492.721119865562,58.9763386872057,4.79223418336951,40.6559353218197,16.6363060145663,10.9615042089295,482.569062833149,57.1924440291685,5.01258094023183,41.1639710858881,16.7768873255571,11.0796380982664,493.785888183132,58.8608009674382,4.70840501711815,41.1083578613459,17.0447440043647,10.6274630657638,469.868969189983,54.1069954102007,5.29002134090694,40.6949757542387,17.7495641958553,10.3334176480955,439.138630035036,48.1549169499962,6.02226338395703
367,40.9024183389726,16.6095569258782,11.1108437292875,495.665050679243,59.1338165403743,4.71455358406361,40.7851116732256,16.5480181373593,10.9802064246847,488.795060797579,58.0037028873996,4.81772108767685,41.2499308348983,16.7369857576499,11.1119336336396,497.615598051618,59.2254030680575,4.64730172788591,41.2246069675904,17.0244567253773,10.6511379257515,474.301271318432,54.6335167775405,5.20688796986799,40.7274210777285,17.7714081956751,10.3529598910799,441.444544962927,48.3773108398477,5.95950089125911
368,40.8817756735688,16.6385521432072,11.1604037568014,493.224604191239,59.0039303965604,4.62829685576575,40.6745669419794,16.6358342642989,10.9341636881655,481.315757571753,57.0019669470829,4.85457534295564,41.180693539165,16.8031703534573,11.0855595953591,494.110853901388,58.8883022736259,4.55648002969424,41.1635166803311,17.0565109731313,10.6221515887202,470.858786202308,54.2795933638061,5.07344317040312,40.6838348434054,17.7605007101405,10.3495433355796,438.733912491022,48.3111650225366,5.73446620508109
369,40.8679688448231,16.6750734273777,11.1494384764793,494.198958535534,59.0928522708969,4.60879250421764,40.7342724149387,16.6242800560659,10.9692324438062,485.605674112735,57.6304399599098,4.79730887467289,41.1967750653678,16.7428520403333,11.1162917339161,498.106497145863,59.5132868107032,4.48077793354888,41.2049746220538,16.9834539832413,10.6398311941474,474.388596179399,54.8323490108382,5.08380441213986,40.7560965404731,17.70614632234,10.3742432430295,441.823860478999,48.7238141705538,5.79246421529536
370,40.8343197380973,16.6344023768558,11.0973994338819,490.02037327629,58.1659123073279,4.77264359171125,40.6863999176551,16.6526788060744,10.9342087052662,479.375763212218,56.307948118636,5.00344319161668,41.189527933404,16.7759496221793,11.0899376194449,493.611270528978,58.5552607572846,4.63984697075611,41.2063843315656,17.0226549729944,10.6376252130277,470.975067868578,53.9511247833515,5.17836576503553,40.75424342632,17.6363952740942,10.3617885541851,440.945193909413,48.2298682962346,5.87964605838899
371,40.8623803982229,16.6187773802708,11.1143814579162,494.92556305844,59.2677016575127,4.58098568470763,40.6621184053939,16.6645786016494,10.8864497338419,480.935275507561,56.9141276813496,4.86898679880727,41.0975957477934,16.78680664018,11.0091273600117,491.70192450302,58.4933884576508,4.58406320313562,41.1144302026631,17.0134265705574,10.6275927544659,471.488991297581,54.3104844877191,5.10844457478593,40.5684137878293,17.7023692409448,10.2867363067422,438.094588672716,48.1000676323448,5.79075487947583
372,40.8164531594582,16.6726463879146,11.1466899699784,491.600404915319,58.7571899353127,4.49369617000274,40.6524614700293,16.6228927907798,10.9852182318167,481.818062970398,57.1126541982965,4.70396141844496,41.179152266888,16.787102288508,11.1030139297469,494.620519526195,58.9852263236952,4.37982435208046,41.1994966084428,17.0716234737686,10.667497563701,471.425658852812,54.313554068833,4.92283860768217,40.7442155349717,17.7486210690801,10.3199484868438,436.294938491671,47.7312886967433,5.72737245018592
373,40.9119484081269,16.6336072666593,11.1369996924476,496.183027157112,59.5287509443143,4.53816464373864,40.7309815570328,16.6163844338119,10.9662559543292,484.180896820724,57.5565811152168,4.80310005591692,41.2101191784861,16.7444730441032,11.1021229504206,496.577094188512,59.354450682828,4.48615843421053,41.2801239986195,16.991287429497,10.6301680669204,472.655108622293,54.7209214597475,5.00035707671149,40.7274359844714,17.7091066138642,10.3543206609726,440.177246189863,48.5167577889923,5.79103504843641
374,40.8442815094566,16.6586046645677,11.0487929145942,490.219563369794,58.4522329948071,4.8155538569438,40.6858370724259,16.6547047770699,10.9300739371919,481.348219036099,56.8483140839469,5.0517566964107,41.1929165252086,16.8224088755746,11.0039766513911,491.541027212446,58.319554382417,4.71730225036011,41.1602135737792,17.0320304906682,10.5584657390398,469.141654114211,53.9238739786993,5.23421304871286,40.6404113391259,17.7488318376453,10.310819275412,438.195738710169,48.0003293143346,5.97951039749578
375,40.8453067516038,16.6904873520586,11.0947275746491,490.906099946098,58.7175151882629,4.62867438281713,40.7345368681595,16.6188362786676,10.9550464361023,484.801540186588,57.6942187807164,4.69172532999694,41.2248210814693,16.8030415576259,11.0844776142784,493.911189345808,58.895247039159,4.52245212313324,41.1252616457245,16.9818576411473,10.6150882287288,472.494712189113,54.7998007097312,4.91983567056212,40.5778183950963,17.7317669599269,10.3161486746202,437.037414026297,48.2979259825076,5.69359273923174
376,40.8746855261648,16.6064328799574,11.121498717146,493.406115680051,59.0299246543723,4.68933563025788,40.6952808906672,16.5398125063542,10.9626725593926,483.771582392598,57.3925631942647,4.89646534555281,41.1823208685006,16.7820926844815,11.0819230541577,493.71085703928,58.7248956408203,4.71381499941157,41.1163580228542,16.9831341295354,10.6238203886458,473.112513713483,54.6298197181022,5.11694291630277,40.7253951115867,17.7545513900093,10.3109402601139,439.674967117474,48.3336757168939,5.89093519146559
377,40.9448086154248,16.6034175961555,11.1385096119091,494.205935128994,59.1220742004287,4.54887408996402,40.8149052134997,16.5757919774026,10.9375669711021,485.738560750219,57.7205908001479,4.67472493493223,41.2511947232165,16.73993142306,11.0861022439377,494.351503031298,58.8992852990081,4.49156069279643,41.2292186734917,16.9934952283419,10.5857209302022,471.267383634003,54.3818439022251,4.939960714719,40.7331418766183,17.6849296260495,10.3736724532505,441.793884617363,48.8167150548552,5.58002924051475
378,40.9447782801939,16.6127619898911,11.1449838262384,497.568737309079,59.4881954232365,4.5366095027219,40.8410461429943,16.5333924193819,10.9627419316033,488.73959732115,58.0007350486626,4.68519134479334,41.3517701739357,16.7653378574122,11.1280826341298,500.358126939011,59.5958128412216,4.43585142432573,41.24029970304,16.9365861553093,10.6458619087848,476.709806688435,55.0802667894358,4.93203814647577,40.7551836270833,17.6632113959433,10.3693606263033,442.583301322614,48.7334920291668,5.67802040375035
379,40.903029228956,16.6591162768731,11.1121873212358,493.633455967955,58.8455181279414,4.69518691132606,40.648268001298,16.6165739757638,10.9241838070922,482.419084990848,56.9671095355618,5.00527922006873,41.2196576134964,16.7399275920774,11.0547827231949,494.139343522041,58.68075793363,4.63901668802187,41.173879238637,16.9950491222183,10.6453294648243,472.022671485183,54.1151533530321,5.22756114081165,40.6336886129559,17.6908278342917,10.356785394337,440.419739010148,48.2800625526671,5.87696917596262
380,40.8542991401526,16.6676181196509,11.0512895890006,493.362757924656,58.9330395824269,4.68881639781554,40.723217716547,16.6119658596308,10.8975185670154,484.639489188631,57.5276028865717,4.84993673882274,41.1595642547105,16.7645803541088,11.0431267435882,496.609563735559,59.1870183827981,4.60219009507386,41.1446624664816,17.0278893486963,10.5820730107629,472.028789951988,54.431834245522,5.1290089654729,40.7041004200419,17.6823740978283,10.3557542120983,441.367286735561,48.7105034188371,5.82014968137708
381,40.9015994084801,16.6375841163801,11.1097011995613,493.272440189743,58.8410350166552,4.55938108482607,40.7256793386745,16.5897784507867,10.9353186492776,482.593883523655,57.1408275731062,4.76869408077067,41.2420339153227,16.7559456364486,11.0405941295186,494.090066688005,58.7350135132458,4.48654690084113,41.1066000328014,17.053894903591,10.535106913548,469.685602270021,54.0060900200431,5.04432121543632,40.6711343439996,17.7320444569384,10.2645607422417,438.008414434333,47.9399940676497,5.74452891102516
382,40.8726758345262,16.5963967597917,11.1539275746293,495.16047613599,59.050789429533,4.62111486939333,40.6849335995253,16.6398492565942,10.9663921361114,484.454787069079,57.2461231461012,4.77165957250466,41.19754085881,16.781531089981,11.0666217904702,493.846077548307,58.5480511495262,4.61271825648677,41.1223030109084,17.0093544117429,10.5603049426095,469.840120363591,53.9471798971571,5.13794865163317,40.6269451773082,17.7802317178466,10.351255830736,437.066569364361,47.8119124558599,5.79879835068018
383,40.7890870653159,16.6429492507794,11.086787342272,492.899661852706,58.7483251052481,4.65385361511071,40.6863013832354,16.6100417553925,10.9267019642697,482.275340457368,57.0076569016377,4.86337430277308,41.1066721872821,16.801186537918,11.0400609886226,492.160822453536,58.3734418591884,4.6366779853963,41.1709405359723,17.0078312088443,10.5921551411904,471.411786366679,54.2037063850685,5.04987751182911,40.702257670005,17.7447471594493,10.3458575149477,439.308220607933,48.2018900426405,5.79279987310364
384,40.8668837332022,16.6365993343705,11.1357510901041,493.360421102382,58.9821248822904,4.55968890535785,40.7475990816215,16.6200120012106,10.955122955717,484.712350724601,57.4998133556354,4.75125367047816,41.2016989271136,16.7983595199678,11.0457019105489,493.985930455866,58.7138089858562,4.59168110453595,41.1603410887882,17.0154321087414,10.6374653189645,473.49759374331,54.548509226673,5.10532981911793,40.7065764369867,17.7469323629618,10.3523776761355,440.747766665533,48.5876291290241,5.65293954021009
385,40.9390695420183,16.5754484806443,11.1076392382759,496.201656453477,59.2825289281247,4.49317611338555,40.7517416681187,16.5901543192675,10.9239964875441,486.086561590201,57.5098525750393,4.72399373457277,41.2225728850202,16.7386195394706,11.0358579280767,495.065175947859,58.8903567871498,4.53986240867834,41.2450404394891,17.0039917787178,10.6419378346081,474.853507194114,54.7391138144737,4.96275375465507,40.7405051851065,17.7277011916499,10.3853769344118,440.549138059686,48.5180706675362,5.63126992550913
386,40.822533130345,16.6319187678656,11.1327376745401,493.819844634461,58.9916192071462,4.55536847737909,40.7081883421,16.5925009065085,10.9624836993753,485.495500469809,57.5770988030106,4.68521503780916,41.2225543250703,16.7666099650008,11.0615500232949,495.189417080281,58.9329298249563,4.44753539201098,41.1717500055008,17.0460929447611,10.5983790477689,471.600367693696,54.3211770836321,5.01166537419247,40.6202964398626,17.6981437289138,10.3010868729188,440.223203841351,48.3545094061257,5.71725219949537
387,40.9279903318268,16.6017598380499,11.1074538734913,494.047995752357,59.0513241316294,4.47783521466878,40.756360114138,16.5680147004203,10.9179673386563,483.914365208453,57.324307799842,4.68931493220416,41.2923231034665,16.6967074623764,11.0375687008447,496.555411948433,59.1348755298013,4.44754448406068,41.2365918396485,16.9551406674113,10.5783654172825,473.664581397494,54.6120650893499,4.93622219339412,40.7784107890091,17.6805352001745,10.3129529913985,441.625943984834,48.5856556033984,5.585711162304
388,40.8363667504274,16.6245209238104,11.1300990534464,493.209675257559,58.7802374948718,4.71665653765501,40.7157690122122,16.5888540746177,10.9846998396284,484.530076450516,57.2474732911626,4.86848104119046,41.3007244825648,16.7595128642334,11.1279525085255,497.613001705404,59.2650457291486,4.54533150120456,41.1578046454887,16.9911737952235,10.6380870835453,469.692866079458,53.9477395259898,5.1637390135171,40.7021872268605,17.7767566887155,10.3732163601603,438.947080929379,48.1713724353249,5.86148859131235
389,40.8767944098304,16.6606262629909,11.0899273092039,493.44301529464,58.956408128505,4.59039422873295,40.7509304972575,16.584266180448,10.8951754251406,482.875856376574,57.1586899270781,4.82980989719733,41.2337730372475,16.777132338981,11.0240836020938,495.409908470429,59.0497061608801,4.47777844433413,41.2447609213257,16.9805515064697,10.6227199176308,473.424423677491,54.5510269033028,4.983404572972,40.6540770176337,17.7490231741573,10.3576884423568,439.147208372834,48.2825436801969,5.73652278697689
390,40.862431757145,16.6061433607982,11.1551399721785,496.101434739481,59.5361961741313,4.58204266777797,40.7024143979268,16.5659462454143,10.9411195817839,486.172151137956,57.8536199480269,4.79200413329229,41.214548492241,16.7080688139741,11.0611335099105,497.423789988861,59.3551551013425,4.53337021929947,41.1878816133358,17.015960428397,10.6146500783651,472.369839661707,54.552956920774,5.06338570243369,40.7351026706819,17.6914825083406,10.3320763916425,440.059399355313,48.4763173953816,5.78281822499484
391,40.8904174992787,16.6488705930017,11.1250483120703,492.806240696988,58.9783353821078,4.63069649765541,40.6756431536894,16.6360311750041,10.9652633404557,482.055310734378,57.1036386710858,4.90618695629423,41.1747783965197,16.7785828217456,11.0462576378566,491.044725921981,58.3284714822316,4.65067486745175,41.1799783590595,17.0481036668852,10.6559429849404,471.1023994034,54.2238711315257,5.0934586376341,40.725809780351,17.7254991355956,10.2917759189929,439.356906275276,48.2546367875327,5.80353417866906
392,40.8819969411517,16.6449722182514,11.0982980166446,492.791850179606,58.896324877215,4.70338358070085,40.6873405995109,16.6084859390106,10.8943837012205,481.209315953868,56.917297148147,4.97822856481676,41.2633292002984,16.7601852958353,11.0418678456027,494.278327535481,58.8315893775432,4.64034975386701,41.2171152131485,16.9866369033066,10.5567639132548,470.42290171045,54.230326359661,5.14801718648121,40.6517804770387,17.7791172664056,10.270097715007,436.100366865405,47.6907442027305,5.92823432694027
393,40.8989516557829,16.6505135602811,11.0943061901735,494.275722098331,58.8779321594663,4.39019005847274,40.7836542368768,16.6018747247184,10.9000593766745,484.685674024361,57.2270363543141,4.54395665693786,41.1945615819888,16.8027821412671,11.0332318615135,493.759529731371,58.4946333047101,4.41657627276326,41.209427074844,17.003571934405,10.6487237038725,473.533643089675,54.4567149205122,4.80359077147678,40.7300378030652,17.6804626247775,10.3324525152982,437.943989803793,47.8972960320655,5.603285491096
394,40.897361872946,16.6193067932973,11.125965294665,493.66106671524,58.9726809174534,4.51015677268599,40.6701504140604,16.6026167686239,10.9490964419747,481.952382597355,57.037338991983,4.78171433828256,41.2274199768472,16.767650660872,11.1078182573687,495.689614022151,59.0178504827856,4.49225667720008,41.2197588656309,16.9880623130372,10.6395377758062,473.96888226716,54.5960444538265,4.96982459760674,40.7451742459071,17.7300974552282,10.35923179424,440.441795592775,48.3816335980566,5.6971595206915
395,40.8869139583163,16.6525487653146,11.1296951848517,492.0543524463,58.9188687369493,4.47003457779277,40.6564863405162,16.583793277825,10.9727457015531,483.019118816463,57.3927261524227,4.69531869045469,41.1294667125559,16.7535257065109,11.0351390723032,492.355043058047,58.5964184343877,4.53543442530269,41.1432406862478,16.9351287621024,10.6570928171376,474.05576250653,54.8212207799866,4.94978935358512,40.6647397184767,17.7307110154988,10.3590407288562,438.631292508048,48.2510029015894,5.6983522828642
396,40.7985923039449,16.6731824835122,11.0929409151044,489.998825526381,58.3332867686841,4.70176496672408,40.6851202542492,16.651168374757,10.9111883002913,481.012939731291,56.8143179434082,4.8633487428352,41.2331150044942,16.8093000720075,11.0549464873895,493.361194814003,58.6110969646199,4.60867201317556,41.1509168171189,17.06871697345,10.6147794898093,468.945068957966,53.833450987625,5.07368302544604,40.676334578045,17.7901641731017,10.3412794443606,437.25504227185,47.807271694021,5.8299994387469
397,40.7998491570724,16.7091033558728,11.0453172334411,488.240858291165,58.104170358884,4.5061529466845,40.7099564888248,16.62842689537,10.8957164942654,482.245876544805,57.053030157318,4.56634844980833,41.142046161702,16.7524207664102,11.0211099977505,493.165753394703,58.6434518980502,4.33475228480605,41.2238257511515,17.0474828893473,10.5739510608082,471.17140746849,54.2627057491181,4.75635148625618,40.6261170124873,17.7301559926986,10.3601676563151,437.059040372035,47.9804850677865,5.48997999486769
398,40.8468363602422,16.6569912575761,11.116841485712,492.256626280073,58.7835197259254,4.47083275983459,40.773835118995,16.5877721583197,10.9509639160323,484.967291701638,57.5762634229245,4.59505177093428,41.2142385425018,16.7389272250958,11.0929283847884,495.823219489427,59.0550981398706,4.36666316872146,41.2313594589267,16.9525967777004,10.6427380864585,474.04951805046,54.6125876949481,4.83021532630756,40.738269011487,17.7192542164886,10.3232592418662,439.370314101627,48.2770946177847,5.54920126292617
399,40.9054659328563,16.6031561041961,11.1481896286102,493.740004685509,59.0547749690678,4.40220093294064,40.7350862976258,16.6089062462494,10.96510228529,484.490412849464,57.5016770788138,4.56423264233829,41.2669282683714,16.7366725711442,11.0869167281117,496.655800913244,59.0731054310959,4.31104131589602,41.169321089583,16.9903552300832,10.6236576161589,473.153253788493,54.4711131131557,4.863680335343,40.6605458490475,17.6811095511298,10.3634084936017,439.205110889295,48.210843885304,5.58452847157132
400,40.9044961839722,16.6807444653585,11.0959598410591,493.984824945677,59.0626166323484,4.86508171060054,40.7873697223766,16.6354872626991,10.9608936027005,486.457483615773,57.801309296687,4.99932465974002,41.2766627960458,16.7833034460735,11.0239350381858,494.861989902642,58.9583567329299,4.75556279456745,41.2302239860733,17.0120849822831,10.6049901691031,471.170448836797,54.2924806284802,5.31797193339052,40.7881508559183,17.7873186695737,10.3433839052355,439.625701601913,48.232375797856,6.0976833278059
401,40.8904556594215,16.6527097160043,11.1253428914733,495.866107671738,59.2576254703029,4.48635626679054,40.8190742366886,16.5572326199836,10.9474368604225,487.845221499585,57.9323108850051,4.5904624595474,41.2193234964045,16.7853243202276,11.0426864007572,496.493034675157,59.1097957706771,4.41449985362402,41.2720452748122,16.9782447001201,10.6520208231447,475.827248159723,54.9813149559281,4.7969452448358,40.7115505674153,17.6554692000829,10.3190549896686,441.486102232752,48.5837312260077,5.63303923662351
402,40.8400479653422,16.682050221174,11.098021686,491.987149304658,58.5300789856334,4.58379050646435,40.6927690121572,16.6182397054704,10.9362067366807,485.185444830634,57.3993437418155,4.69166998008962,41.1479370117611,16.8105317104378,11.0654026962877,494.511772763845,58.6821345142401,4.50483022789012,41.1984764035337,17.0048661276031,10.5897878970761,472.079239104051,54.3737426888443,4.94283150794058,40.6901289510966,17.7751400958137,10.3195993780346,437.302333982696,47.8589881209654,5.69956370761311
403,40.8124357679444,16.6590254374653,11.0941844143798,490.496476626184,58.705503705822,4.60742897939216,40.6907981934213,16.6200033110138,10.9231766006785,482.248595237593,57.3032355038916,4.72181154181657,41.1266689660013,16.792370257555,11.0303235710042,491.378038470077,58.5795563298926,4.53755053770184,41.1214139670183,17.0392591944116,10.573465204473,469.679073251695,54.1284112970276,5.01937226155285,40.6263415142887,17.7452694079097,10.2929270052645,438.201493724792,48.1952404144512,5.7469925512471
404,40.8829796555936,16.6248705013932,11.0790204989437,493.069308504812,58.8690513630972,4.50366892012625,40.6915631371617,16.544576276387,10.9036708008725,483.272059744486,57.2856373584167,4.67400113402646,41.1715778177541,16.8132439764929,10.9859058673033,491.275204955918,58.2531203838565,4.56182685126923,41.1897327593563,16.9501255504167,10.6222038131401,472.555762599312,54.4191759966802,4.89306863031866,40.6793593521007,17.7854118195356,10.3369091128808,437.40148301132,47.9458325245863,5.63937616439374
405,40.83620701159,16.6727023959862,11.1280548204638,492.826298837398,58.8129223773154,4.55379850875049,40.6846211164894,16.6206480397176,10.9365193826903,482.286590433192,56.9604833018737,4.76067003348103,41.1940354334925,16.7451032984225,11.079928539195,496.198800933994,59.0899104895668,4.48605146687332,41.1575242374834,17.029010646188,10.6702887174306,472.550825502598,54.326434359819,5.06292075759808,40.7186017933753,17.6924343887731,10.3776819029419,440.647534125948,48.3839736440982,5.74456982650342
406,40.8535054595898,16.631624682039,11.1185155682862,494.206716285013,58.9625006164879,4.46345929369654,40.6899154992001,16.6036276110418,10.9127891621731,482.231899677467,57.0238978722037,4.65788511061631,41.2017374854764,16.7264595690786,11.0883456233213,497.58079836566,59.2683231361414,4.35729708162781,41.1431653030438,17.0103203985219,10.5890454433642,469.760995276373,53.9293021459182,5.0264575470701,40.704598107238,17.6898809040083,10.2901132007869,438.608931327888,48.0692342319368,5.63929667104166
407,40.8845208974503,16.657940808354,11.135058032404,495.365090224171,59.3654207645336,4.56323111979539,40.7052232198977,16.547961433771,10.9660748890957,485.212432751119,57.6078194177977,4.81302648132375,41.2102778542304,16.8124320784936,11.1131181209398,497.563892393967,59.4539652368272,4.44947081029846,41.1296219230887,17.0179308421927,10.6131778513282,472.842473303974,54.6453732124717,5.0304741271262,40.6354842988832,17.7604291524384,10.3044450798451,436.961035833148,47.9365365045292,5.82914927644219
408,40.8916395303113,16.6642882187069,11.1641674838809,493.086491598668,58.958773065515,4.68523637060258,40.6214095133896,16.6363952575079,10.97734021685,482.214089777951,57.2267003940996,4.91372392769697,41.2518725223115,16.7541619277898,11.1090795312718,495.224323294586,59.0169603640293,4.56938009980756,41.2517117760452,16.983705669581,10.6585076039676,473.830758001223,54.758309355469,5.07283421452422,40.6787544841701,17.6684207355387,10.3480748970931,441.146453085688,48.5095441677433,5.79155231238578
409,40.7602909241624,16.6668606895417,11.0807447271569,491.019521253983,58.5210574824573,4.54505973591299,40.6651924483581,16.6102944367685,10.9206772985132,483.382372423585,57.2150764798145,4.64590565042467,41.1213200792521,16.7733704597743,11.0757227127064,494.959222685148,58.9042046978526,4.41275250928283,41.1579905428673,17.0524103404947,10.5657598650909,469.653524986875,54.0026553683635,4.94262946007657,40.6267691059493,17.8027247769479,10.337521069236,436.024388655902,47.67983509149,5.64211698681269
410,40.9003205920352,16.6330755625555,11.1449472533612,491.530085010134,58.4357670739074,4.62024673761728,40.7069770823516,16.6101762536453,10.9776162185746,483.691013843181,57.1057511384055,4.75699053922299,41.2267602881113,16.7434595784491,11.0903353599386,493.837120845432,58.5071251475075,4.56692239008764,41.237496077645,16.9674963404913,10.6412893819271,473.284212106313,54.3838412170101,4.98443830906984,40.7080518660936,17.7002433159183,10.4091106644676,441.477958280614,48.3904308331818,5.70610416098872
411,40.8404843832402,16.6647547203161,11.079538847487,489.3884247387,58.267982393872,4.78121189941264,40.6635927667482,16.6331959710088,10.8984947345858,479.517515042494,56.5956905475938,4.97686662006251,41.1485658307657,16.7300795043205,11.0436188507148,492.81249208902,58.6447476634357,4.64181739543262,41.0678716604055,17.03042878197,10.5782914431367,467.988640489487,53.6572511722049,5.27729510970443,40.7000338095371,17.8382051529126,10.3441915265345,436.866261622907,47.8353888890509,5.91797019160063
412,40.8602593676563,16.6374430965143,11.110402245989,493.143620964134,58.819817077994,4.70469834342287,40.6855059665261,16.5525731748304,10.9148893175844,483.90055288937,57.2713650533261,4.8173458862252,41.266194361197,16.7478885074077,11.0597268122198,496.486912009261,59.1034433693398,4.51902435929219,41.2060672037385,16.9825918886263,10.6127127983468,472.726099407545,54.5150148282952,5.04381916460615,40.7063952153167,17.6970932524045,10.3559999961327,438.828535059363,48.076151293105,5.93839694207262
413,40.8753329533848,16.5876448008652,11.1133042988788,493.900539156611,59.2074158791445,4.54037251802648,40.7613577875065,16.5992116568274,10.9037259153788,485.001831414405,57.7045845420223,4.67533616344989,41.1690495522592,16.8375442217125,11.0702368366371,492.916983428304,58.7159149054575,4.60383814260908,41.1303134519609,17.0671026448215,10.5866210846928,470.694439807032,54.2988691955457,5.05066725612232,40.6752899332148,17.7384283681659,10.3265449832335,439.373963183856,48.2561139284214,5.74975887445002
414,40.881114210332,16.5512179540136,11.1943172750352,497.475622709397,59.4005963637746,4.6038237451009,40.5885658714533,16.5703823407229,10.9888864519981,484.698616624613,57.311659309705,4.90150522161714,41.2130869402517,16.7097998996632,11.1063320045238,497.105527306993,58.9950922421594,4.60277043989635,41.1628435132584,17.0093025744677,10.6478447228773,472.59281001213,54.1996571718253,5.14085521162635,40.7248589549635,17.7589903666298,10.3184382103957,440.627131426097,48.2095185257224,5.87842517655771
415,40.7697910353066,16.6931371784566,11.0480133431471,489.110287137447,58.4473895095336,4.79553682994546,40.6426032830781,16.6455970580245,10.8685395939492,480.568946097132,56.9618923035298,4.90536823092627,41.1649326021805,16.7673766843199,11.0173523242216,494.218556703994,59.0552251135624,4.61310577431292,41.1295679968472,17.0217125301563,10.5904757891546,470.824549510608,54.429842304339,5.11989070982758,40.6564446662375,17.7982273667376,10.2689836710137,435.198267433878,47.8147350743536,5.96866111763932
416,40.849627375641,16.6681891943127,11.1600226546569,493.412203661599,58.8965796843849,4.73463527004597,40.6764668984795,16.6082264195071,10.9607692120276,483.659829886311,57.2410266779418,4.94905950973471,41.1684782334534,16.7341027382597,11.1260079439128,496.55509691451,59.1637352147436,4.65048857574489,41.231329797705,16.9758932382345,10.6202009078802,472.199654611721,54.4098020790796,5.21719262277721,40.6602920825765,17.697612881703,10.3176299853085,438.686249415048,48.2586753790094,5.89816824916153
417,40.8617353636929,16.6962494810012,11.08188790513,491.927072435211,58.3908997741099,4.54732719091718,40.65021390303,16.6264598192089,10.932644354289,482.955922062361,56.9181371659682,4.72975959657221,41.2149172543806,16.8165916810698,11.0702093327002,495.108584201403,58.6845035396967,4.42810306517817,41.1711385121521,17.0629094831828,10.5819775886659,470.033162762473,53.8441785399908,5.01520986476829,40.6861489513166,17.7359767043024,10.3341420250533,439.283658829816,48.0415656898824,5.64629717494992
418,40.8840084360771,16.6228910591402,11.0632022560025,493.922606988517,59.0787911163635,4.50956803809829,40.7445297229064,16.6147647366406,10.8871259732868,482.90441130493,57.2271468923845,4.75720270753353,41.2357678019619,16.7845528939126,11.0144135080343,496.320464490548,59.2021421380223,4.42190187071701,41.16187136791,16.9662724009035,10.5582914989696,472.141527302117,54.5021194668073,4.93223653165406,40.725308190321,17.7660901983711,10.321761693396,439.880223461891,48.3204514504244,5.65233157876515
419,40.9174859457877,16.636198646759,11.0720446740008,494.060196015109,59.0353252583473,4.42476149224921,40.7752849289354,16.5497488167744,10.9396138394926,487.023243646058,57.8521920635056,4.53656958243091,41.3095708204304,16.7861936352788,11.0514891811717,498.227355913598,59.3781211969516,4.28785068018485,41.1425948734202,16.954952892286,10.6324696359914,473.559172513079,54.4542278016865,4.91482727244561,40.7047547990786,17.6859029628867,10.3655187539055,439.543756637429,48.2610957670612,5.58041718052711
420,40.8659663606059,16.600660410735,11.1820789816471,497.039678052208,59.4289084224361,4.60696691913429,40.7141064125383,16.5897170031477,10.9417766267468,485.047047389809,57.4088794524868,4.83158466999042,41.1920327867952,16.7766903140397,11.0457581888126,494.787643936937,58.6573967619031,4.65516931251848,41.1859690778102,17.0232956881825,10.6032433216585,471.470498505397,54.1015401327263,5.21113143965845,40.7386510601414,17.6783310487514,10.3768300563441,441.031062124451,48.4109002986342,5.79611313889597
421,40.868038161099,16.7139893022015,11.1000488803451,491.833546125428,58.8515985686396,4.46322204237349,40.6773473957893,16.6599237182,10.9175624726073,481.32952334992,57.0658160699044,4.68365707645559,41.1981106415323,16.7052148210396,11.0584759085358,496.731541838056,59.4610179667437,4.30509750985028,41.1644781623476,17.0643929627218,10.5753908930574,470.219506700184,54.2488163672316,4.90025060561757,40.6631942498904,17.704701661375,10.3979476504867,440.763752644488,48.5601619291578,5.56115561177235
422,40.8793506338387,16.623073520101,11.0649218766284,493.977093470292,59.1835872535103,4.57961590170429,40.6714632601793,16.6054779197873,10.866318264383,482.646379183332,57.283817329447,4.80892996354815,41.1990889140369,16.7797822585036,11.0081015739361,494.941719614253,59.1289158119933,4.49356248076208,41.1966369001687,17.0356494828874,10.584681582488,471.329684656894,54.4083552942994,5.04625279681209,40.6494008556732,17.8058306239109,10.2972320037551,437.165793025024,48.0738136053248,5.83090156458692
423,40.8461790293732,16.679368072051,11.1289153312714,490.653361108578,58.6709453764072,4.60340342057755,40.662837840375,16.6255788472632,10.9496762928905,482.077594154277,57.1913051195941,4.7815430068058,41.2331992480036,16.7789256727906,11.1143368434624,496.64756402557,59.4596448851495,4.39862257322763,41.1468947128565,17.0552234773184,10.6376966684581,468.91476946091,54.0468981409507,5.061916874916,40.6295825797386,17.7150958448632,10.2850911001861,437.020823540625,47.9690217508907,5.80108956148952
424,40.8207008699443,16.708626312996,11.1233564645974,490.200041797451,58.6577121205928,4.75832292604812,40.6745333438318,16.6653340878662,10.9404164157125,481.112960018447,57.1562117026208,4.9195229836513,41.1951023309897,16.8203647075936,11.0756989777495,492.897456915033,58.772862025142,4.63113116638002,41.1439036050331,17.0874437145587,10.6575456461781,472.11224892888,54.5940020098998,5.07394869381323,40.6595604730197,17.6572618609184,10.3559543604958,440.657394633782,48.5755266711754,5.75314489064467
425,40.8369953637123,16.6755536686868,11.1403218861552,493.262058391029,59.0135309974408,4.5481579987756,40.6652406659671,16.6228160451898,10.9533654002691,482.856126471458,57.2547932971396,4.77223230490313,41.1755227472806,16.7841598442426,11.0431607026255,493.636372518159,58.7007986544617,4.5740379505964,41.1228938336483,17.0584783536359,10.6489762217608,472.594570337002,54.5004812821818,4.99882498105435,40.7368535497423,17.7237389527787,10.3385025475918,438.952769200582,48.2727372833358,5.68866375342411
426,40.8454935383969,16.6207262340903,11.1412942182927,493.790398604163,58.9070043178252,4.50282702691921,40.6588028771652,16.5312987999963,10.9762027515014,483.620161835664,57.2115106745381,4.70195868903139,41.123303296827,16.7669703682612,11.0415056680817,493.374485289959,58.6051466511813,4.49619054739321,41.0674390592592,17.0084831170056,10.6172481081058,468.475646367414,53.7362111995068,4.99744107722895,40.640701026554,17.6896350063647,10.3761510231794,439.729146841646,48.2796973634433,5.60634303506204
427,40.9065691049443,16.6487114394461,11.1363359970827,495.468040613478,59.3969137389827,4.4254153655529,40.6782572800317,16.5974608918984,10.939754501458,483.737055855624,57.4199440454301,4.70289893944933,41.2116869453954,16.7450882078028,11.0646429431182,495.417990214685,59.142320667177,4.39306503559973,41.1933779649358,17.0858580178728,10.5792822584751,470.552611032679,54.2424364945859,5.00763240460407,40.7520015648449,17.747122099424,10.3275595207133,440.828861876965,48.4976400937985,5.65120036598413
428,40.9573617170491,16.6379296270928,11.127361557796,495.005148430646,59.2989043818915,4.43489585125242,40.8256210384221,16.5812523638845,10.9151620001144,484.819816181128,57.514463993171,4.63158243440414,41.2235555735966,16.7471162048008,11.0383710241328,493.586419362522,58.8180885383605,4.44342174573341,41.1471025698477,17.0197576738965,10.5843438818174,472.075861857202,54.45648291249,4.92825306290083,40.6995740631731,17.6692387464238,10.3503112258049,440.634851498245,48.5264834554425,5.64618398456095
429,40.858227001851,16.6791350010657,11.1062825671475,492.474723413845,58.7237557560355,4.69661748996311,40.6614377860426,16.6125748466526,10.9116039566093,481.451883307237,56.9086033348137,4.92039801879825,41.1302491668611,16.8571980650507,11.0551936554228,492.572376845324,58.4311698032759,4.68842522427799,41.149194776705,17.022810783126,10.6002973314517,471.085180596863,54.1229482523304,5.23837065868837,40.6818882492809,17.732609464079,10.329798374914,437.587824196812,47.7557306920485,6.02309386429113
430,40.8452221480432,16.721933939477,11.0932702271231,491.492315137022,58.6772887982155,4.68046016540638,40.6235167733413,16.601548264455,10.9398564142671,481.965492852439,57.0853173397883,4.86852774815919,41.1848742513119,16.7773022401922,11.075020120191,495.076764334084,58.8946741404147,4.6477361996034,41.0903629529593,17.0448099764897,10.5999506081769,469.423750905797,54.0195445386839,5.1836525210671,40.634191236755,17.7111633642903,10.4138465966303,438.616334650518,48.2164931098367,5.8863672330009
431,40.8526168260666,16.651700702,11.1278102278284,493.475070500258,59.0286802372085,4.57871673844057,40.6587498162211,16.6373099981811,10.9348896513934,480.369335670643,56.8294479672875,4.88443296257057,41.2149211303569,16.7483611665803,11.0394297968362,493.218769098288,58.7038710784304,4.57029002622978,41.0901894606596,16.9283713738378,10.6186003437363,471.061097018606,54.3626396333542,5.09102896206871,40.6742848234224,17.6742852896736,10.3404681515326,438.655624026649,48.2306332701955,5.74941906060953
432,40.8146486810575,16.6107040262228,11.079036573216,491.621691075834,58.6211327119133,4.66289381257176,40.6146528182458,16.6400582559732,10.885705979273,481.088447790878,56.8135455717782,4.8431531148442,41.3126926296015,16.7836853403695,11.0390406956034,497.404564360441,59.2427153221324,4.4757017497054,41.099489645794,17.0396660863498,10.5820805249091,468.711503163062,53.8370219101322,5.10219624789419,40.6308721904782,17.7528678267817,10.3122226755806,438.442311903107,48.08491640003,5.79237211712584
433,40.7779988564769,16.6963470344194,11.0239373157957,489.904220287769,58.5090915087241,4.75230769247798,40.6556772898167,16.6280717421502,10.8606087794718,481.87408111454,57.0921925208922,4.87466583475067,41.2143715467453,16.7643808233455,10.9861565294323,492.444415890498,58.5389187753187,4.683782235087,41.1356833633349,16.952220620223,10.5314716856304,471.411290883012,54.3828251402168,5.1536816948021,40.6352311679804,17.7703430034793,10.3204281678134,437.721080775402,48.0391206319635,5.9283113522417
434,40.9495198343731,16.6023340761526,11.1536836117836,497.114925604315,59.631528744956,4.23445959316926,40.6985381738118,16.5238904387596,10.9650140629241,486.074407559973,57.8324201361106,4.46185712745168,41.1990802326046,16.7638372055489,11.0717868054844,495.100880297034,58.958338601993,4.33512103080874,41.1919727340401,17.0103652755773,10.5856769226991,470.738475659133,54.430424696248,4.71265022247719,40.7207503765575,17.6711348334653,10.3224632355835,438.767686770422,48.3661933542824,5.41598628355916
435,40.8813793018275,16.6683763724493,11.1155324120987,493.081702560555,59.1552847671775,4.59013365518564,40.6836437848645,16.6585171758652,10.8997560601089,480.930307171902,57.0990469228175,4.83807949660628,41.1569248420184,16.790990740342,11.0241581387064,491.856641517896,58.6491305650506,4.57298373559899,41.1518287943202,17.1056927468458,10.5763293921799,469.029807920884,53.9538451092678,5.14408496219221,40.5863149937642,17.7367919357585,10.2970556069977,436.913218019249,47.9620842046384,5.78988542827279
436,40.8605913379125,16.6692048734893,11.1358282724948,493.947839460324,59.0107719774737,4.53596264753027,40.7287347621919,16.6468331719914,10.9211304380534,482.954449306643,57.1082090646042,4.79430218669226,41.2650199006295,16.8730947819963,11.0126968888585,492.960247342431,58.4630537401762,4.53826681987604,41.166858104184,17.0283546972386,10.592024637629,470.742802739142,54.1983326360341,4.99370542305825,40.7398546355095,17.7079946446578,10.3757182463283,439.525078594184,48.1568067232425,5.68503910349437
437,40.8490940155922,16.6126063566382,11.109012069927,494.288480033645,59.0327013362534,4.66807425777965,40.6773026749968,16.611275902819,10.9196772526875,482.074563048336,56.9510147083995,4.9413488964209,41.1695800534138,16.7804724988427,11.0415488361852,493.35229390359,58.6674934865262,4.657305538906,41.1387917933134,17.03192536211,10.6207494017755,470.442877961231,54.1492166360948,5.16657239958511,40.7444333697974,17.7278275817371,10.3007004145335,438.654105618681,48.078928036775,5.88713025405332
438,40.8205752224252,16.6109259386631,11.1699266738832,494.504807254199,59.115921699415,4.30189291211331,40.7731298228458,16.5745611357304,11.0141416181299,489.097335481229,58.138886372042,4.37550605440998,41.2044916338688,16.7270828870798,11.1345511650748,496.980759954202,59.2340574228676,4.19619473743924,41.1770014507013,17.0239865538932,10.6512303079604,472.218785656163,54.4742750193708,4.70580122598454,40.7414927346822,17.6981965348491,10.316296971019,441.324121573861,48.5501959072383,5.45747241264964
439,40.8771864593565,16.6472527020047,11.0712997502888,492.125897438307,58.7729822163364,4.5222433289902,40.6792875353069,16.655448808859,10.9444448570553,482.831554526673,57.1631972046812,4.72725290276866,41.1889848938821,16.8083579856941,11.0135160647681,492.196139400235,58.5318773010953,4.53169669640641,41.1816675491323,17.076031057037,10.538581340154,469.585014840156,53.9982494855725,5.01003244486196,40.70153724898,17.710638290758,10.3054798423536,439.986509090765,48.3383558998942,5.6225219821
440,40.806764843748,16.6505861121526,11.1982440458814,493.494423076829,58.9244282207187,4.66937118342255,40.66294625676,16.6053463153985,10.9848956551408,482.946004002235,57.1243949964128,4.92094805381004,41.1850936918337,16.7637965288538,11.0925699367115,494.315161975231,58.7535636283187,4.62169477494172,41.1158804757322,17.0207159611013,10.6323117545613,470.677002849653,54.1011496676858,5.16545993663228,40.7164073410264,17.7507889701823,10.3029484994967,439.41491198433,48.1874042301026,5.84122311253441
441,40.9672693301886,16.5813738557358,11.1263191236308,496.599356620792,59.2431071135641,4.71265107598473,40.7226888513139,16.6656961219979,10.9101349149979,484.152675190247,57.2124334885825,4.91197402716856,41.2999399405408,16.7779514049331,11.0344591741167,494.13323991344,58.5159172866339,4.76130370497898,41.2816358852731,16.9812160374892,10.6177578828316,473.001394413603,54.2840204977647,5.2552206106425,40.7017569705738,17.6961536113773,10.3520800365294,440.541368318468,48.3093545516238,5.87630972989959
442,40.8495740378129,16.6887076140775,11.0880102939769,489.783812384662,58.4124243981683,4.52273451305138,40.6969010707833,16.6210966394952,10.9507004609497,482.845329632774,57.1874152293322,4.66464509179446,41.1221449552549,16.8350107351918,11.051017280692,491.842338629729,58.4534997859152,4.50029150538859,41.1325695888726,17.0970969749574,10.6027321013539,468.664137739884,53.9425284855211,4.86902987399376,40.6033361787499,17.8076158337892,10.2465937699739,434.202817234981,47.3778797114538,5.66953793333097
443,40.8865758271831,16.6134261082739,11.121822626874,492.889820365048,58.969560169404,4.74759594280711,40.5978280517946,16.6064438407383,10.9312793967092,480.406350540008,56.9377000785251,4.98742895469474,41.1562103060058,16.8034879172397,11.0823986857494,491.922504359474,58.4666489980005,4.78858239859787,41.1112797702185,17.0100681286317,10.6459981225428,469.378789675665,53.9432442955414,5.3057200520871,40.6619630532809,17.7251805926323,10.3299333827066,438.940831781617,48.2175324506209,5.91823513272498
444,40.8482564850297,16.6720191014379,11.1177831524115,495.055695697906,59.2459838085132,4.51823858354873,40.6922693037553,16.6328050288835,10.8941400070793,483.509195219936,57.3227450389995,4.75032729032016,41.1786835123392,16.8391535186716,11.0051726787123,491.998196948438,58.4640615500298,4.568851950578,41.1661019859239,17.0906490556047,10.5805315655192,470.528509886532,54.1647761382584,5.01202368230731,40.6647946388615,17.7474879668848,10.2879678024123,435.151232849571,47.5099535746549,5.85066141772063
445,40.8155652483391,16.646446192277,11.0894966883004,493.400990711018,59.0091133258713,4.65439151709738,40.6554843107649,16.6376582238967,10.9057124105751,483.397633581253,57.2838877623356,4.85964126585894,41.1499911411322,16.7866751314089,11.0700881515953,495.887189113524,59.1029432842766,4.56510364940788,41.0942135251675,17.049635166841,10.5835655949922,470.517105457414,54.3146425073493,5.08340058306238,40.6866010361024,17.6337494072648,10.3418255109774,441.559617483236,48.6699666851423,5.78417725226792
446,40.8622526176359,16.6834906294871,11.0672583298332,490.882326806408,58.7515095230402,4.46529793095024,40.6261097548235,16.6581633706164,10.8636891897083,479.274071943727,56.843415632093,4.69330943029378,41.15794660595,16.8219403283311,11.0123834447711,491.754299443177,58.6164659586922,4.3869912531009,41.1618460379702,17.0135024735177,10.6114622528344,470.683958475879,54.2648752944217,4.93366558865643,40.7171330478262,17.7405447064773,10.3266878347558,438.520989164482,48.2783792735859,5.54741338686476
447,40.821923700639,16.6361248429241,11.0954883755519,492.576335583706,58.8873775386609,4.88076739424472,40.6666785380079,16.605406540884,10.9176982840136,482.670756954455,57.1617511784463,5.12044037131073,41.1932474531151,16.7126424195197,11.050114138085,496.791634180084,59.2910283397634,4.72934519719427,41.1855968492245,17.0041734829999,10.5818391370193,473.33640133507,54.5980145395716,5.28996462412947,40.7387882799598,17.7487103202766,10.3248095576645,440.587230012814,48.541370831544,6.05053886107838
448,40.8283738893398,16.6072048502497,11.1557212994773,495.197238463312,59.3888791670449,4.6093856027559,40.6823361307989,16.6043057488179,10.9177037739419,482.917165247096,57.3387222240525,4.85274595056865,41.1228600002799,16.7868252640097,11.0535673348646,491.610047703481,58.4935977538446,4.6518199716802,41.1344435579198,16.9737953049661,10.5915436414519,470.924893231204,54.3138818582428,5.16740947892198,40.7604265881652,17.7453647253555,10.3230847613289,438.441199129226,48.0932112864057,5.93311789285368
449,40.9085976839506,16.65576076673,11.1867938181619,495.890317105191,59.5282316867474,4.56816854835137,40.7112274440316,16.6267655021413,11.0089075125502,484.516141683033,57.5747610860296,4.812405170124,41.2058135514937,16.7976772259863,11.0528956363064,492.938967821372,58.7551790884704,4.57202048029773,41.1409387742886,17.0397390034014,10.6750451193364,470.519931709762,54.2603651539546,5.1084502618063,40.7514619343295,17.6772631292641,10.4017266958286,440.845520963858,48.6332275280044,5.75717781860537
450,40.9031006150924,16.643290114349,11.1385949339317,493.886055257552,58.9703113416581,4.57917207312169,40.6696959974893,16.6181672981303,10.9236612303387,481.800981627954,56.9435476637421,4.84641911373732,41.2051120010409,16.7807142952929,11.058551034523,495.535318331576,58.9324622860374,4.50014723908655,41.1512850648221,16.9846355878702,10.6422437564949,472.028175841333,54.2594315950327,5.0948590454168,40.7168305912843,17.7044432085244,10.3886911112225,439.785652996436,48.2928509579212,5.75764754081847
451,40.8461798735455,16.6534291924356,11.0880288899734,490.647061491324,58.6044669872688,4.42061407417611,40.7170648643143,16.6508527959845,10.9443925565901,483.190674404838,57.3388661850154,4.54945006684518,41.1467720936595,16.7957980907709,11.0602099676285,491.604390757675,58.4449196856559,4.42880222483224,41.0530948596345,16.9859436938724,10.6219640739086,471.145806098672,54.3442186064882,4.8182876069595,40.6523430679214,17.7002301907994,10.3364052826123,438.411692976715,48.1778228410656,5.48866296677797
452,40.9667095549251,16.6883481987057,11.1333202641393,494.76479766492,59.1332998048954,4.59971881783663,40.7516870766767,16.6105718748306,10.9368225111679,482.924532613855,57.2362467984562,4.82529973506343,41.2383286165934,16.8005380696428,11.1004377805772,494.579751129471,58.9212574126075,4.5394105603361,41.1971297558862,17.060296651137,10.6495997976621,470.728450929713,54.1583855987304,5.12622050985363,40.7250186128621,17.7657224976497,10.3435123774429,439.087105185636,48.2816383075442,5.69781140139583
453,40.8453425832504,16.6010524957313,11.1500917136732,493.55751051035,58.853929366877,4.48637513804387,40.7323180794097,16.5625252066774,11.0006439534743,486.267587864909,57.6335763456567,4.53226366348017,41.1886217663987,16.7663324640788,11.0835095550981,494.916672275674,58.8541522972112,4.39162408361689,41.1892877181546,16.9602817196931,10.6852440138434,474.787850312737,54.7693237709504,4.78783810341194,40.66047991429,17.7399589619405,10.3746440303691,439.13562558207,48.2456136282751,5.50443849202226
454,40.8812908614749,16.6268671387295,11.1176117526276,495.63217358571,59.1887546305275,4.36872811914107,40.6563310336089,16.6939797023987,10.9258057131533,482.293147770291,56.8950135524506,4.6365914032513,41.1680824048926,16.7504906617273,11.0837698841339,495.132259306418,58.8682456639979,4.34450176309322,41.1261185775089,17.0393098881487,10.6131642965487,471.467491678084,54.1909252267281,4.87452221047384,40.7202451609078,17.6874050629951,10.3278753590973,440.95630600417,48.4322073215736,5.45473159739388
455,40.8897859368654,16.671642703711,11.0537284585553,491.012000679197,58.6593271110216,4.59267527771167,40.6226323453987,16.6862285277227,10.8754494715786,479.181927804241,56.7039578633078,4.85376484400877,41.1287532573763,16.809498988245,11.0135582542584,490.724442128866,58.3374960593539,4.62536742697701,41.1682353485325,17.0288860716391,10.5756092804658,470.113891721312,54.1004176186377,5.09288043861669,40.6317085604444,17.7533129926152,10.2717389265831,435.439249264078,47.6251201123118,5.91716174687291
456,40.9280571872728,16.6113171119798,11.180258792885,494.645497620675,59.2131994445642,4.54939411484336,40.6683162208496,16.5748170597438,10.9552146753462,481.772508792864,57.1279112635453,4.81200722803469,41.2169101283675,16.7309219391211,11.0962434598798,496.897519120458,59.3303278383079,4.47800058920744,41.1841670039875,17.0052254625453,10.5615465915466,470.573351927981,54.1692108301236,5.14215920147952,40.7015485259319,17.6756880592135,10.3652544498757,441.140572750378,48.5924682520694,5.77375187790061
457,40.7919129570751,16.645377845749,11.0482040968553,492.735421288481,58.6668734985309,4.59258914058051,40.6548457586531,16.6509757344488,10.8934330101325,482.63513967826,56.9304397613889,4.78683288135367,41.196804837693,16.7613294205635,11.0482528799913,496.341318784547,58.885517909079,4.48560748137154,41.1813635101334,17.0392630537735,10.5866191239499,472.496992113176,54.2515434886617,5.01627041282294,40.632748668828,17.691945190809,10.2633793856071,438.838928372439,48.1572214126253,5.6539531860611
458,40.9169162475574,16.6449663519194,11.1054421434532,494.437761662014,59.1501706784669,4.22514281135995,40.7372388278678,16.5440794890173,10.9825068363482,487.172589054071,57.9489390235303,4.37155381279194,41.2687354749854,16.8061088903306,11.0640488807674,496.140468966496,59.0416054252407,4.2394753858377,41.2159945834494,17.041881376645,10.565973949097,470.35687680391,54.0783971265239,4.81243692961704,40.7185252893721,17.6785107218209,10.3567509949757,440.421682735728,48.4340874392739,5.41430690673185
459,40.8243704176634,16.6766315794467,11.0871674998552,491.462445893935,58.6895800184576,4.76101624137358,40.6638011714715,16.6171657697214,10.9055006353036,483.481011257248,57.2580304498164,4.92108998170619,41.2378964421319,16.7949090727818,11.0448797307189,494.616738401771,58.9197762885094,4.61316816883562,41.1522856649261,17.0951861540096,10.5888150136126,470.20117330304,53.9902671260818,5.25453747705243,40.6936304604017,17.7385273259724,10.3250347298755,437.338446304412,47.9369035750068,5.92421635994333
460,40.8238522255015,16.6775851211434,11.1156208474848,493.244999683573,58.8779609965875,4.55080048958379,40.6640040029724,16.5832996505869,10.9470319436212,484.123848348565,57.3650048326104,4.72151672929189,41.2208126479261,16.7462760240101,11.0937857039973,497.147862799267,59.2199392105248,4.49757982902647,41.0882532714066,16.9965467407557,10.6077741051538,471.806911147365,54.2972409251903,5.07379833408649,40.675171381987,17.7641980608098,10.3324020118371,440.33686541222,48.3858736352026,5.69380103226056
461,40.8540777863863,16.6495075728959,11.1394515041475,495.117050262546,59.3288466218018,4.55960358874816,40.7281614632168,16.659371217855,10.9369177638075,484.169250987285,57.4523138126969,4.74090795415779,41.2104718962176,16.8306725742219,11.0229843421866,492.884596319407,58.6637148220486,4.5946050503236,41.1306135150677,17.0319798973683,10.6044997425328,470.71495122274,54.2298763266869,5.04454975898489,40.7230802511712,17.7151833181431,10.333080525067,438.212553000352,48.1573515702226,5.78840037683794
462,40.8876867242006,16.6437909603657,11.1370419007494,493.564854468417,59.1781074173884,4.68090892533213,40.7421229306978,16.5729468862979,10.9535682306225,484.532323977149,57.6654503018528,4.84086149670495,41.1651771934231,16.7993801147671,11.0327330465249,493.334001770888,58.9317792690779,4.6742263667549,41.2440450999736,17.0017942868694,10.6040459496292,473.305657468428,54.7766823943443,5.15309791263668,40.6976291202118,17.6353748294527,10.3781393284755,442.571912974296,48.8799828013654,5.82784809935218
463,40.8431304762223,16.6238259423419,11.1271229403967,493.172692526092,58.8761969655648,4.69267266986748,40.624527451004,16.6208544957066,10.9183540336031,481.17904477885,56.896747296857,4.93409823991971,41.1063575641501,16.7793639957948,11.0505488317773,493.367111887134,58.635567385845,4.65300904113344,41.1710442758604,17.030979524184,10.6197157241354,472.56952400219,54.5089753912676,5.11016761840599,40.6404274290309,17.7424188505236,10.344421066766,438.054199041915,48.0274007861899,5.85169996858953
464,40.9475978612827,16.6793925192641,11.1199443828906,493.787039118155,59.1955799380656,4.65916702107636,40.7860040330185,16.5373680381451,11.0031130524662,486.946066799836,58.0535257117184,4.76735710837452,41.196974615419,16.7619485000552,11.1076579521044,495.588859124075,59.1744875966509,4.66361160680857,41.2124289930972,17.0285981971172,10.6445436384433,473.898135569011,54.83266813911,5.09929171253167,40.7334573868801,17.7343778780791,10.3051844379126,439.375087398886,48.3775255588571,5.87868372458148
465,40.9219584934647,16.6801492271493,11.1396326257419,494.137833027368,58.9615533499758,4.58674727192074,40.7460811431998,16.5815064841324,10.9826877282568,485.204070562695,57.4288120552073,4.73757583076008,41.2854642136558,16.7979741501765,11.0991234945875,497.261523029861,59.1328199005242,4.44313340080484,41.2144145137957,17.0184178895047,10.6420542535751,473.310220092087,54.4697733279687,5.03989710859702,40.7619160703097,17.7182627671019,10.4224674338908,439.506699312845,48.2597578280032,5.69561697311147
466,40.7926518535579,16.67442752826,11.1025478324322,491.43048974567,58.8860885923108,4.4885111750646,40.6556954803772,16.6164877065357,10.9553251564146,483.570716664223,57.5803999613517,4.6398709522672,41.2346411908976,16.7664164810647,11.0442651510904,493.647386056154,58.9788514735283,4.43105453849253,41.1353854831397,17.0827919916224,10.6074106540561,467.7457657067,53.962653946899,5.04730425161657,40.7006769332991,17.7246206492348,10.3284338897914,437.009422208793,48.0751134260091,5.6482697702677
467,40.9098629636109,16.6303927760907,11.093913563606,491.310662768134,58.6652352347706,4.62187768632454,40.7650658565754,16.5770091186443,10.9501484098211,484.234797595789,57.4790345489561,4.72271716012117,41.2488784116939,16.7207631166587,11.0677522298991,494.235675302432,58.9276053709896,4.5126070710204,41.1655605141068,17.0257786466622,10.5879738945716,469.923591663476,54.1619326420925,5.02513318169,40.7027966311192,17.7494173926126,10.3604450661091,437.878186194203,48.0915817459261,5.74215368228032
468,40.8562629861104,16.6299384382027,11.1392354463654,496.047768173396,59.2479756560424,4.7468543386866,40.6888080576609,16.6338383715641,10.9472858509468,484.036360195079,57.2198623000468,5.03819173278056,41.2244264643639,16.7675871934717,11.0443243712583,496.04917005744,58.9458639909161,4.71278292750856,41.1698222694697,17.0167821229757,10.5857572480664,471.639069680018,54.1849632746608,5.30448816527176,40.6834387173031,17.769562161427,10.3312338914707,439.857427308963,48.3129878271689,6.03215008152033
469,40.8537513242226,16.6434489706163,11.1257334037353,493.172449647898,58.9497783128303,4.52709240544944,40.6995509275239,16.6053281966138,10.9254229900718,482.771091366809,57.1901222339981,4.75587794637246,41.17015995555,16.740916736195,11.0559160439522,493.84418219351,58.7528656947234,4.48726484063782,41.1517847716393,16.9670830216734,10.6227545878313,471.106886651349,54.2740669769418,4.98587231582471,40.6416796067946,17.7610430255221,10.3044940584987,438.771974888177,48.1313269391706,5.69846014881728
470,40.9513121302073,16.650971262058,11.1195081420559,495.31632524034,59.2256878184503,4.49273863338771,40.7166561007601,16.6149472048558,10.9591531580002,484.793926711941,57.5369143540908,4.66216788590158,41.2112833696794,16.7438949560003,11.0990023494672,496.354475653501,59.1073927775065,4.4468021374047,41.263310975244,17.0030432866154,10.595114899334,473.315795018322,54.6435874696622,4.93355955457949,40.6582488040442,17.7433883549208,10.2964719002476,437.361729903059,47.9403324148682,5.73106176470327
471,40.9121376278093,16.5952345348067,11.1326502990413,493.904413894625,58.962408819234,4.2014455270391,40.7265112136861,16.5409236437961,10.9898034720947,486.050831101671,57.6574024415506,4.325081553224,41.1906091844654,16.7624651296912,11.0849012147,494.262330395035,58.805470728699,4.18833559618098,41.2502333928888,16.9581643398789,10.6796642019925,474.619666612285,54.7342259253112,4.59693986455996,40.6949041835253,17.6803886982559,10.3919968325819,439.883006012359,48.2428239653243,5.23876723878975
472,40.7530866891735,16.6791428386167,11.0996282946788,492.294888630214,58.8464235439211,4.48577131365669,40.6555133637631,16.6643075232999,10.8731230696443,481.019123723283,56.9192049537301,4.6196687050214,41.0782383311664,16.8238589769891,10.9986763403968,492.792101699056,58.656999650536,4.42725936573566,41.1346781035524,16.9947881300618,10.59706229718,473.901297982702,54.6845833793753,4.83090606019329,40.5810643442133,17.7456520692332,10.297006574759,436.434850458674,47.8659478223944,5.58441215545488
473,40.836052050057,16.6168786097625,11.1582672199498,493.875021056065,58.9673806759689,4.5203477436567,40.6883736806229,16.5807065689173,10.9943548765001,486.836422726956,57.720060383893,4.62513337266132,41.2033257199498,16.6915518141491,11.1006833065452,496.181475751521,59.0482723201342,4.45102755892447,41.2813869501021,16.9399491630284,10.6863514188988,474.650831044641,54.7610252540225,4.92338361069512,40.716833608362,17.7142511964053,10.2935744987746,439.003250405382,48.0781140471814,5.7093095437323
474,40.8141685014573,16.7444970785844,11.1047636947246,490.952704637813,58.6806813522281,4.52766575897371,40.7060352021157,16.6466117407176,10.916321589578,482.268890415807,57.2084875148109,4.6585141878572,41.1541067918097,16.8623748196693,11.0218851389845,491.947069708246,58.5625545216528,4.41756847512096,41.1540032822158,17.0327023807769,10.6406163203705,472.920949443637,54.4991200643679,4.90412970381467,40.6493171629012,17.7431988807033,10.2747165737384,435.855692115688,47.7178763726681,5.63052891274317
475,40.9001194535664,16.6292287187823,11.0922853822461,494.392947440573,58.9543565015024,4.47662147395952,40.7312345894326,16.6111853321462,10.9711543616808,485.321105000596,57.4778896544026,4.67562703946479,41.2040796557896,16.7662310685407,10.9930558811064,493.440461087375,58.4549876671424,4.54450366488031,41.1318643381166,17.0181408005794,10.6028878046289,471.955867123276,54.2682039662316,5.01287348012481,40.7045563448813,17.7362748721653,10.2709737765184,437.918490953585,47.8585312598575,5.77538797770144
476,40.8823743482946,16.636499226732,11.0278634339851,492.485620888586,59.0705549254253,4.53544677038942,40.7261719420114,16.6518157278938,10.872629063075,482.701745154344,57.3724268673,4.75636343722327,41.2072389685824,16.7646180727485,10.9829707312301,493.958392019342,59.0951748490713,4.3937157643056,41.226687602402,17.0208032423731,10.570066300667,471.686851362067,54.6241932359992,4.96268566146588,40.6553172230706,17.7057393740982,10.2769954786277,435.683743051613,47.950671368565,5.7093148816552
477,40.9133520942622,16.7049248484977,11.0868742210671,492.697245864383,58.6933146569501,4.57518708686776,40.6746126882929,16.6015865628366,10.9138354934995,483.501700296988,57.1472178764297,4.7868485803326,41.259766543957,16.7741751998413,11.028084037728,494.919376607814,58.8018848365917,4.56305778128956,41.185203974501,17.041072364294,10.577677220651,471.221545695417,54.0042592627082,5.1408164648661,40.731745037677,17.7076863364226,10.281040670514,437.747956964702,47.9188836024478,5.75507547151029
478,40.8967162670782,16.6612664214818,11.1004859841446,493.576077012838,59.0511099679025,4.81158889790868,40.6823963352266,16.7176026566057,10.9061917934513,478.639946102211,56.4818993442561,5.22610006441598,41.1561121456026,16.7725338375282,11.0468574289626,494.498945907259,58.9361433517766,4.75212023432421,41.2080117517827,17.0076824425839,10.6050336482881,470.847664372602,54.2362262823123,5.35673716106952,40.7018662893622,17.7641129109892,10.3705635911824,439.964044784926,48.3752585555002,6.04777902435826
479,40.874922235524,16.6325431975516,11.1175495351335,493.534628893536,58.8425230386772,4.75840082901521,40.7068055162867,16.6180312265171,10.9236794022646,481.707931026263,56.8347564367877,5.00548644763403,41.2613867201696,16.8348151793613,11.0670084192144,495.154424730362,58.7404972593324,4.66228023819257,41.1688064142372,17.0193939235975,10.5565400127517,471.657702884623,54.1405947040361,5.23251200712317,40.7230238249195,17.7180222331957,10.3108142379956,440.580266119765,48.3380647535505,5.85958933921215
480,40.8337079026078,16.6432534692448,11.0959501336485,493.810912155864,58.9454032727729,4.45898384987315,40.6811592741531,16.6113424798512,10.9094720662862,483.610553104117,57.2011979944654,4.65587374777223,41.1266318761215,16.7741860789285,11.0436097740256,493.208271011506,58.5395908062715,4.48656969497132,41.1279349751322,17.0285497669507,10.6040420853004,471.754542340492,54.3128730334019,4.90201169137492,40.6059752575085,17.7329011595732,10.3085115446622,437.930835286399,48.1312852427498,5.53167077603847
481,40.8246402194966,16.6250747477281,11.108953481874,493.324392286944,58.648804003734,4.71142330401587,40.7104879684946,16.5398872086139,10.9733023922848,486.565674840456,57.5608668044402,4.78288158365357,41.1629642905823,16.7904641896915,11.0666657464922,495.213427965716,58.5961815230281,4.6724778837944,41.257354515079,17.0523345040224,10.66478394238,473.66552705853,54.3544324030049,5.11881922666832,40.6385871889145,17.6632536193638,10.397557473585,441.74312244397,48.5405295104575,5.77979332843338
482,40.8972142206701,16.5938221351434,11.1657009316845,496.467507200321,59.168123517686,4.60911554604108,40.7348951569843,16.5691145511111,10.9966406757482,487.348064064389,57.6515702770144,4.83616222497079,41.2634298442758,16.7830686088809,11.1356080619215,497.939083517096,59.0742278192618,4.58748406274831,41.1923362011418,16.9918555302166,10.6428188725807,474.531023431044,54.4399423084274,5.11140379709398,40.750725884634,17.7636702998292,10.3549651931998,442.930077430318,48.6109561151568,5.73766520886033
483,40.9292424953328,16.6567667839391,11.1395095042117,493.972329410884,58.843445489935,4.63789911458,40.7457470912744,16.6256063141337,10.9707490838281,486.064693255459,57.5339814613779,4.76785307824088,41.1622503985267,16.7267969743655,11.0707457828362,497.638858190307,59.2736576432731,4.44347130712608,41.1544060825104,16.9879074498393,10.5978434746627,472.75405573442,54.4114840778525,4.99911895860854,40.7407337256462,17.7337343928706,10.3127898416412,441.096237401768,48.4683177117923,5.67508211342338
484,40.842809630461,16.6841786879676,11.0865175779625,492.734355232577,58.5721492383903,4.55309875781721,40.5976177497084,16.7020044443568,10.8902357394628,480.387124789819,56.5218464881827,4.82212574380207,41.14274885269,16.8240004000673,11.0186514873637,493.213320082542,58.4305396951297,4.54219061361164,41.1815712679433,17.0219974742805,10.5894369700328,471.851232780932,54.1860457225338,4.98180212194388,40.6509141296284,17.7361878533252,10.302283027793,437.742878697717,47.9161429811818,5.71705643242156
485,40.8448554462869,16.6498493521795,11.1374198545821,494.52603702994,59.2562834319457,4.43082938375149,40.6686583024217,16.6192494715291,10.9236634062121,482.381312826784,57.1435078535197,4.71910124143731,41.1962625392971,16.7472310797507,11.0642604885903,495.677187293311,59.1936323600112,4.38768712159194,41.1846037693914,17.0308641596445,10.6175147136681,469.296863098479,53.8419278689841,5.00415742025963,40.6865090544669,17.7007256825218,10.347355822847,439.070970972321,48.0611740846271,5.66188124664661
486,40.919973509979,16.593823895774,11.1255871998129,495.033407725049,59.0474003681017,4.67120518724956,40.7601624067023,16.669139469477,10.9279197803457,483.289306418045,57.0343736722524,4.9050228591794,41.1913557287595,16.7247026671137,11.0866247048032,495.499186883922,58.8050421341672,4.67436088091114,41.2097747597772,17.0534186970863,10.5910534541266,470.105956027537,53.7587972539146,5.30712918087895,40.7745262480014,17.6536980013752,10.3783177429196,441.035443238961,48.5215447688256,5.81167075513016
487,40.8962074495899,16.6234226482705,11.1052950504508,493.702274010699,58.8960276636274,4.61979821155944,40.6993017087743,16.6337355204493,10.9145673072337,483.314814857322,57.1476644724119,4.86465269846535,41.166386422248,16.7614288921559,11.074632191292,494.898516523365,58.8917498186571,4.5768114640887,41.1916538397892,16.9509578228525,10.6153654713862,472.498148272323,54.4111267577613,5.11730448117553,40.6373836372554,17.7752577366929,10.320573746631,436.960711471371,47.9212135444088,5.81430872497266
488,40.8950655753686,16.5866515322645,11.1634099266116,496.559432535789,59.3780255697326,4.41611747466533,40.7284615169085,16.5473461222115,10.9697608873495,486.230942649134,57.688675371276,4.62090865721427,41.2312037414705,16.7821294859548,11.0532506408637,495.156214456245,58.8585818108527,4.38212384186003,41.2231241465636,16.9627695179475,10.6705459271437,474.887503981778,54.8408361564032,4.87499880491852,40.742585484636,17.7273447999613,10.3633494688485,440.556657353852,48.4724561283662,5.5390805861477
489,40.8745449550813,16.6747888829199,11.1131171350596,493.222817177995,58.8609427716678,4.58799153555691,40.6980017616296,16.6380516582992,10.8842603778957,480.444828268003,56.6104589434247,4.8688059275226,41.1715163681524,16.7766524499542,11.0383846717786,492.850001938476,58.5439810979939,4.57908525450602,41.232311943319,17.0189322447365,10.5883634762431,471.16369821806,54.1985441542578,5.01184147879484,40.6717511388537,17.7490398479417,10.3202207142793,436.167655411966,47.7656263571852,5.85556719143386
490,40.8753550589406,16.5788323371386,11.1811438343366,494.899271347009,58.9274486266044,4.62657304175477,40.7031644565609,16.5379318811375,11.002812245847,485.15494415214,57.3467141308111,4.80894745659571,41.2021554857245,16.7346629923612,11.1231874094493,495.694827478528,58.7208659210837,4.62792539192365,41.2174321365052,16.9875267894804,10.6267501857822,471.355578346828,54.0446323774061,5.13371911486024,40.7746490545158,17.7139443642609,10.3571881723743,439.935800600882,48.1316548005061,5.88526832973433
491,40.8708270532881,16.625949670424,11.0809351994804,493.331155023403,58.891912167224,4.53948546920671,40.7152501805654,16.5981472006027,10.8980425884376,484.366080936927,57.4094664183173,4.68950531687331,41.3239534460503,16.6992390010186,11.0989370538567,499.943010008582,59.7802414884295,4.34622069323233,41.2419027213088,17.0123566918658,10.6033961807202,471.32939591395,54.298441092017,5.03745518777602,40.7458936515509,17.7022644413067,10.3331940060066,439.581082541029,48.2891520853597,5.66825724301456
492,40.8172364363611,16.657735841337,11.1172966608452,492.968177147914,58.8134258955679,4.78841295707425,40.6690878725848,16.6233864114721,10.9489263865702,481.825992927221,56.9638495294957,4.99184226165349,41.1291219320327,16.8322924370745,11.0299257221869,492.112448003496,58.3421024281057,4.77177299777087,41.0737937376918,17.0302647347215,10.6005980378169,470.304130698431,54.155766500546,5.19586582638876,40.6741136516779,17.7148455366605,10.3291887749596,438.030440200625,47.9735149790146,5.96558225125283
493,40.8554936263483,16.6228113588404,11.060971020164,494.186464162353,59.0866409390448,4.55285044782698,40.6843022706372,16.5689264444375,10.8550697048235,484.259629693371,57.432255429584,4.68819670000916,41.1404067403001,16.7471961045302,11.0184017145624,495.354137966246,59.0020448707987,4.51094088604202,41.2038850564552,16.9896861443106,10.6029452147219,472.610151863345,54.5078942737127,5.02473266847139,40.6131716516984,17.7311180180692,10.2819107673515,437.111034148746,47.8655704344857,5.81863987241533
494,40.8721771107407,16.6244826585099,11.160206839413,494.967968176464,59.1788514669621,4.63432534183192,40.7542045879801,16.5516673021379,10.9738146870517,486.3704343162,57.7225537334351,4.7677772775024,41.208169009967,16.7607424482038,11.0416992941863,495.287672531704,58.9322700157941,4.60874644485277,41.2551466627585,16.9907747685128,10.6237084719363,474.08868783188,54.5397565104733,5.09706461160236,40.6499427499338,17.7100937630293,10.3329156195004,439.883451370946,48.2050915768791,5.84303964740695
495,40.8809941878749,16.6680316141058,11.04944529077,492.835266320606,59.0130464022171,4.65192873876771,40.731357580909,16.6359138295767,10.890199908244,483.39379096401,57.3699043626603,4.86479750367374,41.1991263286554,16.7734892414358,10.9969275417269,496.318457291274,59.2190861159852,4.61093789200692,41.2792934042546,17.044193983878,10.561702873024,472.322883492124,54.5284947469711,5.12765692906949,40.6948483296635,17.7362674800949,10.2796296261513,437.739324702756,48.0029755425086,5.85857276243891
496,40.8713978878237,16.6045452685778,11.122185405178,494.034066604111,59.0260034158422,4.46304559727351,40.700839411481,16.535303121346,10.9637533676717,484.812964821423,57.452455495857,4.68631300137715,41.2889378955075,16.6995498917633,11.0690125322002,497.76400007172,59.296264519605,4.32201890794917,41.292403177504,17.0253436892532,10.6233276099236,474.502545831165,54.7694470259236,4.83541011692296,40.7145807227137,17.7204262764947,10.3569603400676,442.234187926021,48.7199299196722,5.50397923811526
497,40.7264497868918,16.6348583107661,11.0449235641806,489.400825495139,58.3690544336016,4.70495853223258,40.6557673561986,16.6037083072789,10.9167071599376,482.25769613701,57.0891084463563,4.85904664449882,41.0788118503021,16.8077490514311,10.9759972786169,489.581346453581,58.0416038481154,4.70455034521859,41.179274516784,17.0142390204824,10.5313221604374,469.587326293832,53.9448928906105,5.15227809585907,40.6504900836902,17.7456487917425,10.3317564197505,438.841938772626,48.2802944743447,5.82679705368797
498,40.871478273515,16.6567055728236,11.1164202347138,492.763650979541,59.0825657578208,4.46707987811042,40.6344103392354,16.6459075356346,10.929131429813,480.336924239785,56.9361202672109,4.75086970938305,41.2165060709401,16.8068909472698,11.0266980922515,493.238491607582,58.840588513147,4.48226868864114,41.1296187507444,17.0439188960999,10.6112817511722,468.158901485008,54.0296637540441,4.98154438431258,40.6343207395874,17.8256256356575,10.3331971730485,436.609264179965,47.9275840145191,5.70800611269633
499,40.8480131755347,16.6567979261799,11.1028629387793,492.441299429213,58.7968252801938,4.57651230380998,40.6905345254314,16.6672373448849,10.9079325487712,481.817239804275,57.0028309769694,4.83118464853284,41.1680092007887,16.7846053877788,11.0291459490388,492.102195277462,58.4996227068577,4.54800140467299,41.1949802885513,17.0575873951315,10.5982849837042,471.01855986793,54.2666191421131,5.06745144056633,40.6337087010326,17.7617950766982,10.2442331501956,436.432635049862,47.7702789605298,5.81117885189476
500,40.7768725766078,16.7017041780386,11.1187447845926,490.239917118333,58.4733130234578,4.56411344166698,40.673901686933,16.620769449811,10.9456504369583,482.200987905992,57.1310467646713,4.68408843707026,41.1604475673368,16.7945197708556,11.0469808796254,491.684293092224,58.4880892185346,4.4979591568458,41.1174080406999,17.091731379742,10.6047058415597,471.132536584243,54.2602364881367,4.97354764311575,40.6279699641701,17.7993791745279,10.3081827547062,434.802087415394,47.5996979350364,5.67813444580117
501,40.7677711516176,16.6791575068971,11.1103271842157,488.800731682457,58.0798569795023,4.71940285260457,40.5606930560456,16.6811072638135,10.8516371522593,476.641682621512,55.9887284386449,4.95797232840666,41.1409837940349,16.8028799991975,10.9878066774531,490.341277608624,57.9082347025419,4.73095809591187,41.0602405866689,17.0511304455685,10.5747005801265,468.444797937567,53.6315160830197,5.11808116943473,40.6573380391011,17.8016059228611,10.295839244574,435.29091710817,47.3669236068863,5.86444185673793
502,40.9080487729755,16.6352368228881,11.1390942708263,493.034583615968,58.8945085610683,4.61766586317184,40.736546219586,16.5932217164264,10.9689005577313,484.881348891459,57.5218377771838,4.73757525100712,41.2037747301045,16.7365746293255,11.1170613760204,496.347997911749,59.2057347062951,4.4942994804398,41.1733889341647,17.0143921890177,10.6385180938521,472.331638831546,54.4918756964522,5.00542602469225,40.7221889433413,17.8030985461036,10.3333425630305,437.153212701189,47.9120655107688,5.75460333781829
503,40.8625122053186,16.6264394816966,11.1172666803573,493.164867928318,58.8430106433292,4.62845808016895,40.6943756132067,16.5849579570452,10.9284204389147,483.18705395851,57.0933783660251,4.87466034075493,41.2195214715287,16.7656201133006,11.0616651341652,495.537884988764,58.8615516013233,4.65628904552163,41.1653796273729,17.0207840708989,10.5969784099463,472.019464267129,54.2765410007035,5.12601883530603,40.701219172205,17.7624503393365,10.3500315832592,439.231482321441,48.0094676444826,5.92171436272343
504,40.897814405581,16.6663982938225,11.0971666677914,493.096104500463,58.9685069230763,4.49877316246224,40.7131137495905,16.6203181895126,10.9197033846061,483.875980538479,57.4470775924279,4.67990341462962,41.1658729097514,16.8481486969662,11.0061561891062,490.896181101649,58.3096750855302,4.52230043323677,41.0965582506231,17.1194991788567,10.5755399932793,468.564197632364,53.827337589983,5.06442601126998,40.6568576511003,17.7657853034541,10.2859799160266,436.956642473609,47.9361796437819,5.69417233453781
505,40.8973964009136,16.6584566844095,11.1600957126356,494.490520089872,59.0974125950044,4.48359991682367,40.6482084492304,16.637894471439,10.931698367468,481.884264896126,57.0162996274306,4.7910112490801,41.172314625982,16.7689252616176,11.0969452119582,495.925008134479,59.014716212474,4.40087772497194,41.1773526460534,17.0335244168736,10.6501727562565,472.936610651299,54.4847202945083,4.88280932186336,40.775550293214,17.765842278645,10.3638335324072,440.346538874609,48.2785862935815,5.61808012231854
506,40.8996148674161,16.7423040086363,11.1146607020127,490.113900736228,58.7617737855161,4.76857916674461,40.6363167945052,16.6828500582469,10.9518323750893,479.984783535524,57.1068481162939,4.9603296107659,41.2095599194407,16.8415307794681,11.0381760521799,493.130330330698,58.9156353915785,4.67643831066184,41.1561342093924,17.1035848599762,10.6597670216211,468.773483755193,54.1152063035879,5.24829217773765,40.6948499299018,17.7477638193364,10.3235828008191,436.876281949383,48.1020488146503,5.92770028249976
507,40.883948121422,16.6268537101119,11.1434902981819,495.524910760003,59.1451395161929,4.61266007049088,40.8152503004192,16.5603232788024,10.9872261908155,486.051969704526,57.4422593713466,4.85326030637951,41.2027629468228,16.773417754847,11.0850876107033,497.421332746868,59.2207335299761,4.47145543219987,41.2616057873767,16.9714078335583,10.6673503142457,475.726358311059,54.767308688607,4.99571713011388,40.6186080955443,17.6830483060344,10.3599258079834,440.095880658474,48.4338101983584,5.74998680298643
508,40.8497941532516,16.6894769238121,11.0817656901319,491.620391310781,58.7220700494361,4.75431642267029,40.6268554421801,16.6239661716038,10.9034062049134,483.274448577979,57.3354095847618,4.88130280709986,41.1954057207056,16.808417798847,11.0442606070803,494.045386094184,58.7741544305224,4.71327949769933,41.0966812147527,17.021373621344,10.5946975324989,470.90446998757,54.315876053548,5.22559454174926,40.6497207185159,17.7606091002107,10.3264720517511,438.534002111774,48.2287233961404,6.00289414939331
509,40.8758401282478,16.5981826185076,11.1441425069337,495.038754820618,59.0643093013597,4.49754474169616,40.7853942131627,16.5470850845375,10.9734044052433,487.167953822829,57.7242238050715,4.61456887088073,41.2336724142291,16.7855785130905,11.0632581387957,496.800107483105,59.0245925258752,4.44049157714154,41.1924505434349,16.9588827471278,10.6175646951651,475.641399090296,54.8414763802628,4.89475270734949,40.7494900841473,17.7477919001043,10.3606549448879,439.9542830956,48.2618329265726,5.63001123467958
510,40.8918160364796,16.7147336280804,11.1503388536158,491.890965302908,58.6340653443896,4.75146724252535,40.6582720026835,16.6657101981128,10.9581954059852,479.010048599953,56.5355516738444,5.01710993769446,41.2190876104179,16.8371809466496,11.0726947114972,491.890477741867,58.2350972763941,4.77531304825187,41.146662590401,17.0139331989212,10.6160296170546,468.325363132456,53.6660968789393,5.28439097745685,40.6313649702494,17.724788688998,10.4085721295151,438.78881193482,48.3009149278969,5.84954608515558
511,40.7938038311426,16.6888158039202,11.0627105653614,490.049259117616,58.615870309549,4.69617367113346,40.6814427629696,16.6473812453009,10.8985101892792,481.89986011633,57.20866217905,4.82857785653357,41.116816398286,16.856949580772,11.0184235331556,490.380441397035,58.3858918709284,4.65101826009724,41.1338574861493,17.0847525120731,10.5058444608871,468.615689646122,53.8753669912378,5.16114598973179,40.634778221012,17.760984916237,10.3056403545149,436.888577981651,48.0246222229801,5.84152129909202
512,40.8534553211984,16.6625071181452,11.1457428327663,492.933454944372,59.0275240191816,4.57249040677804,40.6488470381831,16.6656294236149,10.9411455554234,482.299162919568,57.2170005666216,4.72945561301493,41.1654652096266,16.7592616487125,11.0866304356591,494.811903087008,58.9829951824623,4.47470810520223,41.1914719537136,17.0527706358664,10.632600940697,471.722183577917,54.5327227091734,5.02233510295154,40.7224588574923,17.7292608644632,10.3704576163011,439.698031218813,48.4232007559328,5.68653206179673
513,40.8732212907756,16.6277426970099,11.1512206188069,494.183687893487,59.3501129897253,4.65966065311932,40.6300511003388,16.6661975718345,10.9457755800429,482.173875503151,57.3376679383297,4.90759143318057,41.2497609393063,16.7745812374096,11.1020889317448,496.524912643116,59.4355626293664,4.58056946719141,41.1934628414149,17.0054301963105,10.6742492827647,472.946496589326,54.8237297398907,5.12896294737445,40.7099536547496,17.7510823665218,10.3634608502432,438.774806295204,48.3562248514661,5.92939111645645
514,40.8454277673601,16.6884948953474,11.0990059616372,490.370057281376,58.5770294027199,4.73273398316746,40.7376670755333,16.6121940663182,10.9246748428932,481.517930725863,57.0627084068767,4.89378180164758,41.2407811059909,16.8443775853421,11.0395743158775,493.203819248027,58.6981502093705,4.61720316786396,41.2117812246207,17.0551309102577,10.6447041902523,470.640606956086,54.1641317239444,5.12320437736247,40.714845984488,17.7572289394116,10.3326603685772,440.005161044826,48.3519390254506,5.79947067849363
515,40.8301833823634,16.6642729991786,11.1095713944639,489.10649912803,58.4436543304081,4.5205034408196,40.651498115632,16.5859156954191,10.9153769361266,479.989413301765,56.9240929752415,4.68199662635854,41.1479817673178,16.8211687709596,11.0346702133384,488.476607851972,58.0305577335213,4.58432949749925,41.081009492131,17.0640134992379,10.608943552759,467.48944842751,53.8028203175231,5.00880112645181,40.6651411237652,17.7722970556657,10.2941581420153,435.763272819515,47.6906402237617,5.77113515988432
516,40.9456092433744,16.6144546872951,11.1194465099221,496.050483721134,59.2315383064369,4.59644066735,40.7381392184374,16.5511179662013,10.9508143687672,488.222377454354,57.9476441138636,4.6736600808449,41.2500635176754,16.7080103190558,11.0788000305658,497.768535744905,59.2355676504848,4.52462087137582,41.2070878899615,16.9650618867584,10.6458856887961,475.203168433911,54.7694403034521,4.96116568791237,40.7970208759138,17.6835075871226,10.409331652039,441.710930130271,48.5447307020327,5.75260635382188
517,40.843998113952,16.6623696083953,11.0765822872966,493.593340334137,58.74049513552,4.63998652414154,40.623370864089,16.6494955688432,10.8411287790199,481.360020319122,56.6739624353273,4.9247336388045,41.1494778246881,16.821635231528,11.0090360138027,494.021475496501,58.4836882192985,4.68580193323062,41.07303405246,17.0198202254832,10.5596641841524,471.230466103387,54.0772173075745,5.14144128990849,40.6583061350081,17.7576263559161,10.2919311355686,438.715251768047,47.8744365094709,5.92770190636462
518,40.9011516839728,16.6638734208218,11.1416878245243,493.67700109267,58.813731543464,4.62799009110773,40.7050647750929,16.6657249190369,10.9271773589239,483.372311394314,57.170533956787,4.78598623945909,41.2234336548073,16.7675661895292,11.1194319166278,498.33096410899,59.3552900242266,4.45690127898135,41.2181772012467,17.0348126981255,10.6579001517517,472.947157920379,54.3999247167921,5.08940710123109,40.7880829594312,17.7260378763099,10.3617471656756,441.114379874049,48.3385595528447,5.7876573245149
519,40.8566325003009,16.6707081260609,11.1130345915055,494.169280066496,59.1301409209453,4.58365927368607,40.6773656039111,16.6117413137288,10.9487540651208,484.371304599637,57.5118869793687,4.71934311867088,41.2430469656738,16.7214794202369,11.0594080421166,496.938587435364,59.2818865424329,4.44403178120473,41.1010724264125,16.9882387045229,10.6550428220291,473.196015515433,54.6691853877689,4.98534733475818,40.6362919105699,17.7186821242868,10.3487349030312,439.273861121886,48.3887323303088,5.71953959311567
520,40.8812595038643,16.6561921339568,11.1326482004172,492.294498740874,58.8458181215113,4.74629343854155,40.7008995262748,16.6299631289924,10.9296808707572,482.083615185055,57.1327015863511,4.92268457799371,41.173170225882,16.7813045386945,11.0733726397458,493.890068805903,58.8795365034509,4.58702215213418,41.17428643193,17.0259295246116,10.5915671416081,469.447306183902,54.0849911412282,5.19252928415377,40.7319851074164,17.7564155652106,10.3073669650434,437.976079782362,48.1485120120559,5.9119298360045
521,40.9017099774013,16.6704176316608,11.0783953918607,493.082522897677,58.9759223338313,4.46822865171015,40.5683995976397,16.6821233241612,10.8391087888327,477.548767490041,56.4245979748865,4.8352734759603,41.2486966685373,16.7655247976724,11.0564054620945,495.228078154755,59.0137948534952,4.43280024399926,41.1233838712016,16.9751331195709,10.6154480892682,471.509345232195,54.3683790860703,4.94613604644395,40.6403457012087,17.7743104375555,10.2615519042574,437.139989197989,47.8361743367767,5.65427139788179
522,40.9403171933992,16.6388430435538,11.0947934828019,493.911972295301,59.0585717617293,4.62623881798281,40.8033979322158,16.5306419543907,10.9619541953484,487.372158002073,58.0027115213854,4.70114504511863,41.2763943197236,16.7623620901038,11.0448230464797,496.222252233921,59.112358385712,4.58402477995525,41.2011954800683,16.9987567131965,10.5700006668478,471.044307130652,54.3350488130844,5.0379674952993,40.7150562208162,17.7677642008184,10.2953953733244,438.5089604726,48.1819014133319,5.70573591266198
523,40.8762070993492,16.5911582539569,11.159904156229,496.186669375462,59.4801172297113,4.39286970656935,40.7386021416277,16.5972669407068,10.9619710093491,485.225255470294,57.5666750103884,4.63308268109126,41.1764119876106,16.8025141966729,11.0749271728771,495.324034653883,59.0282645142345,4.40986092801533,41.1467160305683,17.018026338411,10.6151989452913,471.382585100527,54.2038699217916,5.02960379713729,40.6563227648623,17.7145808203043,10.3455554670672,438.74684194741,48.19256405773,5.66809968946749
524,40.7955943514969,16.622870965568,11.0812044897361,490.391123917595,58.4592228168428,4.58473620841053,40.6721658578932,16.6438230183079,10.9667522525735,483.196254669807,57.215075715976,4.69548935751768,41.1291636820383,16.7892550530593,11.0691759617169,493.886905264349,58.6801545626097,4.515864235178,41.1246901749913,17.0646249080832,10.5757812673216,468.470288402116,53.8208010381946,5.04720783785816,40.6365942641638,17.7259984075459,10.2744330438695,435.540822352902,47.612227288853,5.72792289377565
525,40.9325815918907,16.6879957545313,11.1480980425538,492.654115336849,58.875426208221,4.67454682279365,40.7460778894158,16.6090403875007,10.9260844338529,482.06738136395,57.08990534908,4.90490157592206,41.1807650121836,16.7722037080508,11.0611147615461,494.108696411568,58.8535520012086,4.62959187182496,41.1209479053446,17.0809213112461,10.6401936011812,469.354899926146,54.0185436557837,5.17815813191979,40.749097103905,17.7638408644904,10.3337393640119,439.717839929139,48.3420244690139,5.75439678367368
526,40.8586281530708,16.65678611616,11.0855868859151,492.651264219961,58.8360796543129,4.57899851690797,40.6904350487314,16.6224907070178,10.9158131678317,483.804052341,57.3709018560121,4.70598696704137,41.134736823791,16.8002376762682,11.0308224247801,493.746913212154,58.8029863869009,4.505235967857,41.1371411014031,17.04829232131,10.5971299589523,469.306576120911,53.9263104893167,5.12573054640133,40.6743923947764,17.7406697784476,10.3390628638016,439.634221993912,48.4356942769459,5.70162797608899
527,40.8940702597426,16.631758802085,11.1162851498468,494.501469781328,59.1694700708075,4.38671752505587,40.7767950409606,16.663695309552,10.9202127227552,483.069046744817,57.2101384524298,4.60895168859016,41.2304190082997,16.8179281453761,11.0862029000491,495.83619094393,59.0816248268641,4.35409032433675,41.1485243814659,17.0729939320241,10.6168225017665,471.657485659128,54.2868683601338,4.90570367298036,40.6952141693142,17.7315939995859,10.2970262755009,438.325585936215,48.0191752305152,5.57825350798858
528,40.777732817941,16.6827543737653,11.0502098273382,489.456819135134,58.4108071786794,4.65498061824421,40.646884999186,16.6047053813451,10.8960486728463,482.043023212416,57.1324753741106,4.79293306145067,41.1621571457069,16.81181804381,11.0384518186062,493.373828569927,58.8431761087798,4.52647994219452,41.0493900925283,17.1153005619146,10.5898400325794,468.814578169147,53.9009417902784,5.11731928761643,40.6326579000363,17.7650844179863,10.3477236410045,437.230922992701,47.9548968085005,5.79136523263685
529,40.9162322966026,16.6638271874227,11.1087366582607,495.019652835688,58.930383228234,4.71789649180457,40.6987590556925,16.561116642509,10.9321633207418,484.319663485946,57.1894336926831,4.96248233879715,41.2553997740261,16.720599893834,11.0801969711894,498.16720003674,59.2412852349322,4.67408066943214,41.1469580266058,16.997214543935,10.6074959650201,473.735722657255,54.4321468248528,5.18965915942058,40.7250049796042,17.7318244845007,10.3608065471722,440.847492291427,48.3738237491964,5.93178944084911
530,40.7857863633495,16.6452093848778,11.1454814421962,492.510652371116,58.8750142803008,4.4074694340695,40.6903477712154,16.6083006136127,10.9732034302867,483.063776860551,57.2783870769806,4.55371530282133,41.1670643054252,16.7995264515093,11.03495349099,492.40830376977,58.5414724423603,4.39284868402945,41.1282004446962,17.0118651961538,10.6240625285582,470.483531025355,54.105434031394,4.88882561506956,40.6483326439344,17.7281932495167,10.3351078537256,436.577686344463,47.8195159538652,5.59997107073682
531,40.8545840531425,16.6625118459134,11.110990063949,493.229663092221,58.9898496237331,4.70430338591265,40.68027125743,16.6568959448675,10.9290242157855,480.976032670082,56.9872816027991,4.97599965972205,41.1825886808482,16.7756154873657,11.0564465490269,495.684081701882,59.1335754661221,4.59068546427087,41.2450628449222,17.0107826084832,10.6557422087247,472.763121208295,54.5881741920429,5.11333671665906,40.7199284846747,17.7671305976955,10.3710330585917,438.94954958602,48.1582927664802,5.92555969738922
532,40.9246091844508,16.6728343045368,11.1378064354409,496.706527626752,59.2141398866555,4.45642661580575,40.7704165796209,16.581715001293,10.9943396285874,487.903314860801,57.708513695986,4.62168121320703,41.2608669621596,16.7882707586724,11.0609444052754,496.02341765472,58.841746480077,4.46779125571014,41.1782098656903,17.023667983434,10.6611521258716,472.830370708226,54.2666652518448,5.01930576286284,40.6514258864577,17.7015765795526,10.341291803579,438.795012494618,48.0450566908908,5.72345148098202
533,40.9573383156716,16.7008298884645,11.1399042108751,493.934777411662,59.0169335170776,4.46107603167849,40.746213825777,16.5931828471205,10.9720209095185,483.914583698182,57.4057500573418,4.62300309182302,41.2779750418668,16.8128831653365,11.0779966687576,495.772766116275,59.0535496606429,4.43046246652001,41.1653654528499,17.0239476409734,10.6404175762319,468.750207182643,54.0022238597387,4.98064643561383,40.7444579297124,17.7689603675738,10.3282356325714,437.789058271789,47.9083450700999,5.69022271685718
534,40.9154417581465,16.6663237744037,11.0604951309288,491.894943841347,58.5776557921792,4.44724757420608,40.728126186202,16.534386098398,10.9160966715384,486.700636112968,57.7407160869678,4.49323804718403,41.2090563603633,16.7465106592565,11.014899183517,494.595441441826,58.713650766606,4.38308271288172,41.1395915122017,16.9653305535995,10.601657527661,474.013206249192,54.5002360302992,4.81741502735324,40.6841498578216,17.7033372879699,10.3643318515609,440.467944161051,48.4693530189393,5.50258045668774
535,40.9209528875845,16.6524293695292,11.0536725112132,493.056878231095,58.720718316241,4.79174160574545,40.7711711485859,16.6273705474405,10.9302397376654,484.802860352849,57.3632164522091,4.9202899882195,41.1833474270946,16.8161466535413,11.0077618704647,492.496268863996,58.3111937291223,4.75797899999187,41.2179956785265,17.0607225814439,10.6063321815756,471.431906557745,54.1423432355388,5.19337082969789,40.6426553231961,17.7987077840034,10.2917846255106,435.676872694235,47.5242399917237,6.0015302029379
536,40.9199051732975,16.6680383741977,11.1026321211125,494.216806434081,59.2581440602065,4.61290136347062,40.7297520456091,16.5950068397818,10.9172915502039,482.88780171109,57.441905417148,4.85115309484114,41.2314388781542,16.7912905698884,11.0496794562667,494.603378827008,58.9749412375514,4.64428448894708,41.2026192005927,17.0035011491313,10.5676254322735,472.454664466804,54.7012934942787,5.05446926851913,40.6688657917586,17.7802362107049,10.3195669847597,436.938189864079,48.0878679143818,5.85276641448088
537,40.8030744933127,16.6475896767731,11.1088242625001,491.535396280363,58.5946807457127,4.42434807402616,40.7070266539479,16.5931320408642,10.951872741135,485.612362359962,57.562725697575,4.4857687065273,41.1170336244858,16.7915850435723,11.1048350816172,496.084150199943,59.1354903211099,4.28710741719375,41.0586139411294,17.0416788498294,10.6199954364132,471.800577152107,54.1760033199738,4.90466830273025,40.7375422252979,17.6624430168116,10.335819102375,442.17904859702,48.6448081267968,5.37590076113274
538,40.7854470590557,16.658237183187,11.1281423276589,492.473843654843,58.6942758342622,4.78334149443403,40.6085914519775,16.5840742811157,10.9238889328063,482.645879516537,57.0648973794302,4.98686884472666,41.1502120041941,16.7859466107034,11.0634392691311,493.307172423436,58.5403734904033,4.69455684682433,41.2220061588156,16.9860791907269,10.5915592018435,471.990618543581,54.2334985287901,5.21409122815209,40.6322793328095,17.7141304043541,10.3273393393152,438.378134754555,48.0756656651846,5.86057032728768
539,40.9003549853668,16.6044591607642,11.1611651674553,496.453636197686,59.4241865186933,4.52054618616286,40.7508862126084,16.621514045684,10.9614739487245,484.524974678645,57.4444149874218,4.78038085090749,41.2321387394634,16.7668936704598,11.0623360867851,494.307387114802,58.7749867092569,4.57077780495801,41.1455799946247,16.9921205588099,10.644689355151,472.897831663688,54.481740239771,5.05277356775211,40.7641106764346,17.7051330747381,10.3479931217816,439.387547061905,48.3075873671311,5.75372383014071
540,40.9047260328972,16.7082701090515,11.1017020819621,492.381719273411,58.5057994912404,4.64957746606273,40.7030940935062,16.6299067708668,10.9175378307469,482.867525188249,56.8764306773546,4.82738983361949,41.2270091944738,16.7633297048931,11.037024455023,494.804641461123,58.5708348128574,4.57536237892443,41.218332892955,17.0418565847857,10.5590192458438,471.191153701284,53.9993984556352,5.08814072377926,40.7466516091656,17.7456237387714,10.2781390682955,438.191076435261,47.7932761906881,5.73406546095075
541,40.9265013152723,16.6479609702322,11.1550636743267,496.442005787198,59.4494707622448,4.29267743290093,40.7399829205586,16.5859386160491,10.9515916726949,485.629929874323,57.596640504368,4.562232728699,41.2169438955175,16.7495964446238,11.0728499383532,496.227094878926,59.0959446177592,4.29240852976281,41.2490168258027,17.0047654762308,10.6182028763315,473.076832985814,54.474810795101,4.81681978856408,40.6599865603743,17.7249530468851,10.2899477171657,438.649239563556,48.2920091073273,5.4678922890514
542,40.7995760798535,16.6453008342513,11.0830013905293,489.684190831246,58.4434798705214,4.53834500738726,40.7096777307194,16.6354066205688,10.9199317383255,480.529320633544,56.8288198561736,4.73550045296908,41.1618354950147,16.7909327548733,11.0460408268021,491.296809584074,58.3750681412993,4.48903151063158,41.1459855011618,17.0344314230894,10.6175947280513,470.110764321684,54.015756991598,5.02359983414244,40.5926952362407,17.7205822675769,10.3179967866865,437.413699338498,47.9991133746245,5.66645688336581
543,40.9230035702778,16.5860565561745,11.1765964594205,495.146803861295,58.9650188287825,4.53194467289862,40.7677225901037,16.4988582099259,10.9920519727509,486.465291594391,57.5345425127676,4.71475781701697,41.2239959888052,16.7186112566645,11.1301423727438,496.263167789507,58.9207981213073,4.46478761083446,41.1701312302841,17.0198408524299,10.64631685677,473.678082658491,54.4972217556146,4.87934851336998,40.7425043675644,17.7191216174021,10.3942107089485,440.814713431409,48.2896226238439,5.65080920195736
544,40.8807605450865,16.633015461738,11.1598218715501,497.056304352491,59.4662362779425,4.40152201011177,40.6727417651548,16.6341769075126,10.9097385508896,482.831679523946,57.008768036081,4.70519409949436,41.1569445437866,16.7151571731144,11.105426453759,497.641296070974,59.3477369297381,4.34922542708074,41.206126249452,17.0377736180368,10.6039215868937,472.497465891056,54.3749333683762,4.88104281635255,40.7516544766959,17.74777119882,10.3708466197586,441.399378825567,48.6333832400595,5.50272157738329
545,40.8075170554358,16.7155229108754,11.0360413963334,490.602791403218,58.4553208907551,4.67455938234751,40.6094661068187,16.6705482678141,10.9120935537879,481.151845765723,56.8952373904071,4.88447310093864,41.1397823556523,16.864142446594,11.0021842501983,491.84693444767,58.3084484253811,4.66360272630419,41.1328221883437,17.0369797653138,10.5903441466701,469.806069019282,54.0036941382273,5.1581145811678,40.6762995609075,17.7203353871523,10.3165174102136,439.483577531765,48.1693481851688,5.80532069864064
546,40.8693269212685,16.6438146833903,11.0756317144985,493.062657583176,58.7369609709508,4.39746762453148,40.6636498065948,16.5609388288043,10.8972123445751,482.698077353126,57.0149292187421,4.61250891050194,41.1476302142983,16.81074149674,10.9907583650187,491.637614030397,58.2597935531091,4.46274411199732,41.1150797515158,17.0758943848366,10.6090116691919,471.055789277354,54.024093638504,4.86142472817984,40.6473478900188,17.7386433175145,10.3305586224148,438.517976584689,47.9808682397966,5.56319507827801
547,40.8284582303947,16.6870244374306,11.1341153622424,492.21553606903,58.8148641952016,4.71037730501404,40.7171532638906,16.6135894526168,10.9003115984237,480.544648466722,56.8422784951366,4.9322046444918,41.2352139641539,16.7589775189601,11.0760014424784,495.44888677904,59.1167990080811,4.55811174337586,41.1610304503631,17.0407884157596,10.5883081649354,471.031185526403,54.3367685254874,5.1610969597481,40.6545823478826,17.7937679633032,10.3074988606107,437.271029042821,47.9974266412059,5.91950997700599
548,40.8079255993105,16.7155876555799,11.0800131312423,490.752774996807,58.4875482756054,4.73343381180397,40.6932468091853,16.5945694926809,10.907255932921,483.004746060974,57.179486711838,4.85566046589844,41.1796429580042,16.8315662062503,11.041550435724,493.824663733983,58.7330027472143,4.61422636551795,41.1262783046808,17.0039343610896,10.6142177222739,470.840591281401,54.1933060631048,5.16105107940159,40.6591270385088,17.762225952546,10.3337159178378,438.119596796981,47.9319684614136,5.84225624792522
549,40.8475474660387,16.6842755008358,11.0762216636487,493.046469376849,58.9507206608209,4.73541810742104,40.6740290191784,16.599982683901,10.8869749942849,482.268927394738,57.1145070736963,4.96724077954553,41.1919609636882,16.8431256276518,11.0353800712129,493.2192641142,58.681247126263,4.71402868168771,41.142594907193,17.092574224011,10.5340147686341,467.963541816952,53.6794893565387,5.31306227203161,40.6844478273599,17.7000274471171,10.3300043489748,438.191256920016,48.0902263631798,5.94625778170461
550,40.821767896204,16.6334587252018,11.1282991021074,493.318473202254,59.023754882617,4.5554450400309,40.739163039362,16.5719018561519,10.9680130441643,484.079744894674,57.4153244058938,4.74296527969078,41.1401307238008,16.7656834175361,11.050883436416,494.0940641606,58.78625463379,4.54862674646067,41.0922300356984,17.0505393128812,10.6158649740247,468.820127951593,53.8344804555381,5.11794249416412,40.6914245414352,17.7633874902333,10.3148727764994,437.760267028157,47.9579171769982,5.76913157179781
551,40.8920721322977,16.6684543224138,11.1331776188656,494.595676587758,59.1914210864334,4.45354996948053,40.7142619676188,16.6349185854428,10.9603670012823,483.827658519639,57.3467774827727,4.71870729956039,41.1341511941429,16.8267727460868,11.0265551111132,492.809901582847,58.5967633944358,4.54291588055269,41.1490249015926,17.0735930884504,10.5864593063514,470.472711276579,54.118254008539,5.00020342060456,40.674414604968,17.7590336660007,10.2903827232787,438.034064077541,47.9519503789037,5.71463957775784
552,40.8884181473303,16.5920932949445,11.1168821755577,495.803881359341,59.335211247084,4.45218713333199,40.7307571131436,16.5919984062783,10.9242594708701,483.90129698599,57.3542271654113,4.70656264522123,41.2950204303312,16.7185068901884,11.0636809073158,497.414783456972,59.2682895185288,4.38523930153593,41.2219118111095,17.0118482998955,10.5919273845901,472.115501907538,54.4531197537957,4.8931617043026,40.7882424077003,17.7490788839288,10.3293281732817,440.834357956541,48.4036880899011,5.5836555728496
553,40.9394358213018,16.5812660345114,11.1592317588616,496.731994782096,59.3967550326121,4.62331622036166,40.7743077615517,16.5724240404132,10.9646615025984,487.016684561229,57.8368710888415,4.74909939080191,41.1993719636033,16.7919561812027,11.063923907176,496.135423267057,59.0919353353864,4.61083010497128,41.2178459052447,16.963266679005,10.6313316484098,474.238010372729,54.8115559977991,5.05955452678911,40.7070413028378,17.6962658373152,10.338521276315,440.202635583419,48.3380066709756,5.83354272419802
554,40.89837098931,16.622149493105,11.1646860405401,494.985532487861,59.2481955846385,4.68047103688167,40.7408964050043,16.6177024361874,10.9503115885651,483.738139757008,57.3735467478885,4.89697415919017,41.2350880103292,16.8027572651212,11.0798108284325,493.313934974298,58.6934815144693,4.70656097847456,41.137553899232,17.0042511533158,10.595167828704,471.307549112734,54.3090368842973,5.22688069564872,40.6331122364321,17.6873000423406,10.3225662113209,437.955233368024,48.2009698379207,5.88682759119546
555,40.8878237496939,16.6489552036421,11.0878588924637,493.463795095004,58.8257541847863,4.56317683616725,40.6959987710614,16.5895609345798,10.8986221007759,484.392526844453,57.3442835567183,4.71113770888311,41.2244628799142,16.7588326365785,11.0621645039875,495.963314865887,58.9142898749948,4.46547922210178,41.1744208100915,17.0218697456258,10.6494358789354,473.64515278687,54.5844230956477,4.93885617700557,40.6439330253734,17.7825913346119,10.35395643373,437.063021776854,47.9012472269096,5.64427884591071
556,40.859678175266,16.6188970896544,11.1486980736761,495.378461520214,59.3891808494135,4.59388165297936,40.6933145331922,16.5749285100455,10.9606696061982,483.9643654845,57.4169517180506,4.84302156744076,41.1537544578226,16.7185025521483,11.0537972399571,496.367493498296,59.2376877278955,4.50895766932788,41.1519426650959,16.9660518608308,10.6724797615709,475.433960836277,55.0221570975963,5.01219525382487,40.7200241656727,17.69130111462,10.3611546365702,441.219997767195,48.5359719852945,5.8321560672686
557,40.813896893683,16.6606402018527,11.1049536738457,492.3025306925,58.5509382539899,4.83563023367217,40.6511894126907,16.560849396611,10.9234867067408,483.379112215278,57.0808721699997,4.97896521362425,41.1856988018846,16.7562757153238,11.0167679739398,492.588598003418,58.3266727099801,4.7291021874985,41.0950628322922,17.015093118993,10.5811692576147,471.496367804514,54.2531555256714,5.20343926879027,40.6464385383099,17.7163691800476,10.3008455696341,436.938226024593,47.7333910792964,5.99717336206052
558,40.880151686249,16.6348418042752,11.1640674829965,497.463638170588,59.4398179782035,4.56761191783289,40.6411004022349,16.6181467528019,10.9554047671749,483.583963855552,57.1311201855787,4.84587869524449,41.2094666640384,16.7702748080603,11.0911725096776,497.45309940921,59.1916827272148,4.57048882888854,41.2351565986206,16.9791331955011,10.6022535862066,474.12104831082,54.4521240062816,5.15782048521917,40.7144798236693,17.6990097219471,10.3701150043645,442.054290442854,48.56223076514,5.87344536693432
559,40.9500122357745,16.6897634490033,11.1244041784533,494.419444903011,59.0121225986487,4.62512819197627,40.6914719100245,16.6259930876453,10.9201870304588,481.599097769454,56.8632697254093,4.92403724827196,41.2259786926164,16.7848985696428,11.0779790540641,494.737888943979,58.8020294447123,4.57783445972582,41.2231099110923,17.0465681649207,10.6479396935415,473.593747434343,54.5932233502434,5.05931307289262,40.720841389193,17.7711776489313,10.3637714363782,438.203872270116,47.999073123255,5.79645213795513
560,40.8067805294395,16.659169624701,11.1103533312356,494.001764007533,59.1218603113232,4.78890032240938,40.6150948831241,16.5883109183024,10.9359023311215,481.953953986829,57.0905319792177,5.123445505612,41.1721222085751,16.7491613398705,11.0602254496141,495.376486651986,59.0056109865837,4.76302333147938,41.062645398886,17.0275951542212,10.6426318004097,471.447541615708,54.3396537311624,5.31054740368547,40.7052495818783,17.6911980217972,10.3480051964936,440.734194610646,48.5434721648005,5.93244272606942
561,40.8721772731292,16.6718780035676,11.1547969552852,493.826631080695,59.0450498914003,4.53678269137305,40.6501375096975,16.6216459424252,10.9262295891547,480.569122445546,56.8492668536216,4.7751710424528,41.2589103377797,16.8389315287131,11.0474764260171,492.860772778386,58.6247912710242,4.47698166283719,41.2160629397613,17.0316431580555,10.6721685724057,474.824503753604,54.8018529098923,4.93340754692642,40.7307696237535,17.7647369719939,10.2744599874421,437.919670442216,48.0299823648291,5.66370880000739
562,40.8812957887413,16.6908775432066,11.0679019077227,491.860571459934,58.6313953844209,4.73345564496228,40.6562382170341,16.5885898381178,10.9114464039435,482.961798791094,57.068436327907,4.96748840545636,41.2209866337073,16.8140877146422,11.0143608184774,492.711630322295,58.494079689794,4.71166341708003,41.1786026622463,17.0774823584398,10.5705890702425,469.223885459416,53.8162572246787,5.32154731325766,40.6632697363892,17.7479906057493,10.3535046329635,439.052031991224,48.3325975701336,5.8223238851078
563,40.9275241293004,16.6018607966538,11.1899066220158,497.958664076774,59.6662416018402,4.36369461365741,40.8044918361706,16.5996351463067,10.994331462168,488.163690715462,58.0324456080467,4.50491553307412,41.2726018966269,16.7230821397539,11.1131432600975,498.869054655598,59.4671774832042,4.29323905546158,41.2485712743469,17.0019010694883,10.6348998058593,474.934403277233,54.7144406972835,4.8483812555607,40.7358696009817,17.7044783987462,10.4074370481779,442.217235196187,48.6273046491856,5.51751955118477
564,40.9090058470087,16.6324892579996,11.1336449779938,496.190449724507,59.3366722082404,4.76627319793244,40.8366026950615,16.5406521713933,10.9908940221661,488.579888643882,58.0447522338573,4.90737760682377,41.170376495757,16.7098584517636,11.0811766154512,498.101627335525,59.4182535495767,4.71144047987859,41.1603153641882,17.0291190515834,10.6262078550749,471.121361841239,54.1432146731796,5.37658216407094,40.6989822260364,17.699092089646,10.3279052961427,437.796887091111,47.979266341812,6.1009457041362
565,40.9134690808534,16.6427864375423,11.1368630452855,496.311766008411,59.3788570222341,4.56220243435785,40.7104489437465,16.5830167193372,10.9787092473515,485.146324359232,57.426261821336,4.8224007153715,41.2867545965088,16.798947167101,11.047490125484,497.232842487003,59.1328320593199,4.51472384139687,41.2467704424884,16.9652948316698,10.6356337266381,474.247697675339,54.6311944751154,5.06012972522638,40.70542912139,17.7025487157778,10.3673134956237,441.720962998541,48.4770349717809,5.79954779950258
566,40.8773111086605,16.6152400489642,11.1686778393813,495.691270364904,59.0525883492568,4.6807234815459,40.650040112473,16.6094790003649,10.9779456561543,485.436364288717,57.3449305287384,4.89526439771052,41.1989689901402,16.7529996980764,11.0902040645257,496.314215330564,58.8508838197029,4.70451487174036,41.1672052867985,17.008854472895,10.625300430904,470.897068619886,54.0445445845101,5.22222912876401,40.6799285207097,17.7497370829395,10.3797639088957,438.705422416471,47.8983002623976,5.90961841377695
567,40.868806465241,16.6349849448446,11.1689219369133,494.514196430159,59.1285270660448,4.48022527707408,40.7154637649036,16.5730542675842,11.0122749286176,485.602761460461,57.6674403065321,4.62205235860922,41.2311065198539,16.7773743050543,11.1221354035209,497.485455160285,59.4408249403484,4.31163140045442,41.2334345588275,16.9994250200063,10.697872361612,475.477465334676,54.9331160926718,4.87900375606473,40.6533808990385,17.7568625470475,10.3370527031957,437.85809951714,48.15706394755,5.63459882324528
568,40.8432165599891,16.6836502104796,11.0881053022185,490.989262121396,58.4285744559486,4.86997175099548,40.7123000675248,16.6003219284931,10.9014863398247,481.920295016857,56.8407484768499,5.06458015130492,41.1160380492105,16.7889604066337,11.0355744522518,491.13145937905,58.0892123252288,4.9131216113558,41.1726911907051,17.0181513000444,10.6130640358729,471.591601066471,54.1947014716317,5.27265493226188,40.6544979166053,17.7247563450443,10.3885392257528,437.753706885724,47.9241015898564,6.0459005407292
569,40.8676183982668,16.7058340308782,11.065337144613,491.399192672796,58.8473690757352,4.65023775501109,40.7155777471515,16.5727083121971,10.8954883073083,483.099850427318,57.5095530410404,4.7834095580177,41.2342539556263,16.7748810804297,11.0318017004972,493.699675953344,58.9309264267567,4.53489374378574,41.1734675313882,17.0313022871783,10.5811284502997,470.386044645318,54.3871080217532,5.11572730563254,40.724960486753,17.7608236249413,10.3493564827798,438.464071243759,48.3073369942679,5.88078133568108
570,40.8390073695397,16.6364272597543,11.1364279858082,493.152223966996,58.8184392158438,4.68398286710751,40.7149739270498,16.6346338424986,10.9525294244275,483.588141931491,57.187469982615,4.84018921231445,41.1746669732187,16.805136406585,11.0702880759961,494.199333440609,58.7789939307261,4.62441717734536,41.1090919289785,16.9924848155663,10.627744989196,471.234177651292,54.2329778149451,5.08875912038329,40.6371510922266,17.759947822661,10.3315363436356,437.51988368732,47.7802489702595,5.86009905923516
571,40.8630341385368,16.6435734367125,11.1692873102412,495.035860262125,59.2404562637805,4.78095208144563,40.7332177645284,16.5652162089849,10.9753282139265,485.424575505336,57.5795776344179,4.92765377401109,41.2155593119752,16.7578865214654,11.0620504978075,495.307730257058,59.0047441579497,4.68952385081093,41.1415090006614,17.0680984123877,10.6021303909034,469.643847741815,53.9710313501478,5.32310489102431,40.6725675548151,17.7049561987174,10.3270116830501,438.819550172056,48.2024959028636,5.9768594794482
572,40.9379928489423,16.609402002992,11.1296286536713,495.988238631272,59.2713876265613,4.48931658770546,40.7908698313571,16.6555594441702,10.9399562181515,483.998212735643,57.247809540788,4.70736732190305,41.1973680568361,16.7441286496218,11.0832636258329,495.822431490882,58.9513727575693,4.4801843777824,41.161846858059,17.0518520456394,10.6107995113996,471.117549789649,54.1145809908593,5.00875744384152,40.7129740422794,17.7157980256455,10.3318144891778,439.866259459206,48.1243678733726,5.66744912322315
573,40.9525786059205,16.6030347734701,11.1453754143197,496.953921028534,59.2822465986456,4.33057751356241,40.6458004532587,16.6720653117559,10.9486968382579,483.878658562449,57.1476565598707,4.59329141244436,41.2065815809736,16.7607479341298,11.1067316417018,495.808310820923,58.8544731130734,4.31133546187672,41.2405975890727,16.9925374483196,10.6427268178833,474.071084517562,54.5379689407381,4.76348131983131,40.7579733898807,17.7037851884436,10.3508985762885,440.384000635076,48.220347188506,5.57420170617499
574,40.9211158009374,16.62965017436,11.1046252022495,495.531058294546,59.4084042686556,4.44113759346259,40.7644124202927,16.6157479023253,10.9130787638878,484.211114708864,57.4955347737782,4.649423717713,41.2170440311759,16.7798844662475,11.0814267847938,496.521574550862,59.2382102669512,4.45811948581707,41.1976870423776,17.0154719508798,10.5672245299488,469.488377672886,53.9304923606963,5.08052586338357,40.792075559699,17.7050654918758,10.3615089080332,441.870898590083,48.7928889159852,5.5249387753082
575,40.8994317347759,16.7220713554413,11.0969863486367,492.991301060902,58.9085775266234,4.47303423617873,40.7684288326793,16.661061479356,10.9075530239484,483.748212896773,57.3283110962744,4.622015140966,41.2303240771392,16.8016280449319,11.0449503779831,495.504269944205,59.0020174436284,4.44578225482916,41.2355025266209,16.982840384814,10.6392008609157,474.428162117128,54.86643532925,4.87571637158038,40.7293232259906,17.7449759537266,10.3892179290857,440.608881372644,48.5419106331557,5.56672494232352
576,40.9193033533586,16.6924852024964,11.1237838813595,494.552881581699,59.0408636989567,4.44258178675572,40.7322480183509,16.6183424688173,10.9259062113701,483.682546804384,57.1111204406483,4.65996252060891,41.2606355342667,16.8163430507868,11.0877211284982,497.756096080823,59.2046686425631,4.39433627079445,41.1859921318749,17.0533591132175,10.6174867629121,472.224647680658,54.3034356806888,4.93045004665765,40.7835163404856,17.7548267584276,10.34071305491,439.08365264714,48.2414899439167,5.57788275069218
577,40.8381133466524,16.6657360301128,11.0979697263395,490.97998168517,58.4310559281243,4.53666729094315,40.656771234558,16.552764356151,10.914833162829,482.895764323167,57.1459420929431,4.65533483072305,41.1961406046826,16.8054542012918,11.065801930939,494.34347924503,58.6650333488099,4.4044942113953,41.2298184759117,16.9830041731436,10.63130490246,473.954990207569,54.6044231653292,4.79100496896359,40.6592712524279,17.7279856865298,10.300917116621,437.215481207063,47.8079096919204,5.65043261429778
578,40.8342335465571,16.635092629296,11.1129160996947,491.509594322013,58.7635982059384,4.34314028675654,40.7064385922341,16.6729773421101,10.9454894638717,481.767223494785,57.0379875283654,4.48748576811756,41.1930207159311,16.7555782828552,11.0207533878288,493.266428045909,58.8123220430743,4.29163426946028,41.2053993446564,17.038186097083,10.5900436591434,470.363612599245,54.2513892121365,4.77691203539465,40.6289063514369,17.7378686289907,10.2959956868382,436.55010226891,47.780013370419,5.48311337488552
579,40.8280808268374,16.7524854530695,11.0779798338313,488.869420223653,58.1462041719281,4.67487454340028,40.693847922655,16.6976478040256,10.9200665480865,480.724514908648,56.7055141085735,4.82799072066976,41.1524816977413,16.8199809938487,11.033328067334,492.059495162919,58.4220921866294,4.57118487901792,41.0921409734559,17.0893603504376,10.5930845928116,467.720858894759,53.5641962420945,5.14655501074698,40.5643593251256,17.7588043064854,10.3560751046273,434.522947595041,47.2778801714345,5.93250957964341
580,40.8707047185552,16.6081249168573,11.1657381357565,494.433019653579,59.1149882812352,4.41026730051526,40.7990283282939,16.5659605369898,10.9941096063395,486.343824623051,57.7309229002849,4.54005587806739,41.2495346489233,16.7698037244351,11.0990596095722,494.68198127224,58.8954272440362,4.34965314526649,41.2464757856533,16.9867086318173,10.6090962130952,471.727974831696,54.2610603604218,4.94440545931019,40.7357494021681,17.7243652197828,10.341732989694,439.542820045751,48.2923463900128,5.53906382064381
581,40.8724903904846,16.6564293206431,11.1082616070837,493.067539991836,58.7073147208777,4.6920715058732,40.7078981839213,16.6436328658622,10.9498304630072,483.213004923837,57.0248491814939,4.87835076147708,41.1544218395066,16.7670243971391,11.0427713822613,494.248070057162,58.7026668092922,4.5936541489162,41.1234648029117,17.0005405565282,10.6190722517494,470.316384673557,53.9581067447059,5.1399439552252,40.6550042797524,17.7675030146309,10.3135056220644,436.914076050803,47.6315070451045,5.86956360027484
582,40.811859890087,16.6405193391261,11.0694079629239,493.267291132162,58.8792038565212,4.6157523883128,40.7499414405189,16.6012482856299,10.922302181214,486.949120550806,57.7480096434763,4.76399156571992,41.1725394979803,16.7068095882239,11.06099148105,498.089465927256,59.4032715856542,4.45639128715814,41.2047598579914,16.9889741847617,10.5883980844533,474.310334498675,54.632772114339,4.96550383658662,40.67284338437,17.7077295083791,10.3192390832572,441.883698061894,48.5595907883017,5.7366608358255
583,40.9082275260528,16.6370692058068,11.1391203711227,495.801741966287,59.29013584399,4.28877837064113,40.6510698319446,16.6287844734367,10.9579258043219,482.163671764086,57.0635885397091,4.57814644323259,41.1658748138123,16.7454435516929,11.0467595301357,495.239334603152,58.9800234073731,4.29341044079629,41.1991327812949,17.0278847213709,10.6730248795767,471.661293669201,54.3369710695996,4.781202352541,40.7620925001584,17.708565554721,10.3825487530988,440.025523106441,48.2450742219988,5.4275226707574
584,40.840795755759,16.6583655379806,11.1613579005201,493.561039901503,59.2343091744328,4.5125042362257,40.6990958780208,16.6079082807808,10.9737640196732,484.472514600656,57.6908019214564,4.66895088380168,41.1457374981064,16.8168134305254,11.05237503302,493.01346919691,58.9519593278234,4.42576980165738,41.2066081856587,17.0604836935754,10.5839854387332,470.852327054738,54.5148273604819,4.91647753597825,40.7406419255777,17.7130546900211,10.3858445464601,440.517956633188,48.7372567156093,5.5218077802094
585,40.9337701107852,16.6166043166097,11.101378816112,493.664291192,58.888452892131,4.57159994278695,40.7699285270437,16.6287465980526,10.9463762358879,484.338225717813,57.3314796668434,4.78612268382901,41.3079521425849,16.7257393923843,11.0779514715707,498.050035300807,59.298051984193,4.45721751433623,41.1720837256054,17.0215880231406,10.6003010095988,470.209213406408,54.0414632133981,5.1049334560025,40.7143374359032,17.6730591601841,10.3642133742901,440.354276892483,48.3931067926258,5.79957350581267
586,40.9348260633227,16.6027315049972,11.131408306165,496.348273009322,59.3148459823282,4.47035336501837,40.787432967549,16.5410919095159,10.9561799665924,485.391132535849,57.4827467904828,4.7312501868424,41.1854042649814,16.7665308790143,11.0446619205868,493.048713032114,58.4444654657897,4.54587088922875,41.1849992138577,16.976969451953,10.568135823595,472.52782035353,54.363050103977,5.0376099618062,40.6259134034293,17.7285225726331,10.3127690662469,437.485909419377,47.8687664102554,5.78052635166419
587,40.8346670256533,16.6455505205416,11.09717910615,491.689476977795,58.5841570719401,4.67526567023192,40.6791358230752,16.6890183032988,10.9035748556217,480.739904380524,56.6542743598435,4.91404169824671,41.1796360678724,16.7710771313826,11.0737827888876,495.030740013435,58.9388810133202,4.51204886366061,41.1507920109914,17.0529888228661,10.5788022473542,468.568007662216,53.7730393981473,5.16027864935787,40.684707003014,17.6882378360214,10.3151383043525,440.121197096086,48.3702417567369,5.75976452188193
588,40.845092746119,16.6325978770271,11.1685054382306,494.774656290235,59.1192500780541,4.57546218785715,40.6075422787735,16.6652263205536,10.9355877896433,481.441527838526,56.8682888033404,4.87536408447576,41.118184764453,16.7864152254303,11.0788694275078,493.940514811137,58.7529593630882,4.54741806278854,41.1281047126648,17.020721522125,10.6442224764621,471.674285087877,54.1837160077651,5.15010070564434,40.6387173781897,17.7053251606438,10.3171002066977,439.335716488267,48.2565088394559,5.85248686955259
589,40.8341157584517,16.6749412104853,11.1235564752483,493.141454924615,59.1775823527246,4.59075549712842,40.7367871439455,16.6258720002038,10.9362544400223,483.753193977932,57.5834941280424,4.74313347304225,41.0931770545969,16.8150530901053,11.0531003577689,492.026398211986,58.7067294937523,4.5905051601929,41.0967357862278,17.0812183471824,10.5862746146303,468.992552739592,54.114452969978,5.15218737127368,40.6914709521366,17.7734904265051,10.3211437532982,436.079609039594,47.8332397289717,5.87228167565723
590,40.875169946717,16.6341919189879,11.1571762890976,495.337403086469,59.069312495924,4.74777244041387,40.7839073693565,16.567454124964,10.9482058977152,485.151622064711,57.3296669061001,4.9550303604662,41.194816163752,16.7581901828545,11.0410470796034,494.434294201658,58.6637560597616,4.71342056189427,41.2385786290638,16.9879127383668,10.6250053715734,471.799220175138,54.221026100557,5.22720011391432,40.6905487884097,17.6926468579479,10.3089805656016,439.821910740688,48.1247149534562,6.00359249380647
591,41.011950918702,16.584949873658,11.2107478192501,499.164425616599,59.7092443731788,4.33272920233763,40.8509918922717,16.5742105544882,10.9752726192452,487.494515247432,57.7387702027957,4.53666369744847,41.2483852691974,16.7519501301046,11.1280008408463,497.218598125003,59.0891766870589,4.33872725098075,41.297848175046,16.9887509770942,10.7132429718164,477.345877807331,55.1416515561426,4.75100731272406,40.7532356926408,17.7292348867328,10.3633054630223,441.684311643958,48.5401880288376,5.47433892012256
592,40.8991507423129,16.5925675055914,11.1542470694537,495.697831041011,59.2456911569259,4.51015568359438,40.7398314933546,16.525295733378,10.9259790623525,484.232366613896,57.3338092648759,4.71816173074435,41.1586578934662,16.7716259188473,11.0347191955416,491.579024520348,58.2647849703856,4.57126140131044,41.1927694816005,16.981012646555,10.6105042675252,473.134294288017,54.4627023330347,4.99881243321616,40.6298538674686,17.7518399998021,10.313027219028,435.633999447883,47.601445993335,5.75658044712484
593,40.9063218251626,16.6253738090292,11.138487125986,496.45303033004,59.1931226342551,4.54733938700039,40.7281024782977,16.5624114478017,10.9762311007317,486.600900329893,57.6278120945975,4.72083563203689,41.2518021375575,16.7187978870881,11.1127248195088,497.426181876063,59.2436369963959,4.40890788945834,41.2669532302058,16.9703040116106,10.6219942944183,474.084498703146,54.6226116388752,4.9464978137156,40.7155960511288,17.6865915594902,10.357314954525,440.780314387766,48.4025092455118,5.67079512698702
594,40.8870280960021,16.6050267991205,11.1510662847767,495.434128177374,59.2020967881614,4.66997921579501,40.7055687044425,16.5101921180658,10.9677061499309,485.361966512286,57.5312854343195,4.89147804032497,41.1020112347779,16.7587257439848,11.0834439892043,496.594182092294,59.1834199947867,4.64392334862555,41.2092448037924,16.9794763060958,10.6572863234677,474.937282320025,54.7973715063497,5.11351772312707,40.6173688243793,17.7153837858538,10.3503807605271,439.3140087047,48.1113227416684,5.84231473147698
595,40.8133509060883,16.6514873110475,11.0491071236705,490.778205967467,58.6641990504136,4.68324099300362,40.6279632559912,16.6543922178675,10.8888090394826,479.835923837207,56.8307861812132,4.91558054445301,41.1915847376249,16.7718067225963,11.0175463781688,493.012332340659,58.7381655373831,4.58738959665609,41.1401387880495,17.0721754156054,10.5927230119704,469.837999228928,54.102587678388,5.10641233909583,40.7238863279769,17.8079319283715,10.3370570174326,437.688026230995,48.0123808382166,5.83493931624281
596,40.8805116009353,16.6414980185204,11.105582864275,492.776332017248,58.814439733133,4.60817951375433,40.687097709858,16.6507640656668,10.8731806283678,480.721461971945,56.8023836669717,4.85462087437949,41.1950864952133,16.8321001688725,11.0222529576834,491.071242103714,58.2374078760673,4.66541088654054,41.2017827153218,17.0518795178712,10.5509835210883,469.843288147971,54.1073312114034,5.01830906199225,40.619119853671,17.7530457517349,10.264011771421,437.443087279016,47.9538952218098,5.78967860826622
597,40.8884903601299,16.5952276817394,11.1686641960601,497.503247217993,59.5606989166644,4.55260167698331,40.6935257030522,16.5859756834201,10.9558670978341,484.773705150143,57.3864959375682,4.86614109844183,41.1815210641726,16.761037619903,11.0613428407502,495.7434097037,58.9798318007262,4.61127454355017,41.1423983785271,17.0233628808002,10.5867364189239,471.710411212417,54.2333664403918,5.10931927023646,40.6845352117498,17.7094942521526,10.3743535887893,440.479053578158,48.2788731841646,5.86253252286656
598,40.9527876143769,16.5850778942922,11.1704640111967,496.355800666256,59.6383994011531,4.61412305751309,40.8057078114544,16.5359115581242,11.0096876770823,487.718803553004,58.1904168927235,4.74092940266804,41.2638219567448,16.6899442632614,11.0995298728938,498.976074417906,59.8650177946155,4.43947606588608,41.2279721669626,16.9910304997045,10.6318558958005,474.376992447154,55.0019283511959,5.05299739351608,40.73726477754,17.7284032256237,10.3901749907098,440.562954424083,48.5632659231103,5.88810147250455
599,40.922612439281,16.6457128590874,11.1223716273668,496.285567232221,59.2616473039432,4.59144041469645,40.7400243441497,16.6410203506091,10.9384440177577,484.71077083085,57.2997214523558,4.87112805743029,41.2436875740529,16.7838987602497,11.0243768529893,494.234204175842,58.7136390473845,4.62208675663936,41.2219524831285,17.0473770886647,10.592124529269,472.845382918813,54.330580754116,5.12269104861035,40.6744460574492,17.7408114139274,10.3465044444653,440.060563661994,48.3402872345216,5.85418318104151
600,40.8406014853854,16.6947458073018,11.1146934241773,488.944725789208,58.1310869238337,4.66424168590462,40.7159755402617,16.6568992228801,10.9497428187841,480.169905530801,56.6623089638957,4.8299081531008,41.254059141028,16.75483456229,11.0992371860745,494.76302017723,58.7748390430526,4.52207400078665,41.2368047516122,17.0000584502819,10.6519314716879,473.393661508207,54.531513903783,4.88893405944727,40.5538943765543,17.7497219549611,10.2890214883546,435.872799998955,47.6025732483504,5.79807975778217
601,40.8506441372732,16.5961481033727,11.1055107057147,494.485968383615,59.1050458616528,4.47447689054365,40.7173778772437,16.5523021615539,10.944893130566,484.635973689051,57.3534113819553,4.71294384304408,41.2010014476823,16.759869524891,11.0844773453886,496.655690810667,59.2271135152391,4.41874033770082,41.177854539385,17.0053859144296,10.609225573736,470.723789153832,54.1141295558854,5.08518240591624,40.7713326475014,17.6701122752156,10.3706429626583,442.648265210736,48.7330746668876,5.60159001781713
602,40.8138095865458,16.6978663226452,11.0810177469056,491.542833934397,58.4963870625386,4.69235578103676,40.694057773653,16.6821352007433,10.8516814877365,480.781701163762,56.7119776961388,4.89056017042423,41.2070036853077,16.788651952499,11.0096545720839,493.447909445291,58.530440068631,4.61461668968292,41.1392844598952,17.0163682335198,10.5900049369416,471.427570964698,54.0755300588191,5.18544606082405,40.7110107042639,17.7565768089063,10.2926767653491,438.940901950745,48.1616458809756,5.78841463568851
603,40.8778949593957,16.620882267946,11.1557223062347,493.443467160607,58.9058225699781,4.63931666322918,40.7687026016793,16.5370459953979,11.031313174268,486.367729915566,57.7156707180523,4.76318940019683,41.2103901300033,16.733476078288,11.108322052066,496.248188478539,59.1185829190375,4.51281334803106,41.1625067685965,17.0301698108923,10.703418252239,472.056366564763,54.3684445496869,5.09654632523768,40.7801178535452,17.7170570042813,10.3749329227358,440.841776611351,48.3506308020719,5.7677984488503
604,40.8067141115468,16.6625802499191,11.1421799202618,492.169528485336,58.6601095226656,4.67800350334529,40.7847375681054,16.593219590589,10.9696404187796,485.143801226526,57.4309034028184,4.77798441983329,41.2772424898581,16.7566708840133,11.1185591027939,497.897880589522,59.2790927622792,4.478324577556,41.1629283964923,17.0063131427603,10.5959454543761,470.525882022903,53.965658111075,5.13922659660729,40.6653030164391,17.7119771358944,10.3568082205397,438.11818280927,48.0384546556807,5.81631883019392
605,40.8585339016596,16.71582064169,11.0672738675397,489.953191533022,58.430349965626,4.86832389293199,40.6575040911929,16.6617626026547,10.9133491945149,480.720555279703,56.7875336032446,5.13332782976909,41.2032297619333,16.8219187507177,11.0400907917543,492.313556601773,58.4494678576142,4.87152038185535,41.1311258582875,17.0540297711907,10.5875921157037,470.355206255643,54.1566606626075,5.36177190456808,40.6317874280987,17.7580813603508,10.3401541255663,436.909456784926,47.6558105871122,6.07962403876291
606,40.8342451008428,16.650040518324,11.1316180716841,492.059942367455,58.9079050512698,4.65022176722798,40.7944230406664,16.5360489114395,10.9694549117473,487.311276007435,58.0533161542464,4.64287826825854,41.2486822389109,16.7773591927874,11.1049429885568,496.290024148476,59.2215362316284,4.5071652037032,41.2319803917266,16.9971047882959,10.6947814671722,474.42068077927,54.8632346329088,4.97201029356306,40.7596572870275,17.6803106284391,10.3494972634395,440.153461873901,48.5235858072085,5.70709495406247
607,40.8920941665728,16.6396813077947,11.1105558855913,495.531095240092,59.3569847069699,4.63880395842185,40.7692228312318,16.5553508222363,10.933275610037,485.666161356395,57.6049587147192,4.8320222780353,41.2081059466952,16.7867618434741,11.0107797654538,493.463531540993,58.6820866786543,4.68784499039156,41.1558351418481,17.015865767164,10.6042939909168,471.727287758821,54.2551947365243,5.28182089511963,40.6815904003922,17.7489458292745,10.3078582221484,438.259632120184,48.1071935852566,5.93192333749652
608,40.8804721615263,16.6280123386532,11.1301705287512,494.600353814683,58.9761890572128,4.55958467870792,40.697744356717,16.555963991955,10.9763186119029,484.685349079375,57.2920705470331,4.74844175476673,41.2590618085245,16.741978679402,11.0790045381377,496.901237993408,58.9968184766311,4.48418566684725,41.137795793507,17.0136987978449,10.6078946371451,471.147150792847,54.0227870168655,5.0602806614628,40.6602534071666,17.7046034604062,10.3210438060624,437.23836755499,47.6844849206352,5.74656655322732
609,40.9367980923754,16.6039655773604,11.1391217097478,496.108763253147,59.4433091314657,4.65122866146741,40.7316522302164,16.6164402823826,10.9278101467673,484.101651788913,57.4216191151195,4.91319565681276,41.2356629292435,16.7825526594572,11.0684817818811,495.565083726394,59.1305444115353,4.6043183865596,41.1968574130053,16.9989636585794,10.5811590057749,471.31181380645,54.3557774198724,5.15730406771677,40.745083809935,17.6549538978902,10.3770854253815,440.187336070566,48.4986261768777,5.76184087781201
610,40.8138619184714,16.6814326871818,11.0893323930831,491.135221566984,58.4759177612555,4.55162454748898,40.7328690508753,16.567534593237,10.9470466384318,484.760642405466,57.4420548931088,4.61381538121549,41.0914812618491,16.7623980060936,11.0651623608878,493.648270312929,58.6982949798767,4.39372016855253,41.1142508026401,17.0542563713959,10.6531533664522,470.250869778487,54.1297877127377,4.90581127999989,40.7148607201469,17.7239920446771,10.323522980481,439.119326184404,48.1146407703151,5.56375793180161
611,40.8445276474856,16.6859796935118,11.1390708143543,494.61835957878,59.0698147414687,4.58765335463284,40.7295846806828,16.6707461920688,10.9348511924563,483.263355645572,57.1221907719453,4.78958091923845,41.2235594212867,16.7474243445596,11.0743189301121,496.948090446555,59.2424096932758,4.4299640787351,41.1634726885885,17.0137464124146,10.6228654440701,473.809643478817,54.6229732604419,4.98688037990735,40.6821881915788,17.7493524904016,10.3255371442468,437.569818810842,47.9378057929478,5.81922090773796
612,40.8753450336545,16.6380091325479,11.1176265450553,493.601947726513,59.1032729196769,4.45105243806474,40.7214894572218,16.6009506622497,10.9473644922883,484.845092015073,57.574507484226,4.61821714774853,41.1801543323945,16.8109630063291,10.9979227662617,491.623760368045,58.4325206916627,4.51767350965858,41.1409137370358,17.046708060238,10.6157275653443,470.625504059205,54.2191648133189,4.92920316002889,40.6915051119153,17.7360878378584,10.3438158268129,438.058644034361,48.0246560710991,5.61210696914555
613,40.9033464669527,16.6362176315275,11.0909406750593,494.349946162124,59.1717058890732,4.51377039995874,40.7544634224947,16.5923825567368,10.8749760471325,483.647010002063,57.3293540113047,4.75045659029566,41.1992425974196,16.8288241200647,11.0571018098415,493.767058873353,58.8029062527695,4.52897089210757,41.0875849181691,17.028157754845,10.581922792312,470.212416282173,54.0740011179525,5.15041920115809,40.5615885551174,17.7234093456893,10.260711037454,436.871476633409,47.8723016202134,5.86007724961567
614,40.7778345864001,16.7096917217624,11.124353336711,490.73562813783,58.577844663729,4.48513230917316,40.6919560135079,16.6466589499122,10.939851543712,481.663918722686,57.0408960732798,4.6360556735887,41.1462575504059,16.8242728021918,11.0558911158774,492.927512991363,58.6251636019157,4.38697654589532,41.1499982519156,17.0365007756523,10.5706192142451,469.063362755853,54.011040811642,4.88081066546053,40.7007580696706,17.7776778943448,10.3506412224763,437.732270851318,47.8382611993207,5.5757370933159
615,40.8035704278146,16.7250762317074,11.0729354110051,491.067358688416,58.6603284722073,4.72334081905382,40.7080942067656,16.6484158646325,10.8959776374895,482.54298833806,57.1584202546301,4.87417446808748,41.1831689545635,16.7860845928827,11.0204380572524,494.181142122509,58.915081453232,4.51772180571113,41.1794822041168,17.0556987320197,10.5183809940135,469.960906823148,54.1315341041988,5.12927716071181,40.7081613670609,17.7479417155909,10.3472391987334,439.135045895419,48.3289626476146,5.75491805197432
616,40.8033163021144,16.7049508765505,11.0756580719746,490.256767917255,58.4980908301411,4.64190601925184,40.758886742859,16.5818415326275,10.9291564747511,485.551163001321,57.6573298754962,4.65190198525945,41.2077383434976,16.7523265098931,11.0212571092647,496.252499603695,59.2387540102193,4.43596279109697,41.1528650854855,17.0226481602058,10.6031904862398,471.407722717308,54.3915506931741,4.9850615110594,40.6379211805635,17.7610644943599,10.3125938210427,439.525850083999,48.3383939768271,5.70325394382877
617,40.8626352092868,16.5793701872891,11.1791165386552,495.029424351978,59.2419402290523,4.64896468200256,40.6990095194469,16.5673007574274,10.9631529813679,482.190673444339,57.1132606428601,4.87264183356557,41.1309135299133,16.7831250731136,11.1026355291006,492.251930572754,58.4376823087248,4.77932096803491,41.1475294752279,17.0154882968793,10.6116114657588,470.235172050389,54.0585029103971,5.21802829523866,40.7079647843799,17.7411526646104,10.3352068469075,437.367907699182,47.8019786805792,6.03793554282988
618,40.9474021852422,16.6768568102218,11.0853569724539,492.621762217284,58.7069726719644,4.50152100287908,40.7739055721584,16.5687255024252,10.9648563692212,486.216101297871,57.6439387832743,4.63648702308707,41.2455877819856,16.8223372098327,11.0622021659541,493.639164457526,58.5696475281757,4.48214021907191,41.2525507586907,16.9767635495623,10.5964239722649,471.811495520479,54.20124682922,4.94836865991746,40.7938898304129,17.7751789471884,10.3412832469041,438.203527963895,47.8259419583754,5.71118356833523
619,40.8922679723492,16.6232694503942,11.1283622148886,495.676213809722,59.220373758496,4.49550328761845,40.7314040943806,16.651602387216,10.9065573894715,482.46286546887,56.9099804372685,4.74199753441377,41.2282703632834,16.726629473814,11.0673888956794,495.886775306645,58.9776468307836,4.39320562000049,41.1363776038447,17.0393713770498,10.6090388474939,473.103431005935,54.3839974985808,4.96672852676108,40.6651189867875,17.7323384937497,10.3646121508488,439.698411395474,48.2381981268952,5.59543870301706
620,40.8934636779387,16.5856739953984,11.1127196489222,494.46545165602,59.1339789741454,4.43055079230051,40.7178486072283,16.5948591242203,10.927189588475,482.757806492281,57.1015233481396,4.7114669942014,41.2200628053742,16.7626846706279,11.052730977097,493.908429066988,58.7778333838023,4.40674835151809,41.2170360255096,17.040375428496,10.6158811740115,473.342362653769,54.5531613727439,4.9476974602227,40.7383808968622,17.7347536689031,10.3623740621493,439.627072612319,48.2697142126475,5.63876140136504
621,40.8599288114094,16.544481499212,11.1384789339517,495.997836742391,59.2500509981271,4.38000769959328,40.637608770045,16.6437840444714,10.9249044561936,481.642871908414,56.7928135398954,4.71199190733374,41.2608352774619,16.7505889003564,11.0743510726053,496.199602297849,58.8971252633033,4.40325107710492,41.2602207067663,16.9896761041608,10.6541337339527,474.635522017926,54.6061969801047,4.85990757230136,40.6650775029722,17.6860497341387,10.3469834097761,440.018820338596,48.1051325384457,5.57530767469375
622,40.8340402381336,16.6497313726536,11.1317374611257,493.070032645997,58.8422983267769,4.48101373024486,40.6244424670441,16.6842811863341,10.9091405374404,478.954894999432,56.4975069804344,4.79529262405249,41.1761034497886,16.8368003529376,11.0307272788617,492.521216038166,58.4788523834912,4.45972994470845,41.1425127624287,17.0538727589939,10.6116077123655,468.174949238837,53.8104017872418,4.98030932893062,40.7067869302643,17.7267993407916,10.3124102193854,438.740406935074,48.1515519386007,5.60442546540605
623,40.8146057542524,16.7085311068883,11.0870223527165,491.055127089283,58.3717379110071,4.88169062589379,40.6920709905264,16.6105061869483,10.8522144037479,480.878989593675,56.6836984119233,5.0671155103467,41.2087512266264,16.7585301808105,11.0126399896131,494.221817841331,58.5801243638896,4.75743808790262,41.1950275056119,17.0610081585086,10.5225722013034,470.208286853473,53.9373056348714,5.27384129311416,40.6837819312026,17.7245027274172,10.3420675200078,439.970928556227,48.1968032876971,5.9501871043058
624,40.7825268230227,16.6756253385775,11.0659225185641,489.921958730458,58.4992045011582,4.70802041760418,40.6544986316027,16.6664796268812,10.9418130805313,481.553565194764,57.0668169922672,4.8938818465905,41.1882634349836,16.8284975988928,11.0627330173314,492.872250793917,58.5480123445753,4.64330185786015,41.153908390436,16.9847504807945,10.624050350919,471.137673278993,54.3808381274327,5.05410518602429,40.6569400511882,17.8042528540051,10.3164708314968,436.240520958425,47.7685674821073,5.83751147193626
625,40.8871629298232,16.6484499674378,11.1879256629389,493.692116186454,58.9570709871578,4.62377095428338,40.7050847064356,16.6580117804092,10.9798979301362,482.466425192513,57.1067262804476,4.83591524762948,41.2818378619063,16.7456824046146,11.1076880248182,497.066460719223,59.2349913710733,4.51186848936085,41.1900183675123,17.0353452396151,10.6520720466355,470.844332088286,54.2790437362873,5.06907553127267,40.6972565279775,17.743928163216,10.3369297130843,439.685294178902,48.3894474312824,5.66309807155186
626,40.8341864781916,16.6941838681253,11.105075561393,489.84727371357,58.5483655446926,4.59476958541534,40.6685508309111,16.681523805209,10.9293387850557,480.301928321059,56.9135290301523,4.78525962139264,41.104981028991,16.8200777417688,11.0434247441029,490.488069654283,58.3447661721073,4.64148458799511,41.1170713633848,17.053745312523,10.6424757296776,470.432008387242,54.4196686512148,5.01285922425711,40.6358549128622,17.7540626267213,10.3292536400005,436.482800523425,48.0058617355473,5.75025752258298
627,40.7968856878711,16.6990621097323,11.1053263931335,489.269500657913,58.5378551470974,4.40188599196269,40.6502982287915,16.6345341381171,10.9287511999346,479.655826051495,56.9157112644364,4.57682391633273,41.1728307160217,16.7873440950854,11.074078577728,491.681944837126,58.6475179914257,4.32110233874658,41.1247165107278,17.0578304598674,10.6131544041073,469.307012746763,54.249855795627,4.8230806321495,40.6317788884438,17.7512579830446,10.3270253545616,436.433337898269,47.8583440778684,5.54325980329195
628,40.8996508452769,16.5929973284574,11.1066826251055,495.471043983351,59.1056360015924,4.40081780990733,40.7639019922529,16.5950504776113,10.9383395311809,486.883966793155,57.6039071354725,4.57190703145791,41.2096951671538,16.7460635225591,11.0903991285707,497.114852784914,59.122543965315,4.33171354313398,41.2235277536797,17.056886499146,10.6037922628202,473.766166106334,54.5943647083685,4.83559853526711,40.73231309421,17.7067371938558,10.4304920212446,442.546095037079,48.5727816368536,5.52737321392163
629,40.9358582566724,16.6133699372309,11.1741605841043,496.056489846336,59.4983865976032,4.35281017982281,40.7001993784267,16.5476862917222,10.9633730459748,483.251721685017,57.3809871601992,4.63146960040931,41.2848692802062,16.747700911541,11.1285839592489,497.12009831702,59.3098381081966,4.34575313243124,41.1528682238445,17.0276166062085,10.6219895592574,471.501831571336,54.37888776467,4.9134781127515,40.6806719782216,17.7401568394105,10.3620152292032,438.166868221171,48.1982670820126,5.5615770578602
630,40.8920419188784,16.5924163016159,11.1365296196875,495.307948795885,59.2061240069751,4.50289368857986,40.7714262963861,16.6098163176597,10.9843164149532,485.304555771108,57.4850442973228,4.71905283323592,41.2395310690743,16.7114016218737,11.0592734451816,496.700924847733,59.1201864162979,4.42256265059654,41.2414927657789,16.9904594328799,10.6342187401484,471.957986354137,54.2704763338173,5.04481163540563,40.7067639500537,17.7061645827311,10.3447304975859,438.812081802668,48.0060769848099,5.68589266234844
631,40.91870129149,16.5959532335905,11.0964700204064,495.345783493104,59.1844378776089,4.54163941669246,40.6942324103694,16.5793235090909,10.9416447654084,484.840327120904,57.4359444511895,4.7502474412509,41.2134834093437,16.8006191368731,10.9883209902062,492.089317326987,58.3277327322659,4.64405309971488,41.2184549399773,16.9582748364021,10.5770750823246,472.436494034052,54.2983444638637,5.07198369419206,40.7532324539209,17.6573575994447,10.3371933129086,441.163170630824,48.3809249402617,5.72693006511192
632,40.8962825924248,16.6794034829132,11.0742298232249,492.119639768653,58.9076706752951,4.42262333350314,40.6931053723461,16.6576742931427,10.926737441345,484.022859745413,57.5576943920463,4.60693345421467,41.1510198243152,16.8402169716541,10.9934641392419,490.885302366032,58.4581106959392,4.41527232425619,41.2080476023594,17.0072695771891,10.6044646636271,471.907692433315,54.590557414714,4.81998030477971,40.6945686439787,17.7323068927138,10.3003562485244,439.940973703737,48.4150810712326,5.58416999559353
633,40.8105265522222,16.683474014772,11.1105722561565,490.834690828172,58.2878806027067,4.99420106458414,40.7243960091586,16.6124076033987,10.9730380179241,484.7795997466,57.3049845025389,5.0363969560542,41.2862928963935,16.7742443817161,11.117040793357,497.214674725422,59.0803230880977,4.74415198149945,41.2104390387645,17.0042349448908,10.6109871535317,473.132464118977,54.3087286585443,5.3607870195435,40.6983596434666,17.7097680776569,10.2968962910845,437.868106747195,47.8689663519247,6.15615104158827
634,40.9402705489466,16.5628510830622,11.1789721138922,496.132195534715,59.2316375322428,4.55653703109824,40.6996701092275,16.5676148390462,10.9807394959707,484.826135088646,57.2956105935109,4.83561676536747,41.2825401948253,16.6985129099447,11.1184625378059,497.273699435431,59.0568554665234,4.52881761366627,41.2677414130212,16.9573755125265,10.6755541290394,474.481550242021,54.5180876564505,5.12618417191836,40.7070207644804,17.6402023501876,10.3412271387684,441.901268415059,48.4418539979472,5.74866105573751
635,40.8971311838172,16.657663650142,11.1033923745565,493.400985490951,59.0141746094948,4.73562700818908,40.6544334244536,16.6392588819652,10.8849256759131,480.799177115307,56.9308754829686,4.95620199902904,41.1899038973594,16.7581573402012,11.017071827437,493.255910141309,58.7340809764862,4.71331482427177,41.1946963926858,17.0852320648443,10.5683078808572,470.3883406167,54.2320495660034,5.22880011069292,40.695318534417,17.7104366079998,10.3579373838528,438.728023557491,48.2803623461014,5.88855192636665
636,40.8106264958526,16.6220900381531,11.1454106312582,493.870943873588,58.9864852773821,4.55279830763095,40.7051282785876,16.5767991352426,10.9885495197711,484.587150370183,57.3793348002127,4.69346323972985,41.2233257006101,16.7731633881635,11.0489748592445,494.327761637455,58.7063798138082,4.55045644475181,41.136871913847,16.988275963481,10.6380632448439,471.828679375263,54.4271719582458,5.00017192538675,40.7059930438988,17.7047505540651,10.2897814720572,438.588653251764,48.0597121367568,5.78771799215028
637,40.8539159189726,16.6633475136645,11.1303533190419,492.084282804723,58.5154987154706,4.61863445190565,40.6895761152938,16.5761539009751,10.9649125416754,483.715302661989,57.1695265958536,4.75336419340277,41.137327687403,16.7848998263518,11.0561352644609,492.542262450642,58.2772078553165,4.63402390807837,41.1513448413667,16.9950917056693,10.5967715340121,470.299858339809,53.8996006229,5.12166472756389,40.6253428177013,17.7553871282204,10.2891869635032,437.432451355404,47.7571271933317,5.78189249553067
638,40.91231609182,16.6707319268011,11.079389700208,494.699327437558,59.2028758417665,4.43924766210626,40.6958963220825,16.6202000900527,10.8789670578336,482.98387163974,57.2038960104044,4.72570554202657,41.2451404119883,16.7602083518553,10.9828446502895,493.725482876265,58.7746403732423,4.46238868044326,41.1366309091504,17.0530249823549,10.6097154520687,470.46152722395,54.137188454839,5.00556452750486,40.7195201730456,17.7287816144467,10.3016186420486,441.303594319337,48.5945963319177,5.59345526183853
639,40.8254001477095,16.6363648440066,11.1012451106637,492.74803628635,58.9928227526816,4.45908506641652,40.6912039053227,16.5672151714783,10.9651247310027,486.162040156515,57.8392781734623,4.55640858710241,41.2080169721043,16.7701206579289,11.0513661837772,495.783693770357,59.1679650802042,4.35737814244753,41.189685945905,16.9860188319655,10.6109034710605,473.403226481904,54.7228935598643,4.8903212619929,40.7868376200939,17.7048582609835,10.3612718441778,440.05044836422,48.5115009546976,5.57686555234439
640,40.7700441059355,16.6215761078402,11.1189606555381,491.013351184921,58.5748666736319,4.58956332672383,40.6158808350191,16.5957881824609,10.9159368817458,479.928400397358,56.7312134119986,4.84337361257469,41.1277695743596,16.7473687098152,11.0912267420744,494.117707443584,58.882096217302,4.52784761046529,41.0606302829127,17.035287354665,10.646670370857,470.450846911378,54.0371706243153,5.11072905288306,40.6000947363418,17.7528289496113,10.3167995838941,436.186670468433,47.753107832011,5.73817398751958
641,40.9686325540527,16.5557785227268,11.1983175313574,498.162012444551,59.632569854552,4.54101471280458,40.7375757979316,16.5423220074836,10.9600170832439,485.447154998182,57.5742661454855,4.77378056660742,41.2957145737932,16.719601001627,11.0789123655341,497.081353892281,59.1159287026059,4.54615736981424,41.2337748169428,16.9159587390165,10.6371015954326,475.087143972861,54.8073256222337,5.01271746190753,40.6655494241665,17.6823392143504,10.3165288054883,441.129214795733,48.6403870563466,5.68736083542443
642,40.8842044146484,16.6184991036326,11.1210608595228,492.109928911098,58.775676423359,4.39069619103473,40.7472734642539,16.5965037256202,10.9552329559201,483.694408195861,57.2831151957111,4.54131857685903,41.2243713485377,16.7661762101443,11.0460599325596,493.039263091935,58.5780930962189,4.38286896127124,41.1305981046331,17.0043148656538,10.5982193171334,470.29616516551,54.1612157557158,4.90258624467645,40.7114475710463,17.712121369416,10.3115067000605,437.926463010206,47.9264130426848,5.56860105284206
643,40.8671313531805,16.6986994379099,11.1564015471234,493.06684170574,58.8162228299436,4.62968956695457,40.701809495425,16.6534335846454,10.9913977937273,484.68308732931,57.4605863894723,4.72806006625683,41.1802379719635,16.8679242151906,11.0929647895023,493.718886669488,58.6486035803035,4.58176984515088,41.1127744230266,17.069516138876,10.6435383264828,471.078513576825,54.216714275366,5.13074905248256,40.6755795803191,17.7259937718404,10.3739373883759,438.742724935065,48.152838125625,5.78283437351899
644,40.8806187421945,16.6037390798439,11.1285845028646,496.288737875495,59.3696667484843,4.50693583592331,40.6913088751441,16.6013664951369,10.9323585635902,484.514077805858,57.4136085175046,4.77839420119883,41.2303940659122,16.7277292785332,11.037546000599,497.248896224074,59.2080939146123,4.45111021329349,41.0964839977507,16.9997178633348,10.6068479330756,472.027319291515,54.3247949051518,5.03478026069095,40.7207125969058,17.7366642245127,10.3616603500239,440.462044869225,48.4050547331358,5.70928699346105
645,40.8877430787864,16.599475148112,11.0955634676157,494.172711416324,58.8042108156706,4.91385961153754,40.7144455316255,16.5614585836474,10.9559494853347,485.132670136496,57.2860157233931,5.1196301755588,41.237306560671,16.7049252155691,11.0546711724092,495.66385392735,58.8188948412601,4.80987387553612,41.1620202523263,17.0222028757975,10.5806577821185,470.941947006508,54.0359663830391,5.40842274674516,40.6975177995654,17.7394237128964,10.3481957056615,441.457767133047,48.440194715237,6.05926682141759
646,40.9172299744127,16.6403659215098,11.1634918238799,495.91097865019,59.2272618920264,4.51619503242117,40.7491797693417,16.5876125360531,11.0019226086916,487.392901656429,57.7468941309494,4.68600134803747,41.2254841003056,16.7192175082999,11.0720419550895,496.175375532722,58.9761658607741,4.482066889801,41.2408043261452,16.9746024381846,10.6348681183264,474.627003568963,54.6211091725953,4.98521024077395,40.7456488568317,17.7027043283036,10.3779842561321,441.373609476701,48.5353076849639,5.68069701902041
647,40.8502104351963,16.6415540085558,11.1579277503206,492.147658477897,58.8143051994084,4.46174648260706,40.6619486652671,16.6652795769546,10.9366467757984,480.542820484265,56.8021896948415,4.69681611510132,41.1882409648603,16.7958778415906,11.0728053872215,492.311039024334,58.4923550231774,4.41998180858308,41.1374198734704,17.0155652370768,10.6071882664091,469.25052919436,53.9576788222308,4.88602210491958,40.7113604066555,17.7160684448511,10.260243953749,438.213229219714,48.1451930373282,5.54416013860549
648,40.8785766109447,16.6535552199174,11.1132084218054,494.910376457129,59.117294100228,4.6211781998957,40.7843924416363,16.5713364941036,11.0071054698331,489.046522826896,58.0363475327789,4.74022865226715,41.1794461468213,16.8557579156548,11.0510260247329,494.68929028049,58.8229328961296,4.56827192435487,41.244331469189,17.048103151224,10.6479013219361,475.023561325777,54.6483045161687,5.03699177396929,40.7179447686548,17.7152402764115,10.3452239449877,440.393747241223,48.3714239972754,5.74849814042729
649,40.8525749946536,16.6585772626168,11.1030744470309,492.979745283339,58.8401378588654,4.58270476873289,40.6244747899101,16.6017558378405,10.902158088132,483.455966343143,57.292555775508,4.75556188275153,41.2508953899486,16.7654176616,11.0423814486716,495.747238518263,58.9905252260331,4.48909610254408,41.094586424635,17.0625937882882,10.5642639681082,468.884841843941,53.831776381593,5.14155968585008,40.6703655413271,17.727235353853,10.3548226013805,439.909828667792,48.3641941515359,5.74564391867883
650,40.879691232385,16.6892984058411,11.0757996465846,491.265776661777,58.5436897859696,4.73896428491306,40.7700738893911,16.6030138982378,10.9344065992782,483.730732876469,57.2332696715848,4.89612711861412,41.2720575494965,16.7790114640408,11.0475976060261,495.326822087579,58.8867770666176,4.63754140410051,41.2243164109658,16.9597070402291,10.6282654784935,472.601894356847,54.3768971355083,5.16844018709498,40.7581593758128,17.7061099153821,10.3154917582385,438.622432093217,48.0234335493472,5.8940417675829
651,40.7601242600917,16.6417187667918,11.1186907547678,492.311275507284,58.9109610505679,4.53819256154503,40.6141729246787,16.6303872805286,10.9219346591521,482.407643722025,57.1592944631431,4.75419347672032,41.1284997813622,16.7569391953919,11.0455821839236,494.520123944557,58.9418413641263,4.50130278524739,41.1460005701524,17.0886398442183,10.599652783358,471.03721120921,54.0508945925484,5.09970361018018,40.6043049408632,17.6834289378079,10.3166386116699,437.688804648237,48.074975120166,5.72697829385687
652,40.9149628423372,16.6390703896924,11.0998345175965,492.990674667803,58.7988845112526,4.51007637325566,40.7205023522624,16.5983671178556,10.9842630927463,485.036981928586,57.5454607374256,4.66190492786186,41.1769240329358,16.7588145025393,11.0505963352559,494.254843901886,58.6945479366234,4.49929630127891,41.2294234532234,17.001809161367,10.6318436913138,472.556576020627,54.3096783123976,4.95546717461319,40.6724786853919,17.7401860289027,10.3364349604965,439.008241812995,48.1715801358901,5.59618448289036
653,40.89502867357,16.5613334344979,11.1692172405682,497.676542941559,59.7089727925433,4.58482954554274,40.6845313562692,16.6149063502645,10.9479652047052,481.633703375429,57.0483788685168,4.95041509021951,41.1254258426772,16.7613830191895,11.1118385174902,493.685584389097,58.8996503006208,4.68722546925107,41.0656460940236,16.9945352539285,10.6355608626501,472.618670820484,54.5285430925924,5.18445471055014,40.7288367720798,17.7166592219743,10.3939787239163,439.338444264175,48.1270748497515,6.01845303733004
654,40.8840629103928,16.6520117376587,11.1486418715054,494.204344138357,58.8584217600671,4.51520189210482,40.7021065537535,16.6312950257976,10.9260021384309,481.732186241769,56.7630506652592,4.79246667185057,41.1516326645317,16.807599779983,11.0492566600667,492.866753224481,58.4008953966043,4.62308483501861,41.2737017934165,17.026332820096,10.6242668439586,471.811371969334,54.1239168208165,5.00788886925085,40.6739929756769,17.7809087362681,10.3403349136359,437.267288554171,47.8314294082799,5.6585811559485
655,40.7860346686103,16.6802989789583,11.0998902444515,490.671696915634,58.4239435092411,4.5670204915277,40.6690405662895,16.6445943932033,10.9530578655506,483.259332403066,57.0896518464581,4.67389316680512,41.1562517905123,16.7874794425467,11.0703048856194,493.86691583582,58.7043777985463,4.48310297696542,41.245945370706,17.0237667724686,10.6034849454117,472.451461665317,54.3515722859268,4.90815376201541,40.7529592007003,17.7385009393892,10.3564357902586,440.386835813319,48.277250810377,5.64537121600615
656,40.910671988826,16.6318506864082,11.1002038167788,494.028191733258,58.9411233158969,4.64295679550528,40.7603365396144,16.5683781964698,10.9598242390291,487.884349585445,57.8866176789658,4.73688350120114,41.2274492242539,16.7056565495376,11.0642175803579,496.671708817419,59.140500530269,4.52588740244718,41.1972065750333,16.9327499185754,10.622043097686,474.477841417272,54.7995372607342,4.9706222979669,40.7155299438813,17.6767013608051,10.3726462151992,443.349929783904,48.8308054315933,5.63549929719113
657,40.9623268339335,16.6191459827508,11.1648990210553,495.526076855941,59.1137071431993,4.57104669770719,40.693416319884,16.6138747017613,10.9206586963589,482.020346520056,56.8433548133926,4.77960801780886,41.1435725270827,16.8293888249451,11.0179625941836,491.223504692448,58.2160173026578,4.60602740332718,41.149792345702,17.0211297482912,10.6068078652872,471.669035012577,54.177070175807,5.07171530514438,40.6989421043009,17.6959782078887,10.3078656183066,439.313616627144,48.2218753216009,5.70756881388721
658,40.8739722020404,16.6629628356125,11.1700042149937,493.491298208259,59.11143920877,4.58088183319831,40.7325126038304,16.6602434814892,10.9734974554286,482.473891052475,57.2113136740048,4.80110340248128,41.1538391678152,16.7781428258123,11.1094508006727,494.10760968743,58.8949431020837,4.52551099846653,41.1643198272027,17.0699780147428,10.6204297265492,469.030876434095,53.9812637639278,5.1122919628655,40.7162245414614,17.7238242435066,10.3440887199167,437.968587814604,48.1251713474768,5.8215021491074
659,40.813451160103,16.687335735164,11.0751978575664,490.808821641475,58.3323970696431,4.74078878668948,40.6935505519591,16.6040014975253,10.9212936100457,483.318424447199,57.1065536661805,4.87486465501088,41.1544082068648,16.7973524291246,11.0688530330961,495.634657679562,58.8662258873651,4.5649666644525,41.1177064644388,17.0597105047511,10.5925875407718,471.136997014015,54.1552469546014,5.11029985077141,40.7434677156095,17.7009869779893,10.3848000458278,440.456942568688,48.3283084341546,5.73758544710589
660,40.8742589122935,16.6643346506777,11.1516425105681,493.06089732196,58.9855566561944,4.55753230676451,40.6890247832078,16.6394593303875,10.9897981820541,483.818201617157,57.4637225334735,4.66447154937444,41.2113835296744,16.8152852756582,11.0735020751999,494.072402291362,58.8542240024277,4.4760600481906,41.2047569060928,17.0332284271261,10.6634658854015,472.138378894183,54.5526283184789,4.98078140184183,40.6982704827318,17.7069289521035,10.4200987804401,440.806676591679,48.457599418965,5.69443388598921
661,40.8553832092812,16.6716125919863,11.1612135061473,493.976369025316,58.7410208790647,4.61176534302281,40.7155147243699,16.6508980632116,10.9444359585039,483.205320653921,56.9330382033696,4.81162059591777,41.170490965258,16.8010485668012,11.0991494324688,493.97895116446,58.5523276052106,4.50665865419814,41.0650425149684,17.1114087319676,10.5748723922255,466.797801455785,53.2968810954067,5.20376196521686,40.7526624089536,17.7412827175523,10.3511560920928,439.279969880304,48.0876575053561,5.7143659929746
662,40.9020823740326,16.6415253019555,11.151916414107,494.547284399397,58.9675111460168,4.43876772385049,40.6742056964882,16.6142076150792,10.9453883697427,481.216400570263,56.7264287434432,4.74236451574832,41.1688526683541,16.8200143267851,11.0698514286334,493.547429582551,58.5757727608493,4.43226448719647,41.082979162399,17.0416195331858,10.5753713566546,470.399035131839,54.1048309484873,4.94353844331208,40.6415313613722,17.6803657655687,10.3261986083999,439.050764531625,48.217627471349,5.59774451515905
663,40.8511328403301,16.6374412200691,11.1143673370725,492.909978850825,59.0457089970167,4.68321467178577,40.628935289025,16.6618180211457,10.8899586646132,478.725561042947,56.6625218965242,4.98850138208008,41.1076274225061,16.8504830642,11.0069679428543,488.32310731316,57.9357677600987,4.74655915570733,41.1739559510105,17.0254038934529,10.6016996792385,469.124121778285,54.0397854196646,5.24326880763946,40.5544105055604,17.7996123603902,10.3014472500646,434.216028611166,47.5277800086259,5.9509376953073
664,40.891068355565,16.638581375449,11.1362118446174,495.014720077505,59.3303868604927,4.66992373152821,40.7784158486187,16.5776567468148,10.9994268713889,487.198942537481,57.9942084532007,4.80488951101813,41.2352443078753,16.7414591274142,11.1139269255422,498.004313427612,59.4635841492359,4.55656633132268,41.1850740243785,16.9718491079912,10.5977158059141,471.475943580752,54.3427383018624,5.16911768450167,40.6435462652086,17.7090981386444,10.3276592625279,439.332477107183,48.3727373337706,5.84101409334264
665,40.8331260382275,16.6521425460785,11.1104072187638,493.188194826161,59.0269221480701,4.53498743114206,40.723098311874,16.5843541607642,10.9133692356678,483.86928477228,57.421073646074,4.6834342617673,41.1743717062728,16.7977514431197,11.0401934734158,493.455914437861,58.7360451900307,4.4902510260246,41.205986141179,17.0192320247914,10.6196866188341,471.877326759702,54.486655435428,4.93384263786491,40.7630607156866,17.7654941888724,10.363726397744,439.186395715498,48.2381928796343,5.71820069085738
666,40.9661923907022,16.5762351446029,11.1452790525158,499.648270347027,59.7461389779078,4.58090529022303,40.7285054766091,16.4883709693098,10.9577958955429,487.189372625422,57.7722706600337,4.8500118955177,41.2215880572943,16.7050624893375,11.0686267365363,497.797570175156,59.1877153498065,4.65758244140834,41.2359764675403,16.9383244095083,10.6152655095208,474.778663386866,54.7178427705981,5.2359702119688,40.8177780946806,17.6514634711161,10.330772932439,443.936318681162,48.9114565486542,5.87071863545008
667,40.9044343294846,16.6076016996473,11.1503675119961,495.226508330954,59.3488637107814,4.63503701102923,40.7050855315436,16.6041568689388,10.9381534526742,483.289887965881,57.3044472587528,4.89819870661419,41.2108737084135,16.7600113941594,11.0586985575592,494.645457207853,58.9681597766759,4.66499242563583,41.2118235262196,16.948920709134,10.6443616625835,474.474679298603,54.8975100127663,5.1542674945976,40.7173474669703,17.7476159954102,10.3139502865076,439.284359072716,48.3040366215567,5.92333130971389
668,40.8168518903971,16.6761155036507,11.1450253535719,492.780338730907,58.6391182224114,4.60366972711617,40.7874053405745,16.5740511399742,10.96858781092,485.522413515324,57.3612906509897,4.72243533468052,41.2652322927011,16.8234313823343,11.0968118488455,495.327189188681,58.7557840626204,4.471033417781,41.1626795239789,17.0446393304922,10.6299211314211,472.121088154344,54.213772421592,5.00410948570343,40.6649627221515,17.7215556453776,10.3538317905911,438.633331782411,48.0779576406831,5.64783144714982
669,40.8964013600142,16.6862258702869,11.1170106437736,492.744546101674,58.8397241207076,4.80375238515751,40.7313176193534,16.6397858093524,10.9478030934803,482.785741946228,57.0989356190702,5.04080790421998,41.2225070998511,16.786396303657,11.1004643489768,496.118464372255,59.0434997868363,4.70734489284756,41.2029394414949,17.0163266917085,10.62945513151,471.392615362708,54.2144028578674,5.29842305922189,40.7402222940071,17.7381884841549,10.3047683168286,438.991274154419,48.2495178992227,5.99379831917151
670,40.8239356183749,16.6431604953233,11.0824244649991,492.971840904913,58.869018522388,4.92738649113143,40.6974620161658,16.5609509387807,10.9319639943446,485.373757462137,57.6205956418918,5.06753227712349,41.2132539523898,16.7713187010826,11.0290285850443,492.957365823122,58.5409253977846,4.93793462716709,41.1683570720662,17.0313664697636,10.6002626930182,469.620251215058,54.012722489014,5.47684487815425,40.6364612863276,17.7678097875313,10.2873525877921,435.123989939715,47.4900601157002,6.3234657581039
671,40.889480316366,16.6398726433967,11.1223228915228,493.632101971318,59.0950599128327,4.570181603674,40.7762004885968,16.5873769988904,10.938704198693,484.412323818056,57.4594198622545,4.72970220680276,41.2439685158862,16.763591326001,11.039496911516,493.221521781192,58.7633673952233,4.49779111493224,41.1760369725968,17.0978568398174,10.6367477028281,470.471756756841,54.1896697884994,5.0699301679578,40.696557298011,17.7446985354309,10.2919551093067,437.961416420682,48.1357704096898,5.70461283520078
672,40.940383410477,16.6263417831099,11.1530578879778,495.391567290307,59.3509264416232,4.56584909222173,40.7731447991702,16.5921901384739,10.9388554372719,484.895454312481,57.5654727600567,4.76624827042017,41.2467435487308,16.7658326400413,11.0644400473059,496.562012219902,59.2353161138107,4.52634975775284,41.1832023298585,17.0509569167584,10.6153104876887,470.779787556885,54.2036126414016,5.08404414246468,40.8460702747279,17.709529458405,10.3584929808764,439.736427359966,48.3587034684076,5.74410038466435
673,40.8359224541302,16.6081361786503,11.1558427877221,493.617462981991,58.7668864733987,4.68972047898682,40.6642120698916,16.5010100880759,10.9942565185764,485.596074357482,57.3726591326545,4.88189169273843,41.216164353701,16.7362713489957,11.0900518587389,495.606628611685,58.721840272375,4.61024033545064,41.0805224720396,17.0139682327186,10.6573461532289,471.949143756846,54.0618280481545,5.27051282840406,40.7038300127131,17.6295587746422,10.2890708834243,439.801391171314,48.2377889792223,5.85842525575581
674,40.8552306973663,16.6061221297794,11.1834450693045,494.865844744078,59.0600718432442,4.84044819019362,40.7187294277345,16.5802325183772,10.9844728477171,486.212927005255,57.5365845066702,4.97653174838637,41.1695015688923,16.6868666013337,11.1263977173113,498.249522847936,59.3571243768041,4.66028838543326,41.1731627344403,16.956794412483,10.6975239885714,475.427357225383,54.7192546086243,5.22966581102269,40.6908563110936,17.7461719379715,10.3589531183677,440.37104069998,48.4287631446293,5.95137463409012
675,40.883942861602,16.7099664768829,11.0779222415325,492.634707199632,58.6101032515478,4.62660473283567,40.7158409419773,16.5805574110109,10.8984730456412,484.309943058628,57.2411826760346,4.76088739621146,41.162934270742,16.7992213458447,11.0690526769158,494.162331114145,58.5154927284291,4.60312916409737,41.1596496302649,16.9987103193702,10.60331432947,472.92245027534,54.2149683745564,5.11960869773164,40.6842921996018,17.7117160954172,10.3358243963743,439.259328653429,48.1165582106473,5.749001154413
676,40.8830801185769,16.6842477420757,11.0863717256601,492.406480713435,58.8040205150554,4.79627862439445,40.6819847526066,16.6682145213111,10.9031655793425,481.542702294482,56.9370565362529,5.03481261277466,41.1948019404789,16.7593526914179,11.0401230853902,494.078163160094,58.8833392854817,4.68722218142742,41.1810939889351,16.9862636873511,10.6496117606561,473.907739888813,54.7513995089302,5.17617050743616,40.7151903109384,17.7338083015599,10.3300347403774,440.584116982528,48.4760605236265,5.8770845838807
677,40.8993702996662,16.6661756809628,11.1012737519772,491.166142901502,58.6591083618982,4.85434619473947,40.716983642555,16.6056186640189,10.9169839154425,482.229291224276,57.2366231354008,4.98825507602242,41.1820447570179,16.7701651619884,11.086672753811,493.44170924037,58.8057580662968,4.77364424577095,41.1645218961679,16.9533000469848,10.6227926130215,473.045228093961,54.6000057437317,5.28827752776287,40.6742666134977,17.7151134452157,10.3235148280512,438.284775579347,48.0860883579316,6.03460642844435
678,40.8144727512692,16.687330533886,11.0935327633348,492.108765913474,58.6007763490805,4.82596010602233,40.6398359958373,16.664698495687,10.9321900161737,481.382499810214,56.7689296028433,5.06960511199401,41.1631974011659,16.7657924700169,11.0187840087833,494.356589133167,58.6999986327726,4.72094079227683,41.1045257486281,17.0296990752998,10.5886911853254,472.378424161253,54.37141315175,5.23092603921443,40.6352736488093,17.6778933135011,10.3476562045516,439.279813438464,48.3124335663864,5.93459442166531
679,40.8545607315164,16.5913750230606,11.1054629892423,494.892888702563,59.2231500734404,4.75284703632394,40.6554032061255,16.6534811188532,10.9116167018909,484.304016325137,57.4424603614092,4.94380565196003,41.2219841716689,16.7780269070363,10.9926750896343,493.767872571459,58.6919605916418,4.77596607199945,41.1696616881774,16.9983939108402,10.5834142631765,473.711911398192,54.6510624605095,5.20876704957703,40.7109755727022,17.6849464487397,10.2900839133255,439.14215930352,48.1797995782651,5.93100637795283
680,40.8649217593984,16.6939219854901,11.0788437521129,492.727623728908,58.7333188675019,4.58861155188102,40.7369560373127,16.6360649880834,10.8930233690195,483.71117763061,57.2599326274631,4.70771784349546,41.1900604469339,16.8049459447708,11.0119744995642,493.1480857602,58.5530495718245,4.53312322598921,41.15590525681,17.0908001010024,10.5958944841197,470.22131252329,54.0290980549898,5.0529456993339,40.6660388768286,17.7443395013796,10.2988942847285,437.830096255729,47.9793760159999,5.75176761959415
681,40.8997099892025,16.6355589808886,11.0867434482916,493.419734274181,58.9494048802664,4.54861214990628,40.6587512799175,16.6818232217773,10.8820765457658,480.54798427159,56.7421013256817,4.86387354705314,41.245832809904,16.8097731883922,11.0705711677298,493.887302424065,58.7081256708015,4.48544872872895,41.2221791723956,17.0578930244612,10.6275742987135,472.534270194856,54.378045649408,5.08243839122173,40.6664092759224,17.7714383900141,10.3231992315112,438.522458736901,48.2094810176337,5.71215694878458
682,40.8830819594823,16.6574524659234,11.1327566018013,494.495332140416,59.1857369190926,4.63561468506278,40.7010303774081,16.6069509116234,10.9636764076286,484.949361485176,57.6284627920866,4.82181427161866,41.1743454689066,16.7690475723125,11.0175816962613,493.514535023664,58.6652748609738,4.69395888540205,41.1545464512486,17.018242003995,10.6146390154326,471.866980255428,54.3995578721261,5.14327847905898,40.6588315791472,17.6702387932389,10.3405175846206,439.261989205635,48.3231615395821,5.81260263897005
683,40.8425953245363,16.6787453114846,11.0708074546225,492.299233199306,58.612688899613,4.69393884185767,40.6453477325174,16.5947154187751,10.9083482461872,482.632577087094,57.0063666996894,4.87217765958136,41.1752469408477,16.8193283060085,11.0162408071982,493.528248584398,58.5381313064626,4.65213817290258,41.1894673298925,17.02024128508,10.5795206330091,470.516251125403,54.0955766870937,5.14805909021463,40.6342885939341,17.7705983778138,10.2865688289355,437.126160423645,47.7831736257255,5.92772614211456
684,40.9093727852758,16.6501311641048,11.1254377307001,494.936104310175,59.0050261797215,4.5309101517314,40.7271770868024,16.589801537171,10.9630450370759,486.869083733187,57.7106659940443,4.65111440789971,41.2269537697366,16.7072292635563,11.1329999898034,499.243694536085,59.4712963258301,4.42741196656931,41.1403218149563,16.9423095383172,10.6404966446123,474.452106072091,54.640003075161,4.97469499333854,40.6938269157726,17.7141912766609,10.3570742497608,441.878473447144,48.4352819916151,5.72381415612793
685,40.8135850961261,16.6446786496552,11.1731909025542,494.373448960064,59.0697776580164,4.71156475772112,40.7177624946222,16.5708860018159,10.9650607409536,485.603738126776,57.5938926160207,4.86064197214437,41.2150748297177,16.7568500771883,11.0521649629282,496.281699849388,59.0780239468916,4.61584709012218,41.1315501341734,16.9837581520521,10.631983903427,474.018830540014,54.6559750957928,5.22246163074039,40.6120756961463,17.6367897003124,10.334971996125,439.241267476798,48.2410339633273,5.93692551989318
686,40.9206557404603,16.5926002111231,11.1210697726115,497.011936191941,59.3707421793349,4.40445136797725,40.6811354792027,16.5541192546228,10.9267918950045,485.50775352223,57.4394404391779,4.62726364329045,41.244067158835,16.7284860612807,11.0899900295497,498.346457561962,59.2943371598583,4.40914618747634,41.2548690598846,16.9713137511594,10.6077270518387,474.858806944417,54.663129218374,4.89065588703634,40.6799682281337,17.7223446993172,10.3564857909848,440.958192882671,48.4126301937851,5.57251254726192
687,40.9156347533521,16.6788470839127,11.1353701100972,493.760357905093,59.2205431672639,4.47204614462716,40.7331581903665,16.6065330365753,10.9533134219805,483.918061152922,57.5798366182724,4.61838459534915,41.1864526439868,16.7775668286976,11.107862555396,494.429635128883,59.0392953931392,4.41953491610715,41.1357837223714,17.0271066167989,10.6298165985948,471.466758504183,54.5383684339118,4.94250555845273,40.7310091123863,17.7412355015554,10.3581604242014,439.0628621533,48.2919220466019,5.65821575909839
688,40.893990097627,16.6246219321976,11.1089250916083,494.347742900892,59.1665047156435,4.57312085453158,40.6764107743162,16.5978009904483,10.944812881362,484.637530236418,57.4448771317786,4.79244267351389,41.1796691173736,16.7774359694124,11.014752922852,493.855196271614,58.7351795876647,4.58638521972565,41.2026334773208,17.0549159503955,10.6411754387452,472.042133396568,54.3695410342036,5.0478130964449,40.7274892423448,17.7004844668432,10.3772364508978,439.883789599112,48.2919189926874,5.7762194189536
689,40.8886914392803,16.6066728917225,11.1041876746681,491.963192095257,58.7985176812706,4.74237265378715,40.7308491945054,16.5726881998571,10.9585483737308,484.611484565179,57.5471869070702,4.87385398624348,41.1659717642995,16.7740026668749,11.0213143882536,492.291153752351,58.5222678210681,4.68277036256269,41.2022583225161,16.9556256201625,10.6308450275335,473.106593979508,54.5637331272335,5.10846553143469,40.7629456718049,17.7582516406916,10.2957328746235,437.107435750008,47.9266955479246,5.89535802355454
690,40.9279140822655,16.6656843407505,11.1409064797421,495.379436124794,59.0347885697734,4.64527694603403,40.7134036963052,16.5890406845693,10.9585200106643,483.866835163079,57.1444867076952,4.8944117044271,41.2294366047065,16.8132526313098,11.0912989230522,493.896602888423,58.5529494809925,4.64262851279283,41.1942281793816,16.9498946149777,10.664111568201,474.52665716211,54.5979852440969,5.12164292611237,40.68152381671,17.7352901442902,10.3632551099389,440.579083661495,48.326657637221,5.78826643471141
691,40.8304248362752,16.672229522556,11.0842925060947,491.922719786687,58.6620771673081,4.65570342935473,40.64775198398,16.6165351169945,10.8814452641655,481.030823722803,56.8090566038188,4.91186109640291,41.2478773416627,16.7937590413297,11.0346653533125,493.255355073536,58.5231044337547,4.65736666056695,41.1051060414603,17.0382877423584,10.5826206476167,468.83190911873,53.7727196956659,5.22495302264334,40.6062396520575,17.7523092687433,10.2565633345199,435.759703607028,47.4574803755438,5.96491325829483
692,40.8514791124888,16.6727934476502,11.1010627898613,492.772558752073,58.8707209074261,4.5570679375425,40.7470120831207,16.6390724813029,10.9256939129534,484.367003529745,57.4167222700481,4.66138703607632,41.206571227408,16.7974959209328,11.0277989486588,494.173410663691,58.8057528398261,4.51502859546791,41.17431839267,17.0855124046382,10.5639127717705,470.016783139967,54.0826066941056,5.07475738604203,40.7416710885315,17.7358102795472,10.3424012784814,438.651384258688,48.1943642223702,5.72128521106198
693,40.9674409195791,16.6279548591003,11.162592465268,496.754170315108,59.3903178460829,4.6372020571347,40.7082154428345,16.6106395397911,10.9375487381352,483.672456551402,57.2077028541603,4.89974694505206,41.2224704141299,16.7387345303447,11.0778311430649,497.160265013515,59.1911680693035,4.69581764098728,41.1957519616324,16.9982587407624,10.6727494222976,473.674716160996,54.6230228125126,5.13431467991894,40.6964497086731,17.765811613154,10.3222663165438,439.284028102484,48.1344964536066,5.95437810244142
694,40.7775500646142,16.7094720710555,11.1247341559944,489.32723465592,58.4894026324509,4.55451097087632,40.6894196380851,16.6593569722608,10.9707602102071,482.878189304941,57.3757984255574,4.60367027268919,41.1528088146458,16.8278828107773,11.0664791087211,491.153064032575,58.4587108299235,4.46537928186398,41.1632116330948,17.0522281439145,10.6336907781755,470.73341194267,54.3232133927715,4.89817843119853,40.6174434328306,17.8205359192361,10.3141163097126,436.914388548261,47.9649663635495,5.69554988966778
695,40.8919714606622,16.6509143745241,11.16131226487,495.23133201069,59.2700607669915,4.30190221062924,40.7334881106227,16.6174575689458,10.9864847851003,485.203846612116,57.5943302068804,4.47078363578061,41.258749299722,16.7643109769912,11.0717529957659,497.264428903115,59.332761255347,4.25831310787094,41.2114626181168,17.0804612024162,10.6563885413611,472.323243445924,54.4407492468832,4.76969016049457,40.6485236424977,17.7770653800585,10.3627683101582,438.036432800118,48.0233976893889,5.54144908203636
696,40.8605527313546,16.6089266205527,11.1651177641408,495.375612846664,59.1460322065559,4.5600256665823,40.7389194260124,16.5585375179419,10.9841595390773,486.245888028319,57.6292932370092,4.70976355835238,41.1563741878119,16.8133490698025,11.0664436439948,493.765431754046,58.5925745724359,4.57140287010564,41.155099266703,17.0017670833524,10.6412769209668,472.411768131009,54.3235027123578,5.03877226684492,40.6219231811769,17.7602642771513,10.2968632607771,435.548904315953,47.5571777139559,5.79515724804626
697,40.8666882218409,16.6506295351924,11.1181088150087,491.221269379915,58.7868883235883,4.69225791277714,40.7667770363163,16.6136386099534,10.9438605112225,482.870721584911,57.2691980681446,4.85979859379193,41.2450046841237,16.7964598056676,11.0434794048412,493.102989274791,58.7483272416901,4.66106853456777,41.1705807716685,16.9788206789441,10.5787643274279,471.012467853546,54.414192207247,5.07648289787973,40.7541864101627,17.6930930974399,10.3473296740231,440.793203808531,48.683121291269,5.73523907131763
698,40.8565303489564,16.6722305878448,11.1271304915552,491.220973751682,58.654784492078,4.42397992556582,40.7455259042698,16.6260022640804,10.9513333347964,482.428827858955,57.088546014186,4.54597819351017,41.2618981113283,16.7798741081343,11.0749362184679,493.329845485563,58.572538455756,4.34117204785877,41.147419850391,17.1047886916909,10.6447742791432,469.755119703733,53.9501919548443,4.88496660308601,40.6291686501386,17.7178747184701,10.3337094840855,438.551780536525,47.9554141094938,5.51632591165248
699,40.9473654753532,16.6425862644901,11.1004599996191,495.225088438344,59.2826508993584,4.39725216784958,40.7668122533992,16.5683192832181,10.9226691655463,484.291594969905,57.4129545151259,4.65950133546222,41.195399601877,16.7545667568393,11.0157743315784,495.700461113046,59.1087404810049,4.41323245447633,41.1639245923695,16.9968487406697,10.6480035018478,472.744300861195,54.5038463544582,4.96568618019257,40.7300922763361,17.7150431517084,10.3154668385489,439.888156713847,48.3279378613133,5.6947514403627
700,40.9233797582778,16.6625238688231,11.201057055818,499.252011131043,59.8253241830892,4.34215967666889,40.6968752948966,16.582747810938,10.9592322627938,485.56707614416,57.5706680526733,4.66728657860379,41.1810341969301,16.8354308448302,11.1042180182289,496.408720662796,59.0039649414292,4.4384550678768,41.1770376780605,16.9870098905915,10.6349020845242,473.991171057467,54.7092684870049,4.92013087112771,40.6496651890025,17.7311338763617,10.3316696377626,439.511680949142,48.1532502936916,5.72861129802476
701,40.8273548443479,16.6240484992517,11.1360233832994,491.65937804004,58.7840595867761,4.75078814820056,40.5973837309497,16.6043836808766,10.9632864170239,480.017666032335,56.8454056199139,5.03849235956855,41.2483466440203,16.7626755550626,11.0711433069614,493.864850336065,58.8167661879438,4.61998573894119,41.2592202186815,17.0171216905922,10.593247317524,471.048455898433,54.1851662372295,5.25982296239586,40.6967538142677,17.7250505131137,10.3525546481232,438.285992763243,48.1889562915907,5.92583325615135
702,40.8131527862118,16.6521543857878,11.0632787192128,491.054278020417,58.8432165721239,4.46778560701008,40.6740837959391,16.6133861336052,10.8427299379292,480.408047176334,56.9676371021294,4.70672521785636,41.1200933585808,16.7917077349111,11.0083280819911,491.992723610231,58.7496343204861,4.41237090617059,41.1824195800199,16.9879853926088,10.5329411974582,469.493402906789,54.1900685449971,4.88625184114614,40.6758924171574,17.7616952707176,10.3314255365474,437.501020141857,48.2039535035788,5.49688481075923
703,40.913212545402,16.6790834638247,11.112879159661,494.212210160568,59.0132627064254,4.59730662328557,40.7074461954427,16.586147078337,10.9367870735564,484.763711273406,57.4349974382465,4.80224092757568,41.2339605708971,16.7214169789434,11.0531600586358,497.169083278927,59.3289625902449,4.49078081808242,41.1496273729285,17.046285819938,10.5835666801032,471.47783962626,54.3187651878873,5.12023253837084,40.7320856182302,17.7335177715568,10.2705778004139,439.578858821101,48.3510446044481,5.76937031307182
704,40.7593136274876,16.6974010191972,11.0755824277218,489.049306955644,58.3270580695453,4.65067697949698,40.657451084415,16.6352371679813,10.9031296382782,480.169895349838,56.7908311892046,4.82584870319568,41.0817160860704,16.9153635076174,11.0079842402658,488.864764006985,57.8844318300792,4.67666142722573,41.0860022662814,17.0339280691269,10.554541794748,468.766887367663,53.9715489242826,5.07458935568876,40.6594263815927,17.814145930685,10.3334243501385,437.948225874199,48.0248222164278,5.7227341372637
705,40.8736689096143,16.6966342630334,11.0836785987953,490.279235161233,58.3606532609314,4.4513372925414,40.6311359610908,16.6674175301177,10.9279574242308,481.289878513429,56.8663514589539,4.6492541296353,41.1124404857771,16.8047933457663,11.0289218046056,491.18148548167,58.341685361722,4.42259372161871,41.1199985151278,17.0434026052712,10.564717879575,469.895207685602,53.904095938941,4.94278705430616,40.6969950623113,17.7394228271103,10.3193354449624,436.807139233893,47.8662572756892,5.60692678637589
706,40.8757132692251,16.6328120046737,11.1049590023413,494.442349527669,59.0593349177795,4.51343132688861,40.6832953735036,16.5717014835426,10.9526318974156,483.962783514922,57.2874514967252,4.751201057465,41.1644174428744,16.7469886062482,11.0568400981873,494.088718367457,58.6883241260128,4.55127545553521,41.1386353016554,17.071715600706,10.5990458814079,467.634672076026,53.6486677231834,5.11645073076719,40.6580916623052,17.7270513564435,10.3573182381382,437.994383016512,48.0937780999956,5.67182304018957
707,40.8401703452753,16.6470060723595,11.0884302033591,490.791176452169,58.4942041825235,4.84163358988533,40.7118546032154,16.5764572722319,10.9617344185685,483.899317116516,57.3114117025435,4.98240357541446,41.2980753688081,16.738694103178,11.0874303073616,494.761742461446,58.786119501157,4.72545377960895,41.1220129500807,16.9848126492741,10.6230605112785,471.46330912159,54.1178719709972,5.33525236549866,40.6483765916373,17.7447301396325,10.3093013907596,436.353807610417,47.8007464885311,6.05908337256839
708,40.8506218949096,16.6811122208665,11.1451858208392,492.294785924215,58.6370788429748,4.45181933068062,40.6348755832687,16.620682917016,10.9578205760941,482.062160267386,56.9529826819042,4.64045059140307,41.1220512447198,16.8847726627213,11.0719918130746,491.974727681409,58.3244887950113,4.48378351437945,41.1364017773239,17.0646982957717,10.5910214070258,469.985096971006,53.963029477999,4.95012366177376,40.598910818659,17.766322998999,10.3902563925451,437.63535309827,48.0305863105399,5.5499588917793
709,40.9157288318378,16.5726803134814,11.1479222461535,496.715965002955,59.4364231421004,4.43222770736051,40.7582966491857,16.6232341346349,10.9057372791599,483.626051150208,57.23237057979,4.75043655404274,41.2797736200939,16.7839463505551,11.1424047330016,498.501672009761,59.4783643558965,4.37516527621079,41.2000567209654,17.0247451578028,10.6321357862268,473.544423104367,54.5954141215898,4.92804510669049,40.7170210799081,17.7761466619658,10.3355602683803,439.347829961572,48.2253277263564,5.71695315967401
710,40.7957070717753,16.6540821838135,11.0880881510606,491.494815850853,58.928511290811,4.65251124186064,40.6873987560936,16.5785032540391,10.9285654367604,484.051023625058,57.6055263747186,4.76538048948184,41.1722768447801,16.7703204725526,11.0295936792657,494.282100681565,59.0224704051401,4.56339024711848,41.0751252884798,17.0771697922367,10.5547844529998,467.378744618333,53.8823970877326,5.19145840359097,40.6193322253547,17.7267727592527,10.3172947393517,438.322096893545,48.3099537494961,5.8046443520452
711,40.8007331291809,16.6287480963571,11.1863532044161,494.148451281335,59.1101190075829,4.31913281858646,40.6848865055615,16.5632208985017,10.9970187905243,484.17668472602,57.4111302824668,4.5319560651721,41.180079924112,16.7801584034486,11.1044658275125,493.583670592668,58.6689960688128,4.34185201387256,41.1152794630382,17.0565184016012,10.6512036726574,470.383864890686,54.1375253762987,4.8063603407238,40.6735643511275,17.7356416859634,10.3803451642132,439.054796248844,48.1531902713607,5.46480633699911
712,40.8378520382637,16.6708361189954,11.1133827717984,492.686379990353,58.7812749326483,4.66339108319822,40.6730317922996,16.5928940596905,10.9112283760584,483.73503902297,57.2195281132515,4.8485797463614,41.2090597878904,16.7357586731134,11.0749831841224,497.609302730278,59.2402693555635,4.52467552285744,41.1513725660403,17.0148610424999,10.6506949193248,474.416787327499,54.5512036305374,5.02351603628699,40.6336183315873,17.7403530020959,10.2900360819789,437.951805956155,47.9200015835785,5.85231364318371
713,40.8733460608621,16.6175199017187,11.1182507792295,493.674475198524,59.1523149882397,4.55413043980412,40.6377921744304,16.6715602149228,10.8875947322841,479.812704857182,56.8405645180254,4.83345865871137,41.1625129141658,16.8238533383981,11.0097588961556,491.978585032685,58.5682812399894,4.61121470735936,41.0540477373025,17.0345138464989,10.5720605478684,469.538244380719,54.1406928995806,5.08342206979241,40.59706394149,17.7249000696491,10.2971334911803,436.319095407852,47.9090080911996,5.82528616823993
714,40.7898469113764,16.7084627370725,11.0730647161222,488.672439641564,58.1922113930491,4.63163089952706,40.6891247849142,16.6015458251128,10.8989246754668,481.368455886735,56.9927817261419,4.75011926335012,41.1996738423251,16.7839869983021,11.054536578087,494.790777079606,58.857971251923,4.4162071795071,41.0905336930823,17.0287258544099,10.5875554167293,468.745396616973,53.9689643886674,5.00173111691982,40.6981594389322,17.745837293824,10.3594347014343,439.813111101078,48.3636108384899,5.59137518671361
715,40.9209225013064,16.6165627900099,11.1274662789952,494.817016123103,59.2007923393997,4.56028210114133,40.7229888414706,16.602447259022,10.926510293666,483.562705697338,57.2776919610534,4.78274873921737,41.2070800366245,16.7660180792444,11.0811846757345,494.837217053535,58.9895007651231,4.48644312660733,41.1467403338501,17.0396880327492,10.5752460452273,468.501279182764,53.8050012143688,5.03476083426081,40.6790851539843,17.7410964081899,10.3519807739854,439.023095781383,48.2346577690855,5.73455461145999
716,40.8995621532717,16.6260896223767,11.0819125387901,494.042285894039,58.9377117767832,4.73133851882105,40.6510330475211,16.6499567108596,10.8619713084371,479.636837992277,56.5667878518115,5.11487067922332,41.2322123248119,16.8192525784662,11.0598526701895,493.797870418494,58.6797988246361,4.73513328324689,41.1907230644539,16.9422897534404,10.5980918650224,472.190956438984,54.3983837029177,5.1450554221433,40.672349403432,17.7224583340981,10.2845055919973,436.477628906626,47.6493529280136,5.97956082635082
717,40.9237496677765,16.7055504617205,11.1595565902245,493.012971820787,59.0653175864122,4.63487297420888,40.7557528661214,16.5742364635537,10.9732070109957,484.797566546478,57.6577365242647,4.80935983513053,41.1960819369454,16.8373777873043,11.0809513213595,493.129365546874,58.8275090119269,4.5821048425881,41.1305950943198,17.0406597507361,10.593161531393,469.46757323138,54.2328389707934,5.10670131758502,40.7468072284337,17.7379787197751,10.3376994521974,439.493496790149,48.3153389291027,5.87883322713577
718,40.8452186368726,16.6775960635322,11.1055491232598,491.308104742349,58.6251866388379,4.7113301117904,40.6858579682023,16.6245744099915,10.9302021401305,481.339000228596,56.8974956244769,4.92051372701704,41.2817581629828,16.7683352775077,11.0639009880142,496.179033002138,59.0210276952752,4.61342639866407,41.1659035572823,17.0306597711953,10.6347084264936,470.4518807703,54.1411462894516,5.14272425602162,40.6785100132173,17.7497781200985,10.2815860722597,435.73459529993,47.567656242962,5.93732390033024
719,40.8008378841833,16.6893329404868,11.1094646441905,490.501580766314,58.5430128233326,4.81842850464494,40.69668525891,16.626912910918,10.9174112836869,482.510292728946,57.2340659621931,4.88870783514178,41.1104500019035,16.7955721845697,11.0050995655384,491.021120769029,58.4526730502792,4.73726582418219,41.0945558642105,17.0232837365577,10.615264428489,470.806287762474,54.2964551728501,5.20242969781347,40.5892250141224,17.8570008876521,10.3185473459256,434.038352777616,47.361094557604,6.07437673094667
720,40.8661895690517,16.6616348234207,11.1184387422015,493.455320526443,58.8368987621778,4.34727870956699,40.7192885573815,16.6598778547066,10.9099253925191,483.88271355734,57.1578235857091,4.47259056141247,41.2016658890841,16.785739348045,11.0595571041225,494.212774723743,58.6174366117094,4.25682632145577,41.2279723075736,17.0856306871252,10.6233651858932,472.355604160164,54.2011427295087,4.75187613348996,40.6879842823726,17.7906085410382,10.3010125051219,437.32206643055,47.7983557971167,5.43346054180941
721,40.9392946929667,16.6639194283389,11.1342869713047,494.866678826155,59.3877000657484,4.36820261092236,40.7559827945122,16.5789104038331,10.9336813181609,484.056239421125,57.5705046133214,4.60819731142675,41.2086984238826,16.8247247374663,11.0736176547921,494.426915010791,58.9954298671407,4.37119380928451,41.1875847077483,17.078435884221,10.564161275445,471.077241060892,54.4891143319636,4.80972462669867,40.6997331572237,17.774395581202,10.2888961406182,438.522750302268,48.2707700353601,5.53967872019043
722,40.8583837191733,16.6110988739191,11.0845124595667,492.719768580067,58.9202020411565,4.59066399537888,40.6614379019388,16.5769690747756,10.9022394809216,481.642328816344,57.0233524863304,4.79343162035943,41.2031071538341,16.8004850999222,11.0223159400903,493.912380478993,58.7468838725687,4.55854832047916,41.15758452784,16.966184944889,10.6311821515687,473.760721314132,54.6819176398354,4.98806405740703,40.7327269221423,17.721846708636,10.3205382401171,439.952067052898,48.3388454747247,5.71661791135727
723,40.8953158138992,16.6324630274804,11.1197450462817,495.736305562942,59.331935102097,4.4562693019627,40.7117190145386,16.5052873041085,10.9508123361585,486.44727486686,57.7202826411195,4.69068186675252,41.1599408719304,16.8239301004976,10.9955231463003,491.589738502578,58.3739091642462,4.57343652395963,41.1662636084136,17.0441674951767,10.6348666614197,472.274609569609,54.5002287074441,4.99891791056274,40.6751274916732,17.7465251373881,10.3281830098285,439.744806503209,48.3489093804066,5.70391660532219
724,40.8820201047328,16.6655803357985,11.1144602891443,492.685870477076,59.0265749449535,4.70610632540706,40.7154882806547,16.6599981988575,10.937476843125,481.784869620143,57.1738950602808,4.93324056817133,41.1429844655416,16.8079796547664,11.0175340298003,491.470525230476,58.5515045844828,4.67247828885069,41.1138732597611,16.990683381103,10.5901527403727,471.117029191616,54.3476795074239,5.15627615429741,40.7037443300939,17.7218402593634,10.3575480518633,439.12605268184,48.3369904918661,5.8934659046344
725,40.9310574297405,16.5872910633496,11.1953255851759,499.681511418364,59.9592236800143,4.25678305081705,40.7041331008914,16.6637082118547,10.9587914119442,483.589419389445,57.2824934677941,4.58979902944799,41.1905239035857,16.8080176266758,11.0572187157659,494.941721477206,58.8941141510141,4.31850728649507,41.2542970832722,16.9745208679004,10.6820137936065,475.058123034855,54.7878545613645,4.79620573542238,40.7113699824504,17.6497756607019,10.4157450218112,443.268610913639,49.0924939247417,5.32415426862282
726,40.8876372408872,16.5924730609764,11.1328232705846,494.581694057068,59.1903219903417,4.57816307970048,40.7145457822592,16.633767021703,10.9653418798977,483.597362861555,57.2630333239277,4.803926095364,41.1964398225188,16.7823603676849,11.0367106877354,492.753705302792,58.6131799857736,4.57426045257252,41.1988678509336,17.0333960593139,10.6362633039389,472.859203506717,54.4906092771601,5.03252802157838,40.7327766599168,17.6716780827399,10.3975636334563,440.345196052201,48.3776430635475,5.71445250773639
727,40.8000280089348,16.6594925005227,11.1165296012729,491.210729682665,58.7594604235358,4.69884899371828,40.7354884384144,16.5451417921506,10.9898902753034,485.80908071852,57.8021591083323,4.79917173202408,41.1827602031939,16.7058091048209,11.1095426463441,497.0586208074,59.5057151472595,4.55004646557703,41.2159264464545,17.0408035999075,10.5638989975996,471.327098487486,54.390936275214,5.16572745358176,40.621235403259,17.76588425807,10.3136341534588,437.601310292277,48.0854632285912,5.90063080468968
728,40.8400649164399,16.5914699520254,11.1394670671342,494.432299664539,59.1437992251159,4.59412191099123,40.6680578578843,16.5637834378538,10.9493665137859,484.893812073873,57.5260124931305,4.78554477847004,41.2025930672347,16.7623492422131,11.1315406554212,496.189081930294,59.12705387617,4.5206391871338,41.1092571544785,16.9897160416918,10.6408818590059,471.452847889972,54.3368111406149,5.0753387868924,40.6679815802502,17.7155706333841,10.380059193431,441.167314579991,48.5622833706308,5.68610449550355
729,40.8968206352095,16.6514742564562,11.127882172123,493.001654038757,58.9545407036423,4.41784857983523,40.7602985296887,16.5775365386267,10.9652637633248,484.492753422886,57.5452320203703,4.54493543480401,41.2139899368785,16.7661918791985,11.0761870724514,493.529086063034,58.7515762448038,4.42418321497364,41.1749549819807,16.9793771073185,10.655455142368,474.541755333093,54.7363432403615,4.85076834445651,40.7518564685622,17.7476163743285,10.3204972309284,440.088878191019,48.4299646088661,5.52856550591354
730,40.7999827627925,16.630909593638,11.1369966706152,494.081793659289,58.9652532893152,4.54029012309548,40.6734095403383,16.55911523893,10.9663127987278,485.273575408167,57.452889427665,4.70665581387414,41.1832678576519,16.7472194939931,11.1234758864678,497.294509055396,59.1744574106298,4.41278477479686,41.1707845639992,17.0031606267574,10.6047076323744,473.464809853143,54.4030077908509,5.06344415438012,40.6701431600135,17.7228838489987,10.3804015247617,437.283373800983,47.8816276423609,5.77155502309248
731,40.9210188142736,16.6138884971442,11.1230471744831,492.852639288863,58.8386349117954,4.75879041206034,40.6633530613296,16.5932833689724,10.9120101068323,481.767396338495,56.9783047711412,4.976499056525,41.2082645125841,16.7451547683853,11.0580224737779,494.789837730003,58.9287750687415,4.65460593495654,41.1658225831198,16.9664693197493,10.5369993818919,470.549075431305,54.1339430547119,5.27864187417188,40.6456710618948,17.7007009493813,10.3702678774292,439.084346165163,48.2841567646553,5.93448163988937
732,40.8541066312549,16.6689084789138,11.0962535980162,493.498533418579,59.1206767566862,4.72627091600105,40.7685025616485,16.6031113507852,10.9200162556583,485.133547173456,57.7096659537758,4.87419214160644,41.2656850533773,16.7623713876291,11.0326502348206,496.222751827478,59.1374277680294,4.61744252999268,41.1851446048349,17.0343858758542,10.5934632098701,470.977049075441,54.3062649830556,5.2104048629814,40.733210218867,17.7029548513902,10.3603945410372,439.29287276159,48.2743626318964,5.87236494329337
733,40.8312866635197,16.6727066475855,11.1058785540003,491.684338367739,58.4631583303264,4.70759730344686,40.6177366381576,16.6644783793024,10.9502378772289,482.452623105394,56.925960234171,4.88824956567512,41.190513076302,16.7683298025127,11.0319232433841,495.639488460271,58.801380726142,4.57564401323418,41.0833524494608,17.1063830298786,10.595162880163,468.093324074324,53.5895585437912,5.21985836158104,40.6235995438937,17.7952449342424,10.334840904928,439.055850922614,47.9558205104884,5.87457282615763
734,40.8429587276918,16.6845921522862,11.1301584457624,493.171745099111,58.8281004854593,4.63029134732695,40.6079823509495,16.6656472431291,10.9479781523448,483.409642513477,57.2351033366736,4.81732391664856,41.1789109398267,16.7619474649482,11.0798459292893,494.832394216723,58.9216735186594,4.4970181928197,41.1389429776202,17.0349325233764,10.623300591488,472.553451028588,54.3651044032599,5.02604665549382,40.6788066010612,17.7513809640951,10.3813281663679,440.001259497623,48.209581142891,5.72721286129803
735,40.8655656493064,16.6657837158846,11.186706241469,492.772285870001,58.9700707510886,4.63680524166152,40.7424053233835,16.5813151441256,10.9991090517769,484.422992168465,57.5354686026597,4.78389685263155,41.1356296306775,16.7703689883713,11.1006813290846,494.0737277174,58.9169995764915,4.5605066128052,41.2018519194968,17.0393668879696,10.6347970041421,471.478153213036,54.4246924534088,5.06600568593329,40.7014037976929,17.7300563236181,10.3896143315296,440.630310591733,48.5021536740216,5.71638264590313
736,40.9253348242354,16.6295185439789,11.1426659315214,495.584669078613,59.1735905414523,4.38556667164831,40.7488818580271,16.5635686647175,10.973926576357,484.901741629385,57.2822063858544,4.65858294281528,41.2983446490406,16.785883575528,11.0872198499639,499.006586484222,59.4008484285398,4.33310284066129,41.2092718672614,16.9739525731048,10.6296110929485,471.85914601146,54.2537868710745,4.9302900126446,40.6539390734152,17.7271067021774,10.3749488237871,439.150199651725,48.1112638221619,5.64946368648227
737,40.8844229910131,16.5751111098699,11.1778598568409,497.423177195045,59.333239766538,4.39882510146096,40.7051509785894,16.5830271702063,10.9399499741238,484.560153067106,57.1524697598925,4.69783228339354,41.227997055518,16.7635491323111,11.0923807708065,497.044291697788,59.0039641885936,4.42562878167675,41.2309267604472,16.9890038117562,10.6323795937826,475.141364293553,54.6723769744207,4.88750594795391,40.783623653168,17.6944350432499,10.3767763335944,441.845841004666,48.6110858369606,5.54940619370373
738,40.7945602417806,16.6929296985461,11.0762347739968,489.469041601676,58.3181349288448,4.79543808433289,40.6662228132699,16.6202795074236,10.9540840814178,483.256149641493,57.1728467867675,4.92674753494279,41.0669568591855,16.8423296217445,11.0363104063681,490.279464140839,58.1602148063551,4.7999180728856,41.2016526488939,17.0859017932234,10.6520559475825,471.399308467362,54.191981631969,5.26105705471807,40.5941398496298,17.745779449956,10.3247238529496,437.259613668023,47.813514029117,6.04965450199024
739,40.9054035792641,16.6531757679283,11.098745666025,494.173429820848,59.1515975141476,4.60012869457768,40.7355082290384,16.5782624807619,10.9413796725594,487.110842974067,57.8754467208506,4.75703928994932,41.2689508597317,16.7569070350484,11.0302268525406,495.598447729886,59.1206016453119,4.53282122917557,41.2207708307853,17.0048810786675,10.5910111189871,473.671516169615,54.7271429466998,5.01601717656164,40.6920020800789,17.7019901330592,10.3227276912004,439.159987018156,48.169144037016,5.80070587295728
740,40.9047182417812,16.6450774351783,11.1139438335979,494.316022394669,58.8647855987263,4.87121591177619,40.7027033042738,16.6537299320217,10.9407863077636,484.107589349137,57.1999468241901,5.04445927306563,41.1673499184471,16.7649813610386,11.0317272681919,493.954201103139,58.5931213647997,4.77002979921585,41.1483654736481,17.055589870875,10.6189888586984,471.119804092766,54.063168709916,5.3095677329158,40.6327875061807,17.6940354250703,10.290683511188,438.312845085502,47.9041467668259,5.99473755821925
741,40.867748822952,16.6401412411694,11.0857171667717,492.740584093315,58.9175042271381,4.58358461493837,40.7090099660778,16.5926839154392,10.9501250702396,485.334605353204,57.6971274078965,4.73228495313407,41.3164077284763,16.763147818761,11.1006931229656,497.026558622895,59.3177157829273,4.48598025888806,41.109420215729,17.0249320409291,10.6317825670875,471.244497063061,54.3619377787978,5.04878858007593,40.7233184998613,17.7112901771291,10.3140549931091,439.649112955778,48.3635633989104,5.72352844882991
742,40.9046453334929,16.6512974502778,11.1006218041428,491.074203946152,58.6567619853467,4.48518790552166,40.6292365193026,16.6614834655329,10.8725636427647,479.416586065275,56.6707577776808,4.72900213154379,41.2019264145004,16.7635511185413,11.0204185848165,493.789442741068,58.8003037239386,4.40172120521285,41.2012631238575,17.0096140406209,10.6532028416874,474.359622353944,54.8900793149226,4.81567550708071,40.6534467374388,17.767212726961,10.2920553915123,435.608784324555,47.5653626012528,5.65349490947591
743,40.8722965733555,16.6443084507272,11.1056207142858,493.622976523613,58.9678338186629,4.64475497162885,40.6743688318582,16.568199036534,10.9293700772995,484.367158897836,57.4194888357403,4.83314869823359,41.2316839550412,16.7579697904218,11.1010418442481,497.43273490704,59.270202098632,4.56438393632907,41.1791337325073,16.9517096015206,10.5797885102303,471.86456851117,54.2988908053042,5.09905087341697,40.7006121494107,17.6795311013252,10.3771415692194,440.796616037018,48.4491559709687,5.81836601044222
744,40.8744956385043,16.6648860739844,11.0569588323522,491.882988159559,58.5648462654789,4.73340242088406,40.7654308762535,16.6220713423886,10.8779060610727,484.297031651754,57.2731996232506,4.85988063236939,41.2108785788928,16.7905838493971,11.0311408157776,493.766337417347,58.592161621754,4.65166729909801,41.1954465846821,17.0090441456216,10.5780476377858,471.1421964131,54.327843620065,5.06153485978788,40.694913097058,17.7084754019225,10.2896241403357,438.014541941011,47.9373923509818,5.85947017829814
745,40.8016575848438,16.6907021069421,11.1405939332726,490.893319468364,58.505977696072,4.86102367089934,40.7644882776454,16.5701069638862,10.9756692324525,485.216689354045,57.4500029122248,4.92105017916951,41.2171553961467,16.7421239824049,11.1552503644802,496.212727680217,59.2095140998607,4.6084046650543,41.2611354282163,16.9164943254976,10.6704313625399,476.149585070363,55.0683601392147,5.09501811401244,40.7362411657802,17.7119972914859,10.3021641221256,440.707870747051,48.455647407654,5.86756382646074
746,40.8880183984455,16.5876414806519,11.138284852983,496.097849795041,59.2803705138924,4.81569184612362,40.7758922271154,16.5874323319824,10.9687871941067,486.695316722278,57.6260768996295,4.97345811577732,41.2009751261186,16.7250386298921,11.0626378876969,495.635569008067,58.9458221068391,4.75018991592056,41.2170208668333,16.9516152560274,10.600843497019,473.02189803802,54.4802515290984,5.24202979004366,40.7101126310301,17.6923089816683,10.322410313877,440.566447810114,48.3125440375776,5.99955577564362
747,40.9527367977912,16.6294040218379,11.1075945834355,494.36867855269,59.0732882371785,4.6628422890921,40.7158698228736,16.6770456730429,10.9246071948856,483.720858766753,57.34612379017,4.86692514371439,41.3141107301642,16.7823417559102,11.0171678438228,495.134188850521,58.8821208802748,4.65977457808595,41.1924209514648,17.0151857987091,10.6013132060216,470.406116888904,54.1384330606468,5.17533855907117,40.7661917178475,17.7056554812473,10.3501362623348,439.935565659048,48.3411003896541,5.83572624348075
748,40.8925376068424,16.6608372445,11.1664835072575,495.534301584754,58.9596989231339,4.49689136927315,40.69504085973,16.5774283545,10.9748661365195,484.917502334467,57.2549946288869,4.71534981010179,41.2117977863888,16.7282241163335,11.0912096015053,497.15414044378,59.0101014321474,4.37956404425177,41.1492271648423,17.0232690264074,10.6235115141042,470.966843264076,54.0745351508464,4.88775400185426,40.7299864889848,17.7145884418212,10.3001344840316,438.513031377423,48.0389756884455,5.68964639978238
749,40.7798968984235,16.6583497047301,11.1417803503908,493.275354173358,59.0118628045589,4.51794815641663,40.7307714722886,16.5763327626013,10.9892329175052,485.960366179007,57.7497428315226,4.63345279923963,41.2364445830416,16.7786526363694,11.0747754899923,496.245829385929,59.1613900244076,4.45101000064415,41.1504526943982,17.0011657828298,10.6878917319521,475.620263563406,55.1438687217653,4.8378678294988,40.7032182558459,17.7229138898378,10.3044359354314,439.111545617591,48.3123358620304,5.64659971134871
750,40.8502447548501,16.6786813998246,11.1065004584876,492.472953857996,58.813921578874,4.61143722120589,40.6708421311773,16.6408461352268,10.8919317875978,480.545338175223,56.8276001608248,4.83255745558731,41.1437213861117,16.8202074617336,11.0324481688206,490.869275299489,58.2581126849041,4.58759511038991,41.06080117682,17.1057145254929,10.5589404666987,466.699060867017,53.4428342784381,5.21568639642563,40.6675501103833,17.787411383141,10.2514525144679,434.186529862806,47.4337138810586,5.80405210831093
751,40.7985244841668,16.6976203720363,11.0811534836137,490.845750127319,58.5435371298281,4.70932844900098,40.6345992389363,16.6263114424424,10.9255717721316,482.286775399797,57.0441822640277,4.92075724780508,41.1543765648228,16.7859958423283,11.0146519213864,494.388553203048,58.8288284571763,4.61854447912063,41.163907361345,17.0554381477238,10.6125924271438,473.368315913242,54.5369426014863,5.12457525438722,40.6485363618535,17.7496896640514,10.2813883743019,438.1580961223,48.1428544900393,5.86003831031241
752,40.9058109401274,16.5883627396117,11.1457399253808,498.649929451966,59.516179615061,4.52665073215947,40.6894260392151,16.5873891211974,10.963907221824,486.388634247883,57.4545940271597,4.80502633850738,41.1531136290447,16.7163227517939,11.0423378280697,497.220607662233,59.0698877406518,4.52394979684667,41.1547742384504,16.9840376419099,10.6072427603646,473.432587435936,54.4315362233736,5.10872348624847,40.7122901991612,17.7066426487425,10.3240413926885,441.097266989875,48.3423960324857,5.87273907208229
753,40.7816217477315,16.64133797723,11.1602346049141,492.259532022367,58.944479439372,4.52368050088574,40.676089499285,16.5736864045698,10.9861349675704,484.360843464004,57.5670888262747,4.6860184040429,41.0960248799199,16.7627525941793,11.0852951809975,493.217111536007,58.7526994141502,4.52729785732834,41.1530683969997,16.9939392331598,10.5983982129436,471.387612515252,54.4064429480682,4.99403703348868,40.6634101177268,17.7110328559048,10.3388230033264,438.802839543559,48.3475531810672,5.63939783794875
754,40.8108517061201,16.6571419179672,11.1294145230191,493.465021787776,59.0037300551092,4.4793157766457,40.7159524268704,16.5822692034374,10.9384459139848,485.024385643635,57.5536267399295,4.64208463451899,41.1247738691731,16.7750079159319,11.0534563975291,492.225359851083,58.434802861926,4.48867659589181,41.1123937006217,16.9699916656599,10.5799621731044,469.727906447621,53.9927819067375,4.96405436170375,40.7260001821414,17.7399830292837,10.2854601281664,437.351849653162,47.8543897240309,5.64800894057153
755,40.9167085991808,16.6468795706625,11.159816943639,493.958804590567,59.0282631890584,4.44432961504057,40.7595695380621,16.6523232122701,10.9824939751753,483.764383310602,57.2996061203865,4.65141104879934,41.2528953444218,16.8288400564872,11.107240513483,493.836224036549,58.7552190637012,4.41923681384777,41.2278226764079,17.0856967940422,10.6147134391479,470.437382739341,54.1461195838788,4.91383412813496,40.6856347308007,17.7522729518942,10.3642401466018,439.179918982717,48.19396931815,5.61914462098281
756,40.7772482539397,16.6735455860194,11.0903538318063,492.114911913927,58.7230250682076,4.81875211414392,40.6634950920462,16.6082408132897,10.9122149901121,483.094840581469,57.1738656543324,4.96651135214589,41.0929778353697,16.7824648582538,11.0371859627007,492.432998253069,58.5499147255359,4.76996321312408,41.122243394642,17.0301234394531,10.6082156696284,470.774429919076,54.2742204458621,5.19903066391353,40.6089534217463,17.7934660115911,10.3106028480173,436.398031913075,47.8416363509592,6.0288319224843
757,40.8933958820453,16.5720735850075,11.2483635945656,499.192832563127,59.7805017934755,4.39865452642251,40.7819622175597,16.5452093875926,11.0032823401168,487.403495883178,57.7786558700927,4.60753505238611,41.2843730737462,16.7233349023432,11.1226458918698,497.966555421999,59.3767777556543,4.37950953225842,41.2182983913403,16.9828300822101,10.6397594263242,473.917911867285,54.5965530293683,4.9737408906452,40.7567836743781,17.6710651076394,10.3783754861873,441.479236016985,48.6129817941526,5.58563472165609
758,40.877689750803,16.5948371455455,11.0850884026899,495.728884930762,59.1640962089863,4.60597155292517,40.6973596257817,16.5921295081195,10.915807601872,484.550835184613,57.2644933269453,4.88677348781124,41.1120419763111,16.7549927087191,10.9913084705961,493.317572914717,58.5467955643537,4.63291598535496,41.1107113079384,17.0233824197626,10.5450960636557,468.985396319766,53.7815194102813,5.32567238716107,40.7077599480483,17.6865297435634,10.3695830560309,442.303793489012,48.6809884343986,5.76507595882056
759,40.8908676747367,16.6349959298945,11.0578209209176,491.881187419676,58.7862992721758,4.71188222614668,40.7335522713174,16.6206363318186,10.8805388144622,482.502221423438,57.1911514942469,4.92031005944376,41.2207278174261,16.7736282265012,11.0295732369663,494.994391674047,58.9913613925021,4.54962828132009,41.174484488948,17.0394577695109,10.5683920991624,469.674100887444,53.9558012940917,5.2205699201616,40.7309764501301,17.7931911172887,10.2931100535019,436.371914103508,47.7299032206316,5.82028994121607
760,40.8743168434636,16.6367510465591,11.1257156697082,493.573277177545,58.7780009912042,4.59681356125453,40.7559298312954,16.5363550294055,10.9318072989511,483.300215783768,56.9773876449687,4.84557316039566,41.2865390304566,16.703163730648,11.0902203394658,497.767873772926,59.2509346992687,4.46355166027022,41.2073303341089,16.9784074689607,10.694682782121,474.254798368676,54.5407010046082,4.98410898708343,40.7294347854602,17.7832470907878,10.3281102206934,439.450902452744,48.1214129825295,5.78059506958797
761,40.8277201676706,16.6232084383276,11.1189798415707,492.647108202879,59.0055701846844,4.61527950884853,40.6292652316138,16.6286741568176,10.8932380244322,478.489029386358,56.6397543565499,4.86357449489978,41.2766768983454,16.7842125213788,11.0327910353361,493.459585212427,58.8087860845612,4.60449363700021,41.1795474382412,17.0231777229766,10.5799313212794,470.0177595913,54.1645874355507,5.10620881316976,40.5990019061433,17.7384011730654,10.3277279104562,437.230591111953,48.1875097663688,5.72806203647619
762,40.8781745640728,16.6844044806065,11.109833587185,492.325486541342,58.9317641476576,4.41409430794316,40.7019771136981,16.6528279913853,10.9047542545805,480.477372082454,56.9539664826451,4.63117890471025,41.2170752233439,16.7832342919036,11.0662484884165,495.264578749511,59.1603228564092,4.29444812207052,41.2306547040578,17.0344480075065,10.6384036893337,472.900948334661,54.6968795465706,4.85164531525568,40.7171481621087,17.6791503273399,10.3604644758232,439.09441055249,48.3154730799533,5.56822717023764
763,40.9970192104838,16.589024239228,11.1627669710604,498.753016806328,59.703351370842,4.26490403855573,40.756290064924,16.6223162936344,10.9409084368339,484.917326081788,57.4179952137145,4.53765523717076,41.2254613694323,16.7507857590291,11.0691633415955,496.625015159871,58.9927570499883,4.32271268079338,41.1867570109159,17.0642955952233,10.6303063174633,473.509380138135,54.4716089385073,4.78192598797632,40.6728270605868,17.6547638351676,10.3325121106463,440.428367097368,48.3560692385362,5.48804927054373
764,40.8410729256349,16.6344803186511,11.1128757789898,494.53442789093,58.9930734307695,4.46402044567885,40.6576015126633,16.6104630800681,10.9345968390165,483.499736204907,57.1319836339459,4.68337063417469,41.1892983446355,16.7229847710144,11.0511159735935,493.993771173576,58.5998429001387,4.53475950249075,41.1827619218124,17.0153653645895,10.594306237189,471.185982834835,54.192910335028,4.9412712862651,40.6485642310781,17.7072657331414,10.3088117654338,438.529591314301,48.0278636624695,5.60694614023288
765,40.9568295738588,16.6756210348841,11.0679564507681,494.408606891667,59.0438221165811,4.66980030355481,40.6873595541169,16.5743045751794,10.8804845303524,482.422964178713,57.0903899473667,4.90420304572608,41.2520029473535,16.7381752374545,11.0314758944313,496.661045223967,59.0705608397546,4.63277651520216,41.188335133197,17.02196256551,10.5495221587558,470.288432740446,53.9594668947523,5.20420778653353,40.7498325368026,17.8034118462632,10.3067490003808,439.383871240074,48.1739754458775,5.84466263636156
766,40.8975838404528,16.672169050797,11.098358425209,491.950196216543,58.7416771139021,4.52585988554941,40.714805401719,16.6654749530608,10.9318787125767,480.714027017876,56.7975428816482,4.74018137829217,41.2443695008644,16.8035928562112,11.0455599689836,493.791370598793,58.7977977386901,4.43930281077881,41.2210879217564,17.0602000598753,10.6092270362898,470.299250522744,54.1417528634668,4.96549528514411,40.7420124508929,17.7751971335267,10.3314888006269,438.614174017038,48.0934796712939,5.61368317953714
767,40.8279442582056,16.6706882076216,11.0904302073327,491.907640365001,58.7515106430871,4.6530572421306,40.7030974042408,16.5955618305173,10.9184926847143,483.10111904348,57.2978388421816,4.83034927889206,41.1592852110398,16.7658861520018,11.0002095763006,492.854949234933,58.5582415324004,4.67768102396988,41.1027565446946,17.0068744888999,10.5650606014046,469.348589087115,53.951936998218,5.18034162290107,40.6674521683438,17.7131018338541,10.27507998033,438.007946444339,48.1088389882106,5.85408251560082
768,40.8869129682163,16.6384424427707,11.1263840612547,493.955254625945,59.2094815706238,4.71664840861609,40.6292573801459,16.6694768394501,10.9335135906851,481.59042924715,57.1173624276299,4.9457538085215,41.2075776465162,16.7448647297817,11.0469124993613,494.725720072114,59.0644044067801,4.67106779271547,41.2019137322064,17.0432657105114,10.638928310435,473.094720364064,54.7247584225597,5.14641187222971,40.6538432856913,17.7585678849298,10.3788322477255,438.122711889732,48.26186353028,5.93899260369242
769,40.8552703718011,16.6650398946965,11.0892192136763,493.065115167886,58.9845168759697,4.5808588244426,40.6940764823324,16.6048130382831,10.904744679,483.322817494197,57.28742810556,4.75674409250561,41.3034345998638,16.7118052563972,11.0126856865939,496.072773291502,59.1157581209713,4.48755160258848,41.2476053292476,17.0133464837838,10.6189473502001,473.624179445218,54.6302630840561,4.99777847982866,40.7119874409301,17.7180328645264,10.2960427630464,439.45647635822,48.3730548509585,5.66574380690014
770,40.9150782789151,16.6480083091156,11.1330234903494,493.850881353732,58.9439309826122,4.51850189392444,40.7874047071164,16.5057383566282,10.9485847947833,487.076150088072,57.800684869839,4.5909204227453,41.2194614442477,16.7702262978815,11.0460166729118,494.392037037001,58.7873575127574,4.48308388136494,41.2284897232901,16.9610781138774,10.6189915438865,473.94212464315,54.7025865731342,4.97855307514113,40.6478138630489,17.7208243610055,10.3438907787648,439.301534236335,48.1794650779951,5.71213568740716
771,40.9919479328336,16.6266558132438,11.176994557814,497.935271587309,59.4595399763461,4.66406243499169,40.7570211184184,16.5799791354371,10.9455480025388,484.707802472979,57.3138273115233,4.93691607368291,41.3329224646391,16.7631239846884,11.0979133638596,497.549162562523,59.0892220686513,4.64924477942602,41.2584074487377,16.9836792358267,10.6095507467606,474.499102257658,54.6423868111429,5.1523721631092,40.6618911144335,17.7261056753395,10.3484059954277,439.714000758869,48.1951126260356,5.96429819335767
772,40.8540326592843,16.6096192345108,11.1120737460722,495.163350475908,59.198079400636,4.70018130554063,40.6403227750216,16.5874083983241,10.9298936347677,483.57858142128,57.2805404261718,4.93111047940332,41.2382141386846,16.7043778740915,11.0644596623529,497.801374407129,59.3391553128321,4.55638542904736,41.1750511074705,17.0012568042704,10.6052070123921,472.997981687992,54.5125791022362,5.17320113770432,40.7070908167557,17.7063444666228,10.3257202873534,439.46570763651,48.2615571622778,5.84125326929279
773,40.8721434901821,16.6666927369227,11.1061896864504,492.479826986777,58.9599276110702,4.4120560827993,40.6979848813897,16.6221210856961,10.9640105129005,484.693616182163,57.5478478814399,4.59881183948151,41.1928782375889,16.796743707794,11.0227938449882,492.826670632305,58.6314657532503,4.42242413029328,41.205971341561,16.9735385704209,10.609422622447,473.899775154328,54.813059356701,4.82272953241552,40.6672403895302,17.7481475427627,10.3369302458169,438.710690688961,48.2923631585454,5.55362216143797
774,40.9280505355405,16.6080794612471,11.1177076464254,494.975763437229,59.1505987077539,4.42457476992146,40.7247641268091,16.5902670494608,10.9461287208546,484.047349336282,57.2548293799506,4.65319264518762,41.2335987422123,16.7166192074475,11.0767429927818,496.602549525829,59.2348808155379,4.28070811605848,41.1784146347742,16.9891864330887,10.6704005026882,474.414974690048,54.7709471428664,4.78636976637926,40.7254049785928,17.7131976935067,10.2729010179355,438.359948123513,48.0886225481204,5.56238089522183
775,40.9117723552176,16.5751648337008,11.1831107215272,498.042985971122,59.4790429192208,4.48712232832478,40.7979594211503,16.553482913902,10.9774905348745,487.08480757241,57.7187020250705,4.69674699336105,41.2186886678832,16.7221279068167,11.0890727871417,497.496925573996,59.1015912112622,4.50289157505677,41.2688235689739,16.9854912516768,10.6375822764405,475.633339188996,54.6644688517042,4.96431432382653,40.7744404987727,17.648822268773,10.4059411001935,441.633950864097,48.4172003664925,5.69278298805529
776,40.8822878730933,16.6046004032261,11.1123648088075,495.129581576559,59.2088619943597,4.57107208240738,40.6716951568086,16.6055870882692,10.879324511451,481.622654571126,56.9455507887567,4.83772912303903,41.1864416197282,16.7742705872569,11.0889250312273,496.348642892069,59.1626431036801,4.50167294243285,41.2732974813104,17.0158324745471,10.5726881834857,472.657394352645,54.5270041812857,5.0029123313061,40.6448339930288,17.6592998389136,10.2771284970019,439.078211389422,48.2760098298704,5.71593144234877
777,40.8313415878855,16.6560109275249,11.1381142018933,491.837034570012,58.6579203170361,4.65118351336644,40.6628556854377,16.6796699233253,10.9432850420786,480.805120171681,56.789522553486,4.89102924928492,41.1055463343364,16.7867248398573,11.0785504302261,492.939210596835,58.6655210058293,4.57962196410131,41.2397548737171,16.9700107878069,10.6448640657769,474.399010192148,54.7410069027077,4.97895127753292,40.6839680040814,17.8362690888981,10.3182863497068,435.180805848723,47.5258354550473,5.84798290092479
778,40.8147234073518,16.6414402325625,11.1954017542586,494.294023046211,59.029757499762,4.58389471556907,40.665170375463,16.6250450260024,10.9620073960274,482.68067715806,57.0337445481753,4.86293734780679,41.1988619943855,16.7351680194752,11.1675711895221,497.4244409303,59.2066039370938,4.45700111530189,41.148115899499,16.9946966302983,10.6076539173518,472.554291446343,54.4733587559131,5.04926918670646,40.6641472088058,17.7641470483021,10.3498730143075,437.488723295122,47.9206292339877,5.78794809941136
779,40.8707154705246,16.613119206592,11.1482086889991,495.90733722598,59.2841921973656,4.57519658432467,40.7149997833416,16.5986727129817,10.9721136384633,484.843870610394,57.3822948945961,4.84025006843602,41.1656420864222,16.7677942228465,11.0798623960666,494.310873982197,58.713022170396,4.63738958835921,41.1548972261658,17.0041860636787,10.6439313611933,473.384062929388,54.5336897925638,5.08986701673639,40.7357614816048,17.7658250803248,10.3596417410254,439.528403401283,48.1470940836092,5.87845368853133
780,40.8874807147137,16.6350248648349,11.1708672397879,494.545094627252,58.9581552840471,4.44416749386964,40.7176376865124,16.5774100566798,11.005751010526,486.218965649915,57.5722266419135,4.58666886926866,41.2027579025881,16.745785870123,11.1153692403797,496.90854388001,59.101874577039,4.39251709153664,41.205121793691,16.9522014723474,10.6789208998924,473.798790561469,54.5914968740946,4.87146582584485,40.728705172196,17.7522784995008,10.3764253782599,439.353709559768,48.246818499934,5.54944082334579
781,40.7945349235898,16.7157853464688,11.1543996312509,491.572165666817,58.6266779680884,4.55632764469582,40.6645388294571,16.6469818992521,10.9492384667572,480.795043523535,56.8316770214478,4.76084791410156,41.1974893077787,16.803361300112,11.1053028680156,494.34487757405,58.7700102039112,4.54627954006563,41.147630308981,17.0894945225247,10.6816948363983,470.962816076294,54.1424138332445,5.04162693534649,40.6627985844599,17.729579858181,10.3348663843577,438.23420997364,48.0014973549081,5.73641349440579
782,40.87615540541,16.5858601820806,11.0758919592149,491.397600614609,58.800043045603,4.50392223097886,40.719241487995,16.5432307489662,10.9003761149098,482.99317870597,57.3577772949826,4.6510906789944,41.293850169235,16.7665730328837,11.0558628193456,494.661547896117,58.9428578493017,4.41732802101666,41.2767348723663,16.9990746393806,10.6020676686937,472.643130995246,54.6223876247796,4.87667108277085,40.698438819917,17.7082904311422,10.2899054719944,436.687011472544,47.8463612455185,5.68710346991116
783,40.8905266673683,16.5876196625802,11.1219975992683,494.568736888799,58.869090362884,4.95637756320342,40.6810902322626,16.5807206626015,10.9299802696537,483.058602705338,56.9399011226218,5.15949106792799,41.2129666279821,16.7397856647045,11.0712630731135,497.392267402944,59.109771861732,4.82517818531233,41.2157232647521,16.969137064702,10.641408336548,474.7411428876,54.5572985296199,5.39506631689954,40.7286431241621,17.7894908294378,10.2994341622568,438.394691787717,47.8702718795514,6.18237786851435
784,40.814968546076,16.6191845351222,11.0767048265782,492.815107681092,58.7187532918026,4.78204429665151,40.6720118334764,16.6413267417171,10.8979780485421,482.820204424147,56.9824938795717,5.01690383662271,41.1663653789729,16.7642742912547,11.0334291763772,493.264358943049,58.499106221564,4.76787613395118,41.1753136641268,17.0218302581744,10.5784176458117,469.958629117697,53.8858835986169,5.32418706773645,40.6380771477333,17.7618127863626,10.2873397711584,436.64207930427,47.6474752434678,6.09790866444193
785,40.8952714027506,16.624857337244,11.101974297022,493.759709140809,59.0931723355773,4.64173438390113,40.713153910819,16.6291863993374,10.9388692489181,482.481120739408,57.2178008139728,4.92019300278984,41.2470592589942,16.7534248528684,11.0745558906241,494.652084247651,58.9760365053864,4.59349552590752,41.2276627758367,17.0017436604985,10.601445259068,471.478026219789,54.354888666336,5.15688183100499,40.7536479424722,17.7250776519495,10.3509269728036,440.168376464934,48.4555338881219,5.83361530906702
786,40.8823298836183,16.6094819069521,11.1384877106112,493.128466955247,59.0584724890658,4.54147252832484,40.7317075311604,16.5493938292978,10.9806505639113,486.001630162045,57.8972897146986,4.64198567515221,41.2974893894246,16.7470315799293,11.0878023526419,496.626464513373,59.3253795970156,4.4177110134691,41.1475286299669,16.9960412340932,10.6351688506444,471.030094406165,54.2382677933552,5.08335821839829,40.6473107443419,17.7312201760135,10.3737517077475,438.419049591763,48.1751686454054,5.75808953230228
787,40.8367673449032,16.6476786554631,11.1255661530396,492.044244092365,58.7828728740714,4.44180869728293,40.7257977457589,16.6565962613054,10.9376682560811,481.277773160136,56.9593385953712,4.61537974980468,41.1705079037994,16.7384250910312,11.0827465547125,492.37783708329,58.6279036401891,4.39276719675458,41.1553680384038,17.0599990941493,10.6079200399102,470.12371416517,54.0837505661981,4.90712929271328,40.673161284477,17.7303588935031,10.3404254433745,438.680672748652,48.231779766485,5.56088247938767
788,40.8952174243226,16.6439642729864,11.2063465295014,496.746697320667,59.3248610189649,4.49262813946535,40.7257048059263,16.5734681183114,11.0152898913991,486.342359628551,57.589370605056,4.69753638124082,41.2420532765791,16.7575975312242,11.1592124966707,498.336213006886,59.3372272496836,4.42960429123557,41.2013909335966,16.974350115588,10.6972767166396,475.321112989665,54.6800514532127,5.01377603140746,40.7277725081703,17.6557990433222,10.3746558808403,441.887621134681,48.5741957883211,5.6411829671079
789,40.8032007714406,16.6500050452307,11.1265119462508,493.03519585268,58.9754623987414,4.5289605447999,40.6836375106412,16.638218962171,10.9069311214219,482.609853989316,57.1898093867053,4.72823112729035,41.112325512026,16.7467053925416,11.0404881666687,493.372856665837,58.7807964996168,4.46241768718204,41.1831043991381,16.9720350867349,10.6181419437201,472.628740097943,54.4441963425146,4.99571551356943,40.6806905130188,17.7470724572921,10.261936463655,437.607190839,47.9432941465257,5.72586423808692
790,40.8622017505773,16.636365613243,11.1603930692782,494.469792650213,59.1849218961239,4.63611448215921,40.6743632302625,16.6540105630649,10.9513587602447,482.286819093575,57.1788499931742,4.88845518783913,41.1562072125061,16.7994527319279,11.0430313091032,493.940706903483,58.7827714603436,4.66731906827834,41.1614555624617,17.0067586065616,10.6139271239228,471.384737014227,54.4883807019456,5.08985348396675,40.747114210022,17.7463581579374,10.3230424900878,439.713110273107,48.5146611932284,5.74178105001037
791,40.8108482964513,16.6444967361356,11.0757355485503,490.413268308506,58.735959439949,4.7346758685509,40.658227958641,16.635844761471,10.8704134179458,479.806363819475,56.9195760365271,4.934944600281,41.1673766322302,16.7442287464339,11.0397700181284,492.614227400662,58.8448505272105,4.67187764804578,41.1133075595292,17.0166632481706,10.5907137412088,468.706145641813,54.0651495616643,5.25081849808958,40.6467121387419,17.7269076872954,10.3367225231767,437.16597834937,47.99525969212,6.03696132793565
792,40.863415585384,16.7058777920771,11.1144771902751,493.588489186652,59.0525226850807,4.56499965443916,40.714231521276,16.6591918986324,10.9467764491116,485.078527462672,57.6531174485427,4.67014939601027,41.2479990444312,16.8317517552607,11.0583312333126,496.007577265973,59.1084826629017,4.44327565510422,41.1398622798989,17.0006420195641,10.6506937661003,472.775043910295,54.6098371401306,5.00917321111478,40.7246318572062,17.7217146550002,10.3808756981967,440.305942954914,48.6064068673805,5.67540923371386
793,40.9060251238713,16.6485637529142,11.1222915904233,492.274090164037,58.6776240801873,4.63801322597876,40.6593750269827,16.6420186850845,10.8882942160633,479.967393580575,56.5935241487236,4.85059742806481,41.2050581970068,16.7712336555712,11.05025879917,492.938673492246,58.5287004140451,4.56004114309285,41.1883505788189,16.9969034051328,10.6421465216602,473.957121580399,54.4979844981668,4.99526492001281,40.747914091335,17.7098458099106,10.3148198438845,440.188982537349,48.1592458015759,5.73203955560367
794,40.8105660036216,16.6504672610209,11.1075711555781,491.001302512363,58.7461522526771,4.73221723182627,40.7880875466032,16.5114422351664,10.9892581068413,487.202614095196,58.058119862165,4.76571314236281,41.1901119573378,16.7343839467936,11.0452164819325,494.067282607538,58.9067904559704,4.63865145047805,41.1764200836156,17.034415965689,10.5825663876219,472.293555363423,54.5801666499197,5.11560996818675,40.6717769430279,17.7278772865049,10.3611902304503,438.007104196345,48.0905362938536,5.84989936526292
795,40.8231123464931,16.6059416194675,11.1640047205514,493.543719197918,59.0076594889058,4.76556103676304,40.6536604468457,16.5887078184026,10.9998777050418,485.254063451525,57.6799125638559,4.88419578719526,41.2144288285611,16.7526260241965,11.1060988526416,497.385774617216,59.377235844828,4.64063035738987,41.1212913791162,16.9866770941117,10.62881951907,472.21477303619,54.5039192683556,5.25710392929726,40.6560715424546,17.7499570990444,10.3306160520882,437.093122655668,47.9440018561514,6.0488929600407
796,40.9340608295025,16.5826005256254,11.1005315749309,496.313142552281,59.3207140177906,4.45870968968566,40.7986371402299,16.5896613712126,10.9375492063367,487.426115812422,57.8434889810909,4.63207465104113,41.2479277355977,16.7307510157479,11.0347333582805,496.214235797917,58.9945633824202,4.43132203106182,41.2180131484224,17.0148699789484,10.6266758083644,474.096747065777,54.6670140280264,4.97831029970268,40.7078226053085,17.744340220571,10.2704047856912,439.833893967782,48.1563577438908,5.65088385602432
797,40.8963097902444,16.5940313833271,11.1661743699621,496.958492695671,59.6359537334185,4.55283535106181,40.7338244863823,16.6040059515809,10.9763405673742,485.795393783844,57.7724892106992,4.78648796481369,41.23812120437,16.6879595835413,11.1208219936534,497.44417974609,59.444356207926,4.54316505976871,41.1179099273213,16.9721475642598,10.6411446711657,472.736774618322,54.63607189567,5.16015431521643,40.6649102383758,17.7258585595394,10.3683441048346,441.63734439773,48.7446429558641,5.74742155516252
798,40.8129851127695,16.6800729831164,11.0486763306113,488.52199769875,58.4063450588302,4.75279940117322,40.6941380292778,16.6238620475621,10.9027370202834,481.632363674088,57.2009860484734,4.86029616627394,41.2654158684648,16.7798176782431,10.9988062371178,494.322683635788,58.9787121973033,4.59404335333229,41.1030693950247,17.0509233249469,10.5783819610326,468.368161670386,53.9438633358295,5.23316658092631,40.6446456002881,17.7257727137737,10.3209719303298,437.831739350257,48.2347409450248,5.94877927828076
799,40.8688546428405,16.6010893527451,11.1283568874926,494.776842253329,59.3057224663022,4.60488639081422,40.7181997380836,16.5903816915394,10.9202379832212,484.179159596724,57.5572545626942,4.76423324526189,41.2584625995792,16.7591444102866,11.121174892657,496.910735936082,59.3068109799881,4.56274818837116,41.2861375826962,16.9335883177795,10.6319416774598,475.432406241826,54.9970876622577,5.02385108274659,40.6903208823139,17.6974939878424,10.3974514131128,440.724526033665,48.5074145177801,5.86081794831253
800,40.8816020448459,16.6036319745935,11.1340820839491,496.204940053449,59.2521195963547,4.35414535151661,40.711203182323,16.5824419004992,10.9594873435973,485.451910279119,57.4103347456046,4.56691774124163,41.2118096902385,16.7285364224093,11.0670728539052,495.992918835027,58.8952534007018,4.36101308620096,41.166842717074,16.9758146968756,10.5920486940698,473.267043554065,54.4019397914228,4.8307811386398,40.699514581236,17.7186145410225,10.374772620311,440.951173391915,48.2712522042899,5.48431662185502
801,40.9306671047619,16.6172762721392,11.1382964440278,498.299989125362,59.7383187750338,4.59392587798228,40.7043764231418,16.6198771021071,10.9259989076596,484.625273441305,57.5081833411125,4.89737578209172,41.1732169968181,16.779491663174,11.0486911420012,495.057609164353,59.0048588095881,4.72718328908719,41.1745937464202,17.0305316380306,10.6032105271547,471.83963477655,54.3344937614498,5.21878728404956,40.7052298654459,17.7459655808633,10.337194712529,440.908492765563,48.6136539786031,5.9009672541898
802,40.8637328795882,16.5974625352569,11.1097964904159,493.391431311968,58.798174696418,4.58371299599835,40.6778135702116,16.6106771389192,10.9182462134241,482.463449073535,56.9529765289013,4.79351409962836,41.1848171705162,16.7624473606638,11.0290399016922,493.439176711429,58.546790771285,4.59165085199315,41.1630537398432,16.9803941950962,10.6167377884255,472.57356470701,54.2683739599491,5.00529399094089,40.6954159880312,17.6598596206196,10.3934290782276,440.990364921203,48.4818730654967,5.62149839494254
803,40.8776724800833,16.6421664187983,11.0837483792169,492.083267631099,59.0454160992865,4.63000012935946,40.6084166350761,16.6745590976429,10.8930002364558,479.109465905375,56.8482456718649,4.92294730364577,41.1943264510064,16.7744487970167,10.9964573948441,492.239257376128,58.7609335533945,4.61192640920708,41.1082062992299,17.038078755895,10.6097039942956,470.597558736367,54.4075341890505,5.15117045576911,40.7046412883366,17.7927253880621,10.2800495698147,435.537105509068,47.867333874585,5.91476883064207
804,40.8655082055744,16.6873200697844,11.136113606849,495.12733246426,59.1357027990168,4.41763283818888,40.7012797965174,16.6355111583178,10.8903790624083,482.747547050265,57.1036044751881,4.6468015756144,41.1841350664159,16.827438589334,10.9899733338064,492.778014764495,58.4404037413507,4.47005622102754,41.1896466766534,17.0603689344018,10.6087591490488,472.382961448018,54.4004694715881,4.85083233030584,40.6419389128056,17.7456930455945,10.3355948249877,436.27583186414,47.7626614145043,5.66651461866785
805,40.8893170107336,16.654636352574,11.1105003548774,494.035811194961,58.989132264422,4.42303944660265,40.7061602894814,16.5857141343495,10.9046347927471,483.517829588974,57.2734918545352,4.5938408001323,41.2802155007831,16.7196239237173,11.0535132910585,497.393753320171,59.2160136146758,4.31868250400357,41.2511673335987,16.9802811648227,10.6695608501525,474.461213362455,54.752507779628,4.83051150972671,40.721484928554,17.7700175861434,10.3270218383435,436.0678922552,47.6364303309436,5.61197584474733
806,40.851314139188,16.6432892718107,11.121741587973,492.766670552081,58.5350856384999,4.5945797655168,40.6581116370576,16.6404335911466,10.948218594009,480.207597243854,56.3746699659347,4.91052715778607,41.1357563098099,16.8096651090503,11.046735997319,491.974086162156,58.1324706405437,4.64388877287637,41.1544457330239,17.0299476102675,10.6488267002054,469.687310981594,53.6909511878144,5.07826107468263,40.7388769019842,17.7231970855831,10.3547231505526,438.2396275056,47.6573969240436,5.74253553899947
807,40.8566189801539,16.606634544646,11.1512029552211,494.747254371645,58.8188298046947,4.53941712834158,40.7565853343782,16.5758882165902,11.000459237029,486.713131943951,57.3891404278218,4.72844517790699,41.1996016985654,16.7079590320216,11.0978505099932,497.200811869687,58.9104359501573,4.4679195433606,41.1758872141066,16.9559395925746,10.6986858793244,474.320274769883,54.5285348885329,4.96275956882946,40.6312729422758,17.6752805616876,10.3709445636708,440.374773213066,48.1889034494386,5.66123680651726
808,40.9230917377192,16.6532906180959,11.1193551425229,493.629873377852,58.9333040360519,4.59935703088087,40.685336344765,16.6189475400959,10.9152255562081,482.638216660753,57.174017827717,4.78355492064308,41.1605576967401,16.7153825850857,11.0810253640067,496.297991331597,59.2373782260517,4.45242818880716,41.2313008417622,16.9668764822924,10.6218189721843,473.624734728856,54.6108775752554,5.01402475499284,40.6937218408826,17.6845850337526,10.3407430090557,437.603309219208,47.9342822286205,5.84599025533831
809,40.9051884738783,16.671021653539,11.0883281488797,494.098886425755,59.4116833538867,4.25257884684929,40.6935670523001,16.6051688886336,10.8840189940562,481.487460950254,57.3231427914153,4.51995526481953,41.17284054457,16.7807845015758,11.0102880023113,491.273766873284,58.6858699894401,4.2862024021758,41.0708665207242,17.0475386321179,10.5508842398005,468.254461095053,54.0985129778384,4.85122087082721,40.6785148556975,17.6957919613499,10.3194392574841,439.576104252118,48.5302061245931,5.41846959252503
810,40.8685109247836,16.6065814775994,11.1257529712261,495.037857766366,59.2252177299053,4.55185388203402,40.7056190616917,16.5915391272632,10.9892174535793,484.849991807524,57.4421933445002,4.75209722211262,41.2097395878946,16.7361649939186,11.085383815162,496.846921468348,59.3374908411004,4.48547117532208,41.2276256864553,16.959649250376,10.6274905250694,473.564771147636,54.5955042682547,5.07122573405126,40.6394937790244,17.6865500024541,10.3532782031969,439.303111149898,48.2039051159052,5.7707995195133
811,40.9531939328308,16.6514880459441,11.1745320732025,494.587387291135,59.0810698604524,4.5751369160117,40.7324946737687,16.6014258535026,10.9788287008217,483.649221668965,57.2550152550341,4.77023863363084,41.1469224090027,16.8378397172539,11.0846334974109,491.737305790235,58.3954737657256,4.62518535915004,41.111562403113,17.0809879003085,10.5552600405597,468.277946452199,53.7072072617012,5.21594853084036,40.7318560667817,17.7763039241316,10.3480545779583,437.016845153465,47.8423620220078,5.87635173522841
812,40.8391392127891,16.6667855982766,11.1252601567232,494.669751694323,59.0553873333735,4.6662062194359,40.6365428296934,16.6062220192395,10.94783427879,483.971686550876,57.3001327326625,4.90990882890842,41.0935337216288,16.7433326851185,11.036504755664,494.724732632795,58.828888971081,4.63935795843974,41.167846474104,17.0863048814211,10.6054510721679,472.198090705036,54.257249996306,5.12934444301507,40.7443238989588,17.7221576678875,10.3612825171807,439.529553764926,48.2568737704287,5.76021828398057
813,40.9303033733903,16.5993815675766,11.0883992026245,495.330717448078,58.9761883545621,4.56606331286716,40.7710695636625,16.5495823506119,10.8934138392855,484.92992151442,57.2970169319167,4.69527123358011,41.248708417216,16.7371773415516,11.0740168105952,496.342464306095,58.9419548049289,4.46405658293532,41.1756621356127,17.0244041466045,10.6248686434197,474.617847596664,54.5927688709,4.91936697201868,40.6573424270498,17.7629758421737,10.3676400780544,438.856485522281,48.0290011041114,5.70111707240952
814,40.8358668786903,16.6569891400406,11.1079147967307,492.526889669239,58.8976704205864,4.63228738573724,40.6985904595098,16.6124173293547,10.9455429980663,483.796717541358,57.4208571476206,4.79570920701611,41.2766690244239,16.7805948438855,11.1121110245693,497.071427330719,59.2928393833084,4.47305767042407,41.257808164559,17.0055190051291,10.6549502431196,473.609699303116,54.7197516361502,5.05463982890969,40.7042379250475,17.6926684905521,10.4173371896039,442.000354466813,48.7923298033967,5.69115523861724
815,40.8083903849583,16.6453696277488,11.0921036245098,494.313299017553,59.2174448930091,4.4774198886208,40.6505579157439,16.6125002341523,10.8777688226726,480.583937950318,56.9447520611201,4.78728901250022,41.1028418851192,16.7743815776609,11.017421610946,493.311032136561,58.8124158117548,4.50436544805584,41.0697803807404,17.010557342587,10.584039086793,471.149570311832,54.4480785580198,4.94924653100479,40.5818163486633,17.7757499193425,10.3229823511513,434.691736514251,47.6015168370624,5.70331369952636
816,40.8544259420711,16.6641146488914,11.096303838661,492.386170169075,58.6567113628598,4.61161744679787,40.7160430863359,16.6250124307935,10.8927433611292,483.400758830954,57.1355348619554,4.76243379881814,41.2548864435075,16.8206627277492,11.0591022739778,495.130572232336,58.7919532016955,4.48620983498173,41.1448258574872,17.0186547333586,10.5538742662811,469.804518938408,54.096907386871,5.01781509830692,40.6733616511288,17.7291908216954,10.2843716553496,439.710869542966,48.23582761501,5.68871709875408
817,40.7359527470199,16.6675494689892,11.0813229278117,489.24497816424,58.5164506136691,4.65460330107027,40.6410579688685,16.6162837930878,10.9132998470053,482.52628110068,57.3009904009942,4.76237540363939,41.1488476193302,16.7848809814017,11.0707584794928,493.779266574167,59.0312481916804,4.47581391332026,41.0909001436185,17.0133065723337,10.6228464890347,472.716883349888,54.7998723357392,4.92474471641158,40.6665786208467,17.7685542418637,10.3167603203505,437.760564445522,48.2167793953358,5.76766296066817
818,40.7845819943682,16.7072921668466,11.0758225842608,488.63632732273,58.2668644767364,4.79275297126916,40.6750204366983,16.5817145685714,10.9473694234848,484.123967551677,57.5499062807932,4.80126269129371,41.1682972041416,16.7840973490749,11.0404345652128,493.312447989684,58.7636230011075,4.63353060663392,41.2286926119499,17.0077242855008,10.6239244938294,472.080603762664,54.5445396660258,5.10242942651035,40.6262326035623,17.7003654234004,10.306278113768,437.412402638173,48.0661779817796,5.86647451005183
819,40.8498486524649,16.7215954944837,11.0660132961415,490.035132939029,58.6136563340537,4.62509189064471,40.7033184327236,16.6657089569427,10.9328994372026,481.524028492996,57.1903978012155,4.79616463927256,41.1229125423816,16.8181925917176,11.0107214038524,490.807845659964,58.4238175344179,4.66043286301766,41.2409359324379,17.0166490189344,10.6528864871777,471.519318368882,54.4929991357542,5.04368515650444,40.7163518979615,17.7614026305899,10.3277760590767,437.305509854843,47.9961831313793,5.81617950033798
820,40.8367179476765,16.6681364894848,11.1322524287622,493.4063088475,58.9769673322147,4.37696159543443,40.7054261000825,16.5812713765856,10.9384545324725,484.710073573937,57.5072072525543,4.51468678385585,41.2294627921685,16.7217099513716,11.1009901104253,498.023016946508,59.4081813556898,4.24020735243707,41.3061553048155,17.0339608187609,10.6377129291842,473.840633923615,54.7034971675187,4.74699109499329,40.6614453896895,17.7086546931173,10.4010178523417,439.960875554479,48.393123975881,5.41712130219169
821,40.8644781364116,16.6299834393033,11.1250115695754,493.708829911856,59.1701107367457,4.34280260218324,40.6379305685393,16.5734676325551,10.9641638757252,483.570372770259,57.4588454861329,4.53850656874443,41.1623961781187,16.776301994676,11.0489747975553,493.948170131527,58.9076199190794,4.34250105030698,41.1350038651797,17.0389539345771,10.6340311818411,473.567954280579,54.7249163279635,4.78418898087817,40.7036728084527,17.708218393467,10.3112088684602,439.678353692323,48.3929299042527,5.45356167596735
822,40.874929281127,16.6555925096617,11.083516483196,491.272916507309,58.6964877405047,4.54661312812384,40.6746096327229,16.6315395240972,10.906042259389,481.220074957656,56.9940983687148,4.72902558887649,41.2119494645186,16.7966199270597,11.062228470394,495.328648316077,59.1300549302257,4.37422004474982,41.1902349604367,17.0300340098614,10.5911275258323,471.76953703936,54.4056364116965,4.9118767772132,40.7228062239117,17.7633853197816,10.3340643631709,437.09361050885,47.9698586487435,5.65640171992346
823,40.9174200725822,16.6000476300966,11.1398757530935,496.629577559069,59.3830037096599,4.47277180517099,40.7707855870622,16.559290132092,10.948020447378,487.902268046809,57.8663862791055,4.64119665672792,41.1988391981423,16.7744926568129,11.1210582916175,498.11418652818,59.478464393218,4.37181261397204,41.189147679589,16.9542560271999,10.6410283111974,475.308677461707,54.8084080997686,4.90567190091599,40.6890302072182,17.7334999908449,10.3328471972258,440.738063553081,48.3880914778296,5.59492227667748
824,40.8890973359081,16.6423146254004,11.1216218538508,494.785801263795,59.328497329773,4.20791286627812,40.699203036097,16.5925355051045,10.9613871634462,485.095666852034,57.784054587816,4.41250349890227,41.2126873606315,16.7958293058792,11.0632460613764,494.608051455648,59.0730346561505,4.17085663518152,41.2290598622358,17.0239780154985,10.6452317692783,475.78110360021,55.1945920067368,4.53690072732164,40.5929135977182,17.698624849511,10.3235757352736,438.257185642848,48.2650282503129,5.40298920604594
825,40.9050155284847,16.6686067389488,11.1515680903173,491.467904497244,58.5152480396627,4.73175097920153,40.7222375451851,16.5770987358033,10.981594171922,484.545584465785,57.3792418910427,4.79872211136404,41.2183554441492,16.7668840285148,11.0863577179611,493.381143380711,58.5978349557109,4.64658485067381,41.1939910304667,17.0544042466466,10.5875912190423,470.33889353753,54.0013859707172,5.19994875677682,40.6829301647783,17.7754964339451,10.3090816045151,437.247204589178,47.9100759965097,5.84690610759006
826,40.7858983077996,16.5955435538137,11.0160878246136,491.494602736855,58.7978493718675,4.50660708614841,40.6597822377154,16.6247841275045,10.8703048793572,483.115616118616,57.3485298609002,4.62752852434366,41.1720208412508,16.7619438911987,11.0308700832181,495.463792550745,59.1498553663413,4.34505151836378,41.05969027494,17.0537409211345,10.5295010437266,468.79397189779,54.0896132027118,4.91615139374372,40.6787250728341,17.6945134023003,10.2991074489735,437.471549084179,48.0899509664714,5.5999429299421
827,40.8209335558134,16.7075407403742,11.0973976724279,490.696871691516,58.6762951989961,4.70206468990971,40.690489415617,16.604100381718,10.8871189200518,480.890357423401,56.9753886177593,4.87350356152074,41.2401436746567,16.8034063518709,11.0745565438387,494.26664000959,58.8980620180931,4.56158214103812,41.2030556020704,17.0235942846391,10.6206852835858,472.460379944738,54.6546753362948,5.03011628681488,40.747152815043,17.7645894821112,10.3399639962472,437.912573407629,48.0319707083305,5.83221024331411
828,40.7976808340832,16.6544281891012,11.0659166444842,490.862221604075,58.6011882225203,4.72714626081412,40.6616183370274,16.6198834878755,10.9084053240863,480.15914320404,56.7911229443824,5.01323954581623,41.156496356563,16.7839212262899,11.0514108854453,493.270718737837,58.7892375552007,4.65972985541878,41.13030917368,17.0144113083447,10.6105442390486,470.731155392119,54.2682711329625,5.1808649653329,40.6581889434082,17.7793124751363,10.3205937347019,437.012355861918,47.9861427611313,5.96331766006599
829,40.8309740317893,16.6234692229555,11.1007887863269,492.41745173838,58.6620478171509,4.4918707063839,40.6692187792273,16.6380882086613,10.9181915797203,481.791202442161,56.7572611993894,4.74755015822848,41.2405092028514,16.6846815714663,11.1042851694833,496.63081374913,59.0148657997459,4.39460932562845,41.1104451160012,17.0095339751739,10.6265242333087,470.894206482796,54.0187979841972,4.96463397523618,40.6798519015315,17.6951376648669,10.3238782084475,438.427326516467,48.0552617742567,5.60072995677181
830,40.8677033205173,16.6445305781718,11.1539858363205,494.211814743003,59.1395782843217,4.75450393535965,40.7493923260567,16.5826357519653,10.9725591274933,485.983318070357,57.75533210876,4.86151868131535,41.1631685211863,16.7844156654493,11.0323421647874,493.541231123156,58.7346141144821,4.69622252279061,41.2387646535502,17.0119434031254,10.5883260938563,471.51061490405,54.3207865401609,5.23235905664148,40.6192200856856,17.723695359272,10.2868465265319,439.392956073063,48.4063986855393,5.8946874447966
831,40.8407040739334,16.5944180558072,11.1633053756119,495.677967008849,59.2027674735061,4.58235243285893,40.6747731216393,16.6453830804744,10.9379309352869,482.471897777079,57.0371201215067,4.86946396490643,41.0974263584972,16.788020844201,11.0678321413121,494.592759213633,58.7117048253399,4.67152837606779,41.1852298032653,16.9784195152157,10.628369936621,473.466091244715,54.465840002554,5.06349348502348,40.6645535169235,17.7186942433701,10.3411079547287,439.910544099975,48.1617154513544,5.78249994113929
832,40.8005287840319,16.6220142732207,11.0694739528375,492.08545854396,58.6788568890084,4.84009606906346,40.7042689769413,16.5993088382651,10.909396588125,481.581235492286,56.9035661866528,5.05953610531769,41.1291034598324,16.7774775225389,11.0227541274717,493.627984051317,58.6972784499995,4.73054503997128,41.1458909630521,16.9492231134233,10.5748732563787,472.033865323037,54.3695621833253,5.23158721659222,40.7005616095029,17.7341647085381,10.3954848781738,439.197905232967,48.0916633495996,6.02939245787109
833,40.8827209977665,16.5907390753656,11.1474772217546,497.032487355921,59.5310457477616,4.62755674368719,40.6523804251447,16.5906216958106,10.9214587825814,483.151419910502,57.1550908751423,4.96817454697473,41.1383503726993,16.7605087793049,11.0593736677237,495.194014504098,58.910532376775,4.67418612125028,41.1306394531317,16.9588181233731,10.6332594526317,473.041523936616,54.4565487481108,5.25917159250449,40.6670857212942,17.7026115036953,10.2981991969958,439.547326664479,48.2376410484539,6.00317005379178
834,40.853061576705,16.6330208641964,11.1092170505463,493.919917945217,59.0052398846653,4.68711913013011,40.7057154448891,16.6507512054377,10.9116362362821,482.045517340811,56.9411760785662,4.95281970233371,41.1862810498288,16.7808036547237,11.0465973718103,492.570867228972,58.5244767684019,4.72283822980293,41.1104767114465,17.0628708194213,10.5699272158734,469.453997842389,53.8746909682297,5.27224738593153,40.6444522205619,17.7789991125227,10.2815820901257,436.552636329343,47.7295474561675,5.94609500079637
835,40.8982652966743,16.638161466298,11.084005208799,493.805509313925,59.1152555964575,4.60957734569207,40.7001855588241,16.5993776910444,10.892733286828,482.592554434559,57.273790396741,4.80423931527707,41.2788385879881,16.8258378924649,11.0061146912667,495.169508755012,59.0323893485676,4.51758345464887,41.1607502691367,17.0041342936756,10.5916799612413,473.612238715755,54.7171967024418,5.06991998770458,40.6875472235916,17.7160751539931,10.367425201717,439.615123652473,48.3627854577132,5.73940105100182
836,40.8588972989165,16.6474505430733,11.1218170047173,493.378395714213,58.9859681960419,4.4557859133787,40.7016963791948,16.6423231529032,10.955760290747,483.26993660371,57.2408291206444,4.64545701740093,41.1508044854366,16.7750690988582,11.0569102955376,494.544850218473,58.8293069320084,4.38437437865745,41.1743023067566,17.11333292986,10.562902253339,470.235684454377,54.1495583252244,4.88040440681228,40.7210006114067,17.7194502673773,10.3460534406531,440.786980156205,48.4859663708046,5.51857968986411
837,40.8819981171607,16.6403132641793,11.1356095746983,494.993237054517,59.169546425338,4.41691555760594,40.6756924743459,16.5836598939739,10.9564263013268,484.584606005932,57.5267264354159,4.63218813332174,41.1300037633954,16.7558100644346,11.0306863482288,494.861677532131,58.858178429481,4.42540922970811,41.1760874389491,17.0419918477602,10.5880661954945,472.291727763022,54.435241285449,4.91339407140702,40.6750894460679,17.738308574181,10.3161180818607,438.647636735211,48.1359123307349,5.68062337744009
838,40.9127707767393,16.5993746403898,11.1304024701686,496.857935019731,59.3816889891426,4.2156180484878,40.7328063156264,16.5840629235037,10.9578892131437,485.853343487013,57.4804071096001,4.48476731485699,41.2201483112422,16.7358523066866,11.069249784518,497.175257621017,59.2760435610032,4.15420040265194,41.206638146686,16.9810676722951,10.6254229620688,474.359520357433,54.6882217366316,4.70568311576676,40.7019192799537,17.7166464811393,10.3244714053284,440.186553809424,48.1249117437715,5.39181433616519
839,40.8667112180694,16.6588689095233,11.0699490722183,490.756781528959,58.4131071926798,4.78802472225431,40.7082288771416,16.63417139784,10.9029052849858,481.93771364666,56.9330315634739,4.94780033216471,41.2196735826218,16.7673244922462,11.0710600121021,495.632980096594,58.9410035872155,4.65049658924661,41.1678731154642,17.0282295283992,10.5970616159797,470.140293646972,53.9557147372872,5.20692690015072,40.622241953221,17.7991923879374,10.3638825882357,436.274086071565,47.7428072973516,5.93784814562928
840,40.912227975328,16.6581683658738,11.1525767371119,493.592637146047,59.0411793392581,4.70483193421179,40.6903561727153,16.5999005079684,10.956601697487,482.033959598134,57.0427001545304,4.97526628190747,41.245803807425,16.7761580569509,11.0867091646921,493.809878002384,58.7423372784332,4.69925800968712,41.1807146977635,17.0273929270556,10.6284385060732,472.598257623632,54.4988159527607,5.19709636686709,40.7795914747838,17.7481451843701,10.3320087676976,438.987952606059,48.1105532207043,5.99477101427331
841,40.8062119821539,16.6766460637429,11.1248882983067,492.640102277146,58.8576677360356,4.63893999807564,40.6501805109088,16.6045258875333,10.970938764889,483.93583709802,57.4080685771825,4.8019334946752,41.218280123532,16.7315662154243,11.105104337755,494.896814910516,58.8603521679622,4.55630843271951,41.1534913881088,16.9916316190809,10.6209345025828,472.953277287444,54.4756909472199,5.08779445605835,40.592036303176,17.7290010419628,10.3112751193588,435.519391536515,47.6626913318834,5.8790296040221
842,40.8542239300026,16.6066011659713,11.1747436068816,496.642990760531,59.4975296914353,4.58982154116219,40.7314268717653,16.605141687949,10.9893591105391,485.508056062902,57.5694008864887,4.86788598351403,41.1472617196207,16.7713944626569,11.1144187387588,496.666353141341,59.24455163251,4.52287945539756,41.2245892884784,16.9530031377722,10.6732685039758,475.311368697573,54.9223721090102,5.07923958395286,40.7010623571969,17.6880119971572,10.398143675474,441.004642950644,48.7311568952845,5.8118641613319
843,40.8954544288806,16.6420676463548,11.1053791628538,492.667508114234,58.84604814211,4.82569850889529,40.7444326994729,16.5954476379111,10.9298676583688,483.194300613863,57.2759410814446,5.00119582693774,41.2102207630427,16.7711423719264,11.080570492252,494.669438253114,58.8587745793679,4.75467429016152,41.2197910003715,16.9773484320887,10.5977915757393,472.520362240138,54.526400098208,5.2335362622701,40.7566135923557,17.6848415992839,10.3680795803424,440.456481028968,48.4589774347531,5.97023299563552
844,40.7935735215756,16.6738458336923,11.0671822229338,490.103877724654,58.4686948234792,4.43788827278848,40.7356195081767,16.5999160863384,10.9332415010234,484.295681278664,57.4830578146433,4.49231752773434,41.2245885163642,16.7129446402822,11.104931058999,498.083146623039,59.4595678426123,4.21443065596617,41.109726005363,16.9678625613137,10.5741283722355,471.782812115841,54.4539108959232,4.78503410253994,40.6151858079962,17.7181500157238,10.3974464162232,439.775887427644,48.3676613431568,5.46971466476056
845,40.8910441762935,16.6540051993258,11.105661920463,493.829035887271,58.9239240110356,4.64838184785326,40.6730667065763,16.560028552746,10.9424411941076,486.500917573412,57.6928664668688,4.77195589353071,41.1561604406302,16.7319983003049,11.0622717941051,495.78809800983,58.9906977842157,4.58127323239632,41.2359152064001,16.978512531941,10.5852611969722,473.446555186113,54.3599550369589,5.1135695814019,40.6678145603194,17.6723731958907,10.3245646450828,440.833199264606,48.3072241225846,5.78671334378524
846,40.9044899964267,16.5919004399481,11.1189285351124,495.556219692207,59.3059240322361,4.37077008171356,40.7047704203579,16.603420107744,10.9201095754571,483.90656348292,57.2816101447273,4.63660181392125,41.1891666168345,16.8017447568665,11.0216806900763,492.945216682015,58.6367304030427,4.3424158452554,41.1330322814605,17.0554373632765,10.575360012287,468.692454526215,53.8743950890226,4.9369894757649,40.7130925483152,17.7916101037035,10.3523969308165,438.284618527757,48.0057736855253,5.55371693717915
847,40.8070848508112,16.6282218645655,11.1673867725951,493.630807979622,58.8056583491816,4.62618275476276,40.7090236500932,16.5269664133767,11.0240722889875,488.166963687257,57.9274118883328,4.66320048634723,41.1996169514208,16.7556590053213,11.1115873271469,497.22703866559,59.0880589298537,4.52847915187605,41.1377402269644,17.0063024958595,10.6426244926599,474.287164175049,54.7154925054242,4.98916433220467,40.6792127154677,17.7049446817599,10.3841843700209,441.096497417855,48.5342991936728,5.71695051462835
848,40.8527492171466,16.6795854556388,11.1370537450065,492.78833843597,59.0523768405685,4.53373168654549,40.5927219195474,16.6126784951107,10.9238300251932,481.128690873607,57.0541480939238,4.76819345638559,41.1550449637861,16.7840833279844,11.0113710179195,492.54020379674,58.6186412107142,4.53497852994679,41.1351227557472,16.9892340813462,10.5773919565289,470.25021600112,54.2087074289161,5.08145614367279,40.6312673034423,17.7287127992593,10.2821329002909,437.06412942358,47.9277922849103,5.78713335890114
849,40.9164178233204,16.5978264676224,11.1435161613008,496.898555220581,59.3484270359854,4.60690620805425,40.7803090185459,16.5005036445422,10.9369713327431,487.160094580816,57.7519062850286,4.72683006319211,41.2700526528128,16.7669146436839,11.0522184329224,497.896167473719,59.2295570261628,4.50041693814799,41.1420081157678,17.0426969136607,10.6357299352357,473.380237243106,54.4877517517337,5.05087981559226,40.7459575456487,17.6892792317584,10.305848999489,439.491482094756,48.2099354024804,5.7426199833983
850,40.8543683481951,16.6322878652915,11.1405387379702,492.499307086831,58.6481051697542,4.43162959094463,40.759479382551,16.5277750714595,11.0373400525716,487.996207329424,57.8564958712052,4.47623191082981,41.244398715643,16.7535628531063,11.0591032063762,494.547480369378,58.6683205108916,4.38664804854773,41.1419294695513,17.0117824350738,10.6225869019493,471.149355565568,54.0628582343583,4.83571729375813,40.7216264503424,17.7515962293011,10.3391192905864,439.299592651035,48.1196016563841,5.52127237463838
851,40.9576711192548,16.6440579671885,11.1042990140124,493.438909989146,58.9889256465596,4.51061016333708,40.7435031242356,16.6110920253236,10.9323385866718,482.758627218123,57.2219055209934,4.7063959059722,41.2203911979709,16.7430401151302,11.0785000136199,494.755691615744,58.9503306063081,4.46816924989686,41.2618733524833,16.9685363924854,10.6369443348011,474.520203666438,54.7507644858691,4.95342023065133,40.7231667059279,17.7080983949654,10.3225275630257,440.728160300393,48.5317915331938,5.62179926759275
852,40.8289594819648,16.6260282087047,11.1855899267241,495.867547530188,59.1596205789879,4.51211556286006,40.7603409706152,16.5464346031238,11.027615298448,487.696543321994,57.7790869805773,4.63573203388639,41.1784296998113,16.768042755901,11.1432715606227,495.995074539948,58.9106460142174,4.45492497638276,41.1335017137504,16.9634331957725,10.6214568221463,472.167997938621,54.2353526104196,4.95984697962334,40.7102013807855,17.6873727217983,10.3213434814052,442.21934337364,48.5563719819167,5.60276566378572
853,40.7818131050754,16.6798535942139,11.1270083601541,491.88806373661,58.8284034713665,4.72130314512529,40.6210295040936,16.6313990142906,10.9157539168058,480.397496835069,56.8155756066793,4.95717395796416,41.1947137052179,16.7888090322531,11.0088491387237,491.51696936747,58.4109421247434,4.7050933646875,41.0927709997056,17.0327254440759,10.6138891671342,470.861768381173,54.2616634071564,5.19753435548136,40.6666341045273,17.7800731577912,10.3161080628838,437.25506903699,47.8798034830518,6.0301658699111
854,40.8798285493874,16.6511080563905,11.0744809313994,492.831841857973,58.8752901939743,4.66297541815003,40.6743716261171,16.6196746628369,10.9219068017907,483.503769780114,57.3028732010873,4.8617644481515,41.2257847145442,16.749593985922,11.0395770337683,494.095031464674,58.7901832910902,4.67713220001779,41.1890941262709,17.0097549144505,10.5820542540349,470.303326312762,54.197783951304,5.15561137231604,40.690839370521,17.6975766912869,10.3354053832291,439.053348400157,48.2741018609046,5.85908532298873
855,40.8797262877852,16.6426725945713,11.1061145692322,493.27259920294,58.9171904004615,4.93670199273634,40.7041059440496,16.6229971772529,10.9507809944395,483.146821566731,57.192605138701,5.18591555857222,41.2366460467549,16.7857769287584,11.0552121208346,494.69813323429,58.9052709938923,4.90749056955476,41.2847613169176,17.0160744347162,10.6438417219046,474.165002653454,54.7668338041683,5.3176169130114,40.6854740829713,17.7889651192333,10.3757671590168,438.119896079337,48.159118978919,6.17393160006206
856,40.8213246683835,16.6255794241278,11.1019067111072,491.852471542276,58.7141601259185,4.56548935274247,40.6725171631821,16.5590247580742,10.9306727672351,482.924799069882,57.2491126270265,4.72087702279642,41.2240936869595,16.6812823466387,11.1205968045319,497.636719894306,59.4261159380491,4.40150645731914,41.1373491438185,16.9677095212658,10.5835318940183,472.655640949376,54.4781293970792,4.91627785801592,40.7439575590593,17.6546846796769,10.3305116334816,440.085736169321,48.471606036931,5.53766169929495
857,40.8001662799315,16.6891425366044,11.0673166136802,491.999964950257,59.0501135400526,4.41848109381468,40.6939763428712,16.5983003398756,10.9092073049693,483.748515672175,57.6373268343966,4.55953494548404,41.0443884640702,16.8134683116666,10.9700422147687,490.600353199088,58.5423331882777,4.42707203074842,41.09209988081,17.0299828980608,10.5150023265157,469.354470271513,54.1650775975833,4.9612774894269,40.7157743509868,17.727472233245,10.324985138897,438.705009084917,48.2938776869543,5.6492401120725
858,40.8481719081756,16.6298761423584,11.1088583302922,493.806659512213,59.0562403695146,4.56190999706798,40.7378403779138,16.5367744782113,10.9723413488416,487.660828859467,57.9358492632247,4.71315450912754,41.1653402667591,16.8486459925299,11.0324897936539,492.855832622225,58.5685548589216,4.63749407176449,41.1556305364075,17.0341241221251,10.6164345654053,472.323006525478,54.4183462007315,5.11549213232264,40.6532916142257,17.7370351225636,10.3615510910868,439.730685393924,48.1624141227682,5.83542333799636
859,40.9891803407519,16.6132938595306,11.195124821672,499.59378719393,59.58149068634,4.42457291610606,40.7474961058606,16.5656387617722,10.9767876181424,486.878396286531,57.5674316346642,4.63688484801275,41.3065691756504,16.7134542519259,11.109990162804,499.436922549872,59.2384484551679,4.40515132659485,41.1936702637839,17.0116051625548,10.6710249002804,473.825245007604,54.4240194664245,4.93201133672551,40.7791268000619,17.7305281300401,10.3851631580261,443.058421176157,48.575607347077,5.55851993590885
860,40.8821737680004,16.7121028148145,11.1262557575638,492.734856694366,58.78259238906,4.73288962729872,40.731303911553,16.642308325599,10.9984079558065,485.704352055335,57.6316543414864,4.86544796322761,41.2472397647272,16.7447498378344,11.108238613524,499.174964053164,59.5968184807309,4.54221795609641,41.2356087377842,17.047237033553,10.6224415193571,474.523083058378,54.6506126381028,5.16746587539155,40.7687646463636,17.7564533705411,10.3488680603084,442.736336376327,48.8940840141687,5.8399433087916
861,40.9367531663254,16.6501640125221,11.0813659021806,492.761979622971,58.8028078310202,4.42689966830391,40.6769147375965,16.5783165812983,10.9173649501787,485.240924281763,57.5742006267219,4.56400989406188,41.1380714162306,16.8055374957069,10.9747582441744,490.20823655329,58.2299162109904,4.46601443722081,41.1745500610277,17.0608148245093,10.5763587248795,470.324002769688,54.1466276553266,4.94673954916514,40.6596913090772,17.7704499370803,10.3125045246752,438.150943906376,47.9439281562827,5.64614624547034
862,40.9362766352295,16.626589689914,11.12733029069,495.713544828749,58.900361063479,4.877461552354,40.7853779926443,16.538456918977,10.9696963344165,486.277205739955,57.3195205033776,5.02356121903614,41.2260367756896,16.7435449922723,11.1040094775026,495.690454278862,58.6940584162502,4.80709394532205,41.2372614411436,16.9943501685866,10.5817409669248,469.77583576783,53.6798921739817,5.46946142231032,40.650185680045,17.6946216744618,10.3810157678753,438.112518544,47.8172523484996,6.17634807559884
863,40.8583761283057,16.6275605858495,11.1485967406866,495.449966696842,58.9647205932207,4.61276899675035,40.6527348347672,16.5744980609627,10.9407227190394,483.819253438995,57.0962632990623,4.78103333914766,41.1561429989578,16.7774475114274,11.0797281035992,494.581465514001,58.6209435884252,4.55709735613295,41.1522436081321,17.0501415484398,10.5846878340077,470.457967593576,53.826051244493,5.09607827358826,40.6917089621928,17.7269235332104,10.3366973243859,438.579639286793,47.9271291252594,5.74824340873004
864,40.8563476921583,16.6456340161572,11.1206501070908,494.102494958447,58.9339447498764,4.44651194246305,40.7229616716205,16.6106326530306,10.94131694806,484.765983762175,57.416625253401,4.60712063257832,41.1727753998942,16.730547078717,11.0885254726754,497.968515533467,59.2620673421126,4.35590845730803,41.1406512195414,16.9676903622868,10.6391376890318,472.37521784064,54.3961451906159,4.90224271479341,40.6686021843617,17.6769832714506,10.3820127402875,441.561605013156,48.5227415698785,5.54499244581325
865,40.8658064016991,16.6451904220676,11.1231192487111,494.118220558167,59.1868917869814,4.77185774288525,40.7458310110485,16.5634623398904,10.9363872376731,484.772882701438,57.5631709469609,4.9077657391373,41.1960449496328,16.7071992457203,11.0442661960199,494.946101365731,59.0025538750024,4.72215279514122,41.188506137619,16.9697570580236,10.5618770854688,471.598738828246,54.3764077656427,5.25120380367508,40.7012422183388,17.733897125041,10.3936151759406,441.056181264802,48.6837568134819,5.89272713025435
866,40.8938665176501,16.6329125061703,11.173701684117,493.848750169025,58.9861962062268,4.63679966065644,40.687949200397,16.6984707654405,10.9663901366206,481.610371504637,56.9010494579335,4.91272168656586,41.183725921779,16.8009311293949,11.0714278976474,491.906916189652,58.3480551371372,4.69661798167238,41.1079970941004,17.0857508328214,10.5960153277574,468.426815470831,53.7221601696283,5.22641571113446,40.6947011406174,17.6957028704404,10.3038746865037,438.30667106597,47.9546087600049,5.83705243004372
867,40.8122971632675,16.688760353325,11.1110455627605,491.909819681965,58.6720772198855,4.45153494345793,40.7205541599751,16.6804432149997,10.913692285622,482.414149385607,57.051841429171,4.60000238011533,41.1514254288586,16.8529929622958,11.0419125346461,492.678574797037,58.4795094302376,4.43008630839487,41.1102893271733,17.082410871436,10.6525082791576,471.887911960669,54.3130421343513,4.90593236166666,40.6519784405457,17.7770845839084,10.2907904225632,435.769063081667,47.5288155341704,5.66460782035783
868,40.7624717485227,16.697182587554,11.0772994328774,490.135597072313,58.5084132840903,4.69140041696672,40.6613713737913,16.6154699437273,10.9200999273348,482.408263136916,57.1229545782029,4.81574325678501,41.2154665398754,16.7870792169026,11.0384932195993,492.451803816208,58.5458548551641,4.60071664068119,41.142138964444,17.0279169392866,10.6206276883244,471.362454796537,54.4031338751959,5.06404914578005,40.7778704117584,17.7064449961323,10.3716006254612,440.266054722671,48.4735872931851,5.76872165365449
869,40.9621496224091,16.6361111162433,11.159219880351,496.137763083911,59.369522897058,4.31591685122902,40.8645037526052,16.5711494528271,11.0020794890005,488.111269198315,57.9472020535546,4.48968440858614,41.2920319805684,16.7807237183237,11.0563598068939,495.928913763254,59.0354868433108,4.33801337158507,41.2220717271343,17.0167494472649,10.5952525382518,470.978183562833,54.2387606300604,4.8676463167387,40.7685208515337,17.624261722142,10.2971001397158,441.026522927242,48.5717491078201,5.51559410888348
870,40.9402581964871,16.6146460793997,11.1361370047891,492.755202852034,58.7186322473237,4.55332811803176,40.8077596051283,16.5786847845162,10.9653188009367,486.238020007942,57.6308963524752,4.65836625152828,41.2448521672769,16.7409167871414,11.0782237561847,494.83033208579,58.7691979931795,4.45599132609135,41.2742195900858,16.9488881312382,10.6888370140207,474.845191462011,54.700182560678,4.86990127978095,40.8834896614876,17.7310885918786,10.380188372118,439.833240933871,48.1949077521069,5.62474359948377
871,40.857306440112,16.6544075086359,11.1199349778725,493.177739862295,58.8716791477073,4.67859118363566,40.8090806489017,16.5588307274009,10.9873313069808,487.846684651396,57.9151959172194,4.70123234293512,41.2169447940861,16.7755721517167,11.0522174878026,495.259133640135,58.9977075095573,4.51319749832725,41.2974319161061,16.9556646319872,10.7098242999956,475.104799076646,54.8806274453594,5.03895816795017,40.7557755231333,17.747053397551,10.3956490888486,441.599653837305,48.6103293440741,5.7562324269771
872,40.8924110553648,16.7229701114307,11.0815282021664,490.6973180708,58.7188390327843,4.74967642756895,40.7143879723153,16.5944314538653,10.9318950706391,482.142766848443,57.3534791081243,4.88801465624013,41.2566614024226,16.7759431721974,11.0678971419219,494.259112072037,58.9773149165289,4.67139396121845,41.1749533719377,16.9718044464155,10.6253049787159,471.007354425418,54.4741031565742,5.13802749204436,40.7054570362117,17.7297037531184,10.3437470392448,437.617866407125,48.1286781752672,5.93712934602428
873,40.7548490642085,16.6784549833721,11.1029735304668,490.4262754368,58.621019289556,4.63482257723929,40.657568030749,16.6139227025531,10.95296841698,482.94881512928,57.3010951099953,4.77582432329102,41.12531857521,16.7814830895753,11.0782296039567,492.659024574161,58.7100109490093,4.53091029696024,41.1366952487373,17.0630653534325,10.6126612696005,468.054348333408,53.6484555040025,5.16800784148859,40.6488832687005,17.7315199588647,10.2780761838317,437.849184940755,48.0742302104849,5.71408851805166
874,40.8760923222914,16.6027251629003,11.1526652263314,497.451554760549,59.5536411475891,4.43796447252006,40.7288648094704,16.5999993949614,10.9357230315628,485.151820880959,57.4106480632358,4.66760999258065,41.2052731027888,16.7566686857178,11.0403563673304,494.956115519057,58.7769240145251,4.50973101406268,41.1651324355958,17.0191661836971,10.6096147837612,472.849097489985,54.357441075757,4.9929930509446,40.7142547778537,17.6908289018259,10.3443697125132,442.955719843421,48.6817554612751,5.64260894899608
875,40.8777245750495,16.6359316719303,11.1196774162722,495.142924686416,59.0792892521614,4.60267765338574,40.6191667944057,16.5915006293411,10.8923874717631,483.246377507673,57.1344280462965,4.82830550975899,41.1766548979154,16.7791888472594,11.0194584142427,494.122425589755,58.6091436066843,4.64713270488265,41.1680956844206,17.0112412617232,10.5852901704565,471.961137084558,54.2652430254709,5.12204675896789,40.717736682215,17.7322202914975,10.3194643721907,440.054889838251,48.2723587058403,5.79000835080825
876,40.8803033265399,16.6409870307761,11.1578504462966,493.452535013877,58.9215928586116,4.55718538341349,40.6835768425729,16.5891811015939,10.9803667808353,484.257494583771,57.4308310357385,4.61078903769997,41.188571307911,16.8047536271362,11.1039194833406,494.085254681524,58.8286580338782,4.43407774768746,41.2221241841981,17.0310559769354,10.6493264961249,472.708999627331,54.5286578788271,4.89595813176589,40.6872404695429,17.6699395134865,10.3666893701759,441.509915260253,48.5398602960114,5.55842788497903
877,40.8448225318225,16.7375942091548,11.1075168786143,491.747672565675,58.6192723214089,4.58551615602644,40.641871973772,16.6119284852849,10.8990048889819,482.268424308523,57.1157327157492,4.70206209224822,41.1857254386245,16.7661698896754,11.0636591150359,494.572801071163,58.8738851647258,4.46528980915689,41.1216188258902,17.0523199634991,10.6658488427851,472.077224180824,54.2686970650694,5.03498154298269,40.6425732896545,17.7439849580091,10.3479660407481,436.763232433763,47.9733069577526,5.70666734879549
878,40.9121535901793,16.6642827856193,11.1091775852934,494.128123604495,59.0194629789353,4.66335495649903,40.7584259970927,16.5806154680419,10.9131401249839,485.615706551227,57.5795062572391,4.83106592434742,41.1387347191727,16.7863952742834,11.0407446172417,494.710319875746,58.874720009988,4.66694843131665,41.1371974867995,17.0251717243513,10.5936543950958,471.616341235654,54.3571972379947,5.17165469052648,40.7015327872929,17.7463376985045,10.3023105657726,437.762387465654,48.0332694561821,5.88113883726756
879,40.8671636663543,16.6782515200531,11.0916254038164,493.322156594763,58.7304024746627,4.64307680446289,40.6931313814416,16.6263000017185,10.9086191526573,482.003067326604,56.8268448626961,4.88557678130587,41.2066417391786,16.7649191593191,11.0061988257041,492.582245207939,58.379860967564,4.61955712157104,41.243828427177,17.0143390967109,10.5920096346186,471.517737317722,54.1078707237199,5.05795941786507,40.7360268516134,17.7344269613372,10.2959595237497,436.883685587908,47.6463536103577,5.8206636902947
880,40.9141519283865,16.6192809823383,11.1586029545449,495.441774150412,59.2091725015663,4.6955784006507,40.7443931904556,16.5808569623155,10.9640432204295,484.330482407957,57.2458648513111,5.00502707521329,41.2167380347424,16.7827276247772,11.0882830637411,495.996632148514,59.0023900038906,4.63368762419402,41.1178815007902,16.9635640484923,10.5731242970526,472.427546926547,54.4355494883369,5.16850618110321,40.7012227145264,17.7825096107528,10.3353263017194,438.618653892121,48.0256279920603,5.97139472986666
881,40.8902723975764,16.6380250915205,11.0985301738496,494.433655138912,59.071498920556,4.52576570585411,40.7361878468759,16.5408314551484,10.9460218506766,486.478605401659,57.7425144846093,4.65402748972534,41.2393837761968,16.7698832921246,11.0365788470509,495.426781011579,58.95189981746,4.44474914955955,41.177510931532,16.9605203244676,10.5930759298795,473.950264861671,54.6255208326567,4.95235611366254,40.6305692801384,17.7033932338175,10.3352621434079,439.071991752487,48.0232814338825,5.74153437864839
882,40.9320273987171,16.551580184979,11.1576333004165,499.482280313009,59.7703247167065,4.36475746285242,40.7247235613332,16.6254201002299,10.9067948978689,484.677546198123,57.2510620054866,4.71841721611764,41.2240674574045,16.7615750759651,11.0483659880253,496.428286113419,58.9416298206278,4.46556401183993,41.2062203598907,17.033620812274,10.5935323461717,472.804888367173,54.3312030521547,4.94428717462703,40.7558950177597,17.7259013470541,10.2743661734936,439.329496007719,48.0985106383782,5.71067777869432
883,40.878563348542,16.6356067841009,11.1158104741476,493.462577523459,58.9044941876896,4.41258951597311,40.6840519577433,16.5606458419031,10.9266418420134,485.39604249738,57.6045539340514,4.52977640872561,41.2851097893719,16.7432484130229,11.0527940487729,498.347091138794,59.458919168133,4.21350297907063,41.2192678855685,17.015050844577,10.6440298179944,472.835232010616,54.4550651040713,4.85199650776248,40.6729798596521,17.7252466812779,10.3563749902101,440.921070415922,48.5495222441801,5.48739442634121
884,40.8953564315603,16.6098036707162,11.1206775772801,494.518767892225,59.1431402183838,4.45405933237507,40.7084065431644,16.5830779240224,10.9452817129927,484.639795829844,57.50303344313,4.60500469767215,41.2219483284479,16.8052445480436,11.0089645316632,492.839111807757,58.4807981303342,4.48165055281228,41.2301729923137,16.9914479068696,10.5885666587567,473.611615443315,54.6152223736292,4.89513241848693,40.7365534735254,17.7185380479389,10.3309513903569,438.167142968694,47.9955839385237,5.64292730071429
885,40.9080751243309,16.5924145180224,11.1351101007139,494.755598289834,59.3480172780912,4.46212967039133,40.7591500658637,16.551330626898,10.9693241209765,484.595628268498,57.5921860290661,4.72216209923275,41.1069029005977,16.7945591536613,11.0553513070911,492.894234599215,58.7830966410171,4.5382127903078,41.1649133278615,17.0188604839752,10.6314240215527,470.779036949395,54.3387735022125,5.02587069249744,40.6348255190702,17.657142902549,10.339177402638,439.047792505762,48.2930108835198,5.68629299685254
886,40.8786159213154,16.6647786547134,11.0978875090764,494.021623369841,58.8959598195628,4.53711835812175,40.6936620103059,16.6151746289731,10.908096974001,482.764702043573,57.0158249861857,4.7236399116098,41.1640091760834,16.7656464306768,11.0510989496795,494.875087742362,58.7356424617597,4.50324667512742,41.2400535281953,17.0285019068976,10.604181084861,475.022949616031,54.6455448288532,4.90902737140839,40.7867493081386,17.7291670663586,10.3578934056345,440.298619856621,48.2741458837386,5.57850226880109
887,40.8365646049903,16.6616706254233,11.104750365934,494.394269365226,59.0413806734191,4.60472931846101,40.702506813632,16.6198209185662,10.8693391076365,481.957727071182,56.9299624720596,4.85817124903831,41.1458651531024,16.7548578096398,11.019626578204,494.724428548743,58.8337027150459,4.56267777845989,41.128600855742,17.0033978293364,10.5726685082114,471.087860649507,54.1373819469793,5.06330688397904,40.6576516608511,17.7153611188711,10.2773665518799,438.013518724869,47.9278259859606,5.79241228943729
888,40.827282342768,16.6957669612806,11.0551458725147,489.467263897331,58.2423723988919,4.74656738787833,40.7596635239725,16.5342598282769,10.9970999388353,488.982480989673,58.1739435295367,4.66828666036996,41.2076903489358,16.7907159116354,11.0352030335852,494.077878950761,58.6660700599409,4.64731458958852,41.1629816823011,17.0645458705313,10.5895612621352,471.563056722193,54.167059105981,5.14499304448331,40.650609168621,17.6990243082704,10.3780303729095,439.206992789856,48.0530726950563,5.87787952855358
889,40.8371280294928,16.6849410974239,11.111838751818,491.033384900086,58.3877481246624,4.5665680649955,40.6396366240329,16.6274883141992,10.9406536302939,482.308128765614,56.9265461053339,4.7475031613821,41.125503844196,16.7848482017046,11.0232108409287,492.539746059447,58.383720070102,4.50578010550468,41.1251080614241,17.1006287786021,10.5961199795163,467.792880867444,53.4830540645717,5.12186703278603,40.7071783301675,17.739968549715,10.3189211787281,437.122478484478,47.7608103706288,5.71317301660972
890,40.8602736418736,16.7164439027862,11.0992203531484,494.102808794701,59.0892175399065,4.50108721059486,40.7183881841995,16.6921659235045,10.9176032312935,483.925526687577,57.3994453623966,4.71082811939773,41.174028532853,16.8300852360522,11.0379758920124,494.771975036042,58.9554413000038,4.47365947269378,41.243068037619,17.0366130672583,10.6320438701912,472.635616182328,54.5520315791592,4.96557596000473,40.7371416577676,17.7331271904732,10.3771376286131,437.69992763982,48.0487448564835,5.66631202505765
891,40.9204092727754,16.6849004223182,11.1608825596993,495.199596887787,59.0633642786523,4.64497363821011,40.724069821604,16.6134602180707,10.9438916839901,483.02327775582,57.0319303644377,4.85338255932729,41.2039509444716,16.8050682025178,11.0769128248755,495.69927196431,58.8321548479574,4.58510008433648,41.0937316749903,17.0055469746297,10.643271383975,471.40993076876,54.2487230176378,5.1547715813879,40.6028804141887,17.7344858817566,10.36517749885,439.778702389265,48.1467821644044,5.82888340387581
892,40.8877972332364,16.6141629332873,11.1687303260713,495.743611809828,59.3575474129689,4.37745556603225,40.6922652167009,16.6029959856531,10.9762288998701,484.307354448534,57.4555896870658,4.63229242568718,41.2371554297322,16.7623000855633,11.1150422506213,497.788601039981,59.3259304219953,4.38778727871363,41.140880091749,16.9343423776139,10.6110482046146,474.491929624095,54.7205029630759,4.87864366296327,40.7197229482688,17.7107696999146,10.3832574146432,441.184211919523,48.6363664757069,5.56974710541166
893,40.888457343097,16.6135990595112,11.2056940876908,496.915487007293,59.3403376771319,4.69220350363912,40.7794546011981,16.5725379775046,11.0157042380832,487.25903875948,57.6941749697654,4.85229373695251,41.1960522093186,16.7417989352221,11.0862612242128,496.082597577378,58.9033685678946,4.74743146268928,41.223940706213,17.0048468758176,10.6669003428242,473.80312392169,54.6206913318745,5.1374155061232,40.7134279330775,17.7014572143522,10.3844814514809,441.507842425315,48.4614167210069,5.88293305230424
894,40.8787591904869,16.7312001015538,11.0974802557786,491.679832780696,58.525811372576,4.71813959197009,40.7403446983926,16.6418720078447,10.9323700383463,483.591769070801,57.1384771929841,4.8731123031104,41.2215802973707,16.8248401731332,11.0524495524427,495.859458656132,58.9289709637893,4.56170936231391,41.1804930926736,17.0406591237809,10.6071589495027,472.127658786781,54.2500022819866,5.14289986295675,40.7398711297015,17.7330584011169,10.3605332942873,441.318016847041,48.4310575385603,5.86202664240936
895,40.9288421093615,16.5933917348807,11.1390874013002,495.805891962881,59.4465649910804,4.58594843119894,40.6981459288268,16.5954807017122,10.8992093660161,481.822728428016,57.1035402892388,4.88023469112937,41.1368653604854,16.7039345967017,11.0419136055892,494.68574495839,59.0081087850516,4.56489859705859,41.107577965138,17.0492738233229,10.5869198989982,470.492461089156,54.1551325962883,5.14653014116903,40.6880999285074,17.6869683682501,10.3024324129887,439.519152151599,48.3764779757852,5.70825747884663
896,40.8803000058356,16.6335977355292,11.0870866993689,493.627347759073,58.8198772784529,4.48653761225268,40.7495824543033,16.6137849071516,10.9533226196198,485.050567770618,57.3731840723581,4.66638643119834,41.2155764964087,16.7778890702013,11.061086013313,494.544606502899,58.6544373825824,4.45361266339664,41.1319589157112,17.0132413534837,10.593990131443,470.410764035439,53.9263769036466,5.003676180631,40.7272871180505,17.720430835359,10.3482194103088,439.100142366116,48.1123651628233,5.6141601075363
897,40.8593083044847,16.6126318405176,11.0818790361023,493.28262738419,58.8468832777172,4.67016820159211,40.7230562280372,16.5758702426679,10.9088260646351,484.072663163457,57.2358682602685,4.87726175518339,41.1733143786205,16.7597919318212,11.0034535985938,493.548177340822,58.6357003174807,4.6543783042378,41.2526394677608,16.9717919812648,10.5912136399777,472.058068220707,54.2651095905135,5.18940645166136,40.8029976072884,17.7116897258601,10.3084787041115,439.579218136972,48.1345642212317,5.96114371581886
898,40.8179201951343,16.6796261839313,11.1425856077455,491.193071103898,58.7002292397106,4.58171613407518,40.6521965792219,16.6662627576934,10.899878598044,478.069231041958,56.4740437443245,4.80919623984353,41.2059455500519,16.7956150801132,11.0932717814153,492.659068945969,58.75720808878,4.38075637928406,41.2008619238852,17.1433252689154,10.6193510219108,466.974134403292,53.6288483157166,5.04083191079199,40.6812369858878,17.775539543239,10.3498623067466,437.177753224806,47.8731704866067,5.63730884578873
899,40.8928491623231,16.6277761174578,11.1311167482968,493.940332861622,58.8898740140355,4.68293888073182,40.6733051221479,16.634996870973,10.9083576727954,481.076090760563,56.7614685915868,4.97991755094402,41.2014922133712,16.7739394619781,11.0575908543866,493.807128386516,58.6174298813635,4.66442443464245,41.1780609744662,17.035350162769,10.6095414196101,471.151712266157,54.1699792548115,5.19345732042465,40.6926918358636,17.7515964667542,10.3111400643739,437.411811467435,47.7705007404452,5.94848494803248
900,40.9088972692077,16.6853843853551,11.1225669506588,492.974760590067,59.0779588257941,4.34839601028514,40.8233940982755,16.5922572917162,10.9667364038495,485.483559831414,57.6991708839819,4.5227158719899,41.2731706904147,16.7765899602557,11.0810345084725,496.507869766849,59.2492712441522,4.30611239343603,41.2649095475948,17.080423946721,10.6617229896585,473.541137990715,54.6300029029017,4.83128038310053,40.6777685737711,17.6828657530122,10.3370557076779,440.193473008782,48.6177372993117,5.48538589527556
901,40.8655609038734,16.6727895492846,11.1109276793718,492.031160319208,58.7321526435839,4.53107266057812,40.6217959093414,16.622378180665,10.9121621341569,480.513062626516,56.9373638488319,4.7217097188589,41.1991309872387,16.7781741433568,11.0468743564251,493.102032538093,58.5758879737991,4.50544018913446,41.1709626113508,17.0299627864425,10.5897842691374,469.321677066009,53.9319966381596,5.04350430167368,40.7096665010601,17.6916507640899,10.3149571881695,438.304982801815,48.0846009397447,5.68823172585483
902,40.8444709691062,16.650399959497,11.11192893247,492.604713549734,58.6501467713617,4.54633881666134,40.6890630907976,16.6476695545177,10.9122280934345,482.28295202562,56.9046912091437,4.75196371117133,41.2027203729757,16.7734066887307,11.0456930375262,495.822800661984,58.9812068345842,4.41859192434409,41.1911344625551,16.9922920095957,10.5905634510395,470.483520358724,54.0473088288618,4.97523760557722,40.6907275994903,17.6864431071484,10.339913171759,441.4192174527,48.3027744734586,5.64183368816199
903,40.8468910280916,16.6519333190429,11.0605745290031,491.283417790093,58.601493791508,4.57781819661814,40.7561297689022,16.5640877441519,10.9388821596291,485.152425760683,57.6728396504191,4.65389926042497,41.2126356737541,16.7494104335092,11.0491192788757,495.30795894426,59.069150767454,4.43131654294563,41.1896545042691,17.0030441482912,10.6082759628192,471.426116751588,54.4448320937737,4.94476829618643,40.7749681957428,17.7672420789317,10.3204464448825,437.477962475098,48.0384958568543,5.64528152130191
904,40.7981663816654,16.6475678242714,11.0963333068382,490.88956510649,58.6227087069948,4.84313427751616,40.6942282581223,16.6122669184303,10.9014778775409,481.175827091337,56.9509786834556,5.03353412751644,41.2012139971623,16.7770624736842,11.0203198167433,493.655063184238,58.7093977460193,4.79665056242832,41.0962451417358,17.0171735804111,10.6063965740743,470.386440181475,54.1733222292286,5.29909630127374,40.6647677906526,17.8071680191393,10.3401728290536,438.763206620215,48.2180629506936,6.00450201579482
905,40.90533451478,16.6298218953015,11.1502793124623,496.274987631073,59.3831402237486,4.36389743828745,40.7095364564925,16.6218654712172,10.927929351959,484.265931155129,57.3490858844831,4.57689069459801,41.1920163284552,16.7746053030019,11.0679926189147,494.124565790669,58.8069564315978,4.37537392411796,41.1740824068727,16.9675313093881,10.5983270363049,473.631532461256,54.5701274249424,4.80618555648251,40.701632512695,17.7376615979205,10.3314014632284,440.673480168738,48.4806816071061,5.52051392325354
906,40.829640899394,16.6635085709933,11.1593814519227,494.42140095495,59.1172774059479,4.41866584084784,40.665880690389,16.640543359574,10.9462172622027,483.758126132406,57.2966554380085,4.60948259803257,41.1675212606978,16.8466035744028,11.0272890810539,492.720197355463,58.4740236997974,4.36886501184102,41.1155118839213,17.0266400310011,10.6424355362616,470.969863973525,54.1332380089503,4.97604037515466,40.6674031822776,17.7389796813602,10.3441945513278,439.2691374136,48.2001045570585,5.55897060514323
907,40.9009572584355,16.5851534143532,11.095570992878,496.394270897844,59.2044959692114,4.42832809535242,40.7426766799019,16.5684781845592,10.9482075997411,486.218863208332,57.4789224837694,4.62887874838026,41.2607882938649,16.7189016460377,11.0824589927821,497.609858739081,59.1816063245644,4.36825874938071,41.191072241024,16.9710678566068,10.6573000989879,473.802038066535,54.5299448687868,4.90246984259322,40.6812772248955,17.726273174084,10.3357496824638,438.685146107912,47.9326917485593,5.67939987644966
908,40.8638012539262,16.6694915155384,11.1288923405088,494.803196195824,59.1056525390819,4.48741012034508,40.7050946150254,16.6521821638872,10.9362104430441,482.53792740048,57.0048198537817,4.79550087435877,41.2218237647262,16.8543550237568,11.0401458274979,493.122312519291,58.4985573531869,4.49901186200964,41.1810664048004,17.0264884060124,10.622084623921,471.777721622603,54.2858973546664,4.90866883513238,40.6778262363734,17.6961296950851,10.3092682923155,438.785657798975,48.1389140068428,5.6796423117258
909,40.83959470499,16.6786905408451,11.1224894785077,492.013906197807,58.8340155607356,4.55017061375153,40.6320045964952,16.5881032984942,10.9556401815104,481.656203308287,57.0538700561465,4.72823672304536,41.2110293841068,16.7305455181004,11.094613379811,495.153694440365,59.0203860736917,4.45778216478495,41.1227312491102,17.0024628873025,10.6073419985877,468.722993480998,53.9838299483464,5.04551036215974,40.6753499201562,17.7544588166965,10.3507831062271,437.838766208956,48.0136795489041,5.78029480189202
910,40.8766041861529,16.6500442585154,11.1703384651502,495.616069326494,59.0963082152679,4.38292168151438,40.6904178177848,16.5523896076887,10.9859586916838,485.758892917737,57.4468822354249,4.57202355011518,41.1686816252637,16.8122611074016,11.0940518503143,495.518131463116,58.6895232912691,4.40695241425694,41.1695081465184,17.029410826163,10.6497745156535,473.133348407515,54.3712352973553,4.83239117791347,40.6810534278006,17.7387512242712,10.33093724641,439.168046448659,48.0484980781564,5.53353878317926
911,40.8415498421854,16.67727117892,11.1105206818735,494.510408050715,59.1305180297736,4.29931970187833,40.6775521071212,16.6487216695075,10.904470573102,481.08430378232,56.8526058113067,4.61090657297696,41.1923782566842,16.793961001863,11.0265696232841,493.349433053603,58.6923490697947,4.2844333568819,41.121664838052,17.0206270110371,10.6500504928894,470.969914113489,54.2886178002116,4.79190379731299,40.6825166668433,17.7064806437844,10.3176203255073,436.98887549275,47.9575139678881,5.46507202070602
912,40.8454152670713,16.6250157764372,11.1556208505209,493.405763648108,58.8836122433845,4.53709504672642,40.7072624472443,16.6026611114905,10.9977593415927,483.741659332391,57.2171244211927,4.75224172987611,41.2199995648075,16.7701001822738,11.066486887919,494.71010971578,58.7527715948319,4.49302709355295,41.1341467315518,17.0198660768561,10.6532542109345,470.710792093047,53.9930329665174,5.06595303870816,40.627857589669,17.7550481259821,10.3945286994688,437.64854005009,47.864252046443,5.69413989224827
913,40.8933537732659,16.6595550868025,11.1130165969447,494.583986243532,59.0304941769143,4.35443035583816,40.7088491480186,16.6404446977569,10.9431434030041,484.036338007901,57.2657120993144,4.56572747587516,41.1816666703824,16.7757388213909,11.0404761230305,495.322708468601,58.9118625042994,4.33077595355794,41.1873142737055,17.0501817324683,10.6180833691893,472.171483496158,54.3079149856101,4.82214420613614,40.687073981376,17.7047201682177,10.4045738817754,441.001216468176,48.3929843907204,5.47954323881905
914,40.8660659397674,16.646477314904,11.1406559232962,492.030899926172,58.6237348362292,4.51346680943665,40.675185020177,16.6633144377664,10.9574333673508,481.655416110406,56.9286136494165,4.71872409823722,41.1769844711389,16.8434912826603,11.0862473517444,492.476003675446,58.3380984005333,4.4487670303805,41.1824208877621,17.0394122399509,10.6165800272084,470.240165747067,54.0389129023244,4.87881948410183,40.6356825586083,17.6911388734214,10.3544765634011,437.812707763038,47.9611986896201,5.50528815943121
915,40.833770269513,16.7103542170968,11.0719071813454,492.146878392336,58.5733472894229,4.63103685786762,40.7072678092094,16.6462997172773,10.9191694685436,482.195510331749,56.8725467507648,4.85915839881637,41.1520200233487,16.8480282125189,11.0193842712758,492.767958221772,58.3514669513106,4.65326183048501,41.1685748998542,17.0672986788862,10.5721602824524,468.761875978837,53.7906079043299,5.1325302561814,40.6630360919653,17.6984642505832,10.3264270418699,438.842123968099,48.1116984154867,5.69480319330045
916,40.918532417816,16.6066149685235,11.1341829033935,495.370220560636,59.2738980575736,4.46020611879287,40.724613848612,16.5774362892969,10.9738309901007,485.38057183709,57.6625930551167,4.64407916208812,41.2238733890822,16.7490544178074,11.0702963431583,496.633812432822,59.2582886648749,4.34578481852776,41.2426514934307,16.9814355364969,10.6397643387329,474.445773113834,54.8195444221122,4.9125359529177,40.7453496149475,17.7573878287352,10.3178752927079,438.084974016272,48.0234894281401,5.64067271223263
917,40.8646678296728,16.6343847227675,11.1090000992134,493.105623304358,58.7999747790749,4.64097758544817,40.6527393334078,16.6624141085782,10.9294460143107,481.107259365191,56.7391497803869,4.91176499419871,41.1522210259917,16.7974875141692,11.0823593075821,494.598171229183,58.7351160976882,4.59724223858763,41.0907944691338,17.0111548859487,10.6066189101766,469.558422196036,53.9023397522944,5.162736027395,40.6185610585804,17.7147879008028,10.2939256908553,439.053083441586,48.2088594950939,5.7117485217337
918,40.8024086365755,16.6357486690216,11.1278643460706,493.982874748696,59.1694309553613,4.5128216986403,40.5761238303351,16.6217231042813,10.9027696906605,480.405538724613,56.9070164301788,4.84439322190231,41.1454768741437,16.7757564232981,11.022862731562,494.108145668359,58.9349293100203,4.45155066111373,41.1272163479755,17.0075672532578,10.6300410174686,469.986821907981,54.1724698079301,4.98626646473565,40.6670771067975,17.7818555401421,10.4072397526081,438.004773021324,48.181972699328,5.71573763896466
919,40.8645509698214,16.6708866603139,11.109654818929,491.141119355599,58.6875707055456,4.57163937412318,40.7595184891177,16.5494057466563,10.9603107126642,485.278839022856,57.6423411725617,4.66076200902535,41.2081852178744,16.7444836584874,11.0312901550271,495.309677524743,59.1040138107385,4.43928159411369,41.1803664998376,17.0655043886151,10.6134104246424,470.457168446241,54.2229385827106,5.00903779207049,40.7414182444127,17.7104728140402,10.3386645117958,439.772055911899,48.2812808341658,5.68916229301808
920,40.87205792394,16.6066988735067,11.1371985516649,494.393691062507,59.2092057543356,4.49693813487127,40.6814219672872,16.6016449003153,10.9097986671951,482.708180151549,57.1550198014695,4.78112104228676,41.2192037763914,16.7803723573871,11.0711843706089,494.975328578755,58.9553528875487,4.49569284394811,41.2742066302543,17.0337482934464,10.6214752955375,472.684642322958,54.567275321448,4.94484798779583,40.7153190715026,17.7418669323294,10.3810336453807,438.653915817449,48.2159882578879,5.68469027046865
921,40.8992859535998,16.6747157913187,11.1211996113387,492.972547679622,58.8124312535991,4.6748405786781,40.7130117533843,16.6184312730212,10.9349424116005,484.485686689251,57.3933808848003,4.81006479077248,41.2268677220771,16.8087887607792,11.0476301492543,494.256211334515,58.7623347078587,4.60883636057449,41.2228604781804,17.0240467931068,10.6232848432776,473.531879767668,54.5382706974052,4.98856537833855,40.6885741546545,17.7433332420756,10.3054277618444,438.417144213076,48.0077066206069,5.82142256872152
922,40.8956401189999,16.6441157624601,11.0856050693252,493.513136488478,58.9570680353157,4.33981342165668,40.7581341519069,16.6159257977999,10.9409002896012,485.271576125134,57.5221221169389,4.51894605568874,41.2209746340744,16.7644233532875,11.0340275512838,494.184550134879,58.7709559894018,4.31770020745761,41.1904219946337,16.9929527974155,10.5647591514541,472.796209190118,54.4662776237572,4.78765968259079,40.7124256140575,17.7189127844524,10.3247492792602,438.579790911309,48.0890890927951,5.4416364447045
923,40.9344881695119,16.6618364186034,11.1668544064347,493.87419532515,58.9958747189079,4.66940488612163,40.6855755450608,16.6043676093527,10.9944768001648,484.604063363577,57.4747526864031,4.80680561654526,41.2712219845372,16.782256188995,11.106048574298,496.048471470952,59.0201995311192,4.54177950918009,41.2173602145739,17.0617193782568,10.6544498460555,471.822800757613,54.291897809801,5.16060553785439,40.8015818933546,17.6832204193995,10.3582680881656,440.636855355964,48.378756039065,5.82438049085181
924,40.8201348834709,16.6447417634692,11.1355474942954,494.85234906489,59.4449081287932,4.54263190106741,40.5957466365542,16.627640265333,10.9383766446368,483.496554891014,57.5324459551327,4.77680978689838,41.1676223195645,16.7768886014725,11.0808692875277,495.367338846899,59.1660811039484,4.55002765247104,41.1130390701357,17.0307135818705,10.5921891839396,471.738716131785,54.5145851597094,5.11656144760817,40.7367814965296,17.7267466158822,10.3852033913396,442.121374398299,48.9418520710906,5.69302626283604
925,40.8995315474289,16.6715300439345,11.1352724163685,493.29882162576,58.945139506663,4.55374387782247,40.7547981281655,16.6476177035834,10.9568105188176,483.637359905288,57.2133708743469,4.79717502189338,41.2181959363449,16.7717088740415,11.0928981835678,495.11304224638,58.9601682510662,4.57845496657846,41.1933464665,17.0646676390627,10.6384974544302,470.769676038438,54.1357251723051,5.12020589168066,40.7127019248354,17.7272798930395,10.3137000859563,438.181649260549,48.075784106822,5.79272726639749
926,40.7805952740304,16.6447015190997,11.073217431626,490.546082152746,58.6341329857886,4.68490281801404,40.6141712500531,16.6017227984967,10.9011336594032,480.078218824238,56.8827662492275,4.85923443147173,41.029180116019,16.8267018037162,11.0155774935376,490.260158570168,58.2789436140257,4.64704589643153,41.1162317472837,17.0152305024443,10.5961581527109,468.709037903379,53.9344782230969,5.19682552307415,40.5920535836612,17.7645678317545,10.3399949319867,436.672487564706,47.9528749592251,5.82183133417326
927,40.8705256527824,16.6681030132506,11.1134667982279,492.327307210372,58.8122154161895,4.62931608086619,40.6689701095629,16.6212860403125,10.9360969424009,480.976955520226,56.9330056979973,4.82500788911568,41.2072447429845,16.7918792028086,11.0849565445944,492.460155857133,58.6130731306898,4.57403439788251,41.1317280170334,17.016208690901,10.649019955957,470.481055013596,54.1931974603148,5.08619434739158,40.6132097356816,17.7059005825154,10.332916613751,438.887420457075,48.2215627231287,5.74182759317929
928,40.8437716344813,16.6348369050606,11.1114915674208,492.377674638668,59.2697987580728,4.36893585859839,40.6557265671121,16.6922244975405,10.9245157944355,480.145129799868,57.0892442553693,4.66790711565149,41.1056543378336,16.8240385362481,11.0107374974408,490.708090008556,58.6940594837089,4.37254615351336,41.103222468509,17.0799894554068,10.5817922274464,469.016796767785,54.2237656233347,4.92122548940271,40.5579402237514,17.7350501963094,10.3159203279876,436.77514197565,48.0533547662139,5.6015799876262
929,40.8546432406701,16.6700242871023,11.1280478859696,493.719339246865,58.9301797406939,4.45601845230089,40.6985491865778,16.582908845892,10.9688026832282,484.839067491212,57.4230889017329,4.59535083489071,41.1675206243728,16.7332863832511,11.0767535745523,496.653962873341,59.1777660798309,4.31884586524525,41.217859335363,16.9642571647493,10.6717436826238,475.169397427012,54.8559029637316,4.82253255450072,40.729601584211,17.7140608878242,10.3234057445366,440.014761697981,48.2564023095195,5.53355059643053
930,40.8414235480922,16.6349957891237,11.1187833298235,492.991960231934,58.7472058969327,4.74328078889115,40.7026318285715,16.615985010584,10.9014701420738,483.211255905497,57.1822843389012,4.85695371543928,41.1933814135745,16.7604663277,11.0562892532095,495.086481775536,58.8498263670578,4.59561042368892,41.2216604620835,16.9882115844061,10.6618186515512,474.190791251276,54.5878620629257,5.09607297122134,40.7086850701722,17.7188756073318,10.3038589835196,439.27977809426,48.2230128628611,5.8550749490476
931,40.8912850281959,16.6340200235964,11.1389345216174,494.709103515145,59.0042378924044,4.43559248737769,40.6277776396321,16.6613303455408,10.9366305039047,481.456285015744,56.8142660942354,4.71987728606011,41.2592365651989,16.7321195351379,11.0347712618509,495.977510543442,58.829650508351,4.45169556919138,41.2061716075874,17.0448286632295,10.6381354839387,471.868068549819,54.1135851311751,5.00657720864698,40.70221994934,17.7233091288183,10.3636056353289,440.2037539392,48.3407048493405,5.59558697984848
932,40.8585393407275,16.6113333312446,11.1212004349211,494.730187340928,59.5120906051025,4.38024871285249,40.6981492318414,16.5685327701913,10.9246824290458,484.493126814134,57.6896557857469,4.60212378784582,41.1865928275489,16.7218190121779,11.0385178977183,496.703459813066,59.548906094197,4.33063479382425,41.1786610457182,16.9783027110646,10.6314280267856,473.265087236937,54.8026991722152,4.87378222815944,40.7503279142262,17.738124456311,10.2921621322287,439.044493189857,48.3940489281977,5.65564316413499
933,40.9107262717608,16.627052378343,11.1066955677821,493.848090697081,58.9687529889609,4.61451787569606,40.7225309619071,16.6185098397128,10.9316973986642,481.928143987179,56.9759437698255,4.88087243327322,41.1879576911581,16.7481295325275,11.036049870179,494.726733834727,58.8012636141438,4.61403219239998,41.1223254582141,17.0654686220814,10.5975676775135,469.599346584813,53.9671173814916,5.15775011534582,40.7718554689043,17.7087691736613,10.3617560024208,439.389016418049,48.2776979971972,5.76850691987375
934,40.9561310816219,16.7145632316234,11.163607665826,493.466398263909,58.9216178562359,4.54462151883657,40.707682317354,16.6553439679192,10.9529313327414,481.238497419345,56.9213774052846,4.73332028108135,41.2726384914565,16.7861597873524,11.041963926807,494.072369535963,58.8228869015657,4.47417227149361,41.1979462112063,17.0544253170506,10.6028853658485,470.123411655054,54.156166153962,4.9815390335225,40.6534038332038,17.7029064610418,10.3740043622944,437.014173212854,47.9222510146176,5.70946829700224
935,40.9351883152102,16.6097258430738,11.1425737291801,495.692397095044,59.3257355958576,4.77139491462493,40.7189571305532,16.5539597437467,10.9514348858469,484.311934382945,57.4820779594605,4.99926884770858,41.1898175965863,16.7794583242578,11.0461489042868,493.186887923956,58.6584660914111,4.80693182291041,41.1165048297062,16.9701325945275,10.6263052702007,472.899657835036,54.6571659054399,5.30108315636072,40.6755689894482,17.7318353978002,10.3750866650608,438.500663055493,48.1889109319836,6.08541981652071
936,40.9483161235484,16.6772043080769,11.1458315403994,495.018609794265,59.1734883885289,4.41885783697009,40.7145828456082,16.6112678099312,10.9489264060195,483.321591825806,57.2557929631726,4.60169263158815,41.2487432641786,16.7817218086914,11.0521700791768,495.030949948143,58.912569558826,4.37743334451629,41.1598984793446,17.1019830813067,10.6049302760419,469.45080483558,53.9074723874779,4.95857462598303,40.7806378140428,17.7154236734066,10.3446380417517,439.907494403487,48.2113675033823,5.62317755214443
937,40.8635362280181,16.6065683545494,11.1659659240329,495.534651616182,59.2106815708002,4.57658739256994,40.72392549771,16.6343077020382,10.9608370830055,484.654018674024,57.3446398205454,4.74812519664599,41.2284700152325,16.7717844397895,11.0682127903402,496.651048315294,59.1421991093353,4.45527685238593,41.2341375037818,16.9977956766022,10.659148479299,474.797914490755,54.7766761863512,4.89915108764166,40.7075844429575,17.7287322469315,10.3704392142687,440.797308968458,48.4281952821974,5.71178410358067
938,40.962327133011,16.6102924927675,11.1408180029418,494.382489783081,59.1930572205254,4.41943808985479,40.7377775931268,16.6137242875519,10.965290335791,482.98563865933,57.2529455305067,4.70818291324782,41.2316078426803,16.7241988566066,11.0920228782815,494.770519253776,59.0267467168345,4.39578303652669,41.2118716651278,16.9570150013196,10.6693458590097,474.767499879059,54.8707804390411,4.85626321922043,40.7197965180321,17.6901071404531,10.3564220763612,441.323243524079,48.7772701269189,5.49898398212645
939,40.820325445991,16.6433112046807,11.1089621320672,493.69188234129,58.9357767769113,4.69719213610248,40.6535135876269,16.6326927996044,10.9046605618595,481.515861914905,56.9077257807975,4.9230850006616,41.155469549543,16.7918673121515,11.0208630815472,492.822020779884,58.5189729443891,4.65928968052306,41.1267884296573,17.0508820112855,10.5306856076261,468.023892931705,53.747832498473,5.19054482940191,40.6480849756212,17.7053874372629,10.2780049198801,437.346508722755,47.885413092614,5.8304248990989
940,40.8777907967881,16.6443182321719,11.1422763971573,495.234607335687,59.2694974413886,4.44230354977121,40.7236084722333,16.6814316083562,10.9383080155103,482.489233999834,57.0375273495525,4.71365379095953,41.1514692356225,16.8154089217894,11.0640690232039,494.309902061354,58.8530585548436,4.37136361020586,41.0627784390156,17.0123653226553,10.6068548972724,469.674535019866,53.9565789306215,4.94058409133668,40.6495840964945,17.7589772055595,10.380111344705,439.641299109083,48.3712319852639,5.6346172139002
941,40.8471464369762,16.7357431628873,11.1002270633326,489.770703234006,58.5454408879159,4.67236837261146,40.6647241321796,16.7066156460357,10.8990765928621,479.04593414475,56.8268769572053,4.80887639244816,41.2224094207443,16.7580615279436,11.0506683223027,493.654327857914,58.9164268030042,4.52195687014604,41.1877246569309,17.0531691361826,10.5753184678997,469.207844971575,54.1273169161568,5.06607160648122,40.6539052780583,17.7413595630047,10.2929700160573,438.002552025205,48.04689638337,5.81021989775592
942,40.9674763227027,16.5407875300993,11.1567717245803,498.680318128427,59.7878349559674,4.57201776993579,40.7685181471782,16.5714111629829,10.9637725844565,488.336098375965,58.0895486467181,4.74879521965634,41.2534623501969,16.7567991709182,11.0659066791005,496.587147826841,59.1639242651817,4.55389961193892,41.127683085275,16.9821635229651,10.6197129378552,472.120079628791,54.4464435651399,5.12415446511566,40.7032015889668,17.7201428634794,10.3662303078766,440.142550098468,48.4316183291066,5.82078195228505
943,40.8465704421199,16.6517887823423,11.092958955119,492.524710503097,58.6985514199165,4.4668732289168,40.7156709123743,16.6120876868831,10.8900484199157,482.805431051457,57.088854099468,4.61604152514602,41.2118430886232,16.8372785137813,11.0520831841431,495.417286944903,58.8317220743554,4.3991735293155,41.1529984873687,16.9826851059377,10.633183555822,473.65978828844,54.502598359495,4.85139331513283,40.6852220398011,17.6850178434665,10.3480453858855,438.7007417955,48.0333129463881,5.57112556979082
944,40.8396453110987,16.6563384839661,11.1389970971345,492.953728936907,58.8012481716831,4.58222586184653,40.6378616829121,16.5946668735514,10.9371153471411,482.53005925458,57.0831802395665,4.73328335847235,41.1526099220829,16.7461439809597,11.0682920873785,495.309702547481,58.9407766613042,4.49229881185559,41.0972252868802,17.0798924130386,10.607285962312,470.637070642056,54.1259669837791,5.06337911807496,40.7056403066769,17.7065425281241,10.2787989560768,439.255628280574,48.1704515722396,5.67184765103877
945,40.8562254772012,16.599456413257,11.0612522151887,490.981823442685,58.4988935045608,4.48107016298354,40.6727706126295,16.5601890876455,10.9036632912878,483.113520422123,57.2681896848226,4.57462714336756,41.1944445550578,16.7294457639321,11.0039822259122,494.116771727999,58.7289580013645,4.38067673150165,41.1891012189125,16.9749178532824,10.529204124239,470.99964968231,54.1403240308045,4.85554553846649,40.7207227695353,17.7462677110472,10.2842307232771,438.942883534979,48.1322978237822,5.51924466122045
946,40.8175283401741,16.6445624114994,11.1281994660668,493.380588721268,58.801516421847,4.54463151354505,40.6485072368243,16.6244245300339,10.9735125453653,484.705320247024,57.3375814205209,4.69398631764625,41.145429555045,16.7532357799797,11.0689145136452,495.522755728599,58.8363509742558,4.52553515398825,41.1631303936873,17.0165565842792,10.6408850092209,472.115215694003,54.3885720885123,4.97355068686855,40.6926348644359,17.7154113214422,10.3644714442894,439.158031015433,48.1873153414105,5.68788498784633
947,40.8727232579539,16.6370750330302,11.0626013288939,492.804785316123,58.7090249078805,4.68394982331719,40.6989073463428,16.5747636368608,10.8981783188266,483.423295244666,57.1126966337054,4.88397083068346,41.2344524134985,16.7627703859684,11.0469045494235,494.819620680805,58.7302325645726,4.67125704448018,41.1877212822772,16.9510011889478,10.5896291224021,470.659652543214,54.1696499800228,5.14358625859059,40.6867312160466,17.7291131562755,10.3117390033506,437.080489873419,47.8915505360145,5.87915605357007
948,40.8615726664207,16.6107314431673,11.1026544116522,495.904166356523,59.4840284376492,4.503087492347,40.6652707309012,16.5887848051364,10.8598588402823,483.471539273593,57.417486162361,4.71843097817572,41.180190523878,16.7323150891376,11.0215333248726,494.927660612057,58.9499610237678,4.53339093553822,41.1344466492121,16.9945972807727,10.5794957935795,472.61364567746,54.6178902510158,4.94848090897806,40.6199344835964,17.779915407424,10.3228263799693,437.857814247985,48.195868168176,5.74036125073853
949,40.8241812223714,16.6587694520967,11.1212343813567,492.829633671851,58.7356214200711,4.69791497355875,40.7206999433119,16.5977639734705,10.9479245187797,483.870941680004,57.1963742525628,4.87812063802175,41.2331558799613,16.7888756533363,11.0988018447601,495.74684042559,58.9175995301276,4.6413800728643,41.1295048588138,17.0547255238745,10.5460078322859,468.306589680935,53.7147173692673,5.26471252378562,40.6808365238456,17.6699545739321,10.28839569185,440.661311335728,48.3562008000394,5.77878745572927
950,40.834111685801,16.6531572961874,11.1093534409779,492.144197546837,58.8276255014393,4.56808959498311,40.6494671293569,16.616947096331,10.9563170971085,483.472485439702,57.3675980992246,4.75809527983047,41.1993242378368,16.8071437680168,11.0391583856191,492.020504460569,58.5937016247638,4.46678938958921,41.2013627244262,17.0404126032581,10.613555216773,471.012086582506,54.285931845503,4.96879529944721,40.7291373114079,17.7076593361978,10.3531499192367,439.257610163555,48.4492709260246,5.65248767299043
951,40.8669584813465,16.6886627220792,11.1092347929412,492.476728000069,58.60174438908,4.54099610413394,40.6630963308165,16.5787993094795,10.9212731248509,485.276502686337,57.4470169643649,4.60746948729341,41.1926616218517,16.7286015867208,11.0542748801012,494.302577508023,58.6953437927007,4.4045516875339,41.1268850508444,17.0234801240547,10.5499174654477,470.798752054746,54.0663804486909,4.99944122357768,40.6706419337369,17.7443872702018,10.2952873877892,438.508767187954,47.966874833565,5.59548423289753
952,40.8100079838409,16.6546319724328,11.1545702905258,496.182015390415,59.1676239040066,4.59575180148267,40.7192362355982,16.6196689843924,10.9215203768072,483.690530473144,57.0945783497698,4.82817432619189,41.2758133437651,16.7457047419907,11.100057525594,498.879599880124,59.2134443872162,4.51329036994038,41.1931741413028,17.0097345250076,10.584926188111,471.113044704707,53.9924586806955,5.14142615714793,40.6335437538441,17.7163598929953,10.3727389738195,438.318655769719,47.8428705736288,5.86018159122448
953,40.8636137042408,16.6706275878276,11.1437536758961,493.219098677088,58.9250244072465,4.62212186400404,40.6787910727179,16.6183271731846,10.923306074807,480.764492772807,56.8102676779335,4.85327192515023,41.1414550725196,16.8122076568353,11.0396614607734,493.348514008679,58.6730860459027,4.50784017593745,41.1386251068974,17.0902676024698,10.5805173866677,469.470118362343,53.7718412662401,5.15227179367796,40.6768818875123,17.7775328998138,10.2958517394526,436.804179364536,47.6928215992185,5.81107428861156
954,40.8987930865353,16.5713467240884,11.102470596353,495.966981593539,59.2138396593096,4.56342948477418,40.7211167537358,16.5664437465339,10.9147181575741,485.821343705074,57.559280456649,4.73177804726461,41.2031744880933,16.7254033942203,11.0463147708914,496.575841033563,58.9970296920388,4.55261247232544,41.1714439418449,17.0122708043736,10.5539070392904,472.884491357101,54.441813078534,5.11376795804027,40.7391465709426,17.7238220061904,10.3332175340477,439.674034141595,48.1809781055161,5.82979210297053
955,40.9019290572437,16.6541203346966,11.1165536052162,493.968783866063,59.0704125023087,4.56619018040847,40.7030703257072,16.6643645074936,10.9007436696076,481.278267503221,56.8948336801072,4.81164003286179,41.2107953195117,16.8185264616185,10.9658024702147,492.001546817257,58.4002170062252,4.54834854422094,41.17580455653,17.0468598208511,10.5935094294149,471.884546275525,54.275724988707,4.99154637311288,40.7094191542724,17.7411491709385,10.3046353224663,438.603574724468,47.9594585961085,5.75962796786544
956,40.7941422480403,16.674863965348,11.1185722882189,490.972193723656,58.515594864616,4.73757966576427,40.6439815399514,16.620022713784,10.9291419140246,480.967572679964,56.7809502838161,4.9472084631687,41.2405378637137,16.7570740494675,11.0906592194662,495.873916700139,58.9552314725323,4.57484407858384,41.2122664893622,17.005292377453,10.5947182847453,472.874997961307,54.3528005275797,5.13890489160215,40.7253787542996,17.6892654734119,10.3302194762683,439.007580919948,48.1165861764032,5.86283242616027
957,40.8840163389834,16.6270720275828,11.1453393147641,495.921607355416,59.2216354766651,4.80280041133632,40.6989617638177,16.5880886431232,10.9457465131097,483.370730636512,57.1473299169177,5.06366169182025,41.1499671113239,16.6997554440877,11.092732762465,496.748779167332,59.1576114700057,4.71448578845089,41.1454681061567,17.0008874350657,10.6561139253242,472.288275896926,54.3730729068867,5.31516483076086,40.643010484529,17.792036095161,10.3109383057646,437.451692651881,47.9146523883294,6.02789186413284
958,40.773743455472,16.6403168322495,11.1151899463055,493.437792357785,58.8060200783028,4.71936458638339,40.6852309084145,16.5601099476638,10.9265361957178,484.623699990537,57.3381965389519,4.86725232774765,41.2270104518352,16.7540368889068,11.0306263231448,496.69135965386,58.9749525776881,4.59944625888432,41.1648277472624,16.9353495113369,10.6405894146462,474.8809214527,54.6787307814177,5.06385598336115,40.7300492763759,17.6468552117574,10.3423300245052,442.416213740613,48.7201276291338,5.76486093150086
959,40.8875371869837,16.6550425979966,11.1236107205163,494.04552705132,59.1834740391495,4.7162228813109,40.6478220383851,16.5933855971714,10.9433472754447,483.418350995471,57.3765469752126,4.91856222665123,41.1723264487218,16.7484117148312,11.0678629417049,494.088727818987,58.9252891550442,4.64867426309222,41.0910513028193,16.9847517117566,10.5765163124122,469.111568003366,54.003207695318,5.24951571882878,40.613218752144,17.6826896206698,10.3637130266005,438.698500499043,48.1905302222652,5.8867110394254
960,40.8923278487609,16.6320541885831,11.0948894059491,492.288678381715,59.0792790204734,4.59086372502708,40.6542992325489,16.6233811540764,10.910908644796,481.409731391779,57.3247600089592,4.8383843022024,41.1930858331981,16.7420672702236,11.050917927435,494.073986542493,59.151901758243,4.46555373294089,41.137299985545,17.040249576983,10.6350946234226,470.694865359484,54.4209968744773,5.12565018909122,40.6696928828346,17.7317164019596,10.3852610152953,439.343149034455,48.3958732789164,5.74491435356642
961,40.8110889995244,16.6100168215355,11.1809773188636,493.811611988665,59.1399236883523,4.39435143954282,40.6991840834553,16.5997471216012,10.9533983378003,482.840106829793,57.270479226261,4.54672468026089,41.1981835736129,16.7292292526675,11.0962398925461,496.379946127232,59.2727553394176,4.27074522864032,41.1053872233184,16.9939026507188,10.6246195633431,473.000138966361,54.7177631982507,4.76406588648835,40.7234383198328,17.7849602471779,10.3579660805445,438.625580388224,48.3084723952041,5.4280286338727
962,40.942826987909,16.7078119410942,11.0758769077822,492.560654392082,58.7447472246145,4.74358476645052,40.7653952279704,16.6361892236357,10.9447335760553,484.170145338237,57.3157146800167,4.9170081660947,41.2259274881548,16.8094786378872,11.0339938556691,493.830143125831,58.6672166269856,4.72081167478402,41.2387194594275,17.0073052556902,10.6552765855306,473.266914860117,54.5341939154642,5.19341037548885,40.6880675675947,17.6892988642546,10.3334611439851,439.15451675638,48.352673635911,5.90178374687917
963,40.8612619643342,16.6297005432835,11.1425234861775,494.055110385038,59.0604250530206,4.50977546656065,40.6884480481399,16.574600904847,10.95009388208,482.440135281748,57.1524692542973,4.73575096945901,41.1450447992074,16.7284688848207,11.0578042337426,494.848691780981,58.8884083134028,4.46963425192241,41.1642277575724,16.9911768234333,10.6516531298262,472.694098621389,54.4393773758568,4.97482832999937,40.6943260834833,17.7259131292312,10.3612671349762,440.725122407393,48.487225067759,5.67670315060308
964,40.9501553727424,16.5413732409548,11.1745526257646,496.360502936242,59.442262648723,4.53594530160974,40.6693513556866,16.5847065126241,10.9278617719309,481.559813306689,57.0655181771936,4.79662444457657,41.172187810494,16.7367613433763,11.0363838417076,493.796013118309,58.7263173989567,4.57284597451816,41.2023458859556,17.0146254867202,10.6449571415984,471.358210349459,54.4121359498798,5.01163086104763,40.6808907213668,17.8186752720667,10.2915732476275,436.494045561705,47.6833829824461,5.90293222420725
965,40.9108427710307,16.6796634240218,11.124139541878,494.325475488724,58.9759432267056,4.7724111602283,40.717383412366,16.5756603455516,10.9486415926287,484.866893725844,57.4154361962694,4.96279822452088,41.245160840232,16.7481271729254,11.1211698812182,497.495241115614,59.2401903926923,4.72376925010955,41.1579011682174,17.047931736719,10.6112049331547,472.001723608847,54.3195972090424,5.27745027736339,40.7036424142841,17.696793891944,10.3490141774768,440.4638460309,48.3801904248124,6.0521023942393
966,40.8107776682095,16.6703969229417,11.1310243660683,491.133454092586,58.6331193173968,4.55517587081274,40.6864611871916,16.6943332497437,10.9232168568086,479.943384484658,56.6573227167695,4.83027525580894,41.2060724455829,16.7991095839002,11.0913052756972,494.814167394627,58.8544195838555,4.48752406276687,41.1526472739434,17.0640994825343,10.5964752158627,468.104675152449,53.7178527273926,5.0701205735603,40.5948168396061,17.7861414070442,10.3486032768733,437.38429755073,47.8308150311481,5.77252444169738
967,40.8809141929429,16.6353987525624,11.087517378128,495.88713359762,59.2170256977186,4.62527719530348,40.6740950821145,16.5880145513054,10.9034220528349,485.435946413816,57.5118491634603,4.81733401644453,41.2217064978006,16.7211185775119,11.0188982935829,497.987243362231,59.2856423616914,4.55095721826399,41.1550992754472,16.942865635419,10.600331369713,474.807591243272,54.8548696498093,5.01386560666619,40.7802712941821,17.6905577534045,10.3280771796541,441.245167633124,48.5740788635383,5.74721717165076
968,40.8066138396153,16.6776716995831,11.0933457476271,492.10420281081,58.5436156124076,4.56077939081041,40.5861800672435,16.6403725917994,10.8701581383651,478.953155960809,56.3249787362122,4.803678718541,41.183069164867,16.805305628305,11.0504470839343,494.891470109025,58.740313264073,4.46533296189006,41.0645513610259,17.0735639392859,10.5121443822714,467.019465998258,53.4400684008868,5.03363153959461,40.6370497350162,17.7279806612008,10.3559873159796,438.268182515838,47.8726519886536,5.64849360525042
969,40.8686361988831,16.6380128184388,11.1185963636663,495.527279110802,59.2460267474804,4.59617246592284,40.7415944650941,16.5943991490764,10.9233333443839,485.397933083059,57.5406871752386,4.77513209417421,41.1637713550082,16.7460841434495,11.0963142639921,496.934800376342,59.2935708140226,4.51460879738385,41.235688891785,17.0267892659895,10.6213730202603,473.240335991824,54.4788237314957,5.10600086166274,40.6954897172449,17.6896044783361,10.3649794228476,440.530670626964,48.3893253255107,5.84277459835801
970,40.9042966008915,16.6311487365246,11.1757066718426,495.339892059088,59.466152842061,4.51470911236375,40.723038546455,16.6069945411044,10.9843100566551,484.656570131846,57.603072857144,4.75081398212975,41.285610359942,16.7091979238108,11.0950987794821,498.138945803879,59.5370909277863,4.45844521148905,41.2121436044313,16.9756416718399,10.6311435732363,473.634082220183,54.8527487770576,5.00769200978396,40.7653657121929,17.6599141342209,10.3650785539463,442.935905087987,48.9846675272344,5.61820278988943
971,40.8794792353809,16.668419655882,11.163539633666,492.492170126043,58.6707194725229,4.56326171110758,40.7552930427923,16.6232420355887,11.0087307503198,485.748053296195,57.565920482951,4.65029172837337,41.2353075649605,16.7504168875821,11.1052686114244,495.190440235299,58.9467177362754,4.45611551810654,41.1474022873033,17.0465423878335,10.6255549098387,471.264202988057,54.1353481320918,5.04923869882574,40.6653306133204,17.7657844764055,10.3119014764107,437.555169769996,48.0144892865634,5.61560241679103
972,40.8602394225432,16.6906198015386,11.0448336204157,490.742101749709,58.659370579643,4.70024401051534,40.7045718124096,16.6744812472083,10.8411494883424,478.27703797821,56.5085523622528,4.95709572962341,41.1673880734803,16.8006014070762,10.957092295601,490.822870514101,58.299344740812,4.68836023532035,41.1568623188921,17.0769481681392,10.5607770229607,468.760931249918,53.9702535828417,5.13487634293099,40.5699010867891,17.7456869529207,10.340810352512,436.351818929271,47.8614006778252,5.87376840812605
973,40.870959177436,16.7231235273128,11.1032562304756,492.281810773463,58.6920747129451,4.51899706415845,40.7348212545621,16.6048175510594,10.9213647978217,483.62650463714,57.2508405837185,4.6793014889085,41.2516597909098,16.8067421745267,11.0818775106269,493.960173262297,58.6495920434197,4.48889474851723,41.2040833542333,16.9864191890198,10.6281799397596,472.816675417036,54.4330780011776,4.93536467137283,40.686911826236,17.79930045123,10.3322547180514,437.423824252937,47.9401499256503,5.68448189624053
974,40.7894475490723,16.6124003391544,11.1042766266699,493.621851362777,58.7698223048137,4.68201086220893,40.7015379692416,16.5484304676667,10.9771944483032,486.556752771418,57.5315325944151,4.81802617975223,41.1611563348153,16.7167474625336,11.0729230645953,496.579406733825,58.982960381152,4.58142269093526,41.1510218916575,17.029483011814,10.6134311865834,471.776426910478,54.0343547187739,5.17230287910319,40.731560139349,17.6989903123775,10.341951570778,441.907467374099,48.3176620572842,5.8224936455735
975,40.8918088558387,16.6336171704072,11.1897411079894,495.365536401923,58.9201780106992,4.70448311968625,40.7533411722661,16.5282724481052,11.0543809063801,489.921355896578,58.1026316140422,4.75884574292657,41.1321546131073,16.7341145516856,11.201827613736,498.647467096184,59.3702685615728,4.5425628064993,41.1945372954674,17.0116054836933,10.6539498696908,473.671123310344,54.3565429401346,5.15087710145927,40.7048171316192,17.7162767426871,10.3713910200654,442.477276901204,48.6153214494419,5.78883846193991
976,40.8626522430267,16.6073841843273,11.1325186045401,495.802090604468,59.2705858201639,4.74832407115104,40.7399751555461,16.5882396821099,10.9638067722905,486.935032638145,57.7359987908177,4.88447624185446,41.1988268632722,16.7486679846118,11.0322938465078,495.201243119196,58.7449289164402,4.79050888684811,41.1893590875987,16.9862072026505,10.6092997673971,474.406227963739,54.617483201865,5.24348935045481,40.7485348283089,17.7527677897934,10.3013038014808,441.211752760374,48.6439092325733,5.90289338323823
977,40.8448270273653,16.6438834945888,11.0864183592961,490.864987782173,58.4525082040894,4.68150502816731,40.6597079622656,16.6279976720876,10.9332811896042,481.739369527206,56.9575324881863,4.83541388817127,41.1892831253146,16.8123351613191,11.0794014298938,493.456647045563,58.6590814140032,4.56907262371473,41.241623008714,17.0055010565651,10.61444003684,472.627903198283,54.3466769581869,5.02396948394577,40.6845647891416,17.7072953402532,10.3155559769618,439.08260846642,48.2915012511107,5.75458606748736
978,40.9350553395009,16.6687814188735,11.1209911217994,492.729339712069,58.742231378185,4.51082445739781,40.7028807985228,16.5863503392643,11.0017763548288,484.84920480318,57.4648288904493,4.66227044963195,41.1883982754858,16.8147496957341,11.0696511971934,493.658190093108,58.6516363576405,4.49256957121201,41.1591340107907,17.042961596783,10.6043083499657,470.402806215323,54.0937435276924,5.02391778282555,40.7968981146646,17.6865548480126,10.348293899154,441.427919656933,48.6582699531227,5.52396092610223
979,40.9330791090256,16.6036226425693,11.2080122940421,497.355607740897,59.788946146477,4.39209839336027,40.7698595992548,16.582066378314,10.9477699108305,482.773856159485,57.3331188541042,4.65698463824723,41.2279972364711,16.7564291903939,11.0631197028656,494.787596357555,59.144786830092,4.41044382180571,41.155929132093,16.9655596589776,10.6624185168721,473.523131056568,54.8182273078934,4.88006301041969,40.6951289931062,17.6666997311871,10.3635631266698,440.081859847484,48.6986995570302,5.57805070002181
980,40.8346236372209,16.6422988884569,11.0943696400589,491.859274197368,58.8718869627248,4.61434082930806,40.5666949055429,16.6073008547237,10.9373907026265,480.499907591608,57.0076759257306,4.86799490405395,41.2024004610956,16.7736970457307,11.0370027599231,493.100915732731,58.7466777896694,4.57547896769545,41.0786357848879,16.992975536967,10.5693057994004,468.844062222567,54.0017298000733,5.13934816349849,40.5904536372989,17.7219959944285,10.3160544470584,437.723863112827,48.1363061875356,5.77164455712854
981,40.932697831537,16.5863101741977,11.1567914660125,496.570081796038,59.4347229398679,4.52287457201055,40.7130519349008,16.5721098882976,10.9622533282155,483.46088274166,57.1814949908513,4.85614742329596,41.2536969394658,16.7263938837089,11.0947476329228,498.386053454063,59.3934124158017,4.44694258337609,41.1836860455086,16.9780044263584,10.5995888040507,473.299613469928,54.6336798133183,5.0150844313246,40.6507741853559,17.7203910356965,10.3529568452813,439.064851471537,48.3009029678572,5.80232575733245
982,40.8038149700853,16.7430025812196,11.0733787147369,488.432524578109,58.3834481974019,4.80573103215098,40.6680970529302,16.7139065627907,10.9094320293652,480.745213529702,57.1594363468884,4.89885800966185,41.0870714034876,16.8245374108733,11.0186663363147,491.461802745985,58.6995773278653,4.60194402455529,41.1603470878652,17.0227007284047,10.6460156768247,471.933874234437,54.7457627361648,5.05892444804628,40.5966158854953,17.764712035923,10.3192057092025,436.134607713223,48.1495706046629,5.79973544855621
983,40.9363230268254,16.6567516546405,11.1504906805715,494.292041968675,58.9381826539147,4.60732247070795,40.805481903416,16.5777899689406,10.9463223651465,484.726607304803,57.2796874859771,4.766153561566,41.2940595869896,16.8161732232434,11.0673426168045,493.888649520308,58.5613667214631,4.57308675989848,41.1941673337394,16.9830116547629,10.6400628112232,473.73243374519,54.5694600954391,4.92347366443025,40.7394399299519,17.7129377150783,10.3159474140395,441.703770072272,48.4484407311656,5.67989154351055
984,40.8819910249853,16.7006158279811,11.1021718840938,491.954265631409,58.8129293660852,4.58876522764269,40.6805606633515,16.701657328529,10.9262332260163,481.808086924715,57.0292794104493,4.80250280886193,41.1812301495311,16.8113499483864,11.0350425588207,494.495503316797,58.9056596607633,4.57109296698091,41.2393826535693,17.0127591505129,10.6296868439095,473.497458023675,54.6252478494047,4.9588631432627,40.630103658666,17.7589137904811,10.3031221147593,438.211538269825,47.9761365854833,5.76164772263647
985,40.948251468523,16.6250246956448,11.1331406701311,495.245732946422,59.0376069224463,4.59337502552614,40.7826924058551,16.581093125765,10.9315651871937,484.991930764773,57.2983591729129,4.77309769752558,41.3267817090285,16.7642629320217,11.0901602498465,497.895918740013,59.0699298932277,4.50414719316068,41.1882305918298,17.0222846858737,10.6468172583292,472.540151039757,54.1711660550762,5.09992095933014,40.6985386031688,17.6787460216261,10.3397075905923,441.729158282522,48.4378829972374,5.69998868500095
986,40.846114232686,16.6373741351803,11.0943441128775,492.447372759606,58.6691810120606,4.76405932898352,40.7569705454389,16.5878129045857,10.948574801889,484.882293891142,57.3192544140742,4.89128788761411,41.2032701770852,16.7785331660972,11.0772547987544,496.582006846107,59.0241332004567,4.59683982806432,41.0926521405414,17.044829472022,10.6091324491354,469.247380632009,53.8791689700707,5.22989600243115,40.6638359288051,17.7567407173581,10.3648525413296,437.839772488006,48.0510249471172,5.87712456653602
987,40.887969698242,16.6459246092013,11.1468718853889,494.64224225349,59.0615467579734,4.65038067708925,40.6435414193749,16.6785381324757,10.9347542498373,481.189224676945,56.7686516492687,4.93953587026598,41.143017426891,16.7673870437799,11.0843828031869,494.406578896752,58.7692288605037,4.66713353245087,41.187434324923,17.0735315493273,10.6501191866893,471.502623359229,54.1982450260551,5.20042581594575,40.7060282262931,17.7653364212465,10.3686567508221,438.227705265385,48.0594956842635,5.91668499915839
988,40.9051318501566,16.6085458546465,11.0813135639857,495.030029439294,59.2363515934748,4.56967202439793,40.7182442185492,16.6212870417489,10.8878596036536,481.604504907768,56.9919703983144,4.91470596573247,41.1651971544309,16.7792191395358,10.9942501000353,492.067431050823,58.4534409899933,4.68360181710579,41.1300736960087,17.0143720978677,10.5839247126287,470.358797059005,54.0631185468769,5.14335565358233,40.7220896912357,17.7005643776588,10.3649571663731,439.453265002234,48.1874232677406,5.84444133637034
989,40.9460438106629,16.6306517508412,11.1611485752194,498.371175926964,59.6998061440766,4.31294488962881,40.7598149870171,16.5887718478994,10.9836768284141,487.785339239086,57.8913792201024,4.52500508188718,41.2050324355245,16.827254859464,11.0671495678776,495.1068352642,58.8391808303028,4.43522581230656,41.2445690001413,16.9926154630083,10.6379157673368,475.021808127071,54.8374626259519,4.87141885650269,40.7502219146408,17.6925588018205,10.3821521912361,441.734831392467,48.6944201830657,5.44257916817944
990,40.8664322556049,16.5881138042466,11.1486374819874,494.822738166685,59.4098734448076,4.35145388294944,40.6272399803952,16.6076628440129,10.9639559697081,483.31688529586,57.4466519572064,4.59198122313054,41.1774093030876,16.7346802424035,11.0354993149847,494.381993183999,59.026378134336,4.35779994898556,41.1339510582465,17.0245780140994,10.6194537585817,471.07174499261,54.46305819903,4.84955726314152,40.6425843740305,17.7129522128575,10.3217867431194,438.840314342694,48.4764213835659,5.52077429205824
991,40.8924264887418,16.6221497440769,11.164918692075,495.51208493234,59.2037532517114,4.41221400407735,40.6647659789953,16.596109606549,10.940951538218,483.413066499631,57.2563314336051,4.63095819975941,41.1867648205681,16.7915338426527,11.094264077604,496.112410961419,59.0610498545147,4.37249457511137,41.1576755699921,17.0445080390241,10.6265817299882,471.942694193042,54.2962703748066,4.93059410532013,40.7110393764099,17.7190602619497,10.3298699319345,439.077989826047,48.1897789070052,5.61104371336151
992,40.8061245125342,16.6760698068044,11.1236149322116,490.661169138616,58.5629314233528,4.66118176738213,40.6361437829286,16.6610702521973,10.9354766238845,479.718231233269,56.7331724575103,4.9162312081291,41.17710342309,16.8364355406827,11.0653466305426,492.52503730526,58.4582221341183,4.61716704542164,41.1273368860691,17.020062250328,10.5780834650264,469.855163488882,53.9775434666694,5.18501818885359,40.722436951531,17.7368174407167,10.3076843674836,436.332996508307,47.7724047301849,5.88768612858046
993,40.7958899268941,16.6636604637847,11.090226163272,492.254798843666,58.8135957097311,4.6760862904659,40.6192726763212,16.5994891918053,10.917746900988,482.516066410498,57.191032073633,4.85410211944334,41.1344651913686,16.7802209212754,11.052706543549,495.438565817494,59.1390752244592,4.54863040357568,41.148778765105,16.9682452929651,10.5882369858869,472.64726675659,54.6238162869418,4.98135535644064,40.6573772471611,17.6939325478564,10.3317389314557,439.0665867342,48.3125636465518,5.81124934311474
994,40.9070205776374,16.6357198124,11.1543715512449,496.09277379276,59.4136000397809,4.55635198214145,40.7259752961189,16.5407411118905,10.983136882033,486.107854025852,57.7607884864749,4.77330034647946,41.2043073639207,16.7505612571793,11.0828337106743,497.616878388921,59.4061537675256,4.44488839793903,41.1917209322097,16.9585788928707,10.6057222724726,473.58750862887,54.6641845654862,5.00890442421165,40.73346298463,17.6244724441719,10.3745059071628,444.053704323134,49.0713058116018,5.63678352246878
995,40.853445100579,16.6380607478509,11.1183709406384,495.564497530001,59.468279297653,4.4437008639675,40.7340214659742,16.6269884018711,10.9325544422416,484.239996647989,57.4999347149011,4.73662368125382,41.1857855232394,16.7800730000962,11.0565399869265,496.776232533936,59.4040768889356,4.3466640391364,41.2271795152212,17.0760496335005,10.602824359799,472.864967408916,54.7102528035647,4.87753768129517,40.7741676140026,17.7372820222485,10.3402070614889,439.412149064295,48.2817272446336,5.67802809463902
996,40.8478627547425,16.675650867055,11.0970507495129,493.308531557077,58.8094935687767,4.52975205438324,40.6907303380238,16.6251910273862,10.920356202565,482.568629428652,57.0502592247084,4.72091860067982,41.2050210728901,16.7993599317817,11.0560439416385,495.209269305303,58.8208904324559,4.48397972208517,41.0700261494743,17.0500390948462,10.6042073331552,470.434020232978,54.021558798259,4.94222503888645,40.740568312519,17.7226213003686,10.3269292085372,439.08851045868,48.1489734417744,5.61544476567723
997,40.9573740500558,16.6312587651707,11.1210811957949,494.82859518477,59.200640144685,4.72783765724631,40.7215617425135,16.5873995166946,10.9168913056396,482.979922627723,57.2589186703546,4.93851035424467,41.1959406985459,16.6967109842549,11.0426494628585,493.954575259484,58.894667702916,4.6874914570836,41.1712204718712,17.0199697231623,10.6011977907054,470.649399571108,54.1982880649004,5.2320885899046,40.6741140886325,17.7433879496205,10.3428786486055,437.729858594151,48.1183138818954,5.88861689671785
998,40.8742202426337,16.6030490724957,11.1034385133731,494.699963211937,58.882559018738,4.58054668400144,40.7228284038181,16.4900294732564,10.9846354739578,489.039029288084,57.9439590688148,4.68810614926685,41.1852912927008,16.6815831241628,11.0820016738009,498.129015065653,59.2545364800391,4.47387219699355,41.1459910820052,16.9716668944068,10.6225384389271,473.511498361508,54.4368662830764,5.10425781299526,40.8112506337384,17.697602855851,10.398616344849,445.426451139261,49.1574391062818,5.59653418650735
999,40.886555780755,16.6388811038404,11.1141881109402,493.887110986367,58.9156914500935,4.72976786977805,40.7254540034452,16.6098033783743,10.914865801783,482.529077789636,57.093838315362,4.97382320904066,41.2496651164356,16.7609330302029,11.0922014513367,496.022668921038,58.9698184557644,4.62725555355475,41.130776142801,17.0694378406643,10.5340987712326,469.920325403774,53.9379309915349,5.22913877637792,40.6735420474485,17.7600967984668,10.3275038421872,437.931640938462,47.9900427766211,6.0305516328295
1000,40.8904682414364,16.6751425011899,11.1045814998308,493.18393071445,58.9892441193599,4.37242497519748,40.7261125374959,16.6511467142748,10.9093292387792,482.903158032865,57.2879982237947,4.54861504302715,41.2408118248358,16.8051474961226,11.0460220897439,494.761182463353,58.9355214411223,4.32743119051633,41.2093293531698,17.132764002565,10.5533493612646,468.583593452735,53.7890031057703,4.82986514215482,40.7616503581892,17.7082119819843,10.3620416402215,439.663317632621,48.4229281783744,5.4019146028932
