"draw","2022_top_in","2022_bot_in","2022_half_width_in","2022_area_sqin","2022_shadow_rate","2022_count_bias","2023_top_in","2023_bot_in","2023_half_width_in","2023_area_sqin","2023_shadow_rate","2023_count_bias","2024_top_in","2024_bot_in","2024_half_width_in","2024_area_sqin","2024_shadow_rate","2024_count_bias","2025_top_in","2025_bot_in","2025_half_width_in","2025_area_sqin","2025_shadow_rate","2025_count_bias","2026_top_in","2026_bot_in","2026_half_width_in","2026_area_sqin","2026_shadow_rate","2026_count_bias"
1,41.0665848843646,16.518672037423,11.1750661385875,502.27990839759,60.0500664706767,4.42959187413319,40.825463388983,16.5252016789848,10.9688465411205,488.269051308647,57.7083079789748,4.85946036382118,41.2246227932976,16.7180115745921,11.0516957846627,497.24846783251,58.967533984115,4.70598991357201,41.3108683225389,16.9284192582366,10.6659127152611,475.76565412679,54.7927944006252,5.14003456789497,40.6567111857673,17.6313846717646,10.3670020154098,440.594672001422,48.4322558526698,5.89696667733072
2,41.013340006276,16.6173183547518,11.1233848358575,498.063767981556,59.5872909570882,4.58786303120128,40.8508199143309,16.4998794787538,10.9627766677181,490.218823611308,58.2847846921322,4.8763053554716,41.1608923451866,16.778051249815,11.0636903173366,494.227538055398,58.6824245126101,4.82757975264549,41.1870412851263,16.9461475946727,10.6702776420277,473.581967665937,54.7623515650186,5.25093276931773,40.7132165564699,17.6279546205151,10.3681712629118,440.771573384855,48.5179784343784,6.02455109858808
3,40.958712008636,16.6501127921307,11.1546038806529,496.514746090518,59.3214157936007,4.51617845671303,40.7961256313743,16.6572857046177,10.9708999610737,485.362808061536,57.4293868647631,4.82963403451196,41.132736633255,16.813113695992,11.0814510263932,494.400659497203,58.7227670658341,4.67050341163683,41.1941945751275,17.0099437526217,10.6568299600214,472.980703512193,54.4899083431703,5.18539922006625,40.6901364057649,17.6479271547367,10.3329203248598,438.7565471501,48.1446282333176,5.99756777322546
4,40.9980111632306,16.632876083528,11.1230176291762,497.282555324346,59.517558044312,4.40009264908028,40.8108131582535,16.5690598226656,10.9623426867354,487.147515811805,57.8740559376749,4.70307929632526,41.1510035958227,16.7994099662286,11.0727524137298,494.742440510041,58.8531237790432,4.58277755145114,41.2088565051632,17.0146841685755,10.6850848420389,471.580667329774,54.4504949856753,5.04271613984866,40.5942424194024,17.711978295115,10.3486385671434,436.678742580915,47.932167967789,5.9107614951987
5,41.064289941832,16.6722010538904,11.0806215553541,494.808382279716,58.8312617469312,4.64018716685162,40.8181272047865,16.5498094729026,10.9493927770893,486.957587436263,57.6013921985594,4.84429523039516,41.1859763048463,16.7399379721389,11.0502113566411,494.839320847982,58.7009441309911,4.72144582384149,41.2812043391329,16.9701982075319,10.6450286585115,474.059951210374,54.5526436354294,5.22989501653043,40.6917294442021,17.6982383821124,10.370426173845,438.162767458482,47.8468343424353,6.00045153799414
6,41.0454812552437,16.570038402959,11.143910313359,501.135724719759,59.7328496041228,4.44892531575733,40.8099012308681,16.5906916955547,10.9568193302206,488.006772745909,57.6078259572267,4.80442648304341,41.2138812004565,16.7444252190142,11.024969079292,496.821344518619,58.7573144622433,4.72719644823677,41.1686039783405,16.946549964982,10.6566571242277,475.822977068891,54.8769245587312,5.02983030569441,40.6111832865416,17.6047820458678,10.3564872046065,440.767522545493,48.5847771581286,5.89748134782644
7,40.9739654732063,16.65560782821,11.0573017257178,493.487799259981,58.7745676783142,4.6483385498003,40.784430154557,16.638213864345,10.893323239026,483.155806939029,57.0947280025997,4.91827272198385,41.0923583839843,16.7681852311081,10.9982223940719,491.407438822159,58.2794987228592,4.83548268724807,41.160397580097,17.0567436055966,10.6222343915888,468.960406566157,53.9412655726017,5.23966421702972,40.628879482047,17.756629627599,10.3008046574736,434.026435558848,47.3316978372179,6.09749461945562
8,40.9805551676551,16.6053093823585,11.1561721461966,497.140921697801,59.3610131807382,4.80607468061096,40.7458556901842,16.5789134336669,10.9791708855734,485.286108514422,57.3764001002243,5.15068028805956,41.1799007637539,16.7794985910914,11.0761415315637,494.587201787378,58.7053368738684,4.98799755108154,41.1205230016241,16.9611821807733,10.6955513098678,471.442831010213,54.2616906631754,5.50965655537365,40.5526669660748,17.7226099117885,10.2788771398361,433.027683558071,47.2710420707783,6.43272678486755
9,40.9291037566183,16.6532829166575,11.1105937005199,496.456934364796,59.2333482654843,4.63773842624993,40.7615387482178,16.5413895724325,10.9562084801404,487.240864786508,57.7672248061765,4.90015017321682,41.0787183794025,16.7533472978951,11.0584641812176,494.840986250166,58.8440475692513,4.79703214709622,41.1973090694039,16.9181333364084,10.6957591156591,474.897043481517,54.7557812698752,5.24417343888313,40.5815340511323,17.6244995954759,10.3927218696808,438.634495440325,48.1603189070322,6.06175891270556
10,40.9466024392278,16.7083844048747,11.0550824986711,492.995516068711,58.6050238436339,4.75895344825846,40.7510109164397,16.6446205427878,10.8987856683862,483.146574768162,56.9704303274758,5.04903476919335,41.1539475206902,16.8619712838873,10.9705487197716,490.409913295603,57.882509035555,4.99480880005201,41.2126344615075,17.0020236327853,10.6224545260236,472.504780231981,54.4040163998756,5.29761337345489,40.5118526578578,17.6682071940893,10.3508759836094,436.281733608077,47.6610988372713,6.23881728118824
11,41.0576652768144,16.5983129939422,11.0792769533974,497.368122593083,59.2254327837058,4.94036256719582,40.8544210858599,16.5882622866312,10.8924163736734,485.227199642883,57.2301845810574,5.24925451350094,41.2305111431703,16.757681869464,11.0488332242395,494.770943730397,58.6068077446576,5.13474861602767,41.159886737241,16.9303910573057,10.6482524634131,472.660724750828,54.3719811822992,5.62188968833789,40.6674893758034,17.7138969603948,10.2709075124441,436.308759154806,47.6404578901623,6.5714134197535
12,40.9967049501277,16.6492588550317,11.0595282267977,492.963179314619,59.110311235617,4.77385780743065,40.8274200686049,16.5378122766162,10.918745857671,486.083150583638,58.0202320801938,4.93296810534841,41.1671620217007,16.7691410197007,10.990189301814,491.976647109723,58.7153752571175,4.92718434431684,41.1701095742345,16.9828690006325,10.5944212624111,469.912512229804,54.464494039274,5.47190261338803,40.5593328845318,17.6813529624749,10.3241910761024,435.078339177652,48.0354475210164,6.26806185131381
13,41.0524558980614,16.6407104603694,11.1332625678678,497.623239120196,59.500070493188,4.53096047030047,40.8777616952821,16.5428391875302,10.9523507294128,487.290047807146,57.8051207425138,4.82896230653435,41.2166493865563,16.7637932671276,11.0426805308718,495.000055826184,58.8478855087747,4.744312329239,41.2610435848779,16.9645922215487,10.6768769415389,475.359670067071,55.0885711753475,5.10865273960803,40.65608970249,17.7107837196868,10.3564602415314,436.025456647491,47.8897159217932,6.01317781957024
14,41.0222402382529,16.6439184176815,11.0400855665025,497.115137493978,59.1988650722193,4.85699882559076,40.8167653825383,16.5377166919946,10.8792926376923,487.913152668648,57.7281047382587,5.13563457922116,41.1752930942127,16.7594498472769,11.0162382478383,495.602383499865,58.7316306930413,5.02906981670713,41.2247080937562,16.9710723386755,10.5960480796929,472.879585934546,54.4701285746485,5.4530968455969,40.660159468123,17.6808548370176,10.3162101336819,437.345448239438,47.8258166170783,6.39453022179783
15,41.0124331111304,16.6483556112669,11.0012877894989,495.681596074561,59.2344077999396,4.30406714079428,40.744033593358,16.5788889327435,10.8201039639803,484.812312549569,57.520356455113,4.53235988306515,41.1233983683521,16.8175915561903,10.9428583508396,492.332257016967,58.5079214463194,4.49309440803949,41.2613153773503,16.9015720061393,10.5924714863891,476.239761653422,55.2014892561729,4.80497143537273,40.6759092522694,17.6893222748336,10.337351342855,439.825728774373,48.6605152200976,5.57604346370333
16,40.9915958571416,16.6950446559298,11.0748268770625,493.824526576383,58.6543316211706,4.71557633026456,40.7293325403825,16.6314756858338,10.9563168018555,484.605164665171,57.2237543240505,4.94927511099297,41.1507213720375,16.8243895596708,11.0290784076779,492.114279770941,58.1950374650759,4.86737637345806,41.2041379159055,16.9942593895324,10.6024048148747,470.93358761154,54.052429229075,5.29542259321828,40.605808519971,17.75527965828,10.2920433553379,436.460484372406,47.7783426989214,6.10976526854834
17,41.0171285077907,16.6259518505933,11.1133727632847,496.477377215977,59.0638401968319,4.81713127710398,40.820989352666,16.5482153777453,10.9259758700329,484.319071636242,57.0709163569348,5.13687292699698,41.1411484455703,16.8071833346445,11.0396450538765,491.84105009716,58.0300949000253,5.08236365644056,41.1478806865356,17.0170988438462,10.6240721680438,470.269923534437,53.9377312394141,5.5153645339519,40.675454863212,17.6427199130727,10.3781317616265,439.034293051009,48.0430689640268,6.18622119991611
18,41.110484850478,16.4771222544259,11.1099844638537,503.225102587212,60.2791009213035,4.37239727443146,40.8853853904577,16.5081520542415,10.9596955711109,492.373072021682,58.5028207310694,4.70135894385524,41.2310468011888,16.6995456983456,11.0608252752663,498.896893808504,59.3843011405165,4.56266564223426,41.2953671991868,16.9036434391391,10.6545159970503,476.396222211172,54.996761957181,5.11914381164441,40.7019392510783,17.6929347929846,10.3379966735135,442.184223386576,48.6556668225552,5.90416702775541
19,40.9888031327011,16.6267343922217,11.0836812056635,495.8144291014,59.083245841401,4.83475323038805,40.8048938955318,16.5493803612057,10.9086153344389,485.864661903369,57.4744456423062,5.09435282661062,41.1121910323812,16.8236889489004,10.9253735284497,489.467055458106,57.7340492454008,5.17568970143023,41.2560130636919,17.0136647125904,10.6305103056141,471.473094907515,54.2299023816305,5.43403017596443,40.614529531389,17.6956945472175,10.3640184480762,436.658451139969,47.7515961403417,6.4395772563911
20,40.9702198136707,16.6215910233626,11.1132619328346,495.747275465173,59.0490300341827,4.80709293081459,40.8257123810443,16.5179776886184,10.9799057243891,488.951796631641,58.0146631356221,4.98675117101165,41.1485752878164,16.7200034901447,11.0729809810769,496.242199020241,58.9133213593023,4.88202660843047,41.2756190597496,16.9549827672436,10.6151642567153,472.174507951631,54.2057105032494,5.38324599823113,40.617243804945,17.6465715598412,10.309072000843,437.099512494805,47.8790638489557,6.28709187039209
21,40.9858707938916,16.5982973082653,11.1011684452742,495.966935648075,59.2492016281462,4.56704027411075,40.7812873924849,16.6004191534098,10.9682115706078,485.204767988238,57.5240803683569,4.78795526775108,41.1425006413412,16.7365582504422,11.0460152893371,493.793336720924,58.7240505345767,4.70722629710318,41.2293757094032,16.9409201039854,10.6507487854088,473.122077845835,54.6285443267029,5.12711390950176,40.5699806459193,17.7169354109676,10.2948351233201,434.189960977358,47.366089147506,6.10096778896391
22,41.0740987103654,16.6275555416149,11.1405230965228,497.095384038755,59.3686015408554,4.47195262894645,40.7780340151191,16.5237015446936,10.9783356964628,486.336930137614,57.7081188926157,4.76735109500964,41.2331134096997,16.7270281675879,11.0623404015704,496.161413306079,59.0676396108382,4.62584327519004,41.1863784011447,16.9634923076211,10.6635006341592,471.857231558922,54.4978435454827,5.11681775374363,40.6263594791543,17.6987176703406,10.3110379107856,438.216717073459,48.0590447353946,5.9652021803912
23,40.9496264657432,16.6405456138865,11.0736139161898,494.962008668727,59.082721707932,4.7968669887564,40.7627138462637,16.5895755734895,10.9395377800367,485.322768460004,57.5523226358567,5.02429028219265,41.1940840046238,16.7883369986416,11.0277100159568,494.756809728208,58.726586651962,4.96834550261714,41.2649950671903,17.038262931629,10.6330893803352,471.850738063241,54.3146872121811,5.3992067903559,40.6189012064882,17.6397806394686,10.2938281811314,438.758464142895,48.1184764959606,6.24763291580229
24,41.0174035836109,16.6090125228545,11.0504543230823,495.023491052968,59.2495836028546,4.72813101338484,40.8465649495564,16.5610203528808,10.9461567181088,486.879555820975,57.9414900212446,4.97222892193342,41.2386520853348,16.7679467665559,11.0025793075593,493.769514155787,58.7125982677647,4.90888726211963,41.1913986422005,16.9713587483797,10.5885288447605,469.968645036982,54.201865504896,5.44481197289051,40.6407074787682,17.6444353825106,10.3561472949862,437.615882407161,48.0913791919726,6.16863775759268
25,40.9457636499296,16.689940684277,11.0124461854155,492.535400926205,58.4120621713513,4.74736769869895,40.8015963073177,16.5767813213174,10.8538424230531,483.344372960244,56.9191098450857,4.95830581349758,41.0492839187977,16.7775299056916,10.9834479437442,491.487026531731,58.1538689714362,4.83962388960571,41.2294055167064,16.9670779783374,10.6044115256499,472.648054263459,54.3376155291533,5.18758499461217,40.5409243038505,17.7205237634599,10.3063192076703,433.841444691787,47.130300929274,6.09530718454549
26,41.076144514269,16.6497416312525,11.1168720508549,496.517420265463,59.206068327412,4.65539599667016,40.8638823757818,16.5743792526225,10.9773380094149,488.239019280888,57.9210373598852,4.91102554481476,41.2367346331165,16.7877181357379,11.0324650526784,494.342550389791,58.5924871985441,4.82143610900906,41.3050149916095,17.0334754373429,10.6542889601621,473.068994115,54.53621211631,5.28106357094321,40.6515019922936,17.6596151893843,10.3294762450211,438.542283641873,48.1187761864135,6.0513966572274
27,40.9591632582508,16.63273671201,11.0955222892303,496.018414362643,59.2299385688928,4.7991230780977,40.7430198152643,16.5841269333196,10.907513647242,483.175558672396,57.1206946299463,5.16104592713858,41.0698882183443,16.8050556784508,11.0419397543141,491.42967834896,58.3015934831738,5.05333601581644,41.1843975507022,16.9901605889845,10.6305403053883,470.907723606403,54.2451938279448,5.50077811512831,40.5375054547648,17.6896045288564,10.36770125756,437.54892550405,48.1598004216993,6.27703573546307
28,41.0748947025464,16.5959398177523,11.1111229330654,498.787962621856,59.9039637394506,4.66081638344541,40.83866713378,16.589800244462,10.9467194908789,487.879328528156,58.0869527916536,4.93508373132949,41.277075428318,16.7399439456715,11.0844947175815,498.438241660412,59.5803909466463,4.75815005334956,41.1769820785015,16.9965450411808,10.6448403389853,471.83436329641,54.6516905934589,5.34670266491333,40.6496160470739,17.6498483847639,10.3979963763645,439.848091104642,48.7527527577316,6.12132993417316
29,41.0189524582472,16.6464085339575,11.1193268595882,495.361242850823,58.9172000066457,4.87499896216782,40.8210196598136,16.5241233707676,10.9614495819078,486.923082818986,57.569951402199,5.06995593592144,41.1621762252861,16.7749877729256,11.0262117966655,492.418062651264,58.1967207741676,5.0967636582005,41.2294021478697,17.0182327747435,10.6252019769777,473.68959455778,54.4657627310142,5.54003033390058,40.5965832494483,17.7439902670944,10.2817634916949,435.743057510683,47.4401665809946,6.4286549505865
30,41.082342285963,16.6110372888256,11.1152749772061,498.439117129687,59.4025381121926,4.60975972058369,40.7986329725072,16.6128894028122,10.9194924404602,484.359354013608,57.1460962099897,4.97263450804945,41.1580235518526,16.7854008990208,11.0170597809365,492.449944835318,58.236813806619,4.89462585293426,41.1965222896744,16.9415126443279,10.622587194558,472.61308372206,54.3254543064015,5.28724676753784,40.735970234159,17.6365483452725,10.2922660613955,438.822424806273,48.0739158830531,6.0530886853519
31,40.9551413206117,16.6429328164872,11.0629222447857,496.625507876107,59.0203840173898,4.83198765407776,40.7092975572901,16.595810164216,10.9077751497092,484.696961851301,57.0705884421642,5.16606453842167,41.1380490923948,16.7445836845805,11.0064847085364,495.447903849975,58.5444038057816,5.045284620915,41.1507347845825,17.040662261921,10.5860058911636,471.94040198201,53.994693098106,5.58949903990185,40.6755083161645,17.7174337150063,10.3327014731707,438.122948755696,47.7571006008242,6.40113846648428
32,40.9603459095473,16.6260637825848,11.1105384969134,497.139929910911,59.3508845986743,4.57216555395853,40.7650544691786,16.6137963570406,10.9439299870418,486.038880717883,57.5324536745,4.85348382267126,41.1328863154766,16.7485487551183,11.0627751557118,495.114474465184,58.7886308639315,4.76319058325955,41.1995898617328,17.0049871376483,10.6579478405745,474.487812062568,54.7362810929825,5.15761223984125,40.6411174858756,17.6754575951361,10.3563976646895,440.217802870356,48.5305710283641,6.02382761974289
33,40.9753971914945,16.6490890076511,11.0616380811305,495.506367622001,59.1560737987385,4.70196090547902,40.7459731994011,16.5934749375902,10.9225079998814,485.060844326819,57.4890008530259,4.97669205586061,41.1163663819686,16.8001450057004,10.9485317779145,489.760532775434,57.8987063304614,5.05946140492025,41.2112489289069,16.9522321539728,10.6443889288526,474.15812010084,54.7796009960346,5.32831277324777,40.6273260677487,17.6719897258448,10.3370929962419,437.354937846438,47.9383243861335,6.22600415197619
34,41.0176523339745,16.6113918260069,11.1220154642699,496.723346540004,59.3479860337161,4.47411493672589,40.7756851219913,16.5452763867907,10.9750793527766,486.078018412834,57.6367357039067,4.79971696037215,41.163614937887,16.7590331630181,11.0440581219936,493.989573429145,58.6792155447667,4.6497285965065,41.1438200948597,17.02205976389,10.6652552093456,471.117227311006,54.3041705537504,5.13320022876633,40.6149647910314,17.7314379871045,10.3786825726612,437.602822683232,47.8749073754793,5.92470196766122
35,41.015513786556,16.5976148810454,11.0632465385308,496.947867562358,59.0704132474506,4.62732739240277,40.8856119876143,16.4926210785541,10.9140047466889,488.884200956487,57.6745263957711,4.85267509762484,41.1809979223737,16.6817326774705,11.0231850503478,497.352134785836,58.9570469947575,4.71786210338415,41.2337552859506,16.9113257196477,10.6537331781859,475.334642282305,54.5693057681067,5.20927581112912,40.6403030163118,17.660959659725,10.2887322891513,438.061663126852,47.7521809707976,6.09908553051238
36,40.996533542395,16.6430231144265,11.1446342587006,496.485755251877,59.125854509125,4.56230399785109,40.7907475001936,16.5416490618441,10.9916679623044,487.120111983645,57.6626093819086,4.77424330197786,41.1821696664286,16.7735502929566,11.0542765440889,495.301253114204,58.6680449546323,4.70835672803289,41.2205041080092,16.989410527018,10.638684085561,471.804584488574,54.2538306312266,5.1686340603875,40.6204750555092,17.686660832149,10.3713462550035,438.030304369497,48.0053627241334,5.94090275125765
37,41.0480425663323,16.6561691931689,11.0976744685518,496.526863867863,59.2648169726643,4.58287087025455,40.8680099480733,16.5966492890831,10.9333272642199,486.9555177308,57.770963693066,4.83809962461749,41.2269708183105,16.7802185934068,11.0767174427534,497.742898983876,59.2602860100385,4.61634544575215,41.3190253683249,17.048235179343,10.6218002402206,474.231205142019,54.7390651417601,5.10593659130915,40.6686758611871,17.6700122455621,10.3320610728837,436.752844603957,47.8123648000902,6.04374141893153
38,41.0510581115535,16.5423913443407,11.1605302629389,501.82655386825,59.9792752876073,4.6612802279779,40.8088831378762,16.5092234596344,10.9898269943774,489.822703651645,58.0616590775837,5.06100548098955,41.2407413413195,16.6886590328182,11.0785139742702,499.723837625276,59.3955618504384,4.87335000225763,41.263709186816,16.9235965747536,10.6732221339281,474.261875617942,54.6383624398955,5.34086930037315,40.6928394480018,17.6913416034675,10.3446164772425,438.739221169043,48.0669015021862,6.29157207348625
39,41.1889984294747,16.5833222935285,11.0901104192512,500.194752931908,59.9389025762813,4.78294432678404,40.9066796114868,16.6096118043045,10.9126712417697,486.286243943876,57.6259943781107,5.1862053055498,41.3342768219316,16.7447475994343,11.0166141763796,496.499395012826,59.0871895948884,5.00279562212055,41.2437819768621,16.9832927333033,10.6140515001121,472.89414105465,54.73423382953,5.47487683885716,40.7345949259327,17.6542594201836,10.3877936270203,438.398424791823,48.2223714548928,6.43220726844365
40,41.0419778534584,16.6532922707565,11.0807552048837,495.09716921152,58.9265217221647,4.70510666673621,40.8104849036176,16.6040948080335,10.9634888080937,485.194848154788,57.388435173186,4.93478170160009,41.227783783151,16.7666417041527,11.0642335124751,495.185400562592,58.6722599332043,4.84183712985967,41.1369776615054,16.9794014641301,10.6438828874303,470.014060835857,53.9623297258255,5.47068559983099,40.7074812886561,17.652673241801,10.347470318076,438.386930196213,47.8668499303785,6.20606233206071
41,40.9893178384849,16.6394839019558,11.0555585934536,493.907427086417,58.878799396979,4.52462394021263,40.8054171598076,16.5913628761352,10.8868389860697,484.565832513014,57.3860092754369,4.70249370854145,41.0843128226981,16.8459545936909,10.9528308991358,487.37212416119,57.6129025097717,4.79313124501389,41.1118553552606,16.9835255804874,10.5878401341134,466.900194402079,53.6167262049035,5.24012634448491,40.5636220404999,17.7523549229517,10.2415462452802,432.923871167382,47.1309113079827,6.01319575344377
42,41.0442424612323,16.6212822334574,11.0991619820928,499.758429355345,59.6016868331946,4.43623418895009,40.8327533259281,16.560425477218,10.9170561514852,488.690768630126,57.8104096020859,4.73716674086535,41.1442526555783,16.7898256940092,11.0211509346901,494.641201046435,58.5421967385595,4.69939730619887,41.2397183303837,16.9606608984406,10.6608922666744,474.890012389707,54.6587643526193,5.13538099694176,40.6759872565862,17.6387221341294,10.3353138808401,440.413055190694,48.2621897687188,5.94847829753166
43,41.0452247150361,16.6007197236624,11.1228613763132,498.154117344493,59.4033893098591,4.48243309398295,40.7919334637814,16.5841285504909,10.9283045204521,485.779754690379,57.4006546657316,4.7620307913846,41.1711999789083,16.7095258302349,11.0704408372904,496.599602527493,58.9486931658049,4.62612244043777,41.2770218399415,16.8884730736898,10.6857764689205,475.709264169573,54.971922950643,5.00798663261528,40.6097471365024,17.5834309562339,10.3403730535734,438.575969533538,48.1388911879125,5.86776944883429
44,41.018981539577,16.6210194072491,11.0677911681822,495.722169339806,58.8969893660237,4.65478935346741,40.8137910821815,16.5256648847197,10.9818354346687,488.296465147085,57.7673955901039,4.81387770591324,41.2039220652387,16.7435585571341,11.0088978288003,494.429791493096,58.5468651777201,4.81928632044914,41.2538511455008,16.9271240689415,10.6506265209165,474.942386731482,54.6058011655609,5.28069568130921,40.6783751501863,17.6375867865175,10.3923895205614,441.310018632007,48.3820806131501,6.02976693701902
45,41.0944744517514,16.6687287760529,11.0954859113324,496.714730018522,59.3614388948267,4.72156665328695,40.7464915963396,16.6130365002608,10.9495820268977,484.366994304749,57.4366153083624,5.05202526477931,41.1913818170844,16.8457565239727,11.0707881354284,493.344806351762,58.6856790743257,4.86865595765955,41.3359848204127,16.9419080795616,10.7194205238714,475.74204793697,55.2002093574832,5.2914585364122,40.6327448189347,17.649417809784,10.3835268757114,438.433754419398,48.2943636329468,6.17035210831998
46,41.0649136314493,16.5991712438153,11.0780722749616,496.643281298024,59.0430756081255,4.73393863781587,40.8269301211884,16.5160903273246,10.9669600263376,487.619999695776,57.6620477345305,4.90002654451558,41.1504394510224,16.7195463008898,11.0620879604301,494.936697722455,58.6169672056988,4.86154380712344,41.1778162573395,16.9425856878839,10.7024389112031,473.904853317078,54.5147763256946,5.28836857696051,40.7205518898403,17.6764925386479,10.3994498553191,439.751463517188,48.1349086628915,6.10143963089656
47,41.0024738039506,16.6454082639342,11.0654775602231,495.430233092772,59.1139192314158,4.90592626668355,40.8209396682827,16.5637563735816,10.8827129362547,485.867906818577,57.5462039255001,5.15777941964816,41.1847004100507,16.8343680500079,10.9871062609322,492.85622610791,58.3918635995469,5.10391724567809,41.3083948738596,16.9680242561692,10.5980815050115,472.783018020336,54.4988176510505,5.59788683858275,40.5474050811804,17.6832930295434,10.3023374132202,437.042329664615,47.9172647511425,6.41872796301382
48,41.0203046771414,16.4978758079478,11.1877759288283,502.352691445891,60.0802097035178,4.47759643122055,40.8515813388784,16.5010516719732,11.0134411949456,490.649243921858,58.1371742448392,4.80100313901924,41.2867290725282,16.6758607406804,11.1401848726535,502.159674944046,59.8098246683288,4.59520620026125,41.2668981726952,16.8717360688112,10.7406318326463,478.355954911892,55.2880451112284,5.14219035719671,40.7268134334652,17.5952920299809,10.3778850370606,443.122733697487,48.8205452407497,6.02512870761331
49,40.9524655370629,16.639568980404,11.1228885549272,495.341002982415,59.22911967526,4.69018710219336,40.7724942898662,16.528232579831,10.9724696264726,485.685529992211,57.6171947174238,4.96473238725891,41.1387584519901,16.7767679299291,11.0564179851306,494.519779124709,58.8527354512546,4.8262219750531,41.154441982312,16.9698041412066,10.6533553162475,471.170354424421,54.3646820240149,5.3506188044338,40.6745865334073,17.6494284246975,10.3784250385389,438.396300430785,48.1525619210667,6.21994098473065
50,41.0836695477298,16.6205541305911,11.1824075811279,499.968915792485,59.9134543773822,4.66317118218391,40.7936974306843,16.5128317309237,11.0128072273592,489.434886180775,58.2841547552499,4.96464190351154,41.2375072559088,16.7475810992812,11.0478833496176,496.727186250049,59.1065237861064,4.88339208430523,41.2758332559646,16.9560362291686,10.718081190127,475.976383030458,55.1691394987687,5.23559472072065,40.7352321631469,17.6471416751177,10.3879467298898,440.105659468752,48.4165367603892,6.18647055281967
51,41.0190865582459,16.6389836494263,11.1086307825287,495.572549333029,59.2858506230862,4.77515616385858,40.9307659480433,16.536280355714,10.9446493091242,487.542792389523,57.8923920271381,5.01640136557941,41.2456543856053,16.7361261985667,11.0833605102857,497.047718274584,59.3120876233671,4.89295980389703,41.2890417277304,16.9563638910288,10.7272770683843,476.14484801665,55.1872807386712,5.32831046051333,40.7352601678142,17.6498459602931,10.3977439202311,440.394093588688,48.5331835985687,6.26788264992173
52,41.0592047363004,16.5685484894155,11.1212273823787,501.01278676631,59.8594954039979,4.41727539523357,40.8768391972928,16.5167626594814,10.9108870445373,489.115662365795,57.8605137567017,4.75342142001703,41.2265753073145,16.7332648545444,11.0290224134083,497.592135714993,58.9786028421505,4.67117815488883,41.2006546246946,16.9236652061284,10.6530376502812,473.178085555549,54.4183189559284,5.21265616362672,40.7784004220495,17.6302112887654,10.3613424779336,440.74883056272,48.2961309328276,5.91712770535443
53,41.067642162229,16.665291430814,11.0864163394967,495.902959057191,59.4013402223166,4.44506682575972,40.8991074239955,16.5884787176621,10.940539832005,487.994774337919,58.1203920650241,4.62659029641732,41.1981257281324,16.7777313566992,11.0288010449722,494.16689236993,58.9326010924825,4.60148173170892,41.1985588589714,17.0296886400605,10.589667753057,470.254993334298,54.2921426899063,5.12482036230767,40.5837886984141,17.7156462403401,10.318360518005,434.886703507403,47.7288913612326,5.94834853270443
54,40.9945127454572,16.550239704114,11.1244721394501,499.505065236769,59.6386417437528,4.79504598183723,40.7989519551521,16.5204425192901,10.9506268000914,488.86901274044,57.8967430785115,5.11474807658023,41.228311185097,16.6806477015406,11.0690091898353,498.059039304705,59.085569304326,5.01582742241417,41.2395156144518,16.8794198389741,10.666672347649,477.469518898086,55.067679005695,5.45742435530165,40.6949270345156,17.6473678830993,10.4057059471019,441.136188161237,48.4527901611105,6.35283240329219
55,40.9670071855173,16.5582992053658,11.0743049118245,496.833310027072,59.1266454787348,4.84538754315747,40.793803191769,16.5504595164904,10.9115865938857,485.716260537797,57.2857988567064,5.18878732991568,41.0789732868232,16.7489546097337,11.0179031039105,491.215138191006,57.9916372951244,5.15215784706784,41.3266014975667,16.896771556936,10.6330126944042,474.793648103847,54.6470624367438,5.4472233261266,40.6439752294627,17.6489319090677,10.3048962500902,436.502159228538,47.6541624173081,6.41205843764154
56,41.0942131149944,16.6136342664878,11.0902213159131,496.897735334837,59.2897968001257,4.71869699862522,40.795535566853,16.6120113693203,10.9249773146372,483.442511672136,57.1108246247424,5.10299278135012,41.2518944241661,16.7392329882781,11.0258892296631,495.258958101012,58.7739452398071,4.91225374381059,41.207838976915,17.0145497297645,10.648648652362,472.673105876004,54.498517440146,5.37570863948551,40.7036726778165,17.6313869356364,10.3680965868521,440.129307528402,48.4321097907443,6.108074559554
57,41.0711107290297,16.6692028421362,11.1390229462643,497.313060255395,59.3897039870609,4.7411922501974,40.8333578310762,16.5847449606098,10.9854682719307,487.658715466261,57.8943438131989,4.99000775773314,41.1820885716127,16.8019162753274,11.0112405503592,493.313819530249,58.5068459148704,5.01917724856567,41.2493474674142,17.0424675623245,10.658759849884,473.517913723525,54.6856214370845,5.4076356933106,40.639219799238,17.6798640409641,10.3276300603224,437.62926723917,47.9841111974406,6.36565099193585
58,41.0147935955891,16.5843250036024,11.1278140052421,498.598491607326,59.5305457160651,4.81128052702547,40.8313846106292,16.5547053148442,10.9617300423325,489.04537196445,57.9311373916154,5.09448465512613,41.2478492246416,16.6905638778637,11.0878617495357,499.978993246325,59.4543910399621,4.89573497246296,41.2769508812254,16.9251208287845,10.6560691327978,477.118014745069,55.1095381836049,5.29964533588374,40.7454970736922,17.6913345777296,10.3767838424002,442.308915126078,48.7931301829991,6.13927812361065
59,41.0590777236544,16.5988097292434,11.0794690473955,497.892766703675,59.2888847859628,4.36401854359985,40.7559723968549,16.5397944056555,10.905633926285,485.701809440695,57.3577456206183,4.60754253454283,41.1327023634955,16.7762648432759,10.9954300971671,493.96661206449,58.5451223866787,4.49936687674564,41.2584115286798,16.8591372739176,10.6652992201497,475.38960775762,54.7951613013666,4.87310129320303,40.6010512593738,17.7162383596131,10.3524238094137,436.802512362773,47.8201940820389,5.70842083286087
60,41.0061512099055,16.6354188119383,11.0186956604094,494.282517461901,58.6578242260091,4.68453950112371,40.7965844885192,16.5935733855602,10.9050613295063,483.724162201625,56.998077711638,4.91333756767726,41.1548333505645,16.8123707160485,10.9518683479102,490.684999349719,57.8631655813283,4.89935806820072,41.2451522005146,16.9802989578481,10.6049655617554,470.074676835483,53.8816929753647,5.35035537977346,40.7152881585017,17.7038855689798,10.3264116490273,437.466779995271,47.7178725299742,6.13559310094963
61,41.0527741957857,16.5667559633485,11.1018356189132,500.35436501384,59.6914112702695,4.60125086624206,40.8379395307215,16.5418878749991,10.9284353629023,489.228005360511,57.9073679155796,4.90320889603616,41.2100868199404,16.7208314937904,11.0443341792556,497.962738371109,59.0925313813885,4.82062274793033,41.2346711578444,16.9691768948198,10.6683070053124,474.345421652849,54.5910565615598,5.35645262207683,40.7039793004042,17.6244751366584,10.3500975487485,440.35436969151,48.413022499008,6.17224229451365
62,40.9495649509658,16.6485020162048,11.0587756214845,493.241051640479,58.7173629792567,4.21961065769368,40.7991014378081,16.5280896200865,10.9863024827119,488.811172184444,58.0482642376195,4.33399378190823,41.218156394893,16.7323992340708,11.0190173839444,496.960250942148,59.0765109499949,4.22896546545284,41.26374896241,16.9358411712462,10.6666109354653,474.325387836266,54.8860995776526,4.65393956336598,40.6346232096542,17.6161124254273,10.3842643532756,438.462562314773,48.3485235249345,5.41011459737082
63,41.0271583958606,16.6767912695,11.0772425768864,494.326635262224,58.880957002404,4.53674846449295,40.8613807565825,16.5830481873393,10.9495747989847,485.618760321984,57.4980095257243,4.80917894538054,41.2033751667768,16.7880744515926,11.0155717848025,493.551408788738,58.5801942254599,4.64499499733467,41.3136938231484,16.9052766800707,10.6278955670622,474.929110211957,54.8933935071609,5.03827595217199,40.6721543962101,17.6194210470302,10.3254961835098,438.79858302928,48.0172739694826,5.98446245330222
64,40.9991999119027,16.7271993653927,11.0405902012554,491.738411734324,58.4864428348133,4.59727549281902,40.8098941710962,16.5899956602777,10.9179268941627,483.889236364716,57.2208763265779,4.8373890467646,41.1476143726239,16.8501724669075,11.0100161180613,491.910174475438,58.3526479690932,4.65930051570678,41.2759467479477,16.9804063048213,10.6276171419452,472.087327939813,54.4785025112795,5.12875739922629,40.6632238840179,17.6854867595699,10.3021127561603,435.43185991775,47.4734715804336,6.02351221639169
65,41.0133707836897,16.6244861119951,11.1386493812827,498.135734605598,59.5165784908577,4.53670487737136,40.7826563462999,16.5641966155332,10.9938514019301,488.094837764442,57.8348169301956,4.85264018651659,41.1937439186983,16.7479246377384,11.0580196445528,497.541645389534,59.1387113250757,4.64057732400978,41.3537896064947,16.9160225807514,10.6352579239228,477.734447092334,55.2658314668326,5.07801292582555,40.7139879650602,17.6113744775007,10.3869971329099,441.531498730158,48.7564623483622,5.87159074562319
66,40.9929339211297,16.7433142731847,11.0388396696484,490.893441720299,58.3810940442287,4.70128534779961,40.8190355737455,16.5862442145283,10.9236134050698,485.50226232322,57.5745295563873,4.83369529716844,41.1857827475049,16.7988925970492,11.028349250858,494.547564222749,58.8281171893936,4.65141697083359,41.1569796189828,17.0115608822699,10.6127061275549,470.463288801445,54.1407411754403,5.25266220598467,40.586033927776,17.6598075706185,10.3804848077427,437.725057653282,48.1543806401021,6.03004422394292
67,41.009826537103,16.6569447095951,11.0134422626018,492.042772345401,58.2980481409751,4.6319668208051,40.8010054524834,16.5468376647034,10.8824204811937,485.917907829129,57.2938744233134,4.83876096752445,41.1908878580163,16.7793746110202,10.977495520189,491.774502550054,58.0403619486607,4.76071363709852,41.1605292856876,16.991026487505,10.5934834805311,470.918061614433,54.0508589077484,5.09977169499236,40.6384614593135,17.7418755762014,10.266392144098,434.370623807954,47.1045273281806,6.02483265010231
68,41.0661960739642,16.6583277762026,11.0526290694655,494.7843027022,58.7101338426414,4.70782204226471,40.8708123569751,16.5887430271314,10.8870557805659,485.491211690495,57.2896788223442,4.9591162656414,41.2367511905317,16.7416252535845,11.024660854927,495.163084836101,58.627336002969,4.83053984083588,41.2572574921847,16.9669781701654,10.6111032449101,474.385550640618,54.6064156740637,5.36278182494721,40.6780508419416,17.637982458789,10.3046462769908,437.831632698514,47.8542365536338,6.1707748951303
69,40.989189128244,16.6302448261062,11.0272741087901,495.740818158209,59.0980925813472,4.59584898567749,40.7860126867057,16.5547824398286,10.8893094929,485.815594632216,57.4951262446225,4.86416922927694,41.1286292889164,16.7348510922281,10.9929077433273,494.563020187903,58.7605591015246,4.71290311140654,41.2013721510102,16.9645555951436,10.6483490549082,472.090034290792,54.442576114003,5.15957813066453,40.5822171942131,17.7066881370726,10.366030641101,438.368673310814,48.134487001242,6.05704052217204
70,40.8646351505049,16.5988286148047,11.1258887040806,494.269403154652,59.0514290215404,4.78934821512244,40.7833854300145,16.5525640353465,11.0034195619813,486.557921955235,57.763086255504,4.97076192642735,41.1361203348434,16.7353681619172,11.1110625023336,495.395227608519,58.9653646046438,4.89381232631823,41.1569654151429,16.9521359609454,10.6800547829231,472.77750836462,54.6266048770644,5.28959999957364,40.5680070332847,17.6738670206595,10.3438134083898,437.128838780101,48.0529414710534,6.2439695505012
71,41.0313789148418,16.6662147724914,11.1386293514058,496.510704360317,59.069266063534,4.89576316219877,40.7225734629694,16.6205793649562,10.9550553314548,483.341001396828,57.0395433765746,5.25966892904853,41.2523433370655,16.7624434920139,11.0741756217834,495.980791753229,58.6424864706096,5.09581735346666,41.3072914839808,16.953050908381,10.682653642874,472.874586878568,54.3476466376212,5.52081025580987,40.6319386463948,17.6929441498116,10.3570485418042,437.656151832695,48.0525881783929,6.40064275047822
72,41.0009946249857,16.5948274229989,11.0995647842574,496.21758562345,59.2522628244362,4.57722818564735,40.8019136839864,16.6165110370017,10.9058813168143,484.031453292554,57.2255332478641,4.94484494641985,41.1591552745537,16.7861633664492,11.0037252058665,491.481143414634,58.2419570857593,4.85605696207225,41.2523721957403,17.0145548525405,10.6145540916939,472.146826557218,54.4175624621584,5.25894798569663,40.6218239723487,17.6890953434467,10.299055186813,436.617950709487,47.6919885483312,6.20142998555514
73,41.0236866277952,16.603453852022,11.1095599731923,497.510882059665,59.4708667461239,4.54734685465117,40.7858470498949,16.5457699767737,10.9366482304984,486.887397654895,57.7431330636405,4.82946807412813,41.1519444161732,16.7604432373009,11.0543243488906,494.392969527156,58.7967735835638,4.71270012885667,41.2606444690741,16.925379203796,10.6949346889215,475.766839521061,55.0525429701,5.07934915500944,40.6677224036579,17.6427498789556,10.342692692144,438.938938051489,48.2476885509422,5.99709268027353
74,41.0441652463007,16.6351874257701,11.087118878211,495.173816974021,59.007088761523,4.44645547737366,40.7810394149182,16.5960267177401,10.9723615128129,485.460537240832,57.4195131091929,4.7494283321121,41.15886132559,16.7735806182497,11.074237268075,493.452520516114,58.5925022944375,4.57146749648232,41.2338339520859,17.0004726876207,10.6552871552013,471.236411235282,54.1987931228697,5.05581618504206,40.7682695532914,17.6777122766649,10.3915231429345,439.878750270295,48.3940562997035,5.75516948339437
75,41.0922929158529,16.63037172509,11.082821559736,497.305256648291,59.1221589977285,4.81412909944959,40.8598879838494,16.5500630254,10.907714392233,486.411110101328,57.4012222526977,5.09522614138545,41.2829468675391,16.6850562813034,11.0765787533568,498.146446442175,59.0536419034082,4.95542040790865,41.3321289097802,16.8890863441589,10.6632610206236,475.371194522313,54.6990050685417,5.45016516916111,40.7137830005419,17.7186620573846,10.3343317053623,437.372164638741,47.7530397144311,6.3366012809429
76,40.9950221270177,16.5871824632723,11.0782197064381,498.776732293644,59.3398047783681,4.54960876575296,40.7856601322526,16.511972692518,10.9263453639039,489.380695420475,57.820383157684,4.7705311176624,41.1007778052612,16.7250267325701,11.019037300528,495.591772284722,58.6455900074703,4.70270653522756,41.2424129579075,16.9299168770568,10.660429063904,475.251606592184,54.6346470028112,5.17251515487379,40.6433074424783,17.6476150264314,10.3479287627798,438.900395488202,48.1173516930125,5.95628420838551
77,41.0188931484543,16.5954099061905,11.1207701178239,497.016392642737,59.1722892091821,4.65902115795403,40.8211607472551,16.5358308456757,10.9914903549102,488.92459663755,57.8569758451437,4.90744086740324,41.1620021403461,16.7213636903271,11.0992809677936,496.493961204601,58.9289851082124,4.77300825959737,41.2160863461632,16.934907355431,10.6630922037521,471.420826292292,54.1201648645285,5.30899499655639,40.57280850316,17.7631851099966,10.3355646942872,435.964989102053,47.4394238017117,6.1928720824343
78,41.0474066832338,16.6040295446032,11.1116636311448,500.68714031755,59.8686147376224,4.48410740157615,40.7960420117189,16.5975354429043,10.9397362039571,487.853404337423,57.8036772820361,4.81650665076084,41.1859246956605,16.7496055248648,11.0749115802949,498.444512224311,59.318501258011,4.63980293657391,41.2697353818654,16.9569367377116,10.632554979525,474.421007701955,54.5613311681945,5.21465156349341,40.6478690129321,17.6538574827965,10.3580931999748,438.374007928457,48.0359897086509,6.05790746282001
79,41.0991245656251,16.6331639056266,11.1316766392179,499.337042938449,59.4511177112516,4.33510828918826,40.8440770179344,16.5561179099942,10.9437294067694,487.833337774567,57.5794973142475,4.74135121664245,41.2189011903368,16.7385735988034,11.0724748676388,497.734298825871,58.9989452940442,4.4634944248155,41.2598411137605,16.9951651542094,10.6602620833852,476.399659654715,54.7587868283589,4.96789634972444,40.6844897114226,17.7010348871238,10.3119761742141,439.252523727699,48.0115624569682,5.79026563744112
80,40.991372075945,16.6589737446356,11.053198379254,495.946645762885,59.1756731066557,4.65134343221438,40.8219316931503,16.600133218941,10.9087187571279,487.184383313812,57.7319071084295,4.88654101632815,41.1155522618155,16.8316277689201,10.995974018459,492.721897828823,58.5091111715432,4.83878431569775,41.2020333333194,17.0469782249512,10.5994849102153,470.710948240404,54.1562335120781,5.34437805133216,40.6434079988018,17.7066222486865,10.2789399893712,436.104196080574,47.7325509609549,6.17568677884184
81,41.0350546386234,16.6544687102598,11.078574281329,494.6785374447,59.1419899561019,4.76060821983814,40.8317400410269,16.5563730840434,10.9580261848119,486.690748514181,57.8467627791624,5.00081144514504,41.1783079289815,16.8142749202828,11.0051759903161,491.532655638052,58.4311374320032,4.95710762387761,41.2829909992153,16.9670342131138,10.6271068296075,472.108930223434,54.4791537278189,5.35194871631741,40.6755430296691,17.675046879492,10.3401880946458,437.771966385213,48.2269546978622,6.26260677830255
82,41.0071749844285,16.5903243273886,11.0783625250029,497.057969499908,59.264888603256,4.6301499311821,40.7840612731966,16.549103776056,10.9466052434717,487.237343039787,57.7643354751524,4.8609786275257,41.1493452107053,16.7713975300971,11.0053577037682,492.306642811206,58.2379737653029,4.88466055973134,41.2765470898008,17.0045840802939,10.6198416773201,471.523563936327,54.2110580606655,5.32984892566691,40.6029254415792,17.6140224106384,10.339785046898,439.151306827569,48.2223738541786,6.07946040200026
83,41.0041244071855,16.6575363480479,11.0598528374137,493.683069003373,58.6416243379486,4.80511167831294,40.7435848628361,16.5285756443515,10.9313435132656,486.802784161436,57.6213501609221,5.02695647402207,41.1442682003884,16.7760396852865,10.947236063309,491.046884213275,58.0295006180062,4.95806991526832,41.1900830836058,16.9871377737524,10.6140582999636,470.722664712354,54.0790277516171,5.33874684295027,40.6067792026351,17.6323032871514,10.2985764765271,437.335903203458,47.996920273601,6.1827040388198
84,41.0263591665557,16.619908349991,11.0647003393381,496.056703422146,59.0256069371157,4.63272992352629,40.7719006832656,16.5630320124522,10.9067649478341,485.457609821696,57.3256625272053,4.91957169982636,41.2222141032222,16.7747276966165,11.016015135179,494.246358369661,58.5229919146329,4.81368745606737,41.2805944367509,16.9287486162769,10.6688898764408,475.287380835964,54.7916804579154,5.23771816255707,40.6213570857526,17.6591151572584,10.3442806000919,438.138197000239,47.8085676331904,6.11728435399068
85,41.0435144251652,16.6673449598154,11.102239769063,497.607888624093,59.5472819227792,4.49055601812706,40.8433598029343,16.593238175334,10.9341599250991,488.872043249,58.053052363344,4.76371682738254,41.2041055711725,16.7681712233232,11.0390271527774,496.658677954254,59.1642004579565,4.63009975445344,41.2439289002414,16.9684151907356,10.6522183363678,474.457516483931,54.7771190799672,5.11975938281522,40.7011756889561,17.6637576968412,10.3862211612886,440.65850248263,48.5872857609466,5.88861630052316
86,40.89589042748,16.6805687675929,11.0879150792215,492.490870232271,58.7636231275233,4.69055656299481,40.7298530849118,16.5821779272959,10.9837524580352,486.004788103243,57.7140421158575,4.8577120404925,41.1483861165626,16.7737401788519,11.0914263403183,496.146003287821,59.1405956856709,4.67981913303068,41.1920275967595,17.0342487488293,10.6067802815641,469.609190193161,54.1211617937676,5.27056673550279,40.6666869849726,17.6992054270459,10.347998121217,437.4896699892,47.9789648673124,6.10745629335962
87,40.9221905593092,16.6400962949353,11.0552119005216,494.644887578248,58.8232246507342,4.78820928952289,40.762626777475,16.5925263178231,10.9093889914203,485.070183666722,57.2928766580022,5.02496473235701,41.1119975700523,16.7599914156023,11.022997416647,494.612871332576,58.6947237812481,4.87786764515196,41.1222868078504,16.9470783726624,10.6561205293069,473.71260070666,54.6387819080229,5.34155088937379,40.6546590663612,17.6306724750257,10.3824458539299,440.653553728844,48.4247428535383,6.12671464108134
88,41.0366194660713,16.5514435512893,11.0924836796873,498.632846179535,59.645946567499,4.62415439964387,40.7855007735361,16.5378470869361,10.8886130507083,486.09390917236,57.5184415339904,5.0109949825903,41.1874148220328,16.7514347518652,11.0088014401798,494.040649010475,58.6215271661062,4.89290242474341,41.2542594242453,16.9863087895201,10.6211442985516,473.054388983732,54.6291097005237,5.27998208148527,40.5881456575279,17.6606131838399,10.344712629816,440.461447413728,48.4395627063656,6.16570491388168
89,40.9328048841411,16.6240960513762,11.0922667397929,495.678508234633,58.9771714225116,4.74365848801829,40.7320866685227,16.5284785821789,10.9293749401423,485.28266666747,57.3582756980117,5.02544262878377,41.1167250796308,16.7417503852887,11.0500451008425,495.052086064749,58.6661855037866,4.88662332417283,41.2063559619376,16.9352466763053,10.6635367112791,474.423056347299,54.6959187950468,5.25954929914823,40.6676981911084,17.667955911508,10.3142202890586,439.20072280764,48.2181216247898,6.136948872828
90,41.0077622414512,16.7119813818044,11.032672182745,492.842664101282,58.5178242395243,4.47517980632341,40.7346408325667,16.6350039246572,10.8500589189273,479.827618238596,56.4029468850846,4.79024970919706,41.131019812725,16.8488843615941,10.9185004633164,488.728404711113,57.6447314743465,4.71667118419973,41.1388309050645,17.0662063492701,10.5924706462303,468.907730770374,53.7644823905842,5.09965238954324,40.6336527395956,17.766999806766,10.2174029159223,433.847400149973,47.2297700739973,5.892135641716
91,41.0970070819162,16.57998668858,11.1328597374336,500.238336036276,59.4994638366328,4.68362647847509,40.9168359916432,16.5151896904419,10.9216996136837,488.410598198401,57.4718788191545,5.00225398927943,41.2739400223431,16.7481928198332,11.0742708785976,497.904677165042,58.8787758262846,4.83674835418929,41.276626695529,16.9558955176185,10.687094349667,476.860105324871,54.8396767556604,5.32829619437821,40.7050019272458,17.5973852032452,10.3741912000113,442.030890243902,48.4111510536973,6.08825550578273
92,41.0341370306332,16.6232291114758,11.023621589814,495.22701865115,59.1539335716089,5.00761046177859,40.8611322250729,16.5439717752364,10.8793991718777,486.544554854751,57.7777982925495,5.29144376141053,41.2442315199249,16.7149267335849,11.0189767284067,497.845342980916,59.2788590937418,5.06559541153758,41.2516156917466,16.9556339939275,10.6001595928837,472.122756991748,54.4678336742601,5.71213360848779,40.6059390345869,17.7614038633515,10.2865094534706,434.606571138505,47.6050667685608,6.74292949537838
93,41.072931642782,16.6087392565731,11.1266829558393,498.362081719213,59.3165054231566,4.54412946411123,40.8805118360478,16.5588614112343,10.9689315682834,490.062453609782,57.9804273097311,4.82854440497348,41.2345561048712,16.704419878255,11.0912042608003,498.046387363009,59.0552383840434,4.67103125390278,41.2762654764625,16.8879816977365,10.6665329697248,475.281393458798,54.7794783533855,5.13838798378671,40.7110491273629,17.5875885537013,10.3887495376081,443.441235429469,48.9143020671448,5.85716760694408
94,40.9716565126104,16.6061223967573,11.1031683665887,496.13510734627,59.074019310645,4.48489474418015,40.7372956685861,16.5002749603054,10.9837950236409,488.487169038487,57.9000850382239,4.69405293729141,41.115703328345,16.7636839745664,11.062451487718,493.871690400069,58.5299074744903,4.63330751720384,41.1805790246025,16.9681153660746,10.6695703784955,473.664103596719,54.5713179503395,5.0542233961595,40.6321687063993,17.6675814479981,10.3291940651772,436.888355088535,47.7790712341135,5.93061131438313
95,41.0348176570635,16.6250290082404,11.0474630365333,497.082983375574,59.6079386343099,4.61387932576028,40.7955064739393,16.5362124514194,10.9282194410718,486.720084429213,57.9380106922756,4.9350304707276,41.2291257703307,16.7575540568831,11.0699261936067,497.164628246455,59.3476947379566,4.72837002720395,41.3085767702771,16.9827955082816,10.6618303859504,474.799565747518,55.0757288768898,5.19954330364251,40.6884209472589,17.6688704228058,10.3028670954827,438.115966670964,48.1650115721523,6.13005667883765
96,41.033855642602,16.6021492410688,11.0807610961178,495.691981728323,59.1804950908909,4.62201041575681,40.8126528772926,16.532982844411,10.9636439679311,487.115564664302,57.792057734717,4.88715198664094,41.1674586769248,16.7821730758197,11.0395032685798,492.394652149376,58.428442114586,4.803779837899,41.2444951689393,16.9711412104638,10.6626141217775,473.295521266575,54.7371819760231,5.23654911404534,40.6498246863496,17.6870622916991,10.3418135022013,439.156028292156,48.1144409659832,6.12326697969528
97,40.9738716722796,16.6516425643552,11.0398604553889,494.1939660993,59.0235167299479,4.81421438113506,40.8476289139901,16.5988879975156,10.873154113225,485.69451618163,57.580070125364,4.99766844806532,41.1226366378946,16.790616534597,10.9948567566067,492.710642801054,58.5899816181727,4.90401001654606,41.1797819862944,17.0416550512994,10.5955578697344,471.369577227734,54.3604329490153,5.39898343900897,40.6150369408217,17.7098872270821,10.2290517495791,436.56768136959,47.8364398531658,6.26606818696145
98,41.1667844242067,16.6064643251047,11.0844199276087,501.505181073614,59.7278700850174,4.85940759877503,40.922018950367,16.5049930077673,10.9315965330067,490.803353280669,58.0014456261768,5.23042335444447,41.2954542730022,16.732076900366,11.0357119428398,499.126564496046,59.1142652653729,5.06922953959215,41.3485823408041,16.9377241552253,10.6342564690357,476.67138971094,54.8310101565205,5.60585575008198,40.7749727858966,17.585343216372,10.3843871009232,442.315778938315,48.5070954846377,6.50870415431492
99,40.9665605054595,16.5983984020849,11.0862481180275,495.526543613418,59.0554529474639,4.69730890062698,40.7344673578438,16.5183333195154,10.9340047542725,486.561885634577,57.6846498633164,4.88792580828121,41.0863287143947,16.7758483918752,11.0267794811969,491.418338909789,58.1826886445876,4.90593660813877,41.2683368271329,16.9456648452433,10.6734593987826,475.742800942866,54.9238715580004,5.20864773091491,40.6967060726648,17.639235159715,10.3956551666918,440.370664366732,48.4688689679374,6.0387664334441
100,41.0453507525413,16.5677171402558,11.1380596326435,501.056210146677,59.9836530278874,4.73832315852936,40.8364977573661,16.502508338046,10.9806149910325,490.742566889468,58.3541961165756,5.04084045929823,41.1756621883088,16.7350245765792,11.057943634807,496.133678467479,58.9594607834003,5.01450315781311,41.2274352207546,17.0058992153827,10.6568664662443,474.169287318861,54.6001511632547,5.51698981213998,40.6131346260477,17.6625832621572,10.3854578724104,440.718866987095,48.5018869576739,6.3273591725048
101,40.984574825974,16.5698110134707,11.1201046029484,496.188529273417,59.5423174515819,4.64791658667404,40.7894808871429,16.51052687174,10.9758020662896,486.821399816236,57.994810766628,4.89800990942459,41.1826193199165,16.7407132450197,11.0590873141122,495.652797756314,59.163937700063,4.74093082899136,41.2523627652297,16.9629462864128,10.6389201892294,473.383974998798,54.94497455199,5.23796513131921,40.6158893595409,17.6215872641993,10.3149789329697,438.231364863184,48.3270766341095,6.15919942236417
102,40.9309206772382,16.604093919533,11.0866977590484,494.86393366192,58.7481225781683,4.8514204869849,40.8077055954465,16.5654362020215,10.9290513118063,486.441566348501,57.3396898113022,5.06809531021661,41.1299594978544,16.7203432627225,11.0759016625895,496.303200694424,58.831570593227,4.90212093005956,41.2621992145118,16.9333330853561,10.6697653036259,475.057776391545,54.5884731180936,5.41463285319972,40.6606635811943,17.6509610998348,10.3429244168834,438.473588619397,47.7501490446521,6.39078717618394
103,40.9991156885528,16.5940753615153,11.0931720979559,498.692844319405,59.4844707359109,4.39455513378575,40.7786956044865,16.54133452954,10.9507503039601,487.049343616112,57.6543008095055,4.70061642000537,41.1132303635774,16.7560215480355,11.0633343858131,495.975996990101,58.8820314420876,4.57715655666405,41.1906189495466,16.965525630072,10.6761063417867,473.206842205628,54.6060414531533,5.03570555506168,40.705073730327,17.6693429325123,10.3563133394693,438.915153412776,48.1405885623852,5.80058227380305
104,41.0046594333314,16.5374810999497,11.1474400857452,501.466704948661,59.9075550866831,4.53093142145428,40.7808925085271,16.501705228431,10.9857721158925,492.021249682748,58.3160223839127,4.86706349365836,41.1199131772073,16.6749940934227,11.0875955713173,498.434358221807,59.2483632292421,4.72450876083222,41.2347063805747,16.8627014438483,10.6699053470211,477.154341594104,55.2138935667908,5.143410465095,40.6775145261122,17.5980000156198,10.3492551900198,442.509036746917,48.6409273508772,6.09740417979639
105,40.9436467473559,16.6483869285037,11.0047529690956,492.073312247857,58.6960085161523,4.67017365059979,40.7227437819917,16.6171033085757,10.8404160570357,480.795338526746,56.9017052060302,4.98688434087218,41.1022358301296,16.8164870917515,10.9570342535377,490.595655127197,58.2028003513423,4.78266513500984,41.1701910127468,17.0273825627562,10.5755869574994,469.987563081062,54.1488535479959,5.26399754143884,40.6329239013337,17.7694210380209,10.2640523330335,433.881557910778,47.2431853366858,6.2281633218166
106,41.0568733776688,16.5889648774705,11.1193353373161,499.38084819958,59.5351281039553,4.23875311830277,40.8422157429021,16.6262529050286,10.957086382317,487.001154942775,57.4915770833469,4.57397189261021,41.0707934771765,16.7922032182685,11.0276986630974,491.444158223837,58.0713759100217,4.53265099980551,41.2454646472726,16.9538146357415,10.6545963675069,473.987432809919,54.5600161966108,4.89796375512462,40.5946251542399,17.7448015307578,10.3015495259543,435.898789597916,47.5868308020796,5.69696966349185
107,40.9132048986087,16.6965361999606,11.0983602334378,492.420519983973,58.6683671823387,4.73291120842016,40.768521211406,16.5402617272531,10.9803880084696,486.746234610448,57.8679800413988,4.81779052085617,41.1626068053289,16.7459238639028,11.0667833619373,495.715162115703,58.9989422110421,4.7868265080915,41.2678576427194,16.9892419327569,10.6725199133331,473.150229305703,54.6956372604822,5.25323542406785,40.6769019811601,17.6772675802898,10.3554894346693,439.827146870871,48.5592305620329,6.00179512545838
108,40.8976179871974,16.6530256740483,11.0470019860529,493.178124522978,58.6524324132338,4.88667228214583,40.7626053284863,16.6077989808505,10.8859484872762,484.074345738804,57.1421707480199,5.11277046557746,40.9913397340525,16.8063792776246,11.0146784805208,490.83700154689,58.1602471671147,5.0267452115205,41.1212360192088,17.0233522528625,10.5987635307368,468.96577670629,53.822158120762,5.5241222772111,40.6009843602034,17.6911144353167,10.3152605445541,434.312458156054,47.428896326808,6.43217712607548
109,41.031031873263,16.60867378544,11.0845783974675,499.922497580137,59.8088000070366,4.64441156717871,40.8217184608526,16.5253929711116,10.9154220784086,488.928555207553,58.0602204818964,4.96574136204622,41.1356491789401,16.7744926469051,11.0138779158184,494.705031972358,58.8501077679988,4.88993511364236,41.2430517533078,16.9971646317018,10.5958454164532,473.092922203597,54.6325862711642,5.37740732581438,40.6639586492265,17.6730347250589,10.3190804763393,438.675115923548,48.3368371959249,6.17951569620873
110,40.9494323265267,16.6257149220349,11.1422486835723,498.582287579269,59.7315711390027,4.71631793645222,40.7661580411465,16.5873731809887,10.9586327208872,488.691664778757,58.1157666875127,5.00033698009796,41.1398173856418,16.7588592225264,11.025390633998,495.888183092508,59.0249234299156,4.9426083660267,41.1812070194908,16.9389821819593,10.6937984201569,475.238759615134,55.0836920753004,5.35106335158361,40.6280482087379,17.665751193186,10.3099307568783,437.833477903251,48.1972240090455,6.26885124022273
111,41.0969224160382,16.6664810025248,11.1110226546548,495.074288416614,58.9957305231085,4.60007965966069,40.8803682304081,16.6008751463685,10.9552320666619,486.29131614415,57.5848812103006,4.85269467424731,41.2318551919396,16.815685712461,11.0262786842279,491.274642044866,58.1870772223972,4.76133564222176,41.2442187612542,16.9656099417635,10.6617698838673,473.356656032986,54.6199411816137,5.21608430731558,40.6943417022567,17.7036472909959,10.3579542668158,437.839758778867,47.9389554355316,5.98611355826094
112,41.0816472342462,16.6567353850373,11.1377188878126,499.005653475502,59.6320176757492,4.43809666566551,40.8071495066498,16.5839734966178,10.9427259493613,487.487369256298,57.7129900895457,4.80544090901259,41.3314326804522,16.7185355164443,11.0916744511414,501.972171734365,59.8571476644162,4.49950984998476,41.2303617637103,17.0347880714636,10.6810460589382,474.417152748076,54.7522082694009,5.11722949440308,40.7101559524888,17.6840705406417,10.3382117514767,439.857024983318,48.5335865354977,5.85731429439547
113,41.0306385491687,16.6620013120138,11.0875843230628,494.851648298299,58.9087808847283,4.55054845145511,40.8505707496781,16.6027806186221,10.9619018757129,486.968028918999,57.5919732366118,4.76779081216549,41.2617788348815,16.7971063911986,11.0190363440185,494.587411509776,58.6137849600237,4.68519928162325,41.2670192412994,16.9917395994016,10.6194710896666,472.626250777597,54.4315894300535,5.09851551380215,40.7109964262254,17.6563882074244,10.4039846446611,440.681675259127,48.2802582610223,5.89466590115045
114,40.9988571898634,16.5795267075069,11.195451522608,499.763104606014,60.049441925813,4.41891952738158,40.8329154156892,16.5396441236385,10.9602649261628,487.370689135701,57.9977951121383,4.72078462660722,41.1070859812048,16.7775823700746,11.026765630896,491.768181453056,58.4151862195328,4.81380941091666,41.2706291170738,16.9456405279149,10.6785271208873,475.653630487733,55.1708532159454,5.08015810986667,40.526470340582,17.627356027001,10.3048352978979,434.73300203288,47.594189640712,6.0906164668649
115,40.9964568427345,16.6327338372932,11.0922828476791,496.553564308193,59.531536696503,4.65537312484774,40.7045499590092,16.6392765694785,10.9276202873566,484.000021138437,57.4776829421995,5.06779641021136,41.0493396874015,16.8073322927113,10.9831063075362,489.077620803862,58.0825574096937,5.0055429823907,41.1672589997907,16.9557441652755,10.5848546198632,468.188174558084,54.0073916417671,5.43506405626692,40.5700600546242,17.7213614880235,10.3230958887262,435.126980201272,47.7394711992585,6.35780869478502
116,40.9973743424144,16.7268247040726,11.0389199659924,490.532960962064,58.1363188651082,4.77202040889179,40.8128429707802,16.6209223244938,10.9031429584519,482.67632385293,56.8298053629998,5.00648488336215,41.172748810028,16.8006240091339,11.0405539464436,492.164931448517,58.2996201546912,4.78764112779606,41.171321060671,17.0173750990163,10.615776093739,469.033799959093,53.6246583544653,5.35258264899806,40.6411211159704,17.6750160536916,10.3638096268705,435.666930284939,47.502251391267,6.10454735194184
117,41.0731154626729,16.6041037798766,11.1015808696699,498.26827926967,59.5282563012729,4.67022604183101,40.8699195845437,16.5108548583426,10.9761801397677,491.012102691903,58.41792295075,4.91617091561419,41.2080553436586,16.7178691562345,11.0844235745213,497.657684441225,59.2621632310163,4.78653952621724,41.2283486424675,16.9923864012568,10.6709953788677,474.256389933357,54.731625241537,5.35433002439449,40.6406905699587,17.6412003482763,10.3489343593294,438.033186625253,47.9971970401578,6.22428570253849
118,41.0481262782576,16.5511480267881,11.1287055757188,500.521454515236,59.9461483240285,4.3985583210908,40.8901274926058,16.5105441341219,10.9509818380581,489.714797405134,58.1538365976132,4.69764592616269,41.2649836988505,16.6853013070204,11.1121368880975,500.633452543498,59.7021770630705,4.49677920467075,41.2900048143262,16.8973826175108,10.6821446723012,476.883908212111,55.1814575228081,4.96171217868306,40.6406394557805,17.68615521457,10.338593612408,438.697806033759,48.2817359099755,5.87571783429028
119,40.9570295297127,16.6949551259832,11.1638055777561,495.299717383639,59.1470849021097,4.43765717873371,40.7574150549699,16.5982594983274,11.0100690383973,486.03824635563,57.6315649414662,4.70174392686484,41.1287663538055,16.8360379145282,11.0611221301449,491.43183488657,58.1908369449538,4.69684091282861,41.1919385978105,17.0042476984189,10.6893449853538,473.333596061869,54.8014207785207,4.98277124370642,40.5750576318203,17.6578210885956,10.348730901606,436.889191385908,47.8705532939217,5.89012298481879
120,40.9297260511253,16.6613260800741,11.0418429310817,492.119115695844,58.4401749938938,4.65209337429373,40.7168360198717,16.62068163824,10.9266897425997,482.695354765356,56.9438536616497,4.88469324084503,41.08991400525,16.8021843876633,11.0700129919434,492.41261158596,58.336840820379,4.7123150448918,41.1279660039643,17.000583033467,10.6413292375362,470.142807153657,54.1902517389258,5.19482995903506,40.5416322716766,17.7144523705843,10.3077718344348,433.821745582163,47.481704427953,6.00488018201631
121,41.0386832226431,16.6318972827973,11.1233975956278,498.960308124448,59.5351015322534,4.74787035638243,40.7457660796283,16.5382237762168,10.9016942869993,486.866710387739,57.5519426385187,5.11562210131269,41.2165031182668,16.7585310906731,11.0763127500878,498.036162262815,59.1873237943056,4.85245706768165,41.2803056546251,16.9843524312828,10.6545816230932,475.965751232169,54.9356063372727,5.33464913737339,40.6230215169579,17.6106167672379,10.3564467659577,439.042331994175,48.279383121166,6.26386646781928
122,41.0650590010195,16.6517044615314,11.1241400602919,498.283267036682,59.5216734368718,4.57405058020949,40.7540767908559,16.6294926717123,10.9328667538165,484.036855750057,57.2149454078169,4.9682885601741,41.1937075786656,16.8156697869243,11.0711119312084,493.906145182326,58.5001077345525,4.88686721247797,41.2600692353728,16.9814543594696,10.6304785034198,473.327574523265,54.6120919913023,5.30611474506541,40.6544857391421,17.6702404192207,10.4271876864417,437.720962221008,48.0449527136239,6.17447776456729
123,40.9773451396269,16.6144107516512,11.0813444597633,495.895140697045,59.29194456927,4.87497895447337,40.7171581168081,16.5985607059423,10.8776774909038,482.41124611103,57.100677615053,5.24019520254317,41.0338330033859,16.7994344766784,11.0109910171332,490.740990668259,58.3024609982553,5.09768847735202,41.1093557007195,16.9827769075143,10.62050332099,470.154436617553,54.2735241430314,5.51721662264616,40.6106296751604,17.6374046745449,10.2981914844874,436.979875741555,48.1138505837344,6.3867858451858
124,41.0501277851916,16.5666747291143,11.0966299764553,498.429793113899,59.5431364143672,4.60042409788963,40.8176581966748,16.5721748323217,10.9322411015344,485.111525466651,57.421513026121,4.97280291725402,41.1640598798364,16.7350102348766,10.9913180033326,492.494870400467,58.3489165221769,4.91934750816703,41.249947066278,16.9296161585645,10.6423644592991,472.465720599871,54.4133210859506,5.25356105627554,40.7441295205304,17.6231727300285,10.3390930419508,441.113734381533,48.4987590451037,5.98598792540351
125,40.941628116168,16.6479008307608,11.0542715778295,493.643321720371,58.5622768583066,4.8043503591989,40.767453423048,16.625615578582,10.8680275004695,481.479213518383,56.57632187453,5.1155049144777,41.1099226638438,16.8072360112321,11.0276763959745,492.347082764871,58.078689200734,4.95346596560814,41.1692191107245,16.9983760881523,10.587163254682,470.835198859833,54.0795265454184,5.31799742626466,40.6122207794194,17.6989727549803,10.2954795301796,436.229201460918,47.4145748434746,6.16634371934342
126,41.0334786422728,16.6251568223377,11.0944404884699,497.569447399605,59.519163656783,4.27593416759222,40.8062072477893,16.5447350293238,10.952724571382,488.344142865661,58.0469611680602,4.49685241166389,41.2036098991945,16.7553763860141,11.0541601491278,497.310883832379,59.247140823266,4.35032041114823,41.2283896509171,16.884846166748,10.632724215569,475.042135613093,54.9653229880463,4.83732645920237,40.6901844464885,17.6954527350433,10.3806862014218,440.836304197158,48.4971709743948,5.60308775392134
127,41.0154087778604,16.6051020217036,11.1361822913015,498.23358195023,59.3366690332178,4.591499712239,40.8165712268565,16.5642216366446,10.9690318762202,486.135041009189,57.4032583760858,4.90279280911428,41.1225898797119,16.7921495208416,11.0860655824933,494.154877563063,58.5289958046863,4.78984199666039,41.2144628692812,16.9574518340982,10.7109981841348,474.233712146899,54.6313832444254,5.21009683413438,40.6931668295979,17.6253062507865,10.3787873929868,441.000701136203,48.4801984714954,5.93807438715199
128,41.0574239471053,16.5881328444066,11.106376082835,499.023052609571,59.5790581984634,4.60923400803429,40.9007964161577,16.550196217089,10.9384252488096,489.502169544654,57.9647187443449,4.90138323140988,41.2026622202682,16.7759703145684,11.021805207747,495.060533444585,58.6447113128741,4.84592924001439,41.3100798014519,16.9391434742583,10.6517258728375,476.617371565955,54.9212241590894,5.33122028402579,40.6691679225607,17.6049647098244,10.3268491563063,439.817751454854,48.1682806580612,6.20673517198302
129,41.0125551280544,16.6454168756484,11.0521071961257,494.213726486961,58.8119296656656,4.69646012476065,40.8173417825493,16.6241701798198,10.8936604894806,483.097904357927,56.9433465881058,5.05075993149539,41.1887802180194,16.7094949000952,11.0178818964595,495.82026670272,58.8578178173646,4.79169103967778,41.2645176158243,16.9688026263319,10.6246360697417,470.958573022071,54.0369360137954,5.37627639801444,40.7349360352733,17.7128240306126,10.2792719540077,435.674569909835,47.5914167995521,6.252560385697
130,41.0798487515928,16.5271557613986,11.1276691868625,501.726300061488,59.8830289249052,4.49722928210918,40.914276984097,16.4987714952455,10.9632891242377,493.102622075903,58.4768941909667,4.7427884359034,41.2529077785909,16.6670377564929,11.0685866242688,499.893488093181,59.3541713209987,4.67243049136667,41.2821061850399,16.8610465773435,10.6916087404797,478.147185861327,55.2134657584492,5.11340782351403,40.6852505366645,17.6765489004709,10.3373394281517,439.252644070047,47.9379043145632,6.05932280198009
131,41.020559178184,16.6505835216667,11.09005153906,495.214612310621,58.9780502336797,4.66473273215336,40.7227310755879,16.6972826140657,10.9355391497203,481.268263715522,56.7024136670694,5.06225441909457,41.1245603262606,16.8216295237839,11.0314235295856,491.196330427001,58.0696214024331,4.8985047008516,41.2177353876176,17.0508577147189,10.6125222115924,469.004784346434,53.6530973822565,5.40472008835015,40.6430214017008,17.6777738457972,10.2916345014966,436.305342149486,47.4488198662399,6.17964736296424
132,40.8972893967973,16.6244100648616,11.0496812699945,492.568354041386,58.7635602354103,4.52618870884276,40.7748132455883,16.496315611766,10.9213218917675,487.778330073904,57.9839379876421,4.68845226854179,41.1338449454057,16.7101734224458,11.0485214916126,496.039991436711,59.1072223318514,4.55140343973328,41.260610404851,16.9656857828178,10.6786800174737,475.104190240031,54.8616611519412,5.01990027107919,40.5712689765106,17.6749804410785,10.2917922879378,436.750527111537,48.0069505322378,5.97851435853629
133,40.9791887382294,16.6151607120543,11.1521548451868,497.454962831031,59.6371423153814,4.54826014481161,40.8080376550271,16.5972266012503,10.9998981278844,486.482019666901,57.8372142033067,4.80239699848908,41.1448882826844,16.7728567531763,11.0879900154189,495.193083033915,59.0042938971299,4.71207836035601,41.1737429380365,16.9871619968422,10.6868380848506,473.962838435812,54.8594583751597,5.13486621155099,40.6686466310153,17.6636811013331,10.4026398829562,437.387395473835,48.2375591035028,5.96539388714375
134,41.0643936914573,16.5790891879922,11.0638730213677,498.538278512431,59.1254556654205,4.6723480246373,40.9031837415328,16.4402067253927,10.9490882346875,490.78526814937,57.9646938663943,4.80953784216017,41.1562099819853,16.7209643367747,11.0388310502839,496.129702752825,58.6458886701507,4.79648418960882,41.2571457841203,16.8854404224677,10.6188726649222,475.615495088752,54.828764077053,5.17970160024085,40.7385294405891,17.6086104690074,10.3494976117311,441.576539602416,48.3631678476819,5.99719653890426
135,40.9191345979396,16.6703882451503,11.0365187633712,492.411267033526,58.9243450584997,4.84813516265821,40.8132708530192,16.6066745728432,10.9061655712317,485.532118296633,57.761175343182,5.03685703673916,41.0928024477532,16.755540766975,10.9956371133296,492.211308545033,58.6792234435017,4.95829169940484,41.1940909342062,16.9962180205654,10.6003692390895,470.307730140568,54.3584265056283,5.45251343607954,40.5221224240617,17.7485348575156,10.2790027836791,431.460801160495,47.2756725733727,6.33236597592763
136,41.058842850057,16.6243242031711,11.126321374184,496.454779824792,59.5650749423887,4.48456790421356,40.836749459645,16.5866993328391,10.9574655588304,485.074109232135,57.673500420138,4.82309246615418,41.1378951468608,16.8055244325148,11.0414034895796,491.194357034509,58.4957055779248,4.73561557073962,41.2857034891094,17.0229316713564,10.6326514122924,472.469890588481,54.7269883019382,5.08047535615354,40.6814926433719,17.6008344301145,10.3644927909548,438.296910248058,48.4001146385017,5.89120488522514
137,41.0332480066728,16.6052105354964,11.1520115569792,498.984174719987,59.7860631285512,4.43159546320887,40.7946399282283,16.6024712135735,10.9831976319561,486.094069401881,57.7002180203139,4.76841589221525,41.1316846699489,16.7770451511411,11.0879744078183,494.367343419585,58.8736234277081,4.65816763509643,41.2609370235922,16.9573576754835,10.6719353756495,473.345845164479,54.7889549976671,5.10002487623686,40.6447900307513,17.7064497102165,10.3285984373716,435.70620239905,47.6373702316558,6.07183881013102
138,41.0685419965638,16.590920691066,11.1599781862422,500.5669928286,59.5892405778445,4.52875975978994,40.8149164895531,16.601285386685,10.9904458725599,488.13919590971,57.6152422451436,4.86774615389955,41.1807631606766,16.7801378397502,11.0728965657265,496.772299008524,58.800796113726,4.70616032236127,41.3080021821539,16.96465972548,10.6736642006826,475.346482479433,54.6387245391377,5.15634423626259,40.7882923637954,17.6213803120647,10.3851693215909,442.645383740764,48.5020821858124,5.92542090741503
139,41.0351994151762,16.59741548886,11.0854011619341,497.110740209877,59.4189306175349,4.59019202063072,40.8938249121809,16.5534080002435,10.957829616072,488.469218568431,57.9831105352636,4.81963054657173,41.2138617494467,16.714295139749,11.0502752076196,496.40272178001,59.067264024319,4.73103878899621,41.3024878012789,16.9912168796251,10.5809175039621,472.670449630542,54.5465903234344,5.24653558025518,40.6574773840941,17.6969185190976,10.305723632427,436.699946993116,47.7862752392748,6.17530085327234
140,41.0177738013239,16.6891030979297,11.1103818588394,496.964266122009,59.2190698557957,4.74416973303476,40.832829652934,16.5506217613311,10.9716105640842,489.839686039628,58.0457625671986,4.97022608462269,41.1931192881648,16.8564933141298,11.038409505079,492.636599310704,58.2505886655536,5.0173380817139,41.218050322942,17.0368730825331,10.6167403919736,471.624227330187,54.1342413613503,5.50428873076274,40.5552870038693,17.6655152846499,10.3260483681954,437.447534564119,47.8759937906139,6.28698777332552
141,40.9630526231933,16.5947028984115,11.1108479260207,495.506494383144,58.9416643354172,4.51764332096452,40.7421349386287,16.5531986912591,10.9260603566797,484.509397899937,57.1231034996215,4.8231268542845,41.1362178961876,16.745922311401,11.060971903928,494.350576730359,58.4978929201758,4.66803967398762,41.209398427232,16.9532876723432,10.6341980425087,473.41624649641,54.5079117788841,5.12682421640283,40.6868641958404,17.6509045026739,10.3189550156567,437.661452164811,47.8240385919017,5.9572189466334
142,40.9901494723942,16.6598908939304,11.092299380324,496.739278090082,59.1498420518343,4.80149801069597,40.7502768872854,16.6059839019168,10.9296749138139,486.601504880238,57.5617406619055,5.08412594577243,41.1600852738951,16.8146210897906,11.0094299056248,493.512374815523,58.3545899990974,4.99990225870228,41.2469102166709,16.9669280437781,10.621058036268,472.782462482897,54.3580200015572,5.50849293219765,40.6033671192737,17.6496661998512,10.3653439967524,436.944922007273,47.8085177826095,6.26128612763491
143,41.0662989284577,16.6770310348655,11.1412625296458,498.676919925914,59.6988971531402,4.69097924824617,40.8760095032516,16.5579907654441,10.959351159121,488.345186749283,57.9770564046499,5.01770821250143,41.2198304929963,16.8411466377909,11.0344216099022,493.792576412687,58.5517772784313,5.00372422155233,41.2538610050976,17.0128080993986,10.6905425211798,477.314400275116,55.3001225503895,5.2886136593223,40.6945045381259,17.7160475406772,10.3486075286542,437.825155765161,48.0566733322992,6.24911391598204
144,40.9667342787042,16.5958982105695,11.0401467078146,493.152286912889,58.8229325771082,4.75565874178443,40.7283920818751,16.6135432054843,10.9108770928014,483.196948804757,57.2490060715921,4.99729727355342,41.0686059883294,16.7939296514758,10.9459356314255,488.443933417871,57.8392397826641,4.99119538976077,41.1858554477038,17.0180870110865,10.6339257534984,470.842182682916,54.3859541640237,5.30884232494235,40.6271400528252,17.7214229084079,10.3092828141979,437.38312834012,48.0425794877584,6.13349188547332
145,40.9147552451221,16.7253994892413,11.0252355768893,491.753385186319,58.4744841367231,4.83527867626883,40.8074502768783,16.5913518448511,10.9281512503339,486.078196078944,57.595536158865,4.96134381807491,41.0638678698906,16.8503818548479,11.0078570381407,492.390828571755,58.4473905504117,4.88218171704396,41.1975974522546,17.0195596968639,10.5888405529271,472.05773114135,54.4853911881863,5.3080791433765,40.5248061623766,17.6983384613564,10.2996252099376,436.142798939525,47.7140108139405,6.26078125480058
146,40.9953498954435,16.6339333881108,11.0940473992427,494.758651731436,58.7451316532271,4.94158015112233,40.871889650976,16.4813766890035,10.9907947946864,488.091124634755,57.6923947704089,5.09010037299229,41.2209746382179,16.7349504119144,11.0624669397047,496.140096323346,58.6863958210899,5.07469453417916,41.1983009623755,16.9271017527725,10.7234318597912,475.064000159994,54.7824517591729,5.52609106365306,40.6163736932447,17.6637482488751,10.3477472407406,437.712265447242,48.1011093008824,6.38567422456656
147,41.0123071379118,16.6174027532771,11.087464463091,496.220772608353,58.9873141983113,4.52057230143391,40.8587666928275,16.5376956812817,10.9393453344148,487.598766420758,57.5938896813478,4.73122830329738,41.1883310568496,16.7918566544289,11.0488351868783,494.083375650348,58.4483419024232,4.69263273803764,41.2467610724429,17.0026410780496,10.624978791289,472.325199642435,54.2902408924628,5.15393767414098,40.6163982656569,17.675931404758,10.3302489754465,437.363388855365,47.8161312307115,6.01835326012196
148,40.9266633966667,16.6587255568405,11.0465827003069,493.303203910488,58.5887991521443,4.74649240481542,40.7314154505302,16.5790733868532,10.85817879782,484.205002639867,57.1237557755212,5.01096242892502,41.0667865910816,16.7747305710996,10.9573388498376,490.659854991337,57.9040075920464,4.95906341187317,41.2000637529692,16.9751425594724,10.6014074497189,472.066731439108,54.302421109966,5.22579987490014,40.6607468547735,17.6308759527844,10.3066198078211,438.367347161166,47.7709221205684,6.05802307995539
149,41.0467577026288,16.6193692451301,11.0750211259692,498.560432219757,59.5714867494994,4.6012705640145,40.9399361837667,16.5663253649719,10.9267067369677,490.004839062164,58.1439474828536,4.84534560065012,41.2263118197046,16.7729395424925,11.0367787580298,497.290821684712,59.1258820351803,4.74337336975739,41.298459085992,16.9790069231642,10.633820961457,476.638760600545,55.0805594714597,5.18025337182251,40.7151624280419,17.6360884565141,10.3433160786687,442.242381513916,48.4604093228037,6.12428822152098
150,41.0835136199542,16.5919217853307,11.1773185314947,500.328287957848,59.8396722851616,4.45837231680302,40.854246080361,16.5347700224254,10.9611160837821,487.627151793368,57.7749923226798,4.80520013736019,41.1857458926881,16.7613448179299,11.025775225343,494.565568478951,58.6490659770264,4.73428457345474,41.2841868049683,16.9523752970121,10.6182159206128,474.970856481153,54.7284363913201,5.19206863241894,40.7205031576127,17.6827798695424,10.2939013625592,439.42771078181,48.1935030809901,6.0609933931688
151,41.0398844707603,16.5907870017878,11.1507639302951,497.514969082044,59.3328565119276,4.49909359796665,40.8073318874184,16.5118757781526,10.9819629790992,489.01909123898,57.9596516281735,4.70206387893638,41.2449376790493,16.7333026344696,11.1282124002029,498.855997908484,59.3648890817596,4.51416494674692,41.2217214826238,16.9665476937217,10.6123174689483,474.25969181072,54.6544338497454,5.08054729227829,40.6319664979342,17.7085425106665,10.3780555317178,439.890419739747,48.289363255148,5.89802611690021
152,41.0977950590112,16.6544075011763,11.1131267501848,499.075688206663,59.8389329895142,4.67940443974915,40.9034384414527,16.5824091164295,10.9507534433151,488.783462115618,58.1301533099187,4.99870429822682,41.2262991846877,16.7863078655635,11.0062948919658,494.639513082368,58.8524381818483,4.93590922549837,41.2335786966999,16.9698712617053,10.6661897763515,473.528218973641,54.8023056791317,5.3674266852644,40.6852584061119,17.6918787867528,10.3381543679269,439.659420484384,48.4453051805476,6.15148037973244
153,40.9665248792202,16.6497893394797,11.0462264770098,493.762352616539,58.795089657071,4.74871994328688,40.7026451300018,16.5767011704354,10.8984836749263,483.373858294846,57.1002936436513,5.11042052640294,41.0689524133076,16.8137195148036,10.9833680702025,488.594974148284,57.7566511838717,5.00956529836808,41.1694980757623,17.0257129389804,10.6299749002152,470.977861314687,54.1560334765871,5.39156888597777,40.7292750813271,17.691706017936,10.3354202796951,437.71421518586,47.9566507196094,6.17387217651063
154,41.022195265906,16.5416939410414,11.1193388946649,498.722454355527,59.3186444609565,4.36114439831752,40.8864791880887,16.4950129246313,11.0027313108511,490.547213924482,57.9685399769432,4.57427170291744,41.1291571584285,16.6876474299091,11.083635568849,496.859483923869,58.9165558495813,4.47926580595108,41.2119730632385,16.9736243530339,10.7230670969202,475.419213791523,54.6572204827554,4.95928851844107,40.793504675909,17.5477507272827,10.4345441768483,444.388260705087,48.9572545465616,5.53813734854248
155,40.9673847630955,16.6661575018006,11.037658152427,493.042377594158,58.8819258724385,4.61369248365617,40.7342380520333,16.6196841566388,10.8568932427387,480.613047024696,56.8161911629935,4.97968510495599,41.0347109528988,16.8393369080534,10.9622272372508,486.787629308502,57.6140940329101,4.94992605333623,41.2895558908866,17.0428230518264,10.6596768405273,470.361601561702,54.2293790648979,5.28425607575472,40.5336325005007,17.703408622578,10.36001706993,434.67989360041,47.5498948705207,6.05843110427457
156,40.9445142954817,16.6149467749598,11.0875960774235,495.516573576028,58.9134373158121,4.6350395006298,40.7949484805002,16.5495195952062,10.9220895563565,485.264157915361,57.3546913014159,4.89519221016791,41.1618935333034,16.7551499525384,11.0492825611529,494.428060137196,58.5083633037464,4.80219377354839,41.2259379306487,16.9133980306814,10.5997388802467,472.501572271771,54.4666260796363,5.1879941886439,40.6649314343559,17.6674983598782,10.2985222061588,437.437040046056,47.8744539809277,5.9838041685443
157,40.9559483965945,16.681000697608,11.0503732003319,491.154447359065,58.2466078273341,5.11393522704267,40.7758181563217,16.5525901103511,10.9726315645005,485.777122812903,57.4824924818613,5.27429589098947,41.093636392853,16.7726046486903,11.0291200168504,491.454554764713,58.1883198176709,5.19108568931198,41.2525986965425,16.9990956286879,10.6178635524476,469.395986324033,53.8505648707193,5.70618709782068,40.6001704266205,17.7223796715504,10.3359861383839,435.74705478338,47.5937033843755,6.59588183691633
158,41.0588676173191,16.5927243661208,11.1118266733928,499.595226548928,59.760809640818,4.56205845182555,40.8076970641442,16.5318355418524,10.9976988526987,489.645204033888,58.2937776414626,4.87124337528689,41.1780121309352,16.7101755901611,11.0465172467614,497.731799795967,59.2941597691718,4.71121187341297,41.2575205944584,16.9303098165251,10.6824551651635,476.599655321317,55.2698287736566,5.15107710838378,40.7131604055234,17.6304111816244,10.3949199751902,443.638116560622,49.0978124640055,5.98143706670365
159,40.898594717681,16.6513377830617,11.002111857872,491.783623931371,58.3394423375878,4.67231061117646,40.6844608251169,16.5989077493641,10.8841563254895,482.948967863856,56.9772560965163,4.86292559086926,41.0745094670823,16.8014487352212,10.9710252515364,491.204989150926,57.9760328797054,4.81849492980794,41.1818859408651,17.0108291862323,10.608255618179,470.941406726773,53.992447620347,5.25053357636725,40.6144515666098,17.77041178018,10.2876706318025,433.956500535664,47.1882528390117,6.12328547136305
160,41.0788169587881,16.6466126462764,11.1284235608483,499.263535257144,59.4206798018339,4.73929204393878,40.856534943479,16.5641938740205,10.9926012516622,489.455085069682,57.8393590920393,5.00163082775037,41.2926074762283,16.7022660092684,11.0843946069349,501.160160733014,59.4620883340013,4.81969952664314,41.3046867230139,16.9486596347765,10.6500896999243,477.512765348074,54.894830636757,5.34885722181505,40.6710970000136,17.6752714280467,10.3072154472963,439.600946506216,47.9940928229483,6.27397464772995
161,41.0597868561382,16.6197435509935,11.0674293117488,497.297841288161,59.2414779766128,4.74216609300363,40.7767508824134,16.6151814499341,10.9096816518073,485.576805445717,57.3677397765416,5.0983703552945,41.2062161979593,16.7932794900893,10.9980616012873,493.521799022213,58.3721739745237,4.96804262230865,41.2854031778398,17.0127448669631,10.6125938302539,472.817657365395,54.4704261564103,5.32094393075736,40.6151906679552,17.7271207094368,10.3419538838111,437.511351019885,48.0733846026027,6.19576187810259
162,41.1032787454219,16.5909392643784,11.1009532704029,503.127503453398,60.1858016464044,4.58588395454928,40.8091039494948,16.5110137110155,10.9261466327521,490.01515965179,58.0473307517543,4.94961067412079,41.2247314906052,16.773234662572,10.9830733409783,496.322729946068,58.7954266027883,4.92947199975758,41.3611559506426,16.9091633997648,10.6298495778589,476.103066289377,54.8352207129707,5.2646342451565,40.6295693531903,17.6461432149246,10.3393668862813,439.406571349043,48.1574630457361,6.18147938192544
163,41.1434608768149,16.6162164531699,11.140865331009,500.808274713644,60.0691586428168,4.49319146353981,40.9559079741096,16.5637770144393,10.9448790942887,488.530562528433,58.0744770010315,4.81178228164513,41.2558571626169,16.7735691615035,11.0414144476531,495.044377480196,58.8674896263087,4.78955972594567,41.2810142125411,16.9539708217875,10.6872771248678,473.271764566538,54.7400181675126,5.24169256481954,40.7233985218953,17.6503764662859,10.3489999522046,442.467025816038,48.8825037046077,6.059819866274
164,40.9884397410002,16.6617003153838,11.108978857519,498.395668888125,59.7875361390548,4.31073825115855,40.7927557805198,16.5899395491552,10.92441409859,486.613481901612,57.8333111594389,4.62375813139355,41.045327509349,16.7996089507485,11.0234388310588,493.602124947593,58.8358674129558,4.53283264543712,41.1743380296865,17.0419820548618,10.6140505258168,471.120664773531,54.3522023860545,5.11526242342673,40.5742534980817,17.6834392376633,10.2860117514379,437.763269027356,48.017806365411,5.86348169473223
165,41.0777096636344,16.5894958063382,11.065253486946,498.262431894612,59.4913361484679,4.84718896283295,40.8557139579693,16.5389929494216,10.923313147967,487.677323292666,57.7955823233127,5.13151606816658,41.2142217915208,16.7378238388821,10.9942988914289,495.391416215654,58.7723008733788,5.06286587791538,41.2572313168906,16.9520055557366,10.6273211673233,473.718012097424,54.7125618113017,5.50127491627162,40.6663059266623,17.6666710930793,10.3978146214709,439.476268742112,48.4718459045532,6.33773297351443
166,41.1274587285351,16.5642533808239,11.1192615298105,499.288546437788,59.590058818582,4.58000384291954,40.8271329034393,16.6107212238241,10.9401135480739,486.779413506061,57.6005804155092,4.88084275262062,41.3201559682087,16.7483761240145,11.0932749842101,498.395671875448,59.1825015125962,4.67447579377165,41.3231111833329,16.936581389773,10.6815269409539,475.162606458726,54.7814232886556,5.18655846396173,40.6786645559035,17.688067224156,10.3502922894346,438.930861299082,48.2279059112442,6.01239766756867
167,40.9641770974402,16.6291805386361,11.0967827237269,497.465720900965,59.4674261320077,4.62589135837728,40.8396285818738,16.5796355485321,10.8977179313073,486.353206362686,57.5662162791061,4.93751896936659,41.1187857907777,16.7823247793133,10.9880355375486,493.266780670566,58.5056126647328,4.89500158146489,41.1490302575183,16.9883420231712,10.5900103212944,472.047328471187,54.5105056843383,5.26951170122134,40.6367137470785,17.6371945059057,10.3552309787799,437.573360567769,48.2044691274208,6.05629780109076
168,41.0442697369093,16.6037342725045,11.0816207980161,497.786055680733,59.4090785602231,4.50720186352815,40.7365473535073,16.5862846692112,10.8526813062434,482.462205544748,56.8198357536458,5.0136191269546,41.1802827229396,16.7804854431882,10.9840402925048,492.757368409467,58.3305080898906,4.79593464320645,41.2016827842609,16.9483448741007,10.6258550838632,473.185231112668,54.5513222610869,5.23404278411251,40.6176664154592,17.6596310724286,10.3452171283112,436.343930901485,47.7564286061911,6.08272094138789
169,41.0042288790909,16.6719441793647,11.0214211318847,494.310310987107,59.1082626342061,4.67849684560621,40.8073499801007,16.5690785054156,10.9260796287391,487.024195422573,57.9082573530471,4.86087401868462,41.0949176167454,16.8546947306529,10.977986627012,490.875738303653,58.3558129475947,4.84764700965719,41.1486513915881,17.022273431643,10.5866134468579,468.821637526054,54.1015399093897,5.3757031441184,40.6408633537527,17.7118739357175,10.2473667811022,435.535701136913,47.8833713506476,6.12486257891737
170,41.0670700808634,16.6587706878162,11.0993574732516,497.227506783711,59.4606488395201,4.62297791559232,40.7731721885496,16.6383620721703,10.9068432656806,483.843007409263,57.3241975941225,4.98026026119311,41.1747344310165,16.7817095222318,11.0367692991508,494.353807011753,58.774919135482,4.80621698509928,41.2578371658097,16.9935618338818,10.6099671280277,471.066033345207,54.3032280703777,5.29807870009828,40.6524199532773,17.6690407670223,10.3109629378173,437.961352843493,48.0902190124537,6.13305462904097
171,41.0745546842587,16.5888638547428,11.0886339694955,499.19122491786,59.7098821568313,4.60521702866775,40.8551490244798,16.5115319971421,10.9592123126876,491.152658687103,58.4731274908935,4.83424261209238,41.2353753329225,16.774810953239,11.0122283107034,495.433418968995,58.8379125764507,4.84547765250121,41.2740641126463,16.9588398085858,10.6138749291417,473.923830676126,54.6894731725175,5.25698283165696,40.7451253338893,17.6650373627438,10.333616306775,440.016957633412,48.460412520143,6.08951764750027
172,40.8728074442166,16.6496865248694,11.0799527963601,492.685938759687,58.6660487089438,4.88873113259297,40.7285843020385,16.6054991504694,10.9672587754149,484.900211328376,57.4775573841071,5.03419380071744,41.0796318914362,16.8435012078957,11.0355124484413,492.339083911935,58.3544481436343,4.98710073339325,41.2043875082441,17.0622426860503,10.6318760229511,468.679991565614,53.7219191545064,5.55333763858851,40.6511834510429,17.7252172825537,10.3624510989735,436.331815069633,47.8745175272962,6.23488926807685
173,40.9499326363525,16.6557346603209,11.0610043711201,493.159596925239,58.8212963301963,4.78422931871306,40.7529835141246,16.5569266690938,10.944838069183,485.173588123342,57.5761521926221,4.98860736953105,41.0860158588213,16.8060232114553,11.0350845700736,491.660649879881,58.3889039947071,4.90826521047409,41.1865824488477,17.0306205023563,10.6866256491527,472.793321392438,54.5923402338059,5.26973139581424,40.5791388970728,17.7008248928264,10.3159605605588,435.528889854665,47.743670647796,6.2179641241177
174,41.0662381293465,16.6414543816624,11.1141403627365,498.442535937115,59.4198248761368,4.43145762534715,40.7865832302779,16.6104555056126,10.8952723967838,485.209021170943,57.2921330240832,4.80617280079027,41.1486492674412,16.7646286806862,11.0542281584552,495.061431600132,58.7116497788672,4.64440705888357,41.1730501250305,16.9749792009802,10.6283801175621,474.224155746762,54.7196598374597,5.10105368866744,40.5742811730789,17.6872580665808,10.3083248276775,436.740358788754,47.780610074743,5.95911584674452
175,41.1785283744796,16.5641333970023,11.195033854862,504.32443338201,60.2664458369545,4.37969624323474,40.8657534478563,16.5257602356407,10.9614896200016,489.058444807005,57.7981505776782,4.83040189840281,41.2850506483455,16.7660660667526,11.0744644367346,496.983101575408,58.8129829242031,4.73598794087885,41.2938642270223,16.9457682807702,10.6525111100344,473.99035059619,54.4647141489073,5.24466198400322,40.7677451468876,17.6105024332813,10.3568688591148,441.31878850568,48.4483516605384,5.94154105365504
176,41.0428719012279,16.6972763608007,11.0406175612145,491.942137985882,58.3735562384557,4.90130296430416,40.8463536363767,16.5651014539858,10.9318980564341,485.7729463239,57.3651363437861,5.09473560267777,41.1948497368433,16.7639901698305,11.0011508071973,491.785420194706,58.1032039880315,5.04037355301907,41.2539442156951,17.0250027647927,10.6285045249517,472.547161852374,54.2471389548723,5.43204496856916,40.6911850436378,17.7070020869154,10.372118935666,437.94892787083,47.824131380613,6.32158769159436
177,41.0565447665433,16.4978862864167,11.152919170931,503.396410431592,60.2114506290344,4.4496128065014,40.8036539775058,16.5013245462753,10.9526520852389,490.021647637834,57.9716542975186,4.86445346425708,41.2102630605797,16.6890580551252,11.084740719996,499.463488742015,59.3081501032159,4.67808285225902,41.2696173659666,16.9058543999206,10.6661212232717,476.390507345134,54.9358717305819,5.16343735602525,40.7640793441681,17.6057335132698,10.3803484850862,440.516648262544,48.502436059561,6.01240265783993
178,41.030744722621,16.6774004800847,11.028280380469,494.001949714694,58.7041616980486,4.42226218270397,40.8270621268721,16.5129283849048,10.9216823265451,488.278101559432,57.8878270845166,4.55969264800777,41.2425736616722,16.7880659985393,11.0087266997597,494.470636217882,58.5494338046207,4.55470576855334,41.2737486534072,17.0155837988541,10.5776762691922,472.261356225423,54.2591238373154,4.95946627680144,40.7084397434752,17.6756458455451,10.3414384559865,437.39495034919,47.9515668336092,5.7615694314494
179,40.9933927443357,16.7176624688363,11.0518635663368,494.062616437241,58.9708776089013,4.78902369040345,40.7509385856288,16.6477813032068,10.8881707745566,483.284430850303,57.2076055740274,5.13469753444117,41.1301467892483,16.8411167156007,11.0058778273125,491.525829333604,58.4260741140602,4.96915289497019,41.2043879903073,17.039293700151,10.6173414145721,470.27570137536,54.3137305642619,5.43036075042299,40.5551492292945,17.6742400795126,10.3148396135175,435.412160381681,47.7026371451661,6.4575603754064
180,40.9818184049428,16.6853011732121,11.1131532451078,495.872900519032,59.1246270579485,4.73984788845259,40.7250288694529,16.61337117372,10.9314986240415,484.153660592042,57.1974654971577,5.07923787868536,41.1526978800761,16.804404998414,11.0291310150852,493.25372859595,58.33286760669,4.9901673162607,41.2788593498429,16.9662666022687,10.7019496723501,475.308011906782,54.8627152413278,5.3010172783846,40.5579120276134,17.7427615319372,10.2994950964121,435.530058755241,47.4905039643365,6.37425979109446
181,41.0353568696789,16.6408047647194,11.1229045994869,495.770046369419,59.2564054344546,4.73894549846137,40.818386332646,16.5332957249236,10.981340150571,487.637923574854,57.9884942217711,4.95215855774896,41.1435619398023,16.7503929042156,11.0154542154574,491.420312132423,58.2397158954695,5.04201729112105,41.1961342198319,17.039378260804,10.6412446108959,470.007660757949,53.9824460161067,5.54180844870142,40.660369870264,17.7326377568457,10.2884846661599,435.544861771381,47.6428329903752,6.34838520845106
182,40.9336466893359,16.6717712123249,11.0359074320306,492.737107653227,58.7704913710683,4.74632378024132,40.8656903824545,16.644924232691,10.9161305421632,486.150612667303,57.6596795138573,4.92574978091101,41.1410360973898,16.8472439867511,10.9460638302308,491.109611018078,58.2545526284803,4.89088109648192,41.1678073449851,17.0352055070808,10.5875654170774,469.329534102349,54.030671102332,5.34434032681561,40.5847442241886,17.7213210359044,10.3252743842528,436.838320345215,47.8598568425208,6.20976897301836
183,40.9275855598101,16.7316245725486,11.0639667024169,492.080999860027,58.5701515053486,4.71204150041448,40.7651934652619,16.6033217521459,10.9190148824444,485.479978955306,57.4626545943186,4.92779391456747,41.0619530179475,16.8659990062649,10.9921796047372,490.710023548832,58.1973173303226,4.84532782482121,41.0256075538111,17.0970217371635,10.5526833014452,465.904350557118,53.4524344970753,5.4701435948749,40.6627795725041,17.747529057352,10.2887825072251,436.340591448384,47.8537700109464,6.14358268154844
184,40.9936388274801,16.6004567783001,11.0994040855729,498.045135827843,59.4239650292856,4.59236892652968,40.773254570205,16.6253172490795,10.8696140717412,482.187402420267,56.8031401887151,5.0220921474626,41.0943909172979,16.8345145078219,10.9993436815984,490.106671299251,57.8611165372538,4.94820819014002,41.2251557985582,17.0014299768283,10.5396039176272,469.875959031953,53.8564010105897,5.34868688672915,40.634854582881,17.6692554314365,10.3093201830188,437.83381377044,48.0016954551947,6.09820621707376
185,41.0823653151803,16.5436368316751,11.1115611804989,500.364914446582,59.751219342835,4.5916636179433,40.8364651488067,16.4993443068055,10.9053515599579,487.629869378584,57.6791809893736,4.90897264080598,41.2007959055997,16.6973580710198,11.0490329454696,497.4351242766,59.0672315641231,4.79614193493972,41.2075017446965,16.901196319467,10.6464899246405,475.874015725058,55.0070160813705,5.21104451707936,40.7603194535401,17.6298307388503,10.3553357272171,440.427968410632,48.2780272519232,6.11055050063988
186,40.9522613116815,16.6285238167157,11.1522339294251,496.903773937678,59.1929911913767,4.47913624353043,40.7478860869536,16.589333480968,10.9775877723819,486.131344136706,57.4600397351183,4.79057476074182,41.0828505760308,16.7734639365033,11.0866481806053,493.798591317264,58.4525413612536,4.68664209677329,41.2119700469842,17.0038473477947,10.6273917825132,472.846670218612,54.4045206958707,5.13942926496177,40.6158058652247,17.6527172227448,10.3521233089344,438.032636737368,47.9368973369127,6.02114135732259
187,41.0682840060457,16.5798656064473,11.1465331006774,500.259991611898,59.8276375091159,4.68913031654119,40.8509132515749,16.5224718148962,10.9938351532002,490.785506109805,58.3198026223242,4.91215736555234,41.1340171258036,16.7987360278892,11.059747576386,492.708949941614,58.3975969455143,4.9929276287947,41.1913936162643,16.991964790747,10.6560305939625,473.818128781801,54.5556537926407,5.46969102919073,40.6700678064534,17.6100242633275,10.3512439543808,439.741462564399,48.3867614093469,6.24101561423363
188,40.9963476062572,16.6458814784584,11.035000297319,493.798402988832,58.6807553129195,4.64600487092011,40.7573287126893,16.599354298831,10.9383885150077,484.92787344174,57.3137143467551,4.8913379811381,41.2397815603392,16.7203275825158,11.0617111272472,497.6827322031,59.1012326021764,4.65491341645493,41.1716311586834,16.9948640658304,10.5895219613957,472.073896944344,54.3158319986087,5.20718927544776,40.5557351694047,17.6665553346656,10.2998958267857,435.038796442799,47.4739466959572,6.12631768776459
189,41.0636021449131,16.5537479247718,11.1687039632471,502.091992621259,60.0653482977272,4.28427268104284,40.8448308806852,16.550815380889,10.9761069078014,489.223379825846,57.9552533973666,4.59840414858824,41.264513907464,16.7286237004679,11.1210213159948,500.165247174723,59.5281365842781,4.44199213046745,41.2247419727391,16.9412989973485,10.6558346156053,475.333906181498,54.7980809142969,4.9673296165255,40.6514132162528,17.5940420035714,10.3804082445308,442.605761673841,48.9345007440782,5.66346056040278
190,40.9814373938625,16.6269476958511,11.0725970562058,495.985343138352,58.9944940806957,4.61384371402653,40.7861194857798,16.5785431028026,10.985228631518,488.767733838631,57.8605647113111,4.85650133845658,41.1936291011943,16.7348640597096,11.0566551985984,497.46791957683,58.9674949129671,4.69014434711365,41.1416126268146,16.9412305391086,10.6873334469931,474.086068853801,54.5251137530401,5.25193557410822,40.6439640996711,17.6518104914913,10.4073866562097,439.63456645649,48.286391202198,5.98237423303644
191,40.92185412871,16.6912782488031,11.065371897806,492.649923181254,58.618578950407,4.82451842690476,40.7171804693215,16.6501279523003,10.9127490483574,483.872930122958,57.1893174715112,5.07207885648796,41.0308989547869,16.844499074764,10.9676031396744,488.952619920692,57.7841345621804,5.0099214562262,41.1428964202153,17.0547012041264,10.5889082628978,468.607545245925,53.729136866797,5.39880014325399,40.5581547736836,17.6652749554249,10.3343761516412,436.632287865003,47.7869987593136,6.19294953437811
192,41.0128052698312,16.6564304883752,11.134660749842,496.549481313504,59.2866152078862,4.75372090584031,40.7913221025746,16.6078015173275,10.9648773609312,485.168527500775,57.4193588665578,5.04207304952498,41.1479925710209,16.7966857551377,11.067156167871,492.941559714802,58.4673478499418,4.97492164238716,41.2860742660979,16.913523150367,10.6784826577054,474.825565921545,54.8553129956418,5.28298923224652,40.7150570893931,17.6631124867937,10.3496154809912,438.462798322025,48.0908476669012,6.20184713232002
193,41.0346332604654,16.6149281735566,11.0740542236134,497.077543235295,59.396044532672,4.49317620995916,40.7918774993617,16.6005434716931,10.9021143989981,484.765248948805,57.4305834196615,4.91445278223181,41.144930164754,16.7672108466776,11.0135569471103,492.716558339413,58.4747133288057,4.71248837605945,41.2328262402826,17.0101698848851,10.6257299450551,472.125993298469,54.5189916270258,5.12690000479133,40.7138009430746,17.6775479856406,10.3292557542392,438.524113300538,48.1377847919892,5.92085702784598
194,41.0031332115511,16.5753889265226,11.1109198975885,494.72794465288,59.148161354962,4.66150819242013,40.7549984769429,16.5827389118544,10.960928564293,481.963816504478,57.1014409228949,5.00301025513434,41.170013328304,16.7218863775038,11.0915446478548,494.575872781486,58.9518704748114,4.75627579637385,41.1952990980514,16.975783617232,10.7101004070309,471.739932805967,54.470540866486,5.42535717866692,40.5771962441387,17.6633145384238,10.3387381352389,436.16502260738,47.8827175718515,6.17347097487984
195,40.9116643657737,16.6779440007591,10.9618152534047,493.572674898556,58.8241678852262,4.62470095208635,40.6447259136524,16.6288947019222,10.7679177616188,480.439025661916,56.6919569989293,4.99089729131932,41.0659628267707,16.845481795265,10.9420824928634,492.617349223753,58.5286229826714,4.71314142467383,41.1504541618796,17.0184067895505,10.5671478401774,469.547493280447,54.1036485085252,5.22414092428366,40.6053350178108,17.7676764530281,10.2744627700981,434.349281042805,47.4930192829168,6.02724590353711
196,41.0169803188536,16.6482089283528,11.0796107158092,495.39343471892,58.856534465554,4.59811802177351,40.7659446476652,16.5960891116048,10.9130665320871,484.254854014004,57.0918465235732,4.92446179532841,41.2434762041132,16.7380086399157,11.0468066431704,496.513262101246,58.823192705456,4.69158688946082,41.2431779024345,16.9521125604241,10.6131947924761,471.47817477131,53.9432617387405,5.34683487599356,40.551617353675,17.6991207937993,10.3060948914258,433.886932735325,47.1576926094388,6.11032143924989
197,41.0691532223104,16.6181602892875,11.1165892025913,498.822045119711,59.6144758080499,4.40079387725348,40.8709675972778,16.5615815209047,10.9434006452838,487.78250833497,57.9031036382656,4.65990000926952,41.12159671592,16.7893917609181,11.0291518060377,492.892919973866,58.5007543844493,4.63226193768145,41.1614443599694,17.0235540496255,10.6193220667208,468.751965393399,53.7703336004311,5.21809797986673,40.718652972365,17.665632387739,10.3405987098234,439.011439022526,48.1641662318353,5.82552578864112
198,40.9060777889056,16.6659428559975,11.1103726062907,491.875131826413,58.6841311750053,4.8920837264966,40.786505313613,16.6304975542329,10.942377691495,483.596363316144,57.2771325500231,5.13085969561172,41.0894691889853,16.7747647216806,11.0321320476049,490.524664987346,58.1399899214269,5.09413104310981,41.1741956917646,17.0660442591154,10.610743854678,469.123190847773,53.9650784755618,5.52599997165422,40.560272528553,17.6696316015422,10.3549675614277,434.606753561668,47.4973770745898,6.39937375320583
199,41.039086397552,16.6033168014677,11.1630561878341,498.175738219504,59.8375036531685,4.6713387481298,40.8346371478314,16.5110832510353,11.0412893080837,491.195231967152,58.71448658222,4.91847516511087,41.1922338006142,16.7704157485603,11.0775595450105,495.200031144011,59.1240970716862,4.86700062355443,41.225216693827,16.9740880177567,10.6568318432431,473.043240665961,54.8262379464776,5.38332065307673,40.7135895089621,17.6709862338347,10.3975194244626,440.845063102375,48.7769353639722,6.20037569105944
200,40.9644852860573,16.6890889998818,11.0434592130668,492.924314982085,58.6829939756646,4.71189626422405,40.7775386373168,16.5979124751229,10.9268660776847,484.680366950363,57.4032187729472,4.94146181425636,41.1352448190312,16.7810673339107,11.0545896430542,495.065438053519,58.9392053023022,4.72865268459952,41.2063194428356,17.0172336982451,10.6407339174145,470.419365638713,54.2066589609641,5.3433763250476,40.6235989738782,17.7342854536156,10.3564503251092,436.95648044588,47.9384770009499,6.14575029275015
201,41.0296114997877,16.6511043591736,11.0932122760258,494.945826754758,59.0046663670046,4.52277207175674,40.8208208321659,16.5705751048144,10.9437495959207,487.449771029139,57.8522171574541,4.68772532178576,41.2532776213808,16.7353652877158,11.0435610873673,496.559761879221,59.0660022719585,4.59450105925458,41.2857628638496,16.9746275616099,10.6292788408812,475.795173196559,54.9871525476433,4.9870970888642,40.6086126222856,17.672232610286,10.3191078996148,438.963501998609,48.1033578258251,5.88785582485439
202,41.0962882303393,16.5628838578576,11.1042441079774,499.997585762501,59.6142750565188,4.40293253009076,40.8373532647917,16.6013101341682,10.9713508093104,488.25602149122,57.8024545082699,4.71043911423893,41.2147256803032,16.7742459533806,11.0345223051642,494.326155583053,58.5522823135557,4.63706801735981,41.267696017815,16.9504180303966,10.6545679892914,473.165472220474,54.3851221456813,5.06800950612906,40.5674721699578,17.6797642678327,10.354667126196,436.617509161889,47.8203732969998,5.83982545883777
203,41.0540456116436,16.5676270771448,11.155342364388,501.59188328062,60.1167024387198,4.36708235455515,40.7773793822724,16.60603157241,10.9765719130456,487.08432346861,57.6868546253584,4.79580047451252,41.2146952067892,16.7809045670832,11.0532797310545,495.841039423706,58.8671606567212,4.67554138300159,41.2759523070159,17.0202310514533,10.6963440715918,473.47366440752,54.6756422827555,5.12246306975949,40.6814793091141,17.6925131273214,10.447448178203,440.086837259739,48.3083826265418,5.95946604650185
204,41.0343441949323,16.6373779869322,11.0844724260411,498.167221420988,59.5215233365936,4.54087436105683,40.7671213644445,16.5443207799098,10.8711621409059,485.764804604809,57.5123057521091,4.90953167090369,41.169175928022,16.7878844559379,10.9915100119504,493.648772903186,58.5479890961535,4.78868166065857,41.2543499591092,16.9575533180067,10.6633731354829,474.865779934684,54.8141201226284,5.12317422505164,40.640409432154,17.6791991753274,10.323277134208,436.295430236995,47.7960215394189,5.9765267689376
205,40.9526321504098,16.6727430728571,11.0529456900637,491.689540953247,58.6015230786314,4.50103023909926,40.6771961500443,16.6340297455256,10.9058526665158,479.135921863547,56.6012751454519,4.83314723313292,41.1670991194472,16.8220184368265,11.0190253572712,491.544221316786,58.2026675271111,4.6679240826003,41.0986598426995,16.9959310122658,10.5799877273035,467.582930698913,53.83115887982,5.11663308872332,40.5603990174795,17.6841661500526,10.267636693865,435.164564317863,47.6956578422489,5.87835451213927
206,40.9735159887907,16.6332322519137,11.0753672436793,495.92583977894,59.2394677222063,4.66492188891884,40.801670111763,16.5924836374101,10.9208148436181,485.531627093959,57.613156368137,4.96789192731552,41.1847630736743,16.7780370139945,11.0124236210824,494.839710333605,58.82450600918,4.86108391427576,41.2764058652284,16.9453484957739,10.6686847541498,476.951298191192,55.280833535956,5.14268316162369,40.6375739797918,17.7340468474441,10.3162274433241,437.35393311058,48.0157093350565,6.198207021875
207,40.9962422937133,16.5853146632093,11.0775262876822,497.267103546293,59.3823136537012,4.47187559347714,40.7576233679159,16.6296460454748,10.8515520696035,483.797028961312,57.1924905674564,4.88499459281481,41.1171913812983,16.7372340864253,11.0153974536508,494.586237820444,58.751216102767,4.64596214717417,41.2327111621562,16.9687890330642,10.6532060509736,473.548422151105,54.6096535159268,5.15970772688248,40.5742115656208,17.6614598145764,10.3271313285978,439.266491412316,48.263789501216,5.95798778603427
208,41.0105460652155,16.7160867475283,11.1015170090797,494.258084782461,58.9160175299668,4.62793081920664,40.7876822154564,16.6406859158139,10.9322867599652,483.795929283449,57.1860645006621,4.94240556525657,41.1785416504327,16.7996212611672,11.0574520349009,493.99971303318,58.7141928573113,4.73705463076116,41.293220500822,16.9594952515126,10.6758543153177,474.084972984499,54.7528103065052,5.18011369044824,40.6108789201851,17.6942022044993,10.3225906148347,436.564857684063,47.7351718403274,6.13158355301685
209,41.0018514725131,16.6457673344874,11.0851048811758,497.273589461499,59.3446638567993,4.63832668407834,40.7912415170732,16.6015459541872,10.9263905203715,487.555714449887,57.7233739087468,4.97183009880561,41.0933343547782,16.8501619694601,10.9698895231798,490.343114669148,57.9672363276512,4.94359299823122,41.3119916107545,16.9249926709843,10.6957838178986,478.08679485868,55.4023535583644,5.10893544726217,40.6301210426507,17.7007411863681,10.3546346514391,438.689389154431,48.1952302908522,6.02867142883147
210,41.1026873684238,16.5871138065104,11.107110748423,500.355490197422,59.8913540988517,4.61219475161541,40.8501209641449,16.5103459065646,10.9877710829425,490.92508614202,58.4748193302915,4.86185016983173,41.223724170886,16.7309253708308,11.0575219362858,498.864229405277,59.6015576235403,4.67375692135904,41.2837232798843,16.990383739954,10.6660786682019,474.707424696093,54.8750555850725,5.24205980590676,40.7113639780917,17.6199158107376,10.3772920957749,442.019090116016,48.7235748827249,6.00846913547531
211,41.0263861581747,16.6350342948792,11.0776039415285,496.567546891964,59.1650021284352,4.73138966370456,40.790774780155,16.5555384819128,10.9372168128626,486.925693837419,57.6437971828984,4.99428510056534,41.1646521462931,16.7446969486981,11.0174281256528,495.263061649202,58.8118040112538,4.84042613506913,41.2068952804451,16.9676208008015,10.6440944285478,474.206186919694,54.7445549129517,5.34588377094982,40.6079472380325,17.6767631618073,10.3104309520007,435.677209775917,47.6216748665738,6.28318578901619
212,40.928757439402,16.6457669268688,11.0766097255062,493.642478399315,58.8997964653272,4.71624987132644,40.8060172983251,16.5571718335699,10.9718514519696,486.479348108633,57.7742421674736,4.86692452014558,41.1671208682109,16.7876879206006,11.0354805794809,493.659463796556,58.6413121775828,4.84222425496431,41.2338666609467,16.9020577426758,10.6972349621903,475.449943783683,55.1076075836418,5.1050596372113,40.6834301550138,17.6734916217438,10.3709738157944,438.465599109676,48.1726407558784,6.09713308483483
213,41.0263894466051,16.6181842663109,11.0625150090496,495.975659681928,59.213064626408,4.66995563172322,40.8484606938789,16.602756591263,10.9118276116114,485.423745011744,57.5113116258124,4.90324766548428,41.1749979557835,16.7626872769364,11.0412881086095,494.820921686428,58.8262089846542,4.79869101151038,41.2843990404661,16.9780269708,10.6286940433151,472.185695188725,54.3703986785614,5.27160328629281,40.6707706371244,17.6876180160498,10.3009670328761,437.530486526541,48.0103364316076,6.08941103230685
214,41.0491736400956,16.5850257451715,11.0693099205784,497.827112500608,59.3525507223802,4.73923617553727,40.7802374294871,16.5335897050515,10.9308095759599,486.891239753401,57.6588151771933,5.03261288264066,41.2232174672874,16.7417572017369,11.0327919289332,496.717521418334,59.0176769041798,4.85073020849616,41.1944471738585,16.9050798096278,10.6540983279753,474.05008619764,54.6595661091029,5.33520624190512,40.5738060331603,17.6256425273059,10.3458260610974,437.407130232968,47.9706801235442,6.28698553105673
215,41.0847773082869,16.608026620177,11.0981330317629,496.68988321127,59.3800824933834,4.53332806531135,40.8351111439569,16.5247991179593,10.9505589014487,487.624257145192,57.9628018701317,4.79708133995604,41.2149542542163,16.7602382311743,11.0743317909827,495.413222128918,59.018589315142,4.64255916229088,41.2266370436078,16.965257047281,10.6932537177588,475.474774935445,55.1535322335365,5.10534165444211,40.6034329024834,17.7008039592886,10.3692161410272,437.638381851749,48.129795153703,5.99909428651682
216,41.0157069135857,16.5937148814176,11.0750132487217,497.298434523566,59.4629757603575,4.54119297043322,40.8318537286984,16.5674151523188,10.8895035284969,485.251667406179,57.5066138172886,4.81508957232182,41.1519633009869,16.7037420216956,11.025781331203,496.583441933332,59.1924426480386,4.64451357569811,41.1692490510459,16.9436172322752,10.6077198845058,471.024228555209,54.3320919752296,5.18250704942747,40.7058459386363,17.650747108023,10.2952357248333,437.738878772987,48.127533830622,5.99428965654357
217,40.9837584964128,16.6407185234893,11.126731099998,496.644457653738,59.213874322694,4.64067961053785,40.6511347804248,16.5990951765931,10.8671344966951,480.77740946018,56.6615003885771,5.08461368615795,41.0759875030312,16.8002329062459,11.0697348979236,491.990222687442,58.3307094435649,4.88058365357155,41.0993410722519,17.0812813093179,10.586481081723,466.265635656593,53.3530298880128,5.41497583563161,40.5754694656027,17.6860746159815,10.3523536344172,436.602999279127,47.6965092846358,6.21583349546421
218,41.0134015753356,16.6476831541796,11.0986148877218,495.612705546544,58.9664612732947,4.69400790985187,40.8546184527877,16.5210806669251,10.9762978375275,488.136426651545,57.833716780482,4.84889721557871,41.1389407421354,16.7732054051908,11.0689158786488,494.355652867726,58.5696919198662,4.80014901352455,41.2768075594066,16.9103204170656,10.6977805434897,477.006603238731,55.0751613216416,5.16456464915112,40.6396132647376,17.6310542997768,10.3497019726265,438.554137517878,48.0615107008429,6.10661097693304
219,41.0789641071452,16.5934101966576,11.1248482539136,499.575074327664,59.7616814380591,4.47577994309505,40.804232289845,16.6167945124913,10.9198882164231,485.586775348787,57.56910741175,4.85356370832211,41.1563859237516,16.76149897118,11.0216294027629,494.957779667173,58.8875384423621,4.60471982270319,41.2494849329376,16.9692537427433,10.6302481230522,472.394720111631,54.5437909961666,5.07547573552908,40.5635836921222,17.7229183955574,10.3469433994005,437.270326934035,47.9517147126223,5.93922966923381
220,41.021429192472,16.6599191369596,11.1228096465912,497.907397271141,59.2816655674437,4.75338738823149,40.8297394319505,16.617221921481,10.9333298199269,486.469308616824,57.4222457153882,5.11934717351023,41.1809674201845,16.7667470150658,11.066837329709,495.775382237349,58.6828162915696,4.93595104938057,41.2186770434377,16.9126275097214,10.6311242706413,474.607610034503,54.5625807908361,5.38282592930183,40.638195016577,17.6486619594312,10.3563244218397,438.409014706916,47.98090456138,6.24242774042002
221,40.987233256976,16.5918712301716,11.0639235431428,495.474824228658,58.8120223928328,4.70401717775227,40.7323908809779,16.5756039722953,10.940428654182,485.141584293536,57.2055344523413,4.98880633067667,41.0872255010655,16.7704266610286,11.0118752108998,491.919518292949,58.0756693390596,4.85642733353652,41.2133287067119,16.9629701886232,10.638956490938,472.203159447779,54.2089993189757,5.26468382158311,40.6294882994929,17.6950173723848,10.3253425880688,436.704352476407,47.6942757041296,6.10115607855192
222,41.0352109380756,16.5353147380955,11.1891638543504,501.725921114521,60.0065595917477,4.5199490377635,40.8088757661233,16.5291931019388,11.0572913185993,490.905690296325,58.2445175969655,4.80087597536094,41.1794133224421,16.7133230293039,11.1167964960368,498.05133215778,59.1426632506932,4.73074359752998,41.2273733680447,16.9044011353377,10.7568981591155,477.939329136672,55.2666464621863,5.22292265086644,40.6955478917706,17.6425528853271,10.3921622267948,440.63433985601,48.3459193664481,6.1714914764035
223,40.9686413416175,16.6539741082622,11.0553755011098,494.755227418841,59.1566533527771,4.68467513169586,40.8346364679766,16.5735862215878,10.9476076630177,487.50478653671,58.0047168981137,4.93053308765435,41.1457340811444,16.7694942625404,10.9633410420109,492.148374410133,58.4761662986193,4.90164604641262,41.3194499862706,17.0134117678709,10.611864573853,471.925690016015,54.4453123355149,5.31975016859004,40.5592175697542,17.732737383288,10.3555166073616,436.407448341331,47.8688777010665,6.1750060504562
224,41.1081274129251,16.6246574337711,11.1182847139553,498.149372962049,59.5289441830747,4.77100529530543,40.935873207236,16.6113946314992,10.9470737991093,488.153442361336,57.8642291055337,5.01603472269467,41.2384458673932,16.7384783748887,11.0391236080611,495.688068203576,58.9211423751719,4.95307271642022,41.3114197925862,17.0423095178691,10.6759773630965,474.152154571746,54.7645730436919,5.37580754086561,40.7560665339259,17.6604929430231,10.3337439230476,439.464219173051,48.1682771422061,6.26712095513756
225,41.056933415513,16.4595297376984,11.1698774314015,503.238203509993,60.2631800328337,4.5353030467584,40.8803129698691,16.4184150480355,11.0232779311439,494.053073429397,58.7758640280746,4.77703338360083,41.1692928805785,16.6365062152016,11.1245934850202,498.590365343585,59.2992862594871,4.760962657195,41.2484367071772,16.8483044316928,10.6879174392311,477.901332843228,55.1520282746459,5.21769205564254,40.6438973523044,17.5968758969548,10.3854853233651,440.492787594357,48.4301717231346,6.04858434132165
226,41.0103639474011,16.6775372430059,11.1076608952751,494.503722358066,59.0217371320104,4.70825852099424,40.8245418388518,16.5351074502851,10.9827721814065,486.933664423288,57.8631129179178,4.86771909698888,41.1618555588822,16.781591395728,11.0293370828514,493.048152300956,58.564835562618,4.86350996442154,41.1992512528574,16.979384362276,10.6414253422592,473.849476560018,54.8340045741899,5.21298095835576,40.6014451507702,17.7037160229133,10.3154344399539,436.942336469887,47.9365356710839,6.15579671116815
227,40.990950000855,16.5732317128537,11.1203236573301,499.065828783155,59.5872276292845,4.67086561340977,40.7906144696595,16.4883373432764,10.9376811261636,487.583621503351,57.7891794892141,4.9476091391222,41.1443669086101,16.7769910322698,11.0066312698857,494.184011529936,58.4887216725701,4.93929729751773,41.2183533707885,16.9488921016757,10.6116274619787,471.370021198579,54.2327601143492,5.35561657383774,40.5987333970032,17.6913071997789,10.3372806541976,439.64285965289,48.2671431692795,6.15882079768985
228,41.0904451145755,16.5636586991201,11.1350489750716,500.941325192365,59.7342096911798,4.44586639917508,40.8571426170443,16.5321343555597,10.9701160446531,489.911632946384,57.9649089186334,4.69399715652642,41.1981170046706,16.7121763348801,11.0538698463787,496.524266631531,58.768951612776,4.67043645760781,41.3035766768524,16.9114357166154,10.683869365494,479.018009346046,55.3104215502877,4.95298376347771,40.6588044449949,17.7301911904401,10.3238576618406,438.639614159022,48.0255158862526,5.90342422303512
229,41.0672799086304,16.6403076371363,11.1433854640929,498.54156626077,59.5525513250035,4.36630368966405,40.8798013968129,16.5728033758,11.0261766629971,488.647993134302,57.9928634409043,4.61679323941553,41.2297957017424,16.7629855091863,11.1187325247346,497.099383716806,59.1065187446661,4.51805848315386,41.3002977705158,16.9557139879532,10.6916177105759,472.560621850517,54.4175855366289,5.0130720774917,40.6631974403986,17.611181717608,10.3898604004738,440.908205391395,48.5208413793297,5.74705881840335
230,41.0011470697164,16.634072538988,11.0932552921774,496.37209604317,59.2476750199885,4.7834743928962,40.8400537629691,16.5787627343745,10.9456865024912,488.793365330957,58.0080903329878,4.98095438054042,41.1542237971212,16.7895433435431,11.0283052206066,493.783143940176,58.5893521910641,4.99299875076008,41.292994503141,16.9646206158559,10.6403003082152,473.896361680568,54.7528185412139,5.3236611574804,40.7465589354549,17.6603170278543,10.3673256372586,440.195211197372,48.4796195609222,6.1194289604434
231,41.0392561840448,16.6484218899301,11.0921871289182,493.962869332157,58.8873138632144,4.73550177044598,40.8515457919527,16.6185539001,10.8899879770708,482.043999089598,56.9264687636837,5.08005440662298,41.1680571059492,16.7927535841862,11.028050207958,490.458225013177,58.1646069431634,4.9560481027685,41.3166438886966,17.0090296162575,10.6272611091428,471.31225109096,54.3419332988095,5.41982939755691,40.5731326737282,17.6851121086422,10.3004422352985,434.388136368884,47.458860817544,6.33581257298833
232,41.0274405788259,16.656200153563,11.0828096890487,496.48115939275,59.0724730443054,4.6144304664451,40.8625568135303,16.5428966510626,10.9408788381213,487.634443976796,57.7463242992881,4.80108856678387,41.167974185899,16.8409106199332,11.0137317067905,492.409295600182,58.1347945051908,4.8387280343388,41.216608477084,16.9819558404467,10.5709057350499,471.356319155588,54.0636126520071,5.33367262753474,40.6788458990871,17.6926643537021,10.3526451050493,437.216186813693,47.7947677317341,6.0802000810038
233,40.9128086504288,16.6778117544061,11.0068796547897,491.857461986427,58.3872386244184,4.95658774233783,40.7892192735765,16.5589257652007,10.9159207459812,485.933972653089,57.4570575658974,5.06044811993934,41.1467125215809,16.7915708275955,11.020774714034,494.245640781683,58.5896050516493,4.92867870229976,41.1759878734811,16.954359963501,10.6015751060035,470.389979599269,53.988936130093,5.50773522132751,40.7323675006233,17.6243576102266,10.3347950028793,438.932261031169,48.0248822030686,6.20801528673032
234,41.0099187875018,16.6186600762325,11.0852653211003,496.22359897993,59.3184202067444,4.36870174344761,40.8641204698625,16.626296438665,10.9546983096682,486.061164597634,57.6474579146257,4.644967062841,41.2072377430017,16.7468781115577,11.0049978114136,494.645956867998,58.7623019931798,4.52093095528975,41.1709905271329,17.0352209795367,10.659465656899,470.912064128598,54.2880063552012,4.97442418203308,40.6699457403345,17.6301623936422,10.3707144639999,438.256094998062,48.1627922642027,5.66237499382204
235,41.1427768387802,16.5598548790781,11.1449683211631,499.016963123926,59.5393824223605,4.50110291554737,40.8957375734233,16.4451558991207,11.0149743881248,490.212537002046,58.1965189900775,4.73534139047023,41.3573286658209,16.6967836291464,11.1439427502788,499.843492188003,59.4975758365703,4.53673310266112,41.2779219892724,16.9328087317934,10.6612789050147,474.245998827044,54.6418030976262,5.19076380118932,40.782952663113,17.6436415658075,10.378320039907,440.831009640866,48.4131759277532,5.94435436024686
236,41.0770343431213,16.6385583701943,11.1081822107555,497.032050630554,59.2016995385143,4.40078828033247,40.8361830607632,16.5160440660295,10.9955800822735,490.674440458315,58.1948205626226,4.60633156234489,41.1917613607856,16.8126122644411,11.0601476742187,492.969150741793,58.3346940417451,4.63446806088456,41.255856450439,16.9847851694586,10.6547843880401,472.447530545412,54.4884148129589,4.99254353607598,40.6770446747877,17.7269711417766,10.3363025650184,435.52612339637,47.5929963820598,5.89355904684789
237,40.9946153437293,16.6397419052201,11.0556219424506,497.596954769419,59.3904301896405,4.88475165741776,40.8361905835501,16.6015848584103,10.9060614283135,487.33155715826,57.7370044392419,5.14640520141915,41.2433642953434,16.7815348190283,11.0252438230342,498.339097482193,59.2695429049745,4.97339066231205,41.2316149414242,16.9791847242299,10.6454475135317,474.872492425461,54.8016878486996,5.48126878871528,40.6772672799676,17.6939486599261,10.3211293820579,439.638479127923,48.3364283915205,6.31430617575452
238,40.9444248164867,16.6460344235667,11.0445231023019,492.410388098521,58.7279001444129,4.57234506899785,40.7545360092576,16.55126944462,10.8959216473242,483.78307536353,57.3697558945696,4.7855946887368,41.0817548945894,16.7789078860566,10.9592835936709,488.564731399934,57.8641224346538,4.80415899968109,41.2310424700506,16.9318377087774,10.6231679060932,473.145162492933,54.6053068908438,5.03175371416225,40.6371885413256,17.7283297137946,10.29878289941,434.678760720314,47.6193088095924,5.95816179829904
239,41.2059425235278,16.5836710734198,11.1137797815012,501.102293299914,59.869817700897,4.29593627431769,40.9089275640055,16.5429729755859,10.9621926178445,489.168708462468,57.9991217036531,4.61563026220685,41.256919605581,16.7937561580352,11.0131704951644,493.619193803105,58.4969908034119,4.59570228283398,41.3351397493811,16.9808137171207,10.6215236332052,474.27710487677,54.7510380903752,4.97933500985467,40.7959602861033,17.641350076653,10.3586973011512,439.837718394989,48.3872116669746,5.77300986072391
240,41.0208744142062,16.6346798128568,11.0812277862407,494.039620412287,58.8206460818142,4.7104964614249,40.8192150735694,16.5119126308121,10.9344639490386,486.2619967685,57.5330869800914,4.88866599472574,41.2137070829599,16.7306997156613,11.0183135048398,493.951280611974,58.5046560763379,4.85286345340376,41.2997282436181,16.9428083042279,10.6683656265198,475.672688318416,54.8978201012992,5.13774108507795,40.6520079852186,17.6868895028057,10.3490555791881,439.209790735223,48.3032058361029,6.03128258810553
241,41.1172035844697,16.5916100847708,11.1592611928013,501.074481993397,59.8318398277822,4.80617095102779,40.8528616820537,16.5737793206969,10.9613326507895,488.430510456104,57.7573718433969,5.20621494381597,41.2524198634335,16.7818798680643,11.0722752729168,496.411935091634,58.8777928874044,5.01460589762811,41.3199843699332,16.8947326549906,10.6452840345257,477.390536884601,55.1353101934886,5.41946440807091,40.7230927739963,17.6286653654911,10.3902985127666,441.485467168288,48.5349820222236,6.29149912658866
242,41.0633159819393,16.6425359205409,11.1060010025654,497.559906971122,59.2606032251366,4.53387521265492,40.7489792885661,16.6119316457319,10.8863395683204,483.881490373029,57.0538121887234,4.96856870275594,41.2028978609409,16.7867869343359,11.0524939841531,494.719075382536,58.6093417404957,4.68508566640562,41.3190581475682,17.0251963655701,10.6234150084857,473.274638940243,54.5872264923184,5.13803369555056,40.6331425708314,17.6690725189923,10.3148599878329,437.464957618621,48.0886982762816,5.95270971282191
243,40.9966596984088,16.6213490037736,11.0977575419086,495.562810929681,58.7988362308356,4.66451528661324,40.8980720865078,16.5711788741196,10.9533469929947,488.848201581917,57.6877368385356,4.84045658329703,41.2402146775411,16.7344998714092,11.0762295608556,498.094547831076,58.9826940183676,4.67463103502571,41.268436677678,16.9504988264465,10.6559932049286,475.446825908972,54.7139694669826,5.09586393227197,40.7210828572299,17.649172909277,10.3551786775228,438.92986285494,48.0135230932151,5.9090390990952
244,41.0534598555383,16.6319104765035,11.1175419707722,496.827930048683,59.4589673384081,4.66673197520114,40.8349645813236,16.5856534966849,10.963422118761,486.16265791603,57.6768941565944,4.9815507174308,41.2233199190215,16.7844094880926,11.0366401640731,494.85150372915,58.8911675417636,4.82468874190877,41.2722304661772,16.9832468052387,10.6816906849968,472.99742522337,54.6155534368459,5.40145793364638,40.6827609441464,17.6628417881496,10.3167122482607,437.451261935294,48.0788468028802,6.1947683098166
245,41.0154120642969,16.5680302858709,11.1584348760873,500.297424957163,60.0553746569137,4.49540292775584,40.7608505983379,16.5465595934301,10.9961530803927,488.044061276348,58.0722818660742,4.84076827441613,41.1166680423982,16.7380429460153,11.0855742356931,495.493468263015,58.9959981643003,4.74931979494729,41.2050125535341,16.9380483850429,10.6834781107365,473.850499038822,54.8151400126674,5.19073471698932,40.6405192727752,17.6031396113135,10.4019801494548,440.495422820329,48.6024966926294,6.02544720462188
246,41.0419419895068,16.6019020105562,11.0694436982918,498.163699815819,59.6590465990191,4.41894410428471,40.7649987069008,16.523269948906,10.9038501816626,486.053602311032,57.6303109502346,4.78113383219237,41.17857899616,16.7656356067309,11.0204056181996,495.058172736696,58.955038728509,4.6010909111564,41.2814776044204,16.9483141811981,10.6587024085237,474.21083289012,54.9236248315625,5.02307505773906,40.7266252976922,17.6947723984255,10.369592571046,440.654762627999,48.4207320406543,5.91260150888238
247,41.0211378614086,16.5944468013439,11.0789857332023,496.273262039447,59.0122751049739,4.72417532247324,40.7973889732957,16.5378863142947,10.9246498270491,486.824299261634,57.4885235537043,4.95575456168536,41.1810364012417,16.756518041879,11.0315743041138,493.999348316859,58.4736666128208,4.87316568082368,41.2042481260948,16.9598945879549,10.6723095402959,473.66896377822,54.4256165332823,5.36543891563309,40.7162842738754,17.6347895801618,10.3277151973097,437.292610019243,47.6953634811764,6.19165137472078
248,41.095431110919,16.5448122353708,11.148230704991,500.147273859032,59.8051682652314,4.4164129733486,40.8325558740138,16.5202918572699,11.0086129323499,489.453397443901,58.1478821866521,4.68081379627382,41.1977454526844,16.7544706070818,11.044925392011,493.734634787848,58.5405471298944,4.68432079640158,41.2284953765203,16.9559739013139,10.7267766646263,475.660611719865,54.8551001220259,5.04822941140067,40.7136104950237,17.5772886414337,10.4236690147009,440.280582534367,48.4147573799179,5.93435719053462
249,40.9861414901211,16.6032043155728,11.1060582403071,496.143467566406,59.2015118729484,4.67445425673812,40.9210977979697,16.5272749490328,10.987825756189,490.075471626475,58.2186280501113,4.83023250374637,41.1669995070006,16.7515643535907,11.0449801489524,495.212553878782,58.8774812646991,4.76625355901754,41.3007047805511,16.9411304663952,10.6580921774214,473.494158929805,54.761034294414,5.21861162542222,40.593729585367,17.6697178145114,10.3149155414728,438.415828391182,48.2009125445983,6.05815046728682
250,41.0061845003103,16.6512436845319,11.0497918183577,495.853183121262,59.0654040616149,4.53502091981674,40.7969556232733,16.6072001270172,10.9269422867068,486.842267438275,57.6691358801743,4.78512606935341,41.199690418709,16.7791677973417,11.0241254614374,495.847471055148,58.860576759591,4.65051858019279,41.2996609723837,16.9692491167598,10.6312540684911,476.152538342849,55.0794761834648,5.01696589934556,40.6898467285556,17.550184756902,10.402488092446,441.85514105651,48.8643589601018,5.80825407878512
251,41.1047623582536,16.6295766573752,11.0705267157435,497.011519207638,59.2210661186557,4.73859475782118,40.7758437523421,16.6328527908003,10.8686669212827,483.225031052602,56.9907968798681,5.12900965716774,41.1879079493151,16.731682793973,10.9821177514127,493.629069131866,58.4865241502018,4.94313171603199,41.2564751206903,16.9473870166423,10.6028393210726,472.504889482831,54.4616296700225,5.37389382027179,40.6697828931652,17.6081834546563,10.3608111686634,440.215914552808,48.2934321579655,6.18655247809305
252,41.0908683771017,16.6099253418748,11.1092805751809,499.724481374281,59.5391736903404,4.38670645299161,40.9253009884135,16.52521370148,11.0080009880009,491.423240535432,58.2653763414045,4.57496771604484,41.2489829259074,16.7244568069409,11.0863628554164,498.142493218332,59.0803773245054,4.54757218815176,41.2772263527676,16.9115990644369,10.6783354560382,476.665234165487,55.0075333668209,4.97894812304574,40.6879760124833,17.6337625012314,10.3800478861766,440.311531494416,48.2575574627155,5.86742978549042
253,40.94787517934,16.5919168977023,11.0970688224061,496.05521021819,59.2512082466057,4.42151859987631,40.7795010266534,16.5305663643831,10.962993532359,487.499096667439,57.8057909680404,4.63340786335227,41.0672191979308,16.7784821377383,10.9951811534589,491.115599614313,58.1734334751747,4.65633857521004,41.2339628300855,16.907036568,10.6383924516588,474.695383796127,54.8825667678063,4.91693323211937,40.6797238813781,17.6441872955148,10.3734316623612,438.884478994213,48.2125247609317,5.85042689850104
254,41.0799053876137,16.5330096016783,11.1024837738844,500.299208763551,59.908291379247,4.49176842749807,40.8552356401426,16.5573059527811,10.9153682870422,486.470970920102,57.6382864504684,4.84022821698618,41.3037203873727,16.7153969736321,11.1244897154983,501.013678974646,59.7681497915217,4.54164668278507,41.2310749755771,16.9791079452525,10.6113078862216,472.929167555287,54.6203273533621,5.20760986817746,40.7601579807578,17.6559467781989,10.3541012918126,441.670771188521,48.8551497049556,5.89978765258736
255,41.0226420872262,16.6306403050587,11.0876532511372,497.13700679518,59.2506852774914,4.69545509346231,40.7887701574837,16.5522022076693,10.9360328988103,487.545502187511,57.7789133717838,4.97907141944669,41.2497280646051,16.7372790227561,11.0179318752175,498.009572889962,59.0813021708281,4.81865901311691,41.2652873170138,16.9383609707678,10.6489953082456,475.202504367314,54.858106261973,5.29272034994942,40.6284816924976,17.6660419002396,10.3575942268751,439.359397745725,48.3179932825322,6.15330471682791
256,41.0584688966502,16.593863833908,11.1398755086465,499.25905599076,59.5965600013013,4.6549825028124,40.8261549172331,16.5835561172138,10.9481386785742,485.168342241976,57.3037999794595,5.0252568726662,41.1536179113223,16.7909377413262,11.0819114501978,494.666663435448,58.6296067465418,4.85454810440604,41.2952699155361,16.9268473435023,10.7119226891991,475.804638487265,54.7825172718494,5.25571222909621,40.6005614804225,17.6861098816854,10.3808219118919,436.318936052191,47.6184110901866,6.27006329327142
257,41.0233903763104,16.66391610904,11.0857570573473,496.507000529301,59.2939157726502,4.84612215078001,40.8755385420649,16.6158797463425,10.9401588548999,486.055765413765,57.5597213857291,5.11821357095168,41.1967627462999,16.8203491743493,11.0059159219488,492.824123442919,58.3834834809155,5.13471582731773,41.1915011035514,17.0410002976143,10.5937283882235,470.346850910068,54.2020000834743,5.48201094009764,40.7206875785843,17.6801592523279,10.3675667257937,439.300572030574,48.2862948625676,6.29513297818139
258,40.9555376867378,16.6972538318582,11.0712791921413,493.157805061506,58.7184499387913,4.86648033651511,40.758722873138,16.6170656005155,10.8906771061959,484.166934112928,57.2738576743023,5.1389442091108,41.1681411353219,16.7728263338993,11.0466791029665,494.756636117201,58.7637550636061,4.96426968373537,41.1498331769059,16.9972873685674,10.5804622450816,468.985503698106,53.8449222380333,5.55581799555717,40.6118115071764,17.633359646966,10.3000902015163,435.518337723676,47.5679665895002,6.3997674683167
259,41.0555013975306,16.6137773308239,11.1001578876146,497.493421409698,59.255755735471,4.5394568021583,40.8487258667609,16.5521860106864,10.9614221258569,487.591630128163,57.6989423125401,4.83939899893776,41.1789847711308,16.7409673980925,11.0289177902702,494.742076330429,58.5936800239019,4.70644724946049,41.2531608749215,16.9883410995724,10.6255933447451,473.45470175499,54.4286636562546,5.21186846347966,40.6275687659128,17.6291112781406,10.3630224519058,438.992438126129,48.0492790548427,5.98978514070631
260,41.0767214824779,16.6178241029293,11.1226486843397,498.438805841966,59.4668549983312,4.58809494075549,40.8118404062938,16.5678674190997,10.9724680749426,487.275233320165,57.7106039282019,4.93820196214057,41.2529624529457,16.7999061797281,11.0299833763405,494.207431524596,58.495109673178,4.88825118837534,41.2668590479186,16.9814046229742,10.6534648976051,474.367923344357,54.778910865949,5.21879319036814,40.5857713952717,17.6595648082118,10.351215959552,436.674058890722,47.7704465150715,6.21968146814587
261,41.0611668778524,16.5653361313505,11.0942056976192,500.188329689878,59.4440369787514,4.62702630610181,40.9355447751967,16.4728968645617,10.971047813463,492.3022760356,58.1464263077693,4.82399220619031,41.2472058972713,16.6839838264942,11.0777366587148,501.157637991373,59.3693564449272,4.66702593861556,41.3160791212486,16.8647179717382,10.714137683509,478.679928631774,55.1815643298678,5.17590744356716,40.7274820298602,17.6542966373481,10.3701712145612,442.133159462689,48.3966985388277,6.04699639522624
262,40.9755549337523,16.5982547115913,11.1499933475166,497.02643051406,59.2994398731022,4.45419667693468,40.7287275599776,16.4907618864623,11.0038423606717,487.455479101338,57.844922106404,4.74907389976373,41.1181994467103,16.7545406717631,11.0869465066637,493.230035801528,58.4735012822872,4.69473511380417,41.2641907988329,16.929613442422,10.6595212638991,473.480836005368,54.6474879225615,5.05937361083385,40.6535352380527,17.681188131604,10.3111859455409,438.152697176459,48.0924835527973,5.91943917409005
263,41.0534703729056,16.5903105190851,11.1147548297333,499.202464310833,59.5570751534919,4.62951016043038,40.736191432468,16.5445958743133,10.9012009102696,485.39413752564,57.2818968461197,5.05154807517937,41.2024117541685,16.7256020698369,11.0397586012078,497.312974664515,58.996758858182,4.81233453208512,41.1940778620636,16.974897879988,10.679210363728,474.886682536874,54.7043633563418,5.28038499114653,40.6631244194874,17.7237835736607,10.3403436855852,437.620870422927,47.8239968163626,6.23241410020436
264,41.0171463936616,16.5831721090199,11.0847433276279,497.618912654188,59.3624926622484,4.77176020711011,40.8371735380089,16.5257987490388,10.9346582556022,489.277413951062,58.0336935399564,4.9327908418326,41.1500441371142,16.7301365358398,11.0039718848632,493.944362013212,58.5046960663183,5.0178371099202,41.2656939327924,16.958611381469,10.6052913474804,472.208790710397,54.3700249701322,5.44330936290624,40.5726108054857,17.615518431619,10.3295018991199,437.653267935673,47.8165977168677,6.31626992501328
265,40.8951059552503,16.6960307883411,11.0333574302788,493.012367968761,59.0254043052508,4.85457384290522,40.7558780481993,16.6420769915188,10.8754250216371,483.96609476035,57.5219841182596,5.08903027372959,40.9671175263907,16.873272130192,10.9316070715911,486.349257552393,57.7254678463503,5.14085696274192,41.0487234681708,17.0156844458401,10.5608930282008,467.587055266762,54.028899166286,5.5230312942197,40.6123269288127,17.6685906824417,10.2821257380513,436.37971087932,47.9907728463894,6.38057543564042
266,40.9878699690662,16.6571256720527,11.0070613957508,493.508721496709,58.6825415106445,4.75269367080851,40.7972886546081,16.5944569284199,10.8531872301063,484.017032423218,57.1418053718455,4.98344381387298,41.1895269070941,16.7831611271521,10.9899786318149,493.62788834915,58.4641542855686,4.85453527993137,41.2567787618381,17.015280543437,10.5654750846677,470.498454402661,53.9933701072196,5.36406496349732,40.6667589823243,17.6731115166771,10.2351187277058,435.81563208357,47.479596362772,6.15890535358342
267,40.9745099783982,16.6430121877372,11.0758264100668,495.716777707173,59.1819122129718,4.75185585205435,40.8147643479666,16.5568922116239,10.9361425501406,486.548976533625,57.6516402836109,5.01748601659993,41.1173965342195,16.820233618391,10.9544905035893,491.444932136951,58.210623938533,4.98919982802177,41.1156329264666,17.0270173338476,10.5956111022149,469.286203838993,53.8758191882151,5.46112509070329,40.6874350185,17.6668337700529,10.3261807976055,438.267836630538,47.9762680726637,6.23173607150463
268,41.0110618846105,16.6432456363612,11.0055101193478,493.72478441282,58.7236046475983,4.69793741367687,40.7683448351466,16.5325579832197,10.8613373897481,485.108387110358,57.3821759969476,4.98531265363682,41.180796929379,16.787689081678,10.9786399537411,492.777814714519,58.3739412061141,4.82307238321872,41.2676920193582,17.0120059531878,10.5987927350762,470.172389539064,53.9249428337057,5.3758893872208,40.7061080161579,17.6677762110762,10.3135548703604,439.263661481865,48.1038661156142,6.0809715140022
269,41.0701094348278,16.6193551683207,11.106790668092,498.110131738284,59.6159261070029,4.50011731941055,40.8229657606804,16.5702253793846,10.9696386646622,487.523745901622,57.9549443957401,4.78690647439768,41.2810465188434,16.7370927405262,11.081874022349,498.400912993909,59.405477034015,4.64149926964183,41.2876159863429,16.9825105323033,10.6632917736172,472.434717680381,54.5870745023406,5.14479448676136,40.6300798503255,17.6933562707833,10.3741025762512,437.087100507544,48.0421063643306,6.01994053049708
270,41.0065620469077,16.616307893271,11.0024344344933,495.168099916036,58.935887925484,4.70881474729254,40.7471246041904,16.5647702819205,10.839235284127,484.446038158864,57.2731359821323,4.96198280113071,41.1502603657717,16.7656712084991,10.9671119951663,493.749855890012,58.550586307845,4.80197072284181,41.2210456313945,16.9710203050449,10.5731006429843,471.385481523551,54.1777259162224,5.31322058271805,40.6039284418064,17.6700651907172,10.2674841287397,435.957040925063,47.5225212126476,6.13122988932912
271,41.1375470150078,16.6225408772129,11.1216457594606,498.635016287451,59.448937620091,4.55224500231487,40.855192331853,16.616982952507,10.9331516032037,485.472492823803,57.3658068383308,4.91624523848439,41.2278539917291,16.7950276667286,11.0387423522238,491.931191430158,58.1980596513598,4.82592522049136,41.2214310070232,17.002721165549,10.6445209082244,470.299240779756,54.0045951572186,5.346847545827,40.6807342832712,17.6332404750664,10.3915640726786,438.558827701934,48.191383390261,6.01985244860233
272,40.9834116824506,16.6858796916256,11.012277894982,490.797893827813,58.2967521286054,4.97515156982851,40.8351086483988,16.6039428694631,10.9333611234412,485.550803374017,57.545269737109,5.11553946936131,41.2694579803747,16.7864307032225,11.0159326316761,494.669571670388,58.7072813876663,5.00417856012529,41.1757003870432,17.000030264691,10.6245598031103,472.61677990981,54.5061435499159,5.51141049372872,40.5816529605434,17.7268507748108,10.223129302463,434.937197958624,47.6416566868987,6.431568787843
273,40.9859310183358,16.5850340803334,11.1302620115917,497.82860313266,59.7126948593303,4.62676305961072,40.7960806834341,16.6380016932049,10.9158740149914,484.492991241414,57.4904564645759,5.0321200052563,41.1514353648211,16.7441896559771,11.032687404753,494.861925865666,58.994685625886,4.8166236329798,41.2856346438095,17.0097141137309,10.5988643489367,470.535628900149,54.3789870504965,5.34977441070894,40.5952590487275,17.7329252245278,10.276308495425,435.164430213637,47.6651482323862,6.27845980585466
274,41.0816618267877,16.6011947892923,11.0936501426283,500.225712585752,59.7376730583933,4.41146212712069,40.866352750133,16.5081948871394,10.9180620633314,489.091326760031,57.9301872449253,4.74049442430205,41.2263934148006,16.7036667396394,11.0384537450332,498.53620211118,59.2754203583192,4.5992535473483,41.3344239392693,16.8877252653351,10.6970359281051,476.303045759086,55.0453582075062,5.00711629338081,40.6010789129835,17.7490186283342,10.3219006188058,436.273275143945,47.8715443130668,5.93224571036236
275,41.0235723651798,16.6138092361414,11.1025532451461,499.345699277412,59.5066949807738,4.53509649315402,40.8350867063549,16.5139772199994,10.9878957820644,491.859132938592,58.3787997325333,4.70685810662415,41.2323245378377,16.730290939557,11.0598439702275,499.285645028477,59.2600837068592,4.69284555918236,41.342317799832,16.9091065302626,10.6647731920819,478.589680658714,55.2132659042788,5.0899092153242,40.6207601632397,17.6441316561113,10.3816024211109,438.991728995432,48.1519534781306,6.05096513488922
276,41.0512401850228,16.5929405899558,11.1150171708342,497.33006601686,59.178068934569,4.48595796317648,40.7435423636394,16.4875702315601,10.9607932840431,486.608307160526,57.4863895204946,4.74884766417308,41.1262776052712,16.7615790176814,11.0343069509341,491.909235777954,58.0496763665507,4.75895943338762,41.3122570654731,16.8870713148786,10.6491028385935,475.198826485492,54.7715190396993,5.02417583310863,40.7707631607213,17.6455316982604,10.3426561885561,439.817627588206,48.0104711250625,5.8892030737148
277,41.0482254236042,16.5635296448327,11.1241485398331,499.844249701265,59.8423590378081,4.38463003247581,40.8280282444095,16.5578496596963,10.9238199467195,485.746306433593,57.4961788343731,4.74892074295058,41.2201676746001,16.7272287862136,11.0212813595043,496.54084766568,59.0360041415947,4.59965883009774,41.2622319241904,16.970988840592,10.6377739224505,473.676904252894,54.6395004109529,5.13029014403114,40.7096789827425,17.6815427719169,10.3313009561806,439.025435764631,48.1878681060546,5.93511248760632
278,40.9745230073187,16.5761496676382,11.0863323500221,498.422689941561,59.4756083357344,4.4733749320527,40.7829652798693,16.5708008211026,10.9354389761271,487.292468691741,57.662973122977,4.75407138817459,41.106934205195,16.7201326119061,11.0371808052081,495.07794718932,58.7706595031155,4.65539552235191,41.2193883259288,17.0063802419937,10.5919022533283,472.068553759852,54.2367563364744,5.2209385365974,40.5782191757565,17.6605336748418,10.3535381784676,436.782124312479,47.6467397303054,5.98482680167166
279,40.9951129734397,16.59007671713,11.0490860514738,497.392563159037,59.2620988710319,4.69303549892402,40.7914215041475,16.5494753181061,10.9324067825142,489.249397747034,58.0189430746793,4.92057365637639,41.1229132175364,16.7898190358663,10.9901271523718,492.899250100698,58.2766062887685,4.91340995091049,41.243367589779,16.9663069824656,10.6227126965483,475.43020017608,54.8598397545981,5.25643074621501,40.6453058729005,17.7069114664086,10.342567336998,438.516831401452,48.0787686267952,6.11886260163385
280,41.0111059693131,16.5888716042106,11.1309457746684,497.622206621092,59.4902581124151,4.62309007120425,40.8508278321301,16.5320433019859,10.9744241577886,487.916182194381,57.8715053046847,4.91212379131503,41.1550636985525,16.7751398462128,11.0079197482803,492.653404607705,58.3478608404331,4.91009382890157,41.2464220345985,16.8879574490519,10.6662366841277,473.738070338786,54.7220055088634,5.31463659642623,40.5590612234774,17.6496566606788,10.3208148613863,437.111247870457,47.8889297495834,6.20881135489005
281,41.0423109744079,16.5924273647595,11.0918796612046,498.665367875583,59.4410845267695,4.46340137606727,40.8447988255408,16.5158541779989,10.9585069420411,488.412476661314,57.7759449699285,4.74057425144012,41.1671604506378,16.7251737036136,11.0983292270734,497.855541542335,59.1872747353159,4.5584086868846,41.2863920043052,16.936466453553,10.7010484050726,476.256340061361,54.9719676326717,5.02330176377214,40.6754841567467,17.6137672863544,10.3932104002953,441.118444228698,48.3847860752626,5.904544242729
282,41.0082128717265,16.5952284208857,11.110888544301,499.112348506682,59.4048787421618,4.50294816588514,40.7329949986316,16.5646666335808,10.9539925913931,486.955561742042,57.4542287388025,4.79630042568502,41.1200614007003,16.7494877745737,11.0457865029545,494.804777049281,58.4866509028246,4.72638065392554,41.203367707725,16.9638048343827,10.6380676387246,475.092919518528,54.7183131837808,5.03946745928047,40.6459096540942,17.6684836641024,10.3722904529724,438.081417616489,48.0188712700149,5.92459768801504
283,40.9240712968252,16.6060994573875,11.0768852325716,494.248987988864,58.9058724109385,4.55462983810228,40.7095571454312,16.5218072432706,10.9175828376304,484.837950490146,57.3834576078589,4.87642243739482,41.1106688134117,16.7477298465885,10.9934177653428,492.211459173593,58.2856710994392,4.72717823785585,41.131170465139,17.021437870714,10.5813080398427,467.585298995197,53.650272070543,5.34703853270645,40.6378905433983,17.6363393604717,10.3511506313148,438.296977798409,48.0155134230984,5.94188286300392
284,41.1439750635315,16.622401522636,11.099046882953,499.902963027725,59.7409368117811,4.47566012946668,40.9298807139159,16.5702227893079,10.903600939507,487.99705124571,57.853739463552,4.77357855234701,41.2777631563824,16.759935129853,11.0175765585512,495.325951987306,58.7407796621458,4.72349107669735,41.2521360799502,16.9662794960149,10.6192290338316,472.868803351484,54.6515198912426,5.08805054146081,40.6650930637184,17.6539011302967,10.3292859987884,438.179586738867,48.1585114947412,5.89613496026947
285,41.0233209416352,16.6429295310629,11.1184841084601,498.663902705101,59.3694498216312,4.58836299300061,40.9061074736848,16.455537249109,10.9769876966661,492.633037893271,58.3822724928757,4.74772630868267,41.1146222700225,16.8139103493968,11.0254365384854,493.73417296529,58.4172957058332,4.83441616454283,41.3062037738331,16.9607128318772,10.6705154360002,476.412744631677,54.894391290175,5.16399671570287,40.5947090446342,17.7343323659552,10.2954153977865,437.486430139091,47.7610541069002,6.09945224326343
286,41.0038068797774,16.6293433603792,11.1118139642309,494.591002882854,58.7338817385875,4.71029929280058,40.8205454978885,16.5241800862835,11.0351011097687,488.640725639259,57.8474117371428,4.90742085677137,41.171468221188,16.7972175730504,11.0861628614442,492.708878003788,58.2730941462024,4.85028951544721,41.138011022323,16.9888063840007,10.6560228567453,470.957668551349,54.0590837340058,5.33615528186191,40.7042445373665,17.612513435744,10.4128007922899,440.953004619995,48.3777772003993,6.01623132025377
287,40.9239424370852,16.6184325651241,11.0850884651576,495.19807790064,59.3610625381271,4.56203193931413,40.7306683311493,16.6069679276025,10.8914499763467,481.645329463587,57.0282002044115,4.9695735078777,41.146136748057,16.7648825483126,11.0289936898597,493.875048218255,58.8539599360514,4.7372615918299,41.1660721358953,16.9882421514898,10.6321116973843,472.223231105579,54.6675066988563,5.20847345046086,40.5859223419861,17.6887478371045,10.3289128307826,437.458794613012,48.1677608919709,6.12415201474995
288,41.0212043554648,16.6541914661499,11.120267767524,497.650285513686,59.5107881853276,4.81463959421563,40.7934921747053,16.5938456884119,10.9748055508862,486.330741596229,57.7894634423445,5.08342594007423,41.1280293362232,16.7905601908299,11.0297573300774,493.987191776309,58.7270876041682,5.01751201552884,41.2245429586114,17.02487622245,10.6426704883436,471.179099205537,54.2635198301306,5.5371850588106,40.64355693488,17.6559120092014,10.3696634630375,438.951481340807,48.405892973188,6.17659350638405
289,41.0470987076923,16.6526946665285,11.1247696357277,498.882872038893,59.7011004594932,4.47769546051131,40.7641454809807,16.6262062405652,10.9551677416942,485.228497627104,57.4379852356309,4.81526660459666,41.1721118467845,16.8451405152308,11.0011402022089,492.164328957278,58.288884913034,4.83920841262581,41.167030196859,16.9486644298936,10.637378609192,472.633133478759,54.5456788022964,5.1909618912488,40.6667795826341,17.6598164664621,10.3505598007035,439.686592917871,48.2389816568973,6.02590507164224
290,41.0479075814392,16.5876534437349,11.1212039936937,498.878879062531,59.4688689784674,4.65081319818441,40.8212137582585,16.5715996570966,10.9718432279422,488.061700059159,57.7249644494345,4.92616141837113,41.1556284818002,16.7587034749622,11.0364286328843,493.986457061843,58.502813955597,4.8786174385791,41.1537388088864,16.9781843101307,10.6982045026364,473.312844891496,54.3593757856373,5.40528220791737,40.5234807009047,17.6763493115014,10.3799913111798,436.05353277881,47.6174863489768,6.31067869129981
291,40.991663196239,16.6467725624495,11.063022306904,495.406452118219,58.7598618705063,4.77319503576812,40.7865659738773,16.5760475676819,10.9092923765923,486.098470506932,57.2704748101524,5.01351256820677,41.151470647662,16.7760957835315,11.0518965858928,494.150199819245,58.3528712446253,4.89917463809364,41.1979237274733,16.9559521634822,10.62730429316,471.908714896173,54.1117946540771,5.33373629347987,40.5938057251396,17.7011139022894,10.2467738775465,433.957213728887,47.0285187868044,6.30401540345465
292,40.9431982992325,16.7514752422819,11.0254826478893,491.119132374772,58.4130469365172,4.77067378443803,40.7536596758194,16.6696351038371,10.8597744741679,482.05502621205,56.959408185865,5.03204828148791,41.1189718361858,16.8350725143861,10.9864394552797,490.954257497815,58.1760737055892,4.88683125313603,41.0702034806391,17.0937046581936,10.596692980173,467.965378057699,53.8166897092933,5.3578184596669,40.569883489912,17.6895182172172,10.2830521599247,435.102951844397,47.5946879114257,6.12043551268784
293,41.0350045006832,16.5975793109063,11.0860079569979,498.361091780328,59.4814991803795,4.84192445886708,40.7628721561386,16.6102756729955,10.8856739546963,483.606574895636,57.048638705475,5.2649228033013,41.1983476453406,16.7799206980011,11.0354669156592,495.851613714257,58.856386583682,4.9819080611707,41.2279592771663,17.0299956887929,10.6557556887253,471.764409232269,54.1809940934609,5.63133190819265,40.7082888988908,17.6652674902058,10.324937925322,439.35711885465,48.1655690853768,6.38682997866983
294,40.9580254458727,16.6201706463843,11.0625458576748,495.567138016313,59.1815382953557,4.3004822446481,40.719168108935,16.5957268810483,10.9329939907645,484.311894224875,57.3107540801924,4.55626189863486,41.1257086779098,16.8000828663261,10.9991189743869,492.377854287985,58.3785752744674,4.49965461814485,41.2230525342195,16.9469034594467,10.6742570457346,475.576454785293,55.0603717050172,4.79190960572332,40.58928256477,17.7161203975457,10.2619192034066,435.284699837933,47.7906037176091,5.66942217604222
295,41.052267718187,16.5972240339041,11.1102633615175,497.896734607273,59.7419669441238,4.43296408696871,40.8677177966324,16.587956602318,10.9672918061336,487.692813988079,58.0303400115338,4.71414404991322,41.2184044363919,16.7251395130733,11.0565223811915,496.800973784853,59.3401643861347,4.56462878065476,41.2496853463517,16.9771513577513,10.6495685681511,473.592268529932,54.8757451716104,5.09158162288098,40.776181501277,17.6097022913628,10.3688603683077,443.868265282955,49.2259218991846,5.78158495831844
296,41.0218463697808,16.6324598057506,11.0864259403447,496.939351979785,58.903077543681,4.79567243248041,40.8915308197167,16.5481902018366,10.9617210613509,490.11624863265,57.8257749381141,4.99640873219228,41.2065282839753,16.7524241689642,11.054773256346,496.882079717108,58.7361697344453,4.89104289552122,41.21351969374,16.9592301931793,10.6611699976558,473.177776885929,54.2608833859365,5.39035257415537,40.6465489949789,17.7137371193989,10.3361492810531,439.36774811101,48.0117466123078,6.1625289505984
297,41.0860382505969,16.6228343599217,11.1293401225464,501.564701238258,59.9537454148603,4.54386116730632,40.8083517089431,16.5754564700629,10.9448101900971,488.368847361443,57.8528662425417,4.89521015620998,41.2297076597568,16.7582389875025,11.0302046710456,497.986725180625,59.1302581245215,4.79070618243745,41.2932265908624,16.8797496727141,10.6860132285281,480.101991843951,55.6175224535784,5.19596715837735,40.6436426984363,17.6176005423375,10.2962090299242,440.721203186146,48.4411923250623,6.136287457687
298,41.0720804209549,16.6068317584549,11.1341647108839,498.481862837401,59.4828322971,4.3958447580107,40.752390676376,16.5616512789467,10.9729648719868,486.369704664834,57.5942665672698,4.72533643438828,41.1637089816733,16.7810379217366,11.0651192198101,495.773922308185,58.8598261115919,4.52468040273299,41.2938556109958,16.8921243557967,10.6899263713616,475.963711827945,55.0695325359307,5.0116569265821,40.6639923345099,17.6884903523043,10.3574221272794,438.435131671177,48.0838146181884,5.92281038503946
299,41.0132360335959,16.640229880142,11.0310155401639,493.612416815292,58.8430591803341,4.79648203909532,40.7582409340734,16.5642987665315,10.8987018948991,482.994259067141,57.1611871803886,5.10038484506547,41.1956759040569,16.7708971609464,11.0165472194,494.265277706649,58.7217919171769,4.85249921387929,41.237483265833,17.0100121290217,10.6362982267885,472.006376493492,54.3593212036799,5.3446401956094,40.568933300951,17.6834429961016,10.3736236908898,437.961410922463,48.0740466877642,6.10686361151217
300,41.0249576280822,16.6529171064092,11.0932869534387,496.39648997897,59.1709950192888,4.73431637325991,40.8219098477984,16.6352356139811,10.8868130829543,483.046463309402,56.9379786219606,5.09694386889894,41.1674470859909,16.8221097686361,10.9946594583061,492.378426504934,58.2500328110564,4.96576344610973,41.2169282289182,17.0026512866524,10.6422487169682,472.689655974315,54.4297222511229,5.39247791261964,40.6823961178778,17.7231080672414,10.3237624554027,436.124505560925,47.4759426915698,6.26277203778013
301,41.0278878076128,16.5858834556988,11.1446063378122,499.453236142328,59.7825527834382,4.775119576359,40.8040740458159,16.5708219421038,10.941148643693,484.99746888445,57.5015741594907,5.15263271109869,41.1008805250855,16.7707170928191,11.0376376938691,492.228602835558,58.370882395642,5.1191495264767,41.2127436925888,17.0171584200935,10.6125293411444,470.414474840653,54.1403527484896,5.57274146983025,40.6520851003845,17.616528070944,10.3219313746756,438.282368066583,48.2981776321808,6.40960529419289
302,41.0244403647042,16.6507619784168,11.1333740375311,496.494135718962,59.2329581762376,4.70169042362047,40.8346485933095,16.5752358801617,10.9830326607242,488.060008297204,57.8841969940684,4.96854096458576,41.1817064655034,16.801258092918,11.0121312052518,492.897883982239,58.3812759127803,4.92142400447282,41.2161983993518,17.020519082896,10.6538654843701,472.204491043848,54.4124962975251,5.35182665331278,40.6702582577336,17.6527955412087,10.3195848178304,435.387172152343,47.6091024351258,6.27466812230078
303,41.0014274490229,16.6159792810775,11.0287444778468,496.533257361151,59.0377334446079,4.64524037686352,40.6765464021325,16.5592519793411,10.8855400159616,484.724495985694,57.1881131414103,5.00901748072854,41.1455112050642,16.8167356087562,11.0060868107993,493.418640889715,58.2816727833722,4.85947856230153,41.2501405646118,16.9479788721313,10.5638130556955,473.396658828711,54.4363764294188,5.29554644548548,40.624102333296,17.6867211698251,10.3401122723763,438.594614437663,48.0802572483763,6.08852075944527
304,40.8975047540855,16.7134669810809,10.9704606084858,489.423220429567,58.2790587974844,4.97848340933755,40.6447111260047,16.6673929281887,10.8866544107454,480.395210884347,56.9472949736387,5.20935920797627,41.0426207086631,16.8603919326215,10.9446616809196,487.167606656082,57.737289375295,5.15033038295815,41.1442198083172,17.0458569913881,10.607803262069,467.861381027501,53.9683828977491,5.51476499156882,40.6064165174887,17.6941934375574,10.2559937079861,434.535745584339,47.8084703879206,6.352883898407
305,41.0985909151611,16.5964372784216,11.1328716544543,500.788915183675,59.8372088662737,4.66519125087029,40.9228056076097,16.5617309497262,10.9511877473322,489.464816639023,57.9749774443883,5.02467752277506,41.2248205449912,16.731574102601,11.0756714209592,498.738241738754,59.2921879678186,4.83796388870609,41.2621931009146,16.9385399890291,10.7271521351498,478.449447903548,55.4242349399752,5.29379084257572,40.7065764593269,17.6861827036741,10.372731155146,441.011362605647,48.6052327033512,6.29981074356762
306,40.9637519791393,16.6021022288798,11.1071794352348,497.523352410008,59.3658824725805,4.39032677453144,40.7638397469094,16.5296575388208,10.9134155663924,486.69672047662,57.5261313064634,4.66840768354553,41.0983503404035,16.7512921604614,10.9831100739381,491.979849252552,58.143455233489,4.69137256615326,41.1582528550146,17.0057152496549,10.6078202639824,470.272914517388,53.989153910994,5.0392176092438,40.5822185417724,17.6610382544196,10.3715644916567,437.08410705114,47.8205568653792,5.79794023565793
307,40.9788203962323,16.6454648270551,11.0888772824613,495.958163473077,59.2674063714485,4.59795412533996,40.7855296446981,16.6384920368896,10.9247422916371,485.455252429146,57.504074715564,4.90285764653197,41.152584069142,16.7712937255111,11.0417106169517,494.587718348453,58.7669158135011,4.78877078916247,41.1625516497521,16.9485401746373,10.6853915179398,474.888943754813,54.9851928842182,5.20260949736628,40.6657016968762,17.6691014114816,10.3475493075088,439.338951550711,48.447279012332,5.99139336051234
308,41.2177450176596,16.4966538198935,11.119865375782,503.961049950649,60.6642771421726,4.27816279901698,40.83710451472,16.5009527213434,10.9145282063692,486.518047152472,57.8551650917147,4.73042894519744,41.2830728548292,16.7374471330505,11.0307316370322,496.89408517206,59.2755515391777,4.51513520205553,41.411969461842,16.8413642961911,10.7193199642833,480.101231988193,55.9357282744083,4.86628570659936,40.7448377828058,17.6400778954685,10.3367041564788,441.252811842944,48.8717521843237,5.74426313954992
309,40.9830189272803,16.633201732122,11.1116045574752,495.613833084039,59.2298936188234,4.71684081362665,40.830687446269,16.5212321800204,10.9727063185851,489.09816294878,58.1411348168094,4.94722584241257,41.1657771809156,16.7617032379523,11.0515344627836,493.957163018941,58.6525818865365,4.90658025171838,41.1539215655579,16.9397959670188,10.6509847659163,470.519805552296,54.3322856778283,5.35657043601102,40.5638366368284,17.6665692729246,10.3453439620932,437.266022552792,48.0541001488735,6.22989798064281
310,41.1263566641845,16.6735739119323,11.1361422207356,497.744042834024,59.3170333334819,4.77098897843054,40.8785983790229,16.5299982898706,10.996778840375,488.790106462298,57.9257795598562,4.99699136021114,41.2435478407933,16.8315460528556,11.0145535608605,492.167400746287,58.142201227709,5.04579346398531,41.2652062246449,17.030921240897,10.670766615002,473.226903953281,54.4367403601252,5.49316516341853,40.6479625689391,17.7111614008605,10.3810814785452,436.774767617839,47.896463927667,6.27543263360519
311,41.0185164744344,16.6373548574089,11.1380203543919,496.851805858895,59.4807928552742,4.33753197510426,40.8393469280937,16.5376925807746,10.9709869386653,488.930787148304,58.2133002177798,4.49625053200084,41.1565890219291,16.8093192770673,11.0541753467657,493.439586219625,58.7266577307692,4.51578563525332,41.2003466330613,17.0116525042514,10.630360892384,472.14281772801,54.4498683291216,5.01028113503767,40.6422096211872,17.6730726150047,10.3647572135897,438.545328952347,48.0971119723666,5.77400570007247
312,40.9133869853967,16.6355088345502,11.0471749272928,494.831324800089,58.896584602899,4.65931050443352,40.6789144080098,16.6058606943085,10.8460703747528,481.967306188967,56.743099003753,5.03118598585757,41.1063563429436,16.7365184632094,11.0102654883148,495.546497695101,58.85900738317,4.72646473858719,41.1669766631279,16.9296317856634,10.6512622259595,474.342973432872,54.694329838715,5.20198580467567,40.6089276915142,17.6115725715359,10.4042425820207,439.282258033909,48.1402948850899,6.15187377145888
313,40.9104621844953,16.7021202689869,11.0523526983713,493.82503258424,58.7887019760965,4.50651236014145,40.7088430410959,16.6036737154274,10.9310678933655,484.843009628609,57.338740807702,4.76702061942744,41.0891206614833,16.8492820816199,11.0112026946144,491.581321686831,58.1894817699449,4.6750088625696,41.1073171281141,17.0328735499255,10.6112173143997,468.123257985538,53.7463243458622,5.18587155751637,40.6152333222979,17.6224940132228,10.3940782219105,439.776223824158,48.3899235295431,5.85012200113311
314,41.0512948087762,16.6403012810158,11.0667210301155,493.70272345646,58.8339286839944,4.66232679708699,40.8136685280679,16.631214204403,10.9212082259595,483.116692486795,57.1058790195271,4.96252855943357,41.1660170625109,16.7792133046902,11.0140295855689,490.688934375387,58.1644125892998,4.84567741731599,41.3583526878248,16.9353836096134,10.6818711231787,475.021364139145,54.9019701241006,5.11550422802761,40.6004271126281,17.7209216100661,10.3299126134497,433.992139930606,47.2914903568474,6.18793388482031
315,41.0223937134215,16.5854556599078,11.1414478903812,498.543814477079,59.5723805204301,4.53277041797465,40.8364217498354,16.5357832594421,10.9746408405333,487.419696395301,57.7362404559862,4.8339549924667,41.3013543571127,16.7390606964327,11.0694479725549,498.034467504674,59.0803552918216,4.73325020499079,41.2192328975569,16.9781362765117,10.6649814952838,473.243614729048,54.4281641612955,5.23814464377711,40.6408403624496,17.633015940203,10.3218841936717,435.595174425194,47.6681195539646,6.08760265305041
316,40.974491411604,16.600664494417,11.101959295421,495.967975475881,59.224566904485,4.42682635541278,40.7365734361718,16.5247505607307,10.9504766115776,485.367310869522,57.536675944914,4.71469433291315,41.1899010398166,16.7277601276036,11.0303067861712,494.722807927963,58.732297050985,4.60689841111345,41.194164872668,16.9676965906683,10.6821452071964,473.053451127622,54.5580943593406,5.00625836322851,40.6687844009773,17.7430633786445,10.3711945675046,437.913364300504,47.9896234571774,5.80277946879615
317,41.0194389314994,16.6229813975901,11.0685027820482,497.00302627415,59.1002246649969,4.60465523379925,40.8255958498952,16.6103387269071,10.880849454917,484.954544708875,57.053179335199,4.98226131421373,41.2118883514985,16.7256169528833,11.0504925119762,497.504812196206,58.9591500080723,4.70955255877613,41.227172155384,16.983589737975,10.6039507797535,472.543776791286,54.2327085384441,5.18862755907966,40.6595282488998,17.6436980368125,10.2522487921706,438.063402558293,47.9338000759775,6.0418168563717
318,41.0074284641244,16.6041176505611,11.1522035314093,499.975225416869,59.5039740589028,4.81742851923602,40.8989822003363,16.5045175982859,10.9917205527084,491.999807611016,58.1829211833787,5.03976736341302,41.1275121165323,16.7428906869554,11.0945958115573,497.119278378808,58.799245095874,5.00123214385938,41.2546506340288,16.9177526638169,10.7079216670118,476.568852561988,54.813796434102,5.45281430083723,40.7383448807128,17.6371032014852,10.3539318150344,440.523332814023,48.1945080288834,6.3193637187286
319,41.0018974896233,16.6086181917884,11.1041856424909,497.372547105577,59.1537145786445,4.88831803037797,40.9068512146371,16.4851404257639,10.9884223213404,492.341492043081,58.3641389549297,4.92828098870487,41.1828036903216,16.7063006582487,11.048064113694,497.124546660082,58.8258985316863,5.01541394093873,41.1934570550069,16.9626161670456,10.675178640754,476.790766271733,54.9737787082021,5.36505853844692,40.6823539490448,17.5691857785803,10.3377916150106,441.926865014136,48.4561170603488,6.25739897058599
320,40.9265969187468,16.6774713725736,11.0228595157603,493.75826693927,58.9373590873629,4.57352516113801,40.6499911718103,16.6753788989795,10.8587186789888,481.377953797784,56.8984485458558,4.92912145881697,41.032216905764,16.8507473787502,10.9812579406432,490.527115378584,58.2351931998633,4.71894513079562,41.2197579995494,16.9734951863131,10.640725358168,474.13526194626,54.6892077214775,5.07994257933431,40.6437385143817,17.7152174914767,10.2552073784513,436.187395521885,47.7603130314163,5.96106064534936
321,41.0021042933977,16.6633218267498,11.0602787637449,493.926235553862,58.5296197405371,4.93865614626448,40.8516001459824,16.5645407391699,10.9301091020057,485.852723056938,57.2309721113105,5.12014292352577,41.2143529216234,16.76785702185,11.0091939665051,494.402404402119,58.3603574162719,5.04761876335928,41.2633091942299,16.9853262343145,10.6350365087111,474.14505138475,54.4182580183152,5.39020673426009,40.7145718001194,17.6602629289849,10.3566113496352,440.836933933103,48.2521723102858,6.24040937264725
322,41.0177901376103,16.5923830812651,11.046258224041,496.681839883302,59.2993814193753,4.77337703202927,40.8196244762115,16.5522643356445,10.9002376258103,487.22801813781,57.7210736723493,5.08661479247979,41.1944532050381,16.7270577636531,10.9644175136699,494.452844757062,58.6056616589944,5.03226208342172,41.1919215390517,16.9576375778161,10.6069748150407,473.793562102484,54.677468471634,5.43942232568065,40.6561759583889,17.6394107143153,10.3104487451879,436.516243426166,47.729190950324,6.40514575866365
323,40.9318125555802,16.6945787335282,11.0972697242715,493.164574026546,58.9016406756593,4.58648292456857,40.747698004883,16.6026155470975,10.9611048351724,485.211608401099,57.5875306901692,4.78263477580142,41.0933083780375,16.8000723447114,11.0582878932391,492.161090552938,58.5121304834456,4.72896535103374,41.2429195791356,16.9735123360209,10.6765620235198,473.688939882862,54.6792912422267,5.11156348944725,40.6183009763281,17.7187465467455,10.2883751127599,434.610007271143,47.579889633182,6.04909542569592
324,41.0746086655519,16.6451840474399,11.0541023900095,495.32588867345,58.9854023252461,5.00495642303752,40.9119767087179,16.4661892438665,10.9582308212068,492.484550926522,58.5699296371214,5.04143370139994,41.2062692704272,16.7397663005152,10.9887439270102,494.253814537491,58.6723354774559,5.12727075666808,41.3317209201238,16.9509418301924,10.6426696977037,475.722869090409,54.9962743225498,5.53259198370886,40.6818445662021,17.6100009679826,10.2932191114361,439.127589593394,48.0658456699179,6.46713511209145
325,40.9549549380396,16.6017789626125,11.1032042061418,496.780579895508,59.2950997583211,4.89490558060507,40.7998998349392,16.5449697467652,10.9477450529125,487.77256355791,57.7846761551241,5.14032042027409,41.1633459049486,16.7455838610915,11.0372462391818,495.474819528851,58.8012101981187,5.03996007561268,41.1843103943512,17.016035709724,10.5752191444899,468.710703295751,53.7156549689233,5.70194476310898,40.5333263334214,17.7314585768429,10.3266028693566,434.033151011399,47.4561029770577,6.50856936284622
326,40.992317939609,16.6484791138936,11.1007764956556,495.747234923529,59.1530979076431,4.76249518168793,40.8705909068075,16.5516987214307,10.9711293792142,487.905845792452,57.8917679010807,4.98266870006698,41.165185744133,16.7757781013149,11.0322192115463,493.222431294977,58.5247607164021,5.00842423316245,41.2085111299027,16.9999129687856,10.6514188767737,472.750879359298,54.6620287098508,5.40595919529043,40.6637060686232,17.686267079553,10.3874936531464,438.140342816665,47.9070391712805,6.34830347391356
327,40.9797258841996,16.6203492472948,11.1174880191299,496.900613510735,59.325457458298,4.55392259837517,40.73628387024,16.6048468995304,10.946838028094,485.24759158816,57.4475024557893,4.89713568476363,41.1282915637057,16.7691484717224,11.0618073222315,494.914795333006,58.849505939884,4.71221017313259,41.1757340615887,16.968378960283,10.6191336934098,471.793661872872,54.4369873660133,5.25102909997786,40.654764260032,17.6712742547027,10.296700614398,437.291283207789,47.9584456179186,6.09261815360331
328,40.9935372321502,16.6508023501988,11.0536800895744,495.668122016993,58.9125484584514,4.65260782577099,40.7756598454713,16.5745422933819,10.867249228399,484.12959574877,57.0217157117681,4.97354683354777,41.2079435261946,16.8187586417717,11.0630230921243,495.434503180279,58.7278771950322,4.72049227582635,41.224948514082,17.0032594748704,10.6311378608914,470.627398883341,54.0267407331684,5.31417729805256,40.5232633010304,17.7551402472018,10.3650076903035,435.539629414021,47.4986402512316,6.13778932627564
329,41.0117948773407,16.6144793624262,11.0591312676839,496.965342129152,59.3502781175172,4.31356357400801,40.7928041683769,16.5818990809061,10.8788393983792,485.51337700969,57.5423443241761,4.57308351800105,41.1338902984861,16.7483764710934,10.9875686192365,494.79728423498,58.8208422913718,4.45626537757818,41.2214467336305,16.9573741507257,10.6282381345457,473.467272289824,54.6247507318144,4.94401341173809,40.6447230663883,17.6395706835607,10.3501402386515,437.659079909198,48.0909092991119,5.67845600762528
330,40.9677141321365,16.6630280424491,11.1007298046307,493.946210083484,58.5549751371106,4.54485711267573,40.7837203666275,16.5566879300891,10.9450620575605,484.804140209559,57.0751450873925,4.7574094774348,41.2256835159457,16.7381513881532,11.061938690618,497.234248855839,58.7928418896435,4.58545428857011,41.2133562058735,16.9546296220417,10.6654334504844,473.776553988109,54.5312420926169,5.01890317631993,40.6947719291086,17.6952936920631,10.4051774923919,440.34631961467,48.2857668610184,5.81301345362988
331,41.068118493356,16.6301044393275,11.1097946720175,497.57676762537,59.3448595518833,4.6038172490233,40.8271089893808,16.6223351295624,10.9073358204463,484.882987494459,57.254249610048,4.9250539314205,41.234633697182,16.7399947372929,11.0190316205959,494.523372400219,58.5356744706315,4.84319501284168,41.202911887687,16.9823052012779,10.6249172484853,472.560785104158,54.3318309264865,5.30249541003616,40.7293969456447,17.6497988680831,10.3151593925731,438.079088832191,48.014051285037,6.08650946932138
332,41.0793610795189,16.6112257779206,11.0734055999512,500.258736990485,59.8086430650881,4.69171995050116,40.9216117915007,16.5354022103485,10.9339507910207,490.624345629913,58.197046281602,4.98283228674116,41.2057794028032,16.7527802366357,11.0564271317401,498.523869373375,59.4075904144992,4.82793933527852,41.2786365514936,16.9352025807954,10.6277564239692,476.069061080736,54.9366569647048,5.34285146306962,40.7425569915181,17.6304490978831,10.3534020106944,441.019363146204,48.4109165628477,6.22274295158822
333,41.0450867055409,16.6150545934701,11.1228757090276,499.25328441131,59.4957130845421,4.63785282147673,40.7767792384525,16.6193880086134,10.9150844402594,484.5455658748,57.0677174735775,5.07736572303567,41.1773958567935,16.779234006573,11.0322819098023,494.601964944652,58.4957884911225,4.91699243830253,41.1950094775997,16.9598887982493,10.6112730696616,471.32017488458,54.1416511410219,5.43756546253064,40.6121066631299,17.7574289357744,10.3053716042686,435.212179466176,47.467710296611,6.24649302119992
334,40.9836662361896,16.6753154608744,11.0938656576201,495.279896225633,58.9470933575326,4.69100581486719,40.7800569891747,16.6327008272908,10.9175669748625,483.010418630692,56.9250235740236,5.00966977261097,41.1136945329565,16.8033855951268,11.0327450312506,493.258094148091,58.4347767986221,4.83363924982378,41.1808970098351,17.0333991400135,10.6075160443267,470.347068447455,54.0367185202943,5.28715279746514,40.5691347015562,17.721429122126,10.3680975015682,436.586003004723,47.7545385069138,6.09208249468446
335,41.0307080357027,16.6282722757202,11.0960649810355,497.189872889739,59.2694867210168,4.45352265783947,40.8058668012973,16.5480478554708,10.9185466560218,485.788903376272,57.3931173954673,4.77718802825761,41.2228881771412,16.7414588149041,11.0133951740838,494.937236767279,58.5925345023092,4.66198155108587,41.2968223890072,16.9925159302155,10.6261126161064,471.17264021961,54.0635670685272,5.13884351001499,40.5639098056447,17.718095153838,10.3578391380943,436.62307357287,47.7466766112917,5.91072689807879
336,41.0549700622979,16.6292513571137,11.0042944989201,494.6470434441,58.7470690711346,4.79617203166678,40.9486279234159,16.4946717839797,10.9475183573511,491.362427937063,58.283941376398,4.88060835474344,41.2815589979888,16.7426310898342,11.0369535151338,497.607998989243,59.1016866637746,4.7703440148639,41.2630569938576,16.9603834395933,10.626018151027,474.168569215488,54.6466187451997,5.31629044464364,40.6673050094922,17.6974452347772,10.3041561250511,437.71686722494,47.9240261348709,6.24681704507091
337,41.0270133694675,16.6159602335336,11.14901059353,499.07895760092,59.6222833925995,4.48989040088226,40.793391849197,16.5847840611015,10.9980792359166,487.144365092623,57.6190427290129,4.84103044416106,41.1384034028874,16.8129532671342,11.085934675935,494.278627146448,58.62530070728,4.70266645695019,41.239940989695,16.9587716141388,10.667041246455,474.107918661559,54.6012757789843,5.21559656837803,40.6213749113715,17.7595277094845,10.2857561254623,434.958783899923,47.4492893044765,6.16205036898974
338,40.979922523368,16.5873074606921,11.0952442936739,497.140550854089,59.3721611951451,4.70557522040545,40.8368444538762,16.5527612030982,10.9657026558438,489.223690035598,58.0720207216154,4.91559453983883,41.1399563171768,16.7511455380419,11.0213365402508,493.736470398409,58.5183120156105,4.93248235173013,41.2212690107589,17.0162310521961,10.5963088134218,469.303095235822,53.9008573499835,5.41691171310985,40.6370107863083,17.6909603100692,10.3074726251807,439.014136389716,48.2301717560365,6.17044586519804
339,41.096475861496,16.6112772184124,11.1226354461017,498.681619967619,59.5831054106698,4.66525787272045,40.9175833061115,16.5882974586424,10.9411030533762,488.475060767878,57.901997997187,4.94432595073737,41.2380525173898,16.8339401839449,11.0570997627626,494.92855054245,58.7045271718183,4.87459778741431,41.2718527388386,16.935610612852,10.686266823244,475.550594167727,54.9334026657825,5.24131429421683,40.6912889268003,17.6360499666522,10.3543117101183,438.977062337678,48.0439257862117,6.18626083976633
340,41.0461772051857,16.6320057961537,11.1325242992694,498.321471338334,59.8337851168684,4.35232455269388,40.8924166282694,16.5350706993206,11.0097983287933,490.630610553112,58.508728791873,4.57100869176738,41.2342544458212,16.8053545756923,11.0491779577959,495.371276131065,59.0380567357682,4.56761223235354,41.2669928663199,16.9824838223178,10.7104287313586,474.537386888016,55.0081083902131,4.97971089495077,40.7668865858453,17.6377570598729,10.451739856261,441.815967271482,48.7975442700227,5.72542880873529
341,41.0194668159527,16.6786479426197,11.0376294227116,493.947696550033,58.8550902106483,4.6516341732763,40.7641697009337,16.6081499095435,10.8933789222825,482.63511922602,57.0533789088525,4.96197403499266,41.1492738181122,16.8849061806812,10.9350383772337,488.990792636172,57.747360934554,4.91387467175053,41.2415469432314,17.0254824046752,10.5758935958569,469.093214576841,53.870792460474,5.31932497755713,40.6941184987689,17.7398906019409,10.297019313661,436.427914165023,47.9108517869888,6.02793732971942
342,40.9888374948001,16.6241957212355,11.0560261463444,495.826835382622,59.1172859999198,4.66228887043092,40.7713787712949,16.5343514340091,10.8945482092773,485.51161661003,57.4151799944448,4.91881232440106,41.0707274757386,16.7824429489553,10.9717306532432,490.467935280923,58.0173247780786,4.93289150339997,41.2494001846524,16.9097563997747,10.6656772278547,474.414052016867,54.7665748852601,5.21142138430478,40.5987049891683,17.7210112860961,10.3055145570376,437.902912453464,48.0968499025581,6.11907218287981
343,41.0400154896544,16.6465353900177,11.0974407427852,495.152089669282,59.073823061447,4.77006462604384,40.7786961812055,16.5961834254634,10.9432438901271,485.900304204578,57.616490852325,5.07972334395744,41.2004709102759,16.7668460378665,11.0328528786108,493.857989985857,58.6096892578714,4.93331494881698,41.1971889989778,17.0337756215545,10.660765665281,469.7976206216,54.0924327336507,5.47133901639318,40.5689197080409,17.7405536633542,10.2887933552989,434.098036567553,47.3146120931322,6.36103819356383
344,41.0542566504513,16.630824219271,11.0821994895846,495.759039086652,58.923869037963,4.7110017430191,40.8391531548335,16.5503049060512,10.9202248930696,484.978434901146,57.1813775642809,4.98643456761903,41.215374569585,16.776087085881,11.0302072418823,493.640231720634,58.3215708521244,4.88836581452432,41.243668705714,16.9396407181044,10.6523845537838,474.394351190051,54.520147411379,5.29446479937309,40.6668106007481,17.6705651634054,10.2876652312012,437.716583678042,47.8301076557725,6.14270262219269
345,41.0819568911599,16.5835305213606,11.1759202598116,501.949587175656,60.1263492631376,4.47467912553252,40.9158549111213,16.5819040064235,10.9740529385551,489.5757366814,58.0905703008815,4.78406978569064,41.2408936108629,16.7227755797181,11.102126881202,500.7794206941,59.7436921584577,4.56923874340105,41.2047197285011,16.9844395747689,10.6467541830889,472.834008291989,54.424514059809,5.21473653731323,40.6454588772481,17.7124948528237,10.4134100576792,441.695337098676,48.7793355760909,5.93232717550164
346,41.0627447278007,16.6098442093864,11.1003231008866,496.767590924475,59.1766597138713,4.66544149779906,40.8343923589216,16.5196833335913,11.0083007782347,488.662920185124,57.9517332222287,4.88505199760455,41.238803453259,16.7500824281902,11.0501721596707,495.308335246445,58.7216973590558,4.79956709057187,41.3390053834373,16.9832786642369,10.7007301288386,475.287788615738,54.8327227641855,5.23871429354192,40.594129988264,17.7131134034973,10.3352786224113,434.786998982061,47.4022764944949,6.14279729795772
347,41.0777863208663,16.5840103693145,11.1292230750656,498.10977560174,59.5755909293367,4.68482114625163,40.8864555392568,16.5331171473579,10.9602327038427,486.84178918789,57.7873845472087,5.01094644370102,41.2107164602614,16.7651038202716,11.0723484092182,495.032195223993,58.9047620448079,4.87250793090482,41.2204150494986,16.9898398393309,10.6875010932158,473.811932504584,54.7801945171152,5.266846826446,40.6307578170868,17.7028389235436,10.3365136681447,436.185658059981,47.8938344965137,6.16356768824717
348,41.037575451753,16.5850041071893,11.1294591950431,499.25464770244,59.615483950163,4.50396183434373,40.8506548790058,16.5268530669729,10.9868985015872,490.180383343255,58.1614170247405,4.76354751522841,41.2017264072127,16.724199267208,11.0355507715903,497.15331867893,59.0219711189622,4.68599043085939,41.2431828442036,16.8910834679443,10.689844682989,476.173197654065,55.052294052326,5.09414583845436,40.6405106957682,17.6326830584077,10.3548502305409,440.108071355607,48.4690978581955,5.9392438655083
349,41.0089125712728,16.6285284749311,11.0588600010033,493.367292961683,58.5029387619181,4.87152589060349,40.8147502356092,16.5481932032849,10.9622487259907,486.029856239275,57.3146366627537,5.12210082836391,41.2210898320512,16.7887536345144,11.023943550699,493.749804144871,58.3109083038197,4.9632692865891,41.2414265397262,16.9107684055054,10.6480072407219,472.311861816562,54.2672750211817,5.47127178616403,40.7107782643308,17.5937865676929,10.286509077064,437.531320362923,47.7801746704301,6.30825829335621
350,41.041400150724,16.629004825474,11.1008250437799,495.69773459613,59.2873749565659,4.22961050545635,40.8593666062312,16.5416870878657,10.9749477107959,488.175991672422,58.1102310939934,4.38638173703984,41.2447668342522,16.7288493581577,11.0100447525209,494.784707701571,58.8107205760068,4.4168741350235,41.2249177822654,16.962717531263,10.6635015671335,472.283154391196,54.5822696453534,4.77695712071522,40.6304328705667,17.7089095909925,10.3314560495608,435.602229053892,47.8002717135991,5.56683840211802
351,41.0725832982844,16.5877706797847,11.1331286988288,498.848315809566,59.8418927413063,4.38256310656759,40.7775037765146,16.5754035702522,10.9568042370614,485.750447825842,57.7169361634166,4.74874611680249,41.0894137603595,16.8072563899361,10.9622166615741,488.192448224919,57.8500051444434,4.81495939460861,41.2132402265767,16.9400563033034,10.6374197869081,471.566615500468,54.4625627462838,5.12121414921568,40.6170738337273,17.6209988450914,10.3609259983812,436.063372891309,47.8003377453357,5.99710829704097
352,41.1037391799289,16.6372140589411,11.0843714610639,497.196132797412,59.1775889408648,4.48828448585822,40.8470776804835,16.6258464678824,10.9351135368319,485.14572222069,57.2357822102727,4.77431482658515,41.2972832132188,16.7445465974982,11.046978072445,497.464184193129,59.0477320629388,4.57044596456004,41.2901122509562,17.0151482566775,10.6593206638323,472.522993665996,54.2433509044718,5.13654884600807,40.6028631962156,17.5674401045844,10.3909990511669,440.842476763703,48.4854979731774,5.77845059251612
353,40.9525919728907,16.6488956955518,11.080893147587,494.728933086824,58.9195927392253,4.75384864685861,40.7718086804732,16.6076445498795,10.9044922490529,483.723645906422,57.0647940501188,5.08265370780734,41.138712916622,16.8293431224687,10.9692600518794,491.134838258608,58.0034610990861,4.99993835967492,41.1304060912971,17.0043871993216,10.5838784573217,468.863372036076,53.685610351169,5.44040450224041,40.5674072721851,17.7439852430221,10.2775221375526,434.470532468749,47.362066593159,6.31741930665914
354,41.0476046547349,16.6254465693815,11.0788629810053,499.000679742672,59.4311210655299,4.51874868999372,40.8644227693379,16.5506384381611,10.9389787939239,490.186370044801,57.9994034945338,4.79341359452862,41.2461671478477,16.7089770409902,11.0374357772983,499.604214799912,59.2436205171548,4.65074330868681,41.3244163733042,16.9480456631395,10.6528546135969,476.587624912121,54.8714105574072,5.16354942579578,40.6670156904734,17.7059454327472,10.3068269525772,438.803221617466,48.1006487429077,6.00079298885644
355,40.9718838240333,16.6287079020432,11.0960692499492,495.889091462268,59.0770008960492,4.66874944054024,40.7661317906129,16.5492379994103,10.9222404207267,484.755941733052,57.3087837466086,4.90118099374215,41.052071541998,16.7980288293622,11.0048503055329,489.48603332365,57.893731122975,4.92982999971201,41.1467526041096,16.9519779531074,10.630005481659,470.477119037124,54.0312791030523,5.37405682182999,40.613087225055,17.711937542187,10.3221174919767,437.305585222846,47.8041492035495,6.08478290982308
356,41.056318261727,16.6574744095928,11.0807536311166,497.973599895905,59.4483507930028,4.59709124439237,40.857224915697,16.5779055503868,10.9109929444877,487.059512060785,57.6590415966189,4.8722226658875,41.190812822158,16.7828106184926,11.0383558638495,496.087870179806,58.96741727188,4.74579415239329,41.3030166312813,16.8719871609522,10.6805885542717,476.720612805893,55.1759837111099,5.13634243797908,40.7398892471745,17.6811390584478,10.3295630916027,439.813572741806,48.3636706780065,5.93419293358331
357,40.9642459740146,16.5510713994736,11.0901362341706,496.326030901489,59.2667036380233,4.6184582238214,40.7748869161393,16.5089676700254,10.9710545121869,487.938999424701,57.9624632625361,4.84678705696193,41.2029535208832,16.7178452195892,11.0502884889973,496.052318736945,58.9921392459154,4.71305470342654,41.2158189535629,16.9853746754883,10.654088988997,471.939959676723,54.2459461272945,5.30927287373481,40.7302132803489,17.6305430381826,10.3731636052333,441.135002240967,48.7020234714652,5.90717534708815
358,41.0659207417302,16.6257183693983,11.1472947314807,499.805977751695,59.4659388372081,4.58797580586159,40.8860607840574,16.5428196940986,11.0018832421392,491.593539205638,58.1546681834308,4.77896463985571,41.2212526120013,16.7575853338677,11.0629133140155,497.617653164184,58.8617872819779,4.76504679964122,41.2699649757533,16.9050155130122,10.668624370751,477.3210505728,54.9654155268585,5.17126840931805,40.7559179531956,17.7583157035277,10.3067025248363,438.950482277401,47.9221516935629,6.06209800199793
359,40.9855872243595,16.6455850541468,11.0430760328823,493.818376894942,58.7788153047398,4.85861534752466,40.764756257332,16.5980516641198,10.8674071645967,481.525668365427,56.7575982636182,5.15436515725772,41.1388574694945,16.7696798557814,10.984377955414,491.900946185162,58.2373971532672,5.03624096004223,41.2114393719715,17.0054073478409,10.5908870415361,469.299737617706,53.855088013115,5.5299021101435,40.5975748061843,17.6618006046549,10.2991553751553,437.604969896191,47.8481648205334,6.26037873573908
360,41.0601258063362,16.5806921314233,11.1306797719035,497.255577996509,59.4679601467437,4.78771081640873,40.8885511876082,16.5611530193617,10.976194089328,487.178015412364,57.7426898066836,5.07798265669653,41.2342777904486,16.7713201982908,11.0332080141317,493.420015712811,58.4297761162838,5.07064484431239,41.2283671466557,17.0243329070047,10.6665392228093,472.389958552353,54.4533546357759,5.51723980385749,40.7353284835655,17.6709948433923,10.3728703222313,439.589844205011,48.2705531870744,6.38601021702089
361,41.0587953858524,16.6115324332316,11.1032416571274,496.799373755398,59.3161422267411,4.57195109907362,40.7094813389025,16.62567455004,10.898986540532,481.946125758301,56.9972597357296,4.97733740248341,41.1593793211807,16.7821778075967,11.0281353051358,492.152125530359,58.3187131056689,4.80798272033271,41.2061036011032,16.9635908533309,10.6538477374276,473.173491777174,54.630796903066,5.18837555318,40.7078483892481,17.6879341081652,10.332460117285,439.261974155379,48.2855234964022,6.04395828987678
362,40.9505565573654,16.6401302418478,11.0690224449716,495.039267798865,58.9030732468413,4.63081321141772,40.8397691356856,16.5370345366317,10.9524641728475,488.853694506509,57.9138053736971,4.78341686803374,41.1852804639826,16.7432541574298,11.0211019466174,496.360386620288,58.8687082366298,4.74816026978281,41.1614168849861,16.9566216636945,10.6715258487815,472.483536656585,54.3977248991076,5.16016126750865,40.6271857290525,17.7145775491233,10.341193167684,436.640610307974,47.7537112793328,6.00912079252156
363,41.0454622409169,16.6019774355207,11.082209853837,497.51418651683,59.4907913909292,4.782791325795,40.871624407462,16.5296427843828,10.9140738512106,487.171984495491,57.7794537779529,5.08656791612151,41.2162054721139,16.7580583325136,10.9967430718466,495.291612584871,58.8674104447922,4.97234753745527,41.2338195428471,16.9338280059908,10.6617615478508,473.9367913163,54.8127178156323,5.47789127689826,40.6383116990486,17.6951481727445,10.277165903235,436.480027421423,47.7958554600896,6.31043098454631
364,40.9111380506766,16.6488175222995,11.0424492490024,491.832394920154,58.6411928256891,4.67003771812685,40.7686407863612,16.6476731390334,10.8988743138552,483.774078783052,57.2896961450798,4.87974792829261,41.2481806798133,16.7760048162384,11.0459900926107,495.764582404675,58.9438991740175,4.65817698839877,41.266461869993,16.9968291682588,10.6227634227475,473.208665645959,54.6929986140605,5.05422219430537,40.6083628106979,17.7158895053648,10.3058015529865,435.156565009299,47.6327769159491,5.92462356645322
365,40.9677876727853,16.6463993153285,11.0565104541525,495.667355272068,59.1585069356722,4.39360605152489,40.7344967584379,16.5495455509057,10.9188292762574,485.632250137534,57.5914668302385,4.63789872107689,41.1149392242216,16.7860058076165,10.9877766349383,492.555763050912,58.3680476932271,4.65313363285749,41.1568327393089,16.9250785793699,10.6276031024959,472.870866680924,54.625769263662,5.00784533263589,40.6180087702382,17.6860486736005,10.3494063948164,436.341575206723,47.7216331533668,5.9188826923072
366,41.0094690245552,16.6206041090933,11.1140561469847,497.638750257196,59.3501373499709,4.41951496616797,40.7669104284886,16.577293402657,10.962573463436,488.121496766589,57.8566913121628,4.69580341739269,41.0952034770557,16.7968855801654,11.0577732345249,493.140152292688,58.4321480798645,4.6438063499328,41.2042692873198,16.9999406621113,10.6448175857503,472.728140162995,54.2272386209147,5.13016374035461,40.6474743309325,17.6866475056747,10.352394102159,436.788617175166,47.7979632936117,5.91091435831001
367,40.9616178010118,16.6898721524164,11.0611207291261,492.436950953356,58.5405571795569,4.69423700185224,40.6924510300004,16.656899742028,10.9145901176576,482.032637785758,56.9421359370343,4.98307265479482,41.1465497287575,16.8079801827579,10.9770585468205,491.985294373112,58.2021713623392,4.83503822313066,41.2570362503239,16.9919171201939,10.6415541510102,471.599266699991,54.1990797457441,5.27869075794943,40.593483920551,17.7389350579924,10.3249703439372,434.300805155912,47.3690120064939,6.2713184117535
368,40.9775846568989,16.6356798107202,11.0441451550535,493.742428982978,58.9817492481975,4.78197700357905,40.8259260707861,16.5500485553287,10.9022886622177,484.085383699381,57.4144692473072,5.04514135564262,41.1554555297391,16.7787588435272,11.025879448156,492.894753536237,58.6585655886994,4.89746272232713,41.2106052978052,17.0355461265749,10.5727120358058,468.748758883495,54.0004205852967,5.42969591404452,40.6786271569897,17.6802750009882,10.3265613901365,437.644563057331,47.9904036046715,6.27096194802526
369,40.9672417163204,16.6866926267,11.0395449290058,494.603955152434,58.7526627661703,4.64217844723238,40.8059692587197,16.5440957957044,10.8982041887471,487.0991878581,57.5986179594316,4.8640568022553,41.2230118592974,16.7796182542499,11.0235361828068,496.617210871464,58.8179862767215,4.74149952292074,41.171980263167,16.9820583164141,10.6548933707736,472.643049824215,54.3827606656937,5.25559543967421,40.609103818465,17.6781459661099,10.332716401094,438.562242745053,48.0301857933728,6.03119665857025
370,41.0897747848919,16.6162604032224,11.118938685441,498.022647295795,59.3727310132735,4.70276165087452,40.9046129851591,16.5069293107692,10.9530519575146,489.993701309996,58.1093799716313,4.93307335057223,41.1891002789971,16.7066028665907,11.0109687890168,495.337170511992,58.7617827198312,4.91173775023123,41.3217216581349,16.8919901620487,10.6664938612805,478.131918980056,55.3648711354616,5.22747122696906,40.7067640123546,17.6577252453008,10.3345623811744,441.29254555438,48.5947843877405,6.15806082143805
371,40.9502911721637,16.6562405928067,11.0144561050467,492.340215604759,58.4016366714016,4.94474857658152,40.7778940817236,16.5198472867342,10.9423186686276,487.962418047994,57.6599353999596,5.10062439970176,41.1229793929127,16.7903943268624,11.016718312076,492.622983372936,58.2715577727759,5.0102264341768,41.242350285189,17.0039904756955,10.624083569348,472.012945554664,54.2178141443286,5.48263438648611,40.6904041946326,17.6775396654288,10.3379060298945,437.521088705932,47.6944158409386,6.28944018525377
372,41.0241371890335,16.6279224236387,11.1194836363584,498.433900471066,59.6527817971418,4.3610643425485,40.7661615543675,16.5708027172212,10.895031930243,484.509887215573,57.3770851382278,4.74391486948777,41.1301684968683,16.7956322919898,11.032550818236,493.280590372133,58.597321424545,4.6185316311168,41.1389999625642,17.0282899706915,10.5926428846692,468.116511199051,53.7522453089124,5.18359715089974,40.6146995144642,17.6943040413692,10.2685414774428,436.134942430869,47.827788535727,5.97365653140186
373,40.9947810926844,16.6443097869137,11.0614772177126,494.782669987789,59.0461216705771,4.78994943341921,40.7685878157669,16.6109360081632,10.9075462515315,483.468778950075,57.2345914960142,5.05176944510354,41.1178161922887,16.774145365234,10.9982933747929,492.319016922048,58.4158154192394,4.98945051564583,41.3155805293865,17.0197351898949,10.6210331155061,471.369263809716,54.2783810445499,5.44957627923123,40.576632608989,17.6755531097516,10.3170431548262,433.757581981443,47.3414328777142,6.30211733562757
374,40.9996548781361,16.6700198946462,11.1014491325735,495.040996484917,58.982600435189,4.78225163221772,40.8274925543706,16.656440016209,10.9668828976822,486.779593424036,57.6264934460674,5.0324188089833,41.1275313990951,16.8536809313825,11.0290169531839,490.809454161312,58.0640256067732,5.02236548632162,41.2257491679319,16.9610306189805,10.6040063388302,471.940652980677,54.3459190967077,5.45315192018127,40.6189839236232,17.6960794140371,10.2790359177003,435.42964168683,47.4054935976882,6.46209185592535
375,40.9259056465111,16.6286584182948,11.0878636213399,494.94057101745,59.1435447284076,4.64846576826519,40.7780649788892,16.5823345142241,10.942920800689,485.992823621196,57.684117536486,4.88303793627391,41.1010990844061,16.7964429929763,11.0221847726932,493.503240681076,58.7009830591347,4.7821501393433,41.198846174283,16.9188317763064,10.6560335092519,476.341958962038,55.2278536193348,5.11447690807387,40.6023247317168,17.7530834602044,10.3192593687803,436.308998095594,47.8391880277679,6.20607251073935
376,40.9935044592257,16.6086558938435,11.0937710678668,497.564106142918,59.1985865660989,4.67116012724454,40.7157912932499,16.6129318990517,10.8858326925599,483.195668588715,56.8564056279436,5.11351698053817,41.1395613622564,16.7678248240585,11.0435909923527,495.249604418874,58.5635439448496,4.85701278510168,41.2144494920596,16.9428610584827,10.6447554819986,473.247551207414,54.3765183240479,5.40285251787321,40.6105771929541,17.6454965820213,10.3441705347092,438.069306415797,47.8028899560179,6.20910381711571
377,40.9984480898471,16.6251107498868,11.0550312777051,493.416324809686,58.8301980123427,4.67052511876574,40.8464515146959,16.5478724697545,10.959521667924,486.222485656952,57.6950802801906,4.85147634071405,41.2219307669629,16.7653359072537,11.0494040968298,495.189767446737,58.9306272272327,4.68508272380396,41.1957829718599,17.0268755041031,10.6200902263236,470.893287953559,54.2418188131548,5.33831690387588,40.6086784571386,17.7069674878284,10.349424702949,438.037274502859,47.9630780982414,6.0885674347407
378,41.0426599118662,16.5992714491137,11.0556559950092,499.304084455491,59.8731735672268,4.40859554838613,40.8084485031126,16.5371661050666,10.9038956375827,490.056177407232,58.3987895330868,4.65549288527548,41.1079559443973,16.7460431629529,10.9741586971662,494.098203410695,58.8739522400624,4.6468775253082,41.254591107334,16.9664570863654,10.5670584355636,475.203703013835,54.9133464343223,5.09774552382892,40.7602375472223,17.6960087435171,10.2633410356751,439.210052805445,48.4061804928503,5.98678339194115
379,40.9942523745349,16.7018827869538,11.0900261064494,493.640226316177,58.9417619095202,4.86289438943628,40.7808896541563,16.69668123193,10.9261735037464,483.14137156169,57.2503355570648,5.16217761254632,41.0649159720075,16.8946457054681,10.9414547226682,485.722660988776,57.4315250373814,5.26614285420147,41.1814886295832,17.0273084800438,10.5598237694372,468.495044760867,53.8607997256336,5.6799750800512,40.5743340934682,17.809813874365,10.3157616143641,432.164390076506,47.2476942206077,6.43712465161573
380,41.01336014319,16.6775259399428,11.0948852707862,495.460372241217,59.259332711142,4.63085037733942,40.8332516235221,16.5848491008258,10.9327460200459,486.14349817911,57.7436153013248,4.86150325760043,41.1831440049444,16.7935764833972,11.0494992799231,495.510985305023,59.0085859146962,4.71548207707434,41.3038656210458,17.0659723645196,10.6832813703823,474.676456987569,54.9045392673839,5.22195091529091,40.6754344250391,17.6211554246487,10.4075579152578,440.371002595656,48.5752954179197,5.98970955763551
381,41.0912138186714,16.5437900232291,11.0735167696199,500.711137655249,59.8871545613496,4.53609111442169,40.8961103072881,16.5261880520528,10.9505292778414,491.073571664698,58.3725443961498,4.7595959977368,41.1854746529386,16.693694921966,11.0084044387904,496.992419385552,59.044568331315,4.74318298188652,41.2996838706331,16.8513542646526,10.6523391940523,477.261155517209,55.1258635149914,5.13976341793713,40.6423500085555,17.6763374491998,10.3319198612453,438.82149083978,48.1575264596724,6.04794003483226
382,41.0545686195029,16.6097507448636,11.1171625220896,498.066721476114,59.3364425911974,4.55229088348016,40.8034135645089,16.5718737732104,10.9427433520756,485.481598436726,57.2342799338881,4.93624389262527,41.2231406712394,16.705363502593,11.0832178085829,497.699954469712,59.0797838370097,4.67055289379978,41.2279904119452,16.9467579636819,10.6704046289645,474.2470252966,54.6416407682224,5.1775186059338,40.6792374080695,17.722077581728,10.3535300166689,437.614272232442,47.7607981709065,6.09060028534418
383,40.9740898668815,16.6687437143213,11.0749464470906,496.644880969247,59.0945264979694,4.60923173970017,40.8255325303251,16.5613508077819,10.9555084650693,489.788339530071,58.0330853383614,4.76957654922934,41.1759202274639,16.7389684583712,11.0102843477354,497.551891997477,59.0040404183943,4.71752354205251,41.28018174644,16.9433953039182,10.6602626653899,476.186210647791,54.9887057706798,5.11138952274967,40.6952646372042,17.576956086959,10.3647930929194,442.205757316738,48.5578865520873,5.93834428726611
384,41.0036021130525,16.613161351596,11.0712779055405,496.087885123959,58.882430897654,4.39744686965685,40.7243152331873,16.5961857085744,10.8931729912436,483.279322986579,56.8688306940684,4.71664740990339,41.0776943419637,16.7743241900244,10.9779993352124,489.872111357922,57.7404954586762,4.65121673297868,41.2435142529573,16.9447609140008,10.6177114302239,473.310172795475,54.4431422709844,4.91317084126416,40.6492485841948,17.718467342317,10.3292831696011,437.316452294643,47.8574568551493,5.74912218893863
385,41.0012239435069,16.6733690482901,11.1167357526453,493.506135062764,58.6544315822447,4.6122069339874,40.8475240363486,16.6105791021009,10.9584827943831,485.877285913115,57.3971224769553,4.77115446548652,41.2193924616888,16.7630298191317,11.0214638616777,493.888189430813,58.4605643702169,4.7169749510852,41.236681679858,17.0042967301982,10.5953884611426,471.495455735094,54.2253876256875,5.16079482134588,40.6115757715474,17.7104009316297,10.3332501786027,436.517866510918,47.6287714868285,6.03399236116406
386,40.9491186705217,16.6507135431415,11.0177244863346,494.647666757592,58.9592667088216,4.67182369609837,40.731673724352,16.5798226124142,10.8627759597363,485.113879197003,57.443500418753,4.90646995254056,41.1025619792908,16.7957439420443,10.938944365119,491.945069109379,58.2765750824557,4.86389077250906,41.2172470682306,17.0109307683212,10.5716941906725,472.014147345496,54.3617482051846,5.24414777469088,40.6364624027453,17.6854159521668,10.2937393721648,436.377344768528,47.7349880691393,6.16856294086298
387,41.0461380076755,16.593159399818,11.0978229437503,496.759274948696,59.1983618965747,4.64123487306464,40.8426427079568,16.4850050479384,11.0116777191985,489.665459436721,58.0885168477713,4.84592144964846,41.1193239638252,16.7206668656793,11.0225676084281,494.265243883233,58.7293455461469,4.74938403727928,41.2345636772459,16.994268541814,10.6827656460499,474.117967472806,54.5699036666143,5.31649435778571,40.7105939266732,17.6156277416001,10.3812843553488,440.524966038191,48.4064089414064,6.03471720448955
388,40.9484203971809,16.6203406886019,11.0402543403919,492.03867604699,58.5030657333742,4.95077783988609,40.7527897913474,16.5635170210949,10.8365336000292,480.735236078773,56.6308000591943,5.2881609546158,41.2315177771094,16.687885052208,11.0298187325712,495.33464710648,58.7367241198297,5.03561960932984,41.1658399029036,16.9787986209256,10.5814632279996,468.810280986689,53.8730219321594,5.63953723780395,40.5847271542906,17.7424817581773,10.2823562646299,435.106870333323,47.4113518526744,6.47630171180885
389,41.0064214139185,16.6465817956412,11.0790325041999,493.508819846479,58.7445653695489,4.81217361502062,40.8131841549989,16.5995261060527,10.9454356991916,484.419308120862,57.2239444250546,5.0576004613074,41.1876163496895,16.7868951378264,11.0503002039919,492.234542905219,58.2538405295116,4.98117064958035,41.2694785544329,17.0261450816079,10.6257006955704,470.051905830532,53.8771886746339,5.48474516336521,40.6713336563414,17.6935422612818,10.3452011058083,436.273479263875,47.6771832858547,6.25833548928148
390,41.0502591108336,16.6277567581164,11.1105351863263,497.516514288816,59.2465344377626,4.7992700141244,40.8463534224557,16.5592049842643,10.9673893673672,488.873388782042,57.85706225039,5.00024979055006,41.2374113611799,16.7612623660317,11.0762947138419,497.145601307532,59.0227502097722,4.88579909174835,41.3689793866101,16.9226128659122,10.6784874445753,477.904399967262,55.2452141447149,5.2978274420716,40.6911983288626,17.6452437437687,10.3870876629962,440.994946428438,48.4256032109825,6.16731959041739
391,40.9628254171258,16.7145598904733,11.0330927227718,491.754539156907,58.3491654319361,4.90158077222005,40.7493859030767,16.5946129050417,10.8836507943851,484.364343977472,57.1904443267342,5.10348337532584,41.1186570309129,16.815798950725,11.0170824681786,492.340371646263,58.3085340317637,4.9546151895269,41.2007061261729,17.0210682465764,10.6119999649844,469.211105497524,53.848714982422,5.49780411281245,40.6369415483741,17.7154003495908,10.31667201516,437.279108496816,47.743484406503,6.21532642008686
392,41.014285777447,16.6624229794006,11.0445176339099,495.124358457458,58.8030931863623,4.69946445190293,40.8234896948124,16.6137376742978,10.9053032319138,485.624568888938,57.2139097470564,4.97030884638998,41.1950130143059,16.7976861815536,10.9711104884285,493.45739915783,58.3169677789221,4.86365232383105,41.2467291010654,16.9562775713891,10.6174510274279,473.802034079474,54.56560615885,5.19963035247266,40.5708541089366,17.6436606577318,10.3059490380416,436.773698224617,47.6356395629187,6.10026008324031
393,41.0254201275058,16.6436601546564,11.0942179956925,497.196029452092,59.1632779219622,4.80199957192806,40.7559971907254,16.5965140447366,10.9130854173982,484.249048554218,57.1325832916067,5.15307863256035,41.1133730602247,16.8233542901627,11.0069094160181,491.694036738117,58.0917529852815,5.0444426227186,41.191540846207,16.9896055145729,10.5768038102111,469.637003456917,53.8109644212233,5.55776420538986,40.6168745395858,17.6999399910225,10.3122585383677,437.507075901238,47.8981236813413,6.29006740102488
394,41.0006576404577,16.593571906379,11.0784178845951,498.369743494446,59.3983947079487,4.65301335874656,40.8267889992845,16.527471133855,10.9317883340478,489.554843386744,57.9922379474731,4.89375337623487,41.1586677840138,16.6919746258896,11.0197558589889,497.879076710246,59.1017373519552,4.75201848006407,41.2486405260242,16.9622321057977,10.64580512611,475.585528554573,54.7420545717001,5.33243902503806,40.6319229138474,17.6527378569058,10.2782839659106,437.047815858403,47.7673652290768,6.14334094733878
395,40.9815566190759,16.6596473023123,11.0409729545812,493.677903812795,58.820178652834,4.5208401621235,40.7852119261268,16.5690216190575,10.9371883153985,486.620433297445,57.6915898570507,4.74271380827337,41.1799332916235,16.7839504962646,10.997439288246,492.657752088982,58.4034246300495,4.68121201491958,41.2295141542824,17.0363156769651,10.5850922974473,469.128369366124,53.9130068817986,5.19662536416129,40.6369957077105,17.6627224223199,10.3480669444124,437.698032390144,47.9159360794556,5.8956165434147
396,41.0736495399048,16.5540179446738,11.1694572861895,500.51862409096,59.8179096659692,4.50900384348294,40.8757172193919,16.4926853638187,11.0505111466411,491.592014850956,58.32518221986,4.73552271147514,41.1867977690969,16.7294198980373,11.1083057482464,496.269441463304,58.9084923400891,4.70185925355049,41.2093906255806,16.9549276620953,10.6604052515238,472.166017527654,54.3445954980156,5.22441189269233,40.6449456758344,17.6390147399622,10.3362452469973,438.286586136838,48.1407472685038,5.9943712492499
397,41.0625301571418,16.6093006112414,11.0992253241604,497.125461136217,59.2808499106582,4.51474630583482,40.9664104424002,16.4661300189158,10.9654377874547,491.990429351112,58.4671224847153,4.66179838219261,41.2400344466218,16.7161384674605,11.066946355977,496.710336655093,58.9205588831742,4.68953816193121,41.2721387917069,16.9122489464026,10.6256896872625,474.009359967323,54.7114693521433,5.14790384475025,40.7768817574105,17.6212029736182,10.3764977174542,442.783777644534,48.7747360973842,5.87371236091095
398,40.9983313045643,16.6770683533629,11.0553320497366,494.139955837583,59.0116049852528,4.73065633290866,40.7528870637883,16.6164581637965,10.9186020223195,483.802580175778,57.3452302451273,4.95741256797144,41.0773373588527,16.8672577680358,10.9967350222383,488.484589636847,57.9593574151852,4.97306444583211,41.1579054797629,17.1165041636263,10.5635883667226,467.929387438101,53.8212559290694,5.49521369550706,40.5589018601502,17.7718370024051,10.2784872725283,433.067671944419,47.4258178540051,6.31279972884475
399,40.9929474184606,16.595321848836,11.0358028336552,495.771145853203,59.1670778883005,4.51857959640131,40.7435282746433,16.591890300948,10.8743599237492,483.916314246427,57.2478497503541,4.83544635822146,41.1100804748228,16.7843407076566,11.0026730909943,491.693617219487,58.2954656448526,4.70266344106972,41.1819628922551,16.9923762878692,10.6100224153084,471.353765379809,54.4080151728,5.14499901828729,40.626745713971,17.7613701961664,10.2524977275049,433.14954670707,47.0938195036742,6.02839012416264
400,41.0243543672892,16.6427850795577,11.0662432080211,495.21794859527,58.9843929528109,4.64525128658431,40.8270628897902,16.5706017067473,10.9128297371821,485.694811784526,57.4715399841575,4.9076778057178,41.2134519008528,16.7670690798941,10.9943382795813,494.366299681655,58.6422881370289,4.76075905235335,41.3249259957512,16.9265322976734,10.6350798930134,475.036922167502,54.850271213694,5.18291304245555,40.684844574622,17.6682436907509,10.3502380109133,436.602333461377,47.8490728953541,6.09466731563534
401,40.9320382222725,16.654529891566,11.0579844374197,494.84184169784,58.9277243961272,4.43972736750486,40.6576596443128,16.6094595662816,10.8960733727878,482.79029289174,56.9740518522998,4.77060429301535,41.1772017677308,16.7818293210359,10.9956700882229,494.55991394278,58.6237160065292,4.58888924708759,41.1988676894956,17.0186087730183,10.6085967913626,471.248455482334,54.1726816354826,5.09025693249445,40.6496957668398,17.7878558277593,10.3505371545136,434.566534191821,47.4651901185904,5.86445138398391
402,40.9723534120146,16.6678696392959,11.1043778662991,496.690338429359,59.0132084211918,4.51199686466751,40.8096430577295,16.5495296136495,10.9418135186568,488.780059312489,57.7265377545444,4.67860332969152,41.2200148886117,16.753148897418,11.0642155872576,499.449046339915,59.2089975678445,4.55549041234246,41.2951716112266,16.9811891865452,10.6886614369343,475.815949505868,54.7555614433279,5.13414706958616,40.6465927483821,17.7011650167121,10.3203751323117,438.550668267318,47.8833117894276,5.99452321640466
403,41.0320616835716,16.6696294041228,11.0366088471264,495.038215092665,58.9558616322407,4.78247493650017,40.8073880537502,16.6200591672451,10.8868961979639,483.295636710303,56.9380288966433,5.14010397362629,41.1111154064862,16.8663453535618,10.937269674619,488.725404553077,57.7474886783094,5.04692417172623,41.1780725373675,17.014076428391,10.5549257261729,468.254708758928,53.7095599226448,5.5101032312753,40.6521242179655,17.7235315032439,10.2659136410236,433.823633727789,47.2216279915524,6.3314762914038
404,41.0242766353161,16.6125321761507,11.0451903812144,496.032099133053,59.1409051073123,4.68850115782464,40.8187400326271,16.5735442731769,10.9193660387576,487.349777077478,57.749802417962,4.92527407781796,41.1911292579071,16.7630356965916,11.0331812798927,494.596503798581,58.7214408612186,4.80868232981208,41.2735684542353,16.9756574760329,10.6658866351488,475.496092597868,54.9287035425395,5.16955364929959,40.7853944113413,17.6346723551198,10.4014388392127,441.269501661432,48.6047994995628,6.00164974147695
405,41.0543592370863,16.6394239248479,11.0910106008778,496.223331352994,59.2728863525832,4.53275266223712,40.850405093543,16.5491191412785,10.9638346703053,487.056923138292,57.8091767442051,4.76317630392018,41.1340168212122,16.7847809133704,11.034209543558,492.726213597031,58.5567523345119,4.69411495293614,41.2974343718313,16.952168825244,10.6994715745287,475.830028076942,55.1538408378562,5.07716555334273,40.6593735510453,17.7103693017588,10.3161922214888,436.013039359292,47.6869301925905,6.06665215953091
406,41.0219906649542,16.5093581597311,11.1687581895729,499.966821025668,59.7230383912715,4.2114518363036,40.8739931790477,16.503084552975,11.0352293631533,489.975678855257,58.0950966952901,4.4879486314711,41.1964546627815,16.6706595084067,11.1498144818154,498.964040859753,59.3455114395706,4.32007103186356,41.2372412683358,16.9283546569444,10.6614260532808,474.249075769088,54.7273608671264,4.84882855333145,40.6178830771819,17.6721148258576,10.3903744563235,438.084081597332,48.0985240046713,5.67811669310091
407,41.0152374599839,16.593740515078,11.12644409012,497.997674075578,59.5259459825337,4.9157380909788,40.8038068539229,16.5715432798484,10.987620179699,488.699488314328,57.9854899613889,5.12083114874839,41.1675554880301,16.810417616613,10.9988598788041,492.711160126469,58.3711138822578,5.17258226444014,41.2046674270931,16.9774539030634,10.6540580685103,474.592256344526,54.7383522736391,5.58082476793145,40.6266275773589,17.6225172981503,10.3298695246964,438.598507350916,48.0906733963127,6.4830798670698
408,41.0691515627388,16.6325306753445,11.1002834764715,498.764573397222,59.6438206527401,4.47638374378895,40.8184227736704,16.5715542568844,10.8904530747115,485.915633348357,57.5256570185734,4.8857020681416,41.2175702221341,16.7645816572513,11.0615325505242,496.731892224244,59.1338832352845,4.6583165746244,41.2782136243906,17.020807413052,10.6028335677892,473.115355348549,54.4797712890413,5.26366525372468,40.6509355840964,17.6858795879296,10.303277328702,438.244833825081,48.1344756696024,6.16471883097334
409,41.0003343129728,16.6165975025175,11.120043823921,495.694071858734,59.3078017721967,4.51513708169072,40.8386071866982,16.541113128444,10.9527120523891,485.590160893075,57.694429281265,4.75227159517783,41.1455642848319,16.7681296965082,11.0783764337132,493.670857660426,58.807774278452,4.63538053818756,41.3039624125942,16.9374594155691,10.7035491474873,476.151856480025,55.2608121165025,5.00215978598018,40.5909965745062,17.7189944955353,10.310651448139,436.364215328653,47.9692722832637,5.91987014361908
410,41.0167271045023,16.6061613345915,11.1188351087774,498.207409932152,59.4514831136738,4.71771072190056,40.9075283819056,16.5090868339676,10.9707792511546,492.208229914498,58.4718621275977,4.84617422625048,41.2051072955358,16.776215890153,11.0652124345645,496.40068995785,58.8838084438505,4.89492904729866,41.2315154088343,16.9478414915384,10.6148484179556,474.748483788716,54.7346110640024,5.32274304428996,40.6900620662594,17.6075946457594,10.399938552918,441.006289878852,48.5380876445881,6.08285389018214
411,40.9606507137097,16.6501867198461,11.0378803483813,493.518153521312,58.9486331298361,4.4078567204125,40.7762274686433,16.6470456254915,10.8845371935899,484.427959341125,57.4005415297761,4.67221181845623,41.1206601735614,16.7662991866121,10.9846475057233,492.425423749792,58.5364898232858,4.56924947017551,41.1597578308602,16.997037696178,10.5751493759314,470.67612435163,54.2995352853831,4.95573626650137,40.6579562220847,17.6797266493739,10.3113842347716,437.686611368947,48.0757718079238,5.78114635677702
412,40.9613927771906,16.7027573559507,11.0984012555178,493.573119701612,58.6263786035472,4.86870498253413,40.747885183594,16.6154111175074,10.9441228987192,483.4837286794,56.9676619625518,5.15168422382136,41.1828870649467,16.8425530679093,11.0288606103283,492.596722755943,58.2175746249897,5.01171042753042,41.2300185038114,16.9979474414255,10.6220533725131,470.145319612676,53.8928502075589,5.56938166622648,40.5754609886727,17.763253445302,10.2992427305265,433.58509392677,47.10425776104,6.50377851341838
413,41.0104710953034,16.6598045270533,11.0283806230788,496.149427384192,59.1818714998187,4.7123973570841,40.8423887864912,16.5482674238569,10.8894898294169,488.362003693097,57.9165864962234,4.95432809770308,41.1894163720813,16.7626360295786,10.9532589663125,495.309983221239,58.8303568862922,4.84137644008405,41.2187905215873,16.8953646584215,10.6147673009944,475.080091276265,54.899423734077,5.27958828959539,40.630706628171,17.5962064141037,10.289714443136,439.685130069791,48.2155058998223,6.22782220293015
414,41.0025290981214,16.6380927542654,11.0490933616818,493.025659540722,58.7776498146271,4.6014709441962,40.7560992207896,16.6099160646806,10.910606310335,483.533229896734,57.335970774051,4.81925177842553,41.1756194782701,16.7572634741748,11.0118617824218,493.764681282403,58.7235547356834,4.65072278936955,41.1920109426631,16.9715599879746,10.6154443768037,469.33926886062,54.074964833013,5.17344739585363,40.5859963487454,17.662835799311,10.306617355667,435.698352466943,47.7481947068626,6.02539795229152
415,40.9666049123256,16.667870573809,11.0406234820914,492.820139730924,58.805752934192,4.79741039017572,40.8215582899831,16.5242743735936,10.9630211349026,487.062161075566,57.9531472964464,4.91775580857268,41.1778673296735,16.7944190616277,11.0050454770402,492.155628385506,58.4219435082457,4.92899406850319,41.2337966685376,17.020199348502,10.6318784179258,471.637825442079,54.4208387734907,5.27626254720065,40.5692675760256,17.7173600594302,10.3358525226255,434.451590199838,47.5831376907112,6.20173010940835
416,40.9856141538058,16.6398319955355,11.1210176064978,498.352148775007,59.3666797720314,4.67013909930992,40.8207865012689,16.5679656667935,10.9323613179506,486.884880342791,57.4614783681957,4.95899751769786,41.1225603859386,16.8408976188957,11.0107459448476,493.10464685021,58.2494622822003,4.93506216720445,41.2437868850371,16.9538923358227,10.6885507972273,476.598337229613,54.8717317121609,5.30034063735891,40.6562102733356,17.6906250160151,10.322876724507,438.979116501704,48.0167718609392,6.2489200652297
417,40.9611969077839,16.6439231968889,11.1274726473496,493.059348972669,58.7537060246536,4.59863993629379,40.6919299622731,16.5751559376829,10.9420967020983,482.919316056934,57.0849963640696,4.93889820090728,41.0924357521425,16.7973494113696,10.9994221316322,488.411268030771,57.7337952451818,4.88643995723908,41.1704320837754,17.0553797008402,10.6551808715811,469.192936886173,54.0978205167338,5.24763936149407,40.5628971995126,17.7726654123478,10.293513943349,433.434997277501,47.3601408053675,6.05006506521087
418,41.0474413966133,16.5470605292501,11.1067743643263,498.526534358803,59.4346546393026,4.49139732943015,40.7396331086142,16.5441090411928,10.9429194073725,486.221220701717,57.5038242421259,4.78925155658004,41.1665613941296,16.704306111969,11.0541763525708,495.4747353308,58.8563765547867,4.66632836656063,41.2019403991861,16.9486266097558,10.6797119104293,474.551168686726,54.6909385793734,5.12121075528806,40.6749314419258,17.5650093541201,10.3720505920788,442.334880589806,48.6209155123944,5.84440954728494
419,40.9568647086588,16.6766475368842,11.0025410708082,493.825471064683,58.8216112794986,4.65610706165625,40.8008945310882,16.5678327159793,10.8606640551741,485.088429328198,57.4502026356929,4.89445872472786,41.1820892200293,16.7905277477243,10.9730995809031,494.535180196763,58.6569112078722,4.80781612881675,41.2627733407839,16.9896332132213,10.6172184930539,473.786710450617,54.6554981724577,5.21322399798959,40.6489466463629,17.6708832986431,10.3194544039444,435.629774666931,47.62439669139,6.13411767885234
420,41.021558273677,16.6361577664444,11.072628968695,495.942362829337,59.0645971493527,4.72404420952945,40.8196105705963,16.5866163729446,10.9246280465944,486.716864565021,57.5776556833716,4.95923602236613,41.1545962302598,16.7957777460144,11.0316430476045,493.27250255557,58.3708484546036,4.92957655876927,41.1834591329393,17.0385868747094,10.5755553014515,468.701994686481,53.7379652415314,5.41432163303735,40.7195320090144,17.672798202173,10.3151582380689,438.224015076657,48.0686982739076,6.09206683638431
421,40.9813183278857,16.6201245558008,11.0949159462329,495.952440185844,59.212680703136,4.56303222064325,40.848399327895,16.5817309740116,10.9196278247352,485.815336868818,57.550220710642,4.83412419101626,41.221788104336,16.7135835362002,11.0439456493708,497.272300737762,59.1402845322503,4.64672076400357,41.2594216357313,16.9483191037819,10.6217307582731,474.710717609987,54.9239056036705,5.11152932278027,40.5589758354106,17.6300149715658,10.3369247805715,438.595707735285,48.3098497220832,5.91097654985338
422,41.017250442753,16.5873283015632,11.0768567730471,499.387344708248,59.7944268276241,4.44428257752489,40.7747074502395,16.5864494126586,10.8867763184382,486.644413878091,57.7154328103249,4.80411504964154,41.2452139707535,16.6900349931804,11.0153855557278,500.33424608349,59.6302446304654,4.56876201812343,41.1730055746521,16.9717705222555,10.5905280198407,473.720353437941,54.6706919051518,5.22831238662617,40.6698586603873,17.6396806792019,10.392278607636,441.263554477822,48.4790644935875,6.11273843146067
423,41.026471066561,16.612058471571,11.141702374235,498.28236363847,59.5035759456659,4.64589663614393,40.868704554065,16.5369434942415,10.9992714763281,489.039193771726,58.018110791928,4.87763318846982,41.1505714430935,16.7479560500474,11.0259623024222,494.561291901023,58.6933337217614,4.86868800337158,41.2632293509847,16.9888302128749,10.685805156111,473.915979863013,54.6266998832597,5.28926194085041,40.6635193305487,17.6480356770239,10.4175777835219,439.097660931754,48.1499257878606,6.1848492587491
424,41.0656161949309,16.6697150809441,11.033183435153,495.614463799997,59.2465829425179,4.2478623393209,40.8412554862853,16.5721006580533,10.9382986163187,488.205239795041,58.1392241365562,4.43550550030232,41.2581127626899,16.782362470299,11.0370311254858,496.451788291838,59.18417470432,4.3208354047008,41.2496966150704,16.9661167148544,10.5787535778202,471.163544676051,54.3481149222533,4.91697406810933,40.6881548064086,17.6510076665123,10.2930084350092,438.027166357307,48.1021698883883,5.61370633190955
425,41.0013996326579,16.6031182497837,11.1179843063991,497.51987454448,59.698313832306,4.65143265006106,40.8055919805765,16.5671588232129,10.9522462984868,488.485740242567,58.273041166271,4.87059144715554,41.2207274610131,16.766028936551,11.0592804617978,496.625785814021,59.214656439993,4.80915778856432,41.2527317642156,16.9731913776596,10.6601851162822,474.647657661489,55.0767500874526,5.27420706208084,40.6202208241205,17.6713552666903,10.3914555891179,439.787149016627,48.5240253900338,6.15869129266568
426,41.0358929033238,16.5859669970612,11.0691087073905,497.361126301044,59.398203084841,4.53597953818019,40.7979347469995,16.5067241047404,10.9041705088511,487.12806528361,57.7596432742356,4.80480905926782,41.1832673800722,16.8006353035301,10.9994293110182,493.232041147887,58.5481079526091,4.71871305432067,41.2359099192146,17.0261862763362,10.6099781041084,473.654718822015,54.6756174366604,5.14055661035359,40.7713812360436,17.6568968378281,10.3288205891644,441.502550991386,48.5569538214333,5.9016291314824
427,41.1007605320488,16.5034634189386,11.1434554594854,500.397464278095,59.7433135050439,4.2094615750064,40.8810311355742,16.4870338356866,10.9506519599738,488.832063709772,57.7674895877568,4.61023596224739,41.2360160801329,16.6517837450356,11.068185484161,498.051016117742,59.1667439594264,4.3630605598044,41.2808288373895,16.9044628174603,10.651177571388,475.556861091043,54.7867976266042,4.84673344692908,40.7262098433861,17.6813496650165,10.3438589062344,439.45746837717,48.0022728963926,5.71496030069316
428,40.9812032898366,16.7091275733894,11.1111262168036,494.250664736361,58.669090839264,4.92741756505192,40.7355760881475,16.643277473325,10.967835148276,482.694493544556,56.8133321717413,5.18955814799116,41.1003216584554,16.8358832989968,11.056498057991,492.380477983864,58.2253782801819,5.03914219822306,41.1637359186789,17.019570577692,10.6652039573271,470.089810783109,53.8700370911413,5.58094319085932,40.5554292811377,17.7178599715107,10.3097953285364,434.352273140077,47.2651539999404,6.44351068461219
429,41.0211523631388,16.6114367352807,11.103826340387,497.243411095152,59.0875698441113,4.61405328772632,40.8329669497918,16.4996835732343,10.9991098706465,491.485798190996,58.2588824249038,4.78430953067852,41.1451916363566,16.7881961619007,11.0207970563675,492.301412336047,58.0159839467147,4.88818657107208,41.212486960355,17.0005547392571,10.5890516840932,473.124589774877,54.175547840834,5.28314858135876,40.6650355051153,17.6240343656719,10.3491037518849,440.292415319874,48.2939023715471,5.95105858785689
430,41.012226930352,16.6562157667011,11.0388761327025,493.928632496977,58.8324941779742,4.94491952649389,40.8321639782313,16.6015653099995,10.921917817364,485.865106441662,57.5248642188602,5.15528851450372,41.1519863147733,16.8150495820721,10.9964089158768,491.349421491353,58.2208202778739,5.10298015671838,41.1980700925419,16.964740863877,10.6059518349739,471.841149654316,54.4000505748436,5.49004445304319,40.6170551188196,17.7084366638901,10.2991409103163,437.219366634132,47.9583963405632,6.42583385275722
431,40.9915478615624,16.6427936800226,11.0443590711618,495.280616108844,59.3019354199585,4.59667361767208,40.7953232072791,16.6277716967887,10.8797662282483,484.408789429546,57.4932143163935,4.91367887188919,41.1701244374601,16.8204589930487,10.9219610613317,489.986839716164,58.0928142621385,4.93273038764356,41.2719624919884,17.0094083661822,10.5936902026395,472.443042581415,54.5900253826062,5.18300173704526,40.6373289565277,17.7181264123631,10.2959236375078,435.381206665001,47.7248480790223,6.16388245984776
432,41.044246864825,16.5879469204968,11.0763756022537,497.67604246151,59.56547536346,4.65544058835038,40.848854076585,16.5685961100061,10.9260858302639,486.979857859931,57.8666623901186,4.93388480764747,41.1822650813409,16.7204917128519,11.0358535933889,495.106034758125,58.9366033794432,4.85910970416883,41.19488657895,16.9245721014114,10.6725647459625,476.056463214421,55.2302984298081,5.21224591912397,40.6478625779524,17.6465088013341,10.3087181239462,437.229057496424,47.868952222785,6.18831094641897
433,40.9700228524977,16.650162315014,11.0535702729422,491.498406881973,58.8827353142531,4.64917030200466,40.7955069105301,16.6352327146079,10.8733114871928,481.647954903953,57.1830416138799,4.91855424179458,41.033464869854,16.8117113146309,10.9658019389915,486.349250733835,57.8016329980157,4.88159773832369,41.1500508991031,17.0521229832888,10.6020753911452,469.138647760648,54.3917601689707,5.16201858296349,40.5417177431103,17.7828206500388,10.2714794853705,433.52258544826,47.3695026600912,6.14290459844704
434,41.0555693525293,16.5844784814742,11.0513409979722,496.455410993937,59.273785328119,4.35368705395338,40.8803614618231,16.5581908847499,10.8919272743689,486.556822946063,57.6889891878585,4.64078690004183,41.2316186064831,16.7718725835207,10.9490658100906,492.491251317722,58.3664459128289,4.56814693859892,41.3047663315409,16.9199897012654,10.6465191604379,475.751238954774,55.1007806661341,4.83945480656958,40.6885894765548,17.7153680806821,10.3152806318697,438.248546674465,48.1360161452465,5.78517673504333
435,41.0509656396327,16.6436540257537,11.0934748076155,496.888795967295,59.1307700751748,4.53052638218716,40.8883581831533,16.5963189560934,10.9485571844745,487.494877505753,57.6068546215343,4.76534216530547,41.2040143600217,16.7932425981697,11.0495655264309,495.886098424394,58.7725682765498,4.62845999650093,41.2938116605568,16.9912221951588,10.6293219190057,472.774703250761,54.2900006936818,5.18089227399856,40.7152233289827,17.709153352121,10.3471196537973,440.041161527478,48.2253553336894,5.86945969134298
436,40.900640162014,16.7031302114934,11.0328864082956,492.441222931371,58.5598144548564,4.96161737011541,40.6510617233746,16.6357124669619,10.8609498022746,480.652341656419,56.6310310502069,5.27747537025266,41.0692417778923,16.8747824303932,10.9693837414844,489.84719727721,57.9401188514438,5.13055502206857,41.1525964475697,16.982382248709,10.6144603821898,471.106307009046,54.2286347597774,5.44019082631609,40.5741970406172,17.7460005025061,10.2434478953784,433.358337659248,47.2189003606294,6.47523606473546
437,41.016956527543,16.5206508606793,11.1179517196572,499.571772354026,59.5820449730578,4.43889124004254,40.8019374006826,16.5424918901248,10.9385542355454,487.60045831933,57.646511060228,4.77484694084619,41.1225984636401,16.6965370003771,11.014966347075,494.729963988288,58.5754655498745,4.68261126953828,41.1373130200606,16.9542608995807,10.64336367931,471.675105201654,54.1278804827304,5.21754790716669,40.6060923572619,17.7673370204514,10.2904808165189,436.660041516355,47.7653192618495,6.01849263964482
438,41.0184689971309,16.6333018090563,11.0931903048185,497.413853283922,59.4886006612865,4.45871981510181,40.8239769966762,16.5559224152484,10.9032511178993,485.209041071089,57.4420286904013,4.71712053173499,41.1744618922482,16.7876976038332,11.0063100925665,493.994031925769,58.6524587343328,4.67143343260361,41.2049987983195,16.9793489093761,10.6837771052775,473.973567102713,54.7077579121,5.06451236049253,40.629370317333,17.6483217126069,10.3560756130283,438.785149390266,48.1711653361952,5.8935948780329
439,40.9895976029725,16.5836406491125,11.0570450169054,495.120527656167,58.830909966265,4.71730920703229,40.800511389342,16.5268732111003,10.9169556416457,487.238392402431,57.5299588016399,4.98486537503663,41.0940486167214,16.6913688957855,11.0010834817092,492.578302262006,58.219059972448,4.91374032963274,41.1701118677596,16.9226857545956,10.640178159547,473.832621383174,54.5312944610601,5.27808186430617,40.5624166823651,17.6826329474269,10.2977536775485,434.562455479224,47.2202411404318,6.27317697472342
440,40.8779470635863,16.6333969361754,11.0577401923147,492.453431383543,58.8000051376673,4.51625426117884,40.7279066266968,16.6277010705883,10.9119913626248,482.851689646996,57.1583242497131,4.74386752990102,40.9805938147983,16.7710189478104,11.0063470593454,489.089160706817,58.0635103519058,4.68480634350734,41.1419851553261,16.9670876490667,10.6233703032586,470.074617144736,54.1428582517735,5.03655544720218,40.6084184057499,17.7006413411938,10.3304587961669,435.354917126655,47.743333491573,5.78345843836996
441,41.0634349628703,16.5867064795047,11.0929751391054,500.094682380319,59.8172306519687,4.73629131270943,40.8933612654152,16.5515391612917,10.9073244838612,488.940804573406,57.9405569629887,5.0880988152938,41.2124222350758,16.7669612571166,10.9986044406253,495.188602670593,58.6861359613915,5.02666433826218,41.3435670299513,16.9246222495002,10.6138366185503,475.35854095222,54.8083833853151,5.44711959074256,40.6637602301774,17.6453560289867,10.3896588435565,437.993149179644,48.139123716171,6.32368811154427
442,40.9671262078097,16.6022278055137,11.0884024316254,495.484089604187,59.1714335517434,4.48214790704334,40.8285181686471,16.5278301493564,10.9793076388992,488.105912414097,57.9482056249015,4.68949433117912,41.1366539847238,16.766887197943,11.0596810837905,494.446422257123,58.809216683976,4.63801075948036,41.1814996933787,16.944689528398,10.653913851285,474.241678857963,54.89837757442,4.98641693502969,40.70539910997,17.6441605860946,10.3511820111301,438.148713367123,48.0278424991821,5.87631454214857
443,40.9875921266264,16.5891450308989,11.0938331694679,497.202386043638,59.2602477492233,4.43091413587248,40.8022881096651,16.5093994719856,10.9564058766728,487.096168696801,57.5969595809393,4.66361416508994,41.1544176807559,16.7208141204273,11.0387244347283,495.650501595806,58.799951952943,4.58615734759948,41.2035633407296,16.9286418759217,10.639420017189,472.860506486611,54.3941191851352,5.04763481602054,40.6167440662669,17.7036147951922,10.4061972895051,438.110267089768,48.0834588112472,5.77852994645933
444,41.0351767336432,16.6137641935457,11.1094247278664,497.975395764347,59.3255611215978,4.78491631793733,40.7892296483049,16.4931873531515,10.9913957362794,489.636434216334,58.1154148733975,4.99302056131814,41.2324847578746,16.7362976160545,11.077350871433,498.516395131935,59.1600904197738,4.87851732251493,41.2171458460015,16.9192384980356,10.6504704107554,473.648039757615,54.619669998415,5.46963214822507,40.6415513571115,17.6073352800687,10.3691444345011,440.541921527396,48.5146126261383,6.23977149735957
445,41.0519948551106,16.5780833481037,11.1267590250466,501.254515980868,59.9060137049004,4.64770238550359,40.8311748551077,16.5249518675667,10.9954987753258,491.995170309848,58.3980297301973,4.91465367191212,41.2211283667714,16.7410929608696,11.0774992861069,499.116877997677,59.319680125789,4.7782002173096,41.2686565613362,16.9230404782859,10.6888023721073,477.352713679575,55.2130832078955,5.24971949739101,40.6301132351491,17.681834961832,10.40214670428,441.145814919536,48.6309681901676,6.07386318499602
446,41.0277768938919,16.6489140038186,11.1022840491913,494.651174266385,59.022647062936,4.63406808430541,40.7786256634255,16.5480249667029,10.973003925871,486.743803734204,57.7834886553368,4.88403302009518,41.2289505128411,16.7191144563357,11.0709766042786,496.952648003504,59.2013077007493,4.67930330249456,41.2680815417196,16.9350695350524,10.7118437736404,474.976472161184,54.9244546345522,5.12923491665469,40.7130759392075,17.6278825314657,10.3764101699355,438.558171730771,48.0480734646113,6.08976340814691
447,40.9726296446277,16.6572347316469,11.0731128169518,494.803432235978,59.293017298509,4.46487176905964,40.781479652999,16.6374054765711,10.8879249622488,482.787819956692,57.2413580864904,4.84630754384876,41.1647165210971,16.8285772833358,10.9882591531284,492.491689084443,58.6564108784979,4.64132027026594,41.2705804784592,17.0006969095054,10.6460886523083,472.27917257871,54.6074550399375,5.0899170109094,40.6946888013223,17.6772315027364,10.3697841561604,438.242607435642,48.2223703966468,5.91668889371754
448,40.9280165492617,16.6715534821024,11.0909266266799,493.406576591569,58.6622573763482,4.83425564456226,40.7469141385482,16.6160247604704,10.9385761228673,483.297663014966,57.0134076071376,5.1365466711429,41.0219458267261,16.7924158661882,11.0412973993779,490.905481121035,58.0955174589254,5.0114727589346,41.158448923346,17.0301534852796,10.6720961167239,470.925604890749,54.1618807458982,5.45081136841524,40.5621874500836,17.686131633281,10.3422233487618,437.357903930296,48.0438191292344,6.19448701423803
449,41.045826801273,16.6502037169831,11.1324607452507,498.424467065672,59.4119005895516,4.63081658438184,40.7583429405986,16.5564551681677,11.0005240042831,487.670947298143,57.7518814609871,4.91723970141621,41.1328947869793,16.8204941263596,11.0532025411427,492.224687609807,58.1837410347354,4.92677426247257,41.1869926425292,16.9495179574603,10.6797552516441,475.04979059742,54.8941087392569,5.23363153604036,40.5832822789107,17.6329957684512,10.4051103835234,438.085682032233,47.9506770871942,6.25183570549774
450,40.9836411466251,16.6297409005144,11.1023606323483,498.502802864102,59.4380843363824,4.80297286556972,40.8045895725591,16.5290346650772,10.9666285803274,490.50503521227,58.1813899521362,4.98538967269673,41.2138507096057,16.7439169765999,11.047373496058,499.346275186224,59.3807186077274,4.87441050161694,41.2043802180816,16.8862005685492,10.647861117754,476.793460145749,55.120673962539,5.35078810406938,40.5948930293142,17.6434037129962,10.3420709504148,436.942784610848,47.9039733438874,6.37764094278252
451,40.9992153453133,16.6723149230603,11.0803916794794,493.689426826968,58.886999227334,4.79034600091864,40.8513743643735,16.6715351241422,10.9555257387837,485.568754281772,57.5099889818385,5.04913741357175,41.2359717792127,16.7831832314617,11.0237428871595,494.18831368302,58.6523365802096,4.93964270003411,41.2412308394823,17.013463555351,10.590856547996,470.750094655543,54.139436367685,5.49818683310801,40.5840670397496,17.7421315667236,10.3179783048483,434.387565281999,47.3014634428792,6.40317141841759
452,41.074332385708,16.533645816123,11.1840203575546,501.609324855812,59.9325187666384,4.45425880584689,40.8590701483775,16.4945892237168,10.9961567354368,488.295291260131,57.7534851625272,4.83520205061193,41.1512816939185,16.7089822591283,11.0698872689909,494.556589104784,58.5351501835776,4.7812473866172,41.2515716115491,17.0119546310703,10.6777849477659,472.908335691431,54.3121057363226,5.22773164151751,40.5559237172383,17.7230734261383,10.3048653305312,435.080708147578,47.4607634815941,6.15335356249822
453,41.0294323417473,16.6564269216445,11.0947657362188,493.985896072274,58.8694751285284,4.63032565592928,40.8233989693726,16.5571506907684,10.9328515843767,485.832117723481,57.5839302945237,4.82621395288644,41.1336887423495,16.8100429713394,11.0016586839387,490.577511255033,58.1386373229473,4.81726934268956,41.2611054486554,17.0673077905757,10.6293499021417,469.336594994832,54.0322442330671,5.30396745101143,40.6021743304227,17.7168519132178,10.3201488306389,434.137771135662,47.5138282635737,6.22428632492812
454,40.9683006574152,16.5977172753987,11.1489387747508,494.960384985085,59.2255523361117,4.60686803577756,40.7309641123506,16.5340355183911,10.9786897902597,484.694372063652,57.5528415274781,4.90165036074884,41.1600768258379,16.6930694917776,11.0915392083666,495.985539263168,59.1445618313174,4.70770718529205,41.1826022578995,16.9869670615688,10.6225148700545,468.379374194179,54.037246778201,5.26438956371488,40.6353152319137,17.6808935917434,10.3777740962176,438.055298366757,48.2852972040194,6.03538674559156
455,41.0366505815562,16.601805932527,11.0640000705444,495.692393354138,59.1416179601488,4.76682803993544,40.8446120136316,16.5207946273081,10.9223242433888,487.443381482955,57.8336537687385,5.00489875340579,41.1648667624877,16.7744874837041,10.9855965692585,492.5454295165,58.3865431601675,4.99714781610677,41.1705815879668,16.9916767009885,10.6196293127387,470.354776551256,54.2395074386785,5.4298341495964,40.6909097274148,17.603905693042,10.3293721309411,441.219922229459,48.6741597674333,6.13558195749202
456,41.0353979662324,16.5340509313655,11.1205439640988,501.118414966953,59.8774983186502,4.44119981972306,40.837473124715,16.5111113083049,10.9422031003971,488.83682866188,57.9251879084049,4.77468700174507,41.1240097185899,16.748587680665,11.0146680646805,494.269140813499,58.5226159747176,4.69615814577645,41.2488674884912,16.9377747690383,10.6373584956057,475.333027494006,54.7680154185539,5.09239263225974,40.7432342914918,17.6353713109571,10.305845996414,442.156500886843,48.771863510884,5.82127362644685
457,41.0604235716065,16.6691732469115,11.0688660354509,494.623781736343,58.9861226297479,4.57340558568246,40.8592139155964,16.595308019606,10.902215520413,484.885802324449,57.3765702597576,4.80952301918245,41.2357466595063,16.7714872764097,11.0339248791648,494.657111673579,58.8055560397678,4.68412343712102,41.2011691932533,17.0263139117265,10.6372259389359,470.536653804017,54.3522987001658,5.15694406982872,40.6332563577481,17.7252503358278,10.3090983686116,433.731980618763,47.5279034898859,6.04093597003524
458,41.0208700291902,16.6268338616311,11.1140273227646,497.76779958148,59.440060427076,4.589809404558,40.7776619400353,16.531540325102,10.9639804752517,488.398210883057,58.0339203762808,4.83432170311973,41.213031148644,16.764808629911,11.0431024175969,495.823752390986,58.9381740413296,4.74849695456101,41.1897357068295,16.9927709044392,10.6397509919995,473.175322159983,54.6408212359188,5.17511422577864,40.6942317571359,17.5414913347266,10.3445173333851,442.557040830792,48.8183051673785,5.95463363888207
459,41.0588458775267,16.6255609425983,11.0901824755965,498.082037174768,59.4993822392015,4.63611115421319,40.8983501277407,16.6009151026297,10.94800710506,488.186609726874,57.9075775506575,4.90306113410746,41.1618792516779,16.8148271021077,11.0259822387388,492.749975508369,58.3857444795535,4.90973170099566,41.2151478831532,17.0176714102758,10.648247159901,472.1849520686,54.4575359079566,5.28132895527462,40.695517111093,17.7009515815995,10.364349386564,439.499880198874,48.4383531146899,6.13073721461595
460,41.0396909518612,16.5663614494681,11.1081187114379,497.191823135386,59.4525818496396,4.475074657424,40.8550192190729,16.4947492782326,10.9280644140342,486.376426039033,57.6368054171285,4.79803430225825,41.1746172403519,16.7401237773582,11.0332044102471,493.333188447756,58.6021556173237,4.6798169207395,41.1969831304934,16.8948744770106,10.6319435949526,472.555775078635,54.4979908310756,5.18624796953888,40.6335719939846,17.663980700062,10.3421737524538,437.490331181348,47.7879620920217,6.04111350981421
461,40.9789544988701,16.6263114692265,11.0648719254733,494.707028460813,58.9056041834542,4.79204584258489,40.750870985882,16.5727234550714,10.9216001213441,484.398314708561,57.2731176286274,5.09526646494803,41.2537019501364,16.7465251323798,11.0468211594626,496.500381431462,58.8698019479076,4.90080248952633,41.2251014563208,16.9306180528058,10.5982719268284,473.333779513308,54.6071561342931,5.35342246473606,40.5414741887665,17.6428098211283,10.350620016338,437.005232470245,48.0029348372897,6.18224710030067
462,41.0474677930918,16.6003099308338,11.0788043143928,498.505550428145,59.4551033123814,4.66009121796899,40.8915407407598,16.5344979315561,10.9714021874966,488.922287212624,58.0056961904148,4.91992478876795,41.2586153416435,16.6985461243977,11.0831036140761,500.016522134876,59.5095406146608,4.71209121760737,41.3072814171455,16.9709774248421,10.706402940908,477.116788977199,55.1342141865182,5.22929572901668,40.633690631834,17.6855578900181,10.4118771254933,439.235775205195,48.4161900194728,6.09897406734223
463,40.9702486437342,16.6958338805138,11.0434528774416,493.014889382728,58.6906563339144,4.68565306522026,40.7341151457392,16.7023416542373,10.8775563651116,480.729949069322,56.6932748570366,5.04767418727034,41.1531203019783,16.8018463365925,10.9896336213953,492.646886869583,58.4191676443066,4.7955484896862,41.2403678881076,16.9938274747737,10.646052504695,473.071470039633,54.4688527821521,5.16251831230049,40.6482315338889,17.6914500174621,10.2631217042994,435.885977273241,47.6053013573179,6.05547896686854
464,41.0417723355815,16.532995708239,11.1345407736342,500.444853717583,60.0218060144717,4.56889101071453,40.6580465400949,16.572564359507,10.9552485862731,483.502259619942,57.3251490397859,5.09507380438392,41.1215644663581,16.753390347701,11.0366080804501,493.293991407752,58.5590182842672,4.92047942962901,41.1959209608459,17.0023066810905,10.6826677570521,471.963017354896,54.5008637241823,5.32314803350936,40.6349533859895,17.7174343186148,10.3104677718468,434.404608447122,47.4369973075198,6.2357052879668
465,40.9727189692835,16.6424097633469,11.0654361953285,496.066556380986,58.8635379946113,4.55581554815189,40.7697731805666,16.5805370297994,10.944380265881,486.791347996656,57.4791622177743,4.74021545523158,41.1866036480423,16.7677841468748,11.0028682673,494.415954957809,58.332393009185,4.72589949649195,41.2424360621167,16.9370513099021,10.6152704897207,474.591027614823,54.5339536541017,5.14737777521496,40.6829297184751,17.6032330220658,10.3569465361332,438.548160248748,47.8618213370835,5.95915471077173
466,40.9430535588297,16.6618514275277,11.0269349133049,492.06037457902,58.6501190440763,4.95723761968474,40.7993775097679,16.5340975581435,10.9244780223569,486.418258232733,57.7501854456313,5.08731602877324,41.1869167365972,16.762457264994,11.0339814345532,495.6838949309,59.0229682742101,4.89653281876742,41.1450552515755,17.0229997388303,10.6307895947256,470.46301549663,54.2671674499256,5.48349936854952,40.5375224446169,17.7504167127859,10.2913028373127,435.632408221783,47.6748554166932,6.43073276624662
467,41.0550750981329,16.5955762706928,11.1081976247734,500.08011959902,59.6284210789727,4.59538893561172,40.7917157263205,16.5727625370834,10.9383996008692,487.524626739233,57.577951940786,4.91276392897339,41.1104249067938,16.7600352876468,10.9880688640171,494.179322898255,58.5053561462131,4.83486270672329,41.2672289227402,16.9509457932707,10.6892397099386,477.679301227338,55.0937189316565,5.17297358732803,40.6820556810979,17.69781103467,10.3473204950248,439.064643465586,48.0991936288737,6.05224386905714
468,40.9774487866273,16.602771014846,11.0669970618536,496.282680137913,58.9425980976948,4.6859922572461,40.7936798466088,16.6006530095377,10.913647854379,485.362745057289,57.1820609344926,5.02061498401266,41.1237003804349,16.7409039750238,11.010469840625,495.303776958078,58.6560306291078,4.80029279064159,41.2061326075322,16.9413179405235,10.6254839034829,473.669439189419,54.5514775441168,5.26602681408666,40.6799981995233,17.7097411819123,10.3485038902191,437.968358383006,47.8186948735197,6.10333930036902
469,41.0997935177057,16.6345270361146,11.0741507788801,496.276333089393,58.9362699391995,4.69268888369804,40.8824931038813,16.5519930189507,10.9641884083446,488.281931669011,57.7587141054838,4.89259574898412,41.215099879162,16.758730030143,11.0108129922002,494.309456199451,58.5031475911083,4.83061736200125,41.2318665332218,17.0014393541845,10.6096060792326,470.20831029263,53.8666647486137,5.47523224865054,40.7475852689171,17.652189442462,10.3233552102122,437.493799904523,47.8229720782065,6.18429887385627
470,40.9634796526289,16.5916240270947,11.1167787861609,497.956023486487,59.4303057931697,4.58829188989113,40.782446779537,16.5208340109998,10.9514408086875,486.821909823448,57.602410149645,4.91103615318974,41.1118012952643,16.7267411793462,11.0514216418405,495.891302999027,58.9158034201633,4.73497745783739,41.2231403218882,16.9842693062478,10.6680498587291,473.634123353597,54.628684300473,5.18579582394599,40.6534551907235,17.6645867929785,10.3426314082242,438.892089003789,48.142799538937,6.01546450511808
471,40.9370527853074,16.6640103235964,11.0931515219613,495.135209748229,58.7719086943949,4.6960569907034,40.762593625472,16.563081356382,10.9375216809206,487.352590667859,57.5347980951122,4.9072589142395,41.1841503103779,16.7662828076566,11.0641725106859,495.968617487582,58.654962261189,4.80368570112879,41.2010744539097,16.9879008933411,10.6482071484927,471.659963503267,54.0892189320621,5.2813695424989,40.6135005742126,17.6896779892857,10.357745386648,438.114822480875,47.8201174702088,6.06035242986809
472,40.9189258040601,16.6433641362516,11.0227121528999,490.59095191794,58.3675497604239,4.70419947464095,40.7548002662704,16.6195642365651,10.865012160562,481.493860505998,56.8515839741812,4.96946266920444,41.06933892368,16.7848561696007,10.9750594417001,489.144062872553,57.9903463860024,4.83485561050716,41.1181328936781,17.092234107823,10.6304946575953,468.600205439056,53.8751362298468,5.37697250975982,40.595131731743,17.7763738213633,10.3112288234453,434.064191736332,47.4442303680141,6.0681019951298
473,41.115676611096,16.6370891509507,11.1561278583683,498.965980641566,59.546250437911,4.90767576129567,40.8649474155696,16.5423810838817,11.0188564908781,490.233689654536,58.1853304478311,5.17355729979288,41.3030357051586,16.729649171065,11.1084191441689,499.850803380304,59.4761084008716,4.98923802130644,41.2906883735179,17.0021081862663,10.6948900149998,474.838201289496,54.7624114399608,5.5848870983174,40.6283929036201,17.690765679837,10.4066528326841,440.186439563187,48.2800733972489,6.56480041100717
474,41.0191375439493,16.5629564442022,11.1693648964956,497.93147148126,59.5245428335274,4.78972400408461,40.8158554747668,16.4861958523862,11.0031628053414,488.48571582916,58.0285046333057,5.02482996776253,41.1669328913047,16.7288215821598,11.053517388845,493.958263041798,58.5790717519199,5.06423356715984,41.2942724018274,16.9822567751298,10.6886293340683,472.009888311548,54.4473947200242,5.55534589938073,40.6704932418187,17.6256401013953,10.3857091046131,438.057364833921,48.1346576076862,6.3279341017344
475,40.9628702712774,16.7112307697619,11.0634192502416,495.101010947935,59.0381709325477,4.65955521700889,40.7205676566526,16.5461962420488,10.9100584110328,486.471279055485,57.6658513589808,4.91516054794471,41.1031540788317,16.8045035723657,11.0008412165117,493.380342446584,58.5939800944468,4.81435485973565,41.0679607596664,16.9621810961871,10.5924145989657,470.384636263915,54.2399158817007,5.26662217830924,40.576143698101,17.7025322498157,10.3005467527375,437.21192403821,47.9932254877824,6.08033877035389
476,41.0023520658862,16.6243789391688,11.0662941755078,495.784510233669,58.9984969014289,4.60520746754994,40.7840225364915,16.5290838953362,10.9043096096968,485.135611495695,57.2553467204506,4.89142985052879,41.1177761726979,16.7517079440148,11.0191183971455,494.078603373528,58.6350430344119,4.73326506835695,41.2589043418221,16.9781065425735,10.6283511756592,472.635314236674,54.3304925245841,5.25096777247994,40.6089303148464,17.7324122760525,10.3191088411493,434.692438600318,47.3455847569451,6.10270047605815
477,41.077725510192,16.6188980429618,11.1114663866954,498.533254947019,59.5680986543852,4.39626371156675,40.8175649687262,16.567958890219,10.9372507185345,486.430764750491,57.6769922354557,4.69780322071822,41.1301568110643,16.7748012305299,11.0434255182181,494.145352582357,58.7737188693979,4.54669121059874,41.2831413261874,17.0174288624745,10.6469022768194,472.194449862434,54.4198279662414,5.05793972209307,40.6316637352241,17.7045486740021,10.2927425306825,438.021122759121,48.128944648683,5.77650741810592
478,40.9324600048696,16.6241144584644,11.0821162147292,493.850704486421,58.9343438568641,4.56538289108497,40.8053781401592,16.5344077886256,10.9563563598139,486.914638343669,57.8375258979718,4.75337679340687,41.1598159743907,16.743060852944,11.0610169448851,495.106287016803,58.9095152577358,4.61672171056882,41.1501653062743,16.9922120475712,10.645821987954,471.227632540404,54.3933325265,5.16575733325485,40.6760229928017,17.6800732517261,10.4102313948716,439.79382679465,48.3425763103416,5.93261534769614
479,40.9433655634394,16.6259101454267,11.0968122777921,494.589390143806,59.063787644582,4.71858408178133,40.7408863450621,16.5847953465717,10.9784093936304,485.098223497263,57.518977776268,4.95234325439052,41.1650088398424,16.7754732977222,11.0356492233008,493.574445023341,58.5858790380704,4.90401927693572,41.1839244275403,17.0106570167603,10.6185141562038,470.878208010621,54.2831370192384,5.36720657263659,40.5623655287314,17.6998100778085,10.2894938674528,435.574790823978,47.6255352013697,6.23849020612561
480,41.0798887901415,16.5385603639228,11.0991688181308,501.041949657686,59.845282999819,4.59768087721637,40.8791699945611,16.5181268986974,10.9484585908295,489.763335697205,58.038949286522,4.9109245153875,41.2254447030197,16.7612438451878,11.0786573761413,496.691144740324,59.0212172393134,4.76653575122735,41.2790040805593,16.9622551302832,10.6458023629909,476.601909233892,54.9885808505896,5.3300290181968,40.76118358435,17.6564845070857,10.3647194674297,441.473639507653,48.5714729943305,6.10757957443019
481,40.9689591580765,16.6803902468625,11.0296642799936,493.866677041262,59.1443563781785,4.5895334463092,40.8284039425049,16.6138526457318,10.8475979930489,483.653464548418,57.4479772758138,4.83598255247899,41.14828404037,16.8164293915051,10.9919001952264,492.708770632405,58.6845754357539,4.72367334409166,41.217833127207,16.9955718124596,10.5761016927386,471.303282908245,54.4850925684212,5.21098056363979,40.7565644636668,17.6468344700477,10.323595682344,437.545855050201,48.0335116204705,6.02324379809335
482,41.0093479766374,16.6106169701405,11.1149924406054,498.885530463377,59.7238160411283,4.50545351749955,40.8536856851195,16.5179694802163,10.9612633035075,490.89850705466,58.45764225585,4.72883386256264,41.1809238353495,16.7694135602448,11.06247625073,496.883445892665,59.1622843190769,4.66176680971529,41.2679017053297,16.9588630548741,10.6202652497292,473.60329457079,54.8288760322878,5.14582454687478,40.6444241893694,17.6204829359621,10.3362807362096,439.969081804903,48.5631054515519,5.94438532262227
483,41.006480174282,16.5713708169318,11.045578232451,497.863946286023,59.3147339339696,4.59945782147512,40.8366736715629,16.5556408728702,10.8676641086011,486.560172286423,57.4351257997364,4.89456256654922,41.1432560778622,16.8028410562777,10.975574403725,493.712048823886,58.3463283777387,4.80449723494653,41.2372525816792,16.9458754737523,10.568637563913,473.318279136094,54.4044403135126,5.21045511197153,40.7095917104196,17.7047758208593,10.3424635068625,438.832090675762,48.1087595548883,5.98633713153657
484,41.0554597745993,16.6386119699413,11.1331807626021,498.826371988368,59.3848840673785,4.89050346277697,40.8457612039929,16.5500141901652,11.0119532032751,490.378434113318,58.015712292821,5.09708977379552,41.2557069744462,16.7355963960185,11.1255677000773,500.388609716635,59.4745375566947,4.93849908237837,41.3512092283002,16.9731759694118,10.6400038351806,474.747868845321,54.638812009601,5.56677598846595,40.6395802539485,17.6923310166022,10.3654111756961,439.07801954383,48.0413062143171,6.41687721388055
485,40.9865945440354,16.6060085691581,11.1142010190865,498.54990972087,59.6083522531125,4.55583966829702,40.822180381293,16.5686776542738,10.9075731673124,486.864432465796,57.69221350415,4.88168534191208,41.1305739161747,16.7900179633008,11.0264561682272,494.726921824422,58.7482434543912,4.75205574223656,41.2367459216758,16.9924856214391,10.5992621895212,471.240584474633,54.1937049713009,5.29766368179294,40.6124962384529,17.6468049824033,10.3128471901965,438.447738088803,48.1393843175924,5.96124680529464
486,41.0475503007361,16.6011361159173,11.1190146653011,499.082133143178,59.857629959202,4.52854637433649,40.7922826375791,16.5731889548005,10.9426652303405,486.303849898541,57.8198272298763,4.86929527317966,41.1200532310955,16.8093526699189,11.0116433540796,491.739448768355,58.4706415744576,4.8247016684557,41.2759496815679,16.9225536628427,10.6312203610868,473.177072188802,54.7345225734152,5.2915011916413,40.6902982082669,17.6292336663026,10.3460955245598,438.710422687367,48.4037717591717,6.0210401300156
487,41.0270418219229,16.55380595557,11.1495225607989,500.206116971614,59.6818839489614,4.48955544217579,40.8039059902454,16.4989047819612,11.0176665808062,491.026911945481,58.285804436797,4.71726716838496,41.1416792517085,16.7544876542645,11.0831228734097,495.296916149139,58.7325712830829,4.71319501843077,41.2236719015199,16.9509592902997,10.7721994399352,476.702690250935,55.1090470253982,5.11891168799702,40.6741229570496,17.6949006965118,10.3771479170779,439.791760151355,48.2053832076068,6.0357636603032
488,41.0265390201514,16.593410106938,11.1473570122222,500.117090732783,59.8743472517818,4.59140819802687,40.8266104468066,16.5471576094261,10.9757483962741,489.320789716155,58.108294514652,4.8278055014731,41.2451445085979,16.7279183242809,11.086722830493,499.402197134902,59.4870340863532,4.73104650114256,41.2042990718549,16.9859003421054,10.6739398676003,474.279581867824,54.7801484548245,5.26405518381709,40.7750486264372,17.6189095069703,10.4097322433152,443.809765812679,48.93030095872,5.98577507346377
489,40.957733624691,16.6375707791274,11.0826732489943,496.489638024614,59.2022482459119,4.62959498822004,40.7841294587367,16.5353954443944,10.9409441801815,487.292838835046,57.7440575175216,4.91314709098862,41.1789235419356,16.7654861264422,11.0242668136953,495.763295882488,58.7825137895906,4.82266897005775,41.1408114674918,16.9745238986018,10.6205710312367,472.257513159528,54.3644390060866,5.34292969876286,40.6488755148146,17.6710562008193,10.345115411019,438.256019571058,48.1097330177896,6.11491255228717
490,41.1052780313972,16.5851835517291,11.1149293371396,500.3410285754,59.7854422859165,4.64431118515032,40.8399295391953,16.5088053390718,10.9695042393924,489.287040775956,58.0570077722079,4.95857677156946,41.197235970796,16.7706447361791,11.0594621038532,497.249182624195,59.1220150779675,4.79141649213044,41.2685035227431,16.9207180771271,10.6390505928447,475.232305766332,54.9284583815972,5.32914018450955,40.6575818376626,17.7069975356437,10.336394849822,439.599295616255,48.3642147997557,6.20443138440069
491,41.010351230462,16.6488179435089,11.0431022439973,495.627173075217,59.07129999999,4.86226223445604,40.7582539787108,16.6190987758866,10.8474813802573,482.181375808358,56.9278496261611,5.19420902183932,41.1153712250607,16.8407125541816,10.9693628504286,490.429662935255,58.0399046265143,5.10614074624633,41.1967907827014,16.9591180291103,10.6098814394317,473.861826587928,54.7315587114892,5.4213809462269,40.6076214560232,17.7092209682643,10.270790838734,436.224798620721,47.788678052867,6.2464919801369
492,40.9667169752502,16.689841536829,11.1126732336692,493.474042673366,58.8632101484132,4.53058593063876,40.7321508756258,16.6351415064367,10.9044164701439,480.815401239273,56.7537885031837,4.8981014604766,41.1468164041899,16.8364604365127,11.0123855687018,490.506016345419,58.0566729061588,4.75322568086004,41.2373731198982,17.0305195593158,10.6238278863428,470.463842110617,54.2379022515184,5.08287329771397,40.692716410112,17.7548507838253,10.3441714087704,435.756536518439,47.6381264281022,5.93627108404288
493,41.0184427555437,16.5831242516713,11.0837471487592,497.586047788388,59.5793241268531,4.73419699786136,40.7915708825045,16.5235795707295,10.9267155236459,488.037541217716,58.1252610452275,4.98940841426756,41.140715244385,16.7319867007829,11.02473684147,495.181838319155,58.9879867342629,4.90117672589157,41.1785929855457,17.0031990184023,10.6274645893255,473.058816098665,54.6754844780991,5.36191597651202,40.6916940950198,17.6663630272656,10.3249050181654,439.131446625913,48.3612838555681,6.2026628238298
494,40.9721195844936,16.6184561265083,11.1639032266189,497.132197461939,59.1885358785302,4.93644420297842,40.8096551902717,16.5578466884444,11.0168423253802,488.324038297743,57.7977821998903,5.13757465247756,41.1956074398603,16.7337856152444,11.0547726437797,494.512568454276,58.4434190027061,5.19093856194498,41.2135713538432,16.9629785251732,10.6859540535014,473.256113585753,54.5110972782193,5.51881238471265,40.6325854461856,17.6555928071788,10.3682809862391,438.376341518831,48.1034516091756,6.39032122932743
495,40.9625435379442,16.6307806044502,11.0312306010431,492.6862029976,58.7140646690597,4.77308558001898,40.7568505249416,16.5575795468018,10.9053805471231,485.52965812314,57.5861107279137,4.96775773420721,41.1414193624444,16.7575972339179,11.0228462518495,492.772255387298,58.5229184204235,4.85600056235167,41.1575614196666,16.922815571133,10.5822615717342,471.376561699151,54.4167512926066,5.29522245548633,40.6102962044437,17.6996444350369,10.2613734085429,435.557859622944,47.6532542710499,6.13160076303763
496,41.0229568756599,16.6755525381118,11.0752179850054,494.163984496648,58.9776311459998,4.73549786180438,40.8021806865014,16.5859231408514,10.9643733996693,487.107124421893,57.8593381159805,4.91397290746549,41.2697411236703,16.7050382513436,11.0857946774606,498.997395895962,59.5523997812616,4.76338362133818,41.2546075701672,16.9830520633718,10.6432766092704,472.305311619063,54.4540482017831,5.27990481451491,40.6788333457898,17.6582779560026,10.3788723797007,439.951439884795,48.4521399033771,6.13507697849333
497,41.0097404874335,16.6819795372066,11.050448557992,494.775577553398,58.7910920964797,4.87795946974432,40.7958944158,16.599074025621,10.8650383807081,485.033884688115,57.2281913157857,5.1320877826861,41.158418449376,16.7774533380169,10.9684058405157,492.230805633708,58.1614492412446,5.10938791891564,41.1790833068057,17.0329587108653,10.5025018721047,467.834553787242,53.4909794146099,5.61649879574131,40.5776398867708,17.665641413628,10.339361816911,437.514771325076,47.8580393587222,6.32597725679316
498,41.0464875732047,16.6073095742783,11.1304421347288,497.869019186082,59.3888717667029,4.49710560138366,40.8979417634345,16.4398067267334,11.0042980352332,491.806706473832,58.3865774548189,4.66490834223825,41.2024250467627,16.7887498378351,11.097564856667,495.401458285111,58.8185514665934,4.62809122623319,41.2642409224778,16.9263221952266,10.6798308398076,475.497037685208,54.9081477596738,5.08849459509015,40.7063616062753,17.6617740779405,10.3812878897066,441.369783487957,48.5551795822329,5.86458067786457
499,40.9530181230527,16.6799487850585,11.0031968147037,493.145602572228,58.9645004989198,4.51505028758922,40.8071890499354,16.6181429942898,10.8510196112007,484.838081568392,57.6097378718616,4.75713700093926,41.1881189945186,16.7279303374951,10.9821130664056,495.86329218093,59.2061134558175,4.54218786143897,41.1661966515723,16.9886866202445,10.5908789612702,473.593583876447,55.0804229776971,4.92636051537084,40.5801671514826,17.6972250174038,10.2636706380433,436.419336053337,48.0083970099778,5.89841495402656
500,40.9738742362205,16.6028538771197,11.1500001618127,498.881630365441,59.3439270237851,4.54466085776491,40.829865522628,16.5484111929045,10.9904545633916,488.232683568455,57.5327010707147,4.84215642297706,41.1647447568041,16.7127398858468,11.1104373293345,499.441645297931,59.2751234082285,4.63668734570503,41.2144160723928,16.9792522145461,10.7051034655127,475.264090302453,54.5071813762761,5.22668009241113,40.6011656214492,17.6989376338494,10.4348465417966,439.489399997994,48.0507197995617,6.00610402840655
501,40.9636125756852,16.6406537123877,11.0539877435237,493.623717370513,58.7874753863762,4.56150959923738,40.9160686441409,16.5690123152798,10.9261197595168,487.546272539124,57.7489818839049,4.71380222349647,41.2166205647394,16.7729872820088,11.0428323641957,495.734227151547,58.8720485280309,4.57517195445896,41.165025207075,16.9531727476728,10.6239081847154,472.220398589829,54.4959548983536,4.9926110162419,40.612677615039,17.7390139054822,10.3408147165086,436.068507552252,47.8005806507316,5.87558261182983
502,40.9888846083842,16.6053269623529,11.0602869208599,495.239368287118,59.2509888795047,4.5765888427383,40.8243786665141,16.5943932009951,10.9438996173205,485.240019661082,57.6393302521462,4.81817565264719,41.2087921507754,16.7074236879669,11.0158579694645,495.762081251197,59.105298030542,4.70446801748738,41.1766502345904,16.9921662310613,10.649339980007,472.216016292111,54.694782327814,5.17855483233991,40.6590402600899,17.7159432465308,10.3591148110859,437.8887873344,48.2557730370938,5.87271211704533
503,40.972066549765,16.7086680686412,11.1114342494891,494.175428722612,58.774729443452,4.86769709481509,40.7853139237826,16.55345807315,10.9814412661436,488.032053599789,57.8354772677855,5.05590309291603,41.0541200026126,16.856389362515,11.0240408453522,489.681166571698,57.8474013269541,5.12987692332582,41.1312234072825,17.0178729057399,10.6974015487443,470.80179347933,54.0365654225705,5.54775410111191,40.7010140455393,17.7055219773349,10.366629394951,439.235004740194,48.1377627434054,6.32048998837293
504,41.0187169449422,16.7033621327283,11.0679669767205,494.314251809477,58.6850430814993,4.70485486047537,40.8317129678059,16.5919785547068,10.9417757658625,486.498473400276,57.4636690233817,4.88740308767462,41.2116370360476,16.7589684096145,11.0233523307467,496.587358187219,58.8826931352086,4.7387823984303,41.252847816434,16.9948322651846,10.6322813435038,474.567821390559,54.6505656009602,5.22544454399455,40.711155787617,17.6926234564951,10.3180642637212,438.185404018084,47.7459969955819,6.10942751797103
505,40.9935908572455,16.6081586213794,11.0985911984296,497.23325440107,59.0460629771084,4.91036959719678,40.8214737234111,16.5551380939305,10.9685049527552,488.415451005328,57.6898223839598,5.17808562287758,41.1555624413313,16.7547338090317,11.0775694493,495.912788702037,58.7023346953685,5.0101479727,41.2903410202398,16.9388987304884,10.6536954638438,472.825304336915,54.2260015981131,5.5741044957891,40.6718652706622,17.6293492070929,10.3123762599144,437.836862305291,47.8987632773842,6.28139580394408
506,41.0492789494307,16.6432088776552,11.0846288829747,495.874823150539,58.9856482116825,4.37359393003464,40.7839716749339,16.6232157704943,10.9355622182008,484.514412118197,57.1088503630316,4.71056436681006,41.2089047882967,16.8015716592442,11.0335724217869,493.973560643458,58.422455421132,4.53963359911129,41.2187027848602,16.9317621152218,10.5981152887631,471.222095659192,54.1300870346506,5.05069395720072,40.6470138946649,17.682402093245,10.3077744355516,437.191315562938,47.7872608833677,5.78393719411996
507,40.9756047179479,16.6442564816816,11.0821851317348,496.539467202883,59.3325075865678,4.39968156817045,40.7830134613237,16.5715256019597,10.9244324934308,485.604255146496,57.5558008639631,4.66714589048073,41.091508455589,16.8067525105771,11.002018167891,492.688461312819,58.5539802158387,4.56143762541059,41.2265072234901,17.0416784277061,10.6311033899898,472.869666153416,54.3951545906986,5.01194893691029,40.6499160184049,17.7303765033258,10.2959985236031,435.949299481603,47.6700476172301,5.91316072364863
508,41.0126979009115,16.6227437773769,11.1078064461963,498.533297668593,59.2927524668147,4.40943556510448,40.8452940379045,16.4891725295673,10.9724550091815,490.224173562493,58.0175718063133,4.57658926195706,41.2014375011335,16.7447003050883,11.0418977152509,496.78614951924,58.7404344807605,4.59515291289975,41.3253765079802,16.9067248179254,10.664678069233,475.290632892045,54.7150291832202,4.93940713815408,40.6162663608246,17.6141358018406,10.3123672752244,442.270630575518,48.6252515227689,5.70349053326434
509,41.0505620352976,16.6232125265521,11.0930035994607,498.017081951094,59.3945121550073,4.59064247868826,40.7853669499364,16.5567897287878,10.9408599273089,485.880945606585,57.452229087638,4.93095297244727,41.2022824571039,16.7539029120629,11.0345201974117,495.691187995048,58.7702020190441,4.78294683129192,41.2435096497426,16.9411344773361,10.6961623814109,474.285433103424,54.6784910989259,5.19075021814653,40.663040249152,17.6855498461538,10.3948365991175,436.437286395546,47.6833172590647,6.19799114093536
510,41.0431060282292,16.6415618248115,11.0911581770562,498.365284925648,59.3954490570533,4.50370170057888,40.7673433089777,16.5898146866497,10.9334925055834,486.547006193448,57.5214294582378,4.81739535251553,41.1729275831358,16.8191143659771,11.0036574300203,492.824375872129,58.2224369480512,4.80918855460106,41.1712085361776,17.0100885719527,10.5706722418219,469.233112075664,53.8474828032941,5.30359711700688,40.615089471536,17.7246455417966,10.3178034277423,436.254481107956,47.7044846777892,6.08046410588896
511,41.0083620419939,16.5957627738783,11.1086274321304,497.003647041118,59.2073385401502,4.6813473943035,40.7118624887367,16.5763156100222,10.9058063163954,482.639116532207,56.9310678214978,5.01498324962933,41.0891157522133,16.7899980543228,10.9711747582212,490.474597431492,57.9643328321807,4.96877115720819,41.1392800550093,16.9337642134363,10.6760853299346,471.201819399357,54.1545950961542,5.32066717257471,40.7011325732149,17.6395518318586,10.3237494058161,436.830734132623,47.6921791839406,6.14456083984219
512,40.9628006509747,16.6323174679853,11.071025483841,495.308123117447,59.2621963394432,4.67427649782343,40.8535759469483,16.5737228413634,10.9490619481275,488.052260708261,58.0723121864052,4.85202351324124,41.0892532475769,16.7944666034647,11.019541942329,491.465257861822,58.4481594721063,4.89812397166375,41.2682259914011,16.96047231455,10.6144956574637,473.34577381935,54.741966638372,5.28640247683647,40.5874125114225,17.7316709104208,10.2698130613477,435.35163982697,47.8239676336438,6.23405489463929
513,41.023321793093,16.6259239752477,11.076906243142,494.644645634321,58.7551408816213,4.97407619827356,40.8650729006893,16.5498833376522,10.9588211792447,486.564861954585,57.4830839640075,5.19000787094401,41.1873474499137,16.7628498362269,11.0269462111992,492.722477761853,58.2283975639584,5.16811429946286,41.2363638367397,17.0066161731187,10.6214848661042,469.629285267162,53.7603887446311,5.74363287685657,40.5849217876301,17.7112932949502,10.3059322085821,435.831789371045,47.6005483102868,6.62125069503628
514,41.0353153946529,16.6267750140041,11.125844786756,497.106883128935,59.2469212061529,4.85281553806394,40.7668599332584,16.58530381165,10.9619884092594,486.379663308208,57.5577682101502,5.1528720082988,41.1115878205456,16.7446429486225,11.0430546782887,493.519851798736,58.5410459791096,5.0685077947337,41.1261492676398,16.9627774732703,10.6037781279141,470.527796185285,54.1847046107288,5.54970414987644,40.6104499801418,17.6642613786871,10.3308293309312,439.292801917509,48.152010243259,6.31702267630461
515,41.0615523882265,16.6160632934761,11.1332022372656,498.627085086409,59.4356660402859,4.44797103559042,40.8657200824789,16.5587627412877,10.9588373384543,487.251010857106,57.5298820819097,4.74441839904679,41.2384744119611,16.7040178642085,11.0811626800838,497.729697611055,59.019939011016,4.62473648269794,41.2315440504707,16.9345410845729,10.6588266281367,474.917703975442,54.6933072756826,5.0075108600386,40.7566400645794,17.6032403890895,10.3691679101068,440.914809419577,48.4480848517609,5.77173373860355
516,40.9680501405287,16.6072392307432,11.1025594006002,495.519101008655,58.9437352059982,4.77202005171741,40.7967418913262,16.5258086219709,10.9673960214646,485.836027549228,57.4608070505156,4.96772460341912,41.1651522505205,16.75743640091,11.03295261153,493.238558921945,58.2789514036477,5.0182650099029,41.3390078334047,16.9590603095994,10.6676201319834,473.750158317444,54.5176211112786,5.38822808441541,40.5066954566373,17.6358374847845,10.3601538254494,435.419675803135,47.6702966181464,6.36214146155228
517,40.9982045336537,16.6150198588765,11.1336720905333,497.534598565987,59.4512710750918,4.57781197083045,40.7720881962443,16.5554691599833,10.9363813001827,486.739697693586,57.7647817684759,4.87868184035283,41.1335722235783,16.7726956275541,10.9891129704167,493.104370314974,58.5219108390613,4.8246978741857,41.1399010503578,16.9876283577051,10.6313183718714,473.559060750756,54.7731523621445,5.18633216894084,40.6932212822785,17.6651121044172,10.3306686011929,440.300592869545,48.6182423131429,5.96276789521933
518,40.963184957475,16.571048503591,11.0886016880379,497.897664022753,59.6217858388653,4.5201402945066,40.7437254059255,16.5360529884185,10.9427232946162,486.772900889999,57.7755966780056,4.82897012674746,41.0961951229175,16.7701798539129,11.0014330965411,492.695973881773,58.5259021974452,4.75124548786775,41.2186165482714,16.9955078678077,10.6236398169167,472.271167955166,54.5012254687172,5.1689232654779,40.6110996983723,17.7526071183599,10.3617364818564,438.664300567418,48.1782040625635,5.96986669678451
519,40.9492421391552,16.6462812807612,11.0904910488561,494.914538447796,58.8314107885152,4.62880872611475,40.7736761439842,16.5475274145688,10.9234453494574,485.377710614804,57.2376949475911,4.90713092708918,41.1361203368126,16.7734801620105,11.0463314850351,493.527657263921,58.2917805529038,4.78042823662419,41.2925019451969,16.9682464844941,10.6700877743409,474.466207155669,54.5210449021606,5.14764487841335,40.6044132818969,17.6228357011045,10.3386717203132,437.030214918545,47.8786618373224,6.03591434137373
520,41.0334321818258,16.6390005497997,11.0569881102246,493.661740612391,58.8162246067338,4.65674167857106,40.8126708462241,16.619089363799,10.8890687670469,483.301771752343,57.0416486135745,4.95703492059164,41.2419791516197,16.8048122452196,11.0133090711571,492.80922216464,58.436264594373,4.75951740636403,41.1965416180694,16.9818778495381,10.6276967808242,471.540736781197,54.351989435382,5.19747903884104,40.7372653902122,17.7054501468106,10.2769816456612,436.173184216877,47.6838780691264,6.09287281099547
521,40.9612222419644,16.6436357043471,11.1141443567044,495.321002170573,59.0358679228441,4.58166083464603,40.8213021472839,16.6173904719036,10.9635485224773,485.694421766858,57.3721803146516,4.88383213691717,41.1919728966017,16.8015043907764,11.0509292643872,494.424088891073,58.5978434300444,4.73096047388342,41.2017167242473,16.9871391251986,10.6389765606385,470.147802543363,53.9631122900175,5.27273627351011,40.6266295626884,17.6751722789669,10.3127371674569,439.133605252302,48.2290479380605,5.99100034488141
522,40.9679180646957,16.5806228253981,11.0786010531218,495.322232478906,58.9978271753824,4.73987247217916,40.7673866442902,16.5605439456114,10.929449344132,486.841374827244,57.598965563765,4.95257572347459,41.0608511619174,16.7706040473852,11.0037706446503,490.947238321655,58.1134686508929,4.91557591511245,41.1741095601355,17.0402027021786,10.6347125868032,471.100564426511,54.2863938922236,5.32956484502774,40.7244100926405,17.6817145396074,10.3454635254489,438.477095543633,48.1244191352539,6.08574191286339
523,40.9791438017301,16.6604790837857,11.0363303117497,493.854677586872,59.0369296786607,4.48428271545546,40.7920362117603,16.5951100065014,10.9138190539162,485.33462788649,57.7343287500546,4.65612547638758,41.123322014492,16.8205825615315,10.9785300091271,491.147544217293,58.3583876442747,4.68503951449712,41.3327634298978,16.9238136349599,10.6523031759299,473.315812112259,54.8902554998509,4.95745013739288,40.6406463964815,17.6860385225259,10.2916689089519,436.666288917431,48.0339236319967,5.78673413876578
524,40.975654512533,16.607261750541,11.1229621438066,496.248431380633,59.0887222836293,4.46440388726184,40.8268517183698,16.5615373193042,10.9387364080351,487.996664138206,57.6805793194839,4.70526423166924,41.1592494909559,16.7480326533926,11.0379124073943,494.581390444765,58.5567053664763,4.65343555477612,41.2865876589551,16.9425267389037,10.678471532954,475.845246458482,54.9172238275198,4.95733747199333,40.7080018626492,17.6899074545885,10.3432482784562,438.171796963603,47.9179053550083,5.96122668117061
525,41.0395751477691,16.5704085663989,11.0683771967084,497.417980573215,59.1894256029426,4.70016123011241,40.8433352772829,16.5212119040129,10.9473531129031,487.551406824188,57.664098741657,4.91455908089596,41.1705056027517,16.7503347951233,11.0300517066757,495.542871728602,58.6960201141056,4.82028121092526,41.1971968048675,16.9408157264418,10.6276790009958,471.608669928799,54.0795300714909,5.4174047879239,40.6738025871832,17.7087342703903,10.3216888723333,437.885124927473,47.7539020699829,6.27671977237083
526,41.015419465515,16.6607044540176,11.0857073892797,495.654674518007,59.030827000117,4.54075715006365,40.7218595222038,16.5571084204076,10.9104827060045,484.061594692296,57.1723402292847,4.87901092743641,41.1357792505353,16.8256977084734,10.9967462824315,492.610540727191,58.3715740125127,4.67534779676277,41.1910536512257,17.0288204338631,10.6029090239614,469.725839994226,53.9200273499377,5.15569990578211,40.6597433928581,17.7430058920555,10.3355417331004,435.684060583609,47.6036991486987,5.98258682935456
527,41.0351895767281,16.5800919717558,11.1064858912534,499.106547966997,59.7708803818987,4.63869584234002,40.7420552658823,16.587820451473,10.9066484759587,486.084010650684,57.6446076338602,5.02859741001949,41.132852804507,16.7283291600701,11.0465567692496,495.448302183077,58.9562261387588,4.85265871581754,41.1802938130608,16.9694390535266,10.643580066948,471.773818816469,54.4306124943862,5.4192208217568,40.5575660527497,17.7032559845576,10.2829762390655,434.276001832272,47.5115071091466,6.36689679960747
528,41.063869557955,16.5464763989155,11.0863496533738,497.985460371597,59.2129173270743,4.57371618224516,40.8049625052649,16.5668598040984,10.9286819138728,484.62731657091,57.0111693846206,4.99288373300858,41.2074738901806,16.7213134176189,11.0171237550348,494.441769921415,58.4513575166758,4.80642899927451,41.1939386001329,16.8821482331519,10.6228640148229,473.990530945209,54.3162390878595,5.31406369745143,40.6682378782166,17.6889586117401,10.3267449684933,437.534092026058,47.6005139486471,6.19263861101129
529,41.0843537582096,16.5896302606852,11.1591657170747,499.229808314283,59.6437900933746,4.79092729771671,40.8647561569725,16.5394354338582,11.0065737157976,488.507418839439,57.9092843005257,5.1329254063953,41.1956406884505,16.764550076842,11.0627454065903,494.868288001007,58.7376593352564,5.01585156422577,41.255977288391,16.9399079590577,10.6513389135944,475.691515029679,54.935033645417,5.44170999329923,40.7679184111928,17.6161901956277,10.4287540061426,442.44421604202,48.692764349846,6.35809761745578
530,41.0543478526525,16.5806313511174,11.1005609283866,497.332318997704,59.3408254030024,4.57059818479155,40.8533788492005,16.4965989984223,10.969894492991,488.981584830198,58.014515225031,4.76694666334589,41.2276456621348,16.7290429875933,11.0869440679338,496.660260885171,59.0106514711485,4.6800129835526,41.2666585518207,16.9562160864537,10.6671846076008,473.428639555764,54.5299520047298,5.18543163637163,40.6699624638439,17.6786791553173,10.3176874349925,439.929201650532,48.3250814528271,6.03754933712928
531,40.999959452447,16.5664615597717,11.098306271539,498.058124334562,59.4542364656521,4.54150415714983,40.8910585397967,16.4869823861021,10.9684164579751,490.82001634588,58.3414465467999,4.7184339028112,41.1862784684506,16.6923691457935,11.0730028513149,497.947376678093,59.2026220267279,4.65920338282154,41.3297769091716,16.9197058093648,10.6153575605012,475.595000761529,54.901072716202,5.12915724241274,40.7638980467595,17.5767861534896,10.3268369209295,442.229884641945,48.8073347919136,5.9218693052502
532,40.9211767645321,16.6688224985109,11.0955481669256,494.341427122113,58.8188494451339,4.71051813165231,40.7287253535392,16.6196650120207,10.9075582988544,483.387658519655,56.9435054236875,5.03088064248531,41.0926725726023,16.8135795371407,11.0465273284223,493.122042731454,58.4173472374162,4.81975429399044,41.1155023991731,16.9577520430911,10.6539575399302,470.989738314009,54.1644352555002,5.26904623087924,40.6190447165348,17.6845768934234,10.2890319058522,436.5226336445,47.8370444795544,6.0816152981878
533,40.8953044525706,16.6754983507112,11.1002996000301,492.929226725116,58.5435683166065,4.47676372219756,40.7586696896465,16.5393783709225,10.9679673133421,487.059784393402,57.6288223566528,4.60565918199268,41.1327260896635,16.8153905821281,11.0827388997252,493.824074571564,58.4081510344077,4.5456357106006,41.1985169805174,17.023620844364,10.645440609121,471.13132223968,54.1052422619306,4.98071285041286,40.7212309687937,17.671286065158,10.2909959222401,439.112586345611,48.2127064120257,5.72116298901772
534,41.0301056744176,16.5803762421462,11.1553145564782,499.44796598301,59.6680175107348,4.59690044427369,40.8206441042488,16.5049025641585,11.0116870872171,489.550767809274,58.0125020320734,4.93217715150337,41.2348681238423,16.7330003660652,11.0770903211789,497.054090767183,59.0062805256389,4.81086007655899,41.2579284192381,16.9439040674689,10.7124383574544,475.683364219721,54.8315359572019,5.2935826585915,40.6547937954787,17.57189431254,10.3825244250135,441.349540474458,48.4860094315653,6.12294016368762
535,40.9431859478015,16.65878486416,11.0898992835279,493.998385655085,58.6934695520698,4.86559135814015,40.7849107138795,16.6062936205071,10.9583552774798,486.498770111958,57.4896269624959,5.04573555702559,41.1368650830049,16.8309636348321,11.0158933032619,490.81756770041,57.926534170062,5.10225329500589,41.1948863508859,16.9766801193949,10.6492342278677,473.532873153194,54.5509171305544,5.39574267278066,40.6399877070628,17.7456886915132,10.3429018782266,435.678717896685,47.3924201685583,6.45862092036292
536,41.0352474828595,16.6581064943308,11.0304326874784,492.819864328051,58.8807571136123,4.59579222712653,40.8531287537477,16.6244694514432,10.9121076876811,483.912731256895,57.4230717244406,4.88436999267944,41.206918498319,16.7917082474661,10.9936517174555,492.140660022893,58.4961089645637,4.73069880012248,41.2430882614635,16.9546818851774,10.6069455724427,469.837157372118,54.2285378642823,5.23625032761515,40.6943210947364,17.669627084774,10.2987948095735,435.588602358012,47.8047772683711,6.05010844691122
537,41.1032414076582,16.6243869519497,11.0955548627702,496.459338078058,58.9617901055237,4.52261065444984,40.8974736654257,16.5540259579897,10.9931507455879,489.228667838712,57.8886851536485,4.72252900281795,41.2161121727857,16.7400502256712,11.0261642973035,494.199608303021,58.3632779908408,4.7031668140762,41.2190236251561,16.9469759991809,10.6773427838028,473.730280179697,54.4421247443651,5.1704563733276,40.6601802281056,17.6467185151537,10.3504834690363,437.105093554942,47.5389725904924,6.03398054734412
538,40.9586931877352,16.662400443758,11.1262790695919,494.585719894048,59.20533870865,4.54181727657583,40.8390360300713,16.5748673510367,11.0151304617976,487.021099471199,57.9417388826937,4.68219414896557,41.0943273841303,16.8042431368975,11.0609316120446,492.814048376773,58.7087204822626,4.66939632439888,41.1530542414466,17.0318946725217,10.6408674832261,469.953661635303,54.273215955743,5.13182630653259,40.6447367117328,17.7232312112546,10.3699057687645,435.824710704604,47.8589036697372,6.05033584571006
539,41.0983927328353,16.6669544421074,11.0798503307494,496.855207381352,59.3471631110554,4.70156330607799,40.8923815261552,16.6117518133146,10.9152040250671,485.04324803608,57.4338330813625,5.0278681568475,41.2402941636338,16.8290001569245,10.9793311138411,491.786282810237,58.2861613611129,4.9823281527132,41.2687237150239,17.0367543243224,10.6485091756884,471.157660966727,54.2423202250611,5.46099622747342,40.5758250395517,17.7373196021353,10.2746225832316,434.402648485671,47.5864562602525,6.36972986556798
540,40.9823617664687,16.6314174981318,11.0561914180565,496.003579710556,59.2996239454316,4.64227840253407,40.7616408427328,16.5556963679367,10.9004585475816,485.626582321668,57.6205254385951,4.86786414190445,41.1646119527262,16.75446338695,11.0151771468167,495.535096434729,58.9799431414902,4.77550668307089,41.2436992131023,16.898660267326,10.6364470776315,473.125080847762,54.7601722243329,5.19565756984135,40.6279763218438,17.6975178590008,10.330072866974,437.705080248035,48.100970784107,6.0182918567647
541,41.0851604568804,16.6671815871837,11.0954785518662,497.250918515663,59.5640041980067,4.33078623866434,40.8265999908997,16.611957673844,10.911248334451,484.116019367643,57.4554949896594,4.71284331390471,41.2188979819905,16.8376711330426,11.0494595102822,493.474064442122,58.7776044271952,4.54510132898262,41.2316236121639,17.0320701107012,10.6627862589762,473.085137911439,54.8437273980887,4.9675431494548,40.7559637960015,17.6820474078067,10.3115575367055,438.653000497501,48.2357367887575,5.73160015333895
542,41.001597969911,16.6269746508376,11.1456236377104,496.406994901707,59.5009975891357,4.45242354950726,40.7847222425889,16.5753162393407,10.9767185796302,486.173685506191,57.8736718435104,4.71660076609776,41.1902642640894,16.756543392252,11.0864034545883,495.006525399693,59.071584861085,4.58890543069157,41.2083821987108,17.0096610507031,10.692790776527,471.791255916525,54.6127490026242,5.030252716178,40.6578105831076,17.6069415199924,10.3642373032647,439.152181530677,48.5340599198682,5.78763543654799
543,40.9685855707441,16.643682507647,11.1250425082281,496.619102570063,59.2631478272657,4.56089655641996,40.8003568776794,16.615298789369,10.9521217800702,485.274912863687,57.381091351345,4.8595413244647,41.1761792595999,16.7661458269262,11.0583599225089,496.397914389598,58.9755599311758,4.74473852484745,41.2053776465216,16.9990314179935,10.6210064265259,473.818789338843,54.578868960614,5.16783951360317,40.6392046613106,17.662849511809,10.3214689154482,440.108676544215,48.2709986174452,6.05754248109774
544,41.0553487837515,16.5478108816379,11.119377310575,500.26040693625,59.6991887393557,4.87231693549902,40.7953605051,16.5155457704637,10.9447375532785,486.62821811414,57.5259136460816,5.20867245733412,41.1984068433987,16.7152062416412,11.0752833905523,497.350890484675,58.9885123261457,5.07854503209973,41.2441658394979,16.9600868131776,10.6351939789111,473.760220868847,54.5875128947207,5.47843538337891,40.6786821635187,17.6646170953963,10.3350631302171,438.818858310725,48.1787590719695,6.51012936866649
545,40.9645198848537,16.6671135966808,11.0948915757753,493.745999269965,58.8070261536702,4.42252198394187,40.7636254135158,16.6094620214582,10.9231365865953,484.150662504189,57.2395522397482,4.71662252923553,41.1263108664228,16.7657853802861,11.079954036876,493.731801978575,58.5572742648657,4.54425718569007,41.2327745608847,16.9828406374877,10.6824723936329,474.755279673661,54.9693544919976,4.86143068092921,40.5886717770261,17.6512881884583,10.3400220350188,438.681704251161,48.1676008508161,5.70650843595725
546,40.9813261121951,16.6552125471084,11.0255531917633,492.375645253123,58.717935161033,4.84426392663381,40.7827437817173,16.5669495462595,10.8656164831639,485.035846011246,57.6022375315623,5.03023337066942,41.1704449658082,16.7587998663541,10.9953720722026,493.153500665535,58.682734804909,4.91702391251144,41.1912007117935,16.9312269800769,10.5430262798284,470.154941026744,54.241736315609,5.47524307016628,40.6102399063166,17.6666427618914,10.2593072703376,436.39789881379,47.9818567025951,6.21254820139727
547,40.995039926791,16.5939803961458,11.0750255278953,495.163275802737,58.8410801703777,4.60644279544551,40.8094753242941,16.5102193841675,10.9152258048022,486.094299873928,57.2789011719615,4.90092446855799,41.1591543141287,16.7418404621624,11.041972016751,493.985432147207,58.4556756503688,4.72738213441011,41.1534112705833,16.9408336210128,10.6915390123237,473.700881908452,54.4620478250903,5.18402415671149,40.5922085166475,17.6749466418746,10.2976626480547,436.571220327078,47.5976430731034,6.14142804426618
548,41.016368854746,16.5963952629835,11.1331813646496,499.226805787225,59.7485286538363,4.59891924838793,40.7601641620975,16.5687035630977,10.9506908637771,485.984034233773,57.5513886082233,4.98773701542383,41.1217675617692,16.8013031947302,11.0274476428299,492.909712229542,58.4630781871053,4.92768677894642,41.1492287906486,17.0418295080761,10.6164005841972,470.41647673272,54.1641789828381,5.41121847373357,40.4913062165509,17.7132003189267,10.3073565474648,434.411176450757,47.4606613691311,6.20436030673037
549,41.0142847887613,16.586550615057,11.1560772589628,499.121834782789,59.5816853263212,4.56296908641759,40.7822913985332,16.5197610373972,10.9801230550146,488.606222217547,57.8256297426167,4.95440645862728,41.1786126841406,16.7879061018471,11.0521943358904,494.754838085588,58.6074284209176,4.81804943528991,41.1701900509512,16.9622850259336,10.6513449808788,472.508933233334,54.4013049079935,5.27297818837095,40.7403420659734,17.6926052565914,10.3838030664975,441.164393788914,48.5562285610343,6.11801649270627
550,41.203549413469,16.5247886784282,11.1527037086163,502.509928816964,60.0474186484771,4.45116882534834,40.9912137342281,16.4883171072337,10.9743032148278,491.995355584432,58.306321803136,4.72557827525738,41.2787202778884,16.6988135012374,11.0496598663237,496.224014015949,58.8245818081384,4.74313222541863,41.2831872461588,16.8912463395443,10.7318759345041,477.859984709209,55.1694858038378,5.06375976992795,40.787790859694,17.664387074187,10.4094273186681,441.575153479201,48.526540874376,5.96989559923783
551,40.8819180696561,16.666660833171,11.0541172571662,492.15753906238,58.5344609103534,4.47660006049151,40.7315502490026,16.5918685494663,10.9266085677307,485.430300872411,57.3892156724406,4.69409816210854,41.0527222012411,16.7988072035009,11.0040235943138,490.60389937307,58.081648455489,4.6462391542033,41.1273934753827,17.0450504850965,10.620195691097,467.353723422591,53.6065330219276,5.10170417136712,40.5405893096132,17.743005331547,10.2535268608871,433.766092297225,47.3861853506696,5.96350614940277
552,41.0223992635544,16.5614879380774,11.1128319109121,499.239516958247,59.608363977613,4.46619651153451,40.776285811559,16.5015089333804,10.9512103897875,489.27926729652,58.0470467138724,4.76804958061257,41.2636893012835,16.701616457858,11.0756588261798,498.987605086324,59.3150771284348,4.59562007363436,41.2607142076253,16.8913665595203,10.7018761456315,478.123927723907,55.339972274193,5.0300038816084,40.7188201884441,17.621606473023,10.3402559209584,441.395135943428,48.4702865358645,5.90084631870701
553,40.9567115421707,16.637690660069,11.1231951294572,495.47467609681,59.2519398248175,4.55240347415859,40.7600737145086,16.5596742972085,10.9799686032155,485.936092241321,57.6807740443889,4.78014758958371,41.0779268555854,16.8238942931031,11.0392561455564,491.471417540031,58.3353034229428,4.76468178344946,41.157514596133,17.0220168984891,10.6420499219924,472.550918498092,54.5054351088672,5.12206680140387,40.545895995376,17.6898960982627,10.3060814974566,436.219086602394,47.7656839446093,6.00648295220319
554,41.00218922844,16.6356750236299,11.0417882370067,495.901621298765,58.942480301894,4.54064189798455,40.7497400738595,16.5412748254866,10.9409569189244,487.995770133549,57.8011719837147,4.7022106127383,41.1403586972577,16.8117007063029,10.9856509995343,493.534844665464,58.3237161980371,4.69998955136873,41.1842578364394,17.004614730463,10.6569033681932,472.522867483402,54.3067042308229,5.13583998233242,40.5787347225553,17.6769195276928,10.3676770148316,436.933013275057,47.8990731820432,5.88798224753838
555,40.9876728716075,16.6418727266699,11.061530739035,495.410887443693,59.1249603222355,4.67118713229769,40.8199163975786,16.611763810231,10.8899186577282,485.703886930893,57.5386330771414,4.96697587652261,41.1643146876212,16.8024930149148,10.9464647796146,490.944334128329,58.1074641937929,4.98927438141051,41.2605568293495,17.0248654122573,10.5434497925948,471.317914590972,54.2284946745257,5.34653988688061,40.6280574081955,17.7195743871458,10.293271077288,435.091209869169,47.4362757000455,6.26020884372539
556,40.9361728978343,16.6690127290462,11.0606356815819,494.314288072534,59.1374316206355,4.63554587820373,40.708969804888,16.6161211492563,10.9094178995254,484.399344861656,57.4796031246445,4.92735959568428,41.1455787812238,16.7773401728993,10.9798942085513,493.865832547726,58.7825385602462,4.80785915626173,41.1589837886143,16.9785714908146,10.6253614764754,472.478512605874,54.6241980465107,5.21745441409493,40.6346401461314,17.6453216828852,10.3138269832039,438.82872069665,48.3641209570359,5.98513348332721
557,41.0320208231383,16.5927521047105,11.1183315288436,498.841379663325,59.5603539213382,4.66576553307691,40.8020916199405,16.5120375409704,10.9653329586046,488.308458956314,57.8463899776806,4.93909338265391,41.1024663934507,16.7725113703139,11.0304618297166,492.731917053142,58.384958159124,4.93142667732553,41.2069795898584,16.9497090980128,10.651679341951,474.291605657598,54.7332109289069,5.31277893069737,40.695475363308,17.6841435029734,10.3354150014145,437.948185684349,48.0147962477304,6.15023577823741
558,41.0350266911363,16.6605101806033,11.0591610697269,492.659186355623,58.6028764294544,4.92597619206932,40.8312207686782,16.5888692495894,10.9116647538431,484.483163073464,57.3200927462561,5.14435843437024,41.2147158249532,16.7853650340197,11.0158121292461,492.057059936742,58.2578123285136,5.03499693737025,41.2208181816597,17.0160640407008,10.6217816984236,471.095859316031,54.1812053373344,5.45472080757773,40.6033635651549,17.7097140818357,10.2892429763005,434.125376921457,47.3809748152293,6.46083908169431
559,40.9711342445493,16.6517820559865,11.0493874560325,494.088331757192,59.138443615544,4.38688068388296,40.7664870272977,16.6005472793378,10.955202350641,486.13443596895,57.9455686106241,4.50907802077208,41.1480179996225,16.7683942652181,11.05026233707,495.373393908453,59.1755367253422,4.41065939689483,41.2371267354014,16.9379784478024,10.6718209590339,474.025761395473,55.1103010266925,4.86232667338239,40.6275817089091,17.6980606836496,10.2802821468991,435.084594742872,47.7582493403042,5.72272357637781
560,40.999584168682,16.6642591958467,11.0573110029227,495.510126448125,58.8587072310711,4.63939188762864,40.8316337900881,16.5694812443537,10.8996314583658,485.397518287796,57.2952884887798,4.89144232009855,41.1309767942519,16.7907874658569,10.9994870266687,494.041646918593,58.471128419874,4.77388745166343,41.2299680075588,16.9842139366194,10.605255913704,473.311975768575,54.4554062671604,5.25766570749766,40.7117923482897,17.6962057848584,10.3408503533527,439.438992238588,48.1542221478165,5.9884984645069
561,40.9768310855388,16.6439432382743,11.0768385522884,492.710940822769,58.6442625254592,4.63500712058338,40.8591671296576,16.5302342320071,10.900589540693,486.244232197704,57.5598065971801,4.8181056898827,41.148287412882,16.7463720099881,11.0308435568136,493.799586118933,58.6607848241993,4.6778778505577,41.1922165842392,16.9771357632602,10.6269992663393,471.399512755781,54.3337357189779,5.18142619020642,40.660340174142,17.6771992405233,10.2122396853343,435.58490753262,47.7485990824741,5.9261852972294
562,41.0333336640225,16.6493577838473,11.0867275958734,495.586387811029,59.098662563839,4.63569197804278,40.8374025798899,16.6309616951271,10.9021235514193,482.103610805023,56.9078027093882,5.02328951581347,41.17323902146,16.7659615377668,11.0408773955348,493.798253851234,58.6132321449944,4.80940966524732,41.2327783464849,16.9968866047598,10.6048875718701,470.099988820089,54.0780448654051,5.3665920976794,40.6310516198181,17.6775232690726,10.2914482242391,434.707795177543,47.5114742381547,6.21191948622407
563,41.0239891283868,16.6253324055506,11.0660908638298,494.741164741897,58.8490240740138,4.55576061642505,40.8549027599803,16.5261887165814,10.9327788961176,487.072685329968,57.6601769578035,4.74369154262002,41.2507727545147,16.7351290935882,11.030699622519,495.955818793884,58.7515073563117,4.67890058112421,41.2358517022171,16.9342091417657,10.6374830668398,472.884806301838,54.3024355779468,5.15809072984146,40.6300813832395,17.6978288031136,10.3391662855995,437.068378429432,47.7461893336768,5.97738730006409
564,40.9389358529821,16.6690596685541,11.0516803213322,493.040029363534,58.569217211095,4.74389637188755,40.7989852504248,16.5828865345723,10.9383843228081,485.736888428175,57.3814525895799,4.92179662760029,41.1127531567729,16.8081948113011,11.0059376858654,491.588739658944,58.0227184542505,4.96325852549338,41.1618897219398,17.0921291076682,10.6042263288065,470.074792424138,53.9295458025439,5.32190085200509,40.578302110745,17.7292036295707,10.2936671659952,435.548155711508,47.5311836227602,6.21973999921448
565,40.990689668282,16.6899142569678,11.180272439942,497.646470879985,59.2054744436263,4.53613257674954,40.8121819855315,16.5778888109277,11.0068094340049,487.984168908887,57.6255281098062,4.77297163087285,41.1899141808136,16.845783644116,11.0423118999358,493.965890029818,58.2843048874734,4.80578119341386,41.2428488975449,17.0478363569212,10.642494121913,471.942006191227,54.0734660938518,5.22995494498623,40.6475516362672,17.728083584088,10.3714914026578,436.391620984276,47.6549301275506,5.99662776894836
566,41.0283043600632,16.6324916743323,11.0395002636845,493.790301302096,58.9768948482757,4.55187634077012,40.8423262768577,16.5155038994581,10.9040636541171,486.53261591406,57.7977343371428,4.7970453202657,41.234298428773,16.744616685745,10.9757743756653,493.055138682196,58.6022478481517,4.71924113547196,41.2005241351872,16.9318712404014,10.6050490470839,471.632943102439,54.4258536749084,5.19202808473531,40.6510290688374,17.7005788487166,10.3695794068883,438.418368858301,48.1362035634187,5.98048526179562
567,41.0844933786001,16.7108668599517,11.1319674448864,497.33390507889,59.5155665139299,4.67225520809103,40.8129768882289,16.6273409094728,10.986525063277,485.452933581412,57.5755093779932,5.0032793621098,41.1817809535265,16.872188095603,11.0633257593916,492.059247612232,58.4040501444456,4.95983538293614,41.2989662582835,17.0507119789553,10.6768393987708,471.887334901087,54.4325874988486,5.44430462783753,40.5699794493836,17.7057941188374,10.4016770166893,436.882288048771,47.928886565148,6.24605277612214
568,41.0340143263936,16.5917430430283,11.0235119636116,494.416914332653,59.0843644697117,4.93165583201875,40.8596487625295,16.5334758551859,10.9288332700138,487.579501754215,57.9837300128112,5.18627350667067,41.1514246129074,16.7192979711692,10.9951334743374,492.537320749975,58.5871151868442,5.09270281489932,41.1839926817765,16.8963363328765,10.6348091704314,473.313508925676,54.7873280526523,5.6001270459851,40.617397168468,17.691395746072,10.2538862438929,436.612872741324,48.0139849122233,6.49763433582612
569,40.977476350449,16.6793687205269,11.1297766706558,496.06032825089,59.151398595531,4.63686345930382,40.7446772115933,16.6218654497149,10.9443461266501,484.589136418862,57.3094150954365,4.95505266942748,41.1113843848078,16.7896245927167,11.0484633166159,493.403417704575,58.5177162104482,4.82748907804685,41.1947584069186,16.961209073774,10.6978669470024,472.422767014767,54.4767140507101,5.29508647571051,40.6242978228272,17.6994654249339,10.3022040087306,435.975498640992,47.5511162958938,6.20784658762206
570,40.9411797782694,16.6383649852316,11.0872495359451,493.662689107665,58.6541229993574,4.82346950399657,40.807586523489,16.5770196451901,10.9455865362197,485.006436558066,57.2555075082434,5.06976767626483,41.1165320213011,16.7700205005974,11.0162976969177,492.111941845112,58.1558089591068,4.96359597824661,41.1525035577173,17.0004168711584,10.5989677233222,469.771784946601,53.8829090468753,5.45762196760596,40.5420071421644,17.6417477579935,10.3255531878615,435.522961680063,47.5881648336968,6.21652551192983
571,40.969741404844,16.6007282454471,11.1272453329771,498.918237559619,59.6348188393744,4.52825253126158,40.7161930057059,16.597615699583,10.9703396306538,486.485496379824,57.6476725319895,4.83790657850619,41.100461585381,16.8175457881067,11.0164736739614,493.307185035914,58.4882626625882,4.80425415589284,41.1622247726743,17.0379976453393,10.6492587461867,470.639158816138,54.114883822893,5.30053697812849,40.7126839342934,17.7038752004912,10.3024728049941,438.709690149965,48.0001825641567,6.15386737311459
572,41.0251899424689,16.6526752871111,11.0896115028803,493.65452553784,58.7785951508171,4.88017188813959,40.8219843623372,16.6048615387904,10.9410630669732,484.325871745097,57.3067587655192,5.06558525878218,41.1754724493554,16.7667367914499,11.0241692430837,492.841554362635,58.439803708934,5.00292281778019,41.1801738304616,16.9253523636654,10.6720528135437,471.924099113802,54.3891331303857,5.47029783142639,40.6030195489782,17.6961124524286,10.3008125537014,435.609240224265,47.6124032377016,6.42914566579043
573,41.0011753565321,16.6665342303028,11.0059916047667,493.573528680341,58.6829985291472,4.59366626503817,40.8438330238976,16.5405803390881,10.90255182396,486.363753313579,57.5469881690974,4.75592209633862,41.1554328560732,16.7779250896308,10.9897543776033,493.573352466082,58.5304234645404,4.67487575174275,41.2338575482071,16.9433282305345,10.6556222126624,472.209190241341,54.4350845229982,5.08387494989677,40.7407949099989,17.70538924314,10.3448045243969,438.968574926267,48.1793223788677,5.8484146027556
574,41.0283365649339,16.6664318863736,11.0596200071815,493.359365542266,58.7422064233982,4.5770044398443,40.6994350419181,16.5630317827469,10.9304236988192,482.595438936798,57.1284950939384,4.87455211878852,41.1460327660383,16.8044485386932,11.0236804935243,491.734224689764,58.3252980072906,4.70175399234801,41.165534936036,17.06662471221,10.6480350947653,470.503635310207,54.13612289503,5.12069596994255,40.6965573116939,17.6574896854819,10.3499332123384,438.520219327754,48.0466766157582,5.94612143049618
575,41.0071061329231,16.6107472142148,11.066282317659,496.988335368333,59.182634482438,4.48706336569922,40.8460287158235,16.5274381115628,10.9111700146817,489.572152549612,57.9628211195587,4.71250172363861,41.1734760833618,16.7069100000585,11.0309609821342,496.922373107807,59.0068096238617,4.57978387714523,41.2560513625256,16.8579033347283,10.649788953306,476.399187707986,54.8681113032001,5.0865982126432,40.7145977493034,17.6637019942145,10.3658531240476,440.661885614341,48.3920900695515,5.84809110749463
576,41.0179556504076,16.6644668785444,11.0481430759425,495.056454820781,58.97819393638,4.57430272810923,40.7473989253244,16.637127771021,10.9074051240513,484.053030187771,57.163434841685,4.90112968597203,41.1137980964487,16.8294466478668,10.9406389907328,490.443753436968,57.9826637852963,4.8468893714072,41.1387923984663,17.0473222338077,10.6278632262797,471.597534185983,54.2611763257082,5.21781180086646,40.5573609841237,17.7623122598266,10.2937662157892,435.603414614626,47.567918019292,6.13397381756503
577,40.9937955752086,16.6838807742298,11.1011484113626,495.519841060475,59.0960922246883,4.46242103745211,40.7994960407885,16.6270252734551,10.9626610679612,486.531917135501,57.7070500140875,4.71225144099713,41.1377518849936,16.7936557630412,11.057103666794,494.224164025061,58.7322265698406,4.59484744181426,41.2140433432461,16.9791962321523,10.6869786622561,473.543250496068,54.7681986418393,5.05222517944946,40.5900055186502,17.6925995408065,10.3289141920723,435.302652810246,47.8913392636778,5.83750674687004
578,41.0256981304742,16.6242038247269,11.1268946122536,495.007361178138,58.8189956823202,4.78769066990868,40.8238742134664,16.540963355874,10.9263394619378,483.385681409838,56.9920396015467,5.04972663784751,41.1575065803449,16.7880756431075,11.0384806688904,491.902128560818,58.1549244464869,4.97319640335206,41.2052039824123,16.9534730216655,10.647720164079,472.180302107841,54.3524227212615,5.30503052259476,40.645478359718,17.6045778280902,10.3064502536247,439.501227540354,48.2611853379393,6.14304253663199
579,41.0510654371175,16.5772520159224,11.1507381168242,498.554496165297,59.4982829775686,4.62608167409798,40.8754533676228,16.5900530396228,10.9834999358618,486.279341645196,57.4795176824457,4.95550852455613,41.1898655927757,16.7469673239219,11.0505591136348,494.962254793793,58.6608613666515,4.80874935780476,41.2881107166296,16.9319334749741,10.7060183724009,475.841465245406,54.9978664593585,5.15524904539615,40.6897714792104,17.6600712676819,10.3796072749335,440.561521723713,48.3712877066693,5.97774332213482
580,41.0428621357695,16.6134708863742,11.0909329855294,498.181693944546,59.4890117869255,4.62735403556792,40.8306263391611,16.554423031813,10.9332178070281,486.884681497757,57.6827173736312,4.95627593430085,41.1734307209286,16.7228381742212,11.0053930383355,495.660936524069,58.8815167809095,4.835573008108,41.2610556806698,16.9175935853088,10.6671711025086,473.94987279523,54.681862885435,5.31570711610367,40.6422595012318,17.6898540574944,10.3807868404765,437.424252987552,48.0097794481235,6.26518104558038
581,40.9604282040372,16.689034500618,11.0525128346398,492.289398391608,58.2624381755676,4.8168229139215,40.7714610631633,16.6392703307944,10.904864476854,482.751078025662,56.7898315678225,5.05079384793079,41.2057277907406,16.756953473798,11.0286580528435,493.938907639993,58.2720447334488,4.93668935743871,41.2335975617665,16.9832468435866,10.6075406680757,471.84045104287,54.0896264085989,5.35312225337402,40.6179246639142,17.6440969383806,10.2952251934892,436.130003433605,47.4351232787521,6.28318956115533
582,40.9962694828955,16.6731692568533,11.1538403642863,494.474231516861,58.9527415544935,4.70248395810336,40.8045967295111,16.5633973362681,11.008070940774,485.670058742454,57.5822248563198,4.90441974505956,41.1665999884254,16.8271786062657,11.0543263395237,491.288049895622,58.0840816329334,4.93648444689284,41.2995750260431,16.9705436759296,10.6856164811398,472.763976807985,54.3522890263043,5.33730196396924,40.5983239305783,17.6591707085288,10.331115840761,435.731426961778,47.6672210006458,6.22098458808387
583,41.0697908483715,16.612242837158,11.0788712035533,497.400508688582,59.3266611231932,4.70233143780215,40.8757218315446,16.5534391790806,10.9055466236835,486.788542102559,57.6957731486555,4.97265096327889,41.1884280104471,16.7598345178408,10.997874070099,493.724643675066,58.4957204850716,4.92331841391734,41.2357855948958,17.0157918166495,10.59453463497,471.42877188177,54.1950194218006,5.43923913503801,40.5743596594633,17.632088269695,10.3478861768535,437.608527652787,48.0490428541423,6.18394143675963
584,40.9976014200427,16.6000591582903,11.1381150206694,498.481840443393,59.5072434421935,4.40197818509388,40.7158473486593,16.532758441463,10.9515196867019,486.204226282338,57.5844855858927,4.71601522059419,41.1295261404832,16.7766347148394,11.0706561369124,494.929783476591,58.7178905288783,4.58497357127064,41.2504097355112,16.9048615211841,10.7226857854652,477.192476765763,55.2025899166767,4.92002242876344,40.5979874498488,17.6267324549607,10.3163614282444,437.955785314648,48.0030091071514,5.86204386510808
585,41.1340280549782,16.6176248097042,11.0837685519919,496.669330402594,59.4038303983729,4.52873411715243,40.8914365797126,16.5985300556115,10.9544670380777,486.094877826338,57.7417636671017,4.802663812907,41.2910526259865,16.7373727512775,11.0862302469481,497.737740909781,59.4947051670666,4.5500518157456,41.2208381534851,16.9912327924672,10.6350364463297,473.108704448615,54.6933225344555,5.17183340438243,40.604279096329,17.7037118378342,10.3376674031984,437.532315323362,48.2190361369109,5.99881200932204
586,41.0853208397324,16.6324634624097,11.1266737913865,499.008411689535,59.5924280042565,4.45094773866631,40.8890399086209,16.5670278345345,10.9353563056856,487.422949902375,57.7228010034235,4.76949049197758,41.2426173073207,16.7953915088582,11.0557833001279,497.448500748103,59.0678328737286,4.6141269023028,41.2794029824375,16.976287873455,10.657025407632,476.019400448433,54.9445176610937,5.0386841062835,40.7426159684109,17.6616988816812,10.3480829822218,439.926540850963,48.3474782284071,5.91636834000569
587,40.9870163926853,16.6507982634232,11.1698892798017,498.479847829403,59.6423358981646,4.62142622200121,40.7946999312982,16.5801829078593,10.9717989722742,486.148507311759,57.5501092347442,5.00228677185471,41.1360272212674,16.8791194277841,11.0780649521792,492.04368696592,58.3217901672958,4.95252103984361,41.1942174060488,16.9931506196702,10.7453919529595,475.426781574524,55.0398376971995,5.26966030268004,40.6397077778333,17.6599354028939,10.3430680245492,438.073187386966,48.1537343891353,6.16820497486499
588,41.06458217997,16.6340437196756,11.0586464237537,496.600988807066,59.3172883813679,4.83762317516014,40.8483934975943,16.5916623941731,10.9069602455606,486.923004201817,57.7448675975527,5.13883027057104,41.1807083360956,16.795855132003,11.0176310987197,493.38983239667,58.6028083624727,5.02585670808354,41.2329949162515,16.9569026089985,10.6450705737249,473.245623779753,54.691442974198,5.36786779333051,40.6814120704402,17.701933332112,10.3046426015106,437.605948011614,48.0168329987319,6.34141283043614
589,41.0195061579828,16.6583558030273,11.0601026791247,495.720348529432,58.9859133363536,4.7648867020259,40.7708776805326,16.5448476386647,10.8879272470894,484.492335148804,57.1744909585315,5.05039299733611,41.1721116537661,16.7862298519412,11.0197041944844,493.579807100927,58.3991535208925,4.9650320187949,41.1507014973468,16.9926881202586,10.6099325015145,470.423803364124,54.0149763679041,5.48190555937468,40.545278339283,17.6734588515209,10.337524484448,435.336646421913,47.5640266228553,6.28216487489326
590,41.0242478147996,16.6036939658947,11.0577810682211,496.13305623117,59.0295220375996,4.90647902106597,40.7955004839571,16.5946411988244,10.935367289465,486.014053632817,57.4082074749023,5.17984114894171,41.1810973029719,16.7535397685242,11.0067277321982,494.169715339248,58.5151208131845,5.07301392942988,41.1595084548033,16.9722125349124,10.5800075229232,470.535425681202,54.025351438782,5.63625319993571,40.5886428584583,17.6482047624475,10.2910152285553,436.411030764687,47.7825747595474,6.38700811522407
591,41.0347804337703,16.5924976295045,11.0543651243466,498.699781052324,59.5382084335051,4.50926105029122,40.739158435976,16.5809667174749,10.9118873881895,485.669511068714,57.4894236792027,4.83594138060101,41.1091253080265,16.7062469925499,11.0077333839298,494.794633815857,58.7726035714373,4.7289609119117,41.3205074725604,16.9213132869014,10.6757013311474,475.743169087341,54.907010892735,5.15292414908413,40.5724442689374,17.6657202480898,10.3549570006413,438.748771798085,48.1188910116962,6.04163631568261
592,41.0873665476786,16.5666649023617,11.1076198689096,500.28093661693,60.0078694938467,4.46231521141373,40.9144334122318,16.5231781036776,10.9828136948732,491.338605821647,58.5741521713666,4.7723748026786,41.3174894057583,16.6733045204778,11.0651835692555,501.671264159776,59.9707378730753,4.5613600690656,41.3401979609826,16.8203332257305,10.6757068519161,479.494993636754,55.7894730248804,5.05883473718841,40.8146871650041,17.6316641751668,10.4012044304191,442.72836451257,49.0247620292192,5.96376273159738
593,41.0761080689967,16.6100516429418,11.1030635958342,497.97515584272,59.545744667326,4.49145349937559,40.8154265445427,16.5348943773444,10.946533559547,487.354271372264,57.8517593772522,4.75910733531147,41.1895093628199,16.7553922504784,11.0281441341786,494.366546533721,58.7150334970623,4.70941592440484,41.3905409284115,16.9467552121502,10.6211429892245,473.945157271596,54.7367669962879,5.14559590143593,40.6570389075315,17.5997000499152,10.2667584941565,437.978574914997,48.041175494902,5.97051174815448
594,41.0504954154969,16.5994715726073,11.1709458823516,500.480801115264,59.5440542211146,4.50907918297193,40.8139715080795,16.5516925715034,10.9934671165771,488.566385983119,57.5733855412628,4.88263776897288,41.1938038344166,16.7452633307171,11.0860076805409,496.269761838211,58.5981171952017,4.77323076666343,41.2788973693062,16.9536689414799,10.6531367783324,475.187649901963,54.5858435577546,5.25183298025022,40.7629399053271,17.6514687603922,10.3581254426605,441.61725900121,48.4625462144931,5.95893977562123
595,41.1386209655982,16.5783485525352,11.1455352312106,501.563050630397,59.7771559191013,4.60804359952006,40.8700287733831,16.5065282908447,10.9931275233618,490.462825535904,58.0183212134964,4.93138598335819,41.2302342730964,16.7999113926311,11.028935388586,495.375620340727,58.588448965126,4.87154236307874,41.3398836660624,16.8691707851839,10.6645956930415,477.886750746284,55.2129576532773,5.18983570155698,40.6334223356203,17.6756986014365,10.3615276434262,439.254147239992,48.0981068129826,6.17527590979156
596,41.1947071934307,16.5490936570866,11.1569535188607,503.465473255883,60.2621853974204,4.46853261311392,40.9001142685712,16.545470404485,10.9501966708484,490.96128581163,58.2597266701567,4.84389784485102,41.273297175876,16.7294688162494,11.0741106490515,498.804091259615,59.306725485773,4.66849639455833,41.3335141734603,16.9202751515978,10.6374191738309,477.68679396707,55.1671242665424,5.1861991348856,40.7266817152047,17.6477411252559,10.3459873972216,439.062261424902,48.1952135619348,6.07752461555869
597,40.9568371378855,16.6953186359318,11.0596954663578,492.11165360174,58.2295299047629,4.82880078869341,40.8285762587402,16.6341653227626,10.9315025522299,484.821349936005,57.0699639104823,4.95645052072037,41.1768351383886,16.7878199227416,10.9952705947432,494.356579370194,58.2951210585992,4.8627283185981,41.2345562495967,16.9612554368568,10.6340449151446,473.76271221502,54.3672331529957,5.29848354082017,40.5901004707771,17.7369688797662,10.303140883288,434.782416811945,47.2002963027727,6.22305115953617
598,41.0280928406254,16.6882193233301,11.0765335792514,495.097215476797,59.0565347198809,4.66748800687128,40.886634650567,16.5440492756029,10.9780283622763,489.48640645561,58.2340275793851,4.77886033847534,41.168042107677,16.75996964726,11.0174167530763,494.326957400202,58.8271356823059,4.76490641519557,41.227184237594,16.9729487640404,10.6521275055909,473.071303593386,54.7093526093095,5.2034632067394,40.7161215980663,17.6548099385407,10.3045035159455,437.109533758739,47.907999373233,6.04516200291039
599,41.0262825763423,16.5855566219584,11.1425444827108,499.468812805518,59.7424080657983,4.46623818922817,40.8360654206706,16.5100614053746,10.9573424193219,489.220450150363,58.079113065466,4.74253200158056,41.175586191175,16.7161239740822,11.066634213267,497.667140906079,59.2685259334853,4.60691942299735,41.2671874533863,16.9584433527086,10.6300389045022,474.956067972573,54.7888615033535,5.11321444466496,40.6948598508941,17.6306200252373,10.315038892885,441.931491255148,48.7451502448872,5.88989192777576
600,41.1981118814172,16.4827095047816,11.1674510256464,506.953090420177,60.668676255662,4.31616683578518,40.9383451470428,16.525497170582,10.9810755190486,493.544838825159,58.4937170759187,4.6893891813838,41.3016309753446,16.6242095007863,11.0860533041675,502.609977126058,59.7926233700546,4.54211714319393,41.234357933952,16.9489506198185,10.6766999491302,477.20089482783,55.0180027354269,5.14462953995701,40.8748375757046,17.5819675269582,10.3818221360243,444.317620621141,48.967435154686,5.84339530244884
601,41.0572105729903,16.653488052996,11.0885134161477,497.800686948949,59.2762602786428,4.41305146355636,40.9328747048635,16.5515561942298,10.9769063598796,491.437195339381,58.2207722904737,4.59496243066263,41.192064470256,16.8357923341423,11.0251660804031,495.164147741971,58.6701773728738,4.56224653163777,41.2431202790083,16.9740225781771,10.6287376517637,474.076036347056,54.5486302710253,5.02228249507662,40.7154169126292,17.6347665712266,10.3694643166464,441.089886429436,48.3879745239755,5.75013248820573
602,40.9640995501718,16.5910954236895,11.100714843074,498.355793996296,59.7373024246016,4.26636865271079,40.8083969531114,16.5554892470543,10.9277023400112,487.081252250908,57.8734466850494,4.58246193866608,41.1430170560381,16.7599063294901,11.0313330674918,495.645392398008,59.0461979591646,4.46962153039161,41.1968323679437,17.0089309228162,10.6193091290042,471.911248904019,54.5881201605746,4.95414105982887,40.6772865807454,17.667696475964,10.3596963504528,440.196029644786,48.4741263244627,5.67944811729972
603,41.0328460615969,16.6417131135472,11.110569215568,497.174946725712,59.3088742988999,4.53424544131877,40.8368186560412,16.5486057630617,10.9854911949534,487.592541169944,57.766737363064,4.76984593126657,41.175886549668,16.7617040312313,11.1034694357836,495.883354019766,58.9164597739859,4.6699086247609,41.2362322304197,16.9934071871211,10.6791998963858,473.457540315816,54.5347400345762,5.22598062905492,40.5947780418375,17.6883840963089,10.3525481353992,436.335463292656,47.8338998208126,6.01305937864739
604,41.0814060316039,16.6059527146601,11.1168539636562,499.13008898295,59.3749761040353,4.5918740829046,40.8957498839792,16.4968883222795,10.9806819229184,491.154124654394,58.1378176738791,4.7493966747331,41.2017555691345,16.7341326731764,11.0566354597345,497.310790841256,58.9557667579654,4.71703165170987,41.2536884035246,17.0195260792545,10.6552950956432,474.990735440842,54.5247397097994,5.22213394940009,40.7298635947212,17.6130041113856,10.3617027886517,442.341141954012,48.6860032843084,5.92071313889079
605,41.0853501260898,16.6209297716658,11.0783883540568,498.336001050012,59.2686856614453,4.4158744959427,40.8769613161877,16.496794718055,10.9761245193696,490.272360545999,58.1061731769277,4.58856042165182,41.2660461598512,16.7356493343963,11.0559959478752,497.729403276811,58.9085240506778,4.56669884240734,41.3089315735336,16.9345438587419,10.6579420820815,476.546148555673,54.9237235945428,4.97553599872412,40.7632149152026,17.7122430328309,10.3694848582411,439.929789811997,48.1609357742367,5.71795994087394
606,41.0773958688947,16.5861727673295,11.0723278392324,499.079317437409,59.6452374267576,4.62138874096157,40.8471687297089,16.4447674254913,10.935704823412,490.220791418602,58.2810894942979,4.83235456000835,41.2454314810404,16.7605739027945,11.0283547045702,495.257575957735,58.7071186629835,4.87775946190305,41.1950617421622,17.0092593679579,10.5902395776165,471.289752807879,54.1982859456989,5.39046334932346,40.6736543336705,17.6286887813763,10.3346011628349,442.162609880168,48.7640628876732,6.04390849403455
607,40.9570724468539,16.5903661494947,11.1525453949479,497.755547023205,59.3795390498767,4.44708368541313,40.774515606867,16.5249720346737,11.0101081113672,488.953109077374,57.8980797430252,4.7408830453986,41.1967671798348,16.7041520245442,11.0988811587969,497.778913268926,59.0806575971157,4.60295774175639,41.2170097716288,16.925680037026,10.7070944744973,473.621046990711,54.5491570347404,5.09520396940047,40.6503324999,17.6914198858445,10.3449095498115,439.06035204304,48.1264849650772,5.86555570250991
608,40.9950068438784,16.6489136732102,11.0620065750982,495.150501404585,58.8234981034078,4.8639946873817,40.8049642754319,16.5704118879081,10.9386021501696,487.30948497161,57.5924494236454,5.09217970274906,41.1710212028645,16.8071938196999,10.9697745240079,492.107901069326,58.0313376759147,5.12237533538592,41.192023498523,16.991776455849,10.6233388880109,471.775450190567,54.1333964321217,5.51761513471532,40.6268351644954,17.6868820166414,10.279309000055,435.553046788185,47.3804793023653,6.46195616423986
609,41.0069203815922,16.6309561025419,11.0964978579086,494.92298392465,58.916072406492,4.51048298984253,40.8163564920654,16.5699679118842,10.9845242646376,486.759667038091,57.5400097409393,4.72117998584998,41.2456608706818,16.7724448650158,11.0403987392811,494.695116903837,58.535997831475,4.64479800144711,41.2314206455856,16.9994750008814,10.6804219211495,473.61692775142,54.5577854613344,5.03342546720505,40.6191291930469,17.6134362786651,10.3713997653084,437.068395434951,47.7289342520218,5.84347850220654
610,40.9972931809732,16.6189210545766,11.095065719969,496.09998034021,59.1266642048853,4.50980480506081,40.8924505918491,16.518399621371,10.9608855172508,489.2232945805,58.0214604385841,4.68399434629059,41.2417984278126,16.6536507798399,11.0790109397134,500.12216319962,59.6021015017254,4.51389512130575,41.2907078920367,16.985610551708,10.6714813267798,476.576909112246,55.0406857692455,4.99261813337514,40.6129131075992,17.6964843345141,10.3370357250717,439.317956303887,48.2251913727612,5.85455104261269
611,40.94815377532,16.7102914541949,11.0918990056246,493.153847404011,58.9279715046863,4.76500869674434,40.8436857874284,16.52520655884,10.9576804239508,487.524699534406,58.0203462602212,4.92104531326146,41.1902379149026,16.7597273419445,11.0232179935877,495.218899464308,58.9701059684225,4.86401797162443,41.1215943593723,16.893623921645,10.6196666008594,471.821658630808,54.5187831275445,5.36568568168847,40.6650194489602,17.6680544131254,10.3552055280296,438.28881775133,48.3236393341524,6.18150277444098
612,41.0418634582636,16.5938983408009,11.0914334575488,497.059525588954,59.2988467198391,4.75414175546438,40.8301376990495,16.5332662120633,10.9353576371822,487.255783056416,57.6867304781411,5.03582525137539,41.2100213387825,16.8059540795713,11.0439354792088,493.224681745467,58.4389396345381,4.97988652644075,41.2325889785597,16.9646560087153,10.6140897567766,471.884543256385,54.311738518124,5.50381045909308,40.6738045963623,17.6706926843334,10.2500228273003,437.306401335296,47.9840394135411,6.29298250611503
613,40.9967723502477,16.6239963349424,11.0363381831446,495.406279384693,59.0628310030213,4.44465779360212,40.7612812995387,16.5733119687214,10.9105932543129,485.834075742357,57.5609905411107,4.71218299623463,41.1558567158694,16.7104181162865,11.0005222053708,495.155978669557,58.7611260397706,4.57466318669228,41.170300123558,16.9672419258013,10.5973141109904,471.838626581211,54.324425405548,5.0200044793138,40.6943061368601,17.7038787838894,10.3101902053248,439.512212079487,48.186135037526,5.79171609387433
614,41.0176787363941,16.7199071028325,11.0753425230073,494.770469718609,58.85770066036,4.75514940722216,40.7349290853875,16.636246646941,10.9397147619216,484.681110505576,57.3199920339672,4.97949041277132,41.1521074774462,16.8735240444937,10.9751996922846,491.140611191518,58.0141632837794,5.007481680075,41.2424629651915,16.9231224154154,10.6361712604802,472.062662041454,54.3711523116268,5.37353649500706,40.6073418563439,17.6381454744531,10.3050922255681,436.88917436426,47.6798668206513,6.29109169421087
615,40.938137020814,16.6691655962664,11.1465632704377,496.010867144188,58.987768768231,4.84063565389345,40.7612180376594,16.6364617280021,10.9444092977366,484.45324596971,57.0431973065111,5.11311873485302,41.1175468698806,16.7848306265553,11.0701351754578,494.638132641705,58.5940099754477,4.96203200562448,41.1743197498795,17.0322970573879,10.6694195858387,472.033346906563,54.1465589806717,5.44081538660962,40.5760957673215,17.7358385003982,10.3555761184007,436.883744278251,47.5836225081077,6.46114016182326
616,40.9977613510007,16.5482940789286,11.137930545246,497.085980215025,59.330722838933,4.54738292455384,40.8546060592775,16.4887196695821,11.0018210284752,489.034806702282,57.9681755942014,4.77380854004735,41.2346522440101,16.6514992126693,11.1108723214986,500.234136661593,59.6068793208414,4.53211419098346,41.3015389498866,16.9177835181881,10.6824836070017,474.664772223912,54.7274568572523,5.1189759734475,40.6443459102456,17.701340873697,10.3431451692143,437.26462568506,47.9151641314197,5.95281622724172
617,40.9770226918095,16.6557758987503,11.0889190096108,495.68608881699,59.2454196002893,4.49032644873264,40.716707654811,16.5426609285291,10.920846618601,485.403342899015,57.582688156602,4.82199190834619,41.1517645217079,16.8045334227146,10.9969488355518,492.75816895671,58.5003608749378,4.72664236276218,41.1760317125344,17.0308112658067,10.5929488075216,471.333107095761,54.3157738769967,5.19052461099079,40.5830842656896,17.70617167696,10.2937407019176,436.867091676363,47.8872912959375,6.01417374893775
618,40.8808410273819,16.6405193809007,11.0592376962771,493.473878433993,58.6251896173725,4.98749880497407,40.6919483382796,16.6470226566493,10.9076702528122,482.76437368968,56.9082039246557,5.31038000337318,41.052897825138,16.8356985415292,10.9832746779075,490.216505987978,57.8591266179738,5.19973124966405,41.0906894587401,17.0117135606493,10.6033518790381,469.500180009054,53.8549688080284,5.64369727099656,40.5745806851941,17.6608706841906,10.32543270513,437.307686195676,47.7501603264443,6.36410150989412
619,40.9859066657509,16.7353720841207,11.0513375324389,491.37602018232,58.507531072291,4.73780482519008,40.847207962185,16.5717781455241,10.9205081605504,485.436472752284,57.6026486981427,4.8526293006751,41.1576240480404,16.8490903250841,10.9448190861345,489.170480184216,57.9157696632884,4.9664835386045,41.1500302825363,17.0515564557021,10.611711187947,471.15053085539,54.3236809466747,5.25423859949956,40.7116939383443,17.7520747602453,10.2974063034448,436.969465291452,47.8787600423248,6.14832565483342
620,40.9444878431121,16.6989898301021,11.0264777772926,492.171417262385,58.4694034173568,4.75858970270744,40.813425925405,16.5940199188248,10.8903219024867,484.4255721766,57.1779511570365,5.01384510073666,41.1383896557902,16.8666888275074,10.9747046739066,490.047454008399,57.8382955838473,4.97100568722986,41.1907566910382,17.0348163212645,10.5646146461446,468.278454848893,53.6015909052758,5.43131669345413,40.6629316345075,17.6914686284104,10.3555030381551,436.759426457462,47.6866761998921,6.16837420220466
621,41.0301237224694,16.6218914801725,11.1037047212589,496.583398927943,59.3149428270751,4.52575539596924,40.8269849284228,16.5569441883745,10.9493561896215,487.137356721607,57.7938651478301,4.78345957225002,41.1506654665883,16.7859601008141,11.0056592028228,491.523112415928,58.2419660550552,4.81398216780037,41.1846248828709,17.0355479331665,10.5781204744554,468.600018922505,53.9224903650521,5.27461364398205,40.6702979721945,17.7339373194919,10.3237787548259,437.535068375527,48.0121635215683,5.94945227018484
622,41.0939496178541,16.6073259750119,11.0911049467791,498.35416205271,59.2831957800958,4.47002668589298,40.9196458739138,16.5559060307535,10.9646219504955,489.450412150021,57.8644509808436,4.65731584393833,41.1611863156605,16.8104460025055,11.0192158895745,492.856186668934,58.2140342028007,4.67311583561774,41.2402655463579,16.959749228859,10.6488752368279,471.961431217999,54.1118409591476,5.11046316160685,40.6816146180315,17.6670107841636,10.356295185506,439.52879297617,48.1362488435731,5.75164974704588
623,40.9317618168149,16.6149150414851,11.1078198335891,496.170933168553,59.0518280121464,4.63173781228836,40.8042771154313,16.4887783641174,10.9879062070509,490.499073606105,58.1292555826858,4.8324733270225,41.1214347530183,16.7159432612351,11.0444269038466,494.934741801772,58.6106262253776,4.83747598037352,41.2532088782644,16.9312742562467,10.6730991071881,476.750181335983,55.0480279318748,5.15839900836688,40.6366230212185,17.6912399710547,10.3157703496335,437.997023455732,47.9431005156294,6.10980774377508
624,41.0994328623221,16.580127401489,11.1205857805852,499.879663815796,59.5978077934301,4.76406695041956,40.8857005345757,16.5869735720973,10.950849524709,488.183659923671,57.6797472138808,5.13581945018664,41.2498157433048,16.7332130045817,11.0745266322539,497.627896659437,58.9942647777247,4.94262804078913,41.3273925412301,17.0185656943895,10.6676836272977,473.724988856504,54.4249092695474,5.51232996978069,40.6311366571175,17.6329873908929,10.4342712970831,439.322259890657,48.0343828579771,6.34432828513825
625,41.0194644437506,16.6471186932248,11.0933830128326,495.212519009008,58.660067918914,4.78129708551217,40.763147524305,16.5834958071747,10.9386242489199,484.567734728708,56.9475990111248,5.0825407263575,41.2209830146456,16.728965321417,11.0517527502482,496.292087630264,58.5673287543877,4.91996991836224,41.1807870721649,17.0336562971869,10.6223291120172,470.787098076073,53.7665262314779,5.55502464184593,40.6863954394038,17.664090253565,10.3717145720049,439.090596188089,47.9499059753249,6.32355097661552
626,41.0402439980071,16.6405381128829,11.0846898197431,496.42628966783,59.237742763799,4.71692308740263,40.8491639202873,16.6079681751434,10.9114885898659,486.00071755602,57.5590243397608,5.03413313746433,41.189977281647,16.7972418987347,11.0218446610783,493.20760117477,58.4988468425674,4.9353581772382,41.2032305314444,17.018672693729,10.6384899231479,471.588061554458,54.3378841989456,5.43005982196635,40.6229928272577,17.7235724600709,10.3197797996517,436.291334163645,47.6071245024907,6.29467889830199
627,41.027280285846,16.6186475415174,11.1290176443002,499.25434181179,59.8055882942272,4.31865029916584,40.7848388456864,16.5813468325307,10.9403442127329,486.533263756526,57.7300740096523,4.7134107494402,41.1214636699613,16.8167935936855,11.0267590481484,493.225377608332,58.5684858247003,4.62017258239812,41.2766336278998,16.9725747925999,10.6515220210373,475.086736787365,54.8599833707114,5.05946760416233,40.6624361619614,17.6975264458626,10.3809841483953,440.54112760131,48.5673125951214,5.86114952080974
628,41.1035537730894,16.5803184333923,11.115983788077,499.442041392699,59.719405580404,4.83470449479281,40.8914713881813,16.5632663598128,10.9634006052077,489.270123062957,58.0344522773271,5.10740226610204,41.2772711702128,16.7046148266462,11.060149660168,498.321502404068,59.3211701802764,4.91165729409363,41.327214193041,16.9432808962815,10.6470195506776,477.293790997337,55.2577238762731,5.46651786933104,40.7362000301742,17.6368332209019,10.371535828408,441.74028749299,48.7134789490331,6.33097374868026
629,40.9336934372327,16.6484511981351,11.0612321055259,494.958113027866,59.2029668857383,4.60439362474783,40.7584489818346,16.5865653623817,10.8894468959111,484.827179126767,57.4896853973655,4.93406542997365,41.0714386875257,16.8372551410801,10.9977366943014,490.809552678179,58.356377904756,4.81630561013811,41.1957418035402,16.9975930289375,10.5730924390117,471.789089819954,54.5170676392627,5.23949887655019,40.5903765020722,17.6805068550775,10.2993187898365,437.876750277813,48.2240417177577,6.04931037984261
630,41.0852570145259,16.6699694298539,11.0817109987862,494.930610085355,58.7295822380424,4.59123167194669,40.8767724032266,16.5361525038607,10.9742386128115,487.9610400282,57.6278328273957,4.77536160913217,41.3277525193687,16.785205525299,11.0243179200748,495.968179576693,58.5363543315774,4.68500784929399,41.3228355228965,16.9633162707085,10.6813298849857,474.221761911537,54.611740093896,5.14558217085017,40.6721706290958,17.6071811762878,10.3229944365511,438.202063320989,48.159205285394,5.86474958974083
631,41.0246589830274,16.5534228135647,11.1603022919408,498.43632706278,59.54193981121,4.49792142198357,40.7992097419414,16.5181218364933,11.0003476810767,488.007168152693,57.8539052917069,4.75878666742837,41.1642323180223,16.7193392758141,11.0901050258008,494.866980992506,58.7238879677001,4.70348841940858,41.1948968994587,16.8914176099348,10.6613914465724,472.674485350697,54.4449724506406,5.17803135168235,40.7136497905577,17.6638162177366,10.3426304078976,439.726343820745,48.285751378082,5.94631139825649
632,41.1267403128125,16.6164525338392,11.0558709599794,497.023162821948,59.3688511868536,4.76832256929061,40.9263262321102,16.5066189213531,10.9284587541648,490.170721683452,58.3086921434532,4.93869836589644,41.2843170676746,16.7398259387757,10.9948722145123,495.103912875391,58.7645487923663,4.98833250245878,41.303565377382,16.9205593367857,10.6693411595487,475.416156967067,54.8666191259594,5.38003937604452,40.6701230667829,17.6748251087515,10.2721118760533,437.854287616765,47.9458484316891,6.38883928671372
633,41.0357518891331,16.6717960839754,11.0921301232212,495.355304650793,58.8790296440689,4.80541223642507,40.7455461198597,16.6688353396705,10.8822508180609,480.984378136879,56.5147575064949,5.20864912791228,41.176566759185,16.8094428218428,11.0030440960738,492.606479823435,58.2004286045348,5.03628355609443,41.2838303017652,16.9358577490522,10.6238974343403,470.925314663959,54.0523893149939,5.50614900023795,40.6340671400788,17.6927844826415,10.3329657221898,435.68026359397,47.7171214941414,6.30210691161366
634,41.0573497645318,16.7203013948907,11.0983755740692,494.569887570058,58.7798549742859,4.47233644647605,40.8394346455096,16.5946299517428,10.9718399214897,485.984191930069,57.3964909269841,4.7114666971016,41.248190726606,16.8037524445191,11.0367419948048,495.997520768309,58.8375931252704,4.53160814910908,41.2821019704743,16.9595177887993,10.7201151494436,475.182119444546,54.8486777443037,4.90128830272705,40.6683114470007,17.6834026228256,10.3740651476058,439.320618291022,48.2110932069085,5.81603452635842
635,41.0531783030123,16.673960782766,11.0854678427402,496.653763423256,59.5497755865784,4.48361331085974,40.7441188365253,16.6092580568729,10.8757533363842,483.343300198076,57.3919001497569,4.85209254924427,41.2429645295217,16.7878725340143,10.9952611795974,495.171984147311,59.0500737089832,4.66076795470287,41.2370628377806,17.0062348036856,10.6058117555531,471.49739136994,54.590901427745,5.10758192021872,40.6958303439592,17.6667301874185,10.3737969358532,439.776287626528,48.5681587417873,5.82585449018431
636,40.9661402795424,16.6308352853169,11.1300699432196,493.648154674844,58.8582222741286,4.86256762078768,40.8138997907244,16.5482630598741,10.9675980578108,484.409001241345,57.2702311012903,5.13341415574009,41.1841107999947,16.7575022669455,11.0572449225434,493.771506122548,58.6891538875097,4.95704598674108,41.2721461705736,16.9885946859655,10.6775887991743,473.230907362806,54.6357418489658,5.40900592680389,40.67853381979,17.6705483554212,10.3655281536737,437.111375524958,47.9484196241697,6.30667597569075
637,41.0552173330288,16.6829674369308,11.1145059213571,496.417761326753,59.2207028590872,4.66267858537246,40.7510286844428,16.610384333831,10.9404739526652,484.609781012524,57.3519210111172,4.99801703505564,41.1973424911053,16.8386483108501,11.0420791170349,492.905602039763,58.3827335964299,4.88186269363622,41.1790605930714,17.0388690074275,10.6814077158818,472.029969520904,54.4340818839779,5.33666448359921,40.6354039795638,17.6799881990706,10.4113608777609,439.527059005953,48.2387425153735,6.02328436947773
638,41.0326091320346,16.6429825867897,11.0623499777354,495.784063391012,59.0733257697253,4.70999462186603,40.8211380500575,16.5283781811911,10.9300467225976,488.487062318697,57.9398027618279,4.9008129011766,41.1381542301641,16.7660930075196,10.9796130008688,492.786169809152,58.3518075382201,4.90887656283628,41.2865878623789,16.9884932370397,10.6313300113226,473.599022069352,54.6293428906151,5.267526351376,40.6091607036776,17.702849496164,10.3381950853961,435.95609942,47.7960813449685,6.21339498621869
639,40.9633012170021,16.6452667570725,11.0710650092947,495.675234805984,59.2056498308029,4.60718388181017,40.7884992853568,16.5321866474286,10.9217908301961,487.032917095333,57.8034744049152,4.83984681313445,41.1295463742465,16.73611837059,11.0097923526499,495.332664087667,58.958900428604,4.764124917925,41.2512331188006,16.9841039621959,10.6317044080598,473.876669501145,54.8520657630602,5.22355590668688,40.6479423740648,17.6960935327548,10.3390738285677,437.431118796976,47.9469743212345,6.2146104167721
640,41.0256310052704,16.6583998078959,11.0704137493202,495.884867334257,58.9520750882485,4.65920684508697,40.8211461842946,16.5942354685712,10.8961115398517,484.701585206309,57.1382498899107,4.97914163808501,41.0485089106041,16.81780688221,11.0183689285902,491.67789408642,58.1964405704597,4.81957135876679,41.2226734230764,17.032033702127,10.6109174273549,471.229436999351,54.082884869144,5.2813859861128,40.6873899427671,17.6982806575393,10.3016840129204,435.860444950199,47.4826039341186,6.1679674622835
641,41.0010689949919,16.5999676577611,11.0599176764854,495.094543038147,59.0026901807071,4.6182775048368,40.7704227447282,16.5202743443849,10.9125561755922,486.194251520748,57.6011088610178,4.87583180358209,41.1828181020674,16.7494159636213,11.0105511832425,493.614518613528,58.5394373562374,4.77506334337153,41.2322142659603,16.9331964398741,10.6332560406666,473.401884882632,54.5614581401592,5.19041533113736,40.6305488775934,17.7210655098829,10.3349864726848,437.470971101061,47.8507106993293,6.0436901127396
642,41.0239795399965,16.6219724068348,11.0491093547159,496.913977276672,59.4361259735681,4.54085060751811,40.8116706570372,16.5333046896637,10.8907791520744,486.665092515832,57.7785102012954,4.83050062286959,41.1478772989899,16.7816403763857,10.9939038136734,493.399648787959,58.6363287900433,4.74234226796926,41.1870067647958,17.0178316688597,10.5876027450004,472.58085707048,54.4805024279876,5.24058292891145,40.6178882529482,17.720282125125,10.2734915932317,435.741126463055,47.6447941422286,6.11670974569151
643,41.1404919008157,16.6240907653892,11.14350086909,499.855411718922,59.4248528266326,4.56223122075785,40.8658494787419,16.6154914382877,11.0013371506126,488.166605288507,57.5803064723233,4.88132916681427,41.2105643168902,16.7607116568937,11.0792425694839,496.124882765435,58.6750140921276,4.78263636094592,41.3064365602129,16.9852593469747,10.671221679302,474.593640944465,54.5275111694071,5.20824850808339,40.7388143299738,17.675073359931,10.3792166397283,437.414819050607,47.6695249254168,6.18295881331299
644,41.0417454524231,16.6494589257434,11.117785288742,496.272494241341,59.1643718640514,4.56438932119865,40.8331585813911,16.6236095457999,10.9175708904418,484.236973942776,57.1759510776978,4.92129745472905,41.1527075957566,16.79800986051,11.0541137474524,492.934516541625,58.3705895065907,4.78539239844346,41.2528133859333,17.0075624259052,10.6220367609977,472.066669102557,54.300740986845,5.25092025345833,40.6333337165335,17.6813842062361,10.318792626004,436.718618801842,47.8828205279786,6.05563640469506
645,41.1085020286395,16.6201731149953,11.1136183122442,498.306518275618,59.3471998946655,4.76646278138713,40.9181203885213,16.5690535014617,10.9172328758299,487.300515926277,57.5966306876333,5.03437579603196,41.1604564976663,16.7822937329611,11.0343236971081,492.4768682977,58.2204102786146,5.02001880126454,41.2845954688411,16.9872891886994,10.6303923376718,472.887084195527,54.3378797959017,5.41871549099965,40.6569839768884,17.7123470886409,10.3355602381736,438.070722760878,47.8412673559335,6.33269427138483
646,40.9781223066805,16.641405203936,11.1186957098012,495.656705303716,59.1951702001235,4.70742725543071,40.7998688230082,16.5544289414559,10.9933493700396,488.105541058521,57.9982889887428,4.89489658366314,41.1308359715458,16.7643085029287,11.0501667415635,493.591309825075,58.5948997889825,4.90647016257302,41.1452560581346,16.9045149522521,10.7029025440294,473.320104828932,54.5771681034774,5.2924599545905,40.6565338809241,17.6320823400428,10.3396105180828,438.69075606717,48.0915379155454,6.24622140672536
647,41.0897571346696,16.5616143391523,11.20846761716,500.887052593356,59.628683871944,4.77771854313995,40.8124001293043,16.5287696419273,11.0364311454221,489.572705632438,57.7685971156737,5.13948211616655,41.2309268825785,16.6898333180817,11.1603955159713,498.460408251024,59.1069585777515,4.94587634990006,41.2802842840744,16.92758795272,10.7521026821758,475.172624283961,54.6097998491048,5.46718983825225,40.7411953667493,17.6396066517144,10.4514033270693,440.331353334913,48.3190309738237,6.27317802817646
648,41.0369332723347,16.6200462422907,11.0466081096359,498.822487555358,59.5529974541931,4.81024497814408,40.8657415962347,16.5463107747062,10.9323871559618,492.280039892686,58.5922096077966,4.92906985354911,41.2235530958768,16.7035243796155,11.0203779870948,500.629787675966,59.7222929026467,4.82579108649374,41.30584260623,16.9734220490663,10.6105725172137,476.389875166367,55.0396587807152,5.30300327820052,40.6745733608186,17.6192188769581,10.352882703479,441.943013827199,48.6829997861714,6.26336365156029
649,41.0406521549699,16.5411593727351,11.0815851276913,499.588809063397,59.7989389998519,4.26849344529285,40.8069337229565,16.5349709008749,10.8944750994724,489.264714254964,58.1256723031888,4.52803995435026,41.1517906745879,16.7625818927764,10.9855255630576,494.152295846545,58.6348678507331,4.48714164748519,41.2888866106592,16.9659423063681,10.6059512864183,473.848347353907,54.639814141531,4.90369098914435,40.5828739513327,17.6760711511808,10.3340844424966,438.507136684358,48.1915853812252,5.66973534517544
650,41.011304272062,16.6453106711357,11.0465341580493,493.515086642726,58.9800893531913,4.65031172939743,40.7945326218051,16.6449661551209,10.8620995406578,482.457421504482,57.1381509915701,5.00238394286628,41.1323444920878,16.7733426295967,10.9826287293459,490.953800240299,58.3949721899038,4.80360039742735,41.2090881946349,16.9839593548424,10.6182296058883,472.41092308636,54.6609611391222,5.20936945093469,40.6241227906015,17.7215917465253,10.3047509002934,433.897683247144,47.4705315385167,6.16084044935659
651,40.9994298464761,16.6533251972941,11.0777855967178,495.050376520167,58.9293470591425,4.66691653992327,40.824987807873,16.4992844895751,10.9073831308914,486.167250356674,57.5585199614153,4.86083058801729,41.1408475171868,16.7783271009382,10.995015237424,492.297460114662,58.3164862587134,4.84591902460902,41.1504972525125,16.9386844363342,10.6380257697329,471.464423594738,54.1791566814259,5.2710581898202,40.7128706243343,17.6087776073211,10.3519005481384,438.420458835289,48.1112003000443,6.04964367357114
652,40.9700767862235,16.6412991173724,11.052125140912,492.543616168943,58.5652701712445,4.61388694701264,40.8305705090749,16.4851258061763,10.9380072474917,487.522343106109,57.7871957945808,4.72552052358461,41.2232062625138,16.7219564605204,11.0521669587142,496.542153639395,59.0556367524011,4.58162382945548,41.2343640349479,16.9482833097691,10.656386930419,473.230321615802,54.5612575405947,5.12052033681803,40.6378388159533,17.64671863137,10.2707467107885,437.40145731927,47.9326892558123,5.95760010224917
653,40.9642691629457,16.6030823592023,11.0840785688914,496.754631341101,59.4906096171395,4.57587665381857,40.7732845668717,16.5955099963517,10.9079343400209,484.245841365968,57.3805316600214,4.92339983770057,41.1295933998103,16.748140725322,11.0281240788571,494.187784881193,58.8547729884446,4.73194509081959,41.1759484917444,17.0114907260731,10.6288980656107,470.467075730122,54.2556859584236,5.24798220096638,40.599787412025,17.6609196101059,10.3303652071661,436.580947078485,47.8573518471896,6.08616517523964
654,41.0443035385914,16.5852059821107,11.0958181795118,499.279249159478,59.5137180685257,4.34456627775226,40.7331675889,16.6082096582634,10.9123071839358,484.303019534907,57.1032182143518,4.77227172173134,41.1446553634197,16.7568936966101,11.0378045373067,494.779288183034,58.5954352796702,4.57847527806175,41.1991902728666,16.9555900545796,10.5881191129985,471.523918797951,54.3260675407718,4.96415015040533,40.6553255387423,17.6204131956672,10.3592111291095,438.559591107188,48.0268195414824,5.78465332292644
655,41.0636082011915,16.5956490341538,11.130052848021,500.318488683208,59.7846365461681,4.52691456620355,40.8882051942296,16.5838268635861,10.9326842362565,488.555201685418,57.9448005466436,4.77689720083377,41.1975030256077,16.8000397489911,11.0576393827165,495.577244351136,58.8213654695784,4.79185020278313,41.2470932712627,16.9009451405425,10.6371032150273,475.912940108501,55.0269679381595,5.07361527403986,40.6862845921262,17.6250443725814,10.3609484459757,441.430106062885,48.6307803268002,5.91666168311568
656,41.0537145530084,16.6598607049952,11.0510396043468,494.913374900327,58.9884644903662,4.69976337784013,40.7933917729349,16.5953493792521,10.894918962841,484.819124609251,57.3953140426956,5.00193670972625,41.2256141616647,16.7578236770608,10.9689282909936,493.822578917097,58.5806132579902,4.86127788826582,41.239911723366,17.0164057548634,10.5527986880356,469.545572391415,53.8004624687886,5.45023605718582,40.6310851264654,17.6455192966243,10.3248045372727,438.499273215386,48.1194768717504,6.11647926206638
657,41.0409110749611,16.624055600029,11.0539171371734,496.121962430706,59.1505949277626,4.50421673420441,40.8325026631535,16.5596248327345,10.922702365712,486.440473719683,57.610597720252,4.74435588966081,41.2146511669065,16.7694857285776,11.0139967235157,494.477476794117,58.5987095222902,4.67339508108568,41.2257598631031,17.0171560005808,10.6428541929969,474.142809428613,54.815377614072,5.01846761085889,40.6982905418561,17.7552987477056,10.3285577929895,438.2143083932,48.1799379405649,5.84493550041823
658,41.018810238157,16.6483877684489,11.0998648797795,497.561466645681,59.5889094766718,4.70140325801337,40.8422712013429,16.5533925695393,10.9752402971155,488.656102512192,58.0819772275621,4.97982377317261,41.2091351697653,16.7670650890674,11.0598954714779,496.154272847752,59.1599063769543,4.8661514084761,41.2667680546206,17.0019627665365,10.6700668550476,474.797454147965,54.912655274623,5.328295205841,40.6930604969239,17.7616797920095,10.3477395927887,437.09764141231,47.9480996423514,6.23416838016199
659,40.9440567030699,16.6633145816518,11.0900529063605,496.18934222901,59.3545064302675,4.50527234270629,40.7935748600447,16.6621702320573,10.9251493624635,484.969979773111,57.4546979871871,4.79701699810278,41.1195488186813,16.8147114488681,11.0250544099299,493.207339598641,58.6373243299467,4.7246572426319,41.2760119500357,16.9704215601112,10.6433115681965,473.681165373255,54.7542994435167,5.10297599347343,40.6299244095388,17.6856235954333,10.3143241376927,438.643001047553,48.1934948131246,5.9390071387449
660,41.0445508537477,16.6295724960415,11.1358243919477,496.859681839884,59.3056474919039,4.52542202051853,40.8737226234456,16.6016808091447,11.0090956190242,489.652149127652,58.1347168471943,4.73702611631951,41.2403769438237,16.731706200359,11.0577603678589,495.923305216999,58.8803633254711,4.71581363755513,41.2443319128262,16.9390634724164,10.6724393139517,474.22870622183,54.6860904813087,5.19783890365516,40.7300966101619,17.6317350731526,10.3417633440221,439.979271029725,48.2197195825414,5.99614586010535
661,40.919213670115,16.6958563377529,11.0709627361191,491.334796429962,58.652551188815,4.7579974524862,40.7878587623898,16.6407794284007,10.8853650903053,481.501695282865,56.9963462020471,5.03330280261277,41.128858504747,16.8435879980147,11.0286060445358,491.694576827557,58.4367430739187,4.86777981492239,41.2393016541777,16.9850375628434,10.6470262920972,472.769446671994,54.7101759623585,5.2502098881162,40.6743682415594,17.6602007766702,10.3314844855482,439.442214890096,48.5156516247913,5.97494141910522
662,40.9984059731963,16.5933296974661,11.0776589374835,496.599862282536,59.2438424386808,4.71934592095683,40.7644758422446,16.4930435253152,10.9192410162645,486.516369557067,57.6099835912959,4.99810158634508,41.1599369231506,16.6915031083026,11.0632256385588,497.039426794168,59.090424635798,4.83128217667371,41.2291292828629,16.9507983018534,10.6628789120283,474.836322063725,54.8831719765492,5.30545248045296,40.5508164901951,17.6767561856673,10.383890607516,437.04598378209,47.9337506236352,6.26238853979848
663,41.0160947139959,16.5928499949935,11.0886095508781,498.514308466153,59.5132137833997,4.46283781894382,40.8193008938167,16.5216896354939,10.9483021619255,489.258161029706,58.0609670511798,4.69371288628342,41.2109517936277,16.7706587940648,11.005037083035,495.463100501175,58.7427914614366,4.71232575020908,41.2681909119021,16.9345264816281,10.6729925561017,476.203741744068,54.9458506999454,5.03409570772091,40.671188041569,17.6427842927691,10.3219527524018,438.807056315522,48.0858172102071,5.95291985643943
664,41.1247500524465,16.5965673434055,11.0920702432663,499.48521166272,59.5821130142858,4.58733333828987,40.8093659773123,16.5682414740863,10.8909377048954,485.600601371772,57.4104186579979,4.95211526810349,41.2463843886981,16.769557657757,11.0281625764329,496.611828382909,58.9217126444635,4.77199942806496,41.3019819810206,16.9889171234867,10.6849241202532,473.302259275781,54.4364673948472,5.30530330759461,40.6457538166794,17.6941757964249,10.2934053228681,436.564491735753,47.8177234378165,6.19491293199435
665,40.9805447925796,16.6306797733242,11.1035854223552,495.377711163157,58.9727055942579,4.71595919816768,40.7484446504866,16.4875103513356,10.9375175302725,485.533849061704,57.4147559980603,4.99236197637282,41.0970664805589,16.7938095476174,10.989925083154,491.285353085326,58.041489896903,4.93805637686452,41.1910509783436,16.9965983938819,10.6186227329679,469.845538523828,53.9155571296754,5.34262418054984,40.6174443266023,17.756646320942,10.2460175594684,434.88375639883,47.3097072571355,6.26906490809439
666,41.0166955078292,16.5694814973105,11.0874099683705,500.757061862194,59.8969286698046,4.5684336905914,40.764398973799,16.545510620094,10.9202628120899,488.967096699895,58.0138402729534,4.96984655139794,41.0478397274302,16.7717153690743,10.9611052702068,491.928597557586,58.2495981362552,4.94963072120551,41.1968956206978,17.0133879333543,10.6366002949384,473.729976197961,54.5156379733792,5.37069417122283,40.6544439478635,17.6549554192051,10.3596199110445,440.43578620444,48.3589282109333,6.20347171061092
667,41.0597163466237,16.6464994576156,11.1459921521415,496.240069810059,59.1822690126137,4.61716025327012,40.7585886155161,16.586406452253,10.9302139511819,482.736669511142,57.0169988052975,4.98745873069212,41.2052869602299,16.7538770945546,11.0611610491301,494.005979763521,58.6142202033675,4.77825651329304,41.3128190498327,16.9207716883912,10.6465841445749,473.191594370074,54.5643418357862,5.14425745308414,40.7040864479484,17.6602526852058,10.3411943559448,438.073625256237,47.9436858811453,6.01974134174016
668,41.070621563352,16.6372787407895,11.0828007853675,496.668845633975,59.0925136269538,4.60389153533174,40.8543272064005,16.5381664874286,10.9805438751773,488.891801215264,57.907870206914,4.74539875091546,41.2711670011498,16.7225390698429,11.0569476598836,497.079584020967,58.9429439743457,4.73788530289283,41.171620944953,17.0004760662688,10.6303827370192,472.027775541825,54.3632068801766,5.2260065607698,40.6571480653615,17.694617916734,10.3648981094801,437.785439346345,47.7016978205027,6.06944479229068
669,40.9883079105264,16.5865857766727,11.1021725272342,497.347838371617,59.0998221404133,4.81463215229971,40.806239352651,16.5447040334524,10.9206408085937,487.078524076138,57.3770328995206,5.10521056995326,41.1320030409345,16.7122492525562,11.0159117473292,494.930939507897,58.5222195882163,4.97310595356336,41.2280118996841,16.9323525699914,10.5872503484466,474.26394254495,54.392429280125,5.50871500216147,40.5949386629031,17.6021096089676,10.3286739445844,440.030799291954,48.1440895022557,6.23760800061492
670,40.9958611120922,16.7023651717054,11.085100821263,495.074564669875,58.9539849094443,4.61431398305903,40.8033541396388,16.6091755980475,10.9264803681662,484.495605440267,57.23657102105,4.8671829915218,41.1603296390227,16.8292212126249,11.0121498044227,493.132471238215,58.4195947605362,4.78831714080997,41.1755306852051,17.0661632429064,10.6565751512433,469.267014941693,53.9322698804202,5.28096115619368,40.6868576911295,17.6927179247389,10.286064681764,437.006705657866,47.7161061439275,6.00978475754994
671,40.9520753547229,16.6654962283761,11.0481600725993,493.280081928032,58.8180559508056,4.70407012796629,40.6842269454879,16.5981250759439,10.909877552733,482.121995032323,57.036347234254,4.97113970885933,41.0716012989647,16.817011753446,10.9945353790108,490.470712495184,58.0792657711481,4.88548606333062,41.176871876966,17.0169531530038,10.6134788904703,472.037957445337,54.3970105318642,5.24379983930271,40.6073684749341,17.7234759066401,10.3143216040521,435.166952935232,47.5784901820567,6.15258297349032
672,41.0248003444313,16.6578296899671,11.0735469559828,496.399190571519,59.353531897767,4.7123739350652,40.7983747154658,16.589006985542,10.9329589327379,487.140914115578,57.9465536553815,4.98091380973366,41.1917770545404,16.7470262605038,11.0307285779007,496.42271797256,59.174774258985,4.8283044195716,41.2725036828607,16.9764920928073,10.6469168994906,474.260737365163,54.8473889520666,5.34930749697396,40.7678782625621,17.6734124589473,10.356701742757,439.373572383258,48.4320570282215,6.22618145917952
673,41.0202187552154,16.6375181858647,11.0511284734988,495.272958084679,58.8412660879333,4.66456813896611,40.8252589724251,16.532441125357,10.956856720256,489.185569116889,57.9490027733995,4.84181629412989,41.1850069473353,16.742352804761,11.0739216645939,497.607652453115,59.0867680311056,4.66951493876836,41.2950788809991,17.0318678847905,10.6389919683489,473.897109575174,54.4881141118069,5.23508806592405,40.6552709483557,17.6950474670483,10.248791776366,437.097247992263,47.6952856415405,6.10327104878336
674,40.9991453568087,16.6056302197293,11.0496335666037,496.728708774477,59.4206919477299,4.54469357803111,40.7866236334237,16.5475801471518,10.9059266903081,486.529878103136,57.8353657910293,4.74910948501432,41.2629924678697,16.7013869892038,11.0242412236826,498.266503426557,59.4249355818644,4.66809444098223,41.2332722210135,16.9871247068268,10.6065889196398,471.83034954942,54.4349595725605,5.2879449303542,40.593707374345,17.6175044423772,10.3577916644143,438.736880204548,48.3552538502812,6.07828582843042
675,41.0108908236362,16.6318546804854,11.0603580304555,496.831842089028,59.1627675268909,4.72746725025054,40.7866514946973,16.5658858100657,10.9421748034868,488.093675380706,57.8074827757333,4.99668334405047,41.1874067002196,16.7446354998945,11.0244653964617,498.002610686203,59.2077830435407,4.73488288881407,41.3197896207777,16.9357532379446,10.621322816679,474.878532089146,54.7260567901817,5.32256781884822,40.6444743608279,17.6357521483049,10.3188005291802,438.50386573363,48.0575530158892,6.10769610783891
676,40.9930646198074,16.5606947551525,11.1988059070556,501.333922458774,59.9556371742535,4.43585063663874,40.8614121603057,16.473367027155,11.0057978658736,490.647510421262,58.1915255004421,4.70573607797878,41.2171134688886,16.646173193568,11.1160356851702,502.287179036793,59.8199880588433,4.52905980770848,41.2316905917295,16.8832509993943,10.6787722823269,476.488238428065,55.135550393164,5.02798982853035,40.5544411394145,17.6665897178689,10.3517794303531,438.470708715579,48.1812582789311,5.891366058953
677,41.0066904436735,16.666794479788,11.1013367837344,493.670421044322,58.4711984359868,4.97313166984336,40.8239418581329,16.5841690366314,10.9849142728764,484.373783481675,56.976093154024,5.24240154078537,41.1635639701797,16.8487430620695,11.0563897959145,490.911134933169,57.733356760249,5.18028929438684,41.2489170546159,17.020080429909,10.6806204339784,472.731621957234,54.1921206877282,5.4716928897439,40.6122655444884,17.7238611358897,10.2809645294031,437.00669687156,47.4941043948963,6.41531339777014
678,41.0494103675883,16.5832838628557,11.1392609158119,499.64010315811,59.7658178774304,4.48054935700302,40.7892065415635,16.5973025641013,10.9546504077942,485.390803729892,57.4824800500647,4.85409548472778,41.1779613775502,16.7526524078474,11.0547045036281,495.557164386613,58.8866072531952,4.68776860736423,41.1935754657018,16.9652046351431,10.6523127110727,473.284411330808,54.608896605883,5.13534867464124,40.668916372347,17.6729326661546,10.3033272780971,437.455081370233,47.9186383802023,5.98094157046427
679,41.0483233134966,16.6713642948904,11.1008090565681,495.988259061301,59.350743354487,4.6739910527664,40.8297674333458,16.5734903846985,10.9363329334077,485.285317169996,57.5905058942883,4.99870795888096,41.1804994105484,16.7726920648148,11.0173004028104,493.199861555843,58.6495030581276,4.87919506797615,41.2079061345271,17.085319870829,10.5970340989995,468.218999060089,53.8163057474281,5.45311682358989,40.766009504215,17.6586974556653,10.3123162594667,438.584865172869,48.2408977550348,6.19038789348454
680,41.1352093015627,16.605556961454,11.1386005109625,501.181041243493,59.6891444638964,4.60321293826201,40.8883372518924,16.4698509766078,10.9950201540083,492.289170034849,58.3422336866267,4.78547954431042,41.1856016073128,16.7967180850215,11.0416061347343,494.692012251953,58.4804804610555,4.84441876743473,41.2592416047231,16.9124773063623,10.6989893803653,476.550774742145,54.85080773739,5.23605316819777,40.720251809131,17.6693897405544,10.2939696870643,440.031404238937,48.1779871918262,6.10167567873958
681,40.9574812186483,16.7177484873593,11.0996110210452,495.18539957065,59.2330974874694,4.53625165719131,40.8256609019339,16.64284175362,10.9396338706477,485.643728538566,57.681745529776,4.78032278336314,41.1052901904777,16.8177095756721,11.0383313914911,493.627438042947,58.7898509208669,4.70423255832837,41.2205395516542,17.0001084439424,10.6718236768006,472.53222255495,54.6829585818399,5.1599753052319,40.6907127198725,17.6487814491825,10.3736530223032,439.20723252683,48.3995281187669,5.89181752572365
682,41.0609934939274,16.6275037553404,11.1486637442603,498.794641307922,59.774534479129,4.52795447921687,40.7892298282355,16.59464921564,10.9605212481496,485.939693278789,57.7371675143437,4.92709148906246,41.1922572006724,16.729804601698,11.0620676802547,496.673143950011,59.2296134188236,4.69007257206011,41.2832328707318,16.9619493820437,10.6413974276686,471.509313062842,54.4452772874552,5.21472531150025,40.6184836751568,17.6437820656706,10.3522083243056,437.388723041656,48.293894174589,5.9689643979287
683,41.0620525136549,16.6201169019062,11.0693378758766,498.594359889236,59.6853918741129,4.42255595311804,40.7350206219549,16.606696922018,10.9177494883158,483.133158704113,57.200819130354,4.87379709439267,41.1264948647372,16.8384117379581,10.9885443353865,492.175014595786,58.4576295273725,4.70136250264502,41.2648382172879,17.0114241859171,10.6053781321699,471.086671007022,54.2600851348926,5.16681912472594,40.6433135047423,17.7099503296588,10.3218457670972,437.451324059956,48.1274164580643,5.96217934951553
684,41.0346852614204,16.628460017158,11.0641006601288,496.512945146031,59.4426097974711,4.7105604169441,40.7401467087184,16.6404636521281,10.8919633360126,482.383033071074,57.1639930813176,5.16285848175021,41.1701334065879,16.7864670161448,11.0218724743548,494.406176485572,58.9015998014804,4.88423001962272,41.2510923886774,17.0158705951963,10.63189855749,470.834159992129,54.2996049572418,5.39526782615632,40.6310273145277,17.6613244072616,10.3374076015921,438.179838997809,48.2710107850086,6.21298568076046
685,40.9504707605276,16.7278423450544,11.0217433761872,492.109632258031,58.4433900210374,4.88732950898173,40.7752799777759,16.6297250167786,10.8865901557201,483.918423889331,57.0991367609681,5.12929640216218,41.1016157802365,16.8852496413673,10.9970074572131,489.956726553975,57.8720559885583,5.06367116293966,41.2359175252476,16.961865585819,10.6357878215238,473.255945009634,54.6066163457397,5.37039138731978,40.6252927802184,17.7017695172696,10.2956888493283,436.815665872162,47.8693907332596,6.31744619023223
686,41.0707005262095,16.5376063602389,11.2312864861167,502.067110768249,60.1002544585495,4.36861418818617,40.8198468156419,16.5650310403467,11.0247801594403,488.516808609258,57.8458106916232,4.76870057693174,41.204053105242,16.7089683337232,11.1519754313815,497.470245620828,59.1248297353048,4.61352478399933,41.2526760990166,16.9527793680975,10.7179308350813,476.496383855486,55.1187503649223,5.01878893691438,40.6467781426064,17.680705120164,10.4819540055938,441.76533259026,48.6657321464783,5.88214563594117
687,40.9615210960468,16.64661057032,11.0619080181111,494.47968289632,59.1391292490575,4.73778128397095,40.7829696967507,16.619520325149,10.8978219378767,484.122569148708,57.4218425807947,5.03239401764219,41.1217443919348,16.8089699954216,10.970601822967,490.876454481622,58.269643455292,4.97667041092859,41.1435088169677,17.075672043696,10.5544023962,469.411995654855,54.2020544317802,5.37574783099655,40.6099891735884,17.6898591713382,10.2839155416532,436.751012368168,47.8869399133926,6.25332672474496
688,41.0628350569416,16.6115073697414,11.0962499261814,498.44286030539,59.518831099918,4.56260659540111,40.8656494359564,16.5522795203352,10.9178206623517,488.528753831952,57.953602641976,4.82459138138745,41.1249480736201,16.7561396232128,11.0163173046681,493.847476580746,58.6370556979761,4.80108891061473,41.2503120481367,16.9806356078059,10.6117714236213,474.660417410798,54.9106068990715,5.16767053739675,40.6788722247967,17.6862166262271,10.3125352636821,440.340652975055,48.3564554068138,6.03981939394192
689,40.9942568911581,16.632546884177,11.0471784011769,495.712675499693,59.181106893161,4.72623649030975,40.8200913373272,16.5292443174767,10.9045059040445,486.837121216196,57.7734749537045,4.92797958411626,41.178197351864,16.7697763815249,11.0364179793371,495.186216549794,58.9375129206617,4.81141002293767,41.2077654067396,17.0273078351801,10.6197092218465,471.502929638578,54.3318812631003,5.36451368839012,40.6612581500737,17.7131039308865,10.3512027108043,438.796823258421,48.4314925418559,6.04906429845005
690,41.0018291073396,16.6558418948653,11.0116001973609,493.060842350131,58.8233246244866,4.66809518415058,40.8147541149586,16.6819599233845,10.8307778322114,480.377159905509,56.6525396838457,5.0860335127881,41.1312219288088,16.8835382188903,10.962275545397,487.81837976237,57.743794557222,4.87799719357986,41.2198919742844,17.0282076037836,10.5842304944884,471.585689689817,54.3633492844007,5.20110518954565,40.6440894675947,17.7343935893636,10.2994649661661,434.609153356021,47.5804955832399,6.13153074832593
691,41.0487265739755,16.6505132674314,11.0801347296408,494.389911862499,58.9173804755017,4.97889497410374,40.8427218652078,16.6379828580694,10.8610077701926,480.96662893252,56.640807112672,5.35538388308322,41.2024614661384,16.8030809119727,10.9971581946288,490.774429080943,58.0518911758259,5.2581593893162,41.1477181202351,17.0449877379938,10.568619340423,467.685090959021,53.5313287438785,5.79222898239729,40.5839342935433,17.7790677529342,10.3085089566366,433.363146916298,47.0708370014266,6.63054327035143
692,40.8752929332026,16.6416092797201,11.0137421078291,491.082416586125,58.359831833029,4.73625023128667,40.819565563128,16.6038187678811,10.8875838155477,484.701234307401,57.2556780934195,4.87771297831281,41.1536478645314,16.827666458163,10.9991346829341,492.591557284872,58.3103010567454,4.83556469574937,41.2644418890925,17.037873924062,10.6139343231846,471.10456497357,54.1085463910109,5.21075346678022,40.6108055598433,17.687832315353,10.3232873022631,436.211180979457,47.8935500105903,5.95719363355787
693,40.9714266253991,16.6226452136244,11.0754052165663,496.47438006012,58.9869561873234,4.43586206648059,40.8207545262095,16.5214339683158,10.9184896069843,486.443437856111,57.3747417614991,4.63412892057382,41.1624507450059,16.7814135131435,11.0320168295366,495.070990470288,58.4894930836899,4.58099109103905,41.1937304256007,16.9430380254779,10.6343475317654,472.100446292943,54.0555984783395,5.10995138747394,40.552135776532,17.656118298006,10.3241327328868,434.793459927921,47.3476259358172,5.87447156459651
694,40.9998549578274,16.6229133205606,11.0980044303267,497.596576639496,59.4524531552823,4.72609051178781,40.762303674924,16.5700164584578,10.9158038450863,486.441451745182,57.6524475782198,4.99991110497692,41.080686927781,16.7791222099824,11.0226870058716,493.054985758417,58.5286649499308,4.96454151977842,41.2070264567606,16.9462869369004,10.6607772445207,473.013585802427,54.7252719460558,5.43838442650155,40.6280616113458,17.6534281440241,10.3452012501798,438.701460714472,48.2822117804507,6.26219052938598
695,41.0426230924975,16.6668031472883,11.0849768595135,495.800788809448,59.2508689353435,4.44285248888224,40.8314446985338,16.5808516426629,10.8889149848037,484.871095617633,57.4166699017986,4.74167310490694,41.1746539411779,16.7933589416288,11.0267214172424,494.749453911803,58.8890932420586,4.54086489817715,41.2380792933177,16.9963975127841,10.6784714978478,474.436509506445,54.9255272941615,4.94518380282084,40.6491725930189,17.6731286732592,10.305555052801,436.491882985916,47.9008683564502,5.91877287688403
696,41.0005210315246,16.6024928554152,11.0512050416662,495.479759907225,58.8915662408887,4.79697295886271,40.7917752331394,16.512004528504,10.9160381655882,487.526191703696,57.6729952240675,4.97651033755694,41.2531328738796,16.7301470493632,11.0144491117944,497.218638308342,58.890219180064,4.88613387456004,41.2494950001031,16.9656271178116,10.6069168374384,473.662055897541,54.3981010994504,5.40756974091302,40.6301523593552,17.6925281123109,10.2880395573755,436.809342509299,47.8965271048902,6.22788184304893
697,41.0292802324511,16.6267662308543,11.1027350838319,496.402631830236,59.3219664742006,4.71895892992263,40.8714879528527,16.5284731486944,10.994617892871,488.774887543896,58.1472974917231,4.87068481332073,41.1746306425128,16.7487379616754,11.0513215219015,494.155148336807,58.7851655332318,4.89626439621571,41.2092287763158,16.9861303232389,10.6637761458647,472.861677296222,54.6297523026691,5.27543843860399,40.6766459687924,17.7276336358099,10.3509116279279,438.181123822325,48.1095992518084,6.19833219947637
698,40.9703883303881,16.6396027761286,11.1075779623157,495.092320302611,59.1221701408966,4.63706081733162,40.7977605608114,16.5970567216482,10.9658006238536,485.634836126151,57.5416935905735,4.9388186625237,41.1998304300044,16.753833810838,11.0292389565325,494.375695945852,58.6525208561794,4.84877072256138,41.1291103622257,16.9949560452931,10.6131339227317,471.778417867627,54.2720452124722,5.27221984444108,40.6991742653242,17.6712704912067,10.3176852788683,439.283458939999,48.1034355708737,6.00695770364363
699,41.0726214312007,16.6219968520761,11.169793202768,499.515465217809,59.4814559856394,4.37546900310073,40.8579398001454,16.5683980159046,10.974705633435,487.426590927258,57.5650462814809,4.67054414115,41.2244917045229,16.7268005723009,11.0950859425384,497.357004204658,58.941306852053,4.59269528967442,41.3047189448536,16.9701248881496,10.6700595262259,476.199987188833,54.839028662932,5.00370375221026,40.742092668881,17.6350691150675,10.3721897197395,441.596120354621,48.4508439804807,5.8498296947586
700,41.0846979764647,16.5936077626202,11.1451651853137,500.281405852136,59.9890435727719,4.72385532764653,40.8874607104952,16.5865694459859,10.961025297438,488.420123822143,58.0991813244265,5.06147684678087,41.2206823732131,16.7071284259819,11.0854975935008,498.199596263155,59.4570379871947,4.92057941671804,41.321327023002,16.9081068381229,10.6728393900946,476.059312219768,55.2210491579154,5.39300601276685,40.7342589633251,17.6304072138976,10.3814976510122,440.660436136879,48.554538907747,6.3166627689516
701,40.9586763197797,16.6153823747089,11.1267985912996,497.405980605669,59.3472628265238,4.71713745567962,40.7326380055257,16.529563071065,10.9280150162167,485.611914220996,57.3995779974217,5.03441282657186,41.1568685880681,16.7420453277412,11.0522449621539,496.578972363532,59.0479269430488,4.82371856159973,41.220210028328,16.9460562448092,10.6866652291201,474.02287170678,54.5648399057442,5.39720641600251,40.634366066524,17.5889351467524,10.4194995436796,441.177045561328,48.5743502260702,6.15814016463964
702,40.9901297276466,16.6689497035802,11.0888873658685,496.656881514406,59.2143003133278,4.68773913506369,40.7112977402653,16.5898178040381,10.9354693866303,484.91144140251,57.3758959044417,4.98182195645116,41.1747438806943,16.7831480196182,11.0431667144696,496.132776025198,58.9135667187308,4.82606924988425,41.2298995352924,17.0204045789207,10.6168876806932,472.763019500125,54.4796311758294,5.24777084710461,40.7098823184241,17.660969553975,10.3405755482688,440.693900906495,48.4591238388396,5.99107075965954
703,41.108952864259,16.5782764992737,11.1163406733285,500.019302992883,59.6603532083911,4.52091320178157,40.8897763711099,16.5316070939956,10.9865271699256,489.493420190985,58.0720904545575,4.80955035645449,41.271076021173,16.7167213684769,11.0661472808788,499.069785629356,59.3459708076793,4.63453581546628,41.3366275971376,16.8988223256095,10.6963407207119,477.625567629804,55.2792468389952,5.09506574613489,40.804371075271,17.5734868879504,10.3407398645162,441.703187964049,48.6121129949605,5.98633702231426
704,41.0849875269795,16.5858869577071,11.0723033122341,497.119483230077,59.3252465447571,4.81351406205583,40.8556217879767,16.5591375586804,10.9462866976219,487.231998034015,57.7287025135085,5.10146141201922,41.1597462695412,16.7691774307699,11.0023993736838,491.919793887781,58.3621762297925,5.06443250408093,41.3022684782158,17.0130088225913,10.5922937030239,472.906330679948,54.4953283586441,5.47663634733683,40.6798689725594,17.6619333774191,10.320514961615,441.150375142958,48.5048989057059,6.2533409853706
705,41.0673317918192,16.5534503690876,11.1234160237444,500.956342329217,59.5905497519161,4.48460637631793,40.9283878383746,16.4965631270119,10.9689379855522,492.01984522094,58.1342735019462,4.69853180744438,41.2033402353301,16.7079107445154,11.061558546485,497.893415712065,58.9245493677491,4.65508630936034,41.2849143175501,16.8337268386708,10.7060312507032,478.880644353072,55.2438963623782,4.98176268596262,40.7874218867889,17.556101522275,10.3786533574502,445.078537423748,49.0614202273807,5.74789242081919
706,41.125107355658,16.496063241041,11.1346248654876,504.053748796079,60.1806878294371,4.56598947010816,40.8907690607493,16.4638977132962,10.9851149048803,493.354230177053,58.4662403525068,4.8750711974614,41.2662630500333,16.670162863975,11.0550263783066,500.936720393498,59.4437644610428,4.73943005945555,41.4114574617534,16.8571044744319,10.6757883035927,480.797467994244,55.3663652176589,5.31439002516159,40.6829119188582,17.6418498788188,10.3564865803763,441.658919367494,48.3753382181839,6.24261629289739
707,40.9670772232359,16.6683018238298,11.1083361057233,496.247050208018,59.1886067995273,4.68889678273644,40.7427298915244,16.6399418632402,10.9594716495532,485.118044545823,57.4201420462832,5.00364252124432,41.099302065519,16.882970648223,11.0172886881745,490.770354908973,58.0421061247307,4.93781817451137,41.1451935325614,17.0782402964684,10.6075631539671,469.866910143263,53.9856360643519,5.39573955584481,40.5878957501865,17.70894945669,10.3371572693091,435.580202469709,47.6151235951629,6.19288126627226
708,40.9565648929622,16.5979811123518,11.1189922338839,495.324947862827,59.0794742439276,4.80758763528778,40.7530735424144,16.5780414689077,10.9860973632625,486.935439319566,57.7355700220806,5.07007289324739,41.0952678993804,16.7604050132016,11.0661296888353,492.450696394629,58.3672203602936,4.98136601472687,41.1622064663931,16.9298395711354,10.6862846578605,475.031605736986,54.8190819381562,5.3901051933414,40.5566967255643,17.6895168874644,10.3710177022295,437.07985217414,47.9038142981396,6.33257031861014
709,41.0270928327062,16.6025303344797,11.0571985037815,496.546472326335,59.4176303987991,4.57899573180213,40.8168518208362,16.5392293166903,10.9432111798329,486.682127402967,57.85488014159,4.85176899679463,41.1763982007806,16.7537056528618,11.0679525556346,495.583416621367,59.0726339104568,4.66973328585407,41.2826360144294,16.9816283234586,10.6447962302431,473.001238937631,54.6038953419841,5.28599515505907,40.6902380358901,17.5891362966539,10.4172738243237,440.1150338638,48.4384244303345,6.03644971524102
710,41.1146439469713,16.613634899063,11.1269238029863,498.34955824548,59.559646295369,4.41204654736926,40.8157068584263,16.5532320599699,10.9525048693136,486.821156149721,57.7784851688157,4.67588127678872,41.276075774777,16.7336627298452,11.0901442272,496.775954515501,59.1186896708299,4.55270179748772,41.2766431634935,16.8735574538606,10.6573331355667,474.987671662097,54.9488460178696,4.94950058175521,40.6890104245994,17.6587564438431,10.3361099139856,438.915272796747,48.0032144688435,5.99505906392221
711,41.0532255037486,16.5933118340204,11.0688269942712,497.449313285677,59.3793742036433,4.72286478254909,40.7625934231359,16.6099079920484,10.8740448699446,482.520616485885,57.0518632522424,5.05874469003786,41.1710033966042,16.7374963263082,11.0363393773457,495.001029421421,58.8271605164314,4.8365788192682,41.2522991660735,17.0124122687326,10.6028145187237,470.520381394413,54.1160028715432,5.39844552425466,40.6246453915707,17.7048609537752,10.2896613871647,436.065578017735,47.8028904742756,6.19266363214873
712,41.1014812931836,16.6150389881033,11.09550259173,497.113057409212,59.3626161127803,4.54947144735515,40.8267168234906,16.5759457850021,10.9221882093822,485.279089614157,57.488242767234,4.86158013698216,41.1801528188859,16.7693603831388,10.9967687313612,492.038944404775,58.2469973441617,4.80590279166372,41.1843163358251,17.0479405414201,10.6098169193492,470.050545714017,54.0292751592133,5.29528588397242,40.6304159485926,17.7545112472541,10.3350273139231,434.591437823466,47.4480665416423,6.08722663554158
713,41.0771573930124,16.6417922471602,11.046429656136,497.673728038187,59.5887970429644,4.68158738883927,40.820201888231,16.6208721621391,10.8871976931669,485.703076952143,57.6609473516938,4.99457673594892,41.1614577865634,16.8362783782135,10.9744916418998,492.360117007126,58.5282488578911,4.92616865671048,41.2590328489108,17.0224880478267,10.5835499823578,472.435837576625,54.5131646224814,5.36576934999213,40.6306846376353,17.6898721490181,10.268386604847,436.059498676925,47.9192805818203,6.16754249549825
714,40.9737010190235,16.5870566570216,11.1014488313871,494.756718482691,59.1552840129308,4.5782593384551,40.8274911987146,16.5067555585727,10.9796395192983,487.184450999744,57.9063561633661,4.78710671339841,41.1733738441966,16.7402770546111,11.0213158853206,493.634026770632,58.7039337650291,4.72469729510616,41.1447274240646,17.0203220652388,10.6340139273677,471.013918681532,54.3093167731577,5.17672926206863,40.6422091604067,17.651289669662,10.3662366967844,438.881911994656,48.307960810481,5.90930621688287
715,41.0252600281584,16.5778557729949,11.0878247914403,497.018345770516,59.0584943451762,4.50632065202772,40.7859016117211,16.5437483014374,10.9740787294659,488.020734357673,57.6477310693804,4.70457678810124,41.2168240367658,16.7102605333624,11.0602936998363,497.355812165686,58.8081785689884,4.62727610092155,41.1931807544602,16.9743734826952,10.614990436314,472.230792705061,54.1349780443454,5.16575343787914,40.6221314266144,17.6511148306544,10.3362793402444,437.453416520156,47.7345258499876,5.96584564711977
716,40.9459911701315,16.6182500049313,11.1270484611561,495.312827081213,59.1086348803307,4.51892957218358,40.7236466625299,16.6175979746931,10.9672731041347,484.599282345368,57.3213298421284,4.81682453888812,41.0839523494254,16.7696726289144,11.0085501018487,491.365135594346,58.2447147931298,4.75767484359856,41.1433490514319,16.9797908460079,10.6631201246473,472.413723430128,54.4178699218365,5.22507432388752,40.6176517247395,17.6598263562709,10.3934456559834,438.835722002804,48.1930617054774,5.96200259901395
717,40.9612960618688,16.5852344788294,11.0857940383366,496.866879726375,59.3704404753479,4.62067130668902,40.7373717928058,16.5548939680891,10.9802658746937,488.459837626147,58.056859015472,4.84150075813006,41.1589245912028,16.741230447148,11.032493494949,496.817101113111,59.1443448025978,4.69609362676833,41.1962867010417,16.9130931703209,10.6573130625268,475.09485433131,54.8658115404194,5.17410938855207,40.6601195632913,17.6174652824331,10.3608241730627,439.034705920423,48.3415462293173,6.00794583726095
718,41.0407457299479,16.5509272488476,11.1276180621421,500.071546512176,59.7188376676141,4.60200450155609,40.834876743812,16.604452506038,10.9305779503681,486.383124765372,57.4308201027225,4.9932649199565,41.0912066618743,16.800430588536,11.0115016197459,491.211975884826,58.0041253745541,4.96802686487313,41.0619451406363,17.0262602778319,10.6054472355557,468.920634468343,53.7204750183508,5.54304660832918,40.597123906395,17.715391098601,10.2626542306286,434.197068974428,47.147216244405,6.38069047888742
719,40.9767696119144,16.6883729648256,11.1031692607562,495.228950242315,58.934418783028,4.79892598231886,40.8077908201058,16.5685071003938,10.9138003311493,484.845061973455,57.220959081187,5.0716364181252,41.0936061669717,16.7918442681135,11.0566092394129,493.439200511321,58.5372139506029,4.93574301798498,41.1052790436946,16.983512339392,10.6351426428459,470.096865298191,54.0277535574106,5.50051728526156,40.5404856497385,17.7177571436256,10.3087335680811,432.103699418885,47.062343114967,6.46508237213231
720,41.0206325010979,16.614090624458,11.1243378333003,497.174582699771,59.2622906441685,4.42614844767978,40.8994620442351,16.5846322255323,11.0359333098691,491.366575379145,58.3127925616282,4.60603635449479,41.2395077090041,16.7712959309884,11.09428883828,497.27504486186,59.0583291875464,4.50692713733121,41.3057694404486,17.0034199619278,10.6723786157114,474.605227712868,54.768767693073,4.93914663048177,40.6467151441418,17.7232016739423,10.356893505137,437.182880062154,47.912301769644,5.79690473918069
721,41.0065036935811,16.6416711195241,11.144353668638,497.73788823422,59.4876376302662,4.53522224320639,40.7729922876521,16.6413657826727,10.945592324566,484.396949322865,57.2034028610216,4.98305600304683,41.146383726327,16.8238041497906,11.0473365708187,491.872935848169,58.2240116229414,4.86862686419441,41.221072139341,17.0044922972632,10.7145451084217,474.062637987648,54.68916582006,5.19187810573077,40.6953348407854,17.7152158863802,10.2996080514035,437.143115471085,47.7517327958,6.03421975502009
722,40.992867643191,16.6268935852004,11.0963518115289,496.730807745548,59.3505073203643,4.29166612818895,40.7368697829473,16.6333588871222,10.9238043365291,485.085202773087,57.5132746063287,4.59152123500148,41.1579650891498,16.7342827314193,10.9886035743222,494.896700120431,58.8321130568165,4.43262250757513,41.2074239398088,16.9929047974788,10.5817872766907,470.920054916035,54.1793594604069,4.9192963974853,40.6609688705481,17.6628719839214,10.3257474126642,438.387941415992,47.9780313383751,5.68030119193714
723,41.0174345273099,16.6099335973962,11.0916712357363,495.086300592784,59.019202687183,4.73889535635131,40.8415258570012,16.531259351902,10.9532688942128,486.882098688727,57.7498392340364,4.95276726197604,41.2587161984237,16.707958718162,11.044715392265,496.738148019592,59.087442330064,4.83822638915442,41.2891714332727,16.9808214085487,10.6399861365831,474.156046484001,54.7082196741733,5.34781641295131,40.7028601403527,17.6267674749797,10.3182539366868,438.174170676757,48.156388846335,6.08136719265172
724,41.0200262553111,16.6548730328193,11.0821554763585,494.250485587497,59.1286867349695,4.55592136580221,40.860883723346,16.5507901081326,10.9428089084921,487.24075080343,57.9294791260221,4.74538509511008,41.1873701569516,16.8297602162782,11.012920535184,491.433327135856,58.3535842614548,4.73889131426936,41.1741828647813,16.9839961418638,10.6439095097739,471.441326158494,54.5490315274184,5.16428479674913,40.6911279930358,17.699169566256,10.2980788812681,436.322642141832,47.8506122521324,6.01446102706233
725,41.033509003001,16.6066883226505,11.0650523111703,496.883260429309,59.1120390699989,4.62361149887209,40.7559317734173,16.5432297789428,10.9457481768405,487.745962265157,57.7520416523888,4.80022311944534,41.1462552454492,16.7340081718943,11.0055818701501,493.952383632003,58.4489471121349,4.82070936629341,41.2079982792782,16.9983688954419,10.6592097776413,475.457737301102,54.8634528360143,5.16871716195738,40.7182311329666,17.6504311637538,10.3851621215067,442.175103991302,48.6930182344329,5.89527008085206
726,41.0125184032738,16.6307744019581,11.1058544274648,496.576221739459,59.2456789964158,4.59949687778253,40.8715296594673,16.516943247383,10.9616868978903,488.210010334387,57.8857280176797,4.78163685737388,41.2002374320686,16.7321954055758,11.0214088189273,495.256769756072,58.7779735951194,4.77988490127405,41.2588300624827,16.9342693889085,10.6594129893673,475.370585026861,54.8109045363516,5.17068287229765,40.6237811007174,17.6762306413983,10.3284601642858,439.27129512009,48.2079835905692,6.03490736027599
727,41.0302362670284,16.6309199844285,11.0621318984615,498.294968746217,59.3394290058341,4.61977814894946,40.8670974686296,16.518549619233,10.9258407666168,490.4563619424,58.121395721676,4.8663840812871,41.1546940951243,16.7863730333453,11.0319795132284,495.991153827086,58.8270913138096,4.79324619820544,41.207078130333,16.9139654607002,10.6698208160267,475.638369959518,54.8455662553001,5.24295362691112,40.607416960039,17.6171324106071,10.3108572776754,437.770138864749,47.9605041137526,6.16507903389225
728,41.0348091517152,16.5927587447709,11.0987102397279,497.400058101029,59.6481785598994,4.433689920916,40.9128378883996,16.5306276022044,10.9967468093416,492.15604594055,58.7673714862506,4.55181552062932,41.2224170052669,16.7391542932451,11.0413720958972,496.454180472727,59.2260843302899,4.56121315539353,41.3211223355338,16.93370079366,10.6308773704122,473.86272497189,54.8753065182835,5.08478407268841,40.8016864840435,17.6440497852146,10.3048633769755,439.097035350125,48.3447695774802,5.92667850024167
729,41.0838224110732,16.5807100567743,11.1454003777572,501.588346115135,59.8488362548252,4.58733460061558,40.757327874388,16.5208705999397,10.9473749239875,488.035715592031,57.6753720248119,4.98264666395301,41.2084106006982,16.7201231057964,11.0665693191111,499.090055672294,59.2430505069737,4.75548757750284,41.3617534097909,16.9011691466251,10.6811458574993,477.087503717991,54.996147037381,5.21981985524436,40.7401925049798,17.5943702226696,10.3543444844287,442.448398384895,48.6078637351807,5.98737750044821
730,40.9836146348528,16.6893983706245,11.0719838668792,496.681699821732,59.1696628688751,4.82662299454103,40.7196907283986,16.6240950857,10.8770955955324,482.74758404842,56.9865264174244,5.20339434920048,41.0765969122534,16.823578559679,10.9971049961857,493.154744447707,58.4483610825637,5.06066193618631,41.1596233650547,17.0289458759612,10.5993898447763,469.995253504801,53.9371154686907,5.53501910952783,40.6017029245958,17.6943765296629,10.3004005269567,436.30335510008,47.6817376328188,6.39647966764335
731,40.9760728340357,16.5961312703765,11.0987129252454,496.832701223686,59.2798049588436,4.58044830086752,40.8201415933125,16.5468141236061,10.9752953722414,489.3142246827,58.0971498942466,4.79107054833,41.1414749986028,16.7102951717109,11.0800510675767,495.926084979265,58.980958783808,4.72865692769047,41.1389410199919,16.9300194623879,10.676629051171,474.783208582593,54.8779377685209,5.14692240394545,40.6438205813427,17.653683603119,10.3684240261966,438.770372190026,48.2846368924699,5.98701826918989
732,41.0643003143344,16.5967744873616,11.1386404276236,498.953485583484,59.6647659982547,4.45618467673792,40.8365796166931,16.5653472842916,10.9632687014214,487.558460996306,57.7135515129944,4.84590464998026,41.2601800907092,16.710561647728,11.0895207888907,500.015202777525,59.6419855068793,4.51979267478045,41.3472858378624,16.9433786099142,10.6979904904081,477.360819744898,55.2164338468111,5.03979817258457,40.71910940458,17.6019760899017,10.3414529768242,440.482473357151,48.3558967229546,5.90528789279711
733,41.0078668563065,16.6128328979107,11.1043932839298,497.751957073112,59.4154368693108,4.40482798745922,40.7504629369464,16.5491219522123,10.9817869362473,489.149670069576,58.0897663397023,4.697878031284,41.146647195301,16.7662262676014,11.0149332286429,494.807715042494,58.7636418837667,4.59192505511942,41.21066680001,16.947633785907,10.5924371064849,473.77642082387,54.6484608164158,5.04372464711699,40.7194252512059,17.6939551740896,10.2926992961255,437.709232835727,47.8483139462396,5.86193510514217
734,41.110051334815,16.5623204056915,11.1823375840491,500.258658235672,59.6547098301859,4.66010939749773,40.9628032337885,16.4989703694724,11.0177405076139,491.448143480854,58.1993737444377,4.89438860743554,41.2591228785125,16.6867529721362,11.1214619380713,497.910764454813,59.0301927600647,4.85962842861588,41.2342345642379,16.9207649120529,10.6970979798763,474.113792959728,54.5758831677563,5.32069307347645,40.7104081719717,17.6877031854203,10.3727162236809,438.303313948314,47.8928677105624,6.23954936832552
735,40.9727012651993,16.6234745575195,11.1394250731111,496.436817657926,59.3316924316768,4.74829070436257,40.7806841073506,16.5408744419208,10.9664939848588,486.500519500012,57.7275808796793,5.07292248916232,41.1445311911141,16.7346249565317,11.0669723053442,495.988140948734,59.0379231287641,4.87967323321134,41.2223768052634,16.9825691585372,10.6563030749832,473.107246963675,54.6243915172268,5.36158156683015,40.5863856845612,17.6424709471732,10.317650871512,435.434609156412,47.703881422187,6.37215995608232
736,40.982655277108,16.6471165785164,11.0542642342944,495.781340101455,59.0198032734708,4.47824724013224,40.7909411142721,16.5679085540184,10.9443844474626,486.898074717329,57.5873755567759,4.73327053843737,41.1608737111092,16.7953534181445,11.0092035098102,494.176195274371,58.425061669159,4.66961739976365,41.2227297532739,16.9931692659095,10.6399949231634,473.504604837052,54.5053268856097,5.0578081169702,40.5863155307184,17.6837737723714,10.2737117335458,435.053735956207,47.3971369618525,5.9996345054495
737,40.9886244941592,16.6462615814043,11.0767737358263,496.249800200515,59.447568059935,4.66678383354671,40.8464914101806,16.5835470619646,10.9222320884882,487.326828780154,57.9356259716036,4.93502933330807,41.1212095384346,16.7984791708558,11.0034182505101,493.260840362569,58.7717459567307,4.83006676831145,41.2029756738092,17.0353688315455,10.6289563476636,472.15226514015,54.5719450763164,5.27882100984774,40.6554694835039,17.6787339488126,10.3292122500702,438.890760897528,48.2868490353434,6.17418013168426
738,41.0496247591271,16.6225860352802,11.0673048172792,496.770020917742,59.1548754741715,4.27936080511153,40.8359608460241,16.5132920302682,10.9409036705565,486.931557518618,57.5862803570809,4.52509936775592,41.176774544783,16.747875763158,11.023030730034,495.34526826304,58.7191390904465,4.44184443283159,41.2624330453521,16.9554888382834,10.6135253369568,472.807887759522,54.3795695255831,4.8892855613889,40.6473214417941,17.635384405166,10.3238877426422,438.927329575661,48.1351219673912,5.6772367784557
739,41.0219993989981,16.5877442555995,11.0575610233925,496.057870055272,59.2465113137031,4.60086152790127,40.6811911796055,16.5884666964916,10.8729523176847,482.642382801663,57.0971791034303,4.96303926069532,41.1572658846686,16.7470432773306,10.9979380320953,492.475699149808,58.4711475232735,4.80497063783209,41.171016645562,16.9520908410617,10.5675988248238,470.880472899599,54.289783598517,5.30227023389859,40.6196266953022,17.7195216304109,10.321923398326,436.626617956141,47.8497572186173,6.12385411788487
740,40.9800167863461,16.6613909876625,11.127843634736,497.027642897082,59.5804037649005,4.49308536770584,40.7534737001369,16.6371219286692,10.9635668856846,483.52064066027,57.3621215562444,4.83180017745938,41.1405247250643,16.8437530068635,11.0374518208371,492.765382043866,58.6361513224828,4.71294335982159,41.1927736930767,17.0213076363386,10.6357199973007,472.395486594333,54.7344549590378,5.17994774575893,40.6168885817917,17.6698051453776,10.3610061678916,437.350070273047,48.1513429132879,6.00433160518173
741,41.0342099249532,16.6244363845459,11.1053997995523,497.526364438467,59.4186823216465,4.58561163957163,40.7993747851616,16.5410291699787,10.9272956711996,486.501604255636,57.6006776778317,4.94230051067101,41.182260502032,16.7330437987031,11.0618331975866,497.752110731897,59.2376311439461,4.69567802226891,41.2258970854416,16.8851320106529,10.6455621900311,475.389471734245,54.9648649828039,5.22974809388961,40.5968365570478,17.6841988347829,10.333578965185,437.551724814134,48.1195416750437,6.12525753261361
742,41.0329422731874,16.5860026297588,11.0859945994391,497.699546414591,59.2011692907915,4.44167550150872,40.7300786673292,16.578500914289,10.9314174021642,485.426710952732,57.2584553291428,4.79779714515618,41.1957772894013,16.7809638289706,11.0355151456727,494.892676675587,58.5121518215957,4.63969901983553,41.2523422014862,16.9494500729867,10.6659894367784,475.073753096916,54.7083860237459,5.01666973591833,40.5816871451912,17.727357012089,10.3093591418137,434.759054170185,47.5175869605285,5.98129427868147
743,40.9979795075816,16.6057945381964,11.1006514788891,495.598244343805,59.2129545410575,4.76271354672001,40.7977339007142,16.523147227977,10.9482903954063,486.904861219695,57.8050488807718,5.02890096202815,41.2368501819576,16.7777575838145,11.0705911183427,495.118409859702,58.8641436403915,4.89957446025435,41.1971114529016,17.0093618267114,10.6070599510156,468.878806840961,53.9263253506283,5.53922922847832,40.6470464161863,17.6303512135656,10.3069083340878,437.002426166653,48.0899960544117,6.32211564908358
744,41.0523954404295,16.5728433230677,11.0908620131657,498.356161759812,59.3413998180572,4.56133078707445,40.8477739137979,16.5227013133006,10.9338041551439,488.723991563523,57.754571307425,4.81620009464513,41.1966023987808,16.7218577230862,11.0564609017744,498.180448277613,59.178784808576,4.57015570016799,41.2621368035041,16.9931252742543,10.5916882765505,472.696138466294,54.2998786289191,5.23517723084752,40.5988884926468,17.6777458526318,10.2937310590938,438.1331052531,47.8666225134755,6.07466206902233
745,41.021113707322,16.6899173944728,11.0164129937552,493.925649771943,58.724849651863,4.59207335796757,40.7114671692466,16.6337988441447,10.867941373342,482.798334198721,56.9557988077482,4.88700269126051,41.1377808647702,16.8104365189914,10.9812115369674,492.236456136134,58.2937981551525,4.71177413949658,41.2099063963747,16.9798038894043,10.5839648331482,469.620621424228,53.9017896093794,5.21937315156292,40.5359811779255,17.6606406646505,10.3376844976377,436.089990679611,47.649026617142,5.92942929932154
746,41.0863832079241,16.5921381820336,11.1914215383057,501.013795065261,59.9164298854219,4.40376397348956,40.9061837265677,16.5204079640249,11.0393059659578,491.539233174645,58.3609434076195,4.61908625842894,41.2712851450382,16.7317822448724,11.1234683122552,499.046703969319,59.3175684940367,4.59199830475388,41.2651968188764,16.9517131427854,10.6913431401082,475.644741608227,54.9523527789533,5.00529915247053,40.6963049690914,17.7060302684331,10.3784355862559,438.592462310629,48.0357724605823,5.90817853130335
747,40.9729130670333,16.5944109341632,11.094605244062,496.850337948149,59.3077189137285,4.56959077675387,40.7887486667032,16.5137815678916,10.951531679651,486.272946120537,57.5784497252662,4.84171986453067,41.1095313463941,16.707652683302,11.0150179156733,494.09261416986,58.6350357111727,4.7773606210637,41.1839912550044,16.9779608880476,10.6174942919669,471.759726179963,54.2624262327949,5.28593045266216,40.590886091836,17.6727697277937,10.3719108359549,439.339583463157,48.2376498958393,5.9760876052937
748,41.0286651823993,16.6627473606165,11.1626412404328,497.228739421726,59.3003536854581,4.63678408154432,40.8453776714213,16.6472305088022,10.9635165937347,484.917294110418,57.3376286816299,4.92864609827773,41.1047246600207,16.8084836795173,11.0464548695563,490.868163252145,58.1025481317115,4.9533870642062,41.2287207862844,17.0146922163617,10.6715024764004,471.799112574272,54.3498595086193,5.39776655950426,40.6568105996765,17.7497172971485,10.3532043311845,434.86772328329,47.5166393733978,6.22347764138229
749,40.9865569795778,16.6301663607481,11.1372568747318,496.729181575261,59.0562006946149,4.41156000464382,40.789206087988,16.5253604935033,10.9886009470183,486.477773519771,57.4313894777311,4.60736765693829,41.0978401530628,16.7845256859236,11.0497287296261,493.351962312715,58.2926382589387,4.56911658718714,41.143244464363,16.9454433805858,10.6779881985593,473.521864368523,54.4463888124437,4.98191745140618,40.6147912945496,17.6664187389783,10.4056601208774,438.664024565646,48.0259196316413,5.67779816198075
750,41.0521738524096,16.6733022349967,11.0182749969789,495.355354053956,59.0332807810764,4.57273736050898,40.7979501778423,16.6231889781647,10.8661658629239,484.827609937584,57.400804085659,4.86362968823374,41.1582751414568,16.7578944767096,10.972395055989,494.449725051933,58.806668557357,4.70552602802106,41.2630622995152,16.9130170645446,10.6132535922662,475.236575595085,54.9268976942621,5.17799835641125,40.6223973615637,17.6569759707728,10.2808101087701,435.377786638415,47.654184111803,6.14177501025505
751,40.9846310749678,16.6920407435085,11.048762110519,494.54409411761,58.9884418993089,4.55590660662909,40.8068981764019,16.608219499619,10.8895446645013,485.127859273987,57.4469888842175,4.82754737957781,41.1516291803779,16.793533305998,10.9662032486065,492.453700512399,58.375810737428,4.74758302329686,41.2268110494096,17.0080630649815,10.6071460363668,472.428327510588,54.4808442732837,5.13555087621443,40.6064511232851,17.6859281957069,10.3685289787973,438.525376062903,48.2616221423931,5.84817353973172
752,41.0062495659027,16.6430258188184,11.1116469159479,498.583626482948,59.660882366564,4.46181757812629,40.7368905132666,16.5259982772594,11.0019275079799,488.845075262958,58.1889223122357,4.67286094593219,41.1605824531822,16.7660200720525,11.0648349956751,495.551998958233,58.9355109633359,4.68542687218902,41.2387300683422,16.9418858717106,10.670250124922,476.816995425426,55.306546543854,4.9935159827866,40.6721259063594,17.621832378181,10.3307488372818,439.790874692169,48.6096225634442,5.88183879929164
753,40.9492443167823,16.716563691891,11.0973875351359,493.077193589652,58.5974860361977,4.72728592893759,40.7951739914584,16.6250297380957,10.9770286827703,484.835490573216,57.238084303301,4.90711573696658,41.1220394086915,16.8614187705253,11.0311700108173,491.695207238846,58.172668034736,4.84339933429591,41.2553356705855,17.0367202188618,10.6764993378068,472.029119558875,54.3407753318196,5.22446965342859,40.6661581916362,17.7138690818828,10.3370565002707,436.423445252131,47.7169073755557,6.08109913200418
754,40.9440664354172,16.6379278058936,11.0829746340902,495.052725516342,58.7483826520611,4.79497535198717,40.737409321954,16.5259686121785,10.9832628019595,487.348702493298,57.5689560344263,4.92788291768115,41.1054187579663,16.7845907701877,11.0294269364917,493.895972896312,58.3260997748092,4.95796097696656,41.191851119575,16.9941904515459,10.5809006108299,470.748332051174,53.9062058547916,5.55908394589365,40.632466029821,17.7149711869121,10.3379282342254,437.726455283771,47.6927707242474,6.33320571064219
755,41.0428114067075,16.5525536332677,11.1272944828212,500.027511838613,59.7168112940472,4.75818166716062,40.8870205484285,16.489189700447,10.9730578333584,491.488559758925,58.363290705028,5.02116019453073,41.1773499992117,16.7412762954482,11.0543271823854,495.253283145288,58.7068297077313,5.03303140205286,41.2136525966281,16.9216462966304,10.6407871845044,475.268027687058,54.8434392587211,5.4220367893714,40.6200294427205,17.6494698284515,10.360114437916,439.924377853827,48.3077958624298,6.40080968221765
756,41.0227865521208,16.5633926273128,11.0893363683743,499.563136185314,59.7331876211028,4.34839332143595,40.7871769596238,16.5062374364816,10.9375883236863,488.388424351935,57.9909256226124,4.6675423537442,41.2070110980646,16.6676046742272,11.0994183558266,500.477249120736,59.7355190811058,4.40692023471892,41.2582872970553,16.8746161152908,10.6676392252202,478.800479057682,55.5260744320677,4.87761085606648,40.6600137502717,17.6601088948496,10.3830549951645,443.350590173212,49.0041580424459,5.70130386612371
757,41.0293472307098,16.7121565322839,11.0252782240631,493.532990434676,58.6125186088657,4.74144802399602,40.8503812460547,16.6083619388627,10.9184651061024,486.482531543004,57.5137326145432,4.87877953437453,41.215274650249,16.7814993333536,11.0090185617798,495.683115844239,58.8286344958832,4.73838127144887,41.2677054906265,16.9725117290855,10.5700561946638,471.868752600786,54.2708533872285,5.37183066442783,40.6411563097806,17.6525513898539,10.3590761682139,437.382915211491,47.8941022543984,6.13400428635174
758,41.072152142948,16.636013234803,11.1113999324995,499.049751457535,59.4134529033348,4.6094726613716,40.7896519265872,16.5730749477613,10.951699096494,487.810976893851,57.6498483528618,4.93660539322613,41.2520208491327,16.7400840825119,11.077788957449,499.364755352613,59.2387819290109,4.73713411449367,41.1838023430215,17.0015229423197,10.6539792399494,474.553218290994,54.6361459135997,5.27275559258645,40.6023788475378,17.7135099830283,10.3316120074324,437.773007183783,47.9065889162602,6.15176645336645
759,41.0545632704595,16.5867090326591,11.108179685551,498.323518250581,59.3634987179678,4.65131422682402,40.821814214466,16.5646915202361,10.9275283644915,485.109710925958,57.1909940648029,5.0404567167981,41.1944355977319,16.7489046847461,11.0598533634233,494.881262006953,58.6030969350998,4.88767706218944,41.2733376906068,16.978596862332,10.6665649121983,473.103487299678,54.3893334989404,5.39566327757905,40.6631474057241,17.6795322934375,10.3046448257164,436.861281758669,47.7117668091781,6.26800843155411
760,40.9382804853746,16.6722784409473,11.0140564966909,492.080869063929,58.3585263569097,4.96508845569455,40.8268284664257,16.5381333890573,10.9264941727294,486.969942835769,57.532653173064,5.09743146305317,41.1892401258696,16.7564595711018,11.0203277652337,495.960743421552,58.8283102290864,4.93902507987713,41.2936882304407,16.9841988550972,10.6528245587217,473.18173165508,54.2189513440396,5.50541187453844,40.602589129008,17.7248308342409,10.3172091031554,438.007943699119,47.8354740698613,6.34041554507353
761,41.0086404750604,16.6199796556616,11.0550581485894,497.019693436873,59.3726692572174,4.67829088877606,40.8247927401388,16.5308059409876,10.8818856121019,485.28371311252,57.4244203780513,4.93966705685328,41.1771677199864,16.7886256412324,10.9783673970405,494.063180676049,58.6035990600893,4.90558791227896,41.1798934357002,16.9834767689507,10.6224117185649,471.605773380556,54.3349898330971,5.37567850083277,40.6780349087002,17.7353865508711,10.3119002679914,436.109988414712,47.6427687514661,6.26993848341938
762,40.9770117107766,16.5506661842047,11.1532921887055,497.920642184134,59.4645035082636,4.65676351990986,40.8034722161624,16.4733665830927,10.9783399214428,488.208498083943,57.8682706318903,4.91256371707383,41.0936223153459,16.6790454598484,11.0612826029674,494.949939827174,58.8514886229543,4.86148321670069,41.2670959352874,16.9773052335211,10.6394484783884,473.026344472857,54.4693128536998,5.37098083990337,40.7051464925819,17.6317348427968,10.3341702286846,439.655544489242,48.208228022073,6.09165594924366
763,40.9739821640379,16.6343778654651,11.0803613760651,494.588793055985,58.9430245936438,4.67663436220936,40.7175243242677,16.5989520635242,10.9449021744227,484.109028953737,57.3525758364987,4.98183438469327,41.0825783931684,16.8084471923117,11.010656945369,490.897743303705,58.1900630085758,4.86843970002189,41.1832714247013,17.0140331057619,10.6670145878873,471.799468376196,54.4254679848297,5.25418188989828,40.5913370177172,17.6570577574096,10.3171945675944,438.795313091814,48.214102453996,5.98882928763498
764,41.0234353315835,16.5662173069381,11.0902641061277,500.120945662327,59.7520764155117,4.47941553150333,40.8559255615121,16.5032711457213,10.9576152044651,490.566478160362,58.2259010075292,4.67887540883651,41.0909004900197,16.7812584617486,11.0097860433647,493.223380640682,58.4408716584754,4.76390379417083,41.3062481734237,16.9515946230807,10.6204988922989,475.042283760694,54.8891671197736,5.1070123842401,40.6243162109185,17.5953975262196,10.3155216149055,439.351028959603,48.2638945635358,6.02523117171082
765,40.9480044248304,16.6525055135434,11.102113492475,493.882438438638,58.6432522378202,4.8925605355352,40.7579841790721,16.648260022326,10.9724013728687,484.227790088744,57.0725958935535,5.20823273040079,41.1749255481003,16.7545744947486,11.051489042165,494.339819387994,58.5056173408222,5.03629036995218,41.3492283662199,16.9884793011311,10.6799478008692,474.360185805976,54.5419593103554,5.44314205826184,40.6510633456232,17.7068678802576,10.3551037340206,435.84842692274,47.4845389296387,6.47714460085787
766,41.0097698877805,16.6697920848961,11.0525749577729,494.764800087601,58.6832634116834,4.76570991870166,40.7700102311639,16.5900872647596,10.9038012016358,484.156121738405,57.020472281684,5.05358648937442,41.1290254449679,16.8106615586807,11.0228378959905,491.644341518709,58.0243501402772,4.93637355441506,41.197047192065,16.9969748310376,10.6687522884595,473.170622364072,54.268449595341,5.27641069377089,40.5952849998678,17.6472079579179,10.3330453900172,436.237157181311,47.5850197667286,6.21220904271411
767,41.0687749681917,16.6550591667177,11.0514178495748,494.443586401682,58.9173383544136,4.79778039294107,40.8426549290697,16.6220109344701,10.9085919630284,484.929969020922,57.3890640718189,5.05038937528309,41.2767791151131,16.8078291478773,11.0476261931536,495.179694547162,58.8399572145917,4.88500804559815,41.3560008543643,17.0294572848846,10.6482800068271,474.040795997252,54.6556347671827,5.3202975863429,40.6465962685096,17.7176756783412,10.3269149732553,436.7018327158,47.7724703733606,6.27051653778832
768,41.0960952335352,16.5905132864708,11.083519380923,500.284919326654,60.0151787456585,4.54278856513084,40.8657350182097,16.5922203227199,10.8642876626509,485.879796145857,57.6030262018096,5.00999268589712,41.2509456306234,16.7802915633851,11.008884584414,496.700425198759,59.1590515081874,4.77297801343861,41.2833803436123,16.9511179583222,10.6911367719833,477.104393463035,55.3753009771413,5.19492085180664,40.6824112123379,17.6542315057122,10.3054384836263,438.581241016372,48.2684867168725,6.14857645989612
769,41.0895807127163,16.571233769423,11.1018424805767,498.783562307722,59.691038421694,4.68479480398581,40.870438925539,16.582648132727,10.960783916027,486.64069709115,57.7694668786359,4.98779953984605,41.1972104883506,16.7367563304023,11.0351380029661,494.613195685719,58.8095324024301,4.92696261060709,41.3079225958704,16.9477406349035,10.6607505427878,473.142223174067,54.6797890433392,5.33561587301554,40.5681557898036,17.7065460865187,10.2911669908674,435.63286205966,47.7165387161248,6.26964498280682
770,41.0131667213853,16.6138615350415,11.0543077841996,496.184860524658,59.014441170268,4.65965686651868,40.8078174313289,16.5962923426373,10.9508960986268,487.293096439875,57.6093740141005,4.91457127730375,41.2588646640497,16.7177491659041,11.0324032519366,497.802851422693,59.0125497897019,4.73324861560057,41.2152943779069,17.0480187763247,10.6703464315024,472.91906460965,54.2592006752461,5.37022304809221,40.5640440476369,17.7171084797737,10.3388981769119,436.485895418485,47.6216558109915,6.14080368637322
771,41.0177465882172,16.6435593194399,11.0447463954912,493.774804660906,59.0027022254094,4.40142035607625,40.8675980196277,16.5782213016525,10.9004315688023,485.579166800834,57.6034643662328,4.67153551302968,41.265924054901,16.7131777346942,10.9716222423144,496.403542579135,59.1333708136332,4.42909906890041,41.2033561717806,16.9674424221807,10.5916317386595,471.39713558841,54.4209245105422,4.85818846125489,40.6605005853479,17.6522727129199,10.2593393171037,437.671519693589,48.1089230644004,5.76807072441892
772,40.9876175056239,16.6502785203664,11.0372099196049,494.362616544352,58.899797911689,4.55506630542675,40.7783031639366,16.5188901830715,10.8731824707763,485.715493985733,57.5185259995399,4.80861823317286,41.1893859227636,16.7874715352865,11.0035450025339,493.356897104193,58.4864821762277,4.72517729619441,41.303416401029,16.9611779561176,10.5805904778751,473.415614639005,54.4916514631572,5.15282379002494,40.6618155576805,17.6432055062906,10.3497414540698,440.069075895089,48.3518516161949,5.90079709146291
773,41.0578903611628,16.6469668250396,11.1361707788292,497.420199738494,59.1730722537629,4.74301757736059,40.8873370016407,16.5487560363764,10.9494057799754,488.184052115885,57.606523732731,5.01022554487044,41.273901242538,16.7227974306161,11.0658104310326,497.7090252862,58.921032974647,4.86478312025431,41.2832311752915,16.9208420789692,10.6873187204926,476.762655700806,54.8891154960626,5.29585375532272,40.6879718349017,17.691080952045,10.3788625203343,438.686985444363,48.1033202315051,6.23929986276115
774,41.0943374682123,16.612004178042,11.080897347011,496.963107500175,59.3904730700467,4.50613285436531,40.8163595150188,16.5860681021407,10.9014221733239,483.938499410887,57.2739202389507,4.89526421540785,41.2414440770092,16.6953037660487,11.0274284824304,495.851472325224,59.0295766572074,4.67291048651969,41.2290473563193,17.0511008122698,10.6173921611839,469.639154811916,53.8869455690096,5.36847319698995,40.6751915055926,17.669950829017,10.3047947236946,436.539946801686,47.6404657953273,6.15067461667423
775,41.0259538675765,16.5330161607064,11.0892723471472,500.50230713537,59.7437087967961,4.79714107528867,40.7991434056477,16.4803129247701,10.9882344729478,490.913676776926,58.2588813250928,5.05995254357874,41.1413365021959,16.671585640051,10.9997667398021,496.952015966185,58.9367779592224,5.01679963826912,41.1889247812896,16.9017207841066,10.6171702075228,473.874791346398,54.545774945214,5.54007482698104,40.6231888333705,17.6284768757346,10.3434655595057,439.124277653007,48.1639278849646,6.39448987017197
776,41.0967711259722,16.5537171403636,11.1317571392049,499.865123184709,59.6096269266,4.59009221352682,40.8625928744699,16.4872722167919,10.9758233565629,489.518355233544,57.9530177221041,4.88154993701507,41.2570441612216,16.7380492948684,11.0480568431631,495.987210864149,58.6980059249815,4.81769153245912,41.1840983342963,17.0008516850628,10.6336777208306,469.892083030983,53.8830943647394,5.36643677455411,40.6398481223333,17.6590015963693,10.3609913066104,437.663557408231,47.8486567627652,6.14409096946722
777,41.0423441868222,16.6016468515083,11.0522632207214,495.553376380624,58.9143312554147,4.76794751571278,40.7611529032961,16.5951249512724,10.9157650834832,483.94091556235,57.1297614951632,5.01615404153409,41.1652878009009,16.7597908201562,11.0479671978392,493.704986913885,58.4441894816493,4.91788528454869,41.202581235018,17.0358616791559,10.5760817632636,470.967591972904,53.9792457173182,5.46832399771072,40.6099564443307,17.6514118886455,10.3534839021616,436.920412822028,47.6388458052855,6.34141895649287
778,40.9845457364803,16.6489426733851,11.0922897133989,495.395538839718,59.2765773962216,4.51666105382472,40.7946735018662,16.592203057145,10.9766790214613,486.902588701859,57.8578545581627,4.79000561869912,41.0876237100121,16.8155685923265,11.0695416633968,490.685977683842,58.341481008303,4.76469323153432,41.2056824890869,17.0275173260833,10.6215922791168,473.141211799411,54.7379605081496,5.07073242571735,40.711402639864,17.6697103874159,10.3506839562912,438.978528061213,48.2664418860549,5.98245585365972
779,40.9721469944556,16.6557424310346,11.0431732263981,495.586743904154,58.9899775833113,4.7636104591117,40.791329396261,16.5842530194583,10.9612102612668,487.302929539133,57.6854473597446,4.97870424267821,41.1533334028271,16.8008195086486,11.0234963379844,494.838327354809,58.6861095258636,4.86796866481627,41.2467570297663,17.0089775281634,10.6496601408112,473.62532415627,54.6857682908455,5.27963887694763,40.5397842223237,17.7059478806245,10.3963947831411,437.232897107491,48.0474374606526,6.20973990785545
780,40.9642679818048,16.663109806139,11.067580628899,495.063813490951,58.7394682573262,4.72228925760848,40.8219089407107,16.5101305549842,10.9827184280532,490.436035189644,58.109550338731,4.83958593847063,41.1584632019421,16.7859899702403,11.0962377212222,496.651180559371,58.812312867168,4.78264657014125,41.3254296328469,16.9256693478769,10.6691870505771,476.956036316782,54.9120540005902,5.13444876879066,40.6978433318132,17.6429055964242,10.3409372498455,440.053538475396,48.3290451655918,6.03180678600553
781,40.9755034577687,16.6422774230741,11.0588669890989,494.047325288032,58.8462070881078,4.77409289177492,40.768146464404,16.5896332254578,10.8827288474227,483.124307212996,56.9605224860144,5.08532818381853,41.1343799395435,16.7958878295478,10.9975354428469,491.568917819152,58.1687393679268,4.96569721605568,41.2216725427934,16.96215771897,10.5822442365914,471.644348907099,54.2805148871154,5.3577964179412,40.5554745950927,17.7311249408622,10.2975208328442,435.567731183019,47.5279000161763,6.26672899677572
782,41.0277503099172,16.6273733833179,11.1297148424202,495.723545953128,58.9120735436619,4.48975425196688,40.7752306712108,16.564406279157,10.9688264043541,483.885236169489,57.0243401763886,4.80253721511672,41.1707986384401,16.7696680526864,11.0686900322899,492.547957573292,58.242809216199,4.7023359255045,41.2356990674418,16.9752560086284,10.6123653942791,471.634541342,54.1703448221697,5.08223669801582,40.6417772546725,17.6629131782746,10.3123460200932,437.599669506115,47.7343214328482,5.93375351575697
783,41.0480375224126,16.6541392815173,11.0819483044617,497.579058394139,59.561565634999,4.58435301930714,40.7472755037735,16.5821644301192,10.9221553373987,485.87285323452,57.7405913779735,4.90093533748609,41.1600933647299,16.8217175744815,11.0041297326096,492.538917498201,58.4968102502134,4.83235444519378,41.20434621044,17.0251206936473,10.5744523118319,471.498219074755,54.4046447897416,5.30550011650526,40.652769138797,17.7138734892971,10.3026333356302,438.178404150366,48.2480315885408,6.02092917793558
784,41.067973698668,16.5905104001517,11.0680457899909,496.901834745397,59.2721800090554,4.51954427689402,40.8534833586485,16.4926834133931,10.939893555101,488.440993716916,57.836967422658,4.77657259572596,41.1993380368752,16.7800521014452,11.0563265496786,493.875738241879,58.4972300239265,4.7323765729461,41.3060618001108,16.9470750034771,10.6304165021424,478.440007234481,55.2641231456787,5.0587333146692,40.6297790609341,17.627440953355,10.3462879035177,441.195914152082,48.5770249759802,5.94171860560676
785,41.0471621871665,16.6172000362127,11.1019981555029,496.505721953853,59.2069038482052,4.7871797041701,40.8142565096289,16.5516768329164,10.9315557079361,486.532958518273,57.6296076918862,5.10493224601885,41.1786806971977,16.7495809846678,11.0433392169118,493.70491964434,58.5626645491002,4.9504076470645,41.2130846824889,16.980964999331,10.6661572577709,474.633230212003,54.7593578553872,5.37631930572867,40.6123063176342,17.6774387808055,10.2807492731425,434.887839548505,47.4773528675288,6.31158056983879
786,40.9767076662312,16.6046389047349,11.0620243368566,494.071307358639,58.7848183957861,4.74723716619253,40.7504415572253,16.6020914426474,10.919700361386,483.073353325703,56.9955715011835,5.02173249071054,41.1878343563051,16.7498224920358,11.0457538951203,494.736158101053,58.6925762464731,4.81172978926641,41.1686963926645,16.9889540612634,10.642433947399,470.602596180517,54.1020960085564,5.34127280438388,40.5753761283818,17.6997117789415,10.3475932294087,435.179239714951,47.4783998692378,6.18476145300851
787,40.9942659063504,16.5773175333657,11.0866758831817,496.130070515894,58.9915888270184,4.65290624135982,40.7808643459437,16.5176306817442,10.9794742395259,486.996624550271,57.5207575738412,4.92540130991025,41.1251853550069,16.7620249430933,11.0252908520643,491.355985696313,57.9601605521464,4.92648112609997,41.1571790643259,16.9548886305444,10.6433310308516,472.550249269748,54.3198289799171,5.23589219884887,40.5543726742294,17.6170271019813,10.287310556103,436.13029109187,47.6544929930475,6.07611602359331
788,41.1223964869477,16.6622119895949,11.0879621493737,496.23943471729,59.2133201776975,4.70948347109431,40.8755157322001,16.6064744207628,10.8949414876652,484.967118559691,57.3664833340972,5.0660174206816,41.2748587336135,16.7648137284875,11.041881682884,495.18438695991,58.8589826667203,4.86839435345649,41.3606972319867,16.9551653059169,10.6428163464271,473.963573599612,54.7180499636934,5.35108597631637,40.6352150659251,17.6383361441061,10.2852513696612,438.038148978283,48.1012620974588,6.2200376763065
789,41.1542056437357,16.5921456270945,11.1319966465633,500.169642717883,59.8961783725896,4.6262131167124,40.9002583926315,16.549971760846,10.9211413490531,487.746179316542,57.9033044447979,5.01826356682975,41.2520751045092,16.7619204784142,11.0404558765623,494.938475120997,58.7951278259068,4.86454905138343,41.3161517068252,16.9764586525888,10.6124759145538,474.729362832691,54.8211584381994,5.32605118178979,40.7205327354436,17.6546449659714,10.3640445901071,440.848447001238,48.6104371567549,6.03198020232063
790,40.9724308293152,16.733033479163,11.0613657415432,490.980526324681,58.329802008599,4.79328874024267,40.7584182170015,16.6070956688194,10.9373952731606,483.013473969801,57.0860743560268,5.02155776927421,41.1802697000063,16.8176307980766,11.0236453750184,491.597253278522,58.2278787396864,4.90575672972868,41.1707323664693,17.0771972534308,10.601692310294,468.071855480451,53.7933019061847,5.39590930412747,40.6558606014579,17.7640456445167,10.3534328057251,436.054177910735,47.7078389913923,6.152542713209
791,41.059139885705,16.6608003037575,11.1543371985984,497.594214228232,59.5277112582887,4.40446418519453,40.7768947696739,16.6543632979114,10.905078518373,481.96650881162,56.8163123003492,4.87599641388355,41.1858506871544,16.8333487835433,11.0673251194572,492.966823557352,58.4973428908763,4.65263962451797,41.2118472068603,16.9819264237674,10.6448278425883,471.713766553288,54.3640977245413,5.06287655964177,40.6840457259419,17.6795777334086,10.3416246264744,439.438095177712,48.2192350781655,5.83463760583812
792,41.0912080162312,16.5852304455869,11.1515537791605,502.204141770711,60.0436375737453,4.52761727166377,40.8631594724263,16.5408754620238,11.0030268354823,490.539849592022,58.205090855981,4.82413093844474,41.2071900255634,16.7576127846196,11.0893059805079,498.490111080091,59.2932469306517,4.68874913009281,41.2233993699173,16.9566989859697,10.6585788477393,473.880968004608,54.5741506145721,5.24915395270581,40.7047052014461,17.6933063593653,10.421469954991,441.998336396028,48.7261053235954,6.05624993175415
793,41.0047692496846,16.6288380319669,11.0891735207104,496.395862797036,59.5318439537253,4.53329617925248,40.7975778642543,16.6297858848778,10.9036332713006,483.809040681393,57.425724633976,4.88138472878629,41.0892057526653,16.832476965898,10.9872684329956,489.526021868621,58.0927108527615,4.85302935864149,41.1891195194349,17.0057166299532,10.6351758833049,471.059951573509,54.3773545184326,5.18560249608053,40.6291649655984,17.6441781404255,10.2986112055949,437.035024085569,47.9262025034597,5.94396609860246
794,40.995221928681,16.6477156217541,11.0603737742756,495.243463083236,58.9928064641115,4.71992847104271,40.7291642644142,16.5858372991572,10.9017532609485,484.683003857872,57.283594431414,5.04447209395728,41.1702979909115,16.7839804634497,10.9691421867717,493.381663168441,58.4484247038201,4.8925964322279,41.1146736198655,16.967269009838,10.5972078500746,470.649432426592,54.058478757286,5.44570605718885,40.5895973806251,17.778947492498,10.3192322007465,435.354095938207,47.6027667445987,6.21986095335557
795,41.0361326256899,16.6874984675226,11.0477596191906,494.812940887223,58.8375414828618,4.57588032643584,40.8254685109044,16.6050936230407,10.9181385347909,486.013840975616,57.3990149658351,4.84053595670418,41.2084354807437,16.7655552512072,11.0038514628029,495.097560531957,58.7161704572978,4.66291873785029,41.2518319121494,17.0427351938282,10.6431407625967,472.817535568565,54.4151265041834,5.14121660274961,40.6613632018603,17.6637690448898,10.3567336889808,439.183246162707,48.0689952444142,5.94421090702218
796,40.9561922407529,16.6820766724898,11.0995746178844,494.893818098474,59.0169282675542,4.35389584119696,40.8415384276932,16.5459689753914,10.9598159473248,486.209460800075,57.6449449445207,4.56787469216196,41.1432562304067,16.8349780018875,11.0358882470792,492.452116346943,58.3932346219224,4.53517384999102,41.1994086402705,16.9371706222436,10.6870411186091,474.519230395432,54.9417623979217,4.85696335673241,40.614619509991,17.7183063538104,10.3374243999639,435.31164191619,47.6891755141084,5.80954971523961
797,40.8832932143847,16.6377224903079,11.0599503088492,491.826965871909,58.4820477737897,4.69729053259998,40.6953694185959,16.6137397806964,10.9065995891781,481.16731338414,56.6942868775432,5.01991567782668,41.0799417167471,16.802425160631,10.9999842297804,490.078217893834,57.892478230445,4.85868966190195,41.2015182797374,16.9004087245362,10.6395154467787,471.752646769216,54.329071402171,5.20386144285678,40.4745882719812,17.7347557431532,10.3316447198459,432.174626586254,46.9540145316066,6.17931143942002
798,41.0755937876729,16.6231343471122,11.1028645198173,499.038969025684,59.4996738181534,4.43684182232997,40.8362383777002,16.5007731484514,10.9510774143112,489.471537657021,57.980057853199,4.72644132395982,41.2252463881457,16.7409015634897,11.0255714973843,497.079636489446,58.9558497565602,4.62754141655074,41.2700175482365,16.8340314551734,10.6864604454258,477.467451099188,55.228548633504,5.01453147768984,40.695857694647,17.5972441836682,10.4213142668964,443.552095761666,48.8001121175171,5.79224517510751
799,41.0303608541909,16.5901658164754,11.1449268940341,498.610703955615,59.6670413951993,4.47625713071715,40.8714612043991,16.4889945716815,11.0047757440817,489.323211683733,58.1982258565714,4.71418558965648,41.2737588220096,16.7572381964492,11.0841225383867,496.951707514426,59.0886748683009,4.66570530427849,41.3131586171721,17.0135860430733,10.7275784560874,475.014795981819,54.9529733977952,5.04959130330863,40.5816392752405,17.6651654557595,10.3628763999597,437.650861247855,47.9568002098114,6.04165958693122
800,41.1414639225044,16.5875292487093,11.2077282934766,501.571761165159,59.9937529507376,4.45170742074824,40.8335044456525,16.5716495821065,10.9532354630574,485.726711909301,57.3701860391433,4.93803777077216,41.2275694812056,16.7654083216571,11.0910373145881,494.560083571432,58.6194778335147,4.77593040519921,41.2601407422945,17.0314875046972,10.650023192028,470.94264659455,54.1224100122639,5.30148694949707,40.7313780039952,17.6840244204812,10.3811473390002,438.514758696299,48.2767422800515,6.0505928633243
801,41.0292052973921,16.6296992613282,11.1006526442182,497.47194961299,59.2846541523497,4.58251366733084,40.8050515868818,16.5491031928622,10.9785549734291,489.049296281645,57.9928793255026,4.83854322283949,41.2395283758261,16.7165835746252,11.0301289642993,497.943216909589,59.1608649356735,4.69415754280213,41.2618175108405,16.93465163791,10.602775479211,473.936837313961,54.5893412312173,5.1896046951068,40.7240854263512,17.6366813771563,10.3609848630824,441.648040134565,48.5329564879805,6.04735281786418
802,41.0286196917737,16.6144340856638,11.1524356247827,497.694620631406,59.3949523931985,4.70382397566383,40.9189978324619,16.5357436396435,10.9689386613046,487.95567633308,57.7173572224583,5.02092331177858,41.1057610278377,16.7719925560743,11.0405776920129,491.028960385853,58.0930806868308,5.05516375473889,41.2590897669519,16.9199724196892,10.6835215544624,473.649940809338,54.5959384552874,5.38882758214445,40.6373912620479,17.6860752514037,10.3815185246862,436.50892216972,47.8413691432005,6.2541477086694
803,41.0971841933128,16.5851859842257,11.1480537668082,502.396726512084,60.2267046985593,4.6116128632577,40.8816607980499,16.5362142717151,10.9541942954437,489.491873686792,58.1304573081825,4.9587213136831,41.2571425674154,16.7530240503587,11.0588298860736,497.909232429436,59.2235083268843,4.88098485308606,41.2629569496349,16.9693934131744,10.6546772689797,473.626961699357,54.6575133440582,5.4169118035591,40.7377249920136,17.6377423112898,10.3960748647985,441.85517416368,48.6485682858301,6.20468753814512
804,41.0486420338199,16.5938889665068,11.0606889038574,496.595814055235,59.4625491026919,4.85430224553152,40.7711836339248,16.5810975173598,10.9084723699501,486.195764951952,57.8151580340776,5.19998402551946,41.1026509536941,16.7873045511505,10.9520530453862,489.994084377123,58.2052803944781,5.14293373320844,41.1395836898716,16.9481502781849,10.6390021903985,474.069100030823,54.9553658110026,5.47901661749136,40.7267639774032,17.6610163869134,10.3173676189051,437.683827000855,48.1575398969263,6.46320525159241
805,41.0071539784283,16.6100554607832,11.1059192165921,497.544138634707,59.3380888130656,4.57564314383983,40.7516817548963,16.6103616112035,10.9391795673543,484.764131814449,57.2463355911475,4.94449929496396,41.2028500384682,16.7775370230154,11.0200712673064,495.041916442976,58.5862833219313,4.7886429595419,41.1733193920108,16.9624632960086,10.6431023707341,473.109139869096,54.4340398103335,5.20568540271081,40.675016822156,17.6346187847142,10.3113754450617,439.256388919505,48.1284464540335,6.05411062330897
806,40.9724137368624,16.7083953078603,11.0978562579557,491.942313936531,58.8087573507259,4.84619563848845,40.7172421855426,16.6282740355489,10.9544871830908,481.65076550308,57.1377681166711,5.11556392645392,41.1540168623532,16.8185929650494,11.087239191598,492.420703255753,58.7205276206131,4.93448874616207,41.230947280602,17.0189003465125,10.67496459639,471.633155123121,54.6718564579236,5.45692873379455,40.5571009520262,17.732369189914,10.3190765046151,435.92175002144,47.860728045908,6.39536706893081
807,41.0401059816129,16.6305782630541,11.1106518720781,496.555685950907,59.4325040226129,4.56479066408752,40.7950844679385,16.605990738788,10.95517807965,486.183910673197,57.7807866339296,4.84556842229588,41.176172185465,16.7630060805894,11.0454408811377,494.433312536191,58.9532296534785,4.72797283613554,41.1878409635781,17.0103853827306,10.6721605523798,472.117678772058,54.59104739722,5.24620388517891,40.6212910480653,17.6428672804134,10.3408326294835,437.037720626287,47.9102633165542,6.18964907259857
808,41.0254705446478,16.6438379598607,11.0864063690876,496.670237947427,59.1800707587495,4.7507065268797,40.8176904050928,16.551327037432,10.927115235573,487.823695071781,57.8026718308878,4.99096841195665,41.1513953066428,16.7359258645721,11.0166907036428,494.157507267936,58.5328638047252,4.9956712842711,41.3061581410691,16.9481152439817,10.6400601452156,474.647940344387,54.6836567476893,5.38434701578718,40.6684421509,17.7232456917687,10.3699586826105,438.948265841177,48.2024698409585,6.25580328005879
809,41.0635218932082,16.5834611278345,11.0939561923639,498.884158502806,59.6474166653692,4.42422238149054,40.7995862521227,16.5473965498533,10.9513161989657,486.100954518083,57.6659834374238,4.75665321109605,41.1212914888834,16.833076208769,11.0240763376832,490.758956086198,58.0895399407319,4.77720539398528,41.238943686082,16.9340968352548,10.6380211002387,472.027502028366,54.4062536975829,5.16163346719546,40.5979655223646,17.6819906016778,10.2953966066986,434.077573198857,47.4498456798746,6.06181380255512
810,40.9410452152415,16.6242837564618,11.0523893683445,495.147380757401,58.8324480950194,4.53557361360253,40.6941742534683,16.5538301505577,10.8887993172667,484.102915937681,57.0354112800314,4.87298356948204,41.1566619477848,16.7692959250018,11.0093001979865,493.950453532314,58.3915596090559,4.70930885502242,41.1184187068773,16.9986566735668,10.5974733096132,469.977598960901,53.930987523604,5.19474331819597,40.6279235678827,17.7293272044286,10.3155378985067,435.733424680353,47.5342005823135,6.00686372588152
811,41.073105923339,16.5350932303947,11.1235866127924,501.754691294529,60.1934948269037,4.42900490210521,40.9134746314407,16.5158132244766,10.9777500391417,490.783717547677,58.3943724070995,4.7195668787025,41.2154716999152,16.6819785594826,11.0463978780252,497.43044785578,59.1718129481768,4.74111027170763,41.2382201326666,17.0007358595581,10.6297942670339,472.66724461371,54.5133378827879,5.25504630624923,40.6563774556025,17.6761589732115,10.3853140713696,439.751508024618,48.3933524775005,6.05081102903863
812,40.9649935617362,16.6500566298927,11.0614008553286,493.532851300289,58.7560723590542,4.56006428039093,40.8543117070577,16.5256706633073,10.8912752719892,485.899773631974,57.4759353457835,4.80956704494519,41.2281641607808,16.7553649235543,11.0128708682016,493.983073394539,58.5124893336289,4.68877496507121,41.3307273418831,16.9412117398334,10.5927632102683,473.888634300917,54.6008230900595,5.10373059058244,40.5884927067215,17.6617231910921,10.2899939085741,436.303743618852,47.8310985024086,5.87228842031292
813,41.0186422265791,16.5865350038639,11.0963214746186,496.625271099407,59.3112259664454,4.6557540933621,40.8315107246119,16.465542986499,10.9831268718512,490.355936708946,58.4089798861983,4.7804075378444,41.2157058991719,16.665056439361,11.0842464437008,499.517571424072,59.6051532506479,4.65838878660767,41.2862894521499,16.9443700618483,10.6849105118607,475.145844452392,54.9951911298145,5.14662068645116,40.7958869207692,17.6072819707424,10.3387132212774,440.107986830665,48.4119063137192,5.96887066074648
814,40.9660659700756,16.6446665521561,11.0952867533597,496.882142261416,59.2065129832548,4.67305804672154,40.8344352088683,16.5549315729248,10.9691013730623,489.784652506414,58.0569042033042,4.91304159701649,41.1716456040665,16.7585884567373,11.0795625300756,497.083739327396,58.9798095772363,4.82316559737977,41.2459276876344,16.9349236326458,10.6965060462769,477.19503367163,55.1310128522705,5.25649911503362,40.6622685550552,17.6442927075214,10.3445812975392,438.93698540688,48.1280145885529,6.14102331213858
815,41.030798634567,16.5863709266477,11.1294668793256,500.294325512872,59.808403859325,4.43668078674699,40.8379103940321,16.5708824430534,10.9506254461477,488.053092191225,57.8004410930168,4.80036832451985,41.1484902235723,16.7233719056085,11.0709823214066,497.224262204902,59.09762220553,4.6372124983951,41.2413877195444,16.9693326990855,10.6532122022109,473.519996614569,54.5952140948367,5.15774496131177,40.6452858834505,17.6970142693045,10.3726643456698,437.388380370442,47.8472915496418,6.02791477311457
816,41.018903899405,16.5800070136017,11.1408846714701,498.971466783189,59.906048804914,4.41296621595673,40.8990810593399,16.5492567166197,10.9555621174441,490.416359107762,58.5203115782494,4.56415357729785,41.1792138042422,16.7719434508492,11.0675717970416,495.800233509307,59.1673337794942,4.60315334371266,41.3554031430744,17.0040688728479,10.6773200565186,477.891306971633,55.5083599283867,4.95175133227141,40.7005393371179,17.6920554215949,10.3751324880471,439.895107601642,48.5929699880921,5.90257705289428
817,41.0223267390079,16.6469545836004,11.0515063270237,495.334204242257,59.1770721229209,4.48984223234986,40.8259551076318,16.5292589795759,10.928884451451,487.903768937043,58.0350196389001,4.65749363452141,41.22690751341,16.7667041756262,11.0589209791495,495.850032020966,58.9870291184729,4.5939151690936,41.2517503731673,17.0052822569209,10.6450714144607,475.742719318763,55.1860993768118,4.99531024466172,40.6135785779352,17.6737359862269,10.3694039984285,439.274910987422,48.4354261027423,5.8474310872655
818,41.1036287141787,16.6071937805377,11.1248714756368,498.470148288789,59.5149615496682,4.80699196889742,40.7918977511212,16.5576244605908,10.9387965600072,486.407515927124,57.5664516446651,5.13926153462323,41.1629500715876,16.7633303211843,11.0650394338363,494.331874727693,58.7264124317826,5.01315280085502,41.2100687221961,16.996405047866,10.6284574792723,472.732506339464,54.5239125338625,5.51650404389894,40.6528296412313,17.709365478298,10.2866204749401,437.224875963503,47.886352384078,6.38636991663195
819,41.0387498087048,16.6060517704867,11.0671058060436,497.948606576758,59.6502122586439,4.47883558296137,40.7589193463754,16.560304727941,10.9282808990964,486.270266824925,57.7580820832838,4.75337443439725,41.1244089027762,16.7711499050292,11.0153939241561,493.053324616114,58.6354106977962,4.69824454458187,41.215320150357,16.9768321689262,10.5966711604047,473.012194689382,54.6997525685974,5.13941145704511,40.6465097271597,17.7210727157283,10.3661084358354,435.943030857961,47.7428751534805,6.02565494933477
820,41.1392519913882,16.5595619616618,11.0891130864469,501.338837533774,59.9156476109798,4.29632585210608,40.8396887301094,16.5403027826394,10.9304259328353,488.307535384582,57.832730728428,4.62906346337216,41.2507624674921,16.7810518681197,11.0256721549934,495.233126033376,58.7166720964132,4.57412549427228,41.2598514353368,16.932219358621,10.6305540589124,475.494138322013,54.9520403184445,4.97264705350367,40.6784859873868,17.6175356471031,10.361445590401,441.481846672878,48.6288492683058,5.71649279941636
821,41.0322668598908,16.6793883692184,11.046944584788,496.137176461084,59.1901748443083,4.59855874756006,40.7687196679415,16.595623635732,10.8587811001683,483.610173224115,57.1317235366781,4.89252905982723,41.1216414473756,16.7950852866683,10.986116811337,493.023526388173,58.5149137576638,4.80024771144649,41.3144678828754,17.0025038096709,10.5839538185117,472.573322679318,54.3697875337508,5.25620154000373,40.6253954955606,17.6820479088986,10.2854709918724,437.430299446579,47.8809470988726,6.13995011291644
822,41.0038751630704,16.5909814789171,11.1195323904285,499.601937782933,59.6603093066954,4.5873953515217,40.8426388160172,16.5118365484289,10.9568260793696,490.959640902164,58.2214994537613,4.81669058337055,41.201407481892,16.7702707530566,11.0315414984978,496.247656519964,58.8364636418818,4.82627019226867,41.1679689560523,16.942924833688,10.6678103263457,475.273887192768,54.8946852493436,5.22649506043498,40.6334357824818,17.6740997846116,10.3276045848081,440.059957572137,48.3046184762342,6.06910226747228
823,41.0488338815075,16.6665451119816,11.1115632123899,497.436673326599,59.4203166829234,4.62275860014046,40.7718234503784,16.6652076453464,10.9333213123355,484.819114661415,57.3607168690134,5.00654494700867,41.209966742768,16.7550654282458,11.0592571475593,495.301683991492,58.8198827274424,4.85455074826018,41.2911214753953,16.9585247784493,10.605154540954,472.591598521052,54.529522128036,5.28182980929418,40.6139933183851,17.7088683664236,10.3266456307765,436.359918187377,47.8801842987227,6.23439056502969
824,41.0100480357658,16.6334341412927,11.0507705662077,496.298537679895,59.1644397756964,4.6688950491687,40.7966112956528,16.5512179577615,10.8784968045481,484.600883844271,57.206690453434,4.97504224591464,41.1843412234582,16.7799325439968,11.0038444761366,494.209567371757,58.6258756722641,4.82725896161439,41.2251659534491,17.0486517366601,10.6423159709015,472.908835952451,54.4258953678634,5.28215972584159,40.6397420434285,17.6385796863665,10.3374385928846,439.263338034451,48.1617070369313,6.13700407062579
825,40.9513264963876,16.6539912958134,11.1036586128211,494.848632594838,58.8039440855732,4.77924326821587,40.7722019386109,16.589258936391,10.9758112481596,486.33325013736,57.398751950438,5.03596464958262,41.1598154601092,16.7961676155274,11.0294972481116,493.613653774247,58.3192347652207,4.96773174669032,41.1815778789164,17.0041312315145,10.6555176243527,471.425631394714,54.1062764285171,5.4512679635721,40.7274380842356,17.7346025103269,10.3600056647395,437.903365636219,47.7588223448233,6.26615248457182
826,40.9730257851883,16.6232387033862,11.1045614083789,496.473647603993,59.157748511215,4.67203898368019,40.7429828233977,16.5539026083044,10.9447608660744,486.577774024327,57.533430805827,4.93729663933412,41.115267195822,16.7534423509176,11.0512107725493,494.578546578464,58.6502399374485,4.85335341057964,41.2264841987265,16.9611868134099,10.6023214726622,471.490720549176,54.2882843322806,5.27878327322212,40.6509394201698,17.6633256441995,10.3119275820328,438.753952609287,48.1510871483221,6.10122117685879
827,40.9376301071776,16.670824918814,11.0558006696082,493.910735350227,58.99025709896,4.81314263713015,40.7413670315513,16.6528260402265,10.9514779739493,486.063459455497,57.7025476707401,5.05964902535468,41.1045486241918,16.8091404614889,11.004494767448,493.025401365836,58.6762460762171,4.91450052459602,41.145130227886,17.0660153101262,10.6513549364645,470.023857795974,54.2488989685859,5.52567399053575,40.5870570994396,17.6965576507863,10.4058009904144,437.083627207261,48.0127360444298,6.39628034772726
828,41.054625970701,16.6128288771966,11.0969799007319,496.697833352277,59.2836714840747,4.61379227159083,40.8371325906339,16.5375363679239,10.9427018485655,487.316727364979,57.7306348524987,4.89047580909038,41.236153240857,16.7987502309514,11.0083478201472,493.175852524611,58.3443589639371,4.88196324568234,41.2110095112511,16.9554903060752,10.6372034827022,474.498887495623,54.8305697227308,5.26189704389851,40.6418969421143,17.6878249275168,10.3031949718709,435.528443563967,47.4838989588353,6.29266263732191
829,41.1708106605828,16.5568874525483,11.0704841678142,499.821270557963,59.5932264952901,4.63000923542229,40.9576265981909,16.5338352188649,10.9675531883607,490.442133408337,58.1427065294405,4.81169929143579,41.2738819860861,16.6996310869096,11.0472646984064,497.726743661603,59.0979639742168,4.75324244488207,41.3465009216479,16.9036008288309,10.6367919478349,476.285943297664,55.0054694583193,5.09497075950389,40.7815259763926,17.6544705921719,10.3259397599734,442.736893982873,48.789352497517,5.91093852101563
830,40.9638786771212,16.6534680978876,11.0070688422931,492.109812412602,58.6223638755667,4.72469163941291,40.7428285396304,16.5473617875985,10.8823438244814,482.590498462239,57.1251095505401,4.96394208542711,41.1498870018312,16.7914788714124,10.9542198960542,491.805368534013,58.319389584393,4.84411866207093,41.2011172970085,17.0573255854595,10.6318062475903,469.846339431497,54.0939333702613,5.22496984792471,40.6717543323373,17.6796435653446,10.3016394535514,435.610149806521,47.7120827619431,6.10290095718594
831,41.0477695505974,16.6128356010998,11.1453346802118,499.155170984321,59.6128592515284,4.30642270512583,40.7779890267214,16.6099613447185,10.9556400927498,485.354708507492,57.3668321050181,4.69110715539528,41.1237126148332,16.8219442952248,11.0513345681386,493.370302130663,58.4657087828435,4.5537850596838,41.227250660442,16.947011022549,10.6714039260084,475.193522206598,54.8846600263572,4.94201601197195,40.6688384141643,17.6253188286851,10.4130950570914,439.58023751305,48.245684215694,5.76888341544315
832,40.9730365431207,16.6400780073227,11.0863932242786,494.856985599825,58.8334678726351,4.75916561202201,40.8072754315099,16.5663167102074,10.9559296490965,486.183166906768,57.5133307470237,4.93403840497821,41.1272356324828,16.7123830542805,11.0106316381594,493.672911180586,58.424402298069,4.92964475267906,41.2276709722831,16.9319491524904,10.6886561545895,473.72622357706,54.6083395592855,5.26813543611893,40.6257961852731,17.6621086543167,10.3098247962779,436.557189080694,47.7396962088052,6.23617545075773
833,40.9453231077815,16.6289823565996,11.0566623665375,494.122972743277,59.0332784350011,4.89147356470481,40.7463769623576,16.5534077028514,10.9015159377184,486.227470123044,57.7891704697762,5.09827796524615,41.1621212086215,16.7762379431321,11.0356951679009,493.757533969601,58.6789525644775,5.02954333780117,41.2727516450872,17.0147918968866,10.5998732654553,470.035130505003,54.2875938997266,5.4845979620961,40.5642777875736,17.6764474171877,10.2645720923234,434.821898497415,47.6932870505354,6.41874167715582
834,40.9256984434105,16.6712246516005,11.0894015939922,494.975230349405,59.1612299895664,4.52418637377831,40.7361382803018,16.6122304220954,10.9223342363005,483.920465785176,57.3733815660446,4.78898299229822,41.0283232444716,16.8584362543453,10.9927217603128,489.997566360277,58.1138018994859,4.76693570283696,41.151535296148,16.9933568253553,10.5951672540066,471.991570443317,54.3764246944865,5.1630422046447,40.6281582653276,17.6957070022756,10.2912459298411,435.087207232607,47.6682893249157,6.00701715102464
835,41.0700263419385,16.6032215877727,11.0459826720153,497.544070154554,59.4034010499095,4.58012159132922,40.7933761866337,16.5819872169338,10.8310320592301,482.529948587734,56.8784980022599,5.01069716322107,41.2043841072476,16.7359382856272,11.0024832125525,494.744818711209,58.7201593854622,4.78914413762864,41.1896114340646,16.9743370206118,10.5631875259562,470.526167293711,53.9950799859255,5.28646044100826,40.6058381381398,17.6701743828182,10.3234020919258,436.756724820497,47.7799484489316,6.09624895233236
836,41.0613526977254,16.5367915750703,11.1416999656768,502.781244529567,60.2663351850938,4.5326422395737,40.8387553003138,16.4780403005717,10.9826605796149,491.346059022982,58.506814575232,4.80490170830189,41.2410246203126,16.7442913666432,11.0664279964675,499.45028689621,59.4347366406016,4.73097307658357,41.2597410619958,16.8828289108737,10.6970933094066,479.53043059737,55.688795159991,5.11062628669796,40.7259140053658,17.6278353310052,10.3935578994525,441.080620788261,48.5874335489326,6.09668184465349
837,41.1361382895706,16.5814960717246,11.1211798710856,500.826131128971,59.6608841256482,4.54904745884974,40.8805702879596,16.5443472890826,10.9697656391192,491.103412105622,58.0957580505865,4.85062107561648,41.3253111800495,16.7771320929537,11.0456434436323,497.085578318848,58.6802108841674,4.80922479982031,41.3518489895092,17.0003456592072,10.6731394818471,478.026876947248,55.0513076836196,5.20224195435126,40.650694068435,17.6397170305272,10.3501491802976,440.050813992677,48.186135396469,5.99290831343701
838,41.0852027888087,16.6601747098359,11.1356234563093,497.356129912588,59.1444016249752,4.61076059557337,40.8309728001389,16.5406900178157,10.9825902920319,488.934121018225,57.8535847058265,4.85329794874857,41.2698365704381,16.7853556788989,11.0706285505474,495.483580688807,58.5519626133825,4.81748123921309,41.2952171241063,16.9800078815831,10.6962615306094,476.694407591875,54.9348899633227,5.20798941375363,40.6951196425322,17.6907659511436,10.3566912987719,438.221886458794,47.8443972043166,6.07344149636971
839,40.922128839613,16.6695206007592,11.1092938882586,494.95069622478,59.2516473550989,4.54661160928827,40.8230085256169,16.5862951178892,10.9240019107707,486.845264012195,57.8832135884724,4.81576384402664,41.0466791859841,16.8329307370154,10.9975389810535,490.000157563094,58.1788107573783,4.81305845639963,41.1373944804976,17.0012340062995,10.6733417659558,471.659940405775,54.5735716299776,5.18534708378085,40.6203883488958,17.7279804764143,10.3129630332755,438.267470751279,48.3805616716354,5.92666177678177
840,40.9704636319666,16.6526893306245,11.0919039343321,494.999500020264,58.913080488732,4.48255282442167,40.7351556317253,16.6296577100387,10.9158883160183,482.658985646122,56.9083479000923,4.76350600066947,41.1279749651826,16.7970945167968,11.0209536924003,492.910194601998,58.248737862331,4.68574371081142,41.2481409024906,16.9867948434513,10.6437231353295,471.40823042565,54.154006655615,5.02456070009304,40.6064439316217,17.739595729092,10.316634961609,434.449892497139,47.4074308802582,5.87874377327308
841,40.9435860049426,16.6217852176294,11.047087015912,493.584496815069,58.9097146943626,4.66617032168179,40.7994588244362,16.5470664911794,10.9117632995839,484.964757413011,57.5187813967283,4.86146655433577,41.1087565182106,16.7744961061153,10.9991768612129,491.331637093241,58.2985785815601,4.84460859682366,41.1933587228369,16.97059318037,10.6809374611314,472.199609458725,54.4648361777161,5.26870177391748,40.6788465421236,17.713906057215,10.2765688233851,437.288153371087,47.8278651596651,6.13997451472779
842,40.9672340023132,16.611422289125,11.1149027451475,498.381636041963,59.4431326057603,4.6148395837172,40.7735917716808,16.5274551290042,10.935620008434,487.063957092829,57.5646156402765,4.96419363236091,41.0328799118436,16.7911957663611,11.0362817349366,492.375182609508,58.3008092445139,4.86779181893024,41.1808123490966,16.9475115854294,10.6330542414127,471.803548477775,54.1988875586214,5.30794918045575,40.5089172908946,17.7872169001905,10.3261328647014,435.585918216586,47.5333434169567,6.23315061045439
843,41.0285672709425,16.655594713498,11.0585224390967,495.327018023506,58.7901319849342,4.54604497379434,40.861294796191,16.562425042931,10.9468767456589,487.177092355833,57.5003588078558,4.79170283617698,41.180439904384,16.7747890718586,11.0202455360683,494.621556586402,58.508713001555,4.65172092296944,41.2884220557903,17.000269719423,10.6626636780959,474.908435457484,54.7004531468587,5.07617261333579,40.663590916707,17.6418219987086,10.3360687445099,439.221277810224,48.1786126963714,5.81973165557128
844,40.9642067346341,16.639036376706,11.0962715357005,496.225420670444,59.1873924956126,4.72802680128889,40.7807319259147,16.5647418720075,10.9237485820142,485.621891352638,57.5021386156991,4.9573863795182,41.1246931188081,16.8052706514658,11.039364196048,493.420982067473,58.4547466504863,4.89060417934699,41.1771999592556,17.0435200896094,10.6330303762981,471.684124909117,54.1821067074746,5.39830638360974,40.5944830484341,17.6826382720716,10.2786025644893,436.590286305078,47.7168950166068,6.21760709156476
845,41.0040171460476,16.6685320525605,11.0772994909746,496.72107690543,59.3918331267136,4.71975439514711,40.7752945150845,16.6484596768984,10.9186843382456,484.896332963364,57.4686927693321,5.12219171613503,41.1670978355903,16.8226301339465,10.9844600834372,493.434604731293,58.5427886078516,4.98858729723914,41.181240016588,16.9604662749944,10.6374222156101,473.69239491864,54.8014225128843,5.33335143702222,40.6773340462423,17.6312135714311,10.4003855196828,439.263348037244,48.3109984039239,6.22462214150546
846,41.0346487170696,16.5889728128171,11.1654504760385,497.52299286302,59.3198804041981,4.76235497122462,40.82196285282,16.5608734999979,10.9870162005808,487.042779133395,57.656551115542,5.01574710894053,41.2177471937546,16.7170594106774,11.1000824047516,495.957822880354,58.8172834064434,4.9522525382694,41.3441619661595,16.9212563379035,10.6743844485648,476.416892009155,54.9360127341515,5.34582071559217,40.6929698649747,17.6458375400926,10.3460390480646,438.716513991089,48.2031361420418,6.34037586979777
847,40.9857938322954,16.6259484040311,11.1168100850402,496.96426934298,59.039426156856,4.6328706382442,40.8018151945598,16.5153746345155,10.9850871497629,488.344451178794,57.6645331977725,4.83931719847938,41.09518129333,16.7399503283738,11.0540437150318,493.859516662948,58.378875121602,4.83863613368827,41.2640953798153,16.9119902696495,10.6541002043647,475.025240624229,54.6909975668002,5.19978157471939,40.6266722748735,17.6111425528474,10.3176427529315,437.3291300242,47.8748073521683,6.13156968568073
848,41.0860989333325,16.5767728606065,11.1467095482677,501.020315637421,59.685232098366,4.41259375825848,40.8601254708675,16.4863809106126,10.9958590716184,491.880479286448,58.2205454879068,4.72336112804016,41.2724044789391,16.6934096932553,11.1210380881343,500.374518264941,59.3663236059938,4.57377236988032,41.2488521421782,16.8329353025887,10.7394763279041,479.145783178503,55.3782265373676,4.98178484949467,40.7531558237518,17.5636707030571,10.3765697422228,443.485361983724,48.736084352916,5.84782770370679
849,41.0891221569474,16.5525848513369,11.14749284071,499.798893944209,59.7746158849511,4.61391344480797,40.8473150825191,16.4596656515613,10.9919426253285,490.350488640276,58.3173076702483,4.8503397705313,41.2196666388457,16.7061807484606,11.0850228017836,497.38102982013,59.2252995593453,4.76512705102132,41.3528787934276,16.9127195975913,10.6965525630666,479.05706863218,55.4698914453317,5.15505871451065,40.7950865104211,17.6478434912123,10.4072799292556,441.543207701776,48.7200630745673,6.15750226131082
850,41.0128407817611,16.614736315458,11.0643127440032,495.453537265485,58.9765687086094,4.82973758762182,40.8767629590412,16.5407813421325,10.9272566541869,487.912485136754,57.7771154152718,4.96451874008527,41.1852763021561,16.7550352513965,11.0129960419632,495.022010419138,58.6996447765762,4.89010842544525,41.2221565586138,16.9356603166305,10.625607317771,473.124577651282,54.4656410997247,5.33260193699525,40.6468264044164,17.6240905419924,10.3059826821512,438.046604137442,48.0283160569907,6.16605781214118
851,41.0328547609785,16.6035282725176,11.0746854485704,497.480814693093,59.5231214381439,4.61615889155018,40.7718405560452,16.5897109566089,10.926066779655,486.86054337056,57.8631825543559,4.95701384618256,41.1817680882002,16.7375072301527,10.9591943714344,494.112991656887,58.7164908000069,4.86739271448196,41.2753193520435,16.9628155223379,10.6750894041604,475.129776658137,54.9735214636779,5.25853067717198,40.6806023849652,17.6410909571105,10.3781028829331,439.424220014183,48.3192236621214,6.13102111935494
852,41.0379755826544,16.6165673622395,11.0765750760205,496.493696648344,59.1069220428326,4.69249564488008,40.7556766520036,16.5412737735547,10.9398278991848,486.224061057104,57.4528956431047,4.94810016777386,41.1544729169494,16.7788622869318,11.0116395899182,492.248790291975,58.1668404459817,4.91843200795436,41.1958170997456,16.9519360127981,10.6499714524654,472.489911337154,54.3266539661147,5.32450733060096,40.7540918535145,17.6369694030407,10.3496419317019,441.842453902901,48.5600120259975,6.07187980840029
853,41.0523213313484,16.6481674020812,11.0744056884512,495.228311272967,58.9095623134511,4.52025817315596,40.8664895295846,16.5164362902346,10.9838238531841,489.677403433775,58.0304986326505,4.65689258156801,41.2151018358566,16.771870787701,10.9975146344565,494.165062039662,58.4867779256916,4.65026273659946,41.2633169158331,16.9380078482126,10.6273951066082,474.738748654861,54.6809758174095,5.12469050762075,40.7799469406482,17.6105819045975,10.3282900787178,439.747888982538,48.1687553190535,5.91897309379136
854,41.0607313706942,16.6442909447127,11.1312730964808,497.901419284761,59.6431514153387,4.74498388375448,40.8329546673715,16.5503337458171,10.9759836988551,488.757519874787,58.2337681737284,5.03939248347471,41.2466823780526,16.7411785914131,11.0975994519599,497.978404677006,59.4261189463071,4.89911480244408,41.2573732864729,16.9470067340584,10.6624966571084,474.399144644037,55.0374127994388,5.43449859883632,40.7377639442999,17.7632880467051,10.3588703120726,440.058429496233,48.4430924000718,6.30417051930689
855,40.9405433942591,16.6158534231786,11.0478282560772,496.366016587546,59.4332586687532,4.60889899975669,40.7552298598537,16.5681802868108,10.9360502148332,486.822820010672,57.8899519464348,4.88022638393794,41.1474886736951,16.7431490314157,11.001336573109,495.097496222457,58.9675031561646,4.78244306636056,41.1674393148154,16.9807526744477,10.619913376417,474.069033164132,54.9533334097215,5.23830865441633,40.6006762998639,17.7414733590126,10.30216941691,435.919123874168,47.9071810950886,6.22889175850294
856,41.0092420416876,16.6423347485873,11.1640150466348,497.391862332297,59.3240749591568,4.63203118883326,40.7960517128773,16.5669058190461,11.0069427268184,486.587134824251,57.5385469154556,4.88613685456911,41.197296489323,16.800808319751,11.1145088665213,496.004459398018,58.7970339701429,4.81093382414524,41.1221444603552,17.0084295924502,10.6468194342308,469.918452351615,54.0165875697272,5.33063751833881,40.6829274002626,17.731470374758,10.3186494385351,436.513252823281,47.6274047571208,6.22000532228475
857,41.0527610524298,16.6631258557072,11.0856418490984,497.170632310739,59.0768639572064,4.42790961491162,40.7974995229577,16.5876323335567,10.9565039047611,486.784243271642,57.4953003020454,4.72729202630919,41.2550189473759,16.7267253758635,11.0913815043245,500.067406948117,59.3591134445867,4.44934026404321,41.309045492378,17.0025328689032,10.6623137746939,474.88163559264,54.6325180163569,5.0712023911353,40.753322287077,17.6836664466062,10.3656157378844,439.415551633884,48.1783324509128,5.87290510509617
858,41.039888303289,16.6378492720619,11.1324775677979,497.859728493671,59.7309122757865,4.44750712599142,40.7988514825259,16.640672331656,10.9318786180191,484.091956109762,57.4432062318565,4.91048409780721,41.1918256431966,16.7983670759695,11.016780785925,492.692896716998,58.557761003604,4.78886353420649,41.2139670296286,16.9348493419205,10.6279500346929,472.908052479526,54.7542398517152,5.21431365055031,40.5851352559242,17.6958796008983,10.3323800469823,435.155746561573,47.7466169080336,6.05640148346681
859,41.0415672399099,16.6614564721435,11.128322360271,496.427706778306,59.3672343387712,4.62374741746602,40.7436399294553,16.5892629177693,10.9161170247737,483.08978609253,57.2854272597295,5.02770125089949,41.1937991515467,16.7586135988009,11.0470032349555,495.166910754361,58.9833564969576,4.77253757123928,41.2403164972872,16.9914943064814,10.6092509891262,471.747601726488,54.47075423194,5.29996451392143,40.6483707655036,17.7094773232935,10.281329313572,437.196483239322,48.0496540247961,6.094995995025
860,40.991305826212,16.6113008770249,11.0647154890139,494.098188038443,58.9018723188832,4.83813186270971,40.8007516829838,16.592460701111,10.8888509741486,482.646478893505,57.015203981103,5.11950952973906,41.2177421843393,16.77969788394,11.0179713882406,493.243700921708,58.4634223567677,4.98046648455348,41.2380667418567,16.9696173983584,10.624879274411,472.502456235621,54.411058135399,5.41786653139651,40.6041734384836,17.6925423616974,10.3578801810496,438.274758050847,48.120775580673,6.23741198458622
861,41.0075973383247,16.6118094066757,11.0569428738349,495.454052945689,59.1843960265495,4.47992115715106,40.845980023213,16.5476317588611,10.9214669891219,488.06298385531,57.9874351018587,4.68197197485701,41.1544513761322,16.7944548838504,10.9339115026536,489.421720506963,57.8789731688034,4.82403281353581,41.265202662377,17.0056095770353,10.576968987485,470.963337109498,54.3300059722939,5.11749905220124,40.5334775782344,17.7415785672844,10.3158767614467,433.25099843793,47.2509707529529,6.10252205360608
862,40.9255447459844,16.6132754424855,11.0440331002102,491.938404980273,58.5730391896957,4.82850395701974,40.8055032415795,16.5832576461125,10.9130376619675,482.851010758948,57.028945692174,5.11146052559609,41.1267754583011,16.7354593866471,11.0324367094153,492.792485733865,58.4795875763933,4.95155822988835,41.2115145558862,17.0224945148428,10.6556525027269,470.104964868173,54.1633757828688,5.40391840494069,40.66684079069,17.7464607082271,10.2996203222068,435.21333867306,47.4928759932194,6.36171358717145
863,41.0694373755924,16.5576356174715,11.1142827606936,499.457515607436,59.697972859132,4.57237290527699,40.8789067531257,16.5488631540593,10.9673269426089,487.971522551743,57.884200611111,4.83288547201746,41.2282855028329,16.7326059561019,11.059066378889,496.745144460643,58.9740322411974,4.74133351102584,41.2494141331711,16.8723431378387,10.7295215928619,476.103895875533,55.0725094302703,5.17286967948546,40.6357414811747,17.5958693745349,10.3684204597748,439.536882700365,48.4156029257114,6.06136829968067
864,41.0990189956727,16.6203361253341,11.0829876588708,499.40171718125,59.3371890716501,4.63826699615008,40.8855966897215,16.5490022866221,10.9299365761645,489.198439471754,57.6863127260822,4.94918792187505,41.2268103061876,16.7541307760705,11.0175345370544,497.359384836327,58.7971446043744,4.79308515000203,41.3366103453461,16.9864665048237,10.6077980685768,476.540117457371,54.7235641923567,5.25198608240659,40.7061817764474,17.7051384033297,10.3226283978959,441.848759111037,48.3061680796787,6.04074937257884
865,41.0455306750028,16.5700726051687,11.125358681037,499.756347980419,59.8337758923183,4.58592706668388,40.8344471675079,16.5151953131368,10.9832891939139,491.243844855931,58.4253446770173,4.85604468220152,41.2189543230423,16.7227895598757,11.0634416335077,498.15782063259,59.3034554648666,4.75237162374073,41.3399529746197,16.8953498534029,10.6642697094881,477.400868612699,55.2508574319129,5.14772220472449,40.6767417351907,17.6585373444889,10.3345686632652,441.368635187133,48.7133154318871,6.03706096977381
866,41.0230765949538,16.6319935156754,11.0695522833411,496.123059578037,59.3429525669486,4.77614762705617,40.8102916073145,16.573648178881,10.9081928255586,485.688493987329,57.6995237773745,5.06165848925203,41.2079095341954,16.8061980695952,11.0044325240757,493.499360551044,58.6936252787131,4.92283952908426,41.2756726932343,16.8925064177301,10.6068145965767,474.072991653949,54.9847547736481,5.32929023698722,40.6162142552719,17.6301131620915,10.2766500757052,437.355287801429,48.2152024704983,6.16480897626401
867,41.0110480869168,16.6542776910297,11.1004210259192,494.749384990972,59.1449541362258,4.62604435003035,40.805454019165,16.5772784522603,10.962382176996,485.893286582291,57.8274707189717,4.87307203637161,41.1440939189205,16.7977578381818,11.0269654410641,491.374941382989,58.4538917274821,4.79669423729287,41.2044219071999,16.9601118108441,10.6591559745261,472.688066931313,54.8182806409519,5.19268019570041,40.6529484284621,17.734876560879,10.3412570317077,436.345006121657,47.8897755366419,6.04942154946457
868,40.9811701013408,16.6439155524426,11.0844259357653,494.094436419569,59.3230545275057,4.50842625591427,40.6950245867023,16.5818608517183,10.8813364404666,481.311984199442,57.2339211373397,4.86596903010148,41.101042332538,16.8347941930314,10.9596993787631,488.913443071329,58.2354434995058,4.77535790619097,41.1486609146501,17.00750174326,10.6256721808657,468.186682111542,54.1587986253954,5.18550211556271,40.7246331699313,17.6405275059837,10.3238998279322,439.640728497883,48.5564870925239,5.9675719768897
869,40.9736842608184,16.6332597040808,11.0804524383378,496.840665878515,59.5006369793737,4.66462594751345,40.742847734673,16.569218642542,10.9188479286839,485.618850509084,57.6882167088095,4.92290740469835,41.0607260758615,16.8018729362299,11.0094855997334,491.748506914174,58.5140599147736,4.88162138306408,41.2549801424335,16.9602996733375,10.6243151778766,472.556058224715,54.6653050002698,5.27636201420067,40.5644916630584,17.6941107415339,10.2658690811581,436.097353905965,47.7735983552777,6.0927394574352
870,41.0596880451028,16.5735417294377,11.0887989650181,498.000525875358,59.3655286192149,4.56724560260655,40.8484890134705,16.5628547167821,10.9558861880385,487.33268018301,57.6776780790562,4.80657955291833,41.2024756127844,16.7561364288943,11.0467746029985,494.492695703511,58.534465489841,4.75113477716705,41.2585358074598,16.9915858266813,10.6733692349668,473.298747507865,54.4474720250176,5.20625620241577,40.6947848442684,17.6477305217716,10.3324778181953,440.686741087204,48.3056412912415,5.98872922152706
871,41.0934524102256,16.612702143047,11.0450326800028,496.176752857049,59.0947012438148,4.62656189331241,40.7944119130332,16.5840754679962,10.8936743083496,484.439914596091,57.2478762180639,4.98477426328019,41.2663787090625,16.7428310535292,11.0131005632217,495.699226647418,58.7549901265815,4.78601564420832,41.2570228451862,16.9923087515425,10.5681093543311,470.90307598967,54.0709916964745,5.35432348500282,40.5784597093424,17.6952207770643,10.3298297423943,435.415171498976,47.6638094187226,6.17829876047395
872,41.0195171552644,16.6236173801693,11.1171064000429,497.917461626436,59.5392208250798,4.57776242279509,40.7816901021183,16.5285121460366,10.9680699959579,488.523621013137,58.0362704473604,4.85974451076859,41.1657866778921,16.7447893394476,11.0675017876001,495.583592408301,58.8608488195848,4.77619965076828,41.1571129018926,16.9901192992495,10.6461898262239,471.908624707486,54.3451883078013,5.27337699634685,40.6112310468498,17.6946838087294,10.3293742476399,440.110220623427,48.3611865612998,6.03872845394383
873,41.0700041823074,16.6342516345608,11.1223792121768,498.130717003038,59.3129110771212,4.33744685321629,40.7414458574064,16.5495779420847,10.941871991589,484.748802076076,57.119691433306,4.68458766179537,41.1728721047779,16.781723165616,11.0709949643921,494.577011483355,58.5463691346313,4.53626622168009,41.2438082201281,16.9607077728227,10.670245986132,473.313740338431,54.4379874313927,5.01274259227679,40.6932716847944,17.7008781634063,10.3358077905917,438.767369065187,47.9549720100682,5.79540999818759
874,40.996437250968,16.6321694140269,11.0577906378489,494.399425154812,58.8584554401776,4.9301780106765,40.8412211544466,16.5683291317987,10.9061548607764,485.716785043161,57.4947296458703,5.1325866279115,41.1852337935303,16.7366095424682,11.0313525536996,494.400970637779,58.6837309137542,5.00391200198209,41.3221921406943,16.9360370720325,10.6652939794794,473.07040467074,54.5280100656854,5.47777918011806,40.6244703316525,17.6309945597145,10.3538911042484,437.390087499857,48.0067526253063,6.30418928343124
875,40.998345863211,16.5629623393163,11.1385330130963,498.251012387616,59.1397740511539,4.64647490050646,40.7846471099185,16.4482444257254,10.9919998746615,490.049950924853,57.8724454356864,4.83297076925178,41.1661799383875,16.7166764812087,11.0834849387523,495.377337734861,58.5004817661019,4.8393122867498,41.2348979425593,16.9770482392374,10.6770432368856,474.759134676314,54.3124975103745,5.33220480541314,40.6784326112804,17.6784750962925,10.3460197934745,439.061793676195,47.8613507857956,6.12085277515761
876,41.0090222053652,16.6565781417216,11.0522734643064,495.521840380375,59.2922189667788,4.82593345162357,40.7805839923297,16.6082964923128,10.8914039114401,484.514681086017,57.4580875551743,5.17125916313383,41.1816746429231,16.8275343368325,10.9547348278212,491.896603491912,58.408429522939,5.1064110339101,41.2243806114125,17.0058681768934,10.5863935695157,470.086580325814,54.1689270593432,5.55491325917105,40.6411585191875,17.7008392555322,10.2750796223012,436.692431844849,47.9582067732437,6.40963003812249
877,41.0898947196956,16.5995737621164,11.025311362001,497.832809400118,59.2668120219733,4.51923419060252,40.9372515380659,16.4885962567698,10.9343385952688,491.443480015077,58.3283667436941,4.66497998706497,41.2644628395221,16.6998836700654,11.0457540627016,499.179856840227,59.335018352986,4.54178744791309,41.2847537674777,16.9084047858573,10.6231353793799,476.962275963298,55.0630769733355,5.09602333074711,40.7098718239864,17.6599116337597,10.2847866363225,440.083819211495,48.2393952741569,5.91530847355593
878,41.0383493355643,16.6105419093691,11.0981426166937,497.472541573793,59.3453018254072,4.46485750378346,40.8534492738846,16.5209623687762,10.9738185331556,490.436821325765,58.2080375467058,4.6284078390411,41.2006973370633,16.7512183245033,11.0471411549511,496.057664647568,58.9321771714039,4.59582224094666,41.2802252889572,16.9485970663267,10.6551509391644,473.978899075043,54.5763047029003,5.12197699053326,40.6110595519146,17.5855202074748,10.3774841076818,441.49722771952,48.4479932390362,5.79382493599965
879,41.0663382552357,16.6240637488922,11.1076762744479,498.597579190804,59.6307478273026,4.8025296235782,40.749257409508,16.5985148250839,10.9305554086708,485.177888953394,57.4390895486803,5.17775480911769,41.1679803891012,16.7822812637411,11.0299530564698,493.770707271076,58.6004959223584,5.05628548563977,41.1846198269806,16.9797241976114,10.6647004632785,472.279651240777,54.4456915011021,5.58571551910842,40.6055409487384,17.685747233863,10.3533457566763,437.100493518725,47.9473919449518,6.48162338752698
880,40.9660139634274,16.6463898510449,11.0767106914144,496.627298376834,59.1875876754339,5.06196592804656,40.7472573641132,16.6207041564491,10.8876439536007,483.446857301541,57.0800305694104,5.37243244482824,41.0810691612025,16.781562879351,10.9903907797081,493.60854293702,58.5615713486778,5.21891348847395,41.179114804141,17.005750737424,10.6691324672057,472.804855083526,54.395079379023,5.71550415039735,40.5228114974421,17.7250786658972,10.3233410717336,436.16334790394,47.653970077715,6.60205504806802
881,41.0136641433765,16.6414176137388,11.0934536034053,495.499122394212,59.1691001500847,4.45780256588452,40.7288423124884,16.6633412942054,10.8845000295063,481.590845773431,56.9018884363569,4.81044836176108,41.1606234799168,16.8062096390725,11.0206721434365,491.633018326262,58.2972575266464,4.62895906233137,41.2181105678923,16.9765707268744,10.6203498366753,472.004005910398,54.4416371892382,5.09174369717191,40.6173008970497,17.7168683531139,10.3546492048711,434.602523667676,47.6358541073068,5.94571623414041
882,41.0048212363931,16.5932429960429,11.1114247866593,498.551057019913,59.7290472608239,4.39610059350221,40.7366059374532,16.583690585152,10.9235516763671,484.982807114489,57.5552795207526,4.71546946079623,41.131467459997,16.7958595607943,11.022857279748,494.4548473057,58.8801369063569,4.56958739892229,41.2000153671605,16.9450810160302,10.6126741109919,473.123318855934,54.7625874448816,4.97607241726468,40.6556891658685,17.6787065336625,10.3380471805945,436.168262974517,47.7492703550207,5.94334515788853
883,41.0672927949547,16.6421543691045,11.1442262404941,498.67607621212,59.6083185126179,4.5924179234633,40.8509494097601,16.6434101430768,10.9438827631471,485.525368353905,57.3969278999336,5.00000538818334,41.2451790149876,16.7785947624492,11.0340778246065,494.78385585302,58.6008025351243,4.89534510895876,41.2524912292934,17.0828039423377,10.6591037682141,471.841049513405,54.3221181076847,5.35073450873109,40.6441898539927,17.7178031770482,10.2932177797768,435.173642867032,47.5393035729202,6.23025964728207
884,41.0566067863541,16.6346472978606,11.1471705122474,497.033147008462,59.2483465294943,4.69471669876919,40.8271557397315,16.5254065302922,10.9991764673463,488.860487705422,57.9587084897534,4.94205919076375,41.2004142594143,16.7710803725142,11.0472959069545,493.667975979973,58.4542714094433,4.92954504384929,41.2483772710758,17.0030867215158,10.6721176055944,471.169385204271,54.3109474881174,5.33842966333893,40.630172804783,17.7762898614191,10.3166962292731,434.823352632747,47.444946121667,6.38406418894576
885,41.0559605827824,16.6243083639306,11.0654253594391,497.084241854236,59.2041893696017,4.66929349515006,40.7708100865045,16.5957358468104,10.927958378734,485.395710406773,57.4007633081255,4.99228858245975,41.2043860485,16.7571002622729,11.0636127313393,495.94017303207,58.8811921459245,4.80052465438393,41.299437651322,16.994947181966,10.6622217022383,476.407517911522,54.9451083198609,5.25260323674019,40.6875504551701,17.6872105838593,10.3243066901886,439.44495803949,48.2297261526875,6.06953905397893
886,41.0002541628912,16.5836155765708,11.0744368286781,496.153062568847,59.2786910643242,4.62424621947363,40.804622281462,16.4846512434949,10.9162433194161,487.350727862068,57.9276718230836,4.90013585879219,41.1225032419756,16.7591528212654,11.0010982997107,492.81986373589,58.5454623079768,4.80632291195064,41.1924291324835,16.9651950047006,10.642714252528,472.762204124355,54.5919597967328,5.21248695516204,40.6269867559138,17.6701521224661,10.3653742668193,438.180584770645,48.2517253543652,6.04666436113759
887,40.9431295721478,16.6108211414688,11.0740563311687,494.921936494774,58.9327833134536,4.78983866338879,40.7835218364049,16.5206993633886,10.9394415545936,487.530619064512,57.7184077327167,5.01807435967884,41.1110310368744,16.7482643584956,11.0231190410342,493.680543961462,58.5011787241641,4.89694909370053,41.1605430361954,16.9790642139689,10.6782560165372,472.487277814722,54.4061174191404,5.44465462831433,40.6119449313384,17.6999517782259,10.3375870165107,438.36080653445,47.9099524233626,6.20307014528037
888,40.9702368643157,16.6110480296117,11.13423587655,497.064645387803,59.263008628308,4.58909652856946,40.7664062488648,16.5527325547817,10.9548647641551,488.150804488233,57.7578554133382,4.90856309228271,41.2774412331135,16.6969003993519,11.0802726015084,499.77755424645,59.3991936238657,4.65075212554041,41.2418722086262,16.9644664113879,10.7063343371725,476.076120238308,55.0855867739831,5.15681990073467,40.678559142363,17.667538503287,10.3507166489657,440.083383581649,48.2479748935077,5.98867766153618
889,40.8622789655366,16.6887387463997,11.0712878775168,489.770310900617,58.3195536572534,5.06637789653625,40.7303274006825,16.5676441875982,10.9159858101146,483.973152956634,57.3830937600544,5.20266652937879,40.9870392299065,16.786896681638,10.9929458604073,488.808604212362,58.0440367440304,5.1602094180681,41.1621047783996,16.9541050306908,10.6095273643342,470.107501608486,54.2707575788436,5.63684092982674,40.5978360783243,17.7549253301277,10.2252246375259,433.216756858046,47.3851887061505,6.58496647666597
890,41.0467750107185,16.6546469000264,11.1389585615319,495.936202455332,59.1395123019447,4.4782352732788,40.7542144112526,16.5671544818502,10.9657061085267,483.937626723616,57.2477338027921,4.80455877874404,41.201725431759,16.7518571714107,11.0959337357934,495.25346097163,58.8686297332865,4.57132977399984,41.2198640006839,16.9649683946319,10.637296941793,469.362278671062,53.9977873743942,5.17959406305328,40.5471170291748,17.664703066854,10.3356423141506,435.896626620769,47.8118033511218,5.95693754527465
891,41.0649791198357,16.6207396366787,11.1211699037848,497.55084766633,59.2767542407101,4.66327472723789,40.7958877559362,16.559742257342,10.9652648480901,486.13383517628,57.4629754900668,5.02423503304913,41.1899799261195,16.763301975142,11.0887092493899,494.862339873282,58.6281163822753,4.87792532880098,41.32017885346,17.0021930769868,10.6881692205592,475.195391291448,54.8589016445921,5.25636154709579,40.730897785983,17.7039044827861,10.3650196781671,441.499108190655,48.4620720344789,6.08232439717172
892,40.9976024674153,16.6292312929253,11.0757346101039,494.356091716869,58.7918245549189,4.70130091093803,40.7679516504405,16.549356304002,10.8857737329645,485.711876591386,57.4031446371997,4.94727073973688,41.1746808753665,16.7380369749288,11.0040726992685,494.017384702671,58.4971544925238,4.82939015285005,41.2796775137287,16.8854271978695,10.6414316077199,475.579787585335,54.865349282388,5.21144110580008,40.7356010647783,17.6007638610555,10.3264726186679,440.783303919342,48.2524423583077,6.16557856332075
893,40.999121834585,16.5999952005267,11.1226130980075,498.833715030543,59.5155269880267,4.48334832519952,40.8013439150348,16.4947186118562,10.9766011522851,489.944853233951,58.0955509000988,4.71808271981637,41.1333186317263,16.7608538970653,11.077451042351,494.423610388697,58.5759622585051,4.74564303336849,41.2583056651157,16.9532125878217,10.6566573347269,475.048154963702,54.827849589558,5.08422723773824,40.7153550085878,17.6723642513149,10.3302632597916,441.11564542935,48.5509428546785,5.88281886781226
894,41.030801678809,16.5944654703198,11.0632304284123,498.884541327066,59.5281467494827,4.70981492082734,40.87029165483,16.5505282896819,10.9046145510055,488.3089321747,57.8011969767652,4.98585967032524,41.159398861005,16.7892137804155,10.9953313355822,493.910230727606,58.4774139426247,4.98603692332673,41.2891105005493,16.9666309933739,10.6369904776686,476.585332476772,55.1247817847407,5.23303821232791,40.6743570796339,17.6873385131029,10.3294170178469,439.250852775668,48.2484139887676,6.18576229038677
895,40.9838353834645,16.6523164146965,11.0706478330404,495.082925345994,59.2255537861296,4.63818568943844,40.8072291850612,16.6137600537562,10.9086447109129,485.534878934383,57.6329589403953,4.93336401433128,41.182760902931,16.736177611996,11.0125921276224,496.358510598157,59.2153450316851,4.70640590923973,41.2524499200468,16.97468606116,10.6038061567125,474.286713756713,54.879561702816,5.20775331084509,40.6557946999499,17.6481068060935,10.3394870500506,439.991189979876,48.5173131673318,6.11108449962449
896,41.0285548463752,16.6630485297866,11.0733282583597,496.27696376223,59.1911295858226,4.61274891253489,40.7767323097927,16.5792438503403,10.9378043945813,485.031666573803,57.4436103975623,4.9091466944723,41.1208385089214,16.8298271471792,11.0343346618494,493.608274010531,58.6659774644446,4.71462690114673,41.2438766490696,16.9435868072598,10.6269246731408,471.346383551241,54.3479252444747,5.2646791842517,40.6077514795714,17.6631628456951,10.3261855005982,437.035968064586,47.8872420615081,6.09241992988139
897,41.0685475515443,16.6275702411549,11.155619353974,499.41911834077,59.65092092174,4.39775783571734,40.864572673902,16.5337966564411,11.0072690890175,490.254510285448,58.2617121322353,4.63717983611591,41.1641393280076,16.7635840005397,11.1018234982928,495.834614428645,58.909011911508,4.57972984287152,41.2096005231203,16.8681472106248,10.6770507581792,475.121399982142,54.8518293409035,4.99805153898262,40.6019285008233,17.6253546450344,10.3541166700554,441.007383846118,48.6451100177741,5.69474551668893
898,41.0194588799646,16.5971425728017,11.1323571764515,497.379943831427,59.2665611496772,4.57909733552752,40.8513102132567,16.5232880253136,10.9502241783513,486.669493037597,57.4644652240447,4.87267938484168,41.2429922583578,16.7852064433254,11.0409898870674,494.219605552837,58.3506678037431,4.83408415662172,41.1693999862406,16.9605702851306,10.6888436051892,472.991310342297,54.4561428307356,5.29619096145324,40.6410380037009,17.6647615608219,10.3580545315721,438.793354965622,48.0019604279434,6.12406355615837
899,41.0295428693402,16.6883671226499,11.1012125962063,495.726584937209,59.0639565004685,4.65128788145639,40.8608740133836,16.6286357905644,10.9652008428647,487.189359209444,57.6588001215639,4.92246838037663,41.1450124625904,16.8224401399143,11.0650633320907,492.9869704252,58.4218449083004,4.82706118107055,41.2241205940787,16.9804202618381,10.6838396238838,473.448180510053,54.5908599913746,5.26489558156971,40.5800809035568,17.753940487934,10.3336805294058,435.307484760689,47.4962008839779,6.24869821810744
900,40.9920062282627,16.6261171567856,11.0833118210027,496.658990822178,59.5573728974742,4.49375618500144,40.8464544872346,16.5375658050085,10.9869120495622,490.715699438884,58.6332705130223,4.65644211740132,41.1948419480991,16.8011878304248,11.0080413842585,493.7959203312,58.8070575419232,4.68292413997299,41.2597855880381,16.9706265632436,10.6507814208864,472.086123164078,54.5015412739766,5.17656693928061,40.6056669303387,17.6910677227887,10.3684671510615,438.61063663464,48.4668383400678,5.91499877680736
901,41.0356277469156,16.6081398878748,11.0906309402706,496.415539136266,59.1796981391579,4.54518609109715,40.8363157612479,16.5059309531544,10.9592755096828,487.608812775853,57.7446885026863,4.79582294967259,41.2412730072734,16.7384726715683,11.0461154802909,497.104137132032,58.9656053342475,4.63834703582172,41.2871632985892,16.8903006365983,10.6781416242752,474.777906844938,54.7253531859984,5.17664465223896,40.649748777402,17.639024799931,10.3712553036284,440.28652225428,48.3360288658653,6.00051347605792
902,40.9993073954116,16.6734540150291,11.0826639911866,495.290229299535,58.9134853030263,4.76813286654026,40.8152936072961,16.5468773020608,10.890815385408,485.42309605228,57.298911508272,5.03387521879267,41.2191340453091,16.7434464938275,11.0824543916069,498.017026639262,59.1777027205766,4.79817552467785,41.2437631192997,16.9772084995307,10.6238184971785,472.296634891311,54.283541422499,5.29659751335521,40.6646421106211,17.71100291374,10.3261833018582,437.617313313593,47.8526126227644,6.12582727763837
903,41.0436340614436,16.5692258372188,11.1200994349191,498.752310258258,59.7330841944276,4.57232794759468,40.8842740868312,16.5078208802372,10.9671087558868,489.503825516405,58.1739015748356,4.83804638593964,41.2002212506399,16.7223835293018,11.0493621755626,495.70503054224,58.985316577403,4.7805357883836,41.2204443013407,16.949171330164,10.6280106574693,474.126978972103,54.8933869889665,5.24412262515265,40.6822368243287,17.6491059571632,10.3746205753329,438.535456336742,48.1588725071371,6.19097686683531
904,40.9748402546484,16.6861476892234,11.0730147131191,493.944292934882,58.9450623254407,4.78208247078242,40.7638312769856,16.6099927431449,10.9032555543119,483.678138171521,57.229755377807,5.08385493717984,41.0925821311587,16.8459461374498,11.0103568333433,490.225441563705,58.1144862896026,4.98251733541791,41.2307659835493,16.9904305106234,10.6256850254613,471.315526949336,54.2985258708226,5.37120737658161,40.5356571483479,17.7667920202578,10.3196638208089,433.813469678132,47.4271283222754,6.26949392966675
905,40.9934483940606,16.6487724058856,11.0882025755049,496.390535606559,59.3556541373696,4.82768019023452,40.7211996310784,16.5754617195417,10.9387491253193,485.891135109831,57.7198793540471,5.10520240423832,41.2817083078542,16.7723199666839,11.0483033072879,498.763766969731,59.4351043729324,4.87619043603642,41.2893183955344,16.9873370597083,10.6940359796573,476.282321651719,55.1892929788296,5.39591252936779,40.6848423556318,17.6541517235198,10.2740003389069,437.049169328592,47.893573741864,6.39214877067323
906,41.0297737372955,16.6216609425773,11.0904410338995,496.836249905411,59.311782251463,4.58165757892188,40.779302835597,16.587169701505,10.8959074333828,484.287644136156,57.244297342948,4.9144282659841,41.0823698955914,16.8110540474796,11.0233364486164,490.799476284255,58.1794868777314,4.80896366965035,41.2383873083131,16.9544004717884,10.6942683084636,473.296835998592,54.6587493596264,5.1608940093959,40.6348031260471,17.6840367332938,10.3743491787693,437.75217929145,47.9264006414242,6.04343579793616
907,41.0958596564823,16.6296431749163,11.1235590277088,498.752967698237,59.6138661538051,4.44248460421068,40.8946950242774,16.5175184264668,10.9548381289319,489.601357949261,58.0898403171305,4.67651085179398,41.2154969536357,16.7557558009359,11.080993302835,497.724961326873,59.3422413393466,4.52033755443154,41.2699327917645,16.9133756771231,10.6759976178111,475.108862346025,54.9702527304958,5.06759102020502,40.6253071665093,17.6989651718299,10.3416699694121,438.53005500881,48.2181723723279,5.90441337391361
908,41.0131787252867,16.6660255433762,11.0823004682822,493.546134092393,59.0179715884056,4.81001664602858,40.7779206763249,16.615100163115,10.9475972215533,482.790423705918,57.2169794408148,5.1148315142009,41.2071588156906,16.7587804254424,11.009826344082,493.341355410968,58.6795065557714,5.00439027977519,41.2125829623468,16.9898978573296,10.6792130974346,471.317125780898,54.4507472906973,5.50008825211553,40.6930516859573,17.6264733257669,10.315711013547,438.669468904971,48.1371925346651,6.40283372992368
909,41.0179195286513,16.6210769598488,11.1191876504531,499.403689790905,59.4353193521483,4.57117367905751,40.8331553252869,16.5668824137171,10.9832431748863,488.570409774325,57.6945661103553,4.82228015592593,41.2022188442217,16.786382775102,11.0365108965194,495.642759089646,58.5021041697161,4.8456330918072,41.2590279654408,16.9382560513549,10.7412081260615,477.499222557074,55.0068209650551,5.13700223099702,40.7708972718915,17.7213372472058,10.3631445055996,440.58902333748,48.2482943301924,6.05679936838093
910,41.0543195020787,16.5917361036804,11.172128785911,499.026951794197,59.6542083587462,4.62656371571479,40.7629948266974,16.5836053049583,10.9841359289898,485.31061469425,57.3865514514369,5.02639561525932,41.1489993686659,16.7952526787355,11.0631497619679,491.230153039951,58.0476577216124,5.02021166842865,41.1886223819335,17.044993273223,10.7072619085301,470.697050678092,54.1162212346992,5.4213587369967,40.592654844378,17.6989574348971,10.3671377001707,437.878382252529,47.9685997117777,6.22690402970319
911,41.0794626252005,16.6052793901702,11.1024867694935,498.808286635761,59.7602844527551,4.64723974597444,40.8057809444335,16.5490709864916,10.9733702001429,488.230582304032,58.0652188768873,4.93597922204692,41.2126233745768,16.744496911348,11.0476023131352,496.475648148939,59.1829853571686,4.8081587313038,41.2876232423328,16.9757626928939,10.6856155818674,474.57322888477,54.8876270818723,5.37797673182614,40.6317133482527,17.6035146704899,10.413503248284,441.141324073079,48.704273076076,6.1541109336893
912,40.9711553046931,16.6505532863899,11.0750251036299,494.226855001816,58.7947258171653,4.5445472630004,40.6952265960588,16.6854129313644,10.87594065217,480.966600740978,56.6050918315038,4.94797787284323,41.1020713471043,16.8364914805716,10.9690703593085,488.847184081108,57.6666869175983,4.83615308319567,41.1265662276824,17.0491519926701,10.623491164444,468.74584010983,53.6846546024014,5.33622753065075,40.6199938396182,17.7070162879361,10.3730257215919,437.446942714156,47.7667646791928,6.04185011822241
913,40.9929857380621,16.6132333785052,11.0362778626526,495.446555235966,59.2152763307644,4.69139154961527,40.7974035409752,16.5741263386396,10.9138174572132,486.299856945756,57.7851483837164,5.01185411800774,41.2026045718593,16.7159501214721,11.0138250787028,496.60130134456,59.1535323636665,4.75158743357106,41.1838595859748,16.9476811286746,10.6399553509709,472.462781900843,54.5099634722637,5.34308525441299,40.5650855908318,17.6332405260782,10.3259049021038,437.433938858175,47.8789220317652,6.24089889596299
914,40.894397544642,16.7016901956321,11.1227728146027,493.063432683348,58.8143456472774,4.84301619755709,40.7899390524393,16.613851508609,10.9707090505868,485.030676003367,57.4090272893932,5.06762222853618,41.1401495519269,16.8089562013653,11.0540539483789,493.157380297918,58.527934408431,4.9892816743456,41.2116421519818,16.9663878560162,10.6856401477728,472.652308226649,54.6475992729318,5.37771271397132,40.6246999459029,17.6896943384495,10.3403490416438,437.346402065968,47.9965253162323,6.25477947981749
915,41.0612732061846,16.5923735963315,11.0993144914808,498.759753211073,59.5555889954676,4.6210232309507,40.8395857174993,16.5462777620303,10.966077486052,488.863255054501,57.937660028224,4.94105537119931,41.1424362373047,16.7041710176473,11.015745125343,495.149981272955,58.7534910655634,4.8616320123021,41.1626695961291,16.9736535196439,10.6196469608699,472.980587549325,54.6250236325426,5.31336321770013,40.6905155784692,17.6651517370768,10.375463659952,438.108962460105,48.0344134281056,6.21783624999706
916,41.0837207029045,16.6268927030319,11.1202306575198,499.734927605128,59.6468526446213,4.61312859411349,40.8199985551019,16.5968709777546,10.9927846813278,489.233480787463,57.9570491034564,4.92638032915969,41.2280807486552,16.7204740989194,11.0540856846923,499.023708401202,59.3315861724264,4.73448148828107,41.2975329249137,16.9668261346511,10.7033572664806,475.219429600799,54.8396807186559,5.22255580913642,40.6411379982274,17.6921147652008,10.3949941868194,436.821673587838,47.8509644453529,6.20557113807887
917,40.8894638895151,16.6995712761701,11.0407461161974,489.514232001427,58.2485746974698,5.03378699023909,40.7500682454321,16.6885911888936,10.8974334402981,480.511202258278,56.7311648082337,5.2792420218937,41.0447918540731,16.8648348318509,10.9664104647799,488.088211668356,57.8527286734526,5.14815884107862,41.1558419894721,17.0859306306235,10.6160941408513,468.129119083922,53.7539145461996,5.65363981928746,40.6411586330293,17.838443171527,10.2908904092702,434.147335212798,47.5345909435018,6.49953629187731
918,41.0043856256553,16.6529109561178,11.1351869831724,495.249862376185,58.9861797503813,4.57829222359486,40.7481013697905,16.6351620488858,10.9593736169412,482.831954724992,56.9746728501826,4.93934346482046,41.1599287675519,16.803669473312,11.0631996996792,493.061577629023,58.4423370614121,4.73918579540948,41.1674037863727,16.972283511896,10.6815884479736,472.886571449749,54.5458736054657,5.15097429045359,40.5898466609652,17.6750050451609,10.3022365861859,436.890439448501,47.8206868111233,6.01599004499196
919,41.0334071687894,16.6602344512366,11.0272936114434,493.659502024723,58.6413776726455,4.6058947585927,40.8492199438606,16.5544351227888,10.9324329269261,488.095833883336,57.7941039947088,4.71583725642701,41.2046440764756,16.8153513969652,10.9668178255781,491.948918683637,58.1675560482729,4.744417850253,41.2127844754629,16.9886307829496,10.5742270696701,471.930819701151,54.1822930736415,5.1434407661858,40.6998229929672,17.636162223601,10.3481289011036,436.832127352681,47.7516533131728,5.88834743855129
920,40.9288158724372,16.6951006554408,11.0552511158938,491.465161958663,58.6174552437583,4.52756292952908,40.7441220660666,16.613367469537,10.9440133991812,484.305541984096,57.4191061749071,4.75092997108817,41.1185649894466,16.8257885952432,11.0300964495792,490.45293457766,58.1656159332856,4.68309267230893,41.1320258284079,17.0304015345685,10.6423189299431,470.736291457965,54.2934919421275,5.10882736831324,40.6315218673515,17.7368016415091,10.2767991113093,434.3393338827,47.3538310039433,5.95888678764162
921,41.0951279071077,16.5876934447346,11.0925778549853,499.384525337115,59.7172766776712,4.60349829148398,40.8371055877099,16.5771812274148,10.9354246498215,487.494480095907,57.7831768702753,4.91090741499171,41.2453382840587,16.7566274542969,10.9880511186555,494.459376870898,58.6504953614651,4.91821392034409,41.2629585408429,16.9353419087754,10.6495168027537,474.548938614176,54.8311968212649,5.22782719813681,40.672731313527,17.6389125911198,10.3455753769562,437.757037690517,47.965743438358,6.21824557801734
922,41.0448860637513,16.6641610050149,11.0933526582174,497.138474436414,59.5413084535347,4.48153580312786,40.8296245550329,16.5671596274123,10.9643845647082,488.613262895847,58.1958269805936,4.70977037101233,41.152292666966,16.7915962993672,11.0291697944109,492.371497004438,58.5636405883956,4.74962442660074,41.2173176364887,17.0078844201896,10.647613998867,473.001015214639,54.826999736197,5.09722542255823,40.5691536325501,17.7123981236468,10.3018897257102,436.684932991228,48.0776404640364,5.91326814198221
923,40.9574451314457,16.6081472706425,11.0736874235544,494.685196758121,59.0198006445852,4.85249530866796,40.7510705840649,16.5827228054378,10.9273508456365,483.822181040824,57.2242198430321,5.12481427342122,41.1150742712456,16.7957965858136,11.0181423572792,491.577015628348,58.2794408838291,5.03513433690232,41.2858033233104,16.9883789831272,10.6479115442983,472.598706261506,54.3304704040886,5.44600201519492,40.6212291718737,17.6900487258836,10.3130492881008,437.894910276947,47.8984830304979,6.37900054615256
924,41.0835916080851,16.6165254909676,11.0611842390618,497.992169132098,59.75115788003,4.46342552004799,40.8236912743345,16.6026077068722,10.8570273054044,483.900888475406,57.4111982610028,4.88113227851989,41.1588804501669,16.7219945955818,10.9717460325951,494.108324958,58.9481722481277,4.65210833082076,41.3073572892663,16.9982278633748,10.6108993642355,471.150861935307,54.4378278812236,5.12389221776014,40.5934992600988,17.6149175619558,10.3480919246,440.954196304463,48.850846407538,5.84997349151674
925,40.9721680009049,16.6811811203299,11.0390635146148,492.581195775178,58.6511107087603,4.9116997523516,40.797185811652,16.592147866985,10.9010511412732,485.974557317065,57.5921671585485,5.07559146307641,41.1703252652452,16.7584124085104,11.0190921253556,494.334315837011,58.782067980267,4.93663812691905,41.1123267536714,17.0545799732919,10.5343441228217,469.146868871042,53.9468541691108,5.54750758070232,40.6143056208014,17.7449553106658,10.2843384045399,434.861366785585,47.468883346861,6.4104720306471
926,40.9769399914279,16.6556034179132,11.0916966247277,495.901083694351,59.367261991948,4.84682593924459,40.8086447105938,16.5771625736883,10.9308415269033,485.307312152696,57.6463150871964,5.13546203544928,41.1317944282468,16.8017224130891,10.980019017343,491.887337095333,58.483118988999,5.13250407997023,41.2106115773728,16.9680484572735,10.6058440106722,472.494676025641,54.6910150917804,5.51934439223067,40.6805264774083,17.6605400974613,10.3562321582575,438.66322058499,48.3396804644256,6.38332116035603
927,41.0248107355466,16.5886512648525,11.1368500085815,498.761440244122,59.6464486068538,4.40032184921519,40.8340945417761,16.506809019995,11.0003392303937,488.857164213732,58.0072129049656,4.64273478926803,41.2053215553296,16.7507276033688,11.0590217491803,496.513191283848,58.95386973248,4.59721969710884,41.2432294002154,16.9540800623189,10.6713334984317,474.676407924999,54.7907691164517,4.98599226499522,40.6968182556025,17.6359729196049,10.3615719313303,438.828734799967,48.1835012291733,5.83882760750372
928,41.0868681570542,16.6144236819219,11.1356432509136,499.973406494727,59.972359673027,4.44459332947642,40.8430083820152,16.5699618662562,10.9391219016539,485.00830418237,57.5770251463325,4.83806539426929,41.2137278022727,16.7815229610542,11.0155292878128,495.108510673076,58.9981025643026,4.69481780461892,41.2319694047815,16.9833761105189,10.6614009929528,472.503547003583,54.5481366332234,5.21397152668876,40.8047746775855,17.7116792250463,10.3238015123566,439.727364419113,48.2896431492067,6.05440991072459
929,41.0554957455697,16.5834136178732,11.1054922664826,497.762107506791,59.6656093673159,4.55172013925488,40.8966486061122,16.5236398777966,10.9649025128742,488.829665726907,58.2126463514016,4.7909920943793,41.2619296560917,16.6960826465933,11.0732401933549,498.77373828362,59.5954663722377,4.63017719278161,41.2091754113858,16.9410837964369,10.6696630543137,473.570815615081,54.9028434576005,5.22209475096352,40.6851599187616,17.6816036017142,10.3836119331183,440.428449733094,48.7036747171098,5.95063396343373
930,41.0255899702987,16.6127196451136,11.1142813116,497.159613520038,59.4187716347088,4.76783186590868,40.8388008927012,16.4971152089677,10.9958054706436,490.804112466704,58.4241897494713,4.89236012004848,41.0817949642624,16.7515130332448,11.0763313733127,493.916184437965,58.8322746481204,4.87216579976511,41.1754246877579,16.9787173841984,10.6338926131426,471.498446805467,54.3533527378349,5.46381390227647,40.639438692159,17.700026966311,10.3400502278773,438.61596442006,48.2143770916064,6.18328951446399
931,41.0567854038978,16.6067641627347,11.1503377565523,498.691538318562,59.5476467683624,4.72896753966113,40.8412779718796,16.5995004623529,10.9394405417052,485.608098794516,57.3271238876152,5.14929276438485,41.2100493280395,16.7709494767578,11.0914894977051,496.127025828104,58.8742639155559,4.92410721820066,41.2371008555263,16.9132134487475,10.7079007678363,475.311692465689,54.9066568716525,5.33498594979774,40.706779842867,17.6832825469148,10.344300563958,440.434568639469,48.3750370615242,6.24123063946771
932,40.9532868793704,16.6972769834641,11.0147718828384,493.208710973704,58.6903333686542,4.90682681505425,40.820118639177,16.5899918168662,10.8524025902004,485.118609636875,57.3558271752619,5.10574259249813,41.0586193822161,16.8843161727218,10.9369252922992,487.505284327812,57.4821316924385,5.22672410909502,41.271084180588,17.0278673274379,10.5944624896535,471.943124474264,54.4140848302613,5.46472456570812,40.5963234279099,17.7273651196117,10.236443983539,435.665487471251,47.7710425901524,6.31231314436108
933,40.9458010842278,16.6783299673939,11.046081584983,494.23534950653,58.8458377133564,4.80322598135794,40.7185373583131,16.5600104493623,10.9485659931474,485.508037923867,57.489309861586,5.04702375788484,41.152821110938,16.8303546487563,11.0220768135024,494.4308766312,58.6280968096642,4.91374306077951,41.1985318998841,17.024732630006,10.6761807057387,471.807771291613,54.3688643519397,5.37693579354427,40.6233588263203,17.6970205560735,10.319704017835,434.852770719166,47.5663325210455,6.33303685122976
934,41.0066513477995,16.6549846433555,11.0859219471488,496.197409026214,58.984263420341,4.62850753658144,40.7843831887524,16.5908247425852,10.9525912775954,486.551898010453,57.4459051614068,4.86234824552119,41.110240567738,16.819842028388,10.9798671546137,491.221510756963,57.9107532328642,4.87432620146882,41.2306914268053,16.9844130676934,10.6572788219621,474.000543320003,54.5610333643723,5.20542665589981,40.6259176606963,17.647831700897,10.3553711329544,438.911082601883,48.1552074710042,5.9408526103059
935,41.0487639519305,16.6153295367018,11.1051101902662,497.9712268843,59.2753871242886,4.68506254964222,40.7796459581194,16.563827618245,10.967450233367,485.587716755345,57.3530577881654,4.97604496779351,41.1796240399467,16.791769326626,11.0419925097021,494.009853134807,58.444053569096,4.89792753836081,41.295752460381,16.9421059004097,10.6537943069008,473.898587745421,54.509910378996,5.27769224329427,40.6374452233329,17.6817214516053,10.3985280324255,437.967320398555,47.8460663602445,6.1800357379244
936,41.0598275013484,16.5652732529635,11.1208226239577,498.210550022213,59.6361578267686,4.63899320265354,40.860475947855,16.5501589609005,10.9311973037597,486.348745623969,57.7085230049952,4.91600559595885,41.2145017401596,16.7484661212257,11.0536351681517,495.000936257808,58.907924673642,4.80412056901778,41.2606685440548,16.9839110209852,10.6602755557497,474.170733625409,54.8012610048321,5.25209497701668,40.8306533695735,17.6302803114909,10.3635329722653,441.594717755961,48.6469329495491,6.08912295057661
937,40.9786945107865,16.6007320036507,11.0794770008785,497.845927076747,59.3981451711435,4.78851740886186,40.8048306501959,16.5549297362494,10.8878805779628,485.896054771704,57.3925459900154,5.10757852166986,41.1949470094213,16.7378799619467,11.0681389354592,498.789956280789,59.4104256623537,4.83688813894735,41.140985523631,16.9661115996827,10.6292239362862,472.44211091613,54.3348756444747,5.48131458504844,40.6664966515063,17.6690909634924,10.3713095788391,438.589221614806,48.1798693919109,6.28069504942761
938,41.0713608308879,16.5452523150402,11.1220896396209,502.958808554143,60.1001169790521,4.68069528446233,40.8359509279583,16.4915954845931,10.9169062458389,489.401618112239,57.8762779057835,5.08541539754276,41.1824628253782,16.7303105174272,11.0157649134548,496.730136420502,58.8214810466859,5.0017941384742,41.2902143687834,16.9421454832103,10.615464492255,475.376619978982,54.7721399402496,5.42390590394313,40.6305250219366,17.642317837065,10.3163318215046,439.302014091622,48.0680998685501,6.35160675424446
939,41.0177972703694,16.5900402662099,11.0794390755484,498.380862598321,59.4842532647496,4.7125174835587,40.7678232778552,16.5691361825465,10.9305513780386,485.99217981265,57.4906924244278,5.07405982956358,41.1932403229802,16.7408500579736,11.0194899775152,497.145397950522,59.093492152547,4.85668382616033,41.26539564225,16.9681980269272,10.635588485877,473.938966655565,54.6135912719912,5.33259714127409,40.6719966070296,17.6525400248548,10.3886075491585,441.529693186977,48.6956237982808,6.1160752470903
940,41.0327110743105,16.6204605338684,11.110396910594,498.307756416866,59.6408356313636,4.67397507786916,40.8255069731805,16.5655557435566,10.9434814305101,487.371473264804,57.8958707815767,4.98633106095143,41.1569080758527,16.7881986509056,11.0449049679932,493.574941330248,58.5837369784774,4.94824901963306,41.1455432511864,17.0140933731229,10.5993463479515,470.653504286825,54.1658126540897,5.44140023048513,40.5699326296047,17.737419500813,10.3484921860805,438.351698925332,48.1731544803743,6.21737575521513
941,40.9623272500805,16.6337997458099,11.0595867298085,492.247863085319,58.5379139719459,4.89286900492039,40.8898955617239,16.6099531547103,10.9298458813848,484.84844601442,57.2804078477088,5.06342417689862,41.193922309008,16.7317948246598,11.0118348246397,494.760688079799,58.697232686065,4.89198662153962,41.2126363207599,17.0070796595456,10.6076085379169,469.074150401418,53.8667241272756,5.43992053409823,40.7475463369918,17.7043157611646,10.3428663862326,437.92148110701,47.9527649475286,6.24100489682615
942,41.048534526929,16.6474869065652,11.0969211097435,495.799023657894,59.0605778561185,4.65338287649479,40.842212251103,16.5896779065194,10.9193073075418,484.320815042927,57.1170224364099,4.98558522320956,41.2161383313948,16.8048117079094,11.0132946828642,493.227938965317,58.3632193665921,4.86342921847265,41.2368422332986,16.9894295121857,10.6204732860334,472.398429576749,54.3077852614364,5.28005088044977,40.6909713406338,17.7332450802181,10.2921505677992,434.30319462482,47.2171622327424,6.19582179096376
943,40.963523317859,16.6824379488659,11.0555194182088,492.405379857263,58.7537816853215,4.9109005370161,40.7311830350552,16.5573459471507,10.9274456108382,484.483384746474,57.5223021268033,5.1162938807894,41.1366857177999,16.7694527550297,10.9955501325658,491.726769906385,58.4446037025264,5.04112661763461,41.1178955650314,16.9910939501188,10.6551456519365,471.547045507997,54.4914284481853,5.47708941263047,40.5440894982781,17.6935373720232,10.3501605267857,436.019104208844,47.8947386300348,6.39786951428806
944,41.0336873431095,16.6690820802842,11.0726117666181,495.718035688248,59.2206599495331,4.59750705448427,40.7796281611982,16.5693958424057,10.9318617845619,486.281562625656,57.7300492377373,4.86575593426592,41.2504248995324,16.7895630951352,11.0136817950578,494.727879398954,58.7612806206153,4.8035531241687,41.2517611100396,17.0326400089602,10.6350393160005,471.253332649835,54.248066924922,5.27462116836115,40.6321012846607,17.6996070057536,10.2900911971263,437.15937290107,47.9240493123567,6.20436788372628
945,40.9702381744644,16.6252136466475,11.0858068611951,496.753186743985,59.3593962843862,4.68625016790588,40.7224147738093,16.6100825863123,10.9341411782566,484.219613970162,57.3237486977758,5.02579502722753,41.0338385865018,16.8126003495814,11.023544392122,491.034234685227,58.2688906903444,4.94713688593804,41.154176970978,16.9471523649437,10.6286464249935,472.742710092057,54.5544456616274,5.32090593159716,40.5987962513334,17.6905173427761,10.3888137527004,436.417703753179,47.8845640942315,6.17616832374839
946,40.945969067823,16.6167257897964,11.0321048137095,494.981040760095,59.3964887924386,4.32267340481413,40.7959909121225,16.5611076515152,10.8656567983453,485.340566553471,57.8148000115359,4.5965907541487,41.1598514396731,16.7754792255744,10.9826747774791,494.04830778703,59.0480065470617,4.45405179325869,41.2054486777199,16.9907568985573,10.5769761561941,472.540230715358,54.8504483669322,4.88764481025094,40.6211576491438,17.7498135203056,10.2922285244999,435.983418078685,48.0244903446167,5.74639226216465
947,41.0395816578629,16.6280410055849,11.1394847363126,497.7338485038,59.2605325295951,4.71003170911343,40.7809860412992,16.5544251499608,10.9817438246747,487.035565078414,57.5665199716639,5.00083921065492,41.1946360630674,16.7410062783341,11.0903427956275,495.814459930314,58.7732322344901,4.84851155794938,41.2196467672397,16.9190099244047,10.7091725624487,474.857699956714,54.6049980902356,5.3036949285288,40.616056814972,17.6787019187956,10.3941887017905,438.44864596399,47.9834084232938,6.20945081575844
948,41.0966085069444,16.6050537634132,11.0634463145526,498.271052860482,59.7161551987301,4.55451586531942,40.8519176903668,16.478112626403,10.9395627300118,489.402297762796,58.357110798271,4.80567922957059,41.2579945697082,16.735055660346,11.0347700407812,497.453051021787,59.3850875646548,4.68384035501782,41.2480977146619,16.8606981112475,10.6700809614662,476.182818554984,55.2720733059014,5.16573911304693,40.6508219291934,17.6726466545028,10.3559429953914,436.096861132297,48.0107006654859,6.11577706375173
949,41.0129636819021,16.6591179909286,11.0296062304429,494.398171226573,59.0874113290114,4.6672780074368,40.8273056848303,16.5920971116132,10.9411413321975,487.249306547036,57.9866363840755,4.8309309635986,41.2143020120779,16.7935985092235,11.0202399718353,494.492953188578,58.8767124243557,4.75833088440027,41.1924708265669,16.9531782477656,10.600248729862,472.627222650262,54.6712692666699,5.24646852941618,40.692046435158,17.6283660841105,10.347640607407,439.400367801956,48.5125883887414,5.96820003881394
950,41.0877458582284,16.6170561580184,11.1442813535976,498.497403898764,59.4607992587315,4.72194901591414,40.786957308813,16.5607315427436,10.9389257750739,485.00039721228,57.2508876429093,5.0746397891917,41.1871770049286,16.8026738359667,11.0633214137532,494.110779974249,58.5578528813412,4.91111978155987,41.2544833251128,17.0004780532501,10.6365908351143,471.564092449026,54.2752077702318,5.38095097239227,40.6064630264708,17.6711497879688,10.3306557726718,437.177121096424,47.9524992048252,6.19704636306936
951,41.0304514458892,16.6527107574162,11.1166436651414,494.48161287017,59.0561109763596,4.59607553785858,40.7944673931992,16.5005147907623,11.0171346555998,488.306959601014,58.1035031344171,4.78388393226777,41.2416253370477,16.7519225047033,11.0685518651819,495.65584930153,59.0279640528751,4.68098426830742,41.1733467488514,16.9475140508617,10.665471307705,471.036336976154,54.2706309162966,5.25664185835127,40.612856472594,17.6534233594059,10.4102511804855,438.927187897772,48.4253394544488,5.96933358236856
952,41.0507304161657,16.666347230951,11.0870457473556,496.304366397708,59.0772516744333,4.55058729612615,40.8360258930956,16.6297405427814,10.942119967251,486.042441603939,57.4009340823975,4.87842416346237,41.1160432435919,16.8157780198674,11.0223380257609,492.672594799959,58.3752848079964,4.71335282857276,41.2353537121087,16.9597779357525,10.5973177307178,472.127589586524,54.3859268695612,5.14410522422325,40.6152540342339,17.7664837329216,10.3124685123284,435.998892859272,47.6594617150983,6.03640907471146
953,40.9914100035489,16.6323177256457,11.0605586410574,495.187899421145,59.1570152670793,4.70758039681649,40.8775667691438,16.5114238801931,10.9540311066701,491.061562656882,58.5436105925903,4.81171082291473,41.113926813011,16.7897944002867,10.992592242342,491.478888304287,58.3602541264335,4.90299876064364,41.207517694507,16.9942160892436,10.6534601885887,471.722266127636,54.3602529698614,5.4308732654573,40.6001653516888,17.7577814685096,10.3102094035109,436.568851092143,47.8148993953408,6.20661899263249
954,40.8689406620719,16.6540144379182,11.0996694097631,494.800125767156,59.0074474752245,4.51669343676239,40.7611214829415,16.5936380644004,10.9542734286088,487.037224348139,57.6350681079311,4.78890953250124,41.0731810888571,16.7635363639936,11.0141994492381,494.221986253303,58.6793472251833,4.66068687029678,41.2499309440129,16.952370911504,10.6491735889244,475.326291497511,54.9169285894727,5.0888470345698,40.6089496012743,17.6598944305274,10.3635086674662,437.600392219968,48.0885732481461,5.8747008181973
955,41.0216243393163,16.5884332983752,11.1412126984224,499.210927590064,59.742359515406,4.39645650208687,40.8580500167224,16.5185452576853,10.9691730899631,488.70222854538,57.9704920610779,4.68867496482365,41.2409763703137,16.7373297345287,11.036220216,495.667530202421,58.7265778067254,4.7080373895524,41.2290230933425,16.9157404047227,10.6954794284215,473.65889251335,54.703299180172,5.05042238592724,40.6918045040463,17.705917971194,10.3842657096156,438.67735603317,48.1272971923682,5.85509369866259
956,40.9852899799456,16.5965804238498,11.0987538109683,495.871149915088,59.2576377216437,4.59302029356905,40.7393111551475,16.5369113085018,10.9145940066152,483.809439751551,57.2817479609728,4.9351396472369,41.1657304240644,16.7384796764753,11.0241336453223,493.189984161947,58.5036038183818,4.82682715291922,41.23394063056,16.9216625819617,10.6308506546517,473.104946258648,54.6033677089451,5.16500533017211,40.6382235519946,17.6781995381908,10.325981441823,437.242852626971,47.979963029762,6.01458515571519
957,41.0361376711164,16.61682822109,11.0229242594486,496.520679759284,59.1204710337385,4.75404662547003,40.8524485108342,16.5750925771881,10.877335435731,487.323818924529,57.5108342275634,5.05443290640867,41.2100889441239,16.7574800658127,11.037977198684,496.560816613817,58.9094068816821,4.84010439549324,41.2867588158928,16.9477436279378,10.6081605658178,474.448969738018,54.6585661588261,5.32366499168873,40.7560656021588,17.6254554085141,10.3030873230807,439.150720450388,48.0687608954459,6.12003329855172
958,41.011200726161,16.6870212538753,11.0754061630189,495.677855319465,59.227258209727,4.36702038316091,40.7559910922484,16.5925115974164,10.8881072933896,484.068902290931,57.3933519958392,4.62206638184806,41.1206096940254,16.8350398774424,11.0271000768616,492.957995581379,58.6452584576604,4.52844571280538,41.2665852839218,16.998836929335,10.6285052010964,472.811704822879,54.7124666674276,4.91378067594892,40.669602741606,17.7131861439829,10.3647852476564,439.146178219139,48.3391170687368,5.82712764296084
959,41.0117659842374,16.6048596897584,11.1120010219288,497.687996415806,59.3354475317295,4.86939031799295,40.8113756197946,16.5836299233946,10.955189331213,487.6076862317,57.6694346115311,5.14196141284326,41.1982145688754,16.7938607593968,11.066213127268,495.969826909784,58.7663122107469,5.02760788160903,41.1778057549515,16.9781602001466,10.6080896057644,471.937798062968,54.2354678957768,5.54539329938458,40.6880772940147,17.7056192731279,10.2992359488465,438.3914591959,47.9317388047274,6.48111775752688
960,41.1393978167381,16.596654523617,11.1684075720542,500.680960218091,59.5901390173067,4.55458024121822,40.9080802513269,16.5073837240496,11.0078933641767,490.4439514421,57.96826218489,4.829499040723,41.2008357680401,16.7717335826066,11.0498087547864,493.794643173813,58.256130425339,4.84141621115146,41.2826259302827,16.9474594567899,10.6564514847842,474.500454209022,54.4985354350276,5.26546110199865,40.679654919299,17.6814974317052,10.2943286479695,438.26237761837,47.8470908933345,6.10026185623958
961,41.1161724015847,16.5334328357244,11.1244318640651,501.31816233166,59.8771114292931,4.31843789520218,40.943755191081,16.5087931392249,10.9447614200406,489.447876111439,57.8602280925941,4.68363865510644,41.3146535423487,16.6295666335541,11.0592700872982,501.320529240391,59.5933336442601,4.44169590205906,41.3977273198252,16.9273291316764,10.7301615382487,478.229780933144,55.1935297954385,4.84821440744475,40.7510063087571,17.6675704642107,10.3420789913257,439.370823980549,48.1415916112837,5.83879479650462
962,41.0491764902098,16.6329091396334,11.1001540083049,495.805220861328,59.0937695799658,4.84097651532467,40.8820592214277,16.5397114586604,10.9432566142417,487.405186428871,57.7411174606326,5.04644324291127,41.2451643520594,16.7516637968542,11.01942934357,494.170787278238,58.587693115378,5.04307973758158,41.2126453672696,17.0367624981776,10.6085799564266,469.984162631991,54.1348134678509,5.48927566719266,40.6447372511749,17.6779182394973,10.3540023783636,437.058602384497,48.093181089168,6.2855326799702
963,40.9157226329974,16.6216437091994,11.0006251866474,493.787405370914,58.912596831152,4.60533031674828,40.6804818976177,16.6086923919116,10.8313214467998,482.307936993859,57.0812301561489,4.92992438284684,41.0282778701364,16.8016468479711,10.914609282435,489.209027007275,57.9272106497179,4.82285407191954,41.1046561976516,17.0242041110239,10.5263424931323,467.933576452979,53.7766953561555,5.25034522582978,40.6216667835577,17.6137876616954,10.2785817484705,437.721362928387,48.1407375908882,5.93099742536407
964,41.0327157287578,16.5901571766943,11.1515819261784,498.631508634483,59.3738444016958,4.61575259081989,40.8688054412345,16.5950964636529,10.9601790500944,486.931621140443,57.4431428000002,4.91672886180207,41.2202753495761,16.7746879242254,11.0921899183837,495.764592917915,58.5990202213268,4.79342185448347,41.2739919205821,16.965643763449,10.6365048825284,473.254232161971,54.2344200458161,5.27626808683762,40.6338610539207,17.7076001772406,10.3258257647307,437.381062039023,47.7800353747945,6.04661808171222
965,40.9948299444083,16.6364620456709,11.0767436293219,496.004907985499,59.1682100070951,4.59052756574011,40.8144161871124,16.5129976017417,10.968219429697,488.463251998255,58.0143308255622,4.77801800438426,41.2213708330219,16.7068544266929,11.0449010515163,498.222230420274,59.2785864601538,4.65721049318849,41.1555480271106,16.9596548009154,10.6334630966461,472.789020761362,54.5225282419614,5.21448822808875,40.777979254072,17.6040776978105,10.3570610151591,441.275007453954,48.6372306358108,5.94758019796668
966,41.0333180561226,16.6464790584779,11.090619453019,495.665788619544,59.4575330757448,4.58333358151648,40.808080831068,16.5839949334426,10.933371101253,484.670376676899,57.7067283482437,4.87124039864879,41.1754073808164,16.7528503160198,11.0294397587217,493.495595992778,58.9351624339267,4.74899251512803,41.2403703472194,16.9877470050255,10.6289436043728,471.475205203253,54.7154784532373,5.2198500255555,40.6646479139096,17.6137509419043,10.2935274957364,437.057521091896,48.347432475264,6.0775255768982
967,40.9671150166545,16.5681582264384,11.1322334960578,496.586942933399,59.3270947773113,4.42998320632021,40.8030465797294,16.5041138333525,11.004215508733,488.36456661756,57.9519078340317,4.69429016663641,41.1411575384921,16.7348769512637,11.0664667671523,493.510545945325,58.548780905523,4.65334184696806,41.1885412630291,16.9106470660494,10.6778194486669,472.839997115063,54.6229045179196,5.08072788039417,40.5818758057683,17.6413375774117,10.4092988177677,438.817038983232,48.3219185026655,5.87426366091898
968,40.9350609625487,16.6784025795237,11.1158102949869,493.198241016988,58.9561594483194,4.48448804555474,40.7535835936457,16.6197570489979,10.963723379844,484.46161906541,57.5503519083276,4.70482109388548,41.0913001771498,16.8012038524421,11.0290576773489,491.260476843592,58.4254417934003,4.63811567739546,41.1076918297841,16.9862790722691,10.6323793608941,467.980947366368,53.9547030025071,5.07197113342261,40.5174344362897,17.7104879140082,10.2920321602687,434.964419557407,47.7427780601333,5.89586476381467
969,41.0738910408133,16.5789341661416,11.1306732053051,499.230934185847,59.6935029571452,4.38991896210647,40.8699710472962,16.5535538320796,10.9685143264182,488.818030713195,58.0598274010362,4.68225400409294,41.2197487417227,16.723352308651,11.0468112865584,497.163915080844,59.1217821981946,4.54134273094846,41.3040280585025,16.909676643362,10.6332890395218,472.822224599901,54.575599605739,4.98282817369128,40.7337271419585,17.6325985526475,10.2879063640195,437.908983176022,48.0044650605792,5.81197298360175
970,41.0503381066512,16.6183418283964,11.0710483304388,497.876256751998,59.5687859689638,4.38312669837256,40.8144044583944,16.5979300608569,10.8957850274636,484.899712380188,57.4885608507657,4.71498352167209,41.233986939208,16.726034564831,11.040661607829,497.40483684739,59.2778616048449,4.54634216453788,41.2090799440861,16.9688802814968,10.6579514199311,473.19727964575,54.7799722794502,5.03216547061286,40.6842699458777,17.7367361721424,10.277959961021,435.771451379182,47.7602051748512,5.88381723504169
971,40.9822533539596,16.6789544012097,11.0270820266133,491.900431428607,58.4822964657969,4.69132141943865,40.8691837898378,16.6243518392319,10.9407289896849,487.802311306498,57.8098204414123,4.82227405278797,41.1753444527696,16.8107586772823,10.99714518632,491.640958100674,58.2645164852537,4.79544087898032,41.2040094212736,16.9390138679898,10.6144813127379,470.444291428175,54.2255675332059,5.19159825790351,40.6594096308955,17.7298485251969,10.3401431068141,437.279959737738,48.0176900209238,6.03464570228394
972,41.0021746398651,16.712798955219,11.0791893326673,493.127517185396,58.7060221437308,4.90892776858436,40.8320197848925,16.5814739244462,10.9501497172975,486.158305914306,57.6358282017306,5.08829294815634,41.1711587383168,16.8187137058236,11.0311912996579,493.176919475007,58.5046472418553,5.00979800987972,41.154954660185,16.9746852317343,10.5949329635813,470.141968836014,54.19918691049,5.55660826390664,40.6385694193848,17.6933415051687,10.3480762063714,437.17582419101,47.9918168960618,6.33010049892517
973,40.9427048205916,16.6356401420372,11.103579952117,495.56560609294,59.2078133101663,4.43314908370759,40.6578479392001,16.6071485522067,10.9398312590853,482.71152265845,57.1141750198594,4.77063075403038,41.2078572880084,16.7789280289646,11.0387162752385,496.102333842806,59.0013135783185,4.53327116421335,41.0830467607511,17.0415750229187,10.6591809331159,470.066200022577,54.1145866077981,5.15391210978142,40.5954894269047,17.6839205256015,10.3018193455011,436.434812020725,47.8200428687719,5.88355784296209
974,40.9774765922049,16.6565354127519,11.1149974157589,495.913684007726,59.1555036222079,4.79884473961989,40.829232669094,16.6172486881231,10.9125691575525,486.501698436618,57.57696075994,5.09716873378938,41.1268157699576,16.7908731121465,10.9788169288831,491.163340894369,58.0521300101929,5.14637649952791,41.2583270806009,17.0144992012888,10.6540275947529,473.334924177035,54.5515489075856,5.42865171614291,40.6535569293184,17.6783912198795,10.3175749242019,439.563383349624,48.244373745866,6.37060928105716
975,41.0722379503748,16.6752476306181,11.1123130184482,497.607599120523,59.3781917825275,4.69861849282683,40.8979621431015,16.6013116673446,10.9479867905088,486.50836577583,57.5361239129776,5.06916772617568,41.2363945767959,16.7823419335178,11.0358646080189,495.454969989546,58.7853150856335,4.90207304277136,41.1977437735219,17.0899886839479,10.6282331536258,470.219936067956,53.9338937190753,5.55066214897407,40.6911056724468,17.60299548917,10.361717580652,439.922592443059,48.3268905862019,6.25798911007846
976,41.0583909688933,16.5531907796003,11.1446903992715,500.497849946233,59.8172044293999,4.70588220350804,40.8566333249938,16.4424999869589,11.0434033573229,492.604122845328,58.5727245672862,4.89643105146912,41.2460498347004,16.6760854181161,11.0962288571605,500.19180892933,59.5540021787344,4.80060435436229,41.2832226379363,16.9218060157301,10.6857828018453,476.85104021524,55.0221595031701,5.36517394381594,40.6248247844474,17.661409492699,10.3357466748132,440.050440841361,48.0808568689707,6.37956137915688
977,41.0725895701192,16.6320924385639,11.0824786370602,498.280276676717,59.6258417402548,4.67749730697456,40.7700494260866,16.614784841209,10.8860786317315,482.705579774641,57.1803394827964,5.09628857906722,41.2114526395709,16.7999512002666,10.9829685634349,493.983262171022,58.6640658991161,4.94510887255386,41.1599659147286,16.9992358883268,10.6056912664348,470.748719072411,54.2737682906475,5.44856088061091,40.6716210342431,17.7895700803399,10.2771106408609,433.19075556821,47.3491376564731,6.38691841547331
978,41.0517926981391,16.6042923774622,11.0743609644615,499.276386860512,59.6749711465319,4.72588232362254,40.7947066313754,16.5995404832047,10.8862041993919,486.235191130364,57.5835100025594,5.18401530929506,41.1459733712252,16.7853762082888,10.9851694675627,492.812447116657,58.3464118509214,5.04414359404738,41.2023549360344,17.0432881566305,10.6087096879551,472.206300963729,54.3523900424181,5.56164116758332,40.5765331589797,17.6785941447932,10.3342442904014,438.319805865986,48.105692531936,6.30059816113488
979,40.9386268779134,16.6238577656597,11.0801255397161,494.610588193621,59.0359721390743,4.4900700745195,40.7504599514637,16.5724162122196,10.9370916760214,485.896849511533,57.6003511931777,4.72253481874152,41.1270067147141,16.670806443825,11.0512709913151,496.508238206865,59.1339898451117,4.56675822279569,41.1990303486004,16.9573268357778,10.6292025485218,471.541104688254,54.3585989952318,5.04330042787251,40.6261227302151,17.6461064366183,10.3549944832519,438.40136858212,48.2192697886311,5.80771747592366
980,41.050212440718,16.5676989207461,11.1508779716877,501.194434171181,59.9029580857819,4.36932491628316,40.8840446232017,16.5237371128934,11.0179369159715,491.575886979328,58.3478108701288,4.60059725889697,41.1891847421828,16.7230731173346,11.0794134994037,497.274701760398,59.0405546574616,4.58636142334582,41.2499570002803,16.906214739104,10.6528305324178,473.56748404023,54.5475037748577,5.06283077257651,40.6510033465549,17.6805045783129,10.3137599603534,437.071551130518,47.8820787826184,5.93550853222792
981,41.0431574764945,16.6337022701503,11.1099242393666,498.286062858726,59.5837424651936,4.69592007620118,40.8307183866008,16.5362226292665,10.9470405667574,488.808666437112,58.0973113845591,5.00166381296135,41.1577855711749,16.713541832215,11.0163175072661,495.359493700601,58.9396740581729,4.93007467391953,41.2659646008836,16.9923353799435,10.638777874735,473.00118651888,54.6266360897304,5.3432629895716,40.7284988923046,17.6370446774705,10.3936632780005,440.191500665104,48.4729003061904,6.16442254799084
982,40.9840182473067,16.6680937300338,11.0782950873226,495.030060891701,58.765334948788,4.7136729475071,40.8286342531376,16.5409296998879,10.9692188882619,487.832856924137,57.631937745784,4.87924618776602,41.1809015862248,16.755993804695,11.0415773282147,496.79194360907,58.8674469000234,4.7747241249624,41.2442892828097,16.9323973088655,10.6485982184032,473.747270016337,54.3581271516812,5.34153318438496,40.6456604203059,17.6785357232226,10.2787867984741,437.071502157732,47.7150588446489,6.10122555427904
983,41.0055293480923,16.5869322857565,11.1228137789815,498.295742951287,59.5382274321301,4.375627334025,40.8146202233241,16.56678279018,10.9489111512604,485.871290221376,57.4865391813484,4.67274686762933,41.1474291999851,16.7116739944491,11.0333333158376,494.656214856622,58.6273387645409,4.63438733978056,41.2520163394318,16.9904135468258,10.6773188524348,473.80537999749,54.5373471865842,5.05063748939609,40.67858653643,17.6887296884523,10.3827626097502,437.520787063517,47.9994388765114,5.87068951848641
984,41.0011589395051,16.6484084332156,11.0714322370159,495.105306266345,58.978998063987,4.54322430425097,40.7919257395275,16.5910782247722,10.9081756309436,484.853168018346,57.3232685013068,4.89203685418226,41.2023005059779,16.7774190745389,11.0288404599344,494.998051106678,58.7282491955877,4.63311644568398,41.2319665342771,16.9432241513602,10.639765809131,475.448096285483,54.9564285808947,5.04387379224085,40.6973903573967,17.6694620892037,10.3692467875871,438.984999408854,48.2456555535601,5.90450496304642
985,41.0564683662028,16.596310086151,11.1150441820644,498.486159199897,59.566672276606,4.68309890767227,40.7886196719186,16.5868568152523,10.9852860132107,487.707500894656,57.8461838959266,5.02092635601269,41.1760191276609,16.8052413245063,11.0598694185839,494.664127313287,58.7807690715877,4.85975159528433,41.2262818914595,16.9980598840862,10.6768823415076,471.974670594556,54.39722395164,5.39280577707477,40.6931656665319,17.6603075362793,10.3518491791198,438.113070759463,48.1082530514104,6.22863827471316
986,41.0225662330544,16.5565793993485,11.155550850319,501.005526447308,59.9650841217742,4.43275672807051,40.7979485833668,16.5398337596418,10.9649263847542,488.189700534868,57.8481229680282,4.78286487443374,41.139228822217,16.7383990515069,11.0852586366164,495.937323590642,58.9393862066017,4.67596721892474,41.2504276780792,16.9191883075638,10.5753511176526,474.563101772154,54.7078518962473,5.17882720009627,40.6387061415694,17.5888666772321,10.296502864046,441.993297700752,48.7322446264323,5.94721960586532
987,40.9807996140923,16.6150922739066,11.0877799422518,497.17191397431,59.2552425836278,4.80663292057537,40.6940909424435,16.5915472411856,10.9156946960418,483.140137607579,57.0235368101928,5.22602793134465,41.0836360946713,16.8078692498275,11.0323142354894,493.235578815847,58.4577154399607,4.9793485692828,41.2016698878967,16.9681514302011,10.5947101907938,472.325694795813,54.2589953019465,5.43713079823829,40.6711546913374,17.636844908241,10.3220155621153,439.811002677743,48.0951858285613,6.36193509570159
988,41.0536246513202,16.6215494528715,11.0664529246276,495.83176993137,59.1028763585369,4.48234956182477,40.8727861342787,16.5430772713479,10.8773052619717,485.571266959243,57.4188276900873,4.7514948052742,41.1849401084562,16.7540610533727,10.9785246979806,493.147724179506,58.4830079454291,4.68046693114823,41.1722277401222,16.9607858862847,10.6455647153177,470.631032857631,54.1646840178618,5.20190201090852,40.6552684817437,17.7094939812963,10.3141129147927,436.683752887793,47.7973893330894,5.93966612086592
989,41.0772392252108,16.5903053398976,11.0513581058667,498.586853029889,59.8200260518522,4.65332279004209,40.8036094999232,16.5213332487471,10.8805367566697,485.100177542541,57.6704005424795,4.99731801309102,41.1952737135423,16.7405740118693,10.9888199631772,495.795117556078,59.2741018615381,4.76546834701931,41.2790358534798,16.9377675729347,10.5797206599591,473.775462330921,54.9580801670564,5.3331562253664,40.7234230585261,17.6817770966159,10.2906531463879,439.434809399366,48.4209515093931,6.15575880449212
990,40.983654740929,16.6837870959535,11.1061090970488,494.789686958601,59.1921462161771,4.62273097690901,40.7857076999462,16.5988428357725,10.9649649866878,485.036680336036,57.6483048487347,4.86257037050482,41.1649689618756,16.7720042805511,11.0576771308555,494.68627712385,58.9864222797442,4.74057147297955,41.2808692479027,16.9959337294846,10.6637271773736,472.92072272155,54.7791244136886,5.26028082919659,40.6456815685616,17.6700465117229,10.361443422011,439.706418003368,48.5055226794152,6.1233231666065
991,40.9917561381275,16.6032705485195,11.1166309605447,497.626440018506,59.2146201113713,4.63343644724491,40.7847078692915,16.5668286025577,10.9458139277071,485.86172215986,57.3094176231818,4.9557604449791,41.1326059537093,16.7440276861002,11.0331304107066,495.330164178285,58.6338238170224,4.7912922410027,41.227267757804,16.9385725347129,10.6805152704078,475.928967869143,54.7766287402486,5.17443727011885,40.6457659309572,17.6769036108046,10.3411962776948,436.48278184178,47.5569206480474,6.1653002748806
992,41.0289973016132,16.5810696124232,11.0732964883918,495.732695518134,59.046958564086,4.64051344222145,40.6867148528291,16.5444937588665,10.9129981039448,483.744740436896,57.1130777680053,5.00278004540019,41.1207266246597,16.7290952779083,11.0400448192066,493.262782353697,58.4350087954212,4.79679516874052,41.2073050298363,16.9571847654753,10.6329866647239,471.33085158263,54.1355399374911,5.23605193600868,40.7086551666333,17.7231689745569,10.343359131532,438.833789085944,47.9919016654754,5.98443095555033
993,40.9647946406161,16.6642695155834,11.0904407313348,492.75855567984,58.3651908995613,4.78072091053996,40.6727272441483,16.6085663573996,10.8775868463884,480.802700615052,56.4925975057452,5.06640016028105,41.1802184324013,16.774498404735,11.0082898872547,492.446461772665,58.0694952176018,4.89128280650087,41.2285205138311,16.976818588313,10.6658592938149,472.568163384441,54.2470703654743,5.27533861142805,40.5316328009745,17.7265981322997,10.3230662053023,434.237144612042,47.2304720872562,6.24315348397021
994,41.005154911761,16.5764411649375,11.0885210573229,497.295853526383,59.3236477051836,4.43908487732921,40.7884600970601,16.5273676509928,10.9627238759102,488.021177995154,57.8032669388203,4.71750821319956,41.1854211031405,16.7304057987131,11.0986910977954,498.017345310856,59.3064256143011,4.4787684814103,41.2085676468186,16.9152588790582,10.6376244754219,475.277803086159,54.9090405422968,4.99293848284318,40.7044807522343,17.5809592559845,10.3795897368405,440.602317173729,48.4395773566816,5.76160034811064
995,41.0900746674159,16.5392499943873,11.0987926719766,502.010009696818,60.3822209407547,4.77304049661952,40.7710458830958,16.532854852388,10.9479063432035,488.340134775815,58.2773511638808,5.17018493598639,41.1825874574762,16.7103244503007,11.0106094025246,497.348947677879,59.5166538721851,4.99191595403315,41.2480695566374,16.9584414376359,10.5937451455132,472.345076870397,54.6995920437216,5.60496358865051,40.6681318843174,17.6509679704089,10.3391726229295,441.252288748088,48.8837127792414,6.29344172357872
996,40.9718569116173,16.6328482261389,11.0815907322638,494.84272070641,58.9373911815529,4.64465254709652,40.7793522305397,16.468428549038,10.9805759635016,488.484443653174,57.9761350719357,4.79712798366534,41.2109150858156,16.7570524650693,11.0866061873388,495.888119952794,58.9261004957905,4.70146113420464,41.2988771780917,16.9364917055772,10.6557725809427,472.609372756378,54.4575209757597,5.21562905780267,40.6302294534404,17.6437567130639,10.3758489532553,440.704036052416,48.6712113401326,5.96360726954606
997,40.9276194603351,16.6475401943291,11.0671440051709,494.99003576173,58.9725762828663,4.75951330939413,40.7763587102551,16.5600835605066,10.8927524015477,485.96024389588,57.4627943791341,5.00075726566853,41.1274229472972,16.7880339937773,11.0621066837749,494.809642760522,58.6803776890396,4.87531557300439,41.2320340072818,16.9840871206249,10.6405533507543,472.676167847895,54.250280834891,5.42298142496844,40.6855559977669,17.7286975268414,10.308728076923,437.349438385817,47.8364995050859,6.28407175193459
998,41.044940681975,16.5967958207391,11.0602794687,497.481350818306,59.3721130286255,4.55003419149901,40.8114588991782,16.4862515731537,10.9389013816287,488.774176477,58.0467294639598,4.74986712386654,41.1956024618993,16.7291849895999,11.0198315673348,496.574202250804,59.0090277620414,4.68605529858503,41.3201927186135,16.9082028766691,10.6844437634698,476.986756829175,55.060905421097,5.1579131200879,40.6897856391783,17.6150906499884,10.3362185063277,440.76762843255,48.3712425037574,6.00118222871214
999,41.0056312274914,16.5940960259487,11.0976479787138,497.694716379786,58.9967583913846,4.91485268753628,40.7544390081776,16.5589650945865,10.941412136274,486.67659332927,57.2964972692597,5.25326149918259,41.0784956716768,16.7295273575139,11.030999101717,494.076747949833,58.3168320006935,5.09442416391707,41.2910581182792,16.9362134035486,10.6307878080177,473.650359598411,54.201226229563,5.6191791379364,40.6883892898465,17.6551228963319,10.3210947873679,438.764636726,47.8865771714016,6.37919848076943
1000,41.0861140135667,16.6071364764346,11.1224751644536,500.36099722164,60.1056270188213,4.07467675815442,40.8471462163683,16.5921191727817,10.9071548983539,485.759484113138,57.6702946738645,4.42715360483905,41.1885971145986,16.7624361543279,11.0157053504055,494.683192299234,58.8836698377025,4.3450214469521,41.2468538136586,16.9879849902392,10.6228582238594,473.26879036537,54.7587345127711,4.81599224511594,40.5835413118121,17.6423213291813,10.3037957385392,439.103135440505,48.4812489988024,5.52119203020027
