"draw","2022_top_in","2022_bot_in","2022_half_width_in","2022_area_sqin","2022_shadow_rate","2022_count_bias","2023_top_in","2023_bot_in","2023_half_width_in","2023_area_sqin","2023_shadow_rate","2023_count_bias","2024_top_in","2024_bot_in","2024_half_width_in","2024_area_sqin","2024_shadow_rate","2024_count_bias","2025_top_in","2025_bot_in","2025_half_width_in","2025_area_sqin","2025_shadow_rate","2025_count_bias","2026_top_in","2026_bot_in","2026_half_width_in","2026_area_sqin","2026_shadow_rate","2026_count_bias"
1,41.0062805113108,16.682851701179,11.1147261675823,493.586670465979,58.9822881447035,4.36064549779442,40.7258080525667,16.6378758710392,10.9495231996711,482.345719764736,57.1127584460968,4.59844606413746,41.2483337279497,16.7678565475639,11.0748824303731,495.678137639868,58.995013984037,4.33711127886625,41.1230219670172,17.0601838688361,10.5648883423547,469.700536509195,54.0229556786908,4.91254259083219,40.7523449712655,17.7375139845173,10.3211573320143,439.104594342484,48.1391585781691,5.51705246070225
2,40.9201719772434,16.703343273932,11.0810230262115,493.854722598234,59.1061027283091,4.5039020991808,40.6839676075217,16.5778730086239,10.9122366876478,484.49312775151,57.5275964286607,4.70805022830996,41.1913164320646,16.7659174372096,11.0440629545335,494.932688286331,59.0128734905445,4.43241152318459,41.1629359447891,17.0209524266358,10.605826358757,471.246962482072,54.3671660956355,5.01189198590163,40.6603682473548,17.7200496574729,10.3752511492953,438.10876423317,48.0716901519644,5.73005730281634
3,40.9975183642598,16.6445219262436,11.1731355087924,498.338082315967,59.6075192953758,4.38038712703276,40.7599152497479,16.5846808566246,10.9819197736291,486.734459329242,57.6278278575683,4.65889013629064,41.2683377052157,16.8184357299195,11.048522636196,495.644504434266,58.7896477667298,4.5185415033535,41.2448728141851,17.0814794085771,10.6309994870954,471.775325958554,54.2249168111794,4.99444864806022,40.7137866001338,17.6890625497065,10.3155474593353,441.682243893696,48.6145975516938,5.65219239821412
4,40.9637574768241,16.6620255599468,11.1851898034755,495.513235479706,58.9775082766981,4.62456721378914,40.7956485910848,16.6326362915751,11.0020102744472,485.69060200015,57.4053158777843,4.80636603788986,41.1873881646983,16.7673287527529,11.1426920267425,495.927055028458,58.8407811479127,4.67374794749411,41.20986646212,16.9440276510216,10.6811813906414,473.888742552647,54.4749417598358,5.14466095503162,40.6841424335615,17.7588269235403,10.3796529338814,438.813392566649,48.019327440768,5.95976180541943
5,40.9950077136391,16.6912303338183,11.1568247886905,495.53066148589,59.1729195279467,4.49262226384389,40.7050205794989,16.7098827784961,10.9284449409455,480.26951730561,56.6887705648084,4.83096173126126,41.207264713161,16.8288585221477,11.0746845679248,493.25107564213,58.5340136567904,4.54027881576946,41.1757071550091,17.0484547274065,10.6064291311326,470.029379263191,54.028425057957,5.02503352547201,40.7445396299155,17.7375553563525,10.320420542941,437.76910035048,47.9140462955177,5.75665999746655
6,40.9729537974343,16.6345294547186,11.1596283184105,496.647206912737,59.1138033334688,4.81214043880422,40.7560564578595,16.6223850664195,10.9507944069242,484.820864997259,57.1559228728979,5.01008915217373,41.294717017524,16.7844003543498,11.044610762082,495.201465184631,58.4856806776938,4.88685263334502,41.1839315575588,17.014141919835,10.623733296993,472.623630730371,54.1205069027367,5.39137480768936,40.7928693494738,17.6782413780546,10.328404901939,443.457564690674,48.6805521575242,5.86393989049351
7,40.9698794755415,16.6758926330438,11.0964687686912,493.093737732141,58.8448650753085,4.71093986900451,40.8259270429002,16.6700692222173,10.9084222261761,482.665454610032,57.008061647927,4.94798991101889,41.2549434913255,16.8027827544852,10.9806017323102,494.335404988725,58.8574699032061,4.59668506865672,41.2208417639426,17.067348040469,10.6078907036455,471.042792062537,54.1156851621484,5.26604954550137,40.7290055806164,17.7644566582378,10.3112124081059,438.562994219251,48.0406387658623,5.91976095477167
8,40.8453980079043,16.7569156904814,11.125041301208,491.283405583368,58.5503030519921,4.83968407305903,40.7221796779111,16.6628858309251,10.9624884308288,484.605175630016,57.375897978294,4.95582866197058,41.2208301271257,16.8233564932601,11.0242861678613,492.255688686355,58.4146893821289,4.760059656201,41.1350480697626,17.0519269684575,10.5871881713273,468.288971742052,53.7592960724195,5.32008751721765,40.6527227564521,17.7432761205979,10.3412308014471,438.389032490879,48.0296893523613,5.94653816685501
9,40.8935476355825,16.6803868109277,11.0924522298184,492.55376494217,58.9635556335469,4.62321393087763,40.6328465801213,16.6852739069563,10.9135287852547,481.034153934131,57.0724607554779,4.85316457326183,41.133087106206,16.8042111103413,11.0214034500095,490.478921733125,58.4515453766197,4.63565794192888,41.0647306476122,17.0674618688588,10.5524283437248,468.324585315107,54.0078525080002,5.1844401766067,40.571311142137,17.7525274600073,10.3134977297428,437.568242153985,48.254095747296,5.84965808009638
10,40.9932659551622,16.7005821305191,11.0800247202425,492.536757553037,58.8066245604497,4.50468094771125,40.7088009009731,16.6352081301029,10.8993773154195,480.89706282,56.8211098418596,4.8093005870834,41.2823483639549,16.7507264555104,11.0663424605953,496.479120329244,59.2770668578736,4.39397348462743,41.1984508762853,16.974650133513,10.6379860301282,473.202718105393,54.7427884600275,4.89197540147319,40.7178736177333,17.7047039142557,10.3576567349858,438.9249785847,48.2990987512956,5.65511884554425
11,40.8758469308585,16.7307385506169,11.0399961066625,489.195222795116,58.2175028945301,4.60011233555887,40.6549982254165,16.712989464199,10.9250237992702,479.994568569126,56.6610734006545,4.83099185796702,41.1720952228436,16.8339898100203,11.0461125479657,492.23857000897,58.5539310517172,4.48681028827508,41.1936149966819,17.0721249485061,10.4949400883287,467.597475207599,53.7439379858977,5.04739851319425,40.7128900181548,17.702562743004,10.3590521779283,437.357867309236,48.0496676561749,5.72182326332076
12,41.0207666226256,16.6288346469768,11.0632982560783,494.111630216198,58.9556498558191,4.66713599830579,40.7313242180455,16.6285988878624,10.9062409082603,482.381521531273,57.0470112922294,4.95592104662112,41.2895264508622,16.8288903779935,10.9981716595929,493.216929449027,58.5646628940724,4.68930284410197,41.204270237667,16.9957252566381,10.5885104232907,472.056826646622,54.3355164783847,5.1618968731484,40.5788646590825,17.7360767068708,10.2997767294385,437.531068930334,47.9577206191909,5.92488882533553
13,40.9116764098669,16.7816263608371,11.1143839095321,491.088947940264,58.6394897946089,4.65231848874871,40.7225381693064,16.6975112869868,10.9260485960721,482.79416082133,57.2384686062071,4.76339956458947,41.2056245056742,16.8334688961941,11.0656816450558,494.322100384726,58.9753653022133,4.56517216412089,41.2409599741461,17.0608413936282,10.6261389770527,471.808663553052,54.5170691581998,5.03832241434575,40.6078683831448,17.7949540755189,10.3063807211716,436.46835214706,47.8124882807503,5.8957430173701
14,40.8892838340676,16.7001553907471,11.1190581815306,494.20933481346,59.0492292711444,4.52900715808264,40.6792094748547,16.6420898633163,10.9330888594414,483.143923487492,57.1461751003892,4.73488026933383,41.196713018674,16.84018429607,11.0705009695162,494.149304591698,58.6988324170132,4.57680556663362,41.1711856540387,17.0162034488468,10.6295221391649,472.810587544112,54.4722672927875,5.09291465378051,40.6852229894264,17.6776179838019,10.32263137426,438.282823467046,48.0763017169663,5.79866307751009
15,40.9974805553166,16.7506316875953,11.087298078993,492.67948181845,58.7653355338294,4.74628483106109,40.8513542712908,16.6662515708025,10.8776095489991,482.320693094557,57.0537860622201,4.87292494598617,41.2612130397156,16.8465728596017,11.0272848804734,493.169957848637,58.5989323407674,4.70816139652525,41.1502474904591,17.1009887660888,10.5725466407653,469.338854585524,53.8367081463364,5.25967079325507,40.7151204445881,17.7671506311746,10.3016873419151,438.600896857127,48.0749981222064,6.00491931603609
16,40.8614799035856,16.6997778876597,11.109854247631,493.264728920456,58.6743315083445,4.63530272129267,40.7460323679314,16.581208896379,10.9724931519662,485.862878556607,57.3952231203069,4.79412102148946,41.3107398414888,16.7462212513915,11.0680074130747,496.605984049209,58.9068392993771,4.56070901942662,41.2585583154999,16.9701324890774,10.6662452148663,475.389803844348,54.7264891496829,4.98445488306991,40.7500703948178,17.6876153183514,10.33982901087,440.842762274383,48.4205258392083,5.71000658217956
17,40.9763851348817,16.7173280033063,11.1081413063113,494.093465895132,58.9208269781649,4.78542339579427,40.7747980971041,16.6575504241043,10.8987427940429,483.569657335451,57.1780938186706,4.99025448017045,41.1270649524762,16.813432325608,11.0382437517107,492.277561837569,58.5311545600723,4.76280603694368,41.169192720031,17.0470714568905,10.6018613340066,469.624515372679,54.0409556184214,5.28250330866824,40.7652633118993,17.7208687315078,10.2697680794271,437.332084966394,47.7260614560246,6.11088001341448
18,40.9261125147981,16.6650122932454,11.1834845866664,494.522904287197,59.1742331142691,4.53969734979642,40.7092245192448,16.577178688413,10.9803841900958,485.337980391397,57.6391756902019,4.74080946216818,41.1590456991705,16.7241587373212,11.0994171710944,495.393097250519,59.0702274831937,4.49884586617778,41.1875300029951,16.971203139173,10.6367425700452,473.433210768187,54.7101125803573,5.04499955319798,40.648335643592,17.70626313514,10.3625548064351,439.854093804204,48.3839504461023,5.7716093452558
19,40.9511896562945,16.6543252294978,11.0905282500318,494.64033151893,59.1607381909228,4.36862861469629,40.738921158331,16.5835494053268,10.9255608283115,485.375227292485,57.6219077129774,4.53594580271287,41.3070487287616,16.7851044371134,11.0423525222268,497.003303353508,59.2413362315902,4.29524011776468,41.1584182898564,17.0119696433532,10.5612143667261,471.923146147918,54.5209371161768,4.81809032107854,40.796984914655,17.6855428758392,10.3208273410604,442.285485576935,48.6842414524502,5.44863584508502
20,40.9489900772648,16.7269816419177,11.1321718166474,493.276089827549,58.9625690518496,4.76666055295927,40.764786244703,16.6521246906374,10.952676264787,483.836654084011,57.3614719551735,4.92692817769501,41.2109846267528,16.7974297473451,11.0715043458772,494.521059844597,58.8763288575936,4.72250237984099,41.1635031369665,17.0750002098645,10.6099692543945,469.333156832521,53.9093195580557,5.30802640647328,40.7216195954131,17.6651551623089,10.3112693077734,439.398925135275,48.2597553980122,5.99694634316836
21,41.0114577140064,16.6314255087551,11.1213305205529,496.119155027524,59.3939680396638,4.69285401256725,40.8018273630914,16.6083133086465,10.900538888641,483.344897767394,57.3225332558114,4.9272175142742,41.3007397472932,16.7353111689204,11.0798830674779,497.706659571053,59.455183524807,4.60476961188245,41.2821325758798,17.0850139467632,10.6319788393422,473.228956282413,54.4244393362905,5.27003084476023,40.7427902612651,17.7769850587742,10.3291370177499,439.34337326167,48.2204471659875,5.9433568787837
22,41.0363191519696,16.6497835174108,11.1637919897264,498.707783484248,59.8949626700415,4.32209712737915,40.7923708699592,16.6114018251764,10.9332153454095,484.674225625478,57.599767452928,4.6052800666478,41.3203860402936,16.7601245466776,11.0396673964285,498.686068078616,59.616890601819,4.2761334263679,41.190917212777,17.0042225235092,10.6422377725519,472.307873478226,54.5175811324284,4.9925075357366,40.7238537001967,17.6809421564079,10.3523978001283,441.346240306192,48.6672733584521,5.66216504231977
23,40.8718259083388,16.6694746475535,11.1464376739904,494.656108368336,59.322200437925,4.46546371928478,40.7388619425796,16.6231008602073,10.9524155358416,485.205035096308,57.7170639472552,4.64867252376003,41.2039927324346,16.7738975159831,11.0582808526873,494.078471545726,58.9521409649405,4.45654094264419,41.16070321207,17.0549773826729,10.6174309926292,470.755209627189,54.3348810181102,4.97413506329066,40.6896020668847,17.781790344536,10.3346036139098,438.770238839372,48.1185393302584,5.78741127203253
24,40.924634037248,16.6705947271916,11.096357834322,493.321264167988,58.7610156538187,4.70289373852987,40.7069525843722,16.7060283566483,10.8918208618446,481.942936900278,56.9208798578792,4.93592956401621,41.2307364859793,16.7749724861927,11.073975152009,496.461362721895,59.0541539816791,4.58602214121569,41.1522565187117,17.0610831289975,10.586745030758,470.732490552489,54.0841175664571,5.22109759806036,40.626250409537,17.759311262912,10.3297613078493,437.665996146466,47.9921677742988,5.87862899583588
25,41.0145136899451,16.6656474831435,11.1167335228611,495.472803040884,59.2048691205448,4.4062000806383,40.8231083012134,16.6264574993372,10.930669639123,484.313328233426,57.3598576699104,4.63194263617313,41.2565602728649,16.755415192934,11.0012473354155,494.202913786509,58.7530595089742,4.4793971197537,41.1786728312577,17.0530673702684,10.5974488638265,469.239468990167,53.8331920156449,5.00060699990466,40.667781452512,17.7561441624394,10.3416887231968,437.778431124348,47.9459113526185,5.62018494999192
26,40.9503929465571,16.6762459130692,11.1302577417816,493.849078013566,59.0706672763842,4.51870809128705,40.749436884749,16.6378064941937,10.9431040351256,483.755266054314,57.3822994586056,4.69985271161853,41.2037825724624,16.8315796476035,11.0527868802443,492.279762267667,58.4882616999528,4.54263883325799,41.1200697600052,17.0256920220167,10.5854640270748,470.098976723452,54.2361945562504,4.99960733842858,40.7203489019093,17.7627668405767,10.3774856462707,438.823119155339,48.2229122658687,5.68738697071567
27,41.0275055525961,16.7453364981324,11.1047103854932,493.663380093758,58.9596630604246,4.39578893799904,40.7989527278898,16.6323168383517,10.9737052558506,485.682108567054,57.7181678230686,4.51796051756326,41.24297413687,16.8134278907971,11.0669421326986,496.255758939623,59.3180455885015,4.29096926111448,41.2029353818474,17.0839432351873,10.6310870483613,471.918148669066,54.4797392416799,4.8355823842006,40.6906265342708,17.7186271227471,10.3874910824353,440.056663114058,48.314490237157,5.51787665294923
28,40.898037480492,16.6997096526918,11.1381629799067,493.598841251384,59.0181513755096,4.44679954475808,40.7382239059667,16.6917387310615,10.9292143359901,481.328005499993,56.9217180091232,4.70590178678546,41.1884835770496,16.8424962915951,11.0045231445636,492.266186775202,58.4605197976801,4.4867925392324,41.1168494878777,17.1113648962891,10.6234129568871,466.641788116876,53.5286180532305,5.04901694451882,40.6058823924004,17.8062162984796,10.3262627079506,435.230266835889,47.5437936999733,5.66294294109092
29,40.9269190310807,16.6115334824157,11.1151712023383,494.076974569293,59.0914402817379,4.43542483686769,40.7001990244158,16.6327895455674,10.9062224635692,481.393851664985,56.9409272229389,4.64621330749063,41.26029597246,16.7534619890846,11.0612161040618,495.575897859833,59.0619391874986,4.32831829984205,41.2222547633152,16.9532743599132,10.6124884067342,472.464696826037,54.4353722855471,4.91088831015147,40.6499019717467,17.7590381683269,10.3709914235904,440.137921527147,48.4389069567576,5.50620417530939
30,40.9661666923546,16.6349271655849,11.1398315531429,496.699927057248,59.338788267588,4.45593195238028,40.794045913454,16.6216826613917,10.969079574407,485.0614244286,57.3688891005351,4.70797532503259,41.1860782962632,16.7783687066056,11.0606785088212,494.051158784277,58.7185350928721,4.48831698023268,41.2280406609919,16.9637914989848,10.6583377152778,475.345332524681,54.891930195493,4.88609619881682,40.6899140854263,17.7171238424855,10.3451769199568,439.005905724568,48.0398047732283,5.71771915326789
31,40.9562238077889,16.6291735618229,11.1413106819796,496.768298958796,59.538041789909,4.58206401647631,40.7218810759361,16.6563952469387,10.9053833080691,483.333829343946,57.3167077608584,4.87580962408214,41.263877922182,16.756267809014,11.0219312830129,497.868000575411,59.3076951930161,4.53311733287828,41.243440578294,17.0374129570028,10.5837044327755,473.104695843733,54.6658411484548,5.08498413560126,40.7409056407104,17.6939966847269,10.3184907958116,440.181959511474,48.4929166253776,5.79568592979848
32,41.0680047130601,16.6730979936259,11.1665551655811,496.645183150482,59.1980896903169,4.58943831729015,40.8425604757124,16.6083373627935,10.9727260948181,486.505941145364,57.6029726657842,4.73776899546383,41.3058928056018,16.7445410180764,11.074493268204,496.684171977777,58.9543589934289,4.55739739592033,41.2389033924203,17.0278912741362,10.6778941141752,474.182837338846,54.5348705323863,5.09857324403031,40.7516478821886,17.7360087943051,10.3776636243911,441.41200862745,48.4019066989107,5.80122734905472
33,40.8918019763516,16.7231187300633,11.1090735466625,491.662688349956,58.7148600780305,4.55923994726503,40.6997465206745,16.674810768161,10.9296593272525,480.980671517204,56.8761696868642,4.81666324942776,41.1927674363117,16.81617305184,11.0913464359879,493.927328474242,58.8058268254551,4.44072319755188,41.154261056209,17.0258687976319,10.6534572586069,469.885262058642,54.2071819570807,4.96426865898843,40.622849424343,17.7864230795563,10.301030354142,436.509499389609,47.8075914713634,5.73875311096447
34,40.9110285031502,16.7104282745521,11.0608994629143,492.060871281735,58.5910291107708,4.76076799515398,40.7429417825709,16.6339212572573,10.8723004672738,482.992713639427,57.1221772845361,4.91443903420682,41.2602094951827,16.8048639563161,11.0292337184988,496.187908876985,59.0437213142787,4.65259703092276,41.2161475521789,17.0261795375453,10.5864694180416,473.184742669067,54.5590555511269,5.12715597830264,40.7282797090953,17.7130859528333,10.3174285344091,439.00000541061,48.0859882400168,5.90642814226105
35,40.9076963086146,16.6408211296645,11.152819329954,495.809737399534,59.2953894216452,4.39914605964352,40.8034447569077,16.6218812460524,11.0006781210723,486.848882657099,57.7455550644786,4.56968540072412,41.2880633995554,16.7689286694029,11.1086171239544,498.907128929072,59.4453083053733,4.32605418621069,41.2001567591179,16.977679841931,10.6044888801656,471.884257482336,54.3989964714678,4.98061205415616,40.6420495211522,17.7296567784855,10.3106719133006,438.399620646671,48.174796067474,5.68146126404041
36,40.9588544912893,16.6778750316866,11.1174221962447,495.971912727984,59.1814093806203,4.58925217796508,40.8222688825551,16.6111770347258,10.9202336228423,485.387591370432,57.4142257510281,4.82437451089613,41.1861704530851,16.7280557207529,11.0575588044449,497.173885895825,59.238639356991,4.51022935228887,41.2011294340877,16.9908438780471,10.613194844095,474.781204054728,54.8121313288985,5.00352518536492,40.6667401101746,17.7478968661751,10.3013117857674,438.693681165289,48.053094441993,5.88130488009893
37,41.0194735340538,16.699966706172,11.1395042816556,495.112965788176,59.1231030578011,4.49087647836984,40.7994413867451,16.6567133164268,10.9825473686469,484.671933664818,57.32099057138,4.72740199723026,41.2457690505148,16.8094837870593,11.0903335799949,495.180649669866,58.8616297093794,4.51403981896124,41.2186290307859,17.0661346922425,10.6626900955323,471.26782813748,54.1451360104324,5.05358790000605,40.6651024343449,17.7201491709162,10.3459346742659,438.518921229784,48.0848124385096,5.750311718326
38,40.9608759153252,16.6790396163088,11.1276130545398,494.329888284769,59.0127298774545,4.5857889097616,40.7467442990547,16.6533477762181,10.8961514284016,482.88174379804,57.0632606816689,4.89175720878842,41.1709342014649,16.7704821235332,11.0529673017087,492.58436707756,58.5089808907373,4.62314434886678,41.2280102282671,16.9821227149136,10.6259942875147,472.611564617224,54.4574408308283,5.06746035894207,40.7123551954043,17.7042996795192,10.3135158814752,441.315126462381,48.5725825146173,5.77375505687623
39,40.9413837006187,16.7022396541039,11.1284088233028,494.732213233462,59.1708097276157,4.61643374700176,40.7573610016251,16.6556468729487,10.9482854382261,484.741726648994,57.5089144259802,4.83364784323767,41.2370051251327,16.8337538031731,11.0485063569278,494.404086875314,58.8098242002074,4.64639240041355,41.1609180734124,17.0687822099471,10.621925002291,470.614286096489,54.1581683080371,5.14727481111042,40.6476371254107,17.6921810424852,10.3607004068335,439.252679952259,48.3833181370833,5.81717646850943
40,40.8293208060159,16.7414792074004,11.0671354819408,488.279093532459,58.2166918558815,4.74060832960102,40.6456931714835,16.7087445231771,10.8869617733176,478.555441619347,56.5794196973503,4.91027721857902,41.1943508826987,16.7556105208902,11.0515874027444,494.92100061715,59.0484060016738,4.51049124632695,41.1628264068805,17.0171953120663,10.6276765221133,470.346903902511,54.313124637306,5.10561771183432,40.6201524918028,17.775504855293,10.3666591007782,436.713407945933,48.0259025551038,5.77652204672026
41,40.9093004200744,16.7280744846382,11.134204219193,493.047825130629,58.7695031137834,4.6059432609237,40.72363446204,16.6394588280824,10.9478923432943,483.910750078605,57.316967198477,4.77899769552712,41.2282324962293,16.7695231516555,11.0709424410896,494.36852887516,58.7513150307,4.53006466311313,41.190434785577,17.0266302783892,10.6242641880323,471.340304713071,54.1799956987376,5.11475044551735,40.6566998849047,17.7208700175207,10.3696780895661,438.689904658158,48.2970727569131,5.74875219857621
42,40.9635466753981,16.6564649732798,11.0964623835701,494.570761942455,58.9783815264271,4.49045062348445,40.7552478926719,16.6487995444332,10.9344547471939,483.634597447906,57.2397750373974,4.67820387221909,41.2597074709395,16.7879972733308,11.0409302906676,494.995368709628,58.8938206560322,4.40070814490042,41.210236699729,17.0041308289923,10.5669275968233,471.01555663946,54.1490326088955,4.94360548612454,40.7618710149307,17.7303478159929,10.3539416238796,438.152612893567,48.0829384257336,5.61236161357763
43,40.8438871264127,16.7114897105457,11.0887344787879,492.130805392934,58.5753211891723,4.68546474434653,40.7388056180497,16.6743231725567,10.9324445678666,484.486522017882,57.2603996697736,4.89468302629369,41.1601421265474,16.8738287463024,11.0738843208952,495.079812547767,58.7845215906818,4.58678689623071,41.0739046214199,17.0166545759054,10.6034833272194,472.224130287232,54.4092478733989,5.13220119164555,40.606109184211,17.7633096703475,10.3153297241107,435.713279448382,47.6572473936666,5.88688115877235
44,40.9495327815089,16.6482283976494,11.1373145981445,494.301715251324,58.9755257614632,4.45614448519099,40.771700406466,16.6021291455677,10.9400256726001,484.376278678065,57.3895743928311,4.58485597262265,41.2359188339852,16.7287286909112,11.0642738782671,496.770974809275,59.1328365100584,4.30488417765582,41.1853136609614,16.9560698006575,10.6764316020369,476.900945590068,55.1297227493333,4.73849262333686,40.7476566324062,17.6897845775605,10.335359034989,440.271986572281,48.3671128234725,5.50070837941958
45,40.9685018441907,16.6635882376158,11.1159511091215,494.799034329839,58.87945799171,4.42784549781018,40.766235729613,16.6008982473904,10.9261469458587,484.623036282761,57.2022709189868,4.60440483017123,41.3248320472334,16.7392391680364,11.0718890865552,498.36520415057,59.1971341205484,4.28718146290858,41.2587064486436,16.9786440014956,10.6153595716619,474.239798982302,54.5874284843627,4.84990503417735,40.7439892800697,17.6759970658288,10.3630828147339,441.36811505394,48.4243542439684,5.47662853291415
46,40.9734361154369,16.6921067504192,11.1423114277304,495.172764903632,59.1047760409772,4.61485642299305,40.736268583186,16.6644955198501,10.9274270679697,483.233390126523,57.1689714114651,4.81547678880802,41.2309850400755,16.7928508734418,11.0611714487846,494.749313507324,58.8675208891908,4.59496173801237,41.1823402147795,17.0930105675614,10.5789393281047,471.651805915016,54.3774981972618,5.07475174522234,40.6719853025996,17.7554039767978,10.3209390675904,438.733283800826,48.1547137950235,5.84120540836856
47,40.9695874153513,16.6579408364243,11.1294455713924,494.381125589099,58.9853317407218,4.41708615615417,40.8024848651771,16.6458751967553,10.9280204831875,483.485765035755,57.1134610092865,4.63546916592185,41.2532195464703,16.7430874189278,11.0811346732837,494.025091061844,58.7574054292311,4.39748756806926,41.1749802218128,17.0357637224512,10.6399190187481,471.263450581081,54.2492983593136,4.90992792321188,40.7202371039444,17.7719586688156,10.2554071112768,435.848140595608,47.5671175182481,5.55160867927985
48,40.982757945783,16.6361798794141,11.1696330480245,498.625803603599,59.7634669110986,4.53739811306507,40.7483988538889,16.5780079720925,10.9513749784369,485.386583469614,57.5964856586734,4.88496422794531,41.1986666574126,16.7720006479771,11.0877200167585,495.428792470942,59.029194132589,4.63153892152668,41.2823823992741,17.0247963234791,10.642919857937,474.032031389671,54.7880117270152,5.13813959741726,40.7810469866131,17.6758318535159,10.319811993187,441.578785351163,48.7386023634258,5.7947091284839
49,41.0093856129907,16.6222054528833,11.1152989995424,496.884239845319,59.2544626907486,4.20684492317409,40.8404960069723,16.5979397510795,10.9723734781096,487.866026392693,57.6787112428011,4.39916646077894,41.2653523309794,16.7648193456824,11.0911524672807,497.34452736641,59.1572353268273,4.12861246714992,41.2146306252238,17.0285818437127,10.6386996356007,475.035093365748,54.6543652827121,4.67855162328311,40.6207294781849,17.6764561624132,10.362185174943,439.599159188965,48.2783588347625,5.35568376326432
50,40.8651220449921,16.7613113570039,11.0506663570663,489.226860324999,58.1278210454399,4.64647860141848,40.6845944230336,16.6930307690765,10.84365640781,478.767520826737,56.4692862053028,4.82627526326523,41.1904957797009,16.8291928708333,11.005532559639,490.293828903701,58.0652867527644,4.56860639017483,41.043538958688,17.077333599046,10.5175401373613,467.393107099071,53.5463493079621,5.01307720221517,40.6671328069531,17.7391113378629,10.3047755899307,436.091240359141,47.7355810186531,5.65078084096405
51,41.0319303644528,16.6470330620123,11.1206760759265,497.518344273158,59.4317266378975,4.37049076056916,40.8272074200822,16.5508623307253,10.949149151712,488.002038979965,57.8581290191174,4.58229582583535,41.3072583487809,16.777547285322,11.062207961306,497.480951762529,59.1980058442206,4.38154544594009,41.2575802921988,16.9879192329544,10.6401567686198,474.950545173967,54.5733230384996,4.93960267070607,40.7603563345099,17.6970673967386,10.3476052228514,440.092086647933,48.1842247850357,5.59365415222192
52,40.9328809836238,16.6787126850121,11.1225548083194,493.481843826801,58.6080525445483,4.49167688633401,40.7515080550273,16.6364310565668,10.9693392824187,484.482954776402,57.1036875827571,4.67514776340239,41.2430040586181,16.7378139542599,11.0658169321851,496.955068998626,58.8571969471653,4.39649096961623,41.2153718891503,16.9646047738144,10.6566992129269,475.0222794974,54.6133055684469,4.8674242812914,40.6885853459892,17.7724500497149,10.3186652787913,438.535980611936,47.9231795814368,5.63854238323166
53,40.8957458438143,16.7392304863257,11.0911959725006,490.843535751489,58.4431961164164,4.60678140506921,40.7309085641281,16.7121820874487,10.9004232267468,480.694917206991,56.6938843650675,4.77156865286542,41.2220328033132,16.7998908957231,11.0429700090663,492.828050707061,58.5447140007575,4.47725307398008,41.2879499191002,17.0496502949548,10.5699382686207,472.143005131715,54.2892662011916,4.99936200263424,40.6887182565188,17.7168337983586,10.3193417518707,437.628082147724,47.9858415819188,5.66443908022254
54,40.9582498036002,16.6960520025361,11.1131936912646,494.589868106668,58.9936686462559,4.47087309722524,40.7431939857158,16.6339188080263,10.9468305806869,484.39950085719,57.3248313341865,4.6576611554701,41.2598669207185,16.8065441482067,11.059668371388,496.880674783511,59.1119753656457,4.41437687976033,41.1501092916446,17.0356413008989,10.6548210244169,473.32425983505,54.5149975585513,4.96529819011366,40.7280895010084,17.7094422598479,10.3582575242464,440.016750804279,48.4029674559443,5.63550541918971
55,40.9373136049989,16.6276689199876,11.1407796495453,495.365275793489,59.2189809589081,4.32318148280465,40.7640727616372,16.6300018106023,10.9717548496697,484.497985698046,57.3554233846874,4.56296078800255,41.2127114985958,16.8475574406297,11.060448399979,492.566134301849,58.5084596549584,4.4133286397297,41.1616206388813,17.1060676016274,10.6231823376327,470.442992025962,54.0321778966367,4.87712774520764,40.6582310355014,17.7413378428224,10.3624750155621,438.743021081213,48.0762822751751,5.56595981495066
56,41.0153080232926,16.6690822196654,11.1175730988624,496.420010197884,59.269379167972,4.35818303745742,40.8102694533669,16.6628149429809,10.8974437519735,484.23819563179,57.2879145196316,4.59373605265487,41.2392265718115,16.8038737411748,11.042992515131,494.04400377635,58.6145465300431,4.42507526959493,41.2458138513702,17.0153434791238,10.5692366447745,474.642854209094,54.6293204037571,4.80879555832639,40.7238779569568,17.7775831998726,10.355117089828,439.419920164627,48.1880942089122,5.44099419146062
57,40.900795379318,16.7619881828899,11.0813321563566,490.78731301634,58.5412878823143,4.49405208656951,40.7617958264897,16.7001700109093,10.8735448553352,482.012087303308,57.0863629649242,4.62223507946375,41.2044132121913,16.8694378702066,11.0278998345883,491.477548506635,58.4572641689236,4.39177663993745,41.1480077595365,17.1347331687299,10.5482757527994,467.514737916118,53.6951296241259,4.97657185258188,40.6244426418761,17.7403228375754,10.3163583195568,436.244271926446,47.6938799161018,5.62600980257439
58,40.901779755686,16.6327445676997,11.1395369184561,494.316991969248,58.9405263601587,4.58147883406686,40.7480266043412,16.6636476863157,10.9501452729459,483.40400882599,57.101524270349,4.76565070185708,41.1191396282037,16.7798132422528,11.0700455093466,494.679744993186,58.788583408682,4.50579330077447,41.1756178644488,16.993851648408,10.6709670618182,471.755929870964,54.2400950226309,5.00910561256545,40.7249336598392,17.6966459817489,10.3440686668606,440.466374278931,48.4074289835501,5.64129331769133
59,40.923558325697,16.681436968503,11.1011600697045,493.499527059341,58.988251816157,4.66862389969892,40.8054398668588,16.5825905884146,10.921274084964,483.478323793145,57.2592224023491,4.84281054038954,41.2246508553099,16.8386210164298,11.0572273089707,493.196291814916,58.6599821587524,4.59411879673338,41.1312555936622,17.0507969675087,10.5855560868399,470.784070363801,54.2026938486267,5.17669822316538,40.7485721950433,17.7444818067694,10.3676399050935,439.189153296061,48.3359378917347,5.85803407892148
60,41.0441776998833,16.7079629976696,11.1440630492294,494.397309526086,58.9140962031885,4.84560468585264,40.7398511129348,16.6444899780107,10.9526530449748,483.242771981307,57.071970207055,5.06159975745253,41.2636059133489,16.7968231059895,11.093280840944,494.041232008676,58.5948781113725,4.8178915133582,41.1879450502581,17.0220744594637,10.6220316739613,471.74365928575,54.1930778535768,5.36792375629107,40.6865354200253,17.7203646476187,10.326183439239,437.164538070174,47.6989674708945,6.17787236248277
61,40.9267084015634,16.7100648890791,11.1087882959224,494.151080989023,58.9027940289053,4.69072287164086,40.7806271713961,16.6398887763915,10.9189492246953,483.321924681483,57.1294344821268,4.89052361286979,41.1537900033693,16.8279527188436,11.0271218867588,493.673447333493,58.5133590315458,4.66554073726082,41.1366875111085,17.0789829725397,10.5509679921969,469.501614934149,53.9332438108183,5.23480100188804,40.6843116088872,17.7713935318567,10.3347794856251,436.317483064208,47.5920091578491,5.98157268832842
62,41.0592187689896,16.6038851198137,11.1853607439769,502.026231454768,60.1047938669751,4.31413806610326,40.8139719048371,16.6292181919104,10.9446215157668,486.823061969678,57.5761521751408,4.67767900702608,41.2627076737267,16.754260105517,11.0742849574631,497.178263288986,59.0068050849303,4.4811246407585,41.2127200609713,16.9449683486697,10.6265428287032,475.993549287686,54.90330265712,4.97740049456242,40.7373251857322,17.6557385059933,10.3567937331173,443.14365732913,48.7899721816785,5.5852151829805
63,40.9787576609005,16.7168890925675,11.1313509471825,493.771012151082,58.8941437337115,4.53707243621179,40.8004466973223,16.6045801178786,10.9636939205395,482.950112723281,57.0487908092436,4.77193101854054,41.1592629338898,16.8595341412968,10.9919512222894,489.560150552763,57.8814522704303,4.6484160366957,41.084619124344,17.0503376755584,10.5846358586937,469.769596356618,53.9283330756812,5.03963841683206,40.6714597292301,17.7674276212066,10.385545891679,438.515048911861,48.1618214899033,5.7251909271956
64,41.065791145075,16.625487210226,11.1768073884046,498.620414692519,59.7273056162117,4.33756221651655,40.7661839753322,16.6001957076194,10.9806576294111,486.005706119077,57.7187653369157,4.58966078865211,41.2504631648849,16.7127454922215,11.067535141308,498.889465907484,59.5599590204912,4.32915204901608,41.1696085200967,17.0608445419263,10.612024587708,471.908486726675,54.3722611508722,4.88383321499852,40.7330105818144,17.6804092029144,10.3837291484031,441.816181298582,48.7561566152894,5.53703778029272
65,40.9773186939986,16.6735036014827,11.0999719943022,492.868446559215,58.8260505612887,4.24171865005762,40.8030302421878,16.6719994609265,10.8865105024318,481.323992788596,56.847589709529,4.47204380857511,41.2005729703845,16.814970837264,11.0305097005566,492.768464734646,58.5391999924698,4.23577434972101,41.1720684734231,17.0715966709576,10.5572385397183,468.417244009713,53.783281029792,4.70365281017616,40.6999568819878,17.7542006703511,10.2947262697847,437.710962463276,47.7833881921742,5.36817501501157
66,41.0025222034378,16.6704683075417,11.1165787949658,495.911344846987,59.4062878353994,4.65653321438181,40.7977324443906,16.6089888758596,10.946036451197,485.103289629517,57.6448164507398,4.87648330757438,41.1775390625901,16.8344641791592,11.0291221614697,494.649625722077,58.8697381690992,4.7576524914512,41.2011597401664,17.0518463861116,10.6069262530475,472.988219321487,54.5199655035958,5.21796798034064,40.6679428486957,17.7323779880709,10.3644189021954,439.585629842488,48.2245257914276,6.022015781777
67,40.9628528831747,16.6678038915735,11.1358498742615,496.813374151502,59.3408116897299,4.60970599055471,40.7685355070996,16.6683755791381,10.8801373205535,482.793787756309,56.9798500545002,4.93183862097747,41.2899780419478,16.7528519611759,11.0364206839682,494.718895999541,58.7268517755662,4.61147520129136,41.1390664408956,16.9924171241844,10.6146912188129,471.346205292869,54.3201098362181,5.16978790492603,40.7571508958675,17.7320446541339,10.3356888140825,439.219976598297,48.2784805772266,5.84464698218385
68,40.9288300352846,16.6870014198709,11.1040846169459,491.067707657587,58.5672229111617,4.79823812504097,40.7183928931767,16.6288038113567,10.9189760286748,482.365957984926,57.1220472298817,4.92706170528175,41.2475299263491,16.7478265757263,11.0560283423241,494.497125728939,58.9134279495236,4.61043699421693,41.1935561618503,17.0139461338918,10.6143646305532,472.105918043842,54.4979248885885,5.21638387700359,40.5897425667973,17.7820611351032,10.3246043549433,436.708965951948,47.9047434267709,5.97551516530643
69,40.9633626675044,16.7597045195235,11.0520289209196,492.017863001734,58.6933846191884,4.6165563379598,40.6634765831841,16.6497288187764,10.8780207674135,481.978597740122,57.1093608302121,4.84132691690683,41.2091369094399,16.7700215535556,11.0365293461493,496.400863680374,59.2469402076763,4.52502261312944,41.1612476226177,17.0288452006745,10.5977665387147,471.457326346163,54.4297527406893,5.06960897807677,40.659198256003,17.7189462935993,10.3748334471788,438.692986366766,48.2988182601673,5.80526525460127
70,40.9367537739176,16.637332875611,11.1331103248451,494.907837316193,59.0425254993709,4.67491289100933,40.8099288379725,16.5539220848062,10.9785176187199,487.045783746094,57.7218378369036,4.83617931853292,41.1536801493837,16.7419999513606,11.0587483259952,494.320626142748,58.7327689617217,4.67301272842774,41.2169255002434,16.9921534080246,10.612519454544,471.317433910313,54.1672540627021,5.27663914095593,40.6536413744557,17.7206866048859,10.3505509374499,438.501403658424,48.0599840293707,5.99786595871782
71,40.9386198829525,16.6692944500751,11.1505257363036,496.103291285917,59.1689334288346,4.34923891097105,40.7239373168106,16.5576832224338,10.9782009815875,486.234771762461,57.5193984029615,4.54269413932622,41.2071712424938,16.787980473016,11.1100912402355,495.951317569346,58.9036543135143,4.29803714923893,41.2071374496698,17.0012836257758,10.6726841158017,473.743704626626,54.5316068121258,4.83302772863691,40.7743810702045,17.6772009830014,10.4104723872088,440.35593675145,48.3671342240252,5.50264425570276
72,41.0022651620586,16.6324125309588,11.130585733749,497.223118961988,59.391905579459,4.69494645611717,40.7194654313096,16.6724382844849,10.8887875066727,481.649798251877,56.8709690328437,4.96326038740702,41.2273700643205,16.8487284083314,10.9878004201199,492.390739003117,58.2809512178878,4.86350225394338,41.1580824971601,17.0503133744511,10.5841895945726,471.223422661689,54.1775864303937,5.20548599094349,40.624958941384,17.7720751692095,10.3070422180621,437.217436788945,47.8631607268738,5.98687238229466
73,40.9258634504942,16.7560735932647,11.0961476805401,492.98878331621,58.7732194494844,4.50437136009291,40.6963896119362,16.6907320121312,10.8936698000632,481.160639176175,56.8987568408096,4.71371673332668,41.1533971154409,16.8338021647684,10.9939970674781,492.320130905062,58.42362640623,4.49922642133182,41.1818814756825,17.0742879250047,10.566760049153,469.422109185003,53.9534429184614,4.94780313977017,40.692477376747,17.7352379936004,10.3086007089062,439.515264608344,48.2514540731487,5.6197336930335
74,40.9842909629407,16.6380026184498,11.1394615362735,497.272618326784,59.3473698284289,4.53948011285614,40.733703933775,16.5797946234133,10.9140209706669,483.898658869661,57.1282654175351,4.83924241720802,41.2371522764526,16.7710794067976,11.0624898531799,496.546636297241,59.0139603869412,4.58054336331683,41.2123056734545,16.9623637013495,10.5896980633035,474.24604291548,54.7038062168938,4.96065329109986,40.709484850978,17.7134531503341,10.3015786511117,440.148763003944,48.2920149771172,5.75316160990715
75,41.079947109439,16.6320486719785,11.2105797168558,500.411230115069,59.9187663918336,4.11321710509785,40.7764586579082,16.6289381603241,10.9901846921945,487.078607256857,57.7669495256624,4.39937322526831,41.216072928185,16.7382019702037,11.1258317261736,497.805738556281,59.3597037185524,4.11831258438673,41.2222899988344,16.9680422041951,10.7135792429275,477.298975030704,55.1395894427593,4.5962282575714,40.7649506667725,17.7092952064862,10.3899641439315,441.257887660044,48.432058239441,5.31543818389042
76,41.0051219985021,16.6692354724502,11.0959143051889,494.451628697013,58.9748036307042,4.48422138508896,40.743488159152,16.6011538676878,10.9288941495352,484.700395370835,57.3796399651504,4.6394195599717,41.271227255531,16.8034798510931,10.976250029976,492.298104913667,58.3596216235423,4.51002487740135,41.2447025162044,17.0153895841492,10.5968571315524,472.461075812903,54.354328720179,4.95287199083093,40.6740401047111,17.7663353326503,10.3466889381994,439.459892082367,48.0374942331347,5.68475922298402
77,40.948648339668,16.6703533279218,11.108226661151,494.348399444358,58.9720937793973,4.46694801549843,40.7104544894257,16.6890878029671,10.8883790934878,481.333670442374,56.8659527025676,4.70904995553512,41.2523816024717,16.813943503091,11.0586369113535,494.725784448345,58.7112461325906,4.47590223278192,41.0947608683483,16.9956623367367,10.6138760977953,469.757430458826,53.9674860059319,5.01434869209691,40.7160330324008,17.7739910917009,10.3510850321896,437.462092078781,47.7738181194984,5.70644007862061
78,40.9737523145921,16.7240236345042,11.0988484721066,492.294200767948,58.675918172529,4.90846628308092,40.7075327964703,16.5965508476166,10.9436310908498,482.728226358613,57.1227615277841,5.08949240026204,41.2221416839117,16.8630655574392,11.0046080819452,491.058711651892,58.2611162773325,4.89393770414455,41.1311031211572,17.0591481410098,10.6217192225523,470.069647844848,54.173033785324,5.36248606448377,40.6589224436737,17.7733959698839,10.3641357778945,438.055085660038,47.9876156793869,6.14187713153472
79,40.9484591636278,16.7039558151922,11.1537556537998,495.227693811217,59.1882325130269,4.63386925389527,40.7940327887516,16.6138407815718,11.0078795481865,486.545503230011,57.7589806785799,4.78974757844972,41.2372505993188,16.757657152023,11.1150632811594,498.24483273733,59.4178371658791,4.56828500374241,41.1799523250043,16.9428804427546,10.6401657596771,474.365235175804,54.7734945395876,5.0751157759406,40.6508726011415,17.7308235020356,10.3395407663726,440.392725769439,48.4201165580879,5.8270430876984
80,40.9955115193174,16.6720483192076,11.118949778104,495.638872808247,59.4490178819727,4.58215111833293,40.8132250957623,16.6259796985247,10.9543574008763,486.090005579206,57.8778731915074,4.72315916294593,41.1655499306166,16.7964879761268,11.0437906974601,493.869150712415,59.0348702894116,4.56147883891545,41.173345132551,17.0091400444255,10.5822170108898,473.043200396187,54.6709439848397,5.1088493923287,40.6435124092,17.7003203506478,10.3942299769612,442.31975941403,49.075264069382,5.73323508818395
81,40.9860480200032,16.6072813241415,11.1261472077127,497.301991316489,59.5859562411626,4.30778048807693,40.8042755200316,16.584439842978,10.9568518353382,486.602015572226,57.789070718113,4.51008525779661,41.3075887978598,16.7532811593994,11.0610001904107,497.183317962748,59.2889353474438,4.28445393937793,41.2265793950072,16.9978451213349,10.5955019907025,474.21017338508,54.8134100832139,4.77564902331627,40.71774550462,17.7083416086118,10.3593788699134,439.247044637342,48.3320058157638,5.50048809972181
82,40.9337515918236,16.6853333528358,11.124041535119,493.038356733333,58.8660839222592,4.47635431592051,40.7638499699192,16.6556516816067,10.9335046241152,484.059693751182,57.3636168302556,4.66047277745228,41.204639463433,16.7396967531336,11.0798057923329,496.253625697673,59.2027033562663,4.37230324623653,41.1659552414253,17.0414511119337,10.6495246037446,470.406991096971,54.2770211794744,4.92333948116143,40.7046446902642,17.6769045958478,10.3241156812967,440.774096389118,48.5908552122296,5.545025396703
83,40.9565068538614,16.7010591485583,11.1077641816372,494.481861354122,59.0016417940378,4.67399127986254,40.771355352508,16.6200281981215,10.9428276342892,483.785909595984,57.2527204968395,4.86448311152665,41.3036281263202,16.7985857063754,11.0411462023938,495.848405571091,58.9036608292038,4.63772830241144,41.2201336585479,17.0148278888716,10.6432401210118,472.71809592305,54.4516391219943,5.15849761148052,40.6077464787923,17.7654942662239,10.3480342999047,437.823342025967,47.9762463410692,5.89593624569654
84,40.9492596687139,16.6473929706364,11.1365580499851,495.408288581574,59.0511390439768,4.50534246136223,40.689114839482,16.6464010443771,10.9091550178275,482.585713906004,56.9214162876042,4.77480255425995,41.1696081089275,16.7533865108385,11.0712482886868,496.749570303563,59.0100202852711,4.46241370117226,41.1872129717739,16.971393048548,10.6184585747957,471.983565489154,54.2080581748336,5.05970627588726,40.6958805541957,17.7362466244007,10.3153553740432,437.759482125728,47.8195193139995,5.7417901116316
85,40.971843017259,16.6664309181284,11.1661986604145,497.681801923927,59.4676004083379,4.46618974770497,40.7425852479054,16.6949207198053,10.9771361452694,485.53115699414,57.4153699960188,4.72170068027118,41.2400812035649,16.7617512035379,11.1254545126727,498.619520014928,59.3729426866177,4.40809759330139,41.2123455400849,17.0495903427732,10.6344268582799,473.752381432358,54.5155678375007,5.00321625031324,40.6469609904694,17.7374556611323,10.345558157312,439.883489459148,48.3560353130826,5.62400229856513
86,40.972094629042,16.6695598881815,11.1444298284877,495.458984667871,59.0127767028622,4.54445341736778,40.836460064572,16.6261377922976,10.9423060048598,485.90605756203,57.4466743034594,4.68868184685927,41.288880144638,16.7513819190262,11.0777302828308,496.019704639987,58.831518158066,4.47981353844852,41.2795331065738,16.9518021735733,10.6032897159023,473.313728526657,54.4002798814254,4.94220970517294,40.7111820915557,17.6410300759199,10.3456119809739,440.355247991223,48.3491633649569,5.67692796577072
87,40.8930779504711,16.7316515289443,11.0440580099421,491.818083824518,58.6987308436148,4.78087924786627,40.7652314980978,16.6535744980326,10.9005899177192,483.795473751095,57.3566955348717,4.91641281370615,41.1788697967298,16.8802717517861,11.005718213082,493.193541364979,58.7053688351104,4.67436771333653,41.2196609829925,17.0404657014131,10.5399723824341,471.894552623404,54.3688174642323,5.22510433526634,40.6856005269542,17.6937154327309,10.3619949281227,441.087488468348,48.5454829471205,5.8727978412355
88,40.9172488291197,16.6780565878148,11.1039374084631,493.836417128305,59.0569678606422,4.65194474123986,40.7151032581054,16.6281952629148,10.9529269015555,484.377473091743,57.5012701313088,4.81201846615421,41.1924004942421,16.7946036564412,11.0614988374478,494.554389704581,58.9749015956667,4.60574477548501,41.2124105010526,17.0403403423604,10.5680511299102,469.83482905687,54.1731637543896,5.13370799742099,40.7061530263962,17.7836866765029,10.3241389380022,438.612378447661,48.2149044952201,5.80661217290332
89,41.0192406553153,16.7320445269859,11.1467602311376,496.272861473422,59.2490392054529,4.50139995446577,40.7564261870551,16.6540035786199,10.9285596346459,483.34610467578,57.1065392473454,4.78248172143072,41.1992862507862,16.8087013982179,11.0996131431349,494.941930124026,58.8243993787499,4.58600000338073,41.2361842822275,17.0361637538141,10.6051966223532,473.287635562773,54.3805295969961,5.09243901572339,40.6837792382596,17.7788779657849,10.3665312351917,439.026508704696,48.1016264760396,5.8104578057782
90,41.0226606475083,16.6825838315129,11.1024522593103,494.17761691797,59.0041833020795,4.60335137547104,40.8021106486811,16.6272704938035,10.9376003152782,484.786884659388,57.4502077079165,4.74362185589818,41.3349318530768,16.7635381454248,11.0254148055268,496.060645820723,59.0120629817981,4.51847078217489,41.2794749141485,17.063126245392,10.5754896742847,471.906227155224,54.2682695911447,5.11506796275205,40.732560357081,17.7143554716628,10.3376338859184,439.658252361123,48.2762688887321,5.76590975593703
91,40.9221276865127,16.6616592062618,11.0866599409223,494.465539826379,59.1772105993885,4.42488165769282,40.7112613792292,16.5838220708021,10.9311264652859,484.950601182582,57.5899233626796,4.63797273867815,41.2309248821144,16.7829437857879,10.9953481293515,492.804402499594,58.5822318699032,4.4890391970018,41.1321471966536,17.10712136044,10.5760408131109,468.29678441079,53.7975987304489,4.99383454863789,40.6180233351915,17.7128653206296,10.3010220385969,439.426467706594,48.465289176643,5.60006249398775
92,40.9966403408692,16.7117436161459,11.0991699793614,492.828834462309,58.798180985328,4.62663652221109,40.7857874591753,16.6286813617446,10.9518205627515,482.284003302947,57.0702017143692,4.79619874112797,41.2816854855358,16.7564562967327,11.0835113616581,495.882720141966,59.0410895127054,4.55813414342483,41.223626854911,17.0529481847326,10.5746159219859,471.170411137393,54.2119935636474,5.09068557579282,40.6620409122894,17.7520972216316,10.2854559663226,435.797399225244,47.6913478697853,5.8540367030311
93,40.9773745535651,16.6689225610049,11.1532952526254,496.155684361589,59.3948359624524,4.31032599034934,40.7460054105166,16.6386203199687,10.9356264311519,483.425600918007,57.2343458523515,4.61209586563404,41.2541495656863,16.7822847574052,11.0503381547724,495.078405022602,58.9344475561058,4.35628710384387,41.2150548797937,17.0166087894866,10.6215183933111,470.913995810942,54.2085752089368,4.8982357486771,40.6470434487883,17.7182956061273,10.3435830249759,440.185936810663,48.4633237966966,5.50388692132016
94,40.9156250620139,16.6238253697567,11.1239019614416,495.220629932232,59.0460042863961,4.34430063431599,40.7410478717457,16.6020907225892,10.9284384779127,485.128235691927,57.3693124294898,4.51780528960308,41.1164519474753,16.7738130214892,11.0527260257655,493.018859792147,58.4304748287265,4.35100189111218,41.108080517732,17.050667721082,10.6093298355854,471.62206511798,54.1141675050037,4.8757098498906,40.6269604379822,17.736805497943,10.333969817155,438.255359667708,47.8803816612894,5.56985278346753
95,40.9718279134651,16.6469475448558,11.1238963325259,496.171763852788,59.3140792682513,4.78639166479285,40.7737670779231,16.5720101774675,10.9303370294369,485.698546696646,57.5797842222345,5.01080864974625,41.2590799988816,16.7700176953685,11.0183019130037,495.70660388337,58.9557190391997,4.83220831654771,41.2242316456072,17.0496964680854,10.6088371187455,472.284882877325,54.2870176807185,5.3756384459158,40.5756794804659,17.7546262104084,10.3023244031107,438.495091175334,48.2225188765035,6.11491882668206
96,40.9666333734184,16.5987787315324,11.1809485247389,498.950160579983,59.6065111121476,4.6338961533976,40.7500446255004,16.5533101692955,10.9958432169866,486.601509194287,57.4711509206734,4.91607114750659,41.3317670841168,16.7468663380005,11.1179941877954,499.727219762315,59.3692845318685,4.6367127249157,41.223506092239,17.0413098048038,10.6703658760858,473.986643289779,54.4931699249623,5.18391361392352,40.707575081608,17.6661888145004,10.3846956479531,442.128853564002,48.4996596465818,5.82963899459187
97,40.947652757309,16.7423592743595,11.0825634280639,492.786096611544,59.0106751480826,4.61027291748892,40.7714452371722,16.6342448416202,10.9259674270009,483.846223623462,57.5744100456187,4.78553999951322,41.2729286613759,16.7813017683675,11.0324231992274,493.461709394355,58.8364825974147,4.55720116676915,41.1036931965506,17.0461230559992,10.6130680270069,469.613131357944,54.2134098948513,5.11402423779098,40.6438885570372,17.7395388077901,10.2830575456166,437.64025991374,48.1025569821329,5.79621195728295
98,40.9952862531232,16.6914724499334,11.1210061803633,494.892006502979,59.1622279801309,4.46755635629304,40.7019435399515,16.7131147548848,10.9111936885926,481.124477456831,56.8524542953613,4.74854099303982,41.2236535741906,16.7877104121028,11.039751396172,494.17031481974,58.8195437335941,4.44171784208377,41.217633170766,16.9847244342267,10.6215877529945,472.834857909911,54.6558857434457,4.91168589839265,40.7355967132252,17.7690351897251,10.2597761700761,437.006171728818,47.97817641969,5.69202336218919
99,40.9703886747808,16.6732919394227,11.1300333336338,494.429683153001,58.9631817128046,4.54521163712066,40.6897356636638,16.6882129380363,10.8982787094104,480.993887617879,56.8031221441098,4.79379584444304,41.2311950711074,16.8163861200463,11.0349569871744,492.885622282506,58.5006648275865,4.57691482387027,41.1726940852314,16.9871933571852,10.6217527626981,472.091503483039,54.2720647482478,4.98184971426575,40.6490284967397,17.747579055889,10.2893766121208,436.708765439785,47.63320131666,5.76837359211727
100,40.9388058690035,16.6704739777853,11.1254426011182,495.6125998983,59.3559969450033,4.57048205779816,40.7492493694611,16.6495306259327,10.9151018036973,484.013808755874,57.3082217719575,4.88556335708934,41.1833249141132,16.8191244804913,11.0403058283128,492.454582954741,58.5810880818032,4.69122847428832,41.1166178940382,17.0218714506264,10.6163395306706,471.569571093422,54.3460393475645,5.13749544369148,40.7670100883642,17.7566124586188,10.357162604066,440.62746935171,48.4712848744454,5.79571700798256
101,40.854084909077,16.6567230152536,11.1240964723025,493.456329245098,58.9764521762996,4.80922910741818,40.6566814231217,16.6858456042529,10.9604805173694,482.563200297717,57.0944188765424,5.05489080215344,41.19003189954,16.7735891128507,11.0893491384298,495.19503326679,58.9734654494149,4.684061772109,41.0994164939833,17.0583686321146,10.634992913392,470.36676166585,54.1358461236811,5.26511862553372,40.6408655269892,17.7467048583191,10.3908108916968,438.802807983904,48.2795120403988,5.94412139310974
102,41.1001220866209,16.6346778397733,11.1185525067554,497.213390917578,59.2948443154304,4.50480921199798,40.8195380407773,16.5859129554872,10.9292802496132,485.63748689427,57.4499815993838,4.73968036873091,41.2494805888706,16.7888572755747,11.0832738930602,496.953537646396,59.0928185260948,4.52095884079784,41.216930610128,17.0215632019052,10.61655464338,473.142076900328,54.4447632410125,5.014125613847,40.7773519861362,17.7337330797368,10.3204964021956,439.024232172885,48.05211529416,5.72490164013194
103,40.980084235875,16.6787727127975,11.1005688649787,495.220378134502,59.3176508275782,4.6162308800556,40.7996291263684,16.6247188693347,10.8955253099635,485.554747790283,57.6895433227802,4.79589825350577,41.2811724384264,16.776686477449,11.0751934745471,496.187239245487,59.2010024548066,4.59975031344186,41.2110971540632,17.0141414909182,10.5569132305905,470.177922919573,54.1831856055854,5.18872014278372,40.7795353527091,17.7837812295981,10.3846081949153,439.335806578714,48.3252719884299,5.89150509742397
104,40.95832197921,16.752036726477,11.1317643116518,493.576622546579,58.7121987420182,4.72791408944632,40.7625276300169,16.6131942751502,10.9858129726255,485.26488453217,57.3280025441074,4.93674847710132,41.2297624140183,16.8296299880052,11.0875543499365,494.281853322999,58.574270500727,4.71901113432152,41.1827342150943,17.0371830847246,10.6365054647362,471.482617673353,54.2226963608198,5.2255223014746,40.7080573114285,17.6914825577514,10.3939661675377,441.662203979947,48.5483076796602,5.86335578898237
105,40.9395956970453,16.6311737640737,11.1163583381973,495.454005746263,59.0577407281141,4.59378432845915,40.8100508047241,16.5944140695513,10.9386955389568,486.397683888721,57.542984622494,4.7343301963487,41.2738862834149,16.7296140229035,11.085410247305,498.778621620538,59.3715434754272,4.43995525239442,41.246042258412,16.9221853395801,10.6472959641629,476.185190901652,54.9841190981792,4.91071490963146,40.8135820086789,17.6610662997951,10.364882493759,442.478605851035,48.672643639472,5.6028889225452
106,40.9884262580207,16.6599554341436,11.0954837776514,493.500196646246,58.9967158872744,4.68266209564141,40.846796219705,16.5969378826132,10.8970612596809,484.50961410372,57.412570399988,4.86996759952586,41.2945856930328,16.7540601029361,11.0069360286043,495.024491721178,58.9313333795251,4.5737036386145,41.1592017066998,16.9544317163638,10.5801281151643,470.807321306194,54.4159895431559,5.06716881849728,40.7452936740359,17.7086243791284,10.2609712538969,437.8305351509,48.1177538290574,5.86760631890377
107,40.9125978796816,16.7546325479757,11.0684642160114,489.823042393738,58.3884686923963,4.79900572924625,40.7553590585836,16.6850155730001,10.9133988993513,482.769053336134,57.2342382641068,4.90531551976987,41.2260685028895,16.793137993145,11.0404098550461,494.332449988158,58.8748416553996,4.65014902004217,41.0918349890232,17.0925536357459,10.5929009566324,468.283948464269,53.805460330239,5.29111440706962,40.609180309001,17.7584549582933,10.3161513896518,437.329599003975,48.0095490525431,5.92424449732816
108,40.8506179622724,16.704331363994,11.0916767969257,490.385089390553,58.4699070619114,4.6442010852807,40.7158566529767,16.6541983754219,10.933903615659,483.13945496744,57.2021513202648,4.78285032547783,41.1104485213716,16.8634378811081,11.0326089080686,490.925991325199,58.2992669799291,4.62790919955622,41.157316737502,17.0316724941011,10.6718103858839,472.382594298279,54.4457577266091,5.00088526011271,40.5852631214881,17.7345733514325,10.3192155597334,435.958335919572,47.694305193171,5.85235874845805
109,40.8639531008721,16.6698814588578,11.0358680655004,491.885273413703,58.7204806659377,4.49394543765363,40.7302490189425,16.6514154447215,10.8608960757107,482.152321259028,57.0178591967614,4.71158780520172,41.1646723263995,16.8327729529354,10.9873008610616,489.896103368668,58.0962315392739,4.55739040063594,41.1658667919298,17.0492498386183,10.5934391319015,472.258379425519,54.3517202083589,4.98836333358474,40.6459249049935,17.7396693222611,10.3067231574994,437.861620096235,47.9999432999046,5.73445441875086
110,40.8951793628419,16.7142553358078,11.0245341021773,492.437228453205,58.8536650683789,4.49776352706025,40.7826570857992,16.6056658265754,10.9102911685601,485.322109324817,57.6010577821112,4.6301663859246,41.194765511772,16.8436250346428,10.9566589394044,493.303897327729,58.774430373663,4.44197967033993,41.209805316234,17.0141448834085,10.5611061730906,473.081965780353,54.6349092708711,4.86360770981646,40.6732303853284,17.7024668733305,10.2839788952276,438.509089048253,48.3426739884281,5.57126789769047
111,40.9413755711544,16.705737955694,11.162535445684,498.744329904314,59.4788356400411,4.38884739669959,40.779364977896,16.557664379217,10.977023265005,488.290883234368,57.7568983605413,4.5587546395638,41.1808804653918,16.8305550225478,11.0850761172125,496.310930603725,58.7832055959461,4.42991151588055,41.1219159224094,17.0352507771511,10.6625060456035,473.503952704422,54.3850603456152,4.91181928360925,40.6679769506637,17.7524701290304,10.3225280496972,438.838585217091,47.949810929512,5.62402634357888
112,40.9509221261122,16.6763329896637,11.1298034583468,495.426178555464,59.238322946647,4.46581291493331,40.7156753012469,16.6208359001084,10.9803467959631,486.403383307469,57.658618779795,4.68228670898172,41.2834236264951,16.7536878412907,11.081894655189,498.043977614679,59.3375620183847,4.37369154740644,41.1933093335255,16.97471323391,10.6293822214847,473.162085276745,54.5194918328196,4.95059017626081,40.66730624635,17.7199977682273,10.3275629672038,440.960295782623,48.4811710242661,5.66399418004063
113,40.9796700620309,16.6265326295933,11.1517232813917,497.27774865348,59.5074963781368,4.49513694203853,40.779495427815,16.5916177750011,10.9438190061467,486.603788407709,57.6434945096271,4.76220053062371,41.2761041177323,16.8034366971924,11.0805347038211,496.711041314196,59.1061907960422,4.475097624356,41.1595307804886,16.970107723561,10.5955352481335,474.13607930648,54.7058471586087,5.00394309961608,40.7242747735701,17.6304372081027,10.2979432389334,441.0911292846,48.5875930648674,5.75598439432458
114,40.9987424010615,16.7040279356264,11.1168570389063,494.050848669015,59.107506914925,4.55777048960262,40.8430024830806,16.63311866292,10.9416868464525,485.976293577945,57.7656286827454,4.73550382876962,41.2437736964091,16.8236108176931,11.049347100295,494.534801821525,58.8839712474219,4.54577635455149,41.2301416990609,17.0630160061637,10.5803899772324,471.859410450377,54.474796586475,5.05334996133227,40.7308375884687,17.7527150954171,10.3494975011234,439.870939697029,48.3364669180148,5.81111230191712
115,40.9769401767118,16.6367710044286,11.1280336171542,496.103231599013,59.0930210650731,4.52771325153128,40.7508580332836,16.6422554705199,10.9774038878578,485.19495545072,57.2431436757129,4.80939171766852,41.3174885260302,16.7386594532261,11.0303576693601,497.619277040857,59.0340563462483,4.46774357245853,41.2089514413285,16.9704726923299,10.6569255534516,473.865889383679,54.5695530273151,4.90918331282972,40.7525415962407,17.6946121189191,10.4522065148461,442.471637128982,48.6693858689366,5.62372758327149
116,40.9318226933807,16.6786765147302,11.1063063307571,492.443531978369,58.4986769544919,4.65865408437914,40.7541724563582,16.6360817728075,10.9409871193943,484.074379993943,57.1323768394523,4.80827783584881,41.310237410267,16.752752105272,11.064334840325,495.675687268958,58.7591345120324,4.56636358456604,41.1573161206993,17.0042525935004,10.5886564683321,470.908922407684,53.9168868695413,5.11547887347036,40.7173871871121,17.7434910442424,10.3397318197787,437.97002284167,47.90845523912,5.82659301406448
117,41.0155723715346,16.6632139028042,11.1501280967946,496.033015956926,59.2227321696307,4.72885702828252,40.8612666284022,16.6386627272318,10.9672326118822,485.822320160565,57.5323177311103,4.94076123240595,41.2430843087854,16.7515577347982,11.0734011766464,495.405552387104,58.9428309752138,4.68418510875812,41.2163399972254,17.0075486538592,10.6222905642366,473.0938246781,54.5249371870369,5.21425991315403,40.6943782510335,17.6614849692139,10.391268412708,442.382039119145,48.773439692462,5.93869582904222
118,41.0300407204741,16.6597093158549,11.1280606404287,495.607412655533,59.1165242220284,4.57366098528215,40.8343698732214,16.6427724752307,10.9540044874458,485.563307807964,57.4575463368116,4.78863586079483,41.2778808835785,16.8118247161346,11.0342367936691,494.437814817253,58.6396598217165,4.63223100210369,41.2420927900103,17.0452517426256,10.6460720561457,471.643299005301,54.2181323748761,5.09650349742236,40.7334436855007,17.6796561759312,10.3537445722085,440.702698883017,48.4053625005292,5.73889613053586
119,40.9930613822677,16.6268621393447,11.1609689362389,497.444055325304,59.3357730536024,4.33896006504159,40.7406309353863,16.6293765448589,10.9608032247718,486.366321502292,57.4939041972684,4.6076437622665,41.1905095163468,16.8116865090855,11.072866666485,492.333376079763,58.2398596049834,4.52334112359949,41.1548441224594,17.0541997637695,10.536736751422,470.490690346131,53.9528969874652,4.95137756697786,40.6242220387417,17.7464049803106,10.3205672012829,438.001984036482,47.9755720986962,5.58585898812156
120,40.9865581617642,16.6238976318564,11.1782729702454,498.84903923807,59.560454695319,4.37985170587136,40.7364250368987,16.6042504191114,10.9845525393762,486.866954090205,57.6056373943312,4.59719911486681,41.2383237165482,16.7204904786217,11.1157600415074,499.420722937637,59.4405347790331,4.32667399201851,41.2085015482782,17.0261714137387,10.6314575429113,473.760354129219,54.4533374038762,4.88787132999657,40.7552575036331,17.6852505844183,10.3283735156083,441.77824657748,48.4696891867819,5.5733245075926
121,41.0807959298784,16.6332392700885,11.1807908944562,496.941774478102,59.351488030783,4.5069213851885,40.7752834050461,16.6528212748177,10.9698838583312,484.179606740613,57.3193553310444,4.7281645657304,41.2476852398846,16.7575275337101,11.0901983119016,496.000088028796,59.0682264644797,4.47656470194646,41.2562588780546,17.0040531713755,10.6486751024005,472.836475824561,54.4547907380439,4.9971615653212,40.6879707454644,17.6801226669153,10.3394984569391,437.99584413039,47.9099055379981,5.7373358690865
122,41.0220655428883,16.6309964257657,11.1435371904363,497.300556503203,59.6464062263066,4.53886725715501,40.7977411492229,16.6798344023946,10.951373733731,483.879381154715,57.3732619249726,4.85002987778853,41.2189515295458,16.7904655616134,11.0274061489333,493.255454920155,58.6827493172729,4.57533349815882,41.2552067322362,17.005804989757,10.6247548872698,473.09719393132,54.7046500267697,4.99591641191135,40.7009418119593,17.7502653161184,10.3279417410778,438.228714487839,48.1951665207618,5.75250815796174
123,40.962679268186,16.6724012386761,11.0691101361642,492.450530465663,58.7291332928212,4.88544984913245,40.7723264331396,16.6539702058047,10.892982887836,482.362089625201,57.1556344445539,5.04115862174106,41.1982033239468,16.7807461681127,11.0360476116189,493.201609513918,58.6004432546007,4.86306305465347,41.1146011336425,17.0692652764432,10.5857098514621,468.569889343002,53.9008873376765,5.36829192107378,40.6248755830689,17.6920860297528,10.3476167836589,438.357176877322,48.113808125172,6.02798816958599
124,40.9705115200577,16.6824853511863,11.1193042356739,493.079380753251,58.7502133630769,4.69680055944584,40.7746964075748,16.6365492712207,10.9237947130473,483.288506861996,57.1557545387498,4.82917760252209,41.2368240200085,16.7719259279561,11.0666390924443,495.155469023543,58.9461209295346,4.56562607592858,41.236047672661,17.0757919857871,10.7000639114293,471.716126517216,54.2785794167344,5.10673379737826,40.6810918107138,17.7349242030906,10.3138048889012,436.996274472867,47.7918236883952,5.87748697240255
125,40.9458694789577,16.672445306157,11.1028457868394,491.899893478824,58.7299249985836,4.62240378590298,40.7748194522272,16.6583376594839,10.9375381917454,483.233924769687,57.2423052695625,4.78351944754759,41.1904610440239,16.7846879648904,11.018236530273,492.446416841597,58.5911355886481,4.55210853194862,41.1491030491198,16.9825575119073,10.6113006265364,471.739470969975,54.4029042672117,5.02585422240232,40.6151300765074,17.8301052704073,10.3148527412753,433.627960212436,47.3137094458369,5.83468955154931
126,40.932844813444,16.6890614137697,11.1655836248791,495.723439833585,59.1802010269468,4.49691019752942,40.7901680277125,16.6369511039257,10.971905836847,486.292201320775,57.6129933391105,4.64979474026868,41.2269205723696,16.7849078837359,11.0389156088254,494.654635718591,58.6968278180698,4.51526421567145,41.1686905442543,17.0451609506954,10.6387670294986,472.720393123865,54.4090844299223,4.96127323913807,40.6774808790925,17.6887196762012,10.3739979205512,441.199869039422,48.4297471690015,5.67477151888287
127,41.0104470711141,16.6876519272456,11.1307857509033,495.836617466185,59.0833786291388,4.49283907208412,40.7359909099353,16.6414114954829,10.9585369553863,484.731734596182,57.2941812998185,4.75358250503735,41.178765351343,16.8309244097215,11.0691909252905,493.677719423578,58.5554206187722,4.58167997626024,41.1623567224994,17.0486230140025,10.5797305757772,470.441905144948,53.9812851513487,5.08173587872335,40.6791681897694,17.7418327940916,10.3964971424832,438.982087139551,48.1967227138661,5.72281945689576
128,40.962727773945,16.6441889351786,11.1504676250583,497.664377414651,59.5563642756572,4.38761293683348,40.8362698858534,16.5497482261526,10.9432872479064,487.926121494568,57.9539783460775,4.55560556009543,41.2413125695182,16.8149537152733,11.0818798896217,495.837347143977,59.0569310143233,4.34256848015215,41.1735690593906,16.9736108829483,10.5979554778655,473.339179105723,54.6267675104276,4.92453059932674,40.7187748806074,17.6996084805162,10.369480898718,441.360963612763,48.5927806461853,5.59125295293899
129,41.0339168653514,16.6316244259832,11.162915733831,497.730065141757,59.5708896236456,4.42612723360502,40.8262326888834,16.6190998835415,10.9474263908331,484.683800065901,57.3506183837935,4.73755538181394,41.2411205869504,16.7581296173556,11.0788879340325,494.556704959077,58.8227396972043,4.45008640116724,41.1478962271054,17.1173651898141,10.6491635119122,470.173094724001,54.0090688962986,4.98641949967491,40.6788520415703,17.7210693491276,10.3752490213707,439.775426555744,48.3640143825271,5.59540332996972
130,40.9727755153472,16.7265253317726,11.1245448857817,492.426106380684,58.5015070167681,4.55016510192178,40.8753763115467,16.5968118781434,10.9404264443466,485.056346646961,57.2569702556853,4.70806207562583,41.2512159640163,16.8143454745536,11.0153031020286,494.233596257141,58.4912420086283,4.53711256160393,41.2684430967139,16.9849779944793,10.65227704794,472.590899352069,54.4096977578568,4.97979410751812,40.589451845241,17.7450926842408,10.3301317178261,436.519337331926,47.5840220769859,5.80809002077048
131,40.9950520964966,16.68275890579,11.1172389759952,494.807804737563,59.178428379405,4.58624087067499,40.7541263535155,16.6349416099642,10.9338867644301,484.484236145279,57.5881323770423,4.73485794688722,41.2126293946319,16.8045953744699,11.0576321344494,493.397327848273,58.8571697063142,4.5132849843405,41.1667694305651,17.0060418586856,10.636139424899,471.697909749067,54.5356379130945,5.04563820689991,40.6138202253228,17.7441120309224,10.2982904364182,435.707103259453,47.9390716308433,5.74211881863656
132,40.8948917613482,16.6610962200259,11.1070187835149,491.81143339749,58.7418595604408,4.51148255333686,40.7465919807957,16.6364952115032,10.908127869838,482.041233579746,57.1085563419686,4.63704748739099,41.1583432207474,16.7952929789407,11.0302650981102,490.258526695342,58.2120282580809,4.56966663805202,41.1567106393184,17.0562135469438,10.5926315461572,468.599876118013,53.8356432721747,5.00667103201934,40.6261682530317,17.7157814444927,10.3254114316628,438.528274257521,48.1522574196851,5.65686968679614
133,40.9109974877294,16.6156719888574,11.181707085962,495.688534369984,59.133295101631,4.6605951611607,40.7100422037601,16.616096765596,10.9469501548552,483.716523706512,57.1199378149317,4.91151319451832,41.2432842586757,16.7452977021509,11.1086733214776,496.053380231929,58.9430752433554,4.62035583102567,41.2329507602829,17.0208763351748,10.6410586575283,472.834361325354,54.3667543119901,5.19593818438033,40.6991505579621,17.6966250398731,10.3689115956958,439.496306150527,48.2104896594543,5.80377778808557
134,40.943393513567,16.6563177561686,11.1372334484274,495.569100877907,58.9319644340244,4.40625089125238,40.7966448286719,16.5498693871305,10.960406232388,484.431835492673,57.1134091166298,4.6879380010128,41.2297286771157,16.7260121359361,11.0715398714338,495.518275680333,58.7489011551852,4.41868094937085,41.1946639079345,17.0027382712516,10.605602263251,472.156900150921,54.1466097852497,4.92948109145169,40.7253356539439,17.7154335213298,10.3427143751016,440.010574744859,48.1292528908992,5.59882057268317
135,40.8531082839555,16.6622386306721,11.088836430268,493.747985512403,58.7114237883642,4.55034316336889,40.7091963679231,16.6348973234642,10.9108844522899,485.795652365082,57.4433769447546,4.62171595457186,41.1974556069549,16.804294327315,11.0247359444866,495.149157388803,58.6741305143849,4.48055040926503,41.2518976467749,17.0051903946351,10.5564917835731,475.24421596488,54.5983593100692,4.9120024067332,40.5800158561716,17.750660705713,10.280509315273,436.098539901036,47.5324883733346,5.73800246634187
136,40.9307371220163,16.7410080087282,11.0754180029373,493.060003384264,58.8427333125004,4.3376573200703,40.7152919654826,16.6321298947249,10.948626109707,485.360233160417,57.5761238758016,4.51711021677957,41.209599785102,16.8781490229912,11.0199201758371,495.055253175221,58.8885195550668,4.29009741075586,41.1995810549536,17.0541996528189,10.6037138569638,471.878530883138,54.4183189362136,4.78983625964865,40.7248992015078,17.722865489269,10.3498607397905,439.89595193727,48.3371506067291,5.42530813833412
137,40.9543688649776,16.6971433802428,11.122530699347,493.635924490122,59.0144234362059,4.62168452041613,40.7846078779563,16.6122794368645,10.9744797862511,484.927558727954,57.5722127363085,4.80255394065451,41.2901392274452,16.8370799114703,11.0420665163319,494.638826166416,58.907848649357,4.67114572468291,41.2575875975681,16.9892808086611,10.6600735036259,473.190263094855,54.6563708362001,5.05970195364036,40.6970339729175,17.7043841642105,10.310661951763,437.20359365702,48.0845239420841,5.87317847972153
138,41.0132135224768,16.7141092235758,11.1480667961957,496.050242401218,59.0645571941256,4.61297871242094,40.699090985749,16.6064868992346,10.9998011790251,484.106614774027,57.1968012870012,4.9414199911235,41.2361368588838,16.7645482619407,11.0868251756038,495.223059626651,58.7784250920226,4.6020169278087,41.2057649807408,17.0564137227805,10.6337459363045,471.581303501506,54.15199669715,5.16128953577742,40.7201885909428,17.6757633040677,10.3717042767827,440.073470808147,48.1988412167458,5.85590813139427
139,40.9529842467567,16.6810032127489,11.0742043933114,493.313156760306,58.6729171114232,4.68004166404602,40.6918611621625,16.6013508500458,10.8656845639657,482.584835222988,56.9650605663194,4.89329329064819,41.2285743627059,16.8014426325447,10.9945954512085,492.734257847129,58.4098075474298,4.61602587978321,41.1393903719671,17.0058863185907,10.5506742044992,469.316736316591,53.784222924365,5.19459226984339,40.6185687699298,17.7369231351373,10.2911440203029,435.967143416735,47.7363085709528,5.90692172652973
140,41.0201905098748,16.7272372140155,11.1320842959254,494.191447520276,58.9103688602016,4.3626413994352,40.7306062396694,16.6227953487604,10.9327942016628,482.781779240575,57.0846673711028,4.55109424408523,41.3193780775453,16.8030393570463,11.0744903900313,496.775761662088,59.134600599181,4.2784227005065,41.2421519592589,17.0250066039719,10.6071934772442,471.987092699252,54.4220542429952,4.75419990382112,40.6687202439711,17.7403300678636,10.3722614548498,437.778254900533,48.0741254705664,5.42804687898482
141,40.9979895205014,16.6376058395483,11.0969358383857,496.220562879198,59.3863059632532,4.61194583456568,40.8021899986279,16.6320009086416,10.9558142265441,486.292294561717,57.747815104631,4.8484069771017,41.2480093898092,16.7654101000747,11.0665270910977,497.241962096032,59.292268431213,4.59719877689572,41.189555125977,17.0401997436093,10.6219373023788,473.954867383018,54.7738270959971,5.06452988838311,40.711562946678,17.7484964254309,10.4104251934129,440.553860627334,48.6693927323169,5.82786387797216
142,40.9643822585301,16.6768825959542,11.14822766921,494.896772694202,59.1201503615023,4.5971633054671,40.6908691870845,16.6321698424583,10.9302938393192,482.222895963019,57.146336104732,4.78041575818617,41.1098847179555,16.7806024424005,11.0423537348983,492.601539841198,58.636811090974,4.61309180247785,41.157074078697,16.9842678255514,10.6367653144387,472.955372374938,54.5523202999676,5.04085300721118,40.6667931635876,17.6969506817752,10.4121258361696,441.809078896404,48.7191972128759,5.60804158188319
143,41.0165549838346,16.6456207226267,11.1410011027773,497.159934362837,59.3992403190095,4.40301899678836,40.8251488878224,16.5918684917962,10.9850105887617,487.729534541119,57.7526531768709,4.61079059911142,41.3134049717709,16.8565180584548,11.0218415134601,494.571518741762,58.6966853084757,4.46953360122739,41.219636823401,17.0372632045959,10.6197968776219,473.067413382352,54.4913741849852,4.90864189101116,40.6204702846439,17.7531336236089,10.3338435829001,437.88871629963,47.8528159087724,5.70745779153228
144,40.9329444398534,16.7115043798502,11.0921347071097,492.425967499037,58.7300745430592,4.76605515587855,40.8190198987779,16.6214719659301,10.9188524167823,484.224029903317,57.443803494703,4.92120424288484,41.2226349743848,16.8015086677816,11.0220158140657,492.997020969422,58.5039716974662,4.75902440219896,41.1990206559814,17.01876499394,10.6212807915002,472.667589571365,54.4775811354351,5.17068607408431,40.6878313434235,17.7567635920497,10.3441590524188,437.558320786845,48.0378585663065,5.90583037181918
145,41.0365791403124,16.7142463120184,11.1077169911211,496.127763660708,59.4568153451995,4.26433032156015,40.7596582157152,16.6356395104429,10.9341792310647,482.671770028151,57.2599450562447,4.56964204581714,41.3034419345914,16.869502602221,10.9838031446517,491.495636717392,58.4318302910687,4.38956307370451,41.1411273125445,17.0577744733091,10.6177026300608,468.708427026016,54.0480561677399,4.88759385630814,40.6948967472114,17.7427300503437,10.3662637180566,437.384543550621,48.0361861952829,5.4689168966562
146,40.8319951573325,16.7598559999019,11.0606143286489,489.643776042564,58.3772064372602,4.64596100681274,40.6634078509072,16.7569544119911,10.8912623185055,478.906019280101,56.6023413936166,4.89152544845718,41.0751531189158,16.8133115372504,10.9611568840933,488.854326171761,58.0461804781521,4.63793366128074,41.084937186068,17.1224635804248,10.5399947689046,465.675253034061,53.4706344820553,5.10794200666198,40.6008336423318,17.7854074856013,10.2806210944749,434.012970092025,47.4271847995581,5.9026044947007
147,40.9311803536116,16.7254403186125,11.0573716636785,491.373630397957,58.5812884851667,4.71044442984104,40.7424044280395,16.6340792832615,10.9500464024802,482.888002595148,57.1923490572648,4.91344193310532,41.1838022498208,16.8085872467028,11.0051810241628,492.085113490221,58.4458120208303,4.6900358904373,41.1455542778779,17.0557700311477,10.657718518324,469.752124057062,54.0374885572151,5.20347966108793,40.6112702298284,17.7739150373349,10.3217147819406,435.97016801288,47.8113884912832,5.92863807972082
148,40.9234184053885,16.6737564307988,11.1266638326538,494.621877473476,59.0521318998338,4.51682059992618,40.7705335212928,16.6056356578123,10.9721585333375,485.095233907454,57.4340442749053,4.76567453807425,41.2179084945842,16.7290069214152,11.0573413839826,495.278585145193,58.9029621104528,4.55823482462547,41.1695433043425,16.999703379638,10.6518416747278,473.065977807328,54.455996330253,5.0610906277447,40.7152456780265,17.7346508062395,10.3709825137356,438.352966043177,48.0308439757465,5.79586942393975
149,40.9391819951405,16.6437061644416,11.1023598060873,494.933130087116,59.2326672715021,4.60326037797651,40.8169216924042,16.5877164553655,10.927993551184,485.986469652639,57.7254991350434,4.79785056289571,41.267911671192,16.7258023061303,11.0639702348684,496.467464759072,59.1920207263405,4.52843846323572,41.2564376421722,16.9986913163745,10.6282192105547,473.637117574074,54.8232001918266,4.99273882920378,40.7163214592856,17.7331056584705,10.3026217883601,439.159672009897,48.3168479029708,5.79180400352578
150,40.9772103412882,16.7097473321706,11.1062629929526,492.898680632326,58.7525964341852,4.61002674842119,40.7838110854107,16.6293380713801,10.9372347374404,484.939598242192,57.5289206439081,4.6969049453812,41.2342361085864,16.8094665822102,11.0849086923874,495.343728201557,58.889739601723,4.54916923605159,41.21912398699,16.9895111649153,10.6226946859666,472.641206289428,54.412658041886,5.06746439823133,40.7575881916806,17.7358064011112,10.370597962222,440.21956432563,48.3085148798508,5.67647568768787
151,40.9201245942592,16.7081419521542,11.1400341298952,494.620429951778,59.0243784799654,4.46889667442489,40.7590945209902,16.5961800743807,11.0033571203052,487.355630206258,57.7836374029594,4.61086507880125,41.2141402276506,16.7845821446762,11.0952637078005,496.084568563855,58.9509218247207,4.42775011408828,41.1531893647961,16.9944472536533,10.6256823422969,472.124336163435,54.2907722145239,4.97023421788751,40.7124985553542,17.7667187833604,10.3504677020249,439.151294410793,48.1613668094285,5.68264005015577
152,41.0144891373684,16.6647486160633,11.1382716913408,495.938622927878,59.2723412739768,4.56398634955313,40.7220916044681,16.6857890840798,10.9549530237895,482.90580657007,57.1502781588003,4.85201230296119,41.1985401830856,16.7695847529082,11.079728227427,495.466432288132,58.9853630127519,4.57870196654006,41.2231765053221,16.9819491208894,10.6555756577666,474.878548806876,54.9261818376501,4.98899422282885,40.8320065042376,17.7091031386734,10.3279710493916,439.81612105051,48.3550121334817,5.76578532966005
153,40.9883999258716,16.6517208367419,11.1428816945248,495.627957551331,59.1065880725343,4.53572010660845,40.7702020755486,16.5839559567126,10.993761845786,486.558653022212,57.6418558355446,4.68454090004434,41.2939889974568,16.7286902146075,11.1260613103238,498.243507089131,59.3345602415785,4.42035470359802,41.2174775149885,16.9483034046785,10.6737253506152,473.76623887259,54.5551022363831,4.97735744288665,40.8019363535112,17.6788306388305,10.3895845418015,441.791670441707,48.5863136061181,5.67481864740075
154,40.9005876375653,16.7054586152751,11.1312002155831,492.797287532365,58.9086103329407,4.44450856037644,40.703648546992,16.6385608504095,10.9540593919482,481.055806811768,56.9520763659085,4.67717083218756,41.2316411321925,16.779176452683,11.0547839006933,494.022069336243,58.7814684314706,4.417316119234,41.1653043728348,17.0632008136689,10.5841480383019,467.251986304632,53.7492699053311,4.98133489765821,40.5934945772496,17.7596021715008,10.3285143366036,434.342375100011,47.5566444177488,5.6774942457856
155,40.9784501531562,16.6607021325944,11.1759468655017,496.879870089164,59.5567598670642,4.50866738663368,40.7840523511358,16.6143497486618,10.9310301417576,486.873627517514,57.9033763578696,4.71179529672233,41.1840442397604,16.7691690977927,11.0475697813156,495.207002189213,59.1054636923356,4.50439280943714,41.1970958943497,16.9609147656954,10.6197769495028,473.968894862191,54.7727565406143,5.00086786816779,40.7186209377323,17.7246039867811,10.3647600289024,439.773335743871,48.3946360593113,5.7111048333853
156,41.0107838621545,16.6277164304538,11.1925871070584,498.533203140452,59.6055713463925,4.58889261849956,40.7671923835072,16.6181125712828,10.9797401022224,485.109720984884,57.3933997863793,4.84829873523373,41.2286328542925,16.7892833992337,11.0788456793082,495.361217560228,58.8648420407455,4.63200108327905,41.1925023442288,16.9920284647466,10.6656310835159,474.564575470375,54.7506112874999,5.16033638197144,40.6712645268092,17.7263215563973,10.3618938323918,440.574533991154,48.4467999231591,5.87416234798284
157,40.9411838077496,16.6390887408518,11.1539369056658,496.765899822715,59.5623204336194,4.45065400093174,40.7625863698613,16.6085540323602,10.9312015027216,485.136309945779,57.6858363399632,4.64044398184532,41.16334605639,16.8080889945112,11.0992204930851,494.947262590746,59.0811971616011,4.43560747746142,41.1734444523349,16.9908491575537,10.6093218084914,472.372127482147,54.6135496275075,4.91779277249014,40.6122221133667,17.7485074341092,10.3389175625173,437.533714257931,48.2270439548319,5.71182397475967
158,41.0143761847492,16.6652252931085,11.0939791814807,496.49297779035,59.3621083646381,4.56875345198986,40.7727252713559,16.6097908414726,10.9180674077106,485.105977434882,57.4853191133695,4.82315639680738,41.2792028369778,16.7522020708276,11.0561047005576,496.405998256562,59.0748734461714,4.54565421590343,41.1491109150956,17.0894329564965,10.574149549358,471.208491641734,54.2380663617932,5.13015418542598,40.7123628866521,17.7317051759408,10.3716610039597,439.654990655744,48.2569667682858,5.72982052730616
159,41.0210150844043,16.5808631647197,11.1992989763583,500.480944300028,59.9557717192753,4.3538447347791,40.8270541323183,16.5497128698698,10.9837065866547,487.134657146484,57.8077633988333,4.6165753836967,41.3065960958655,16.7002886626411,11.1271160534724,499.191997456849,59.4875513266995,4.39225043012025,41.2169370456083,16.9174916285071,10.6835792384868,475.900206265038,55.0289534717901,4.84412105978761,40.7421891358385,17.6464487489125,10.4088981958303,444.075672987319,49.0141735021114,5.51990594367521
160,40.9901920296766,16.6520309576051,11.1005379272247,495.391837851912,59.2777553052482,4.61793255634417,40.7702695855037,16.6140482284265,10.8778568314515,483.046779542586,57.2944117143433,4.86537079493662,41.2963045528202,16.760350088353,11.0533070547385,497.025441812373,59.2839490023707,4.58857449297299,41.1950501280302,17.0320738516494,10.6007893284238,470.95460751257,54.1894209415116,5.12200055782587,40.6713095810623,17.7836192468603,10.3017431076179,438.057430786934,48.0399145661702,5.92740636423555
161,40.9119249152846,16.6852622803158,11.127464974142,493.689640374784,59.0358747191817,4.71357158427063,40.7295691989745,16.6399785100835,10.9423417865298,483.137946439628,57.2662499878902,4.92116602293093,41.1772604654259,16.8384345337172,11.0727237402047,493.353393723129,58.8036596287357,4.67929231104085,41.1592072802967,17.0496001040971,10.6365215558699,471.690489333112,54.3265724017959,5.2324798913553,40.6605906056855,17.7799948803683,10.3382688489823,437.501063756162,47.9410227532262,5.99478468522182
162,40.9418773022977,16.6511236427155,11.1585784584224,496.237913975868,59.3053015021189,4.59536225113476,40.787971757757,16.633011207539,10.9512896227153,486.37562009833,57.6442905762854,4.78124898293519,41.2941018341717,16.7650128553701,11.0696177640708,497.461791820043,59.1705708536877,4.52315098922857,41.2279042539742,16.9694417645229,10.6527693306108,476.307642994799,54.9972747749544,5.04555652294623,40.6783901113756,17.6946925033,10.3430554992905,440.524132396583,48.452574924862,5.84010942798482
163,41.0271510504248,16.7226978694388,11.1587441257425,496.180956223183,59.4872873896526,4.39125189079255,40.8597085718054,16.6558219581863,10.9639809385335,485.909957742843,57.7308393107015,4.57971218083512,41.1964859886691,16.8966013512454,11.0543229033867,492.137503314305,58.5552896366092,4.50171859546357,41.2003477670023,17.0864781891348,10.6298693246574,472.284917744258,54.5901558580534,4.85841158895589,40.743651096075,17.7565439715997,10.3215900695898,439.17276959472,48.3408214627705,5.55588116808798
164,40.9718920168543,16.6699866561216,11.1327409373205,495.701437195053,59.2900581056918,4.70470261511726,40.7709299504843,16.6100870361221,10.9315681875276,484.401567520341,57.4030961153146,4.94887973674176,41.2238056668397,16.7547661233033,11.0573937992615,495.756904769111,58.9508976572038,4.74985769485772,41.1982602764909,16.9791153906081,10.5770394836681,470.863864939991,54.1916792500617,5.26411958729916,40.6084246923644,17.7766131229387,10.3367669386832,438.541708981308,48.2157553301743,5.99598037122891
165,40.888169716726,16.7167910071441,11.0987258741601,493.129438605886,58.7980932768476,4.39259848104807,40.7776569539791,16.6580250844933,10.9388545797713,485.33849453387,57.5161763111999,4.48451166771166,41.2033594252656,16.7933970272558,11.046467952417,495.534095408009,58.9661682966147,4.29131928647439,41.1647980158992,16.9903453540195,10.5963315681579,472.362039188336,54.5061891355912,4.76100165390031,40.6909054477971,17.7865489516549,10.2853512880624,436.517288813758,47.5462870486494,5.56345507518771
166,40.9412497290732,16.6928569681152,11.1913268611691,497.670602161907,59.4764768340386,4.42334731900194,40.7551728343322,16.5982698335287,10.9802482176503,487.100740732178,57.7386274426612,4.62309239392091,41.1496529046777,16.7833703502483,11.1133823573897,498.065760750321,59.4181451860781,4.30744807865096,41.1525397689382,16.9900152991634,10.68419359062,474.760172645644,54.8493360914652,4.88624927014223,40.7723917200708,17.7174431855635,10.3804703452231,441.830855736573,48.7311654631352,5.51158809101614
167,40.9063609215172,16.7220798983846,11.1375115634271,493.144853522381,58.8544021304426,4.44878673541894,40.7294495705553,16.6525143573461,10.9262508894353,482.577920047692,57.0283785340776,4.69677918375987,41.1628020057939,16.841107898782,11.059324192283,493.085706467576,58.5599836972635,4.52251819832336,41.1187171420668,17.0895587015259,10.5575189673931,467.000128722462,53.6180330488672,5.06622726473401,40.6475904975145,17.7211474809299,10.3005478029011,436.423865824578,47.7034711546973,5.80160776800099
168,40.944211484376,16.6665013469133,11.1189243952318,494.600114288317,58.8948506454773,4.50366963422853,40.8290988201441,16.5754961733627,10.9343172786379,485.935312162353,57.4726493376061,4.63384971449325,41.2414547232125,16.7537692443014,11.0808501263452,496.538010773509,58.9692211222172,4.44420264275843,41.1533971641335,16.9678386428822,10.6103786901453,472.911085057926,54.3143073006906,4.9677548015037,40.6698631646972,17.7438318213913,10.3221968660994,439.089532557498,48.0748642719866,5.69573608070936
169,41.0316694295804,16.6805768607738,11.1679004742867,498.410901582406,59.3454766009482,4.60408310467343,40.8120357306258,16.6708277808968,10.9617043549298,485.651062077114,57.2466988116458,4.86065402213079,41.2995050370538,16.7929975992396,11.0830250695435,497.491669967807,58.937758491992,4.59475467811351,41.2244767859131,17.0202678019452,10.6661164810526,474.548586947657,54.5816115942636,5.15063929316071,40.7279670944112,17.7252511038492,10.3456914320918,439.418857884157,48.1297654446361,5.86823506713301
170,40.9980075421863,16.7014036139127,11.0974889222818,490.69226298091,58.5699132111097,4.49522253591721,40.7349519233926,16.5970031883643,10.9329428481652,482.502947845772,57.2488098005256,4.6318791005987,41.2193075568209,16.7627748336865,11.0567140420547,491.355269487328,58.4467596893569,4.41475060761092,41.1750595722841,17.0448555914943,10.614350776262,470.631189160631,54.2843752913008,4.90537672224673,40.6831727150767,17.7991927652398,10.2933707193188,434.382725414357,47.2925401777723,5.75481132999106
171,41.0042085740719,16.6790503441181,11.1525507047915,496.886931512893,59.3973020519974,4.43525856750386,40.8024639251955,16.6219447695853,10.9819570448188,487.345608790674,57.8233834351784,4.60957951700236,41.377125246419,16.7857439811639,11.0894219913944,498.675411737428,59.3773269838164,4.33963842837144,41.2457866163843,17.0352653882092,10.6051405196527,473.328136242977,54.5086961173503,4.90584046924026,40.7521521519864,17.7465852172759,10.3399810056711,440.251286398676,48.454468792805,5.5609891544584
172,40.9228683443263,16.7082574661725,11.1324401975296,493.677577628028,58.9944211381302,4.60290677077523,40.7078984180458,16.7060530295493,10.9380863223698,482.019362152903,57.0321487658886,4.83802917671838,41.2409865745506,16.8776384090445,11.0727840480085,494.010896146982,58.7286220285898,4.59565612928684,41.179574383143,17.0484267570258,10.6447598369421,470.797328746283,54.2264710949273,5.18721044554764,40.6737560442192,17.7499718164671,10.3685181356565,439.073838432315,48.1474308354846,5.89167908211934
173,40.891844567218,16.7136031594842,11.1444590690381,495.906214451453,59.3657570104416,4.49940863696614,40.7293140484926,16.655056025654,10.9338655581487,485.667659955031,57.7447564760717,4.69327732880443,41.1733317850942,16.8583655253812,11.0517876055297,494.835824333377,59.0165567662282,4.47076079724587,41.1909225617137,17.0529397411992,10.6230069203613,471.879554330288,54.3733224922223,5.06035359713,40.6536700256264,17.7241508496941,10.3143707780181,438.833168696021,48.2489179156439,5.70031292228287
174,41.0055683918829,16.6316211616943,11.1471696164744,495.934699333301,59.1861525571009,4.54452284816932,40.8024871526894,16.6615609679146,10.9554858833305,483.28749111594,57.0940896555333,4.83998081057669,41.2606429276312,16.8205373279914,11.0614660007389,495.152054202783,58.8249532422004,4.5477593855084,41.2690880713139,16.9836134990058,10.6194558664982,474.453744618181,54.7500959717705,4.97967682468679,40.7532144295207,17.707122230746,10.3348225507014,441.592562366842,48.6036035803377,5.75739072393087
175,40.9601687193505,16.6456459084036,11.1356698779987,495.640538363558,59.4254922071288,4.5696680384991,40.7686411430281,16.600409836436,10.9726340967932,486.018402805634,57.8244899634219,4.73611696185586,41.1831949635446,16.7381369289632,11.0556001170851,494.763448122088,59.0993837154027,4.55550912693705,41.1314314688249,17.0033750471898,10.5837157645111,470.408498573826,54.2415429055553,5.13589232823515,40.6185163342861,17.7410447111349,10.3451310289202,438.042700756391,48.3216490411399,5.73282491092512
176,41.0159167776917,16.697516252074,11.1317443192077,493.759370406328,58.9371829117578,4.62828848314491,40.806356987263,16.6768776710343,10.9318085121212,484.120499749676,57.3812461733088,4.75758769965716,41.2401218196588,16.8353100470199,11.0157109359669,490.566768093348,58.1493684068129,4.68490522859013,41.2111032531,17.0706079201344,10.5987250880558,469.601448450495,54.015311466932,5.15914790941751,40.7144322915559,17.7367440689782,10.3167099326453,437.813871190193,47.9478546618385,5.78212123956199
177,40.9523524479998,16.7133837757091,11.1003705873249,491.570094690902,58.6734934458612,4.60670792936732,40.7310586982189,16.6175664273264,10.9340661779206,483.905211939976,57.4733767321758,4.69449970127184,41.2018994946712,16.8495983596964,11.0433281193378,491.847197846664,58.5225864566787,4.58712157681405,41.1187808114378,17.0787553392833,10.5755087956141,469.75972776544,54.1471799410641,5.12051959962431,40.6851026658712,17.7273831462375,10.3358132381493,436.817867282346,47.9226633259134,5.78720929956177
178,40.9763869691015,16.6549028614829,11.1227620375884,495.692291144424,59.3211804156383,4.44056409106291,40.7549717448716,16.6370829172257,10.9242364316135,483.575751326974,57.3633974164391,4.63974069317242,41.2682819321644,16.7748916684859,11.0323235220487,494.792859948952,58.9928774980567,4.38140526886058,41.2044407131848,16.9561632053697,10.6435481715047,475.134045807459,55.0222711165548,4.87197756918324,40.72207276005,17.6935904933921,10.3360213022579,441.559816462145,48.7378875368504,5.590978458425
179,40.9754218259279,16.6497645760701,11.1595265859158,496.88507840662,59.2031794734889,4.36773220094141,40.7442075976523,16.5801514186023,10.9806842891045,487.397061939763,57.6918198123052,4.50424973283988,41.2163736376225,16.7844003325979,11.1216049663021,494.807622411296,58.6090632813625,4.42835688966272,41.2596401973355,16.9717213070063,10.6655202809914,475.910476281381,54.8042299731592,4.84172106292242,40.7350009431644,17.6593497298601,10.3777187638603,441.91350235099,48.587315228325,5.55338628864707
180,40.9892623209332,16.6789874508093,11.1112327901284,493.41665023894,58.7532436707238,4.46375359895689,40.7671102545293,16.6566356186062,10.9683810459592,484.778038095231,57.3030029265617,4.60358318609535,41.3272246890372,16.7546157336734,11.0337187272739,496.340434337147,58.9631047401579,4.32763118357726,41.1802903374221,17.0888152559221,10.622836471522,470.393275391133,53.8527179136931,4.98837306226707,40.6769077439908,17.7262444688004,10.2958434354659,438.982884763328,48.07298344776,5.61058610264977
181,40.8883867122329,16.7173898596107,11.080316702945,491.059397727589,58.6502761114205,4.62456073117664,40.6828718094187,16.6274777204722,10.8640230157121,480.624099286891,56.8589382664289,4.8266281908698,41.230385741977,16.8722170502117,11.0067009366479,492.129751577835,58.5058784710523,4.5462965035195,41.1614960980299,17.043249535095,10.5742648971656,470.510890998323,54.3588400737487,5.02990145570686,40.6637671030872,17.6440050280976,10.295557864902,438.690867548881,48.3069765824275,5.71906220868118
182,40.9622504278459,16.70419681186,11.1453481769771,495.455114912976,59.2376252986089,4.50263924578717,40.6928301901994,16.5940566568348,10.9796715971281,486.378947631185,57.8083390745987,4.64835870396525,41.1666626067392,16.8004147016483,11.0763809764955,493.23665032054,58.7113726487527,4.48095130362924,41.1608328554575,17.0643467697496,10.6349891518396,471.381299548407,54.3137533667355,4.97188451333653,40.5933675880342,17.7248870656973,10.3352985319803,438.780319922864,48.4365137214564,5.70200337372928
183,40.9208824101568,16.7678927932096,11.074138910023,492.190866455964,58.6796792182281,4.48486076960449,40.761926829336,16.6824221891476,10.9625236670346,483.946236963587,57.3795277436704,4.60206988484748,41.1402657707989,16.8624570165579,11.0343454335706,491.521721295734,58.3236282399313,4.48737211709076,41.2541741297583,17.0013505752972,10.573483816013,471.137430426192,54.2627297146295,4.90342300488944,40.6599268167966,17.7160415011547,10.2863181907146,436.857547097971,47.8164493698467,5.62309471800882
184,41.003731205243,16.6818557160627,11.1317886805899,494.335953892877,59.1777359568048,4.44195408521794,40.7898865817263,16.6319144842183,10.9228496746372,481.743389011301,57.0376057068849,4.7625665488829,41.2406487127354,16.7827645588172,11.0860151779849,493.531077600285,58.8438490849483,4.46612555757438,41.1820030514926,17.0193524731037,10.5893195530518,469.792019421744,54.1584736354834,5.05921583651442,40.773275274209,17.703717692685,10.3394940927161,440.825740259815,48.7477046697937,5.65147657420249
185,40.9961196058819,16.65779675382,11.1545570476386,496.580801146967,59.2796646838804,4.34093239006448,40.7949827040443,16.5953818715617,10.9460207737819,485.635431733429,57.5436817288115,4.51203437731791,41.2128416305056,16.799723442681,11.0618435590032,493.993562779727,58.6517589416491,4.33177694427726,41.1789108940385,17.0395094360694,10.6103346516009,470.790590966453,54.1707356975627,4.76513675666309,40.7105268181727,17.7656192412476,10.3472919566911,437.247277149135,47.8559408879555,5.53557008008967
186,40.9285828260305,16.7083332769535,11.0485466815211,492.792616952077,58.8182610330845,4.78626511244458,40.6703937981483,16.657708863483,10.8451515464997,482.771248393765,57.1811725003672,4.96964257754541,41.1738806489314,16.8122967511301,11.0092905242741,491.045297610727,58.3159040550385,4.78217452785495,41.181295798099,17.0650168368294,10.5527249832929,470.90353946327,54.2380361098946,5.21969189746449,40.637138637773,17.7710598356605,10.3130697558169,438.403234865787,48.2541148448282,5.87827139717691
187,41.0355976655978,16.6405886165719,11.1660494765966,498.803449410672,59.5940697031234,4.36941706887958,40.8713593077744,16.6005807861216,10.9578336946973,488.228659051807,57.8924165040086,4.53702568844455,41.3736837207881,16.7529349436146,11.0944202606297,498.838966050425,59.3679841632865,4.30595992903497,41.216815541835,17.0200094441823,10.619316642666,473.355381540021,54.4483255558891,4.95187776714677,40.7307398625803,17.7330465581584,10.3543198962937,441.412307833523,48.5461243362412,5.56513500757725
188,41.0068842725342,16.6868901656585,11.0767193659343,493.679742321341,58.6933011088972,4.76431642529279,40.8317334475702,16.6634179417463,10.9330353530146,485.881793995838,57.4051480152967,4.91962508268217,41.2777121749522,16.8127733060702,11.0491323130468,494.197971414656,58.6483218902506,4.64816251191223,41.2481497777174,17.0514045819894,10.5892237384515,471.207106172692,54.0608256996708,5.21536102404036,40.7048878332534,17.76638893052,10.3454917727185,437.487508264122,47.7505639454902,5.94634745933555
189,40.9901612807435,16.6805385129665,11.130007125642,496.859368872104,59.5491949006644,4.4780022851866,40.7778348157197,16.6324838583239,10.9765607102766,485.265697387034,57.6447001580355,4.69262158396163,41.2990964961185,16.7711930369947,11.0534376992388,496.404283450681,59.239853225353,4.43562162615943,41.2302693549494,17.057758219262,10.6216193481135,472.676582816882,54.4964036369145,5.05312836804321,40.7703947884318,17.7057572645141,10.3953585405676,441.431319109736,48.6874964392342,5.64507479997528
190,40.9641449156035,16.7355871432604,11.0712230216665,492.34708362534,58.6497034533322,4.47889367201494,40.7403346712759,16.6302334315032,10.9377517996322,484.498756310379,57.457830429939,4.61403244481988,41.246245937832,16.7586344558363,11.0496643721513,494.483955084111,58.8686746583286,4.38867496082435,41.2059469902546,17.0009859718321,10.5985578843756,472.119286812398,54.3663528381679,4.90536731353574,40.7442714354188,17.8221346750236,10.3447774653909,437.67394311007,48.0718365411501,5.60469952110941
191,40.9195597503465,16.6794882000935,11.0834087746452,492.710995846947,58.5848150536867,4.49662912529987,40.7045472844864,16.6208650948118,10.9317709522614,484.320760123322,57.236866066143,4.65322200318257,41.2150883611431,16.8588200359297,10.9855824820695,490.526422433685,57.9521822887822,4.53664549932755,41.0952680212967,17.039533155785,10.631566210744,470.242638614655,53.8727907406918,5.06109870270615,40.6009526831193,17.7136911865392,10.3197711026626,439.048417229526,48.1487927908194,5.71224370497711
192,41.0008267054862,16.6615753279455,11.1067242765365,498.27573930142,59.5151299481206,4.37339127064253,40.8258112908213,16.5606790851642,10.9245266338574,486.670045816801,57.6244194959976,4.57645369750806,41.2686223944247,16.7918228752652,11.0324211075555,497.039935726661,59.042338383219,4.35369558503131,41.1138219347188,17.0296997980337,10.6011668429732,470.586486623592,53.8932913774364,5.01912012282152,40.6820899362956,17.6944008308356,10.3222040639752,441.997837170159,48.6067553749064,5.56059834436009
193,40.8948423934847,16.717955054737,11.1305684495006,494.836407254131,59.087280970585,4.53127569114723,40.7053695562565,16.6457648457099,10.931314074488,485.333915488871,57.5675133987251,4.72526881640977,41.1799207998128,16.7993307194818,11.0742692232059,495.18135951843,58.9613686438243,4.47043482902935,41.1560149917906,17.0270180249966,10.6509557422021,472.259444705595,54.5006560622589,4.97297198317833,40.6810158398489,17.7484972345795,10.3293743849378,438.330386523215,47.9646987886049,5.83751285845671
194,40.9215913222341,16.7454262641046,11.1045606322088,491.856929224153,58.5511485102327,4.70557063403056,40.7441760187196,16.6562486814795,10.897511544156,483.079489420244,57.0460199923745,4.84474773189104,41.2472068862997,16.7749208701577,11.0689183940181,495.811307011837,58.9996946081661,4.50404134583881,41.202651046334,17.0376572949756,10.6084864883586,473.904219239326,54.7766195270857,4.95788400112496,40.6787925978876,17.758702831015,10.356909065511,438.868870452786,48.0954924043733,5.77624744388343
195,40.9356572637867,16.6563792600805,11.165522962864,494.15477082709,59.0582865361166,4.49743627896289,40.8283571756322,16.6418179745913,10.9328841897555,483.030176364397,57.2104014876633,4.71684787122467,41.2907701149839,16.7512895550189,11.1233693332907,496.978577047183,59.25328815582,4.38723804223188,41.2215868819915,16.9660248532272,10.5922460489661,473.631827803723,54.6596282421732,4.96432793116057,40.7568850444299,17.7135650725026,10.3182759500538,440.532963456718,48.4246641624305,5.65229359950135
196,40.9455022277907,16.6159051340935,11.1124768840108,495.573764616912,59.3940883408253,4.54659790312908,40.7249720089134,16.580453644297,10.9146363714924,483.778136984407,57.4971505463244,4.76568039907708,41.2304945433493,16.767250365022,11.0705316537115,495.911666741504,59.2467610831364,4.49807650487852,41.157161785395,17.040227805001,10.5790662044873,469.741500824852,54.2738296325413,5.08939415046616,40.631853138422,17.6572907967349,10.3566241956198,439.521628591734,48.6201912132025,5.69078131318317
197,41.0035689546178,16.6780375826921,11.1538675618775,495.737356133206,59.2008581276674,4.63785184466209,40.7970792911962,16.5739707646826,10.9907489205119,486.261170174371,57.6066246348753,4.87001216576499,41.3168696538259,16.7767264679233,11.0709404552393,495.971911950144,58.9704212618705,4.60275325842711,41.227580379867,17.0033465615013,10.6186061105223,472.908406990357,54.5165382725467,5.13986783876185,40.6892398542641,17.766929546753,10.3072198163068,436.785733680158,47.7975265950268,5.91266942529535
198,40.974986744786,16.6355838402155,11.1278481623081,495.908179930409,59.2846253439284,4.53009721613411,40.7881755729852,16.6397551522043,10.8965555720829,484.136604221196,57.2902069267846,4.72668281943054,41.2974372885292,16.8127992780865,11.051389779004,496.222235508747,59.0362094540605,4.46376666088109,41.2402761840637,17.016467838844,10.6050362462807,471.061829857463,54.1204475585071,5.04570975169825,40.696303968338,17.7218242769437,10.3137308786034,437.786628677546,47.908501320902,5.72049538437346
199,40.9683382630345,16.6713186113984,11.1314223648757,495.129435121204,59.0751348674851,4.74412658700783,40.7447232786164,16.624679138244,10.9427293160841,483.548212103429,57.2188641395457,4.97428473794183,41.2980678611896,16.7395212757533,11.0855701023697,497.489111079269,59.1892752072809,4.67298203329734,41.1864633862318,17.038738606258,10.6123271655245,470.895130900069,54.223574650182,5.25360685336632,40.7247242592867,17.7104490076209,10.3794018819922,439.35004185961,48.2372221964024,5.9719606284747
200,40.9757498206559,16.6491962065667,11.1047080253719,493.846571531755,58.8718383271983,4.69984962688989,40.7255271675028,16.6437241051572,10.9043351518393,480.788441435739,56.8308777585717,4.97220871610479,41.2302315652644,16.7602189226092,11.0604116695778,492.93615896098,58.4334024405284,4.75323312437716,41.0563145698519,17.0394477082282,10.6149115440251,469.408625277935,53.9924522810665,5.19625305365195,40.7266495971306,17.7266275388177,10.3704961649955,439.397256619956,48.1932343270729,5.86126504037977
201,40.958353596163,16.7066888396201,11.0943110397345,491.327570715618,58.7458557114975,4.63964439915513,40.7366017817125,16.6411046600768,10.9554204191851,484.42208009599,57.6083950847288,4.72446013696527,41.2245745731522,16.8459764020908,11.0437881501443,492.454601566529,58.7361306200705,4.58156997970172,41.1791450289097,17.0331468983318,10.5797717238659,471.00326922187,54.3272142263239,5.04390243302499,40.7170064007112,17.7425121611773,10.3649072444032,439.03225076702,48.4066262555237,5.71768257702572
202,40.9712865462663,16.6687521476395,11.1341031140217,495.307908396978,58.9407184537503,4.57735662833151,40.8300527971188,16.6187611206454,10.9336008689834,484.812041138801,57.1955537729038,4.81222574025421,41.2908670621785,16.7392726748034,11.0763815880024,497.359745745879,59.0435493425363,4.51439722153346,41.1845853005653,16.9797834384489,10.6153476204449,472.823605728535,54.3184839810654,5.08814511246135,40.7627593255734,17.6607032092539,10.366493029879,442.195225646427,48.5957170287476,5.77521977957146
203,40.8957724568285,16.7209330880612,11.1160749864904,494.8340074939,59.2677283573076,4.45220825172004,40.7236146423676,16.6460110012041,10.9177108599223,484.526586080765,57.5331262499688,4.68315831659301,41.1674834656402,16.7853375725156,11.0537882039516,494.336995651105,58.899373637937,4.52319904783319,41.203821634833,17.084587229385,10.5783114592279,471.072238911413,54.329890005321,4.99084313014583,40.6717829575564,17.7149335802331,10.3161141854826,438.733182403605,48.3806212002365,5.68178714634214
204,40.9848456763864,16.6540144316198,11.1913197243025,496.790975725764,59.4669346640422,4.62120219283072,40.7807318270446,16.6423265159491,10.98160098317,482.518209132225,57.0762748171461,4.93067130200744,41.2637271202921,16.8170433164389,11.0851515695968,494.511063693983,58.7479687278274,4.66778779628818,41.2029469833184,17.057573732261,10.6200631516798,471.979060877802,54.4375334440903,5.08889447120701,40.6736723719084,17.7648011959423,10.3289503932639,437.552516969978,47.873691323101,5.95789254499902
205,40.9740913122443,16.6397637027288,11.1976915924372,497.628931049473,59.3833936868494,4.42802481783763,40.7868950963472,16.6185490054416,11.0288485573146,488.549112732933,57.8539757072612,4.58205104359153,41.352304456347,16.7824551090724,11.1207100323444,500.207950958247,59.5133700321947,4.31163960710521,41.2331414438334,16.9795940547967,10.6372879465535,475.693584023479,54.7943991221896,4.85680570865987,40.7140380119874,17.7163812185424,10.3880054800944,441.62732315654,48.6365106680455,5.52141671033252
206,40.9733454391503,16.6712747817608,11.0965366725996,494.633118716382,59.0545200152883,4.54165190258475,40.7536526020757,16.5600485191455,10.917456597861,486.143637122543,57.674953251277,4.64887180330997,41.2763322441653,16.7703670002256,11.0221353137527,496.588843993421,59.1487302344365,4.43592153990667,41.2746582599215,17.0308706444056,10.6467406768575,475.858620183486,54.9012163812293,4.97754203423865,40.7321978827717,17.632148590246,10.4108193276929,441.506573600331,48.6023030684454,5.65528560146291
207,40.9318925682201,16.6378251823189,11.1055675155744,495.271869271768,59.1676448183875,4.39809744023145,40.7841512740905,16.5984983124331,10.9317680134658,485.614090383538,57.5741401702856,4.6275782416104,41.1567185056012,16.8011195345703,11.0058226682984,494.435226598644,58.7285857843869,4.5661954103234,41.1590314667988,17.0485006532053,10.5913382097351,472.340066676478,54.5303405173782,4.84544290254937,40.6962272324867,17.6981924410317,10.3145768643622,440.624970726158,48.4507529604122,5.65393699539879
208,40.930957220107,16.6773537817289,11.0976661591924,495.35746343389,59.1710264374919,4.37475501740441,40.7393464301364,16.5750520686513,10.9069071238566,485.033450546684,57.3959584995582,4.59239484422416,41.2701482083443,16.756965602546,11.0533950578452,496.765960353959,59.0523789145823,4.3531131254776,41.0909224328598,17.0651315274805,10.5459580337791,468.532986621934,53.7212967436394,5.00093661278567,40.6225933820866,17.6691392385035,10.3819632722234,439.086351061094,48.1743615218399,5.62427792227591
209,40.9924212083029,16.6561553915776,11.1150854251782,495.327491177424,58.9530601772671,4.73829307328756,40.7844794045301,16.5690281929403,10.9109878917217,483.967130462462,57.0809844692646,4.96258238717296,41.2353928994717,16.8120780160433,11.0673854201358,494.131548257491,58.4632882173062,4.754785729661,41.2031220576914,17.0238368739402,10.649092740612,470.458227420208,53.7139964314845,5.34921036749143,40.7577047193432,17.6475948773937,10.3801360772577,442.151793192081,48.4603288239367,5.85856943689176
210,40.9053331089107,16.6928483085521,11.158687727884,492.798167071408,58.8854041585604,4.5524081462336,40.746344968339,16.591207381705,10.9709996199384,483.875706252373,57.3801675368394,4.68290769610582,41.2657024444294,16.8010373981581,11.1019851946475,495.955180940986,59.0317254573606,4.51876495422089,41.1968971668167,16.9513714269682,10.6670886699692,471.546601090241,54.3572908346909,5.0220297682835,40.6772271963458,17.6585466389275,10.3623738184117,439.017522963385,48.3212907117655,5.69201862206253
211,40.9530521773772,16.6343839433852,11.1046601220225,493.696598627084,58.8106306582624,4.63096827839697,40.765672326395,16.6651114219752,10.8614304520381,481.585082253668,56.7833037453844,4.88588978021824,41.2702701815255,16.7499460936779,11.0034631992258,496.06848270148,58.8469078934685,4.6410665005374,41.125258589514,17.0221029094034,10.5978224836008,470.200471801429,53.9621108709271,5.17860978930621,40.660829371304,17.6908453912213,10.353766154385,440.050360875114,48.331850994854,5.79200998784373
212,40.8686195703269,16.7180789885018,11.0641615961645,492.311701130333,58.6116452246384,4.81841102223739,40.7736280475177,16.6939002404499,10.8612266936054,482.774489621714,56.9979861908281,5.01309101485602,41.2300517337784,16.7905996980938,11.0539866440033,497.209356755031,59.2253776034666,4.61834046664094,41.2007562856735,17.0177812836736,10.5752088720366,471.454545341934,54.1889867990712,5.25775318856169,40.700521310719,17.7585736163517,10.305827524186,437.911500269154,48.0476452162454,5.97767927806915
213,40.888099722132,16.6505188464186,11.128120016981,494.01085572982,58.9184832933236,4.58666953920012,40.7378580784722,16.618784927679,10.963668859873,485.467929316206,57.5147342018536,4.74749808681198,41.2500426442282,16.7553528491616,11.0615038270174,495.917748644933,58.9798277159592,4.53524593705625,41.146355953092,17.0065559287813,10.5848905312555,471.76335466713,54.2190737219941,5.15096046470976,40.6810060531045,17.6997162191484,10.387991582516,440.949028673673,48.4759454196785,5.75730570178527
214,41.0004328624475,16.7058054161061,11.1324601489775,494.56973545134,58.9476205125989,4.70174810409557,40.771371843497,16.6119047702603,10.9497612944712,483.836078931943,57.2428618172377,4.8954697923871,41.2380139109494,16.7848148997382,11.0286404179617,493.268944790442,58.5421218159375,4.67417102120438,41.2334339393473,17.0089000161935,10.6333701282231,472.105363288583,54.2963439802632,5.20803279465645,40.6547313755487,17.6917457713319,10.3623642011122,438.179425875998,47.9149355924332,6.01904559598868
215,40.9725900747718,16.7008076694276,11.104663631935,494.482244643503,59.01912082888,4.39442096806714,40.7850632856183,16.6533034364456,10.9195466748799,485.563191333196,57.5534828083943,4.56906800818488,41.2463277480062,16.8210655406429,11.070548789436,494.482475001968,58.8303893665433,4.35185997755279,41.185708114677,17.0967284915446,10.5863866514604,471.500774483438,54.3224517131331,4.85325161978822,40.5797417960821,17.8613197630212,10.2426456111946,433.129084816645,47.3263108909809,5.64168116282424
216,40.9908988948756,16.7232936187873,11.151759779832,494.213943191996,59.0836654433055,4.48828616282242,40.7742227977647,16.6241572617302,10.9474453317747,485.07884473655,57.5757643746524,4.64002284313495,41.2211849484323,16.817712800748,11.0683513277153,494.086658937934,58.8705537265878,4.40099653896124,41.1916949916012,16.99268792277,10.652775902655,473.133047403151,54.7393334565817,4.88782533917671,40.6550333247817,17.7180449417059,10.3951661689887,441.307333146849,48.7009920988778,5.60895802349889
217,40.8870937642239,16.7047343929017,11.1033329136704,492.265279629351,58.6972301880792,4.80714131190796,40.7375710816189,16.6194031190735,10.9330423623351,483.995103415448,57.2763041815839,4.96257641527185,41.1178717813681,16.8086686432487,11.0322453805831,492.852014971786,58.5339594423374,4.76780125110247,41.0734916925981,17.023314760022,10.5860771609915,470.16515422085,53.9973476524318,5.32934004026452,40.618099620328,17.7866435633053,10.319679216377,436.501449411029,47.8504838724294,6.06620787936025
218,40.9442080661362,16.7101706777362,11.1170612560954,494.073270424641,58.9209943195298,4.77057949364884,40.8060152809741,16.691891559063,10.9373578341157,483.705896050955,57.1664776840228,4.97783400574181,41.1810260680534,16.787230507431,11.033026094749,494.012998784074,58.7622624928394,4.7051529707855,41.1789894328764,17.0200878371601,10.6303937910851,471.341667915043,54.1959653424682,5.2943554119865,40.6989485840625,17.6975935155708,10.3586362410318,439.622747631054,48.2169277237634,5.96378556432112
219,40.928448090944,16.7254320484323,11.1010533746081,491.07333309944,58.659037052067,4.95884761462035,40.6957129022135,16.6567074107632,10.9186063524489,481.131731617267,57.0179293019918,5.13274064755331,41.2303385491803,16.8282361494955,11.0818252713615,493.755819365509,58.8844315222871,4.82168885143453,41.1371355590357,17.0586158129809,10.5732331234684,469.932730455932,54.2523341224102,5.33096446752715,40.6552661397401,17.7394276598128,10.2708158483529,436.177694292832,47.8009880673057,6.19259227566779
220,41.0318224837945,16.6726919278459,11.1374707869265,494.950633309031,59.0871471051833,4.72244211728666,40.7892506081798,16.613725287049,10.9260505183189,483.727221492663,57.3454547839832,4.88589042787824,41.2479773308723,16.7814827659407,11.0386861772975,494.135059329202,58.7464418321811,4.71836532863309,41.203863131637,17.0535604357522,10.5758502891517,471.322211179217,54.1713566371297,5.20636318735977,40.6943025631969,17.7293574986995,10.3540805175644,439.901719460979,48.361380110419,5.8956221595686
221,40.9973767567998,16.6538207555193,11.1024824229814,496.697399272375,59.2997955903787,4.44846802537597,40.7608412956922,16.654077978218,10.9205836798455,483.117818983549,57.1176399161482,4.74306463673333,41.2592042845626,16.713244550349,11.0334798907951,495.751594232694,58.9096017128188,4.44007834019071,41.2161502840981,17.0418280763088,10.5720789282929,469.143494860001,53.8664048930046,5.0476447529883,40.7765488249854,17.7456437686804,10.3276303857333,437.67674275049,47.9255903215643,5.69067181763521
222,40.9809298149278,16.6866226114532,11.1486094953772,496.146240105768,59.1979509981557,4.82086861060097,40.7658873106075,16.5962053734975,10.9622250891791,485.845423380316,57.5001354248623,5.01259356709841,41.2777771750587,16.8042717634101,11.1147344461122,497.453154885965,59.2343378738049,4.71453277580865,41.1456004924366,16.9988896841313,10.6366544742074,472.744874313137,54.5230737427217,5.25946840171592,40.794423496393,17.6920530281932,10.3620353057262,443.242815139028,48.8236163446328,5.96447103527364
223,40.8680942733141,16.679032214639,11.1126850120441,492.726563919018,58.6097750560836,4.82216376175024,40.678310008488,16.6738873295331,10.9502160975754,483.619927330098,57.1129942953345,5.01988789246208,41.2081555545621,16.809468196655,11.0760155441917,495.876607047957,58.8224485813666,4.74291130526964,41.1282517708733,17.087539694672,10.5946349182109,469.474355179023,53.846210831324,5.30543915827559,40.6477416110048,17.7501300958031,10.2933811340636,438.180776315044,47.9875864750928,5.96083511205815
224,40.9085768794368,16.6924262329066,11.0895628449519,494.18878261493,59.0282648118429,4.2738780468483,40.8131377113564,16.6219782589783,10.937051376086,486.843527393659,57.8308939238975,4.34339231170198,41.1409934657966,16.8018385317491,11.0596404471727,495.816714693035,59.1108953651561,4.19602554700031,41.1998287011015,17.0008816168576,10.6268812292234,474.449283312292,54.8849423598057,4.6821413070408,40.7107772705454,17.699774861314,10.3664148196677,442.267559646702,48.8986377159952,5.34093611856358
225,40.9871642769483,16.6651441732949,11.1382155625286,496.032114437862,59.1452916786213,4.4811194548358,40.7999162863144,16.5955846988068,10.9969883469026,487.694771325334,57.7248574017276,4.66665375032824,41.3257327235145,16.6862959092079,11.0908016993541,499.586602536413,59.5047630124918,4.35113894434394,41.2089175857282,16.9849676858024,10.614351522437,473.89528114633,54.5103666079968,4.93528352930162,40.7474387330842,17.6847042854975,10.347717592273,440.848731587654,48.3400804735845,5.59007504625192
226,40.9639545974125,16.6457022522152,11.1495803373507,495.911664599437,59.1669986146716,4.4919450368262,40.784873583731,16.5677759940729,10.9843746288639,487.151486510829,57.6695932205414,4.634815669703,41.2019173313327,16.7320719754277,11.0814807406694,496.202413385252,59.0166364363205,4.4323705813305,41.186824485025,16.9622301196117,10.632625623804,472.469051073731,54.5120789662149,4.92163276775187,40.6915252497944,17.6933959042042,10.3770763560628,440.900393691005,48.4857594766476,5.5549423575131
227,40.9671201742151,16.6239210906627,11.1681873168521,497.181861943094,59.2156848454046,4.40619480024618,40.7708446682442,16.5902551561893,10.9811208353629,487.821344883548,57.6238703764423,4.63237506725942,41.2177975304783,16.7282641757779,11.1085191849749,498.704222794987,59.1853432343224,4.35079508106351,41.2326447358281,16.9665987651181,10.6843401029293,475.61663391426,54.6756047172078,4.88991375389866,40.7265523995519,17.6578075555547,10.3562386823451,441.682645593373,48.6072330462399,5.5044314029897
228,40.8890074835904,16.7031484960851,11.1412330979608,491.830078755563,58.6541951509655,4.7460247557252,40.7027537638398,16.6890422637319,10.9423239470681,479.549886726157,56.5413595605686,5.05491312641292,41.1426332148075,16.8373526899889,11.0829876227182,491.144451718934,58.332789307004,4.73170232118288,41.184236337533,17.0390744156877,10.6501224639007,469.703087455766,54.0072999553625,5.21691379342377,40.6035574737982,17.7777122164925,10.3469913020041,437.922690120951,47.9741234125164,5.95532978528393
229,40.9355882003197,16.6188990504426,11.1003627638104,493.692827974995,58.9654202592299,4.66657920040005,40.7239200842671,16.6358546423587,10.9746869230738,483.897829731265,57.3060622389202,4.92402410565517,41.2596500718601,16.7871128243399,11.0912808424049,495.90005400557,59.0318152495803,4.63685094581761,41.176836469409,17.0069566822746,10.6164609756818,468.849149450654,53.9310107688876,5.25426128682414,40.6922720108803,17.669513319498,10.3819545841895,440.259187592915,48.4779239226415,5.82280224155309
230,40.9633909446804,16.6827911254051,11.1394585407364,495.564302553517,59.0536200167472,4.63652420548807,40.7768928158328,16.6435311068016,10.9810597018578,485.678985846394,57.3951308137354,4.83969724717552,41.2472600670827,16.8088365488582,11.0691713103124,496.350435508095,58.9538529276142,4.53536966836706,41.1976708332326,17.0319040730764,10.5973531942643,470.256564571991,54.0034225651343,5.13232491042009,40.7376982641163,17.6870010149891,10.3472820340216,440.705723373434,48.3045670317324,5.77658504823053
231,40.9672486322721,16.613199049307,11.1326741815813,496.374332545498,59.4797658958705,4.44911112157613,40.772230963304,16.5863614418428,10.9753275854477,486.840017536101,57.8470569120384,4.66871165534856,41.2466054563769,16.7913332023996,11.0248066412705,495.307039965514,59.0749244752686,4.41122597603434,41.2085446132626,17.0418911117068,10.6277499896715,472.734403392229,54.5655136205943,4.98147578545625,40.7549345241824,17.7458121501237,10.3543945743896,438.78489648903,48.2547054371521,5.68412260896881
232,40.9541043158322,16.6707473841365,11.1592376662122,495.915265276304,59.3274802436982,4.41848693771748,40.7881505756143,16.6112540045413,10.9985955563259,487.297929848996,57.922908667785,4.59669740331352,41.2228086492963,16.7731621443503,11.0955853516354,497.215414982864,59.2929290127725,4.35279714408573,41.1672543715198,17.0034158274964,10.6157780592659,474.100410587922,54.6161441968075,4.92958005002814,40.7295904752521,17.6763128521058,10.3293550105589,441.302698210108,48.5493935517483,5.55594607879154
233,40.921084842784,16.7244214656732,11.0448700317813,491.065020151566,58.57316055235,4.97142107958475,40.7595885893679,16.6377259810643,10.8743003787676,480.986291761043,56.9242998647465,5.19486393288484,41.2495118587633,16.8057009579262,11.0210677034631,495.959986997545,59.1071527160501,4.84569444788538,41.1320957799121,17.0424651915031,10.6112261514379,471.912687074169,54.3963992593326,5.43785445595317,40.6688566373062,17.7753889386639,10.3257311439415,437.025327417866,47.9441364838799,6.20292261381798
234,40.9786474035549,16.681071117982,11.1000920633507,494.886626034206,58.9216486516229,4.77461424046533,40.7744845651339,16.6455942386201,10.9053823676419,484.612702591607,57.2940284669152,4.96224348200849,41.3652228219335,16.7565516867916,11.0830152717682,498.250640491073,59.2429946073205,4.60325993715545,41.267556145595,16.9781608277242,10.6248213148119,475.827986926613,54.9378365574482,5.12123432702193,40.7530700427306,17.7310938029291,10.3669583616083,441.078942864974,48.3477859379554,5.93816456381001
235,40.9464365097289,16.6886328153968,11.1350200131763,494.911150173133,58.9611314148094,4.52485940290416,40.7515563110364,16.5566706017226,10.9427832556212,484.959338510302,57.3593021649528,4.66329443600825,41.2610773565642,16.7814290324396,11.1257374083237,497.811737011602,59.1745222353209,4.42827787321992,41.2250567578856,16.9653027315313,10.6274598850018,474.257183273571,54.746519999178,4.87488629553684,40.6688481038547,17.7374009340663,10.3359618014503,439.746893865947,48.3491613489006,5.61731003098905
236,40.9860603314432,16.6406119253716,11.153479999399,496.175522536052,59.2988464394475,4.52269803086341,40.8064108152594,16.6263808366004,11.0012826104951,486.689679913665,57.7017587981166,4.75890603502853,41.2467534009128,16.7780997107719,11.0801122504218,495.42245975707,58.9523662681461,4.53433727455044,41.1568749766064,16.9908012225501,10.6470573623242,473.897404468888,54.6651979843688,5.08068181983315,40.6798878218392,17.7085269707118,10.375193563913,440.515470608253,48.4900512456502,5.756135414087
237,40.9275321839485,16.6210830658176,11.1087960439248,496.482396704029,59.3753809628983,4.5480677276484,40.7125571112337,16.6302196890622,10.9156561518086,484.210330562369,57.376779669131,4.82439124401284,41.1616400465094,16.7612719903582,11.0474136091101,494.930887130134,58.8995523142399,4.5988406122429,41.1588198958046,17.0120843708458,10.6417754752394,471.134637141834,54.264111666878,5.07555439839565,40.7344211478812,17.729502794619,10.3514156081568,439.343273334314,48.1544660299452,5.83343648246408
238,41.0355192329316,16.7018368291942,11.1351856461713,497.285784799053,59.1240355423515,4.56583611428443,40.8295028544336,16.6238704437168,10.9604293394788,486.159629253727,57.2797434470114,4.80785636368819,41.2922769329759,16.8296114010899,11.0693310728164,495.073406616323,58.5638616832338,4.5841519366596,41.271361214552,16.9613695587283,10.6486295244411,474.141494874322,54.4034385861233,5.0032435961933,40.7017432600091,17.7065916259322,10.3469796180601,440.198808548729,48.0845498962832,5.76914880050384
239,40.9575780317293,16.7231052241105,11.0949893358193,492.421137115746,58.8479180021035,4.3747505981523,40.671058897524,16.6632908989248,10.9294123072271,481.605249036578,57.0710327986939,4.60742761986127,41.1612652956814,16.8220149112001,11.0532509573614,493.970872248323,58.7910855116271,4.43128762407405,41.1848396934727,17.0435340999001,10.6263067982032,470.407385343546,54.2768345074815,4.8507789418908,40.6460884767105,17.7524014695369,10.3344990833945,438.470612443139,48.2478125465566,5.59164757911773
240,40.9475546481711,16.7130324573063,11.1407391808456,493.216522068609,58.8543891285286,4.44541123866737,40.7589831708512,16.6235065824644,10.9653009161319,483.678626809845,57.2595355677022,4.59297427225571,41.2694853528306,16.8128719641314,11.1238804424387,494.944989543176,58.8811269093024,4.35640038180864,41.1832974069326,17.0361507982413,10.6210985222718,471.686596861314,54.3832281784034,4.81529089844321,40.6362304088507,17.6858247945383,10.3700260841627,438.544174772096,48.099656503536,5.50672109681785
241,40.9808018785641,16.6429838956458,11.1370666941253,497.619019437914,59.3972453241706,4.61432781740927,40.7560936951052,16.5827964501149,10.965661231245,487.520094524438,57.7406742395826,4.83091805676154,41.2584595971426,16.7200647982811,11.0189631743409,497.28121096289,59.0802990485775,4.62661349957133,41.2129328128762,16.9877896690052,10.5791577516796,471.152116641359,54.1683517823968,5.17322502237476,40.6898938477101,17.687550067814,10.4067018132258,443.161366703015,48.8146683858552,5.81686656854212
242,40.9167847376843,16.6955393501048,11.1123599844973,494.407586426547,59.1259576480845,4.50433732419182,40.731892051504,16.6366692369295,10.9627888588822,484.97397887823,57.5566832185436,4.68450094974796,41.1813553128189,16.7924346001341,11.0706256609953,495.333837756617,59.0309217403368,4.47160311145129,41.1446776307436,17.0761062131217,10.6147836194604,469.451253144124,53.9772040991756,5.02639175252875,40.6572425323587,17.730214058215,10.3154253062312,435.898313187602,47.8550732152563,5.73755859609667
243,40.9746590592377,16.6414765352141,11.1354229037303,496.112256782628,59.0482856960818,4.56085749623628,40.8383855329074,16.5812592495334,10.942257276839,486.49219940755,57.4193786978673,4.7626834963815,41.2801765905961,16.7605899952735,11.0615636082215,495.472088654486,58.714270525074,4.58836688976616,41.2486622221565,16.963706569581,10.6114891298504,475.203945792241,54.5836659096552,5.03632271505302,40.7085109533958,17.7481506343959,10.3508051686439,440.155486753735,48.059370161173,5.78417027511
244,40.9558459352918,16.707267040801,11.1218891794956,494.837616683727,58.8773982615122,4.86134623022645,40.8025184362463,16.6880701737219,10.9477048338788,484.558187499178,57.0954866041763,5.07892590043475,41.346049295927,16.7606777729469,11.0841154871277,498.424043892101,59.2956511508924,4.68400950772753,41.1447385952649,17.0652617817959,10.6287661855126,471.931754975376,54.0483954148584,5.38013599559959,40.6940786826382,17.7474391425138,10.3531051802088,438.854089041648,47.9551680058414,6.04064200007399
245,40.9782093973424,16.7299553827768,11.0763859728825,494.650073717345,59.0314711735197,4.64611827285201,40.8871729984281,16.5753503484565,10.9105666699368,488.250043961004,58.0145201194232,4.67957712077411,41.2175748340391,16.8269695719627,11.0417061382224,495.317132388154,59.006627990049,4.50061525158884,41.2628165819085,17.013992789881,10.5548126437775,472.832710873338,54.5624475397941,5.09039791690808,40.671324212485,17.8075518488309,10.360078078128,439.367948398449,48.3216973200844,5.77939606183762
246,41.0035491225,16.6775017927763,11.1818026020436,496.127478897815,59.1913050275612,4.4781206173473,40.7605524015621,16.6069455929449,10.9801553302312,483.863282545484,57.1798655450429,4.72705420092073,41.1527615004067,16.8073182684945,11.0821302092798,492.290211116068,58.3884619668343,4.57151807781527,41.1403983268369,17.0758748943634,10.6293936928866,469.795798858221,53.8445827901225,5.06303089421941,40.5929684337892,17.7924767414525,10.2752766918459,435.763673817961,47.4723825103369,5.7825475089826
247,41.0531776365171,16.6119943603857,11.191479574737,499.233796014271,59.7082709699,4.32784322963811,40.880504106432,16.5801815201551,10.9587670367284,485.813248947755,57.4904012407706,4.56859296553708,41.275799748911,16.7597344065762,11.0962655418865,497.076175233533,59.1344514216107,4.37966413214732,41.286451827738,17.0358836086597,10.6517727602332,473.048867526306,54.4084236172986,4.90433378880405,40.7494667019496,17.719889818556,10.3753598529413,440.760903699412,48.366867590066,5.53115778981986
248,40.9905706026299,16.6907679084501,11.1654962108912,494.602747846799,59.1779688746747,4.60364730426518,40.8025514139989,16.7039531568131,10.9960923918841,483.968802421956,57.3170479106153,4.87077829914268,41.2601743942565,16.8374319796336,11.088420305645,493.894339971956,58.7169178904003,4.60603805494134,41.1744184646866,17.0405461017066,10.6598882242183,471.927056573202,54.3481417277849,5.18301483797464,40.6392145783438,17.7269073544925,10.3765886065782,437.804703165532,47.9910044351654,5.87721399436188
249,40.9956924943438,16.6213576426453,11.1633368109286,496.924409936207,59.4189055898858,4.40216476692325,40.7727015904552,16.6638774478418,10.969619189522,486.014767961423,57.6731735990327,4.629254382266,41.3062525005546,16.7183805739955,11.1075946673517,498.819549209607,59.4819612487939,4.30004982763635,41.1903112265519,17.0474201447517,10.6292297917107,472.29888035744,54.4164990950213,4.9101298629265,40.7152410985189,17.7327778060066,10.3901873191662,439.157535539983,48.1875294265825,5.6806365654173
250,40.9874299287109,16.6968771045745,11.1824066911267,496.057022097712,59.3786083231725,4.46318701070176,40.7431186453762,16.5967406027699,10.9834285092132,484.351718951917,57.4484393771966,4.68795429734822,41.2441582616603,16.7941484832095,11.1378581214464,497.171451221996,59.3154328593902,4.41706034522501,41.1999916074544,17.0299723019138,10.675017883156,471.770884604473,54.3218274134743,5.01157791644159,40.747805455138,17.6281455473258,10.357363189371,443.396291555914,49.0256251048118,5.58814033246279
251,40.9199761965366,16.6767108071195,11.1594842442318,495.517006800894,59.263097142016,4.77136335607887,40.8978576134222,16.6262148585665,10.9834677817513,488.293637734578,58.0648587423503,4.83964782090971,41.2793403552423,16.7660271709099,11.0666299404515,498.05573044487,59.3931655093277,4.60950794762804,41.2073872996493,16.9747019764577,10.6062246531425,474.577420673983,54.9714311904058,5.08836839647777,40.7665318656863,17.6543387053806,10.4143860903727,442.476236155991,48.7238366933867,5.86192527048565
252,40.9261337133586,16.6923579498547,11.055355342081,492.045618109175,58.6824713193616,4.7863791901845,40.6750187427327,16.6869793022712,10.9237174751026,481.912981169381,57.0140506357882,4.9941684018644,41.2160916634593,16.7648772419916,11.0200327775078,493.670031251175,58.6938472319096,4.73590657695697,41.1154770370672,17.0339405859606,10.563756104474,468.625017680251,53.7736774982104,5.35692829348833,40.6209594597292,17.7544230646927,10.3179466550381,437.679288218112,47.9897261514803,6.00631301891881
253,40.923428978716,16.7555071706413,11.1035823873054,491.172978894109,58.5040261725062,4.64241303439015,40.6801479682867,16.6277319872193,10.9342643277046,483.077630741179,57.2596634206486,4.80565980430517,41.2124805235963,16.8348897428434,11.034646662441,494.051321673172,58.7837352775043,4.55091119643417,41.1175665467091,17.0374816432899,10.6329563329088,469.792853119004,54.1558826380183,5.05571877148771,40.6153573696751,17.7699543041858,10.3281527827822,436.898112188792,47.7924881576562,5.85703682643131
254,40.9232528021077,16.7117340780371,11.1057591642683,493.542390545247,58.9182215911905,4.50593916961402,40.7248774476759,16.6786261495503,10.935454620163,482.237979970883,57.0561186672592,4.72227782423186,41.1982038944948,16.8256546000567,11.0517062930463,491.524576907742,58.3159510352452,4.497818302913,41.134123668965,17.0521520491474,10.6027501185617,470.157408655506,54.043153900433,5.0178614285897,40.6393020898283,17.6728043803813,10.3565910060599,438.72164854313,48.2035645609808,5.6241790528179
255,40.8922614979801,16.6939604336718,11.0746947442453,489.669481082658,58.247224342877,4.81290732555176,40.7747073668418,16.6426479968081,10.9059005207807,482.549178911385,57.092641058041,4.91294614143405,41.2255442842745,16.7237598659315,11.079035146898,494.500220305883,58.8175372720502,4.62587775854477,41.077233291614,17.0268928031601,10.5381811333892,466.813338048373,53.3796542070858,5.30955619106679,40.6482871678417,17.7849192385391,10.2826754630213,435.781197423263,47.5470193175575,5.98173854901537
256,41.0225515922748,16.6346839952808,11.1451804180896,497.490993175313,59.5576235051796,4.34305152657329,40.7858998937142,16.6518349434405,10.9141782789266,484.298213667776,57.4214402987874,4.58309813311603,41.274761805246,16.825819979311,11.0665312708351,495.381858070296,58.9961269939657,4.42844084001051,41.1698578722477,17.0676489502183,10.6107069731562,470.034130031059,54.1069778907527,4.94615468515115,40.7599351466967,17.7218862970849,10.3754019891065,440.013489903258,48.3240159110461,5.64644214469139
257,40.9902998489715,16.6741986468658,11.104331295965,495.278857412413,58.9639905168094,4.73390566776194,40.798003516258,16.5861835617748,10.929234951604,486.322488370312,57.4824299473239,4.90680982934449,41.2674257686764,16.8175435810432,11.0585662257763,495.424780349601,58.8011099287458,4.68201623104127,41.1881655345897,17.0128057990041,10.6241239889678,472.688108973646,54.3270948083904,5.2312745247021,40.7452312725602,17.6740417036777,10.3425460752251,441.30951393288,48.4792291803645,5.95218287549977
258,40.990815041036,16.7321831539911,11.1601653605331,495.025013619965,59.2141066753154,4.42033075806762,40.73393820053,16.6520768278315,10.9714072006327,484.376513158366,57.5046351251313,4.59430010516422,41.2274186599769,16.8414846918217,11.108448175529,495.619113562412,59.1561622301478,4.34634481849105,41.1421395944122,17.0925018111819,10.631512571262,471.657858297262,54.4770475991245,4.88204599414692,40.6266932019916,17.7620442012818,10.2976672302326,437.961635882814,48.3105863557146,5.61382946382854
259,40.9766016378842,16.6719594002006,11.0892528744846,495.297091043422,59.065549861843,4.3616011067514,40.7611177508347,16.6322427012896,10.9336200025279,483.716626857337,57.1631404563936,4.64525773151892,41.2772924712438,16.7807797805179,11.0459538035793,495.82936361387,58.8742925800956,4.41948157285488,41.2719899168357,16.9791534445658,10.6691835270025,473.799197198257,54.4819857423799,4.86727089856686,40.7349278813586,17.6866455164814,10.4077475980303,441.431587966193,48.5908531410185,5.50169009819947
260,41.0081958531839,16.6484877149495,11.1383641235296,494.129193451662,59.065394711454,4.48442467297316,40.8055330267048,16.5881539009442,10.9732550071827,485.735216754485,57.6741125388697,4.61478445618585,41.255757984464,16.7724797359997,11.0627369061351,493.62792436083,58.750577446911,4.49595893865216,41.2575318806957,16.9675135174169,10.6366553540623,473.384668501503,54.6140931369339,4.96293240664592,40.8115206608486,17.7084961894445,10.3385085305118,439.567403856763,48.2178337648375,5.61453136381606
261,40.8973952190328,16.6975669064756,11.0771745309286,492.581985142472,58.8306881290099,4.61070574897826,40.7101150607601,16.6922420681922,10.8831347115518,481.136318125241,56.9928427677833,4.83590569315329,41.0568669407995,16.8136951428179,11.0014153890979,491.902086579831,58.5009455249925,4.57750560846666,41.0427944670168,17.0313643873981,10.5782383699854,469.497847691662,54.0306145142676,5.18207917828977,40.5768829060323,17.7753585380386,10.2418996970381,434.733067547462,47.5479447887018,5.9110507294799
262,40.8955363910256,16.6609909196418,11.1382323192703,494.093359281409,58.6148323006333,4.55040677182391,40.7461673141439,16.6106238818594,10.9598699910643,487.40335379936,57.5600276735627,4.59250479421557,41.2602124915886,16.7528723094284,11.0695998961115,497.481824299555,58.9177611264527,4.43243409055948,41.1932051398988,16.9708621103662,10.6530535426607,476.127284671616,54.7991749505248,4.85107009026156,40.6733502565403,17.6917670808255,10.3909478285404,441.400120768375,48.3496378405104,5.53733182767775
263,40.8853425142758,16.7309374847065,11.0905185475289,490.020107178408,58.530289987691,4.41453682493213,40.6485346751012,16.672803199173,10.8946570362343,479.967816399475,56.9093548021127,4.57714214550362,41.2160126533059,16.7881587736535,11.0591517785252,492.801590006703,58.7054613359326,4.31848111964529,41.1656931394638,17.0324405463684,10.5818063557496,469.113840105518,54.0769985026778,4.77028006358458,40.6237547571818,17.7839816076697,10.2796471350086,436.725631938192,47.9557630678821,5.43884307553236
264,40.9792877814547,16.6587159589391,11.0856427928563,494.972587475737,59.1972513190007,4.61311130890987,40.8046040720428,16.6086107243376,10.947951965444,487.917379965621,58.0214535620268,4.69372427024973,41.2093286922077,16.7409646725892,11.0235437083949,496.60453594526,59.2621242820712,4.5252435376263,41.1782840512421,17.0002617505175,10.5984349012421,472.997169580416,54.7503535710861,5.01828128939957,40.6734876018623,17.7023229894317,10.3159367925119,440.724058170804,48.4938333076235,5.81113874472337
265,41.0323485904278,16.6049371678779,11.1078756014082,497.389683652326,59.4952525646713,4.54271874542262,40.7294153663186,16.6400306831296,10.9254843800663,482.237540782096,57.0558708809777,4.9388230528821,41.1638792355198,16.7492915957121,11.0162488803369,495.330979901275,58.9923363790646,4.53238760667934,41.2263845336475,17.0007894017116,10.5743254702878,472.713167098138,54.4492148508338,5.10115488147744,40.6948449851548,17.6872129531691,10.3177053647777,440.676280638357,48.6823385875986,5.73843945281173
266,40.937131682361,16.6903534982841,11.1454097051486,494.820506882407,59.3092413658025,4.26323892400079,40.7865191522595,16.6503304260343,10.9414370648324,483.907515276693,57.4208280759544,4.46642192064448,41.2045884715745,16.8373850101978,11.026773037243,493.676106648191,58.7946645525749,4.29545360095785,41.2166300652957,17.0505680508848,10.6142661061562,470.449976330938,54.3380450307004,4.76618320349745,40.6260944262363,17.704637122421,10.3440694772489,439.485536537302,48.5382963712814,5.36290780021186
267,40.9008797893236,16.6756909608741,11.1004214490488,493.070894083701,58.7474706324194,4.64659401824413,40.7580679588401,16.6155238872329,10.9348418960077,483.925268026402,57.1926400358535,4.85371653333382,41.1921847233515,16.8128829363985,10.99659576146,492.397347023741,58.3378576286121,4.67303335442355,41.1673542385257,17.0547170469627,10.5735875472428,469.900132698116,53.8971105633743,5.22722352270518,40.6526338099174,17.7308062500531,10.3130178360557,436.816185750758,47.7033599194184,5.9268843826905
268,40.9571242647156,16.6490511141971,11.1054486172811,495.781284011093,59.0729493400697,4.4107480923623,40.774317097281,16.6318002099735,10.9523311203847,486.059957952771,57.458637131564,4.58297844144784,41.2548500962142,16.7781239378667,11.0567073877567,498.041890866133,59.2285095954962,4.25202287873669,41.2126088687583,16.9324156450475,10.6008402595276,475.163606475346,54.7547296606858,4.72763247442245,40.6868626788111,17.6903169014602,10.3440634486914,441.694456167683,48.6037629562341,5.41882560071914
269,40.8900956837376,16.7369978922628,11.0458409151896,490.539162466862,58.2560012858251,4.63564193507261,40.7789730288396,16.662446002077,10.8923998336242,484.869982062263,57.2480518742044,4.70054666332497,41.2222501151644,16.8054311614212,11.0233493778946,493.747017873771,58.5621375460411,4.48985333252521,41.1869919115559,17.0632929537685,10.5632817306667,470.762472766181,54.0525706829351,5.02171277486511,40.7426640634344,17.6793992736836,10.3706704846978,439.984632022992,48.2431172361893,5.65671030117546
270,41.0501859263058,16.6246177061844,11.1874281022632,498.654658569384,59.5135866283669,4.54238923829937,40.8191110654565,16.5999092522307,10.978885142115,486.928968035219,57.5610196643044,4.75893150863568,41.2518270928014,16.747176673545,11.0719031712663,496.752593609185,59.0098399180614,4.58416860167147,41.2112299003263,16.9899041574818,10.6548586682381,474.949975254151,54.5607746913045,5.11089996388554,40.7303394983986,17.6966465491273,10.3665995895043,439.881728122081,48.2794131099795,5.80019330435555
271,40.9311893933983,16.7350689624933,11.0821300312764,493.991885229889,58.9222559907352,4.40037102182797,40.7171854707662,16.6603878285123,10.8894278427792,482.574660943303,57.0811269924723,4.61596996055929,41.1477921644788,16.8484106904653,11.0318482029314,492.37618119721,58.4630809398936,4.41961920553667,41.2254098529044,17.0196236014047,10.6020146366665,471.839116813465,54.3715281134072,4.83161231361875,40.7068128156055,17.6599083665313,10.3357748593558,440.594985194723,48.4154420204185,5.49635681262211
272,40.9700187513032,16.6963256363393,11.0770955824969,492.924399623865,58.8588694446213,4.5894891531879,40.728951320626,16.6292484484141,10.9128228127724,481.466051293934,56.9784730222415,4.8819050035462,41.2606821174099,16.8024495020359,11.0128557676868,493.024766616635,58.6042659163993,4.5882468172839,41.1533279100795,17.0771960030785,10.5579905910309,469.549462638419,54.0005328775965,5.11918623595396,40.6437232840098,17.7488117959754,10.317346486688,435.839966289926,47.7407194753054,5.83685974725614
273,40.9477217630165,16.7359788227312,11.0799503617375,492.995160894179,58.7545885952059,4.69320794475439,40.7805431515021,16.6143727650179,10.9175585958018,485.15964833538,57.4295818911125,4.83321661213811,41.2312303470252,16.8387859821527,11.0067041205733,493.798531874924,58.6311748277064,4.65995569683986,41.2076910394092,17.0414272320675,10.5945507461669,471.042956775856,54.0720510973495,5.17009532119863,40.620558798769,17.7998895473542,10.2906183631688,437.338385427152,47.8974695023065,5.85510041995258
274,40.8948571170028,16.6533030350299,11.0845250586567,493.052801087111,58.8410820485297,4.4101382057683,40.6877443787051,16.5935594920079,10.9191520449954,483.109622688445,57.1254932047738,4.60870897027282,41.1347437988876,16.7253772286899,11.0517719008593,495.72759374305,59.1484921022118,4.25694411691795,41.1556117750363,17.0611091583513,10.5584904224444,469.232271367932,53.8392259028942,4.98760746744634,40.6108797978502,17.6439546388781,10.3482934238026,436.640648738925,47.9639907011346,5.5267192434165
275,40.9397802583441,16.6726737154153,11.1098500988828,494.319869934956,59.1155878845333,4.53156568604189,40.7482788607479,16.6217224861724,10.9371581156007,484.140746116804,57.426852615734,4.7142654299798,41.2708465901923,16.7580451415899,11.0582285300853,496.028641581137,59.0775229178265,4.45527946829678,41.160653533109,16.9849251221003,10.601587467439,470.44511295941,54.1406677842769,5.10630009673513,40.6739727688389,17.6766106658274,10.3194503822489,439.819526728456,48.3165619813498,5.79726012654933
276,40.9563830044888,16.6756428714752,11.0727766448703,494.257365032423,58.9513369724993,4.60614367497518,40.7584637042455,16.6436077426911,10.873636690189,483.998308623114,57.2865614802133,4.77732082251768,41.2239279664629,16.7819490780758,11.0187351227293,494.314960402339,58.6861841528058,4.61514792167695,41.229879863466,16.9995067024671,10.5781491765402,470.415098718748,54.0791205805827,5.1161543732733,40.760008373477,17.6491535680958,10.3414064106637,440.549656363456,48.3399858036443,5.8155139796848
277,40.9435669851067,16.5990116934212,11.1313411416636,497.578807003552,59.4840810860456,4.25618757824271,40.7863943516742,16.6238247810973,10.9372924760802,486.317086955636,57.5441506007274,4.48098560770344,41.2935892214601,16.6964889155355,11.0832420545252,499.047421788501,59.4613484152634,4.23309080387478,41.1897611761888,17.04497575767,10.6059190226727,472.457132140543,54.2918220181034,4.82172685811358,40.7461046695035,17.7338161386432,10.3234931137349,441.221959876699,48.5095743639235,5.53914193669635
278,40.8978520871437,16.6927013205906,11.1225390416213,492.692112395082,58.7028096002176,4.50017342860091,40.7414265998542,16.6404071958784,10.9359695921427,483.861016717563,57.234657156496,4.67846692379523,41.2296951844874,16.7796822726585,11.0359321305233,494.631990654,58.6954572264003,4.44437671294055,41.1475394354784,17.0348869331716,10.6113460698001,471.022257784708,54.0849762968592,5.06239316003474,40.6657296358546,17.7581276777727,10.3059429784,438.351067337802,48.0580988275229,5.70954466076029
279,41.0202319946301,16.626110565925,11.1373399932853,497.28996103441,59.352932583636,4.44627978801988,40.7624402556789,16.6553150315402,10.9629745197286,484.951936383147,57.3495499803544,4.66933182340674,41.239516052329,16.7612610586299,11.0889407213526,495.218823332925,58.7768043887095,4.45575501330404,41.201887671303,16.9876613652189,10.6432360067086,473.396162555712,54.5045753969894,4.91054685928898,40.7128290077427,17.7472917581487,10.3660426353258,438.685961792815,47.9358638530424,5.77152971484161
280,40.8672275059395,16.7660794074194,11.0549012045477,489.091839955093,58.2338889530335,4.79486785897402,40.7262029595124,16.7140977090943,10.8746755589901,480.707877341299,56.7974332101321,4.91693877617591,41.1605843941558,16.8601178700227,11.0322958273784,491.445726769412,58.4026269687598,4.71297146385472,41.1381318991373,17.0857728592437,10.553441875309,467.095999360902,53.5839986819269,5.28015212781407,40.5941090099615,17.793033933278,10.3208793024955,434.950685557025,47.5036946848358,6.00820553099504
281,40.9445393854166,16.6804487395622,11.1302713508794,496.134786286771,59.2625429227634,4.56923977876758,40.7530297050907,16.6081290288352,10.9579780423343,485.58318786799,57.498225933692,4.82737238526127,41.2803676401661,16.7489075172297,11.0748288811856,496.915101734045,59.1125500217079,4.49518329219636,41.1650306653416,16.9972047533345,10.6230428326652,473.467838407087,54.4919444832783,5.07984697858293,40.7474272168344,17.6940713348758,10.3445563404826,441.648182256226,48.6810593168132,5.68971544258493
282,40.9230439578609,16.6315320988398,11.1082167147181,494.87107656212,59.1169409593127,4.6595610358816,40.7295394647762,16.5855167589043,10.9191569237478,484.685506026589,57.4735467865177,4.85829843926723,41.1654733332901,16.7797804671995,11.0144080983032,492.453477632561,58.5100628248672,4.65953091560232,41.1242574083791,16.9897713326929,10.5861741509914,471.264096832186,54.2400245477431,5.20104938434881,40.7043763913321,17.6898953981181,10.3023973304381,438.723352019403,48.1259945968085,5.84596470895874
283,41.0324008961997,16.6844708665985,11.1616335869399,495.969225119198,58.9676866701434,4.56222165704259,40.8408306598606,16.6352690973303,10.9831313214387,487.229454704842,57.6230473146136,4.63473937892505,41.2644204892245,16.771293090374,11.1283039276506,498.370961139221,59.1799830490941,4.42666956062952,41.2252631124411,17.0477486133199,10.603506340914,471.485652648855,54.1026652274894,4.99800832467721,40.661730702779,17.6888797693319,10.3848023617261,439.573594276298,48.1521625250018,5.67475673901288
284,40.9899691484705,16.6638539249953,11.1724352925627,495.964644234297,59.2101234841311,4.71852713203655,40.7607039603655,16.6384232596263,10.9529547239212,483.521137072955,57.2462204751718,4.95240777706396,41.1465385236974,16.8024373727623,11.0696094089349,493.186441266744,58.526999773383,4.78165973929097,41.1726973143963,16.9642287193004,10.6148998463691,472.669825582405,54.4441999359371,5.20887893593222,40.6881544583042,17.7825329276161,10.3036132188314,434.250708284056,47.2619339358432,6.12602554418616
285,40.9314657682253,16.6903931973489,11.1287772961327,494.367569011279,58.8296790272004,4.60722618954178,40.7527220718588,16.5759848952467,10.9464855184325,486.604861054629,57.5621334661573,4.70213857905216,41.2219683013273,16.7742349928748,11.049841852838,494.754333535397,58.6833666367257,4.57277586844393,41.2013431049944,17.0128116618355,10.6526607611107,473.263415416166,54.4219787515221,4.98899369450864,40.6963515424601,17.6903620636177,10.3641107301374,439.511932740343,48.2269448060238,5.74386791223628
286,41.0427693445318,16.6621747918342,11.1990408029876,497.347610512685,59.3133203784888,4.54175255960544,40.7614624559112,16.652622046027,10.9255230336087,483.950256128836,57.2058616111543,4.73385870082023,41.2743392687558,16.7871900907774,11.0848685148372,494.998881340711,58.6986019550222,4.59688312775684,41.1594573918084,17.0652853992041,10.6207137279418,470.120049571774,53.9532287904362,5.16613379472442,40.6576490190377,17.7182755054024,10.3439293804813,437.748035196558,47.8495383334276,5.90386107332659
287,41.0354524249327,16.66081697816,11.0733057530359,496.605711619175,59.3069517667336,4.45317279410174,40.8160277545611,16.6248435309139,10.8924746022702,486.01779746397,57.545566385061,4.66139027582482,41.2916017856258,16.8241835023815,10.9812464497789,494.579556311217,58.7161738803059,4.46577239452379,41.186624283725,16.9988535493856,10.5373246641744,473.849082818583,54.6256523281086,4.93223804127081,40.7066739742081,17.7456482866692,10.2947198713533,438.922727910216,48.1162629831574,5.65031966539628
288,40.9722648405351,16.6774303792923,11.1006685734598,493.419647172031,58.851047325109,4.65557835919708,40.7533537431708,16.6376212994976,10.9333153916629,483.207583034182,57.2694032610053,4.82330649403218,41.2509337744892,16.8159755370725,11.041870139635,493.300235289554,58.6045290907011,4.65409937871225,41.160176040412,17.0070117126919,10.5665243920859,469.502368538974,54.0021162558507,5.16400458592347,40.5979368700852,17.7787655647871,10.3702408974093,436.896786501982,47.775872614117,5.95101110947514
289,41.0189305392289,16.6580233115835,11.1160840685635,495.94618695212,59.1529961188137,4.36836942856243,40.8148411325886,16.6113809162857,10.94987215479,487.603101419675,57.8076329135276,4.48731792039863,41.2628211637593,16.8243251552431,11.0932040702911,496.702230544679,59.0740903148109,4.32454205119912,41.228906266376,17.0694350425056,10.6646705631082,474.693877881067,54.8269235011027,4.76113268936488,40.7562210047394,17.7357991859371,10.3427523609509,440.811495960049,48.4698733738262,5.41701984836277
290,40.9078149705009,16.6731754786027,11.0963986241191,493.859193423832,58.8870761627731,4.84717580076374,40.7775951688947,16.6494235692665,10.9072836515948,483.725313084107,57.1534725224112,5.08799219973903,41.3196312061823,16.7705498900455,11.0417637473311,497.064210179345,59.0073647097917,4.80981057529944,41.2558840284518,16.9496359926442,10.6306213061665,475.504035461492,54.7823048983509,5.27979991212145,40.6804007804678,17.7227013957443,10.3421302222586,438.580329889353,48.1724805514015,6.09509103534118
291,40.9340811001825,16.6610009530186,11.153604589717,496.147873048974,59.3522499623417,4.42068117317107,40.8649816076954,16.5832320619656,11.022614036846,488.550918259096,58.0472420214286,4.58718173936452,41.2392963046082,16.7484670527653,11.1324369283519,496.852253316815,59.2958877856006,4.33300189170611,41.1604807715063,16.9911362158624,10.7006562144826,474.439093559178,54.879663998667,4.88562084972987,40.7618533523351,17.6748034699853,10.4030869508249,441.398643099432,48.4579178642843,5.66584419430991
292,40.9647232632295,16.6023959019884,11.1572668171511,494.996602852993,58.8680389106029,4.55706909365096,40.7854300690294,16.5641418052587,10.98656994298,485.610804118039,57.281348114375,4.72798484791794,41.2346570401467,16.6967183313265,11.0814476837467,495.337508583256,58.6589414953068,4.56582276509888,41.2285728157805,16.9306235648871,10.6650495622869,472.624534996055,54.1496119882556,5.01621370071847,40.6868910771342,17.7207470383214,10.3297629500268,438.001101310276,47.7489888618827,5.75359875112395
293,40.9157289203179,16.649550798579,11.1025798362245,494.239744351385,59.0783319151291,4.71240052218372,40.6762780288219,16.6695752095305,10.946609127406,483.487340268213,57.2790587401672,4.96173797621934,41.1519508074121,16.7790479868452,11.0709536660605,495.020150804454,59.0246329876015,4.65864272854919,41.1686590927331,17.0301688355905,10.5958864817664,471.513879328011,54.3333507998147,5.21631856217691,40.598483669735,17.6720962771525,10.3103112034598,438.235000529636,48.1464588231405,5.93470718061568
294,40.9237804190565,16.6389251542004,11.1296897461214,495.803911681663,59.5144314044663,4.42853645075376,40.733088594723,16.6086374800761,10.9123329225794,483.175924018814,57.3660706542094,4.72341947891547,41.1807621536481,16.7745500435031,11.0193612932616,492.959075144261,58.7667267000077,4.51027563772601,41.1122549796955,17.0718681178291,10.6230802735371,468.192306589064,53.9012310847972,5.09924954159292,40.6898103504669,17.7668757889106,10.3403283029632,438.336426501024,48.2323293415192,5.70473947373147
295,40.9413489666581,16.6882563035203,11.1318620110257,492.174886528992,58.4904985120619,4.82000407807837,40.8452685568396,16.6376595527547,10.95409887222,484.938892210502,57.2454536751183,4.91331108346318,41.1414488952228,16.7860478055907,11.0661533612756,492.367111661641,58.3808109010327,4.74338091426918,41.0728623262723,17.0075704796415,10.5996469430321,470.508085077785,54.1415683207916,5.17940561839869,40.6870534070398,17.7534632216021,10.3527889622515,440.402302052103,48.4108109359322,5.93376692935349
296,40.9112077737974,16.6822943229003,11.152184588664,495.608223475501,59.2929348236233,4.6181193045504,40.754346091338,16.6239512102879,10.926867318408,485.267077246326,57.5767876244487,4.83142721783898,41.2320994884151,16.7283624840495,11.116722450856,497.44382455012,59.2963079961492,4.57756658364553,41.2003976896019,16.9874481686192,10.6198761101663,474.420142530761,54.9277473569845,5.08972022275056,40.6760530457275,17.6803634314248,10.3404855948827,439.333926674546,48.2180145252478,5.90213060853116
297,40.9414331308093,16.6698465023223,11.1796764973754,495.790500116137,59.2341583741998,4.59354076473187,40.7363381914904,16.5757884868771,10.9959468852555,486.55507368561,57.7420417626226,4.71806184166591,41.217346637025,16.7655380143039,11.1183446866973,498.857139031362,59.6057649859569,4.43104412116656,41.1871465757108,16.9658681332214,10.6663469964283,475.361345136215,54.9986530785281,4.98340577120791,40.6118501639459,17.6781055208482,10.3938925674699,440.343338151407,48.5380546265648,5.7174290795165
298,40.9627235382023,16.697432792262,11.1716526876587,494.195877977248,59.033899045143,4.36717171123221,40.7080102526395,16.6209357629181,10.9571330229996,482.714608264843,57.1772554122504,4.51320166318103,41.1717503245143,16.7772747345858,11.1191727982379,494.440084786739,58.8854539275217,4.33957533973525,41.1485616559209,17.045704471678,10.5758870920118,469.216702189634,53.9487397657968,4.89211246582604,40.7090706298572,17.726172073298,10.3786783425961,439.152452904151,48.3361622226776,5.489100427093
299,41.0233053218144,16.6372239589005,11.1048038862765,495.561623074475,59.1531857991242,4.49846231304814,40.7412638701329,16.6171283383287,10.9282393779017,483.865695949131,57.2517130672972,4.73502802877308,41.3039320480992,16.7466261073086,11.0522153663221,497.139526488645,59.1762588946058,4.39339868683986,41.2466593016205,17.0355481295306,10.6528875441715,472.934776914246,54.4427523297546,4.86391226067963,40.6913911336633,17.7366300143896,10.3568750294146,438.851543378079,48.0605811585795,5.63208424225524
300,40.9845820124825,16.6656940682543,11.1721097790166,496.109002156955,59.1441798122514,4.47187442403716,40.7529593386661,16.5786569666886,10.9889988057272,484.955319843028,57.3262483821527,4.70465017294229,41.2713600477049,16.7356394957219,11.0798615432217,495.742220437744,58.8450999842087,4.43702118148747,41.2355870773204,17.0373402165302,10.6712584826857,472.966314585069,54.3766086397929,4.97688081163122,40.7017930356328,17.7277624311986,10.3903577860699,438.965012276512,48.0685514616621,5.72213715687835
301,41.0236409535926,16.6748604087569,11.0902960919456,493.801343603049,58.9371410916307,4.40169602044095,40.7585037175056,16.6486988682602,10.8584429575424,480.549235725848,56.7233925054866,4.71622077391678,41.2224394040776,16.7456504606532,11.007052665019,494.033395557969,58.744097762239,4.43609180260613,41.2183014846779,17.0130547126914,10.608193428288,472.05666592273,54.3815620519602,4.92112336508948,40.6194939344389,17.7404928520701,10.2677582790574,436.913165259461,47.7808005042218,5.59007757097024
302,40.9608859574425,16.6685946023355,11.1836739793082,496.011175113061,59.283478870763,4.5374399898725,40.7417360672683,16.6680487221291,10.9375221933069,483.444477196162,57.206231362331,4.81218407134005,41.3099892862133,16.8119299555159,11.1149759896052,499.239547253777,59.5006115092665,4.44219021438455,41.1797276718179,17.070656389316,10.6256107510043,473.018118242021,54.5494608472873,4.96260387974112,40.7688810651148,17.730157188535,10.3146456527034,439.897167774413,48.2373286000381,5.70518516464512
303,40.9517479505172,16.6937038180258,11.1312128714186,495.364341499498,59.0907818845541,4.52837699769165,40.8235878543646,16.588159268891,10.9880068862367,488.511293156364,57.9183342150827,4.64804051364714,41.2692223130263,16.7589467867065,11.0678492720683,496.121528909504,58.9424104853983,4.46890067862198,41.1838634425457,17.0545744021099,10.5983003333539,471.631062827916,54.179794963102,4.97493781250149,40.6983567644853,17.724854036831,10.3836141853117,441.095855064647,48.4371887943357,5.65254975499644
304,40.9673539123188,16.6211893336297,11.1717282198103,496.636370499571,59.2858043798211,4.72913923801256,40.7309791896799,16.5871419646733,10.9401127018963,484.573916262711,57.2877414290585,4.94323842485406,41.2953863629382,16.7353548397617,11.1002913738595,498.726408643051,59.2786924001469,4.68083297371766,41.2043295548197,16.9972358089217,10.6103076452766,472.235597422721,54.2802452801335,5.24757725875944,40.7573266709238,17.692952929923,10.3541304323681,440.261144353901,48.3807679837421,5.92104186138579
305,40.9362605464232,16.6783285940185,11.0620994193985,492.642206372771,59.0623577808943,4.59768792195748,40.6687975577241,16.7096502435484,10.8858631415078,478.858970037415,56.8035054696601,4.95447404890648,41.1741452000386,16.8207501230197,10.9792785388966,489.882203625998,58.2481475287457,4.70745130545021,41.144236289495,17.0298134872694,10.5758914089136,469.225768542285,54.2059371034075,5.17227412277553,40.7687599397615,17.7499524604394,10.2718464220109,438.618778547297,48.1862098909003,5.83040332136406
306,40.9399169495313,16.6716303436795,11.1926712528308,497.755119693066,59.2657685770394,4.23621904295906,40.7710967100557,16.5812390632253,10.981594600505,486.732163284216,57.5526383484776,4.40175545322537,41.2620006844835,16.7429723234836,11.1223485168515,499.532251281696,59.3009438389967,4.15888950884932,41.2297756771733,17.0065311916893,10.6700124040706,472.647260885286,54.1623677465535,4.77155247018328,40.8064409168782,17.7047335924028,10.3355453033298,441.470235655746,48.284278086481,5.34456492321938
307,40.9331509838762,16.742362052436,11.1111520373886,490.263203427709,58.6365511686028,4.73653343904135,40.7502422979093,16.6584901097047,10.9362506119852,481.63769064884,57.1348075292597,4.90201977145755,41.1503928790415,16.8264772840192,11.0597332236357,490.429757561861,58.4504620920248,4.68564472293289,41.1285269277672,17.0475408512539,10.5725986963508,469.054959944232,54.2447833075802,5.11671653789013,40.6305827502225,17.78715860586,10.3503878079579,438.00438697236,48.1869611351375,5.82082688574974
308,41.0116162799219,16.6708042461635,11.135868482814,496.526781297924,59.3986184587539,4.83003313312574,40.7494140779237,16.663490587126,10.906486165257,480.732701562185,56.8335201869792,5.17582545588649,41.2088653450536,16.8102408771454,11.0787004344257,494.121394296165,58.8661495842,4.81492742822466,41.1393929964065,17.033062428523,10.5729400583446,468.332217301531,53.896543778386,5.39200916745748,40.7246472275518,17.7358324008737,10.3665877252303,439.000337483453,48.3322491699276,6.03002810908254
309,40.8883933169362,16.7211828723083,11.0850710445335,491.681060508082,58.5270779065253,4.80401485394038,40.7153284621663,16.6717226624815,10.8666043630074,480.83687035104,56.6789375590655,4.99456121801003,41.1739846740577,16.8302002564495,11.0305750921601,495.038847503938,58.7888273457169,4.71077509164608,41.1260652139333,17.0287768306198,10.5947517791284,471.934172073771,54.2446314247876,5.19813473827587,40.7789094694764,17.7583253342467,10.3577522361216,441.179934593667,48.3424708048995,5.93814799392696
310,40.9396515030362,16.6693271434316,11.1082529252303,492.89718846784,58.8700052294442,4.59682770986796,40.7129012831308,16.616184408884,10.9392568545581,483.036927103153,57.2442535596093,4.80295516678591,41.2045625857782,16.7579110687126,11.0646680653414,494.597668860389,58.8800383528286,4.55056185963667,41.1491212437105,17.021918780088,10.6084407178865,470.848417742552,54.1914953341262,5.13123989941793,40.7114648080036,17.7172973700131,10.3319389704647,438.073757486436,48.1003781311491,5.82503488438283
311,40.9025683885211,16.698022339338,11.1230926827096,492.856100234046,58.6379859943333,4.52859650917266,40.7815600781054,16.5861666293647,10.9669159392507,485.849137961065,57.478753112953,4.63142154611597,41.258795916902,16.8019691949802,11.0995158720013,495.517989051186,58.8087968970541,4.44929111592355,41.1353779179936,17.0283518535251,10.6102142490717,470.21048501153,54.0723299480144,4.90438581341667,40.653531792164,17.7631976870686,10.3349983637542,440.861583315575,48.3981037820482,5.57516361147641
312,40.9843612832789,16.6393357493278,11.1610486976108,496.667087044069,59.3809572099705,4.47289350569134,40.7586741943089,16.5888098667388,10.9618465521764,485.684266573473,57.6166061767616,4.69359511339859,41.2181962586402,16.7447225423504,11.097797899714,497.112759175107,59.2089664449623,4.43698809295372,41.1750891015704,17.0369206725604,10.602533101851,470.177658718226,54.117263773866,5.09636614644484,40.7736869646786,17.7087527429927,10.3367697481033,441.062265524531,48.6331812189162,5.65473200922587
313,40.9850217662109,16.6970107109036,11.1131869685417,493.819175762773,58.7539286627586,4.56371150694784,40.7724217182428,16.6034166590301,10.9372832684147,482.992325292509,56.9598204098143,4.81288139651444,41.2592028097513,16.8148354201161,11.0161727090491,493.305044886817,58.3966578158621,4.53432388146834,41.2836094430869,17.0218260280065,10.6355067179026,471.888387819883,54.0972407664036,4.99129399023202,40.6678079630353,17.7248916305291,10.3554096904869,439.106722736525,48.0944387496708,5.67281716806366
314,40.9008527063596,16.6881291223791,11.1547478706502,494.589148101068,58.9999490134113,4.65370246367987,40.644838751152,16.6324613460498,10.9336689083457,482.545346910245,57.0657299882814,4.8649818300451,41.1942781726289,16.7989139432808,11.0677199675967,495.120798665767,58.7263485267964,4.63626545657453,41.1759466432382,16.9775611051936,10.66797699527,474.941433518315,54.8798249297007,4.99530689809535,40.6899394892653,17.7110066751185,10.3702530447462,440.427761201578,48.399596422245,5.79317056297867
315,40.8714249822052,16.6829653429492,11.1180157780786,492.099867210226,58.5702656530967,4.53390082324691,40.6905835995582,16.6362375795525,10.9559717709776,483.023615768071,57.0922906543855,4.68193961989352,41.1542323766395,16.8498578609418,11.0127931150119,490.683640117585,58.0704321755135,4.51262702560162,41.1882864029182,17.0644229641909,10.6499752047402,472.101069529311,54.1242547306429,5.00620478629042,40.6531584874358,17.734384605611,10.3377461607431,438.278335568603,48.0073898968075,5.65095419110947
316,41.0078588485181,16.6194478947783,11.119190133228,496.812850925011,59.1918330530007,4.50253071511809,40.7980389844955,16.6016271281545,10.9294578056396,483.84985305967,57.0299034032325,4.76307687498577,41.26496182178,16.6884172474711,11.0739059733525,497.89462994098,59.1080712866799,4.4723120580008,41.2161297119261,16.8869193261657,10.6437429343084,475.382075086811,54.5823520787987,4.99582455496893,40.6359992923055,17.729518795768,10.3004947544453,437.756993613339,47.9551394113749,5.69289936890228
317,40.9319851576184,16.6515125729912,11.0890819289825,493.96740803848,59.0013273331985,4.15773422745494,40.7092345626879,16.6467774569603,10.9059583506027,483.297683714297,57.2287225922469,4.34831783581749,41.239097057865,16.8079255201957,11.0201409152312,496.000454732671,59.0348765064207,4.15703952840828,41.1357237311713,17.0442943948087,10.5880869299363,469.221548768343,53.8480104909327,4.70232393323848,40.6673355019905,17.685920946033,10.3059603781626,439.145946338947,48.3636084547764,5.27141871638573
318,40.950829595176,16.6533131702057,11.1707230591058,496.145410860687,59.0029261635981,4.63951633150309,40.7508143424114,16.6092490351529,11.0260461536453,488.075361315624,57.6991077959143,4.75856019537996,41.3749049772213,16.7194477140501,11.1077952374351,499.476804748522,59.2798759913363,4.57017106722161,41.23805390036,16.9977704544302,10.6587552372088,473.732494202964,54.3843362473243,5.09605039769641,40.7724856495439,17.7091874279146,10.3824145747571,440.838768113199,48.2212962797394,5.85377355327943
319,40.9131044818126,16.7073275920608,11.1519633823491,491.408742708467,58.6392953732193,4.62945991343795,40.763453599301,16.6366727341666,10.9708537270343,481.736199985337,57.0825725886173,4.78869111745016,41.126609252763,16.875093961049,11.0868988849182,492.257404890536,58.5502007602999,4.57219671559281,41.1369076825048,17.0544458801162,10.6183791054044,469.392811019742,54.0253671118293,5.14018177628537,40.6476523354766,17.7508883331034,10.3551441618445,436.201152158453,47.9474232868839,5.71817938751502
320,40.9326901452521,16.6706998091033,11.1273215431333,495.760346533982,59.0739203319201,4.45488138276329,40.7343686611159,16.6399708566624,10.9236620339386,484.168153138504,57.2100995846399,4.63162874907962,41.2561625693018,16.8176105087072,11.0599225447487,495.172162235834,58.673946141603,4.421804650081,41.189114799423,16.9941272148128,10.610434795505,473.369903748573,54.2596465851789,4.91805887227789,40.774079779888,17.6606382952693,10.3405113567309,442.017227288671,48.6104265221135,5.48242532960274
321,40.968890357527,16.6641892456833,11.1666176359978,496.649770006604,59.1907053508801,4.65258124796345,40.7024461237553,16.6040301761329,10.9997330719759,485.601209263318,57.4341510090911,4.88247973453292,41.1713843234046,16.723245721954,11.0978498100178,496.677432324977,59.0699519531169,4.61528905425518,41.1658195077559,17.0785732260441,10.6349394395506,471.588418383366,54.1029046956297,5.16044542362991,40.7265010237819,17.783942586989,10.3501693221491,440.601973122179,48.3283549525442,5.82035842452614
322,40.9256701489677,16.6788416362601,11.0926080257598,492.622177577415,58.8863816323951,4.65625463103523,40.7001339929131,16.6109695037064,10.9233592407681,482.605484459775,57.2739854941864,4.86587338141903,41.1596855680834,16.8127127598726,11.0164560585418,490.421422818025,58.2977955329974,4.72978792176391,41.154025617609,17.0196455430155,10.6004655291029,471.986049649277,54.5264863414836,5.14946745304959,40.6129659935763,17.7567231473915,10.3201740439668,436.435024907385,47.8021885461362,5.98274980035121
323,40.9314790328651,16.7216786472963,11.1410655019813,492.721095393214,58.6783062745001,4.82197157065629,40.705768428933,16.6825021305502,10.9545079361235,482.434345166883,56.9902904747813,5.00352938624279,41.2372594965742,16.7659062072833,11.0965464402984,496.520997464614,59.0000249670154,4.68288384542853,41.2009369154093,17.0767656792072,10.6214231428458,470.856837399884,54.1034317093064,5.2375810620982,40.6296246072203,17.7141494731117,10.3577474543454,439.671575996813,48.4469566838874,5.89449535389708
324,40.9775133504545,16.6409611888349,11.1767830162871,497.101903479419,59.2974563835604,4.37388257347889,40.7532497565609,16.5738981745505,11.0101947772629,487.488042116991,57.7383886447801,4.5655468992178,41.2266316013649,16.7550846119382,11.1020900164658,497.443822714134,59.1687966750489,4.30081956601761,41.1523103180071,17.0072462403123,10.6432048831102,473.463705232945,54.5424885618755,4.81464274184588,40.7141741583181,17.6848804605066,10.3473168320521,439.91928656508,48.2173438639694,5.56824946465349
325,40.8300958965973,16.6804629578404,11.1000519867315,491.0575486492,58.5172548475301,4.63039626507935,40.6705753787673,16.61518799389,10.9324632901572,482.429339255341,56.993502740957,4.81423895424614,41.2461438855834,16.7649619549973,11.0418335054959,494.478331277172,58.7820130674716,4.50476634754403,41.109934418746,17.0602249878507,10.6162310162206,470.866841456004,54.1077610623669,5.06525944205072,40.7105686581149,17.7306975633568,10.2749474121904,437.653998403713,47.8782320500273,5.84591496820636
326,40.9578167264694,16.6440990504285,11.1187665436509,496.496605474672,59.4622946436898,4.4259901440477,40.7257620420655,16.6683853584234,10.8829570971951,482.12061167473,57.0425516076799,4.70773120108366,41.2255718917958,16.8257581552428,11.0270064071042,493.8037754744,58.7569068099853,4.36339065171834,41.1629210240993,17.0777070624587,10.593355985001,471.895301586515,54.4943632329943,4.88068784905636,40.6685966080593,17.7738273922744,10.2742531294035,436.613261611148,47.8474364953677,5.64715395522866
327,40.9987990259594,16.6496024191291,11.1428767116713,498.128260160391,59.4706770664903,4.56877213371137,40.7500356878536,16.6263631857721,10.9386632638799,484.87188480793,57.3564797178838,4.7761312336836,41.2159415241747,16.809430050047,11.0420555388999,493.491552639376,58.5073403641589,4.65174730809973,41.1963879614275,17.0743131806999,10.6280663997434,472.052101404856,54.3004595347041,5.0663173500259,40.699809178152,17.7188255001121,10.3177535411943,438.62742364531,47.957971515525,5.82496162577509
328,40.9711704666344,16.6653815824589,11.1236033458321,496.468851464067,59.4872309533408,4.45453846976025,40.702300790709,16.6342172154664,10.9016473622966,483.837220525343,57.4419496248859,4.67235210950221,41.1472894846577,16.8380307279087,11.0494330814002,493.161278070814,58.7146304622709,4.51707439105082,41.1748566947286,17.0683412808321,10.5968911221392,471.290706798466,54.2925543203676,4.99454554792801,40.5993805365521,17.7458949966074,10.3303979749444,436.404839633214,47.8717508872427,5.70942534557112
329,40.9814131334036,16.6732979324944,11.1337765391688,493.828001351934,58.7832618269206,4.74161730501958,40.7773492424624,16.6224806548381,10.9512569255866,483.546752007777,57.1849871008466,4.88604225181071,41.3233610435775,16.8097215534332,11.0822094965792,497.332581113753,59.1034988978407,4.59379832310373,41.2732058522683,16.9922736018538,10.6203303619952,473.27337841532,54.5186992813731,5.16480455141869,40.722804649196,17.7313619881815,10.3082360397844,439.110832831216,48.1524122994124,5.88259185888042
330,40.9179182282895,16.7002855119192,11.1456057858879,493.312251834059,58.9215267245473,4.74243662622036,40.7892542635277,16.5975150552716,10.9814164408588,486.285600118359,57.7281176944788,4.85584673908644,41.2412919263015,16.7770119166264,11.0697306586284,494.787413436789,58.8616586668537,4.73014421815094,41.225915604316,17.0139057913728,10.6440841298448,473.074286102293,54.3809552737814,5.18971590289392,40.6635807626766,17.679260738886,10.3754447815438,439.16246013821,48.2575596829683,5.94847786470151
331,40.9420711180708,16.686235852042,11.1219049773113,495.622688095931,59.1874018616197,4.52582865191486,40.7601559900104,16.6253615489495,10.9601829320234,485.998233372456,57.641795934631,4.68667518404941,41.2688105259287,16.72057263182,11.0926779382997,497.715288479916,59.3020415633799,4.40888477919087,41.1706229404112,16.9445087461553,10.6751660362578,474.167306056519,54.6869199684313,5.00525805857596,40.7633836001731,17.7217384653369,10.4012345123303,439.565624897261,48.2514796111137,5.76653765706689
332,40.911299245093,16.7118592978946,11.1666309025205,493.25744181472,58.9307058290956,4.75283469106927,40.7045445344964,16.6272459064984,10.9737529871476,482.785897035816,57.1352040065234,4.971135898476,41.2916546285033,16.73448089428,11.1073387290457,497.587948218808,59.398844845843,4.6295511363707,41.2463407166576,17.0610132440688,10.6295172100241,469.7046465464,54.0211773939687,5.378512036634,40.7344625796368,17.6973446448543,10.4279594962013,440.475970771604,48.4587085002791,6.01379654560112
333,40.9408613797947,16.7176546679401,11.1280172572952,493.75974731205,58.8983799038898,4.64660912022252,40.7946176567342,16.6128338195957,10.9781498339098,486.360750813532,57.6648495826153,4.78133299467381,41.2539564987511,16.7996464957416,11.0498354281154,494.458253742386,58.8102461383336,4.59797855987054,41.2476340186996,16.9987012516717,10.6308028097572,472.333285523658,54.3418280523667,5.13562708999363,40.6862010040027,17.704387888267,10.3913475866088,441.58455890006,48.5641853055394,5.77146763716603
334,40.9463373737549,16.6486664709473,11.1170850722488,495.212257234733,59.0173491994813,4.30979213193818,40.732990928027,16.6208840063827,10.9204722784522,483.2512513584,57.045812790686,4.54445849591565,41.1540874592497,16.8236209226166,11.0384765529221,492.462172484665,58.2856738591114,4.40151340849477,41.1734146490994,17.0601990055914,10.5507048729944,470.32209065768,54.0363499288864,4.7410368227933,40.5747625922287,17.7685835085589,10.3351345322819,437.491003048786,47.9402370887021,5.48375989643557
335,40.9980473966077,16.6729971859576,11.1144633066138,494.602216779021,58.9520685737648,4.60308385600265,40.8585502798728,16.550713153206,10.9643147534102,488.604038202024,57.9809026619696,4.69938298924034,41.3202258054134,16.770846767172,11.1048076155331,497.241105519949,59.2480560866455,4.4732270014599,41.3202382162399,17.0241946483122,10.6677499313199,474.325983506968,54.4489046423294,5.0342746045991,40.7101231506855,17.7183835081829,10.3980545469065,441.093953809273,48.6510141621564,5.67010361067837
336,40.9316720325161,16.7433863244687,11.1681332941423,494.315827807312,58.8015335413886,4.73232078631259,40.7329519228127,16.661868323437,11.0009927317968,484.348217596213,57.2252157059355,4.92162740990827,41.1901177424862,16.8421842231163,11.1413652200209,495.858193423087,58.8456305250631,4.66080529106633,41.2249173901655,16.9581221009792,10.7022335915618,475.191111191125,54.8809816889697,5.07194480448515,40.7724284757928,17.6893173311087,10.3629544533517,441.800503481459,48.5440622743436,5.93161623260199
337,41.0427506754554,16.6529270698615,11.1334078929144,498.073570250643,59.737386769202,4.45081917791125,40.8055097352304,16.5741482905975,10.9529720493527,488.050604356165,58.1060913541566,4.61611510499251,41.238450441853,16.8223752586381,11.0443470257554,496.520431203107,59.3005542831623,4.45643504127411,41.1602851698667,17.0779293850428,10.5500571435128,469.935352211092,54.2309868709597,5.05698883858202,40.6947186949415,17.7192128129654,10.3008904762324,439.314650176077,48.3859328932584,5.7558346694679
338,40.9389394633076,16.6305282267244,11.1647264058357,497.285492833427,59.3888634435102,4.46237553526373,40.7097282299449,16.6011644359795,10.9864529893708,485.952917879585,57.5474239831371,4.67827019654972,41.1178574707277,16.8084478315256,11.0663531365589,493.53877547682,58.5360828586987,4.55284474622226,41.1970827744514,17.0551150447379,10.6465526250816,472.367828403249,54.3287794836431,5.00547245589475,40.5951234837309,17.8021817662595,10.3534370407519,438.593592315666,48.0006282211717,5.72024991891255
339,40.8948129414385,16.712747988535,11.102231837096,492.603996584963,58.6778190845907,4.83762021936188,40.8130923586952,16.6500779067713,10.9325396524725,484.419771099317,57.2821527503742,4.97423628070123,41.1718316231797,16.8109964043187,11.0238769726676,493.488241580669,58.6359657536056,4.77859956856387,41.1758522964761,17.0647100875202,10.5893478534376,470.688438484651,54.1006673128103,5.3282298670069,40.5810284805557,17.7456320106896,10.3271208435911,437.488161875938,47.8664829158512,6.07589664655729
340,40.9285998921177,16.7076722615558,11.1538977759062,493.023392443622,58.9162295575526,4.78034977263826,40.7845268068323,16.6211708219952,10.9788778257287,483.391657652548,57.2353098821138,4.99691169589266,41.2870220516594,16.8370322602329,11.0848224082339,494.127084185321,58.7629943069857,4.69976604525029,41.2159209244505,17.1091284989704,10.6352285806639,470.600246101062,54.1783288618845,5.28127848787241,40.6366485437581,17.7616219811657,10.3203207126284,436.467613685878,47.878786799562,5.98063055392499
341,40.9974930147605,16.6609269471361,11.1369888344531,493.480525516683,59.1535406752188,4.5794437424044,40.7449625134652,16.7001735906777,10.908178245108,481.545955565397,57.237149726816,4.73762111507352,41.1840649199847,16.8115816547513,11.0334571477396,491.511496267045,58.7387073409881,4.55007143412034,41.1535592214055,17.0511667127753,10.5920224132227,468.787823100579,54.1447057223354,4.99762117152938,40.6167180349779,17.7782468795459,10.3220236196557,436.109527040827,47.9253562076317,5.76720444576908
342,41.0477294336577,16.773530972302,11.1537749122724,494.397015229299,58.6827288854994,4.86590386857558,40.8108703780622,16.6841257496346,10.9841489139025,484.564136972947,57.0887254623454,5.06760581271365,41.3218135086798,16.7731393936698,11.0816082541677,497.301797153494,59.0471216744721,4.71797547582229,41.2484278072058,17.0278524143881,10.6523749220004,473.085761982923,54.4150679541681,5.25030411094928,40.7004173196137,17.7074139451562,10.388957819239,441.163790114611,48.4415921818549,5.97745926725057
343,40.9982480395302,16.6347482489292,11.0923691434777,497.079492441331,59.3761583100922,4.54086093242942,40.8034901415068,16.6124223000584,10.9567651341531,487.381414038955,57.8372854910607,4.75287229354812,41.356715904386,16.7441546406297,11.0740447167756,499.349396791604,59.446064434962,4.45441338221785,41.281866137888,16.9942384302574,10.647232121019,475.795209974353,54.9126614063396,4.93774952258839,40.7492081966206,17.6987901417808,10.3746608642862,441.634468071202,48.6052924337928,5.71733114346218
344,40.9487488694404,16.6838356917749,11.1539578388403,494.476378849964,59.0794860374967,4.49472321575082,40.760599375984,16.6125974550265,10.9806741652462,485.962021912258,57.6591295274715,4.6693201398539,41.1330658173781,16.8330767625253,11.0657557514416,491.491202186312,58.3878182198393,4.60777353909327,41.257404250426,17.0365652842334,10.6487469613412,473.874896664565,54.6915353617966,4.94676395429604,40.6828134364919,17.8096713147334,10.3203771543603,436.733970016753,47.877595976041,5.73014538391871
345,40.8880207540303,16.6944973178203,11.1539157844278,493.851851061401,59.0044065726167,4.72980134825096,40.6616534709378,16.6538725847891,10.9301903293878,481.048295401372,56.8494501411198,4.99737274346583,41.1591686297076,16.7557942751971,11.0574971061223,493.394666411412,58.704977140951,4.75740209894075,41.1777836777893,17.0144300835971,10.6137737723074,472.512164870975,54.3276363233935,5.27084042274069,40.6206947992602,17.7016778392637,10.3455859716395,440.061737856519,48.4832120806697,5.9403602404685
346,40.965541523601,16.6966666117584,11.0594285253003,494.351107440353,59.1193778562791,4.56841024285211,40.768983609621,16.6952770486965,10.8450061743436,480.666074841718,56.7622775297106,4.89444238270738,41.2924925386022,16.8344403373506,10.990888192586,492.969953417605,58.6079805165779,4.61863103190027,41.2656186427509,17.0550457980556,10.5522637142965,472.305037131854,54.434772109746,5.11099579099373,40.6452838126054,17.6742845332399,10.3218114477136,439.934655186379,48.4903018070668,5.7724154765508
347,40.8804549951568,16.7324962231597,11.0934544554196,489.034788506086,58.1316004230083,4.69728208205089,40.7130338467233,16.6649149502856,10.9265079393993,482.722197654836,57.0819730439031,4.75199683938708,41.1714337421162,16.795879232028,11.052801243412,492.893437644187,58.6338252774826,4.56512713089402,41.2114914804402,17.0590742649713,10.6199834444838,470.818760323322,54.1746069261794,5.03474510067783,40.7720165410069,17.7555122791171,10.3046060854002,437.573256468522,47.8093010670017,5.78917099181187
348,40.9279403114283,16.7469439808638,11.1688628743414,494.709739920845,59.0623837291063,4.58812365093685,40.7688486142137,16.6161924838142,10.9581424460777,485.214360102838,57.495120823888,4.66330892547107,41.2282752151869,16.8077017840198,11.0955026899158,496.582381984418,59.2067414867268,4.44235922891594,41.2011701373307,16.9980557998701,10.6138661486166,474.127408138023,54.8005458816392,4.98661215636449,40.6992251755233,17.7645091769001,10.3242397861284,439.494189305221,48.1572391123761,5.79012862226592
349,40.9033701930014,16.7045925988026,11.1136726375714,494.197734077531,58.8895571366522,4.62166791713206,40.7120785778139,16.6409939117347,10.9614788736284,485.544628770541,57.4302535004551,4.80199017199066,41.1603784463181,16.8366679418798,11.0438763706801,493.268793588665,58.4933424033623,4.64486867314462,41.1090289014788,17.0417634577299,10.6151208519796,469.89051900526,53.9202473650476,5.1429234168821,40.7438568399351,17.7128674303015,10.3531625156534,440.048154919202,48.3197630577583,5.74238088860046
350,40.8719518220522,16.6923018279093,11.1311633240186,492.624450632222,58.8452763808288,4.60104947070484,40.7476519663592,16.6966451321808,10.9257008926263,482.206547924231,57.073030882887,4.79345899722812,41.1767953096286,16.8248586222536,11.0738049371149,491.388794369651,58.431988575577,4.57027709002275,41.1154446659191,17.0321107718684,10.5990487178108,471.176727042797,54.305877416098,5.06197456127129,40.6130641614228,17.7171176622819,10.3335407756179,437.800376900296,48.1213970621875,5.73273765949143
351,40.9395797907117,16.6649175089606,11.1065280885775,493.918412479186,58.7789473059882,4.45321972257232,40.7717114026815,16.5806648656388,10.9736688545552,486.253159642515,57.5351567592598,4.61032522768283,41.2437559983381,16.7542625463257,11.0847346267785,496.533485934335,59.0006007404314,4.38491127320931,41.125025615532,17.0526527183363,10.6110880558274,468.166875570934,53.641385863321,5.0360280925998,40.6454153912811,17.7574449994981,10.3200803448601,437.32734452436,47.8519904256943,5.60225405635392
352,40.9608443670107,16.6916467964182,11.1400473536816,494.566867196078,59.0158799071294,4.67379914718916,40.7537586150887,16.5982942092686,10.9609580069674,484.165793879253,57.2728154200033,4.87836912268096,41.2519445285339,16.7663285205183,11.0848222015513,496.889123066471,59.1582215068727,4.5587065908737,41.1494460066517,17.0303051838041,10.6426804098516,470.432623648792,54.034434131788,5.1487347200796,40.6844003390471,17.7249981354083,10.3436995008413,439.60406120371,48.1572823482002,5.79901934583559
353,40.8621816609865,16.7575489655828,11.1415056699933,491.002990072356,58.61064791928,4.77683349579121,40.666955519773,16.7114751916839,10.9363608528204,480.129067668721,56.7952776725484,5.03975690257,41.1146844027135,16.8115912733022,11.0931531180519,489.967238644568,58.182950047132,4.81103091095988,41.059907076074,17.0204462337794,10.6040114416204,468.424442174941,53.9121409350753,5.29623640828586,40.670380389281,17.6937580632444,10.3158164484205,438.496014240995,48.1061796802431,5.94535086964611
354,40.8879204051011,16.6701136825121,11.1232750252822,494.141864847535,59.0255731865485,4.70550476589126,40.7123322496823,16.6476363673183,10.9221491723856,482.651871309447,57.1140417050637,4.89324626737874,41.264057866144,16.7496227697129,11.0482631126166,495.196545567544,58.9558742582108,4.55210916890642,41.1893905156319,16.9568937859036,10.616743505738,472.302794950201,54.3778429691259,5.12150787023556,40.6959158233068,17.7693151928873,10.3501281805747,438.419531402099,47.934689512228,5.94774989562829
355,40.8930381671046,16.6948419803393,11.1872805287642,495.00815271614,59.1824579183814,4.54760870445962,40.7366049216929,16.6452803918894,10.9699505055414,483.499818611271,57.2500002802985,4.73996052077093,41.2449408399285,16.8311596209311,11.1150627116099,494.793988774315,58.8730857521278,4.53876324524551,41.1668722585899,17.0133103271133,10.659491953944,471.59566685807,54.3555047542262,5.0564599049708,40.6520788220686,17.7028136096883,10.3709652992005,438.775901449194,48.2319210948634,5.77320998823233
356,40.9024910576783,16.6234478112131,11.1070314547639,495.679994191404,59.3159844011293,4.31695792096501,40.6846134059678,16.644966800412,10.8921948894392,483.230929637272,57.2165176266887,4.57069061077062,41.2811179439068,16.7802809964066,11.0319006525657,494.506418656479,58.7719622243447,4.36847541175023,41.1897245504922,16.9878571406577,10.5974886657783,472.764537172917,54.4433112805297,4.81371135626595,40.5562366735,17.7508288050219,10.311561786686,435.954629626237,47.7671144495966,5.5923572717224
357,40.9826572907459,16.64065201998,11.0762789453915,495.010153472954,59.2076936997925,4.36910525561933,40.7757511564803,16.5929957642426,10.8940616069689,485.958603173902,57.800434043764,4.48720388337713,41.2697524879496,16.7797286072556,11.0052990561861,495.349264443893,58.9532617814184,4.38816285519434,41.2726827754933,16.937157690861,10.6109684215691,473.379996025527,54.6671135238504,4.86511976559701,40.762037245949,17.743193338071,10.405261260454,442.53213388444,48.8688412678415,5.41374146963019
358,40.9165295100597,16.7095566630515,11.1138995434627,493.218088013466,58.7860431761235,4.57151358803209,40.7028814135941,16.620663226146,10.9166334000494,484.055236329245,57.2655466540798,4.70168773224292,41.2175263281759,16.7812672536183,11.0624437248772,495.455857085582,58.9208667416975,4.46041358558784,41.2383300433576,17.0200373982822,10.6100027897873,473.149676029112,54.4237006186954,5.04885799882668,40.6958239373206,17.7080786725027,10.4059126640544,440.56020233827,48.3705110328985,5.76331075153854
359,40.958478535752,16.6596699393204,11.1383465528786,496.15105526759,59.4035453379023,4.43061192478552,40.7121537148351,16.6543112401399,10.9408885526368,483.149813037577,57.2121936996211,4.72215497726696,41.2199106291869,16.7871006781431,11.0802950710812,495.191719398942,58.98818990754,4.44899115725386,41.2391134985614,16.9774223546045,10.6489126401147,472.272313489855,54.5042713132256,4.94662753106292,40.7307783931947,17.6746976903965,10.3328971303426,439.243650136164,48.3233744636632,5.63912169551209
360,40.8724624438734,16.6720341381716,11.1161852800712,494.806573530981,59.0223632706643,4.51852080998174,40.7227708017913,16.600038392826,10.954183184616,485.403552076235,57.4245937634736,4.67759151201017,41.2246156311512,16.7379261017324,11.0423997610018,496.775927088962,59.0369225622157,4.4661462077083,41.2381601527171,17.034650976231,10.6192330968416,472.090342131202,54.2415243760535,4.97871303996555,40.6924017010868,17.7275716759417,10.3146436218156,438.907031201384,48.2834832401042,5.58380738690135
361,41.0041033422731,16.6119092298764,11.1565696965688,498.23148836081,59.7420675198519,4.36821365274098,40.7922533397335,16.5406905888282,10.9676029902625,486.969794090347,57.9413619276956,4.59149365733496,41.2305649101386,16.7426096329354,11.0846772030467,496.766896781122,59.3305301035505,4.33797980003855,41.1479738318762,17.0762140334175,10.6366388239028,472.222007057085,54.556886384324,4.88713774902717,40.7262770088451,17.7385162263923,10.3719325332388,440.998981373516,48.6406743033506,5.51376775245243
362,40.9030316763729,16.7020162983103,11.1292893752598,492.002482861755,58.6853318152172,4.8922382858696,40.7334258060934,16.6440521222706,10.9197627258124,483.142150816168,57.3178725895289,4.98472462280676,41.2338039352464,16.7806226645497,11.0300972754846,492.345447133208,58.4258137973643,4.83913604306652,41.1409881663054,16.9772415378505,10.6176236964833,472.12353911696,54.4443686553471,5.24556315985738,40.6316808954188,17.7019915021135,10.31011632091,437.053856654885,47.8969069050427,6.10872925430525
363,40.9578106672566,16.6595862965348,11.120308700852,495.790883134522,59.3530188970097,4.6242658051233,40.8591977921307,16.5966486122077,10.9439367095626,486.713199525208,57.908769214135,4.79194442141075,41.2870886086086,16.7299077908137,11.0437543186416,497.199650304813,59.3602442602515,4.54992749258254,41.1659306688806,16.971795311833,10.6227577763475,473.633225593197,54.7602483374853,5.05312468228449,40.7164489749894,17.6622895234972,10.3607231258026,441.128940251011,48.6380372929681,5.80790041466502
364,41.0080601172775,16.6899293829584,11.131017669842,495.386204204676,58.9435369659728,4.52571928046693,40.805951627454,16.6694898260663,10.9631274397017,485.005538669587,57.281440141153,4.71964887224508,41.2558350020927,16.8034844941166,11.0656247243893,495.128636321878,58.7084957558642,4.49471764458362,41.2333661131109,17.0325787827522,10.6233897850492,472.056189473748,54.1538790950732,5.01122657565886,40.7065811175164,17.7099370037621,10.4207610754001,440.883536979358,48.2793728137698,5.72535998149586
365,40.9850293094525,16.7090431765722,11.1186550527935,495.243280753603,59.3427853149494,4.48410033028489,40.8006615186785,16.6673362281649,10.9002715006493,482.05124234573,57.1433808395825,4.80256245691264,41.2054943589633,16.7969538419854,11.0311356080364,493.792024141156,58.8621624625422,4.52989687454727,41.1676852287594,17.0168708332564,10.6197424706239,470.622830251791,54.363645787389,5.05866850760802,40.701707470352,17.8016641050131,10.3101567398751,438.927172833544,48.228244244023,5.79123759907275
366,40.9682768423814,16.6569233849229,11.1530956077213,497.631341122926,59.6653804271775,4.35764420597005,40.766018718634,16.5938491244992,10.9863428043228,486.993623990688,57.8781297784206,4.55929645178493,41.2029533578671,16.7766662232186,11.0743089672096,496.265133293331,59.1640445991833,4.37385464222052,41.119741869141,17.0236816056165,10.6610296988583,471.571410807661,54.4698001944232,4.85906462618295,40.6901906341524,17.7139650325868,10.3512977954515,440.629746244201,48.5911791552549,5.55578303178037
367,40.9898029570076,16.7108283615578,11.1047592467688,495.979585411544,59.2115411250594,4.48840900771664,40.7815653941069,16.6067762563054,10.9412262512078,486.254411109662,57.6428461600828,4.65332488428995,41.2702980806651,16.7948168311972,11.0500574170839,496.862842927467,59.0541563539365,4.47823431067019,41.2540521460271,17.0302694813228,10.6459466667063,473.023444934848,54.5369038071386,4.89841524476196,40.6982906706598,17.69634956023,10.387869945555,440.38758573612,48.3422326518403,5.67260728371457
368,40.9484182669562,16.7491416907433,11.1258990214148,494.898144753322,58.868041285627,4.83875730670162,40.7971195262587,16.6296323530182,10.9859482363395,486.137447292523,57.4689135761055,5.00585430037238,41.190873426826,16.7857815257687,11.0899741052876,496.688543368839,59.0509976196176,4.71787727363017,41.2338291810858,16.964008672507,10.64262772535,474.852872842226,54.6087192937463,5.30014758869445,40.6622170916379,17.698369835381,10.3594406382999,441.367355340166,48.496730357549,5.99662076652404
369,40.9592358123783,16.6925924436157,11.1043716354932,494.360904080352,59.0263149067961,4.70394902333438,40.8088045774075,16.6043750669984,10.9206792595788,483.877074063165,57.2920399098094,4.9225056386021,41.3139084118413,16.8060494321696,11.0508571623641,495.374788475366,58.8997106653294,4.68857959594839,41.1749695108114,16.9660032024546,10.6282203180705,474.778579176785,54.7768432628749,5.18729877192878,40.6944804881647,17.7230848770003,10.3226471058309,439.894682379527,48.3605103659037,5.93731763668237
370,40.9769921658674,16.6731508629508,11.1901682659898,493.401052092531,58.9114134690457,4.51360345887993,40.7817086571316,16.6716284506444,11.0228131807617,483.757189585384,57.2491609843101,4.73808973601811,41.2304888564819,16.8064953583961,11.1090816615597,494.769829946042,58.9011818311814,4.45229525841107,41.2174393327842,16.9936575837372,10.680554907006,474.550384398376,54.8813765515664,4.86185719049705,40.7665494585319,17.6848195673478,10.3777156862592,442.347679698407,48.7119094341141,5.55039496936488
371,41.0745757927456,16.6768786262464,11.1772386297563,496.271806688032,59.4077221225711,4.45598087375524,40.7946098173565,16.698736605674,10.9199641857908,481.944091643614,57.0511889457262,4.74208330009301,41.2865751279664,16.7961565759203,11.1423043394735,496.80842537465,59.2955290626219,4.41047183367184,41.2264335346551,17.0919402684052,10.6314405506439,472.224452677682,54.3921053769061,4.9949228412577,40.8141541972893,17.650170129593,10.339394075987,440.956939814088,48.4650210140836,5.68453705917692
372,40.9623446719678,16.6764920446261,11.1167712509205,492.129821749804,58.6993030282834,4.52319807566569,40.7673517251925,16.647513147179,10.9239548215283,481.86302120608,56.9069989682073,4.77001958859051,41.2201108658932,16.7593608971087,11.0366054914799,493.40890429963,58.6167855343305,4.51579142772934,41.218834231732,17.0673747574301,10.6219194411718,470.849252555552,54.1421787389742,4.97024842453089,40.6527382773088,17.7269715391396,10.2993256117866,438.273132830075,48.1833355991866,5.66823142310103
373,41.0075567514433,16.6985952517285,11.0985655941159,495.515167569449,59.1973652622785,4.81442620678879,40.8821858990743,16.6489772069333,10.9476414740094,485.727386335512,57.5502346642514,5.08104315602662,41.2843604197652,16.7858146103987,11.0422358299524,495.900528100469,58.949634993697,4.88745125119717,41.2072744663951,17.0176018879342,10.5569946072339,471.888247287637,54.3420704621056,5.41572120510075,40.671018212065,17.7411384724254,10.2952865668887,436.896060730942,47.9739779712981,6.17085864446767
374,40.8979102950449,16.676267545331,11.0799784659212,491.457292341713,58.5763407957071,4.54739034587031,40.7796415125089,16.6298566020896,10.9302437443134,483.394204767719,57.2574456256505,4.75782541519962,41.1673749590115,16.7628381836265,11.0498504432855,493.294888411001,58.6491931203337,4.47181071835852,41.1351302495821,17.0041443159425,10.6283036178385,470.687651636859,54.2663027934515,4.9997160481706,40.7280570795099,17.7279674662877,10.375306732846,440.066729316867,48.4466607096901,5.65659703410275
375,40.9271844248451,16.7321204681419,11.0784276448406,490.842338152159,58.6155118780748,4.53518291139412,40.743006789315,16.6207669310927,10.9003039139749,481.841163457602,57.1320039533478,4.7292086771504,41.1873446606412,16.8480604288361,11.0345695565546,491.286756793811,58.5059545422562,4.4964638429312,41.0822984936157,17.0648200601935,10.5368425944738,467.685230054184,53.7762834412878,5.06808308317303,40.6853790241067,17.7786124486974,10.2469073791249,435.830669961007,47.6323585617208,5.77081390725377
376,40.9913053023044,16.6825924927281,11.1755996863709,496.158015434512,59.2147817976668,4.34622841044703,40.6947054576523,16.638886907052,10.9613078459096,482.621851534958,56.9773809142394,4.68228557395315,41.25765011718,16.7333007720983,11.1324896941211,497.644694684882,59.1954438999159,4.32219728777637,41.1584530936297,17.0388409258388,10.6897180320897,473.18231331735,54.433347586701,4.82640833995821,40.7206163345948,17.7171029164047,10.3765423866553,441.343503948302,48.492472395041,5.53880986691475
377,40.8841180518495,16.6657766398266,11.1550313645291,494.684701663746,59.0485991496806,4.54353239376214,40.7557936690708,16.6143218228711,10.9774560997852,485.837428816681,57.586307581669,4.70533530884262,41.2463580646077,16.7647402438973,11.1209556334315,496.784867299391,59.0648985675181,4.52327250433498,41.0990942356899,17.0338875430299,10.5856540913136,469.525936985002,53.8882139654949,5.08236800129924,40.766844471901,17.6998980562412,10.3204432059921,440.993664873512,48.4427781515553,5.64214407971389
378,41.0324430140178,16.6178119444021,11.1713916652963,497.741961731745,59.4972244641144,4.68803602477077,40.8051468763622,16.5680168398526,10.9892493221526,487.739675528433,57.9117202348899,4.85536446258484,41.3469295405517,16.6795285226851,11.0915596567239,500.69965144603,59.6570529875123,4.57704944959759,41.1822829047786,16.9511331600303,10.7003861325699,475.678115493387,54.982213620929,5.10337683930248,40.7940693197337,17.6346586361999,10.3377916505605,441.022085880153,48.6047623066523,5.92461148281009
379,40.9641508796217,16.6170793162135,11.1353388167308,496.584815319672,59.4744526276535,4.4562236718233,40.7145819566944,16.6443237407782,10.902423326552,481.964024928424,57.0452325308057,4.7764963691895,41.1806651877069,16.8069259739968,11.0176037130776,493.968665700653,58.8435911652393,4.46766682108472,41.1590472853502,17.007874352414,10.6080267708816,471.024411044174,54.3912735385278,5.01996686787511,40.6990834612344,17.7788118984218,10.3295894724988,438.199537711127,48.2520685842787,5.68376887124767
380,41.001230995666,16.694278491534,11.0597481187443,492.638304185795,58.7383944453838,4.5856284741528,40.7674780139656,16.628325505329,10.8793277105608,482.476265672334,57.0541633906559,4.83555146924874,41.2314071386687,16.841608122121,11.0120614175795,493.637060116209,58.621237985932,4.59417382687747,41.201876133557,17.0443905430506,10.5707238824375,470.329551402025,54.0270771485511,5.07806876717471,40.6759518670144,17.7783705600071,10.3088085712864,436.148344145712,47.8409782013232,5.77265189471922
381,40.9200278323417,16.6248649374383,11.1055356101751,494.3010763288,59.0524940033782,4.45949497953107,40.6657609663206,16.6616815060223,10.8811336216845,480.990956470833,56.8854254033377,4.69484045785424,41.208022417166,16.7492526141626,11.0263627532402,493.573320139163,58.6435532977027,4.43141007694807,41.1624856769655,16.998450045403,10.5869215999584,471.028323138812,54.0557521666888,4.95943185649519,40.7356596327808,17.7001607615028,10.3211730631895,438.966014659669,48.0555901744617,5.60946293707178
382,41.0180899202328,16.6347380179678,11.1489879702549,496.684023020969,59.2975680621804,4.38300825546064,40.8518731666559,16.6102383416155,10.9520472317536,486.365181123673,57.619473843359,4.55594854003547,41.2631985865399,16.7966057632968,11.065541656965,496.627194025827,59.0195940853361,4.37604377439412,41.1548340801695,17.0667887983622,10.6577749449629,470.592536035665,53.9154375223736,4.98858319982765,40.6654354366343,17.7432689086431,10.3749491413494,439.508150949339,48.3091927115152,5.56267346482727
383,40.9478450972762,16.7109514016913,11.0307112685892,492.387082859389,58.8673548335099,4.62690455017745,40.7415602752835,16.6742775081133,10.8906428824861,483.882752746911,57.3818539884661,4.78797003374115,41.1902040135427,16.8033503664901,11.034630415418,497.207877324564,59.3661439260978,4.50687062039226,41.1485244359188,17.1059733495651,10.5562343905821,470.239974543681,54.1130567615418,5.06546162223006,40.6163036957038,17.749213990319,10.308550876112,438.375110052674,48.1852492719048,5.72376451402194
384,40.9690197086273,16.6590543225755,11.1360174523521,495.471377392143,59.307220465377,4.43730818233331,40.7525700571254,16.5770383598337,10.9064431293953,483.479657811129,57.3228916207261,4.65303746655087,41.2740538545202,16.7263384835325,11.1035860990462,497.578125547891,59.4973724259529,4.31778913225746,41.1593795317525,16.9914196707561,10.6142342765347,470.795700534666,54.2843596483872,4.94219498071867,40.7105464807117,17.7269424919065,10.3358282747526,439.450992627547,48.4491996117727,5.56675935870392
385,40.9745795801928,16.7119419688497,11.097828350729,492.554713708711,58.8985851749356,4.39078553989359,40.8107414142975,16.6352845880358,10.9071543078301,483.595173351542,57.3894521847026,4.58583772029284,41.2674473622998,16.8181505641807,11.0356413764409,494.449839147356,58.9716127535283,4.27805673094881,41.197025655399,17.0987359522435,10.5920984598574,469.553688124694,54.0356328135854,4.87615155005854,40.6598498605029,17.7223904664082,10.3084582661225,438.353038364585,48.1696476511639,5.58081712415203
386,40.983376003924,16.6385078169897,11.1384922566735,496.934728256222,59.3815540066318,4.29699032484861,40.8121784928045,16.599392840712,10.9896555147233,488.553396183668,58.0559657879956,4.43421724537493,41.2159982340207,16.6899438082652,11.0706554342838,498.367271565422,59.4517983042422,4.20654304419714,41.1631422711934,16.9468481040941,10.6934655504144,475.085068930529,54.9275521518055,4.7028712478839,40.7156801675883,17.679395168663,10.3927453587707,441.75251842889,48.837256745411,5.40213263818307
387,40.9499920061876,16.6992242720954,11.1117068122297,496.350753134543,59.2465021792281,4.31397767640496,40.726666720825,16.5817831625593,10.9296714706893,486.774577402267,57.6546773976858,4.48505617474764,41.1676026813241,16.7596725575694,11.0654832304928,497.078374057172,59.2166408102066,4.28199534481535,41.2300753502232,16.9869371904567,10.643577804925,473.508669839745,54.4478284983386,4.85533888134198,40.7457558806169,17.6879133402462,10.3448629932531,440.803479009866,48.3781198947648,5.5280535810508
388,40.9185477407294,16.7087007099981,11.0680786893628,490.524863006501,58.3447572030313,4.70273838521686,40.6779511889403,16.6083044747078,10.929395634941,482.0184875994,56.9584538217067,4.85687281810592,41.2161394150993,16.8241036618706,11.0470577990186,491.839386586503,58.3048275469786,4.62128574811684,41.1425980828114,17.0054221548122,10.6097905929415,470.823960524725,54.2013858954397,5.03054107652957,40.6437338515379,17.7097741986177,10.3380016479894,437.217576659295,47.9022236433016,5.79044361695378
389,41.0176505417999,16.6584897068765,11.1748714005708,498.784000151063,59.5865470987475,4.32634387873245,40.7596931108245,16.6399045401396,10.9348405585357,485.285173425008,57.3626432361637,4.61979606070246,41.297391652876,16.7459398939896,11.0948231615319,498.549542357915,59.313706100704,4.3087936311308,41.2279468018576,17.0455264576315,10.5923676723916,473.687304012822,54.6006897082542,4.81046004452688,40.782873579184,17.7969566165241,10.3766870349634,439.59155052928,48.1575807371611,5.59204173777953
390,40.9265085245395,16.714046225905,11.114030586212,494.918408675118,59.2380467455163,4.509590833777,40.7936773017195,16.6253845763078,10.9250341921046,484.843983107799,57.5884733546348,4.70600862526053,41.2259654456488,16.8168334117373,11.0330325881933,493.359347848369,58.698202362674,4.53409713994148,41.1560019911314,17.0604665387923,10.576033201221,471.23206143541,54.4621093813523,4.98546979805887,40.7966591111029,17.7547816786245,10.3379806982796,439.730582497044,48.4202507878977,5.72662961037168
391,41.0138945336181,16.6369165308184,11.1893113367993,497.879390368476,59.4264173756583,4.53476321208216,40.7720229500776,16.6212149681844,10.9927448801907,484.999221398553,57.3070145700428,4.80824844344171,41.2652636249681,16.7400177948051,11.136259428884,499.660125615438,59.5784742176466,4.4076749084907,41.21148100932,17.0036566745285,10.6409144461056,471.855407171398,54.3500927907937,4.9821678366014,40.7674245654379,17.6871045809788,10.3666118506191,442.429722979867,48.7318918870344,5.65476095049338
392,40.9657646033007,16.7211113059112,11.1690286948884,495.272300823725,59.2465362961808,4.44143559803538,40.7567403659584,16.6157132876198,10.9643793134668,485.043457436328,57.6685277358362,4.64533180342671,41.2016121965187,16.7931690774291,11.0700562242908,494.343869491024,58.8799457613508,4.42480871003038,41.2148376113859,16.9979399215759,10.6571390391526,473.35641514091,54.6564843895353,4.88229862922899,40.6874277662126,17.8076814781312,10.3396727992811,436.729276605396,47.8971552525865,5.72972226193971
393,41.0216234575454,16.6582940576864,11.1204288840296,494.211099620411,58.9291905731404,4.56361569554408,40.8054412333655,16.6723030358112,10.9068924880365,481.616325126459,56.7600658015932,4.84812243116986,41.2629727529001,16.7807826194373,11.083856309831,495.48503030135,58.8528267058959,4.51369044330233,41.161020402236,17.0173773492523,10.6197366718522,470.433110197394,53.9683540497207,5.11924289760946,40.6892797893675,17.7132248558675,10.3301044038605,437.826851583211,47.8438133283675,5.87544336279236
394,40.9622094066115,16.6410780243093,11.1725516359506,496.128924845648,58.998386572697,4.66486391491302,40.7603187253512,16.6135087016164,10.9760892470063,485.497066539267,57.1967577443245,4.85906264052378,41.3269307684507,16.7419650298033,11.0877700273327,498.408854377794,59.043210045417,4.59720108757834,41.2726440430304,16.9752510090775,10.6348355608914,474.532270161173,54.4821939243236,5.09561878630592,40.7990103371165,17.6618229372635,10.3661311015273,442.618262000092,48.4774034568936,5.85501559253935
395,40.9851641251291,16.6192113498899,11.1866704372729,496.682672661001,59.1974157750676,4.44036033805395,40.7865233881439,16.5606558582957,10.956268806274,483.941293692202,57.1489465738442,4.65882569782855,41.3286195850151,16.6851647518468,11.1686639841274,500.251232667958,59.5319854281882,4.30803764601833,41.180661533208,17.0029261859711,10.6283812189205,471.470428761813,54.1088786988996,4.90339796378275,40.776737305518,17.6685932729978,10.3821648062904,440.487981511154,48.3497886148572,5.53177090770295
396,41.0283266708607,16.6233058847958,11.1113076606857,496.623508898668,59.3846279534746,4.45885030900596,40.7786183568555,16.6077874987669,10.9247330204033,485.120306956705,57.5182678688078,4.69937489555529,41.2599575625849,16.7773035742792,11.0512274024891,494.994833814805,58.8433965594905,4.54205160184988,41.1441277426736,17.0213702554263,10.5980279714913,470.91670922438,54.0947588948189,5.13186174252033,40.7122528205278,17.7482552596103,10.2900800502502,439.07172754896,48.2183796232011,5.72343779838624
397,40.9087336880982,16.65812571845,11.0867944369642,493.252957099274,58.8706336835627,4.58581846807972,40.7407893038491,16.6471975191271,10.9375574468469,483.898782581464,57.3193376469237,4.71728037810503,41.1997872894374,16.7581694905533,11.0526045042582,493.753148885325,58.7394811645087,4.45587240864334,41.1946690023329,17.0296981596665,10.6024425169248,471.20537393312,54.2757401427063,4.99125724940319,40.6544145262016,17.7655726270464,10.330690044455,437.716245591816,47.8945182063218,5.71540912865824
398,41.0118572895776,16.6965229063628,11.0860605256621,494.408273835471,59.1836470184113,4.88580230577967,40.7775174777548,16.6296887183828,10.9055827978719,483.629731331692,57.4470576759685,5.1067277958106,41.2980495980941,16.793912450671,11.0740266260988,497.182968646257,59.3571765250125,4.78876203500802,41.2624259147379,16.9836077013815,10.5771748789567,472.196938013153,54.5850832828975,5.34663661556923,40.672744494518,17.7281248878614,10.3252559733585,440.648781693371,48.7847788221874,5.99097385648323
399,40.982934224309,16.6452054624821,11.0804498108493,495.765209318246,59.0538760699453,4.32142928067234,40.7828648193123,16.6052298695876,10.9237190857915,486.944305498626,57.6074553247663,4.47142318581713,41.3165105307199,16.7452624655463,11.0505825499441,497.242980666864,59.1574968745535,4.17535965161059,41.2470211571617,16.9884385875385,10.609950727257,475.122445131607,54.8977715991828,4.6331993940934,40.7648888687187,17.7072427495996,10.32827880796,441.807503380601,48.6120014882338,5.39037142216824
400,40.9578493391816,16.6798901709007,11.0954686697821,493.320536841926,59.0433020352199,4.74442544826181,40.7692041896957,16.6092263865375,10.989265401918,485.270215111814,57.7317343298084,4.92724453366298,41.2135687756547,16.7863319497987,11.0538522559456,493.44419015432,58.8788859900392,4.70223527773702,41.1635501458817,17.0166156152756,10.6459956242414,470.382974242671,54.3546309105995,5.27625241701922,40.6485198095389,17.7444574269184,10.3403299010019,436.940064566653,48.0949769312209,6.01196469478188
401,41.001847953326,16.704513484479,11.1164356474798,494.048464207804,58.7610550445356,4.5611421722233,40.7841357210928,16.5924155728697,10.9834195495329,486.945426960803,57.6806296620002,4.66044505839361,41.3365983922032,16.7216555031577,11.1004701175543,499.53748626069,59.4428151081589,4.38950796271611,41.230585068277,16.9805519508139,10.6537030977568,473.910108649613,54.6246991891253,4.91299424023464,40.767591271237,17.7289955378573,10.3176801122933,439.956360339622,48.2702985494525,5.6681727557297
402,40.9534262890211,16.688606975363,11.1273826180705,492.961837466632,58.4670987730485,4.69267866069917,40.8073344063621,16.6136815885444,10.9773863997487,485.436543491279,57.258706629094,4.79599216380825,41.2140396833784,16.808601717633,11.0782921855653,495.475068885357,58.6241567368864,4.62610153262271,41.2130271067123,17.0134152922218,10.5712508372844,471.387442288796,53.932457513598,5.20345267181967,40.7086528684698,17.7548932754103,10.3191922118379,438.852506389261,47.9138381802403,5.85735445797849
403,40.9249909079153,16.6199811013259,11.1232761517274,494.351594109833,58.8816168193429,4.52029328794498,40.7479117547442,16.6154260134879,10.9587191650008,485.174392844838,57.3186406766977,4.71664491678815,41.205968174931,16.7131872418293,11.0711294668119,497.569018944809,59.1591120210263,4.39866829337947,41.0890729574662,16.9738903752475,10.5813246863165,470.328634937136,53.93500964641,5.01699805973727,40.7184107784828,17.7094193629592,10.2693005282917,439.281754535362,48.1108735008339,5.60356765512445
404,40.9212151037785,16.7048598915966,11.1694576362496,493.407366499619,58.8563477691929,4.66718325738705,40.7961237623924,16.6127228731604,11.0178574281738,486.146967134935,57.6814306202055,4.78356470015509,41.2984776930741,16.7561681863269,11.1292945711894,499.745135102294,59.6811802868256,4.49185631447485,41.1710075161724,17.0457982266964,10.6268072415528,471.569453812093,54.2393341049192,5.20593061644875,40.6627381426666,17.7287216181286,10.3888512011563,439.567003674087,48.3750958754687,5.82801823737531
405,40.9739500507538,16.7203606402609,11.1313706226422,494.333051390046,58.9128524143685,4.639555161121,40.7706736372193,16.6433351430482,10.9443180643435,483.027776422393,57.0273428771887,4.88068365743309,41.2555439223292,16.8397740309967,11.0403224155761,492.83478710453,58.3923917307699,4.66035962092697,41.2326643979017,17.025705543272,10.6530972034982,473.088740781968,54.3426119758058,5.06927311124032,40.697547814251,17.7463171453679,10.3416967531879,437.03970525441,47.8889950472824,5.8884744825066
406,40.9580568468877,16.6746562292903,11.093104087864,491.3444117233,58.4215788489237,4.46174735252533,40.7647950309875,16.6337644724063,10.9408886817509,483.603925709996,57.1738277061841,4.56369237172052,41.215567536625,16.7745973403477,11.0681035784937,493.353724677271,58.5264345498459,4.35175398869923,41.1796747644917,17.0095852493888,10.5874811569026,473.110404298467,54.5646099744654,4.714703681103,40.6612456239994,17.7308290865986,10.277130265329,438.253639686269,48.0831304853656,5.46768723829368
407,41.0542339024465,16.704964317843,11.0968734181697,497.353851298439,59.63163683785,4.5291375960367,40.8364728462113,16.625566977843,10.9225092841065,487.271492297322,57.941273735374,4.76440928315706,41.3016063413828,16.8328006143138,11.0329147410521,496.368407334016,59.2528303999116,4.5355490684701,41.3079299097952,16.9994746574988,10.5841771293503,474.883965624697,54.9878710262928,4.97653551871294,40.7544169069886,17.7305222036743,10.2979242368409,439.567067038981,48.3618113145333,5.83646524291534
408,40.8904342905264,16.6809786912873,11.1237773104235,492.518741206615,58.8517992234119,4.65360489088521,40.726831361897,16.5902320816922,10.9577050183892,483.26987797459,57.3339208931292,4.83479985645863,41.1666221922835,16.7856992706428,11.0758039869024,495.088905057896,59.0195217358635,4.53472468515664,41.2049818555486,17.0614645643863,10.6306837959165,471.759192884107,54.4868164132204,5.09928741058393,40.643191864236,17.7027553883836,10.3332943515879,438.853503176769,48.3524402900369,5.73716847398511
409,40.8994945549341,16.6772748665626,11.0896491959672,492.41675755734,58.4261734545745,4.46600207228884,40.7608928115238,16.629162166555,10.8988006217704,483.500698003342,56.912794322693,4.63521043786083,41.1020765793263,16.8532260554863,11.0113753004478,490.952831964908,57.9946528941423,4.43018644504193,41.1096729307944,17.0268038747231,10.5832699656044,471.305269577532,54.1416250572737,4.7940137821283,40.5946303412915,17.746725530615,10.2909897458081,435.352665730053,47.390630466925,5.57392937136343
410,40.9163425095029,16.6890682552332,11.1803076334524,496.476798406186,59.4793102471221,4.34332458757453,40.7689655917832,16.6773439363072,10.9598314392083,484.865803261188,57.5396851601741,4.5698360827436,41.2100849854699,16.7756083701756,11.1210868391113,497.311824532217,59.374491235291,4.24918691461498,41.1500062125047,17.0267659821004,10.66805811311,472.335817392103,54.5986769134018,4.84908477444559,40.7299618665045,17.7294777446128,10.3555286092084,440.362929622816,48.6266600322902,5.5052041945239
411,40.8506414623519,16.6641947889008,11.070665147087,492.752419986497,58.8341194508544,4.5081072618363,40.6934918354094,16.6408092363488,10.8994644699638,482.826365154959,57.1251166493341,4.7020385881169,41.1740436357062,16.8339314362512,11.0169397761795,492.4670748846,58.4432573061491,4.4908605136236,41.204811440703,17.0320785897063,10.6074477145997,472.995911495598,54.5830837263321,4.89316500396319,40.7545128848933,17.6668415217714,10.3624010677576,441.481446373208,48.561968244044,5.63577682118494
412,41.0021621655198,16.6265206598754,11.139893409857,495.871902656531,59.0588260088508,4.64710888268726,40.7343586966676,16.5852091055037,10.9045543420614,484.476768064131,57.2317729100473,4.79704374833222,41.261977454157,16.7678673722255,11.0623120494341,495.553679764533,58.7745267420515,4.54165665688821,41.1841510009088,17.0276902717764,10.6166977037624,473.650929174207,54.5234778803023,5.07706517061753,40.6978880231647,17.7288100938218,10.3593490845707,439.364197608659,48.0214801809431,5.78316115457207
413,40.962809274666,16.7571049747163,11.0901576022799,490.215225142853,58.3555876798392,4.89151746323447,40.7045729294764,16.6703789949136,10.9090634985723,480.738282831373,56.7834780271685,5.07262874533883,41.2023272239391,16.8534809330449,11.0377358523646,492.822715342557,58.5494119288441,4.79584163756813,41.1445353830807,17.08157867017,10.5764900350778,467.213210728663,53.5892379306391,5.40673372360659,40.7261229778427,17.7800374075731,10.3755002470701,439.29756284233,48.3746713779809,5.98103498734183
414,40.9415201711052,16.6596985085186,11.1549558238834,493.925183549636,58.9700689742187,4.60404018678164,40.7826870341026,16.6127282346957,10.9968439826535,485.165179277533,57.3491561086057,4.80618016829871,41.2290077433019,16.6943995435437,11.1201966918561,496.599796511928,59.0576355561629,4.5395477993353,41.1850145814919,17.0202785858656,10.639473313848,472.17530209074,54.3086962060978,5.07735402499493,40.693522791177,17.6826177986309,10.3458007329035,438.005498393143,47.9721027854277,5.79362715337705
415,40.9132153692703,16.6788676366132,11.0458909446046,493.147779139253,59.0364300472243,4.60103497147398,40.7110049095775,16.655571020413,10.8416139715882,481.920291059191,57.1455012685344,4.81892283057053,41.245863915856,16.8229174610053,11.008094321361,493.57796084367,58.797985607315,4.55679641968743,41.200353055763,17.0235430118907,10.5855513743363,473.158416717326,54.7815400374404,5.05523182610264,40.6164750918752,17.7829633926123,10.260831553152,435.566681818385,47.7425375156138,5.97254764905612
416,40.8916782536251,16.721642905391,11.1302192313592,492.397009784018,58.7535200081521,4.53504733078948,40.792113253696,16.5978472636315,10.9673665297179,487.072459357604,57.8644451562268,4.60647790729168,41.2761529851647,16.7239133580713,11.0892078414146,498.880353702417,59.4148905138123,4.39420105381103,41.2372059164523,16.9677691012218,10.6449655808905,474.708703584257,54.7973984670102,4.93848718944294,40.7378265974514,17.6828366586144,10.3471932967366,440.346620092029,48.3538931053663,5.69271288911687
417,41.0308759283615,16.6648212675375,11.1290134920693,497.543749561202,59.4282225337116,4.45161930282354,40.842638242292,16.6571427256176,10.9092776430625,485.602164826405,57.490409248292,4.66713500647618,41.2390142913107,16.7824592073505,11.061117774342,496.429324667067,58.9896660314448,4.40225972296204,41.2456211481155,17.0304275825027,10.5927344339441,473.417765696416,54.5712618229421,4.87507459670084,40.7578137139284,17.734361174754,10.3141721525727,439.872714461738,48.3699865529878,5.53341759523747
418,41.0457964310875,16.6167439857919,11.1655345469686,498.081850362514,59.491613395198,4.7996438881377,40.8278012187709,16.5895444079905,10.9608051744894,486.051820009068,57.603488872069,5.00182015830446,41.2571179086047,16.7555142666052,11.0864124706991,497.284372715987,59.0916231768181,4.82242563715425,41.2640645229933,16.9466160777297,10.6320689489363,478.172674755674,55.3249818992934,5.17632864597061,40.6631816686917,17.7039012937698,10.349069298302,441.320329501385,48.608137504096,6.01848190503665
419,40.9017072098245,16.727672597905,11.0891522551698,493.42492791873,58.7105785880756,4.4271445490533,40.766911274696,16.5955817662366,10.9319734647081,485.468546675055,57.361863782966,4.55341191686013,41.224312958143,16.8673320360906,10.9934263852084,492.685780255543,58.3482602694761,4.40725542363647,41.2276585300164,17.1055544746156,10.587923780568,470.686967926195,54.0034684747935,4.8648193526156,40.6536021598544,17.7497513787756,10.3196060060027,437.675778181965,47.7368990357793,5.67151367762276
420,40.9562614323707,16.6471051175097,11.152240776004,496.500804341668,59.3894651566364,4.45846119149186,40.7369209352354,16.6018283460373,10.9592047186348,483.900608098664,57.3562073436492,4.76698812499687,41.2632975704303,16.7849674882685,11.0648964193267,496.012038622699,59.106864390099,4.37572287297785,41.1365426380838,17.0227935165655,10.6640760413038,472.192218467142,54.4453096581155,4.95674499858385,40.6836789140445,17.7092395243635,10.3437233038228,439.633557410148,48.3517793072824,5.69769983891701
421,40.9681410783212,16.6389933993388,11.1434998703433,496.104206411364,59.5811619698968,4.19517085628463,40.8409422225921,16.6063194523139,10.9530691254468,484.98114208192,57.6838157221014,4.41681303696547,41.2818837959999,16.8107717033957,11.00317530556,492.277005019787,58.5723214808816,4.26262419929646,41.2124544548698,16.9827290546468,10.6397391893254,472.251010207571,54.5892638869164,4.66169086242369,40.7823774820873,17.7426152966304,10.3827653691424,440.32031005747,48.467822728355,5.3729845753857
422,40.9947191951971,16.6447509712862,11.1647457603496,496.4132149154,59.5395828973636,4.5894729526216,40.7360212620553,16.6077415284786,10.9541566522472,484.58380298583,57.6174803749836,4.79431592911196,41.2131951022979,16.8517639669775,11.052745137648,494.19131822472,58.9821675599196,4.64503290274699,41.2273453644976,17.0432922899052,10.6197423337858,472.495441110538,54.5750399194156,5.13185680414312,40.5984420326106,17.7449298013028,10.3434809413127,437.890446945326,48.1573229832356,5.8946412524817
423,40.9542351374439,16.6442745562413,11.1087615438521,495.192301415638,59.0782096277808,4.52710045886009,40.7002725422478,16.6030196227814,10.9086109927361,484.813985687046,57.3426228001222,4.72954568582815,41.148711988653,16.7878446969059,10.9533865154921,490.469561350803,58.0487387105973,4.68502794624405,41.2320398334257,17.0427326775931,10.5769797511847,472.77302430407,54.40233358511,5.00538945453191,40.6696976619643,17.7665646169259,10.3139024458752,436.678659607556,47.592757547909,5.84672972645754
424,40.9997247893686,16.6436872745032,11.1010630057315,496.266087567389,59.5911907633292,4.59650805982098,40.7712358677142,16.6355096353054,10.8826635338249,483.562564262717,57.5059244804511,4.86532921325954,41.281301470128,16.7631250536007,11.0730541228358,497.970128634102,59.5624017395165,4.57541994158322,41.2025900513863,17.0333562897875,10.5977246948837,472.012694054876,54.4316348094951,5.20545964421698,40.7709162731994,17.6652346028199,10.3618793689338,440.95802565744,48.8398301858848,5.79840627121488
425,40.9795573359355,16.6766095022542,11.0946813932572,490.527828807381,58.5648466962024,4.4490104601926,40.7956974042252,16.6213155422446,10.9303932895216,483.068970811234,57.3691622799186,4.56983309831092,41.2778435669669,16.8085733632652,11.0581355312957,493.023246252768,58.7505441929271,4.36704495424577,41.2221050077274,17.0540715955499,10.5962566399205,469.016077588901,53.9028917849832,4.91270944274987,40.6452539180265,17.7764595891455,10.360181625359,436.221157257192,47.7256234770952,5.56185375880699
426,40.9602771189314,16.6932621540045,11.1670658140802,495.566599168044,58.9329994210839,4.59768969182008,40.7720265683007,16.5998097333941,10.9941042080056,486.773601688221,57.5149925870713,4.74546900583273,41.2163144734928,16.7910870008842,11.083018141887,494.744421218081,58.5733389586651,4.61048514195943,41.0988049072509,17.0073003690046,10.5889018420058,470.94126866173,53.8924355023562,5.17922924334981,40.6912853617527,17.7171321204129,10.3804559257143,440.954047830876,48.2112214837347,5.78583249586723
427,40.9298970962116,16.6023341523018,11.1122596698312,495.11617891682,59.1542752709859,4.47560705171093,40.7625112806189,16.5856411999994,10.937760710333,485.65173084075,57.5067207638458,4.65780343315021,41.2567504245717,16.7608741111454,11.0132642618686,493.938550651575,58.6069669225198,4.48145681699615,41.2038194605879,17.0157546292269,10.6442466183438,471.813893208868,54.291888146707,4.92571265263197,40.704188288114,17.7846615551786,10.3282743218179,438.687687265638,48.121525394082,5.67525733703408
428,40.9374240541934,16.7668831040139,11.1134372900822,492.558171063222,58.6194313349948,4.59904101020986,40.8141322125019,16.6634949986436,10.8946405412096,485.158324618328,57.3368835649488,4.72910023519395,41.2722220400069,16.7984029093207,11.0616462092666,496.807395509325,58.9962284441345,4.47934953753551,41.0853734578707,17.0170754216165,10.59880090396,471.657002542868,54.3040136817406,4.98818455334722,40.7443434649037,17.6726636463165,10.3752784195938,443.944525728915,48.819584334721,5.64829718735126
429,40.909422483269,16.7145298189283,11.1145891158077,491.780624453986,58.7640974722717,4.49144631617396,40.8281671509335,16.6596426730778,10.9612795531312,483.947910652551,57.4284872275564,4.6281298114629,41.2779862990393,16.7930618079744,11.0919622470907,497.612386446922,59.4568173450242,4.32481055700869,41.1760007640304,16.9986673777434,10.6353402166447,472.296777557013,54.5103099488797,4.90958948232683,40.679570527245,17.7094715397915,10.3329032999902,439.888210768954,48.2714645684515,5.62256658956751
430,41.0017119031893,16.7001125758841,11.129302168958,494.583970640376,58.8462000981077,4.68888672107094,40.7699341362841,16.6308992392966,10.9839449053634,486.763361495884,57.5675522165678,4.85065075074226,41.3123623948331,16.7827838102174,11.0793427213807,496.56734136613,58.8940827891876,4.62431427280802,41.2420597015651,17.0190210468266,10.6810170499728,474.345247074352,54.608792650477,5.07777877839354,40.7730795066524,17.7422886867677,10.3736103809563,440.223884001455,48.1916373041263,5.89944881314405
431,40.9533445786375,16.6280835611141,11.0750489059541,494.82945463598,58.9893267729014,4.39274575595232,40.7686075494945,16.5787967064358,10.9153240392389,485.385284403435,57.4056104967229,4.62956552261518,41.2605906376823,16.7662261697425,11.0484449753823,495.807678076173,58.848776520029,4.39720149349805,41.2162260802081,17.0241004401505,10.5879739958251,472.642749758937,54.4050078683983,4.88832394874703,40.7219234185246,17.7105753062982,10.3373115184149,439.209362665213,48.1470401460904,5.55983104673404
432,40.8814202795662,16.789650796857,11.0621893891112,488.793475412318,58.2296379015927,4.6976100482876,40.7968103771071,16.6551010245943,10.9164270398446,484.580191258279,57.4539176246063,4.74609972162534,41.2360729788795,16.8394681302595,11.0227731648653,493.384719827314,58.7011980703726,4.6018601366347,41.2529964631113,17.0585101792929,10.5873076010491,473.367480954811,54.720411739936,5.0291640489781,40.6893247812388,17.7850865137688,10.254194653219,435.973775059924,47.8590208327394,5.88063746160944
433,40.9456554690228,16.6684580693799,11.0952803489893,493.859503969627,58.9959242054748,4.46265487950958,40.7226175476565,16.5938153440745,10.9205355423145,484.633543868277,57.5138159311503,4.58793469447228,41.2860112387557,16.7718464949622,11.0752288932205,497.379307139623,59.2652589047906,4.41752736450755,41.2500690841787,17.0183298024632,10.6337608733174,472.048833638057,54.5075852971066,4.90592998162551,40.7002983576131,17.7812831040979,10.3097727986571,438.617228039393,48.1776335992315,5.52644079330345
434,41.0328205821896,16.6626728126846,11.1374942262495,496.451769881702,59.1972920455245,4.5966218522032,40.8758385859262,16.600679923034,10.9813636287014,487.169747255303,57.6574290170075,4.79582021112744,41.2933948658649,16.7613568954922,11.0731783603615,497.82361682673,59.1409228333316,4.55536416409631,41.2293474901989,17.0047748843258,10.6135860499511,472.964987026341,54.3956777457947,5.07496182413127,40.7168178416951,17.6984010333358,10.3811472388875,440.623045877475,48.3042427520618,5.76966147322182
435,40.9697913288842,16.6060284118519,11.1244263989044,496.632201628192,59.3241335713457,4.44546689803761,40.7800590922436,16.6050287649094,10.9498595530305,485.177670370555,57.4014549209302,4.69937572664255,41.244252397167,16.7337965450754,11.0491798030945,496.714081739721,59.1173090025847,4.38423163579283,41.1896704469548,17.0129799384931,10.597093242752,473.576897457269,54.5188539459852,4.97914534841978,40.7396844701024,17.7604625170855,10.309830711805,439.679021401065,48.0991386581754,5.76120394028179
436,40.9891977303697,16.6388727166048,11.1227120186395,494.925214503103,59.0755217538311,4.54030769992153,40.7700547135666,16.6579583435794,10.9145633050091,482.936800878388,57.0554150904946,4.77729182840767,41.2745365960993,16.7602437928246,11.0333721025004,494.907974267027,58.7808231025671,4.48703997931419,41.1835702289303,17.0148936957708,10.6455635369959,472.247854357212,54.2930029818763,4.98912261442741,40.742512620769,17.6644809713375,10.375134457663,440.732300249331,48.5446983449191,5.61759057588397
437,40.99018963023,16.6089018368432,11.0865645743035,496.450546720985,59.4126826963907,4.51981852000827,40.7741508156631,16.5805491318015,10.8973809230623,484.348364110871,57.3357232028455,4.82171182174026,41.1699180225305,16.7280654343632,11.0296621232463,493.538362854184,58.7121961474045,4.57860737033104,41.225310092986,17.0104399134674,10.6230982605052,474.39387304802,54.8655779662782,4.99708309319225,40.7157344027941,17.7040842025636,10.3357863278231,440.612643097145,48.4872664007038,5.77236359530713
438,41.0369489362547,16.657022799265,11.1721418984817,496.878061104105,59.2886343437569,4.70342148947345,40.8416292476657,16.5962970306508,11.0012355121477,487.206252944275,57.6805568292993,4.8776004356496,41.2802863279421,16.8222003882765,11.1101133916902,496.762094166086,58.9950052132788,4.60436193425103,41.1949783613171,17.0599848024264,10.5998910551072,469.354185393429,53.8778177574166,5.27240632625072,40.7576885694207,17.677936764046,10.3624881765795,439.012837625971,48.2230601910386,5.86600533715843
439,40.8738461210241,16.6853606944187,11.1024730218221,490.992322327964,58.3783462754349,4.59693393940016,40.7564995136543,16.5951966450429,10.9273857099619,483.73097130101,57.129376269288,4.7466858117297,41.2073371443454,16.8087299806415,11.0621351547606,493.78641595211,58.6250985024198,4.4658433190798,41.2485258204818,17.0605110399271,10.5923594837684,472.546691959775,54.3959046977828,4.93338146463982,40.6886710239855,17.7220065928201,10.3769660693084,439.195350837672,48.1281092433103,5.61373160450168
440,41.0091348637883,16.6417337586933,11.1019728323145,494.88731791175,59.0663220768443,4.76816245202959,40.8532731726327,16.6107134653195,10.941337006877,485.49508110904,57.4538040476,5.00653797261919,41.3030804355675,16.7770194260273,11.0603297631246,494.342539538018,58.7217100050783,4.72777066410269,41.1144480727611,16.9941823780017,10.5459232207366,470.936556399772,54.2289790701461,5.31661462315874,40.6704620390679,17.6938833978531,10.2825738332953,439.42161500678,48.2011813497362,6.00756732625765
441,40.8781759415663,16.633616768409,11.0796834852522,494.678375363738,59.0594278038313,4.54699558585029,40.6959136946537,16.5995954094787,10.8923650769358,483.873022436748,57.2191176025484,4.7079460134404,41.2057211475101,16.7630653778191,11.0423146313348,495.63556253285,58.9621230248773,4.45105575017558,41.1262457863673,16.9384623773401,10.6051743188322,472.950355149834,54.5162309121057,4.99828307690057,40.7102676171555,17.7398868248726,10.3500476405557,440.104605996204,48.3272302147728,5.6554452752201
442,41.0305267615711,16.6404570032708,11.1594960829754,497.545882222177,59.4134610957179,4.49268142198706,40.8445863909159,16.6103940699413,10.9837702813072,486.796792468593,57.64458499523,4.7237945533829,41.2872215374441,16.7330016827023,11.0559573527967,499.281702160121,59.4479334693794,4.47346027747255,41.1491614487629,16.9799246877429,10.6587333161171,473.55508455638,54.5984439722188,5.02050370625245,40.6778934791582,17.6570268020673,10.4166542220304,440.743765513776,48.492841183424,5.73630868296514
443,40.8812500128062,16.7361461425182,11.0785211642726,492.94864404237,58.9945638879744,4.60834009076668,40.714715318233,16.6532072279338,10.8937432828005,482.545378783419,57.217082188119,4.8592374830766,41.1547151182617,16.8239179448277,11.0572183028177,492.559053271499,58.6504166810168,4.59956259372568,41.1891616696116,17.0674875450528,10.5359502137207,469.883719052314,54.0648379907824,5.14662954156712,40.6153406160668,17.7388963486638,10.3342209118071,436.921290431781,48.1230901875316,5.78707661514887
444,40.9995039660971,16.6675670851856,11.0952560067338,493.464411150799,59.0346076965998,4.3206968580341,40.6622770135142,16.6628437667352,10.912036805245,480.999999263168,56.9581552215999,4.64925861455084,41.1980982902304,16.7970522223693,11.0486654954078,493.698587101187,58.8110458362985,4.35478826821038,41.1454145062854,17.0772927209733,10.5751320145228,467.167504393254,53.6952864090198,4.97129485654139,40.677966599959,17.8205081168001,10.2760973676836,434.837009864685,47.6312437703337,5.59169707496963
445,40.9104133648914,16.6936241836547,11.1140458011259,493.315205100581,58.6272707278471,4.73711252561996,40.7364439475402,16.6034946305939,10.9627931004834,484.527980241438,57.1507867306658,4.95749935208537,41.2676939367755,16.7506527576785,11.0970109986783,496.719093364228,58.9080982378054,4.60194426449081,41.2366941813436,17.0392317883411,10.6558633120403,474.058151723032,54.4123591436244,5.1389313089795,40.7447512190981,17.6819691380299,10.3847140699509,443.269474627718,48.6151234740181,5.82250900255133
446,40.8772636250365,16.7163489073693,11.1236688545772,492.470790388374,58.8624692724299,4.41795176336575,40.6524130288041,16.677784168025,10.9471728483786,481.544701587622,57.1296901349201,4.62072793537685,41.1597472208123,16.8172814589335,11.1088922997102,494.294368181047,58.8271977883188,4.43395556758556,41.2045613605858,17.0766888582579,10.6248690196371,471.157922062634,54.3757179995063,4.87926853937671,40.7007661969631,17.684750859986,10.3601512075951,439.520357186488,48.47971027706,5.44213096297508
447,40.918600021372,16.7303887916308,11.1209232911687,492.331862045737,58.6416965038245,4.73988081799805,40.7725892264185,16.642479261199,10.9258165585337,484.8192425006,57.4018321812353,4.82250118566027,41.2453277824263,16.8288674648582,11.0555265487218,495.621976270244,58.9378891582027,4.5719315906268,41.1923371831697,16.9965248441209,10.6388369110425,473.024017443447,54.5578686623143,5.04588448035319,40.6133163096183,17.7026639667427,10.3604165382548,439.312601568586,48.1254729995509,5.91597920136975
448,41.008903324298,16.6771356223867,11.0579417996999,491.784089226073,58.6708082339074,4.81208569022581,40.754925130814,16.6295686221249,10.9078799791956,481.973712363401,57.0468562537493,5.02004845869433,41.2796272049705,16.7992541640475,11.0611427171054,494.497459481288,58.9778430876532,4.66967963871806,41.1779314273525,17.0285686787537,10.6025587356967,468.660486414302,53.7539132432725,5.36174230017039,40.7772500720377,17.7708574991203,10.3547782747482,437.15557191007,47.7797829856859,6.0333389971345
449,41.0186808609759,16.689145099687,11.1192569010514,496.054587350185,59.2787047139951,4.58762914963871,40.7301684544171,16.6664655443608,10.9288986040266,484.941671971557,57.5151926996052,4.80368559024513,41.2676694019119,16.80639738929,11.0424777300965,496.366647278878,58.9983135348853,4.63560643638737,41.2149290911544,17.0464705316528,10.6245895803139,472.373387992538,54.4233652347839,5.19136924861426,40.6597766440296,17.7291521453233,10.3305341197321,440.10087585796,48.3723171454704,5.83801280316986
450,40.9548483145106,16.6458316487975,11.1645112190668,498.214846250256,59.503476410568,4.39050916722529,40.8857976840857,16.5550258426457,10.9904665539596,489.107946737576,58.0332196428184,4.51718883677872,41.2801261420229,16.7325996338733,11.0802950112006,498.033719409549,59.2383682905332,4.36715488843597,41.2807780792505,17.0172602957665,10.6530017984912,475.751474449061,54.911581000429,4.83960110676246,40.7134722128274,17.7408566816469,10.3050495670759,439.111069987241,48.2506448436119,5.60238456578927
451,40.9516305529374,16.6998001917696,11.1182260334728,493.367858591695,58.9698070880389,4.55228384421257,40.7486110736314,16.6740390625623,10.9371183330754,483.664779387854,57.3331826880557,4.71469275842169,41.2653014510766,16.7599331453554,11.1015824493932,495.961681310848,59.1579960460891,4.42927073215385,41.1142424247742,17.0189720910219,10.6003475740725,470.136484331763,54.2170877926629,5.07219801410032,40.6809999920644,17.7573965422464,10.3185321964543,438.314024622926,48.1690630863411,5.70748397504615
452,40.9628360847307,16.6609036130507,11.1107352809615,495.735685268619,59.4055973565936,4.56722479066204,40.758131230782,16.6462721320221,10.889219792281,483.270542486598,57.2851326147671,4.80949785962752,41.2083900885374,16.8185767354789,10.9975065298413,492.204194579128,58.4874901334259,4.62248777842656,41.2322464051632,17.0456322698258,10.5889464457807,471.608404537131,54.2655857963825,5.12014110318354,40.7067333732474,17.7460629808502,10.351775167516,437.967791215072,47.9348130744699,5.88545684320107
453,41.0070603923217,16.6544673066429,11.1693000964921,496.492473145056,59.2316091795263,4.60979498768235,40.7934412279049,16.6330090349948,10.9389309431571,484.71390769961,57.2866387515458,4.84682032532722,41.2808291221505,16.7901708421073,11.0918996255765,496.338311652203,58.9363293828676,4.56195773644913,41.2568450664044,17.0065671949606,10.6860349124991,476.50371568639,54.9435715282474,5.02061695238652,40.7159860082122,17.7033959253794,10.3525961200473,440.691428885122,48.369612229044,5.81705370803416
454,40.8935771345333,16.7177753699129,11.0354150831321,492.61523746734,58.8592103390971,4.41142825105741,40.688117333109,16.7163466094718,10.822737363148,480.54083685257,56.82404793887,4.62952242602673,41.2230333863627,16.7867273983391,10.9876106308901,494.520473371264,58.7561672861659,4.38408786917093,41.2001126257954,17.0167634786816,10.5812755103818,471.658018792235,54.2658719828899,4.89415041648604,40.6731196039457,17.7736891375741,10.272996191006,437.495669735911,48.0382757624342,5.55864547548958
455,40.9457404373335,16.6561764025128,11.0825510085832,494.941822965542,59.1296626359887,4.36044330720328,40.7260842704901,16.6465353055596,10.9008971282464,482.958737437445,57.1697308342248,4.62065238991322,41.2343349662086,16.7288566017581,11.0593093698003,496.653618355086,59.160811570613,4.32002933366265,41.1447311255449,17.0196056064674,10.5560316743154,471.235940238881,54.0970477437495,4.8864561754512,40.680286917798,17.7259836740779,10.3927783670091,439.796506548492,48.2181831882941,5.5225431503731
456,40.9450173166395,16.6827774124788,11.1443632803719,494.797064964584,58.9471884162147,4.51320491414419,40.806498616326,16.5862016242906,11.0235705402034,488.133182572494,57.8998580804613,4.63464974264896,41.2403506352574,16.8181582053417,11.099807332041,494.768841058919,58.6033508929113,4.55918119016345,41.2403164099072,16.9791452121777,10.6758665992357,475.058709658317,54.7995907570139,4.98685332525048,40.7866883594136,17.7538699671277,10.3925436771266,442.296049431349,48.5943924901943,5.67909130400531
457,40.9836073468646,16.741139548706,11.0941578163048,492.939716719628,58.6715187613282,4.54676300302718,40.7791488668892,16.681252950072,10.9649708750458,483.997632162778,57.2321968704532,4.76458080942885,41.2557126470658,16.8205411407558,11.0512586209627,493.808343514692,58.5304637914838,4.5566973269773,41.2274066518175,17.0364944692579,10.5786186683607,470.823365588124,54.0811256424816,5.07538497184659,40.631763393539,17.7451614787865,10.3140142542647,436.941415066665,47.8413196614534,5.78126131210374
458,40.9830404718174,16.6973583303644,11.1049883373522,495.516054615965,59.084667433768,4.65210335333625,40.7970164353044,16.6367049309907,10.9480227931911,486.510043963206,57.5946413126508,4.82421199439186,41.1882157350625,16.8272792771046,11.0010739281713,492.780949516411,58.3884390887123,4.67446591230459,41.2059903675453,17.0582611293026,10.6342930449209,470.855308301061,54.061502671688,5.17037146023055,40.6235551856055,17.7617364031414,10.2992780107386,438.545572190606,47.8424599803709,5.98096729655734
459,40.9830721201337,16.7015879157322,11.1062872921403,493.167673814064,58.7441414593222,4.46782806050393,40.7696115456742,16.5746518000797,10.9405262790854,485.340511424041,57.5154363576252,4.60302677237387,41.2278659546317,16.8024468524389,11.0192001889534,492.861279721991,58.434831997589,4.47040544060894,41.1829745397494,17.0400574214998,10.623546825733,471.033630069832,54.2021675037806,4.94790683698092,40.7119121068871,17.6866919148626,10.3507409523678,438.350383765907,47.9852231487775,5.63815196932863
460,40.9428640827559,16.65648635527,11.1024893901553,493.946055359456,58.9716502848895,4.51521688996357,40.8101936423118,16.5729040714752,10.9451604482095,484.90141554579,57.520881624319,4.66658383193612,41.2306281824947,16.7901152844609,11.0308143880752,493.826911479084,58.7552659243905,4.45980937556879,41.2955495697517,16.9950797153064,10.5839160106232,473.12989233312,54.6359707411843,4.92207444638342,40.8044583012743,17.6864427783696,10.3532078539631,441.292511110867,48.6092825140484,5.62461691874575
461,40.9446827317011,16.6827858381529,11.1017136727322,494.219288932999,58.8022578724987,4.67077465374331,40.7238466773118,16.6286017124183,10.943741295569,485.626648102324,57.4012733829436,4.82365097859853,41.2804814418952,16.7667799189539,11.0751232937325,495.475129412843,58.7771830554712,4.60304533182235,41.142369790437,17.0815001175939,10.6484787573121,471.66036302956,54.0825573990043,5.26282563193524,40.639578031267,17.7563739388893,10.347758209389,438.471980908037,48.0843261069402,5.92732368745955
462,40.9902750719794,16.5847941889755,11.1761367757917,497.33901503508,59.5208425482174,4.54597983561334,40.7054523962344,16.5733444611465,10.9635372891479,483.959358444515,57.3530811575285,4.79287866124012,41.2232226480439,16.7407213922645,11.1071731843481,496.121965930179,59.1492599248094,4.53075455960934,41.135708167124,16.9835170820754,10.5921652679,470.662338125258,54.3447699387612,5.04658593467191,40.765539370698,17.6870920973433,10.4054793804555,442.644995410031,48.8131331370555,5.69787261175688
463,41.0120643648191,16.6952342823187,11.0982427038428,494.277683631023,58.9829386391632,4.53978594371764,40.7478158022889,16.6735836487784,10.925019051921,482.406794817866,56.9562037548332,4.78642546159657,41.3152926712986,16.8199280735935,11.0735817054205,495.52595983429,58.8517400388624,4.51651544540508,41.3065125689874,16.991294680619,10.5502461762744,472.131363026245,54.3209577023948,5.05426894147173,40.664254653903,17.7644070102434,10.3179958326786,437.792960268017,47.8190661838558,5.84142239062433
464,40.9189735448752,16.7024144817352,11.1645500805838,497.618644297475,59.4475306969723,4.57327815307164,40.7337465309505,16.5856085223671,10.9649601116808,486.96461788125,57.6910500278382,4.84949678969252,41.2325125863325,16.7985532707866,11.0697974721894,497.419311544257,59.1963107106151,4.57581895064728,41.1704626771638,17.00796407224,10.6540019163148,474.327692977491,54.6610134662032,5.1025186087177,40.6893107941638,17.6969319908152,10.356373548782,441.418414868955,48.4418313989398,5.85061861877199
465,41.006019484717,16.6529987702726,11.1535646968813,497.135271119289,59.1985492560057,4.49917441044517,40.8050811942685,16.5748925174229,10.9884327628852,486.847279337017,57.478199346396,4.72392074567859,41.2581109061834,16.7751133578576,11.0891862140982,497.077759238963,58.9867349681217,4.46979264543479,41.1911834803801,17.0315149187315,10.6398359319977,472.978396441449,54.3358257367792,5.03862871762961,40.6842917481014,17.7280621241442,10.3931704073856,441.155546034595,48.3678323546412,5.71187257762872
466,40.9401900689132,16.7482028282909,11.0892726359602,490.198034145158,58.4614757629724,4.68863645843628,40.8063623023746,16.625453368539,10.9871396113564,485.069219052293,57.5866095317481,4.76416520207103,41.276093113891,16.8504273042616,11.0637660602141,491.939313609785,58.4835952241091,4.6146050696255,41.1714953617497,17.0987948416927,10.6087216263949,469.959228452354,54.1249530161638,5.08211369508471,40.6601894320104,17.7529288829055,10.2872615487797,436.317651147773,47.7345211169799,5.82886471823397
467,40.8685092335901,16.6987593505292,11.1016322842192,490.401675945012,58.4365334110848,4.82483505716717,40.7350333682703,16.5424991252929,10.9659885830826,485.922457921407,57.6924272943092,4.82318368724727,41.1799813834447,16.7619060502703,11.0445439524281,494.968163180279,58.9831220213639,4.631451371752,41.2324155698194,17.011299677233,10.615706534725,472.11016723494,54.289180003149,5.15699199084137,40.6503061481564,17.7095406556451,10.2599011206983,438.696687875224,48.2708713698412,5.86035993050659
468,41.0552152151189,16.6635974035843,11.1046096636522,494.041185896174,58.8367491021037,4.62540927571253,40.8637205245388,16.6194975170376,10.9758734702852,485.789505410217,57.4418151044561,4.7827976037429,41.3198781377973,16.7560660381529,11.0681671552674,495.910412216212,58.9701610546799,4.6268717867193,41.1586133554859,17.0500657494382,10.5917137115986,469.787046504399,53.9447502425886,5.13626441454064,40.7748697150007,17.6620138135399,10.3397619899256,439.936967989842,48.168691792236,5.81091221299089
469,40.9683915849376,16.6884621629809,11.1703160930784,495.952664221756,59.1646256578723,4.69803563512844,40.7810339043924,16.598070134406,10.9456334719277,484.829829479074,57.3211993128497,4.93102479171466,41.2609144489829,16.7580727118902,11.1403873655702,498.116124148129,59.2617489318256,4.60133933790171,41.2306457406242,16.966105468419,10.5916686084139,474.973169892959,54.6762789214766,5.12874775000679,40.740927704048,17.6943925251137,10.3751403352118,441.581611198725,48.5879978774675,5.84658780311732
470,41.0071391313294,16.6390939431532,11.1189306263371,494.471104325286,58.9654152713939,4.57321158903749,40.8057732542171,16.5922594340705,10.9580414554927,486.34127191125,57.6125416571957,4.74967517078531,41.3100090553534,16.7859969347719,11.0407454380507,496.257079800811,59.0237677950738,4.52404560136028,41.2030764501115,17.006163782608,10.5902897291182,472.373798789236,54.4339886588728,5.05396638638952,40.6945746444245,17.7107885749985,10.2951733209229,438.933207439038,48.188845252762,5.76357663068405
471,41.0008162966787,16.6747937685483,11.1572645623779,497.073211250727,59.3728127409096,4.35602720990908,40.7779197891934,16.6151954852347,10.9518731814097,485.034739199212,57.2621792555637,4.62276743263051,41.2583211188082,16.7595348447541,11.0731250464516,497.60652909559,59.2572963714784,4.31078271306946,41.2664224207337,17.0370500051014,10.6234833624849,472.954546590103,54.3037188313305,4.90325324541389,40.6518264939243,17.7538643114195,10.3205366305046,439.136139985288,48.1969995244426,5.56370799970765
472,41.0073139366859,16.6794416657444,11.040751574994,494.413626834704,59.1190806948475,4.46182304485933,40.8062129116952,16.6101242742734,10.867060845091,484.800018096349,57.5310871415379,4.61663629412731,41.2959906885906,16.7990376379851,10.9876747222094,496.299977181244,59.1748199917857,4.37257857222627,41.1972753249341,17.0342602580485,10.6042513472144,473.515725047137,54.7638629185416,4.91514878267376,40.7090776896403,17.7474066917522,10.3630892437782,438.048227174848,48.1710975895956,5.58915047998756
473,40.9547382809226,16.6401196333263,11.1679859311899,495.291273320338,58.99231367236,4.53257083024677,40.7547615221907,16.5759858057809,10.9886298321524,485.246148719826,57.3823935626531,4.71751468592226,41.2537776590287,16.7613726808792,11.1074774105037,496.988746122858,59.0915568870489,4.40011961846601,41.2022735889953,16.9850133695525,10.6179293576301,473.26969112324,54.4066182002874,5.03608449437913,40.714656712482,17.6909848956783,10.3380548359317,438.843338336449,47.973452037936,5.74321494073369
474,40.9573994080258,16.6589732132452,11.102634979562,494.056128319557,58.7631702817527,4.69072216808054,40.7910524706804,16.633388658013,10.9474847704851,486.181276561508,57.4596675292955,4.8621921013398,41.2971312479522,16.720929136133,11.075658764243,498.962310079952,59.3369205093706,4.51684285320602,41.1935900096351,16.9824268575622,10.6703033487092,474.935760060611,54.6212495569971,5.15180410183959,40.7568618746792,17.6920941653242,10.3187781214411,439.960795789982,48.1090326329698,5.87618544551549
475,40.948718376802,16.6904823122661,11.1306118884285,494.4535976709,58.8212919986998,4.48864114814435,40.7671168458689,16.6696506100888,10.9431518027327,483.43649326901,56.945448574793,4.71200751022258,41.2346580006859,16.7936071395642,11.1118223337722,495.236444751999,58.755719105424,4.4234387725812,41.1846948421506,17.02319332411,10.6187449957869,471.377467423595,54.0942317272935,4.90769717764368,40.6137366014125,17.7662684950758,10.3293386489474,437.464037156666,47.7825909447644,5.60654246464961
476,40.9783051630009,16.6293145326302,11.095496368567,494.105888307696,58.9541213989969,4.61635398930597,40.7594275854727,16.6286330174102,10.9142277475885,481.178495217138,56.7515389005421,4.91721094044904,41.1913651207192,16.7799944417687,11.0113717388867,493.220468874393,58.5914251280389,4.60776949540499,41.1932480172575,16.9981264558405,10.5978247988895,470.837481075409,54.1099984943197,5.15656569047664,40.6339581543537,17.7552751607189,10.3396596177787,436.093529238482,47.594063221486,6.00800476525922
477,40.8496163201099,16.7887268969746,11.0757135529814,488.679967103228,58.11255725505,4.51264440768768,40.7126770860105,16.6605791703197,10.9489738752645,483.144730490175,57.1777687200749,4.61286710264398,41.1384440962524,16.8312867684774,11.051926330982,491.250049117392,58.3325320912412,4.36477805251856,41.0883432476025,17.0953805455566,10.6109878320568,468.420299697061,53.6666114655374,5.00003422566364,40.7076406279637,17.7631418522093,10.317190949402,436.102127285772,47.6665332292432,5.65646334199098
478,40.9279273112246,16.7269450840905,11.0940725510212,492.010320974735,58.7849925255345,4.40012469379919,40.7084002244452,16.7035294662685,10.8983414241311,478.429301926901,56.4962434780168,4.68509477591444,41.1952606199175,16.8156580387071,11.0085341016877,490.935953460132,58.320624190412,4.41452607466299,41.1778204190322,17.0440102934774,10.6101775380573,470.618472234566,54.2099684485739,4.87021280980232,40.6575158650839,17.7894929136851,10.3184997297392,435.968189088612,47.8336876018248,5.61109436910069
479,40.9002993860865,16.6943247478426,11.0668294758061,491.770375355248,58.5498940544198,4.4900468730758,40.676487966755,16.6220452201986,10.8830071612485,482.421674427894,56.9747019683255,4.69379526749987,41.2358117287922,16.7677686207071,10.9865830204313,494.219547293625,58.661472415254,4.44374260551446,41.1772753089946,17.015222366143,10.5462824443709,472.524552477671,54.456830969338,4.93500030726352,40.7235484128646,17.709233694508,10.370601047899,441.308643727334,48.5720305847222,5.55509164384138
480,40.9920935908561,16.6701869049878,11.1180037070633,495.77342225175,59.037151540376,4.53456119693425,40.7187424601506,16.6188202271102,10.9187294126029,482.517268624266,56.8428192095412,4.83905411752134,41.1754133622435,16.7698977325753,11.0349541743178,495.603155235648,58.7648031058831,4.50062824410676,41.1616982847105,17.0593179024466,10.6005148311336,471.307235763987,54.137261435248,5.02951949842571,40.5868129688973,17.7469465663851,10.3183261722396,438.046077506491,48.025598991886,5.64676569097559
481,40.9431979020328,16.7230435971238,11.0777769519669,491.402233658966,58.3768711801499,4.72619117611303,40.7475933356888,16.6692925614487,10.9251358074286,483.212046170974,56.95124495891,4.91493478489362,41.2237609367365,16.7475081682236,11.0169030106138,495.72367844091,58.9358969301094,4.56818996628817,41.1854758191608,17.0466900649045,10.5411038542334,469.744428573819,53.747937455272,5.17944554656352,40.7028480755668,17.73602138201,10.3393721937335,438.94083587013,47.9967248040985,5.78681599804763
482,40.9367268749435,16.7144475913009,11.174620622097,495.369207298282,59.0931412649518,4.72968593310331,40.8238119869965,16.6044720834648,10.9866334356493,486.302619968854,57.5846950638835,4.88362285390485,41.1853140109885,16.7870837793287,11.0846824461598,494.786502895476,58.7971489213727,4.70602897743205,41.1478303435556,17.0377129878026,10.596352040773,470.16544064012,53.9393702727413,5.26346286822426,40.7279462067547,17.6857204668496,10.3864181963559,440.034790054353,48.237724498635,5.93711276189512
483,40.9775282683352,16.6851791269421,11.1354369118923,495.542248715838,59.070708135353,4.55651793269893,40.827522772528,16.6275574992895,10.9298818798627,485.184358764999,57.3401380759711,4.79632844813732,41.1985304721682,16.786974828249,11.0541952502848,493.923664333505,58.5734280598577,4.58095076937244,41.2232376764602,17.0262974201855,10.6124020959428,471.831408697491,54.2621287661291,5.08777562635518,40.7869331539537,17.7349112659226,10.3660812881581,439.531589566033,48.0976745974199,5.78583551908857
484,40.9236214662174,16.7030943319436,11.0468197205947,491.789272029502,58.3643201593975,4.56621609872498,40.7664571839728,16.6216364263334,10.8855783030376,484.059125088914,57.1016645353431,4.66683615573446,41.209312868388,16.7731121573371,10.9979795130715,496.082132467429,58.9140894414107,4.41661743850882,41.1626689006457,17.043591785581,10.5846484195421,470.719165805364,53.9624483212326,5.05876432657959,40.7343026864206,17.7212679663097,10.3065741257277,439.043125329017,47.9789167511284,5.75821190341853
485,41.0491261228302,16.5741067551808,11.1358088970126,498.096098619159,59.5120674760246,4.28196964430591,40.8161724407192,16.5650836611825,10.9626170004342,488.157976338504,57.9433531425675,4.4687956050927,41.3080541477217,16.7868269419625,11.0725125536862,496.507253199322,58.9896030295164,4.34203565090865,41.3152338042898,16.9806847417562,10.6236556551031,474.927027396604,54.7955420736088,4.7462920559389,40.8002552872217,17.695797029847,10.4109251258289,442.30106672068,48.6915279369315,5.40988396802996
486,41.0287982435342,16.6954044966088,11.0941011744876,495.312661644096,59.0483887228515,4.57624030829246,40.6857812349287,16.6666797023098,10.910499208653,480.939161782316,56.7554789733475,4.90352751619869,41.2066724959556,16.8238454876175,10.9977410889129,492.35896268899,58.3463443488964,4.637219295113,41.181102544662,16.975439426588,10.6167758547315,471.131201793576,54.1474894965169,5.11615977633978,40.6868775945741,17.7102638281897,10.2987888766258,439.455436601798,48.2707692343026,5.85586206153756
487,40.8583861057644,16.7432789102806,11.1183125898656,491.143759871605,58.5933983727642,4.74419784881402,40.7342435452206,16.6730450811039,10.9198701529487,480.876611288132,56.8585468790298,4.88825240629082,41.1671401732344,16.8023206321532,11.0856354356425,493.279257794238,58.7597834125563,4.56759135084801,41.1897627174694,17.0832123479816,10.6496425953559,469.373409099515,54.0853929571936,5.12995987531275,40.6562929468269,17.8082367550697,10.3205192125159,435.256846677048,47.7115709671606,5.90904273839537
488,40.9023773991978,16.6511880060127,11.1292368677205,494.655812547698,59.3118940084004,4.5421051917696,40.6360259863557,16.6359757618417,10.9151207635656,481.699897039368,57.1451487855276,4.85539235258314,41.2673762513157,16.7806059315634,11.0392402562137,495.327164832118,59.207023023479,4.45251981189547,41.0951296844061,17.0378646592992,10.5977309478972,469.314036193963,54.0726343226616,5.14104542106171,40.6198630926875,17.760127576391,10.2893678372578,436.186587865852,47.915463604603,5.85418367803539
489,40.8370192753812,16.748437128568,11.0466042254771,487.5347486447,58.0838997837705,4.44279967584811,40.7013031308009,16.7274651844152,10.8701250717517,478.407860540313,56.454824630627,4.59653706742185,41.1526996536607,16.81767220531,11.0019259878205,489.790842188221,58.1421293821705,4.33908204475028,41.1665321525451,17.0642984832912,10.5784642896057,468.523601436783,53.896341196878,4.87520716320609,40.6016167806602,17.8131177509191,10.2560632744893,432.877256563424,47.279255893223,5.5780760350219
490,41.0004865745335,16.6775948091871,11.1328202538087,496.589988679258,59.1604623396803,4.58165217595553,40.787361686681,16.5789249791216,10.9448399374494,485.892009748439,57.4118041726751,4.81099371739367,41.2147916484656,16.8130425547652,11.0413127878075,495.157085344996,58.698956740255,4.5916205761689,41.158424615329,17.0337900646971,10.6259550688677,473.750993489714,54.4625926451779,5.07616774114028,40.7053732974227,17.7393899833477,10.3599774267397,439.329567867498,48.2387602748317,5.78982675902532
491,40.9671001483105,16.7190468600701,11.1296721969672,493.925767112232,58.8600758982244,4.37633180294938,40.8261407876083,16.5895687237811,10.9988376199704,487.071801187886,57.7113349549488,4.48447146682416,41.206516056254,16.8322196999859,11.0403378052567,492.833155609975,58.4275730955116,4.42061698053689,41.2384784774728,17.0268558823153,10.6874232232638,474.401588706018,54.6611092249456,4.78468807965157,40.6730783011356,17.7779301702011,10.3759103564655,437.985042257096,47.8515548867744,5.54401221655556
492,40.9438186904437,16.6679157908746,11.1444075550705,495.296584283941,59.3828513760505,4.52582315322123,40.7124694049215,16.6089824362274,10.9295466752317,482.542956405073,57.2443306485532,4.79490896740606,41.2696288204683,16.802032426844,11.0733745523878,495.13968233935,59.0426873020321,4.5569511098137,41.1330274857966,17.0355239206039,10.6059566220173,470.320568065906,54.2843196509746,5.09331437912722,40.6829023247105,17.6800445657634,10.3273231009807,437.628884325766,48.0644012822395,5.82826559228456
493,40.9716448784224,16.717051088673,11.1503893007258,496.795183339618,59.0985339035307,4.43699114756068,40.780144185519,16.5981114829951,10.9614327264059,486.535743836097,57.5071574819783,4.56222099613978,41.2080134963443,16.7964873838363,11.0749056119918,495.518361565282,58.7512792316152,4.40391045855876,41.212719653641,17.0081699454513,10.6330248125303,474.605540791213,54.5662318183947,4.83747809492243,40.6268719874516,17.7341180667671,10.280122558739,438.306350919339,47.8016035898045,5.58808658797972
494,40.9491915241717,16.7019961395892,11.1321368543462,492.66202839171,58.9321464207406,4.58613607349695,40.7152240360984,16.672049457052,10.8958792555389,479.30378978227,56.691789858457,4.86055064551736,41.2053289283048,16.8026192671787,11.0239980548967,490.189853004936,58.2887272760836,4.61735882180815,41.1376169352026,17.0079241213229,10.5707727020649,468.446522840474,53.8225719586348,5.15041984201179,40.6486509228467,17.8017305482849,10.327419095931,436.44540901139,47.7296016910947,5.83295720168849
495,40.9260221349274,16.7067501123765,11.0997917642931,492.46706261089,58.8924062047355,4.64817042047692,40.747267493699,16.642644299824,10.93999020693,482.772747533528,57.3599637029471,4.81751787799246,41.2082344339422,16.7493869238646,11.0006458149052,493.615984391127,58.7854001688893,4.60641545832061,41.1665942888369,17.0167590991092,10.6468717045692,470.439361348381,54.3219464220072,5.08018238298733,40.6653606942183,17.7831021575242,10.2913663749889,436.262415341486,47.7345815992752,5.9468273784951
496,40.9048144539279,16.6947735242583,11.0954608169505,494.369535140057,58.8949354164527,4.53246941613107,40.6917359355068,16.6562183644814,10.893795422405,482.976062884263,57.0357223827285,4.75521591653273,41.1402762552426,16.7948368556807,11.0395285965915,495.110913546565,58.8327079064105,4.44482381270116,41.1321485217806,17.0303364508414,10.6001679073198,471.134756227917,54.1874893830866,4.94455255614201,40.6301896244365,17.7430513721866,10.3221738429771,438.447242073079,48.2356889525366,5.61041915671366
497,40.9684158168496,16.6996026117044,11.0622710658439,492.348663606967,58.6299496395921,4.64301309157121,40.7807845312213,16.6283995040142,10.9011532766776,484.108631771974,57.3339752191218,4.78628767008519,41.2602804003704,16.766488169766,11.0033250304696,495.627379030063,58.930113911693,4.50872145989666,41.1512302454253,17.0569489824759,10.4694911316211,467.921571819701,53.6659213464794,5.23287833793622,40.669974127874,17.7659129232813,10.3110880702728,435.252245644338,47.5449540043584,5.89522421590121
498,40.9599874539014,16.6960741672955,11.1024435219631,494.833066069474,59.1220185305062,4.48042346564474,40.7448924025056,16.6196797620136,10.9308422804314,482.871639057162,57.1607753338786,4.72900317501497,41.2704675994247,16.7664717913105,11.0104303510091,492.995439277016,58.5641626010731,4.5324982474718,41.1668893182853,17.0020028157353,10.6192723560723,471.291579430061,54.2388444027775,4.9957306661712,40.7729172595172,17.7425153847908,10.3527315366004,439.692814646652,48.2320852416328,5.646603707145
499,40.9869276975339,16.6462018439696,11.113278627249,496.17036711179,59.3178038485962,4.697762675207,40.7404537272123,16.6455007719943,10.8876864838125,483.075742281338,57.1413862571859,4.97563689422218,41.270179722884,16.7750302324328,10.9980248507006,495.566103395797,58.9814850422783,4.65216873163229,41.1707048425744,16.9956865974685,10.5497091775956,473.630431533957,54.510252290874,5.20360725515006,40.664283539718,17.7587836857599,10.344073568084,438.664810696973,48.1928376256726,5.96416486057301
500,40.9509461276987,16.668571620959,11.1671315173452,496.545116190676,59.4276672923317,4.32678071210134,40.8229877667709,16.6153695869286,10.939210750877,485.549918926138,57.552071339044,4.53398145805691,41.2473067777937,16.7909864098601,11.0608248905129,495.314295849366,58.8876654892777,4.34030190745638,41.1165943165247,17.0694406356305,10.635478074955,471.552120149743,54.3717437025863,4.91460390949203,40.730200804859,17.7187561929567,10.372706268489,439.718935694686,48.3284458693828,5.53204649565949
501,40.877747138656,16.7605627510956,11.0795538979522,490.121792582998,58.4087463726181,4.59885422683395,40.71812509343,16.7188605058075,10.898814967271,480.430715434648,56.7320818981461,4.87681469441802,41.1609555201744,16.8440658801823,11.0487125107778,491.196442500593,58.2934946442193,4.5769087176829,41.1866624701409,17.0691956145127,10.6018483555449,470.888750013718,54.1653124306599,5.03815147431029,40.7076135767049,17.7004133825162,10.2994016539023,436.577942997276,47.8172086617956,5.78252858242193
502,40.9695676728243,16.7154922458869,11.127719213617,493.234748522913,58.7285470217176,4.67876784828035,40.7811423076311,16.5764029122397,10.9610885884753,485.511823391923,57.5397036627272,4.74422964692702,41.2934274288429,16.7879072242429,11.0678478946888,495.722170882595,58.8766962913329,4.51978237851806,41.1195438020555,17.0570184856745,10.6162136353388,469.506617808638,53.9550680346636,5.16246242581353,40.6398926847268,17.7548371106422,10.3151556172409,435.47833070688,47.6747305094342,5.83414762446139
503,40.9067026444379,16.6890387014746,11.1174527356235,494.222547951056,58.9359712932349,4.62702290640922,40.7872029123834,16.6013369691725,10.9653834517662,486.859970523173,57.7904398827783,4.6970676558376,41.1698879118902,16.8086827361251,11.0937885834155,497.353620831407,59.1857652699232,4.53154531142325,41.1773376549688,17.0116768353534,10.6781327459634,473.856481122284,54.6992358640153,4.98950476168438,40.6363616267369,17.6675252170264,10.3414053087014,438.950461311787,48.2084987763034,5.73747028834062
504,40.9464759879329,16.6721560247219,11.1709960925945,495.500128569455,59.1336490471486,4.59246542622035,40.8112015720613,16.6724738267059,10.9733214592426,484.97908384064,57.3887764259019,4.74590221544826,41.2430889700423,16.8022927872366,11.0623834389703,495.616940223661,59.0353278960547,4.52372705266435,41.1393682136713,17.0293468001904,10.6198066993485,469.37446937879,53.9524033168342,5.12608058616658,40.6140126202791,17.7400558872978,10.349646495134,439.937705098085,48.4060191861452,5.6886614036404
505,40.9668317911607,16.6174622542249,11.1957641098228,498.41055597169,59.3017346796536,4.55558708731582,40.7220645767818,16.5912739524996,10.992617485483,484.97615771824,57.1109404369147,4.86002784189971,41.247541381912,16.7665208665099,11.0961005637308,496.348647685617,58.664374632499,4.63666388222367,41.2401570329572,16.9993945153251,10.711179755957,473.655416952084,54.2642835162828,5.06583728984287,40.7325138352314,17.7051962659048,10.4242455592317,441.186996707718,48.2284887298261,5.83556291875372
506,40.9603970734954,16.6986728811751,11.1282351719525,494.272465590003,59.2144406199491,4.65583671064257,40.7746880594549,16.670957619765,10.9328962906491,483.311560348309,57.3861945395268,4.81273016381092,41.2615668809767,16.8211868945694,11.0519151967092,493.142241594877,58.7390947863149,4.6549936462393,41.2913355179646,17.044255971436,10.5906836671266,471.423882197001,54.3499293075597,5.12278964595066,40.6741420829051,17.6959785763968,10.3747078179129,439.751776058492,48.475838965798,5.83275456972238
507,41.0060960689381,16.6719094911319,11.1284203303952,495.69655884431,59.173686896582,4.49626751738117,40.7450322720608,16.571724962265,10.95098556352,485.747804635692,57.5843451852693,4.6617847338149,41.2134837637121,16.7844415768161,11.0885212712361,495.505983678468,58.9791351685115,4.49263942211567,41.2493336540522,17.0103109559795,10.5947899161748,475.385786414637,54.7766155977863,4.94017335847629,40.6926093018807,17.7155625940412,10.2975453582025,439.805408041691,48.4249260691158,5.69221397824412
508,40.9324636328495,16.7417050887373,11.1423163020957,492.678875787048,58.5761111438317,4.71480198294782,40.7268954597372,16.6906554182512,10.9396666694456,481.765235969563,56.7453862420492,4.98081427952105,41.2197377063481,16.8137820962887,11.1014908185545,492.990867135453,58.4444886271914,4.60877080760601,41.1028027252629,17.0945437604494,10.634699620599,469.928041944655,53.749291639714,5.21196759778079,40.7195210637852,17.740662276312,10.3285525013664,438.029541950003,47.803760968323,5.93457436332755
509,41.0218653144086,16.6369209463385,11.1793238879661,497.069175929348,59.3953763145447,4.4512205966324,40.829117992507,16.5888993570052,10.9989614529157,487.539265287367,57.9292201728094,4.61213229373647,41.257231758991,16.7075594693854,11.1194609867775,499.660861533222,59.6574881276283,4.34102097821799,41.2652634780559,17.0261150611106,10.6500854001006,473.900710649029,54.7468040942276,4.8916624021309,40.7826503075086,17.6862181528413,10.3563999864108,441.880545688035,48.6623229143931,5.60976081560312
510,41.0000124193591,16.6377399334615,11.154289872546,497.145551601332,59.378690353639,4.52693027816272,40.779167272325,16.6531617216359,10.9164729002118,482.792736402015,57.0266568804284,4.80270866045727,41.3015685646026,16.7773292596053,11.0504984026528,493.405100333472,58.5394872469922,4.57433713628347,41.1847503919865,17.0418990044953,10.5829597109347,470.517022204943,54.0974058160685,5.07217975174735,40.7766446009384,17.7510090673919,10.3753273402787,439.983686948312,48.3462742342668,5.66161122408853
511,40.9763180885773,16.7407554429906,11.1131893895965,492.05813756585,58.7964139025093,4.7852729736401,40.818724122253,16.699977251801,10.9234799915306,481.8248166093,57.0842946931441,4.97895704499528,41.2371310587994,16.8593680888043,11.0331806240344,493.320359013038,58.7358381664082,4.71841612200666,41.1426212897099,17.0894075079898,10.560634731506,467.975170976828,53.6675140395326,5.41304797825094,40.6590209849493,17.8037846366015,10.4111896654822,436.96069075636,48.0142357736012,6.01197153398535
512,40.9608755871545,16.6911818651911,11.0816626943817,492.543539623967,58.7831818336341,4.54425288346144,40.7446849919773,16.6694125947975,10.9371702320075,482.562221789519,57.0748418186635,4.74666390068394,41.2677949608333,16.842929616133,11.072666293053,494.307963553208,58.8151784010965,4.42425671702729,41.2600851604919,17.0499424876092,10.6303494169249,472.515029773917,54.4029633204796,4.99837317596701,40.7049073277577,17.7607936530583,10.382392828238,439.040786893819,48.2177061719431,5.64983613995234
513,41.0135649094609,16.7039838783296,11.1670223985691,495.02402251112,59.0400239181115,4.30735900609351,40.8014651278203,16.6823030175473,10.954984908313,483.117798334709,57.0978750779865,4.49120283752044,41.2250366728765,16.8293424035613,11.0906351710563,494.046436072188,58.6424523638428,4.2841974818429,41.2617323257773,17.0182972024258,10.6725414170607,474.787108478563,54.7362167934921,4.65862882733421,40.7185297010368,17.659890594554,10.3436108889532,438.797539345784,48.1033629121821,5.50379865756839
514,40.9344891936506,16.6810415690846,11.0867362237692,493.782038797654,59.0273055343614,4.57223338088432,40.7066142189346,16.6955068299739,10.9018148946608,481.673929238459,57.0007755277733,4.84920118300392,41.1847720220069,16.8410752633282,10.99634934114,490.835906083788,58.3033526110597,4.63468004795584,41.087867369112,17.0849701168924,10.6190740829468,468.526734454471,53.9018319821175,5.12142498118344,40.6581119836218,17.7665262828891,10.3216994777184,438.126179764892,48.2708352221098,5.75680057321504
515,40.8677933712965,16.73870952468,11.0736955573242,492.076466040911,58.9937931148907,4.64064143097562,40.6784884600187,16.728834507385,10.881902659995,481.2313829585,57.1700618343947,4.9304804404908,41.1941676354515,16.7762815324181,11.0603439707476,496.209764602452,59.4073555669469,4.53605309199707,41.1616036040259,17.0672384796589,10.5666779165136,469.755831393448,54.3496098067771,5.15824525733566,40.6444311152018,17.7906084587987,10.2917291122825,436.114476099132,47.9549559871927,5.93505191214126
516,41.004343886267,16.6620997285239,11.1128242220094,495.951801696241,59.3106423714727,4.49573170721822,40.7618466257451,16.6241180869209,10.9055931947317,484.358678269003,57.414652830972,4.69340529693169,41.3341773035035,16.7622570701341,11.032543940428,496.93362395795,59.2062664046863,4.37151781349647,41.1485627916649,17.0477856288433,10.6213834954329,471.509922815066,54.2858806464154,4.97276302922815,40.738871378083,17.6873480367309,10.3195895171356,438.727274389488,48.1563566478083,5.66080486227356
517,40.9082021533772,16.7008817516657,11.1042116153701,493.094610493908,58.8497975790731,4.5932671296995,40.7716851151399,16.6513181777271,10.8740219986384,480.563850008968,56.867815419752,4.79924921210034,41.2573045333756,16.8066995452305,11.0328993104072,495.2830508957,58.8940985524718,4.53550848318022,41.1497010777054,17.1297346117247,10.6361269454562,470.884030913127,54.1559161804015,5.08539639352603,40.5972310643707,17.7515376349757,10.2997353004323,435.733888318404,47.7491418968192,5.84924782569045
518,40.9578517564597,16.657048752285,11.0853444706551,495.491501107977,59.0145403501296,4.51095171789303,40.8736932095289,16.5768493625162,10.9278603419854,486.894271420106,57.5768969322509,4.63854407442804,41.2642134569618,16.7893479146443,11.0608162225338,496.332395351965,58.9357234243018,4.44326115332356,41.3135503204632,16.9859544207868,10.6447168947188,476.958272696611,54.9860430288895,4.824300452645,40.685850762323,17.7361588538048,10.3420281708082,440.781888079051,48.391575770725,5.62520305235615
519,40.9176570193144,16.7005137445967,11.1065046065137,492.76622583337,58.977902706036,4.39783366031363,40.7795984639242,16.6649862258736,10.9393729706447,484.645535969735,57.6183719315564,4.52836505653437,41.2356283905703,16.8671013363131,11.0327510422498,492.735088966505,58.6426767370673,4.38578787336095,41.1533449488954,17.0429220069368,10.5557925954227,470.601109630104,54.2250544863549,4.88484088349227,40.7062811844382,17.7098888195904,10.3588401782966,439.616990086607,48.3887285476798,5.52999906627476
520,40.9922558471603,16.6676413095054,11.1116635733597,495.025256535552,59.1808794699952,4.70685371859465,40.8295626039291,16.6574872042167,10.9699049269667,484.657158217333,57.4089446553381,4.95585366650645,41.1763410032266,16.7873063137135,11.0102115457464,492.961370446364,58.5851234947327,4.74709177710303,41.1761698707048,16.9984159752193,10.6210534365212,473.320848172786,54.5366095603869,5.25014912236248,40.71914207892,17.7102327629291,10.3799712441568,440.285652078761,48.4008971858186,5.9059777081201
521,40.9646546188963,16.7073980267845,11.1509586676832,494.801245341962,59.1738689129907,4.42473829490148,40.7387671099787,16.6417263945083,10.9311096241271,482.402376867191,57.1569662969915,4.6794937897287,41.1734960764369,16.8203755284958,11.031247645868,491.886202223155,58.4722033012999,4.55187956150467,41.1807977039123,17.0293534834111,10.6711946683357,472.740296001128,54.5860431326962,4.91809620962859,40.7357578598248,17.743164997328,10.3650986620795,439.149866626389,48.068808018139,5.75586028689513
522,40.986733977837,16.6971288210937,11.0822433725116,492.804653500082,58.9786014130432,4.78721519196104,40.7717403229331,16.6583391984418,10.9317277491012,482.929661588776,57.3386664999294,4.99275722215003,41.2523477479202,16.8401908162672,11.0194589970526,492.670737139332,58.7243964996086,4.75709087179894,41.1902831305001,17.0450719898058,10.6136379657319,469.417610282381,54.0825320163851,5.40082613880047,40.6496716526544,17.7231536041113,10.3102221007069,437.312339982371,48.1911815467712,6.03211246614757
523,41.000456316367,16.6707832650605,11.1123956868296,494.797769474991,58.9893804299251,4.54193401026622,40.7831901173875,16.6003863005933,10.9446404884968,484.705169621794,57.3897769572347,4.71638123762626,41.2173422619033,16.8542303577113,11.0643005329375,494.477100837119,58.6299215640888,4.54943459946192,41.1740973297872,17.073222617359,10.6101068642058,471.201795148927,54.1173989410228,5.04953526339634,40.6646178262358,17.762217728064,10.3318940532025,437.33586839753,47.8762497691819,5.77852875308918
524,41.0133488715986,16.637015471498,11.111953204784,496.966634405904,59.3296441386349,4.70275103272119,40.8140283656761,16.5960522675935,10.9173266807507,485.164311790991,57.3831751194655,4.95031482800722,41.2550321139931,16.7907681921642,11.0103450368501,494.375861847979,58.634844023525,4.75254039019376,41.2158514405251,17.0015236330952,10.6058313483574,471.411912346574,54.2501522984766,5.24038561696936,40.72891603136,17.6894874864454,10.2959814133158,439.068889791722,48.1753581547056,5.89390926969442
525,40.9498981466845,16.6395673903342,11.1603829796648,495.518889141421,59.3351925370461,4.59696566977973,40.7837654673701,16.5897776807074,10.9818750654454,485.49734007277,57.6546590601483,4.79818402103148,41.2469888135293,16.7633139067373,11.0857066504518,497.113389940371,59.3264508456146,4.53726431474763,41.272421954547,16.9762459493348,10.7109869924098,474.918380237829,54.9402059088804,4.98155096130188,40.7009161784319,17.6958324901846,10.3799652529854,440.232127105808,48.6388184795419,5.72837953603615
526,40.977688167165,16.6984130389299,11.1230632402315,494.825552929576,59.078395548733,4.35746541413181,40.7269463721027,16.6420032301945,10.97521531308,485.486154996878,57.6052381587206,4.49019997293855,41.2404726465395,16.7979141288854,11.0458942802844,493.630290365834,58.6491616140734,4.374035834804,41.170087558229,17.0702729609799,10.5847145080907,470.150291309963,54.0319372634403,4.86164370330796,40.6720475699966,17.6966388925954,10.3220710013489,440.054007860602,48.3023713728455,5.51840052003576
527,41.0212304387985,16.6568134434651,11.1199069449418,498.558231963998,59.5771701276996,4.37500953306031,40.8754676699394,16.5680465157222,10.9510227902977,488.675351402382,57.9598194690676,4.59573665168605,41.2083804248308,16.7911584137886,11.0620892947787,495.220597512976,58.8114916435667,4.48696163596181,41.2665821934258,17.0110782867309,10.6167977261746,475.01456243078,54.7790715608734,4.89337592112068,40.6992608011133,17.7258932626325,10.3160047751418,440.146070782073,48.4169316469515,5.56033196944656
528,41.0465187993614,16.6666253591304,11.1287601219065,495.224314875754,59.1238811869339,4.61530431311647,40.7724100771018,16.6614219125113,10.9342314745759,484.688596491254,57.4536926040828,4.78819816298092,41.3197202610893,16.806743806246,11.0685137620034,495.539604877844,58.9658076316318,4.52959853956809,41.2334259024345,17.0728422802687,10.6125523190072,473.165366245782,54.5866468774172,5.02666917208027,40.7491853082349,17.7109686864928,10.2877982815355,440.711494564307,48.3905806213516,5.78386875454081
529,40.8916364162339,16.6825927247178,11.0998887696216,493.869222087978,59.0044948457825,4.47787476875558,40.7604309978966,16.6129492599433,10.9268844273957,482.727697797579,57.1470908009381,4.72950203693689,41.2183224480448,16.8094964016807,11.0181977724584,493.007078715747,58.5577328029735,4.57249671880569,41.2058353278177,17.0324469444418,10.6387772461643,473.903088798729,54.760284173135,4.7740163431755,40.6415261144661,17.7795783516747,10.2776649010656,435.898461058524,47.7744081415128,5.64593412785658
530,40.9898627551222,16.7321340512715,11.1587313466357,492.065291757692,58.7747277159173,4.689801315004,40.7725224882531,16.6649810883659,10.9797569111025,484.828953496092,57.5827175311958,4.75587561298002,41.2557006725943,16.8298017134977,11.0767867195999,491.973493876079,58.5013424731317,4.61851833695449,41.1737117070585,17.0347735385745,10.6171090600221,469.358000584322,54.003080232666,5.13796862065439,40.696869334697,17.7891869364458,10.3403911033996,436.14605653885,47.6951358114336,5.95532717924819
531,40.933666871451,16.7270772570116,11.0653478922674,491.178040786197,58.739600186339,4.63392637573164,40.8069807495433,16.6321724101494,10.9271729298379,484.88196140285,57.6961099291755,4.79645932262261,41.1963474835414,16.7516176888017,11.049180905701,493.816188504987,58.9706969980909,4.603664598012,41.1842070336989,16.9731452340272,10.5888984370027,472.412406804752,54.7244421735398,5.03525692344584,40.653194387227,17.728342219593,10.3054633412021,436.521571725818,48.0481651575175,5.84540197556637
532,40.9390369062994,16.6958820768542,11.1602646389017,495.318078137331,59.1240097147987,4.69192371165407,40.7485763421978,16.5982910536796,10.9478798030402,483.564201291443,57.1930702373878,4.92115872847662,41.2131966540629,16.7971752544284,11.0579487843868,493.51198531669,58.578437351164,4.7351734046523,41.1919867031514,17.0411814024101,10.5807511518539,471.189784084797,54.1943989633599,5.23142138762925,40.7224614785359,17.7424162720864,10.3217292952611,437.827582141719,47.9034315369892,6.00331801764711
533,40.9379703105088,16.7123401584639,11.1101088144045,493.858245206017,58.9435578653233,4.44477872213701,40.7836265952913,16.651983260876,10.9713814066506,485.580290884911,57.581063910689,4.56296685168902,41.1994837026814,16.8274252765347,10.9968992809133,491.81644566541,58.3876737531816,4.49730091163893,41.1324117156006,17.0906237883938,10.5975875004156,468.50189632343,53.8418859157425,4.99807042829863,40.6608074214177,17.7739705644512,10.3643513864824,438.698980340558,48.0794965860434,5.56067136662652
534,40.9644527234644,16.6532791128209,11.1566489006437,496.009341246401,59.1666715175969,4.55737733642203,40.8336677654226,16.5968090267876,10.9534529034467,485.511080057147,57.4328426784251,4.70747774678714,41.2518029288985,16.7690519734545,11.1011197296702,496.62489562415,59.0717783125749,4.55874385728282,41.1894217938588,17.012251585262,10.6389070662316,472.544898404514,54.385285914417,5.06697702836554,40.7089560939573,17.7029334496777,10.3871736383493,440.01495848868,48.1876729526438,5.80781455827507
535,40.9633362436289,16.6543311665376,11.1131680717385,496.60541223203,59.297717862275,4.65338623316045,40.7268503271684,16.6377784678444,10.9427433234661,485.284086903947,57.4406533048429,4.92294711710033,41.255384711529,16.8087483977673,11.019083678808,495.313170398374,58.8086301775567,4.63316649953503,41.1064685128568,17.031776046526,10.5832681175749,470.36341843157,54.0191679426631,5.2237292893533,40.679358030453,17.7470828257248,10.3605258749642,438.074863834636,48.0642261014742,5.89741068280855
536,40.931956915978,16.6808553413397,11.0963461001553,494.76055749043,59.1366623489,4.55771003690028,40.7222054021915,16.6009583734863,10.9214947279307,483.640947649468,57.3886649382162,4.80443598008004,41.1744207750533,16.8157896867576,11.0434312624218,494.348226346727,58.8781904394609,4.54255849946994,41.1715863154637,17.0460403190588,10.5947648259971,471.982441639836,54.5538322144801,5.04263075712883,40.773001580953,17.7279886068654,10.3229911986632,439.531798609825,48.336296743462,5.77764067687141
537,40.9678092438355,16.6396105110975,11.194950066098,495.692552305425,59.1624335008243,4.60353344010626,40.7525133231489,16.5603386775232,11.003802567008,485.130845050983,57.4172408606454,4.78088575388503,41.2277944699798,16.7585518159232,11.0902446231827,494.716152232104,58.7280056570488,4.5921869607703,41.2432404852266,17.0128157096343,10.6391696642487,471.887538350315,54.1894358852946,5.09503424377221,40.737215494307,17.7188508714556,10.3796795449855,441.244614205216,48.3985544275423,5.83934047311159
538,40.8701607030802,16.7065930156115,11.1003391968024,492.525705272094,58.676467130143,4.46966704113144,40.7173435112537,16.6548483261297,10.9134453000933,481.04299647822,56.769611367271,4.69859314965061,41.2953784918442,16.7778556801697,11.0468661430606,496.270086443598,58.9089684698559,4.38358178383893,41.1506824564508,17.0605276012704,10.5821190172318,469.457953930804,53.9086170795658,4.97988250194476,40.6020826594194,17.7376965531347,10.314019548764,437.792162598227,48.0436053462231,5.47651183705021
539,41.0156673848548,16.7246080120636,11.1255849483341,494.167891094717,58.7994480068647,4.74705168230954,40.7455534556213,16.6204127286773,10.9343605126876,484.059515241761,57.2212654181178,4.9167235951326,41.1964336893313,16.7510373547762,11.0762528735474,495.417175662828,58.8429404055208,4.63100167666247,41.196591282316,17.0099692166581,10.5948709072475,471.489082176759,54.1574139524674,5.22797002684092,40.6722208146316,17.7522192018132,10.2949798412473,437.625579890617,48.0194453020629,5.88645172379126
540,40.9371897407741,16.6537861568239,11.1029311476787,494.47103073794,58.770966366797,4.56318995124331,40.7563022125304,16.6147026510219,10.8852473788644,483.220377785598,56.9718745005486,4.7768326293823,41.352322785087,16.7707316338796,11.0169162437523,496.6432738273,58.7184217786177,4.52521144125647,41.1893139846311,17.0245284281784,10.6102373557575,473.374220252172,54.2866261091849,5.05793547918285,40.6144870779108,17.7091708664119,10.320053094523,439.166362013961,48.065589005159,5.69933786851309
541,40.9459212543235,16.6340957395827,11.1166092330929,494.642272613478,59.1673051512295,4.65945078191338,40.7635859129906,16.6022571271913,10.9218223457156,484.293788520704,57.467807384659,4.83130014860597,41.208131802346,16.7874298504286,11.0565886537132,494.301940034355,58.8707593963634,4.61748433216425,41.1775912115211,16.9939615995255,10.5923047771363,472.842173790968,54.6095348590212,5.05517748667906,40.7075418122886,17.7156994861273,10.3142292571086,439.386905542999,48.4095621952434,5.76604193481728
542,41.0051921058588,16.6936173060746,11.1189950419408,493.911699324996,58.8278750542699,4.62690573327678,40.7580144149346,16.6383040870983,10.9309380552208,482.894671944404,57.0062253752928,4.81880424234099,41.2482782528037,16.8116566396813,11.0306631555984,493.758492640671,58.5792130272716,4.64721168459989,41.1003466124572,17.0956367309208,10.6049042668931,469.325301803774,53.8970145164758,5.15550649497919,40.6475872693388,17.7678349824027,10.325458878035,437.522011308568,47.7846958273073,5.81275314186504
543,40.9952309086475,16.6644368875203,11.1645591823936,498.612831172621,59.6939015417969,4.55464996566226,40.7207613905977,16.6521029132784,10.9347795405257,483.951323611052,57.327541295269,4.85587333436129,41.2064492853577,16.7542654516609,11.0531207895447,495.513166771418,59.0084628585555,4.55541146799677,41.1436282257895,16.984589749483,10.6298470202789,471.788425305518,54.4278165005417,5.10362580645234,40.5836370124112,17.6926712253291,10.3558649669043,438.793365928838,48.2731347530603,5.84000422453186
544,41.018793676875,16.6277913199961,11.172333244351,497.455536645648,59.4460055141163,4.54094960223066,40.7927465378029,16.624002212479,10.987621721312,486.522605492343,57.7014171739311,4.72574624763622,41.1851967898761,16.7699025940113,11.0521288502838,493.505685265363,58.5550436341527,4.62147945609878,41.1717185260105,16.9811311724915,10.632363410611,473.868477625996,54.6171265014914,5.01158335615517,40.6797623173191,17.709112508071,10.3801585979807,441.980398441441,48.4879158547713,5.77606927562749
545,40.9436556136545,16.6788532470789,11.1061882961104,493.390361502617,58.8430157108886,4.50305365222472,40.7290216786087,16.6437285623039,10.8939129777735,481.245370795256,56.8381793395883,4.76830134102224,41.2923538487576,16.8017257779564,11.0565585757738,495.000231864124,58.8433944578625,4.45041993782147,41.2270750727451,17.073537814903,10.5983801075527,470.817730953526,54.015125245145,5.06942383990964,40.7283934389695,17.7836522433478,10.3452453417148,437.352330679785,47.8592003678039,5.7392419596684
546,40.9997201141843,16.6806645538716,11.1681563821743,498.422194769014,59.3751267637072,4.62823923084162,40.872662416002,16.5652112289441,11.0049446354525,489.578768256588,57.9566042744453,4.75712768044259,41.3134806396973,16.7665987499832,11.1100943577606,498.192366377913,59.0736916081595,4.61465039077518,41.2182544006013,16.9946086350436,10.6447861789992,474.646621463339,54.4892913034579,5.14276804565159,40.6827858447523,17.7377712282327,10.3715224421887,441.428435503225,48.4367164468761,5.87185732261255
547,40.9964328899717,16.7149712234189,11.1005420496179,493.704444284318,58.8557199059285,4.35770005779178,40.8511649446091,16.6269947925226,10.9051612451205,484.404918718238,57.3599901712924,4.46256931449453,41.2514829442424,16.8247028888187,11.0571979803673,495.708775281265,58.920480600523,4.31374041986971,41.2325232115247,17.0201415874663,10.5844847436308,472.757784288581,54.4776971869327,4.83184425403617,40.735117825896,17.7547820223857,10.3175768730687,439.25958337559,48.2190903724151,5.47995899250584
548,40.9986404545986,16.6787453310014,11.1766551425493,494.975683464092,59.2219363002503,4.55977921761382,40.8242769498627,16.5915596287692,10.9849026934457,485.239208359702,57.6567316618883,4.69472285061914,41.2104788656524,16.8268285535858,11.0897439241133,494.485752300098,58.9255194445763,4.54674187474298,41.2273846051258,16.9984142966251,10.6322935050303,472.761494027767,54.5258180388908,5.05622965171638,40.7425549869156,17.6849622742216,10.3466726436779,440.332465285295,48.4985447577645,5.71027095083626
549,40.992084972477,16.6662075387484,11.2095197919403,496.547424798107,59.3671956362802,4.20053600641607,40.7679077039996,16.6480927025628,10.9989245989607,486.681211221161,57.6949993751123,4.39085399674134,41.2285556682757,16.8213360795951,11.0896192006159,494.856164941158,58.8310002621749,4.29407836424283,41.1277490752122,17.0161026264097,10.6272995381035,472.295385585094,54.4005906275714,4.74448354523161,40.7423784583717,17.7513865947822,10.3169289672243,439.127457936529,48.3346514066993,5.39288577072776
550,40.9354155369703,16.7116199590981,11.1163714979886,495.592524471872,59.1655895268192,4.50297346500942,40.6899974906999,16.6318838281146,10.9748208203837,485.116807115305,57.4637210482349,4.72419837692204,41.1738756954039,16.8322082265533,11.0644663697417,494.273822020206,58.6952503329609,4.56334691462968,41.1912082958146,17.0590088728689,10.6295392936913,471.870004971118,54.2616120728993,5.11758815481898,40.7006639426232,17.757898875477,10.379968143816,439.496985297213,48.184251501744,5.73420666265629
551,41.0097290219772,16.6753682167016,11.130677752823,497.006745107998,59.3603401166119,4.34012917999584,40.7786385798382,16.5770941804625,10.968153532134,487.238034691162,57.6641004317015,4.56003467730897,41.230239087545,16.8044192957563,11.0378662020996,496.130455502658,58.9754438201942,4.36100332783467,41.2404038166607,17.0274186482768,10.6185285644171,472.316146187334,54.3679830284071,4.89377645080694,40.6877732685778,17.6888570881134,10.3420008098256,438.994152992627,48.0313478764841,5.5909737434262
552,41.0289977818078,16.6641409488687,11.1257308282239,496.265747267308,59.2721488366755,4.28041947016682,40.8274404285544,16.6144623031004,10.9446013137958,486.243803461628,57.6881034747142,4.43435598690397,41.2947588952016,16.7979732962079,11.0709688994356,497.414070438114,59.2415218040299,4.24020053034859,41.264138045981,16.9673395869088,10.6486540208581,473.669508424324,54.5735389857983,4.76571335182122,40.6818533434112,17.7366527252486,10.3650779926053,439.451465078886,48.2780644517648,5.41541254509204
553,41.0741227954054,16.6382806456901,11.1883646655029,499.666146057791,59.7087558005008,4.35050233403301,40.8082423064305,16.5991990737369,10.9869407171852,485.543975091657,57.3798167613809,4.66186423966537,41.2899084769587,16.752924058006,11.0739161611389,496.852914208952,59.0478955234787,4.36888861193605,41.2842006242537,17.0146925092284,10.6283451074677,473.450389306172,54.4232350026221,4.97410580660603,40.7093863332269,17.7544375128722,10.3031293570834,438.020246780567,47.770794222874,5.72559122914644
554,40.9141432181148,16.6935734760087,11.1272524123133,493.657100333303,58.9761842769043,4.65288294982592,40.643888009655,16.6709194155067,10.9337540839162,481.341285884212,56.9260597505943,4.91310617758085,41.2291811110665,16.8292463543435,11.0644225018631,492.709960035256,58.5947599732769,4.62345361977977,41.1171813127914,17.0097898321772,10.6261243975402,470.443337714486,54.1662794381529,5.12448733888543,40.6148602364556,17.7092468544131,10.2911326967243,437.558783437234,48.0575624975431,5.76351547907901
555,40.9620732600531,16.6543861058276,11.104551892442,493.554973446565,58.7156911490372,4.40933724119225,40.7512763713848,16.6573365702494,10.9490476440321,482.620274896638,56.9137048521308,4.58638993437823,41.2785521979751,16.7699955107601,11.071031626284,495.991772867189,58.8885041537921,4.31233324673086,41.1975987093494,17.0140652855973,10.6380725804026,472.519564917645,54.3530781873755,4.76923113268501,40.6566742760225,17.7608961914241,10.3400575134236,437.600564965393,47.7989542524377,5.53724666735485
556,40.9028701935559,16.6368932026455,11.1679578774667,495.622426283975,59.4187632658947,4.67565459507191,40.706749975387,16.6460579139906,10.9319232321787,481.614356263401,57.0084580048021,5.0041742516868,41.2500950788659,16.7535273540677,11.0698193217131,496.686092180214,59.3141992543899,4.59981227127572,41.2234940992709,17.0002491232726,10.5877986873248,473.428258002338,54.6097891678293,5.18361818284411,40.7072044773987,17.7279352700786,10.3383239295687,439.400339764528,48.3266816458867,5.99919548875127
557,41.0133965061213,16.6773027798719,11.1536526769484,496.991837030986,59.2279301172333,4.71888678282597,40.7848785887741,16.6672619185968,10.9419681436483,484.565608217268,57.1826147718703,4.96151033174831,41.2767268254988,16.7783133852096,11.0919155232071,497.752110637392,59.1288977279708,4.65188503340758,41.1999441064938,17.0205719480535,10.6014012948177,471.998530404378,54.1227196254563,5.2821700997837,40.6514713577801,17.7867450901853,10.2811561855349,436.478804415015,47.5223660927062,6.09388571484206
558,41.022335372145,16.6390346219863,11.1097853791321,496.065797750628,59.2201130728481,4.56107837902884,40.8285569208391,16.6240153816653,10.9244347524094,485.018258924819,57.390574715126,4.76194787088306,41.2909953431617,16.8142506784215,11.032829529523,494.89983939924,58.7394158020097,4.58779285322915,41.1728207346977,16.967566081322,10.6417466132399,472.619398180354,54.4405688578355,5.08060829306264,40.7032319398224,17.6874692949891,10.3502971975858,439.990347672459,48.1826071113722,5.78297681844147
559,40.9651562674689,16.6092456317853,11.1739637046785,497.359383380779,59.5130566170418,4.41458562504269,40.7580483292623,16.5912009747448,10.9046457925496,482.159832584185,57.0726115808875,4.71428134031283,41.2716696024462,16.7493077310077,11.089166108196,497.10261843772,59.2723240407926,4.37404639259415,41.1920701959637,17.019975739315,10.6145130045175,471.668505441736,54.2996964483417,4.9387598107713,40.6548010069942,17.7080951495336,10.2776661848134,438.550882231299,48.0995592350605,5.6660810536361
560,40.9341880684831,16.704337564958,11.0808033619912,492.483823892137,58.8752496533626,4.28328824873246,40.7603021022106,16.665376779677,10.9123839870576,482.802589388682,57.2535241903287,4.52125474570066,41.1585864196797,16.7838192311295,11.0624277620853,494.54689894516,58.940366675551,4.30375027615322,41.1534752718697,17.0340089582986,10.5893621394544,470.181876169502,54.14667413584,4.78195041028992,40.6973473125715,17.729144659384,10.3139205701443,440.005825673674,48.5411266424293,5.42836487648883
561,40.9807514907223,16.6524164107125,11.1361991694896,497.66051785201,59.6230530801192,4.48395437912171,40.7528745579718,16.6398417279181,10.9256446325767,484.318902949106,57.3362711668166,4.82795907545263,41.2672426797209,16.7421720865125,11.0441520743984,497.340268386644,59.3029127745732,4.49579191345198,41.1984189352701,17.038696205873,10.6317244410748,472.846843909589,54.5852610084294,5.08236428566649,40.6257641715587,17.7103524818562,10.3395480298878,438.60341495248,48.2205266796478,5.91349866183251
562,40.8743434923237,16.678846231314,11.0957809261961,491.992561268801,58.6438936925677,4.78266301472432,40.7066667670071,16.5750234781317,10.9401746735415,483.971384292894,57.3332327660325,4.92207350115141,41.1615668365242,16.8231628619694,11.0012171664123,491.440237387053,58.295637126158,4.77806997265191,41.1194236327774,17.0386890666424,10.5504898128659,468.814646973328,53.8179243502111,5.30612294503432,40.6439763454095,17.7555035425244,10.3072716939022,436.311758093885,47.6427774865827,6.00047301506528
563,40.961119855055,16.6431178994023,11.1110490681628,494.513750313069,59.2256087029661,4.47400350534167,40.7854644302046,16.6455821810759,10.9209451970061,485.321571983233,57.6922720912682,4.60306589207898,41.270508646388,16.8275433395014,11.0347491720909,494.460265537821,59.035174201742,4.38677686188137,41.2157300824446,17.0859894646792,10.616329087748,471.839406195672,54.3811653348633,4.98568196511032,40.7500204755382,17.7777173473159,10.2483941281702,437.787838010091,48.2112450396729,5.62202790936943
564,40.9077191493522,16.6381633188479,11.0567823612082,493.595929520513,58.9715378371398,4.34244535173745,40.6582503683918,16.6638641711636,10.8952832085899,483.183510625846,57.2422723518327,4.50253996897602,41.2109782988259,16.848469306745,10.9690143062574,491.012643217251,58.1776795343549,4.37470987983972,41.124688031112,17.1010779150565,10.5702448790686,469.383484340943,53.8625686803246,4.87201097360481,40.626825164953,17.7402677590652,10.2709704355071,437.811578893964,48.045908216123,5.52372207314401
565,40.9213137152233,16.6416971241566,11.1344705511101,494.612807950087,59.1146625098961,4.37867397617632,40.7035022978033,16.5500041838006,10.9418902839026,483.639462841319,57.338769420956,4.57977902611925,41.1920116465071,16.8358152343771,11.049646466566,494.026300138717,58.7708108729916,4.40137323817102,41.1252439232541,17.016050167323,10.6026086025581,470.563367977565,54.2403882912864,4.89878338794537,40.6651445920406,17.7781828184854,10.3117250357126,437.773194997224,48.0234343098189,5.5846726287992
566,41.0216628667888,16.6724133753189,11.1309178867952,494.325546794431,59.1141101267916,4.55535153904008,40.8250851919919,16.6630269654999,10.9593860665755,483.786732605473,57.3303404956426,4.81944627382515,41.2696494692595,16.8218709459031,11.0586677321618,492.469133088537,58.5286353053132,4.63685543600386,41.1623383767942,17.0560836265233,10.6125880248358,470.220330028523,54.099669189207,5.14709920156886,40.6912710667521,17.7283510364488,10.3268042937097,436.557447997631,47.7284315018694,5.90886687165322
567,40.9786352859768,16.7083734723508,11.0786894574771,493.878125018514,59.0251932754999,4.46542995105813,40.76335343309,16.6452665826881,10.8956533008785,483.506666888098,57.2391405497861,4.66164825604066,41.2704972899048,16.767309268493,11.023295144407,495.504838360448,59.0277549624001,4.41746178731957,41.2233995668924,17.0162864876325,10.6431491973353,474.431642951721,54.7948767990656,4.87387370999667,40.6874256909938,17.7212262322853,10.3275292258819,439.220937694912,48.2725377823643,5.58760742964527
568,40.9300975353471,16.6932146288347,11.1491446220196,494.784525703501,59.1949181525175,4.32087363170635,40.6537185121204,16.6945036018792,10.8864638845824,478.644336824162,56.5016946916628,4.67242059923624,41.1703397534754,16.7700021849795,11.0733765046871,494.566238048565,59.0142590929052,4.24272214949681,41.0837407178338,17.1009881207333,10.5682371767485,466.758746447047,53.5440976906598,4.95061302225848,40.6145044894724,17.7628810076406,10.3107379146319,437.400211354408,47.984418219839,5.51608138300067
569,41.0090334570518,16.6286071673858,11.1688884421134,498.114757066124,59.3764489960111,4.53293926879905,40.8300918689633,16.6015978225381,10.9894163390885,488.193972626534,57.6753819606717,4.72117313744215,41.2608672912521,16.7732507328473,11.0761996517949,496.182607882298,58.7682265564351,4.5949574413426,41.3218329224419,16.981588015911,10.6774691656264,475.972621383037,54.7179631369863,4.97991632832175,40.7256235776881,17.7346662615915,10.3165239901757,439.092778345487,47.9776966044493,5.79627512157236
570,41.0111162501187,16.6393722827189,11.1893659440797,499.19380637896,59.5157009692472,4.57589963706677,40.8080682007668,16.6090489156329,10.9931820937645,487.207542289661,57.5819778106078,4.82506729625456,41.2759116351758,16.7871328414674,11.0469982132392,495.862936847279,58.7915097079437,4.59256212409781,41.2603885272387,17.0076949454854,10.6401325518707,474.964778616644,54.5493270185196,5.14500608250076,40.6360814248156,17.7459708600857,10.3300949486046,438.368882564567,47.7970566384726,5.98633327240849
571,40.9683279528489,16.6925455569053,11.1315275539591,495.216525648452,58.9698242416627,4.41066037084571,40.750036046363,16.6559593916642,10.9481997309059,486.102118326225,57.4636235830737,4.56447777590662,41.1858658168468,16.8069162212045,11.035469971679,494.124700511589,58.5783153556047,4.38872102998539,41.2456436530833,17.0200971909296,10.5763270764213,473.529610470866,54.3685933212036,4.89416225732275,40.6589271497796,17.7108253717089,10.2835107113819,439.095347013968,48.1009849415017,5.57498997941742
572,40.9432110058855,16.6768656344857,11.1271682075207,494.71596656785,58.8778119157266,4.53013549122343,40.7576194254833,16.6272504765571,10.9516493832427,484.346631366053,57.2085044753188,4.74618523418301,41.2058234636354,16.7895095470117,11.0523503158674,494.056252591371,58.5120618392192,4.57324536927003,41.135884436024,16.9660313727312,10.6010075785154,472.968606343078,54.3629623128721,4.97209526704447,40.7238262885841,17.7660115476965,10.3143745751705,438.622015347058,48.0218835175067,5.73753699264022
573,40.9348789932139,16.6586856497047,11.1536676103438,493.639003716201,58.6673485552786,4.54113702054582,40.7022657739737,16.7057784126305,10.9374549540449,481.73729846624,56.6866193248851,4.73109251410626,41.2651496470585,16.7993115279083,11.0842763296269,494.012548998772,58.5240487364466,4.4713640212758,41.168935876453,17.0278914118262,10.6184705274465,471.326639811546,54.1299317577622,4.94686452841392,40.708876214427,17.7306278924012,10.3064923136753,439.127401277744,47.9307760137965,5.70819987272433
574,41.0427360706882,16.6793826592225,11.0640901368479,493.219472830777,58.8813364893665,4.73482169225834,40.7664762050385,16.5936239632088,10.9191529405111,483.039136848991,57.23892648807,4.97033883807634,41.1410105752648,16.8085868011946,11.0435162293531,492.411849476325,58.6123505009696,4.73756729150195,41.2008997988534,17.0276017267413,10.6240681927598,471.460814722414,54.2689144588495,5.26401095506992,40.7292914568556,17.6874297128811,10.3915758974378,441.218944946772,48.7043040172403,5.92452251795638
575,40.9233594848417,16.7182918879162,11.1334758699924,492.813082708153,58.9190167083655,4.62490362886338,40.7190452833315,16.6249710382722,10.923886586228,482.143162377939,57.1321062260589,4.78539323202735,41.2292632900907,16.7590910665566,11.0940398757898,496.722694416064,59.1940775579121,4.50025321054789,41.1475212819741,16.9879129935719,10.6012493753554,472.135102117929,54.4683546659236,5.05118176785289,40.7026281596311,17.6853508396966,10.382304465825,439.737054983093,48.366616032345,5.77655640807309
576,40.9591341643489,16.6877534711527,11.0920521697028,493.09842854469,58.8440443014177,4.45917721405242,40.737882051633,16.5939975125514,10.9295174695458,484.596620340365,57.4540835135499,4.60372306172593,41.2844480642526,16.8077073806788,11.0436943443181,494.332822048066,58.7351569399131,4.39639019283052,41.1863768406431,17.0158328705809,10.6422822290089,472.516392543451,54.6255335395308,4.81855870782495,40.6014171986765,17.7049941795932,10.3161106230132,438.495622968187,48.1432869859479,5.49923473301826
577,41.0293923961854,16.6462254638185,11.1632030452839,496.655618023462,59.34756181512,4.55683874533717,40.8467192402442,16.6147392421564,10.9301654633692,485.890519344762,57.6122293397255,4.72506396134192,41.2492709055742,16.7379880659512,11.1035684912925,497.870052947612,59.3998678984388,4.46997951413575,41.2531515029145,17.0363988487904,10.6394300683997,472.534604758446,54.377081297973,5.06262701446238,40.7182418981336,17.7238007451867,10.3507413102352,438.396773122887,48.0661750434889,5.73852226780747
578,40.9669087735028,16.7167329989893,11.1182843461581,493.355198053152,58.8120250350958,4.39195729098203,40.7182964063321,16.6477515781407,10.9368060707686,481.991279319874,56.9313934986477,4.6380633935525,41.1150942116966,16.8585028758186,11.0226649530225,490.724708866559,58.0648717548438,4.54222045776285,41.116950871442,17.0063313632327,10.6514048950755,470.66891663334,54.1222326714779,4.89359752986995,40.6126083252067,17.7540541558919,10.3493928014518,437.607001402975,47.7644273014971,5.69078041615666
579,40.957859232774,16.7112686271339,11.1070122054224,493.046822796445,58.6800228092965,4.41046958666046,40.7793011422489,16.5924505940331,10.9796484258919,485.241523799222,57.4263638794109,4.53826125706359,41.2296239287662,16.8370539430792,11.0577731996532,494.019635942127,58.6134227400324,4.38495929939905,41.2387671922353,17.0021306501637,10.6215118934648,473.48756104908,54.565517042956,4.79726162306953,40.751143119888,17.7277673629327,10.3606847061222,440.011985612867,48.2633973228914,5.56850488100165
580,41.055422000688,16.6539139750497,11.1403611072208,496.505913679295,59.3312108279917,4.46337261919073,40.8532156753079,16.5666637591162,10.9445484911713,487.572996971099,57.8525647961963,4.59586039998458,41.2568929842426,16.7685232897203,11.0850341090632,497.214490718544,59.2432184198767,4.44105548423726,41.238235002708,17.0377878678247,10.6577321669127,473.511256795826,54.5606458118181,4.97187643994961,40.7002857528799,17.7294363543089,10.3236308123164,439.384988281202,48.2456555921977,5.66765345980096
581,41.0143630145418,16.6410790344333,11.137590584694,495.341534394277,59.0141510391726,4.5328707608076,40.8534237430455,16.5933960831066,10.9892731577136,488.106836736779,57.7834107662431,4.69050541187925,41.253875674395,16.7636979521067,11.1070331026317,495.437111499458,58.8068141513745,4.55572157606552,41.1866408081851,17.0152593816087,10.6382989547328,471.523151156155,54.1042639662658,5.1033480898097,40.6731892127958,17.6931407933799,10.349530465593,438.827971119047,48.1270186722553,5.74279592414015
582,40.9864051804254,16.611725497656,11.1996432637109,498.227408806153,59.418763634472,4.57595450856139,40.7557314768169,16.6131078988861,11.0280993136553,487.618554237707,57.7148651936936,4.85165964772509,41.2113806224575,16.7606351365137,11.1057160998691,496.642800318757,59.0234965147344,4.57646401908142,41.1603513794247,16.9639892085521,10.6741857144722,474.556018840558,54.6262374153451,5.09895436182082,40.6792953109467,17.6807415972317,10.3201407278218,439.772747373998,48.0946259668441,5.92703191120778
583,40.9952487022059,16.6506810148774,11.1474375044881,496.409096806041,59.0683835473927,4.62446118027846,40.8014277319654,16.6311552513974,10.9754306801012,486.10056181274,57.2852682255505,4.87878382735873,41.2624261520712,16.7759436294767,11.0805645308205,495.752838827516,58.7181865975495,4.64737651998486,41.3115442405641,17.0279686480574,10.675657425755,474.150391942717,54.5069395992114,5.04209837718109,40.6974990161932,17.7557559819724,10.3809083618038,440.638983062577,48.2710873566182,5.83899469737748
584,40.9676004574304,16.6538660933574,11.1553585087803,496.341039660881,59.2168740600756,4.63400069742373,40.8212305421939,16.5663502917644,10.9637835928531,486.727674088449,57.6684286054333,4.82082290387972,41.2781903862123,16.7296510051992,11.100939631499,498.65189825812,59.2934823278701,4.53729695717174,41.1981443992212,16.9817163862897,10.6318892909783,472.20740698856,54.3675420237481,5.13134670541956,40.7486234483369,17.6993346126868,10.2919786098752,439.799971793371,48.1674340878701,5.86633424749544
585,40.9517053935928,16.6611812709907,11.0885296814725,492.991014866186,58.7088397012054,4.61040873450472,40.7815027328154,16.5657630829117,10.9270088215073,485.93474359546,57.6809677647102,4.70732541588656,41.1793192103674,16.8321874183434,11.023488148293,492.503083897674,58.441064764131,4.63036809603773,41.2010953034173,17.0606813348411,10.5735976412448,470.389549592753,53.9891053361098,5.08869941005199,40.6483371496614,17.7447019395021,10.3113573980486,438.894840372325,48.0333028486569,5.82082873153086
586,41.014264951935,16.6163969343916,11.162945016649,498.010379965957,59.6547421068701,4.47067140514628,40.7705093024093,16.6244777738386,10.9871279425877,486.074265751553,57.6510802236317,4.76506436402693,41.2219339275557,16.7298531659639,11.101259891156,496.095782379735,59.0905288634578,4.50975357450546,41.2574481368212,17.0002722942063,10.6608713704729,472.594176528388,54.4773308779633,5.07802633069597,40.7341914730933,17.8026672488908,10.3843054027194,439.96419657737,48.3553458361764,5.78534997434273
587,40.9913554506489,16.6429121591853,11.0950599371335,495.320040597195,59.1125457495981,4.49536654322577,40.8004534223244,16.6199793924286,10.8730520199763,482.960762254235,56.9693590170801,4.7675367381373,41.1975237090354,16.8256512694881,11.0151117724214,492.096187370947,58.2976729500591,4.573927082649,41.1775561735508,17.0280357174478,10.5843187809832,470.696349030491,54.0961743786397,5.00066207878093,40.7068035928344,17.6923214335026,10.3465482289485,440.785519293526,48.3854577660544,5.66261025460417
588,40.9283005376743,16.64692677308,11.1080117149321,494.7226755196,58.9210125010928,4.64150854710338,40.8036753405111,16.6294291921542,10.9421468991754,484.892115500803,57.2859930991733,4.80094829521553,41.2386744710042,16.795063988929,11.0326145317052,495.201559013688,58.7781615832481,4.5594487347166,41.2041291435033,17.0172805964478,10.6048590669377,473.173199399874,54.4939012909752,5.02205625868338,40.6330671298703,17.7684579016201,10.3141275283882,438.126635876748,48.0251533592387,5.80793919676949
589,40.9872701610155,16.6310192401363,11.1403363023909,494.576022709316,59.0308392363869,4.54256907857359,40.7905864651778,16.6333607644132,10.924808917997,484.17474830074,57.4017112620274,4.66682015428769,41.2956032864908,16.7395686258643,11.1031311102832,496.238265646033,59.0951679275458,4.39697934252821,41.2177489173594,17.0896221344446,10.5886188808274,470.510488964788,54.1129976915594,4.99264612989533,40.6689370684927,17.7206743433045,10.3177336901913,437.03962856852,47.8873342577343,5.69213892090477
590,40.9177257397886,16.7058425026359,11.1377514465497,494.057296735674,58.9766813205889,4.77563795966603,40.7420193193434,16.6461999008169,10.9341445859743,485.350263389587,57.5084232610547,4.89607321187358,41.2533222969557,16.7982268272812,11.0915684282617,495.47578670727,58.9111417525469,4.73743592583943,41.1271944438546,17.0141587488462,10.6410325160575,471.739383964571,54.3722466331093,5.26448323607345,40.6316430988623,17.6715938247657,10.3472331753888,439.470545343249,48.4207084918142,5.9198450811365
591,40.9492357890008,16.7037711762548,11.1568660650239,494.925799376887,59.1038531913734,4.6743557671083,40.7193368209073,16.6507543523285,10.9574722160511,483.896659012793,57.3034394095612,4.87634145725836,41.2307110350008,16.7583046073218,11.0646381596387,496.349127976189,59.1078179665173,4.62026824596109,41.130050523848,17.0296832770418,10.62457477745,471.154202893312,54.1909451235245,5.2293086122241,40.5989824252267,17.7097177355921,10.3436609947706,437.327586385168,47.9451085800984,5.95874809202586
592,40.9166552930263,16.7054588052677,11.0804705997871,492.877157728226,58.6096340682443,4.75557949704658,40.7244076897967,16.704382567514,10.8772006251377,479.504382193819,56.3864942741829,5.05803186943538,41.1889941291773,16.7577407080375,11.0263466645007,495.193031923071,58.7721320524644,4.67494263786672,41.1045839342227,17.0600316614541,10.5977835970956,469.748377969587,53.8244570960905,5.29354544756685,40.6294279637937,17.7381859930888,10.3158454355483,437.565261455343,47.7316839645458,6.05076265625622
593,40.9421460651888,16.6924321333232,11.0991258245464,494.403125662129,59.1740776805568,4.34034259414102,40.7654304385555,16.6555130002277,10.9353155727841,484.922846741038,57.5265162349199,4.51990227506786,41.2056781077929,16.7812653936692,11.0746074285584,497.146865863562,59.3121184981839,4.27223623405588,41.1648105428379,17.0357697368272,10.5944268791712,470.488504893375,54.2998096151609,4.88117257421969,40.6187157823443,17.7008395157014,10.3117295316238,439.056073471114,48.2080650785616,5.51005462000207
594,40.9472253445916,16.6260146565104,11.1429383191519,496.173639023096,59.1803818029886,4.57303272204999,40.6869692818899,16.6415157837469,10.9167078164411,483.345453360666,57.1019392717372,4.82240661334359,41.2209842223523,16.816767229625,11.0582871906819,493.033489312669,58.4160824185019,4.59436361771336,41.152070712508,17.0007566263677,10.6265090917232,471.824241128602,54.2513477591268,5.05281668651142,40.6680649837819,17.7677815645198,10.2902350243383,436.168870539874,47.5116660970519,5.86018953135819
595,40.9118678755914,16.6855817467818,11.1298622847548,493.373707735445,58.892784653462,4.37218369164754,40.7272673630206,16.6528909665879,10.9716428540436,484.924668701014,57.5466471351773,4.5423162860213,41.2264206616713,16.7909802418843,11.0829308578271,494.092295255054,58.743418746669,4.30959568683703,41.0983009119205,17.015776552291,10.6073032916965,470.757305060196,54.1786852683488,4.82889478470962,40.6510321378721,17.7080153613135,10.3109430302841,438.804665004082,48.1432211561674,5.51462548253107
596,41.0087056040788,16.5964276299098,11.1712153809292,500.227120012394,59.7576034506524,4.56790476645355,40.7742491280564,16.6089182560036,10.943627178163,485.43382950115,57.3302118236846,4.9097999897599,41.2500679162655,16.7269400208166,11.0580014288348,498.22855905647,59.1158900795138,4.64985527124144,41.2572039603978,16.9714363286165,10.6304327525403,472.78589862559,54.398057135887,5.19104370101219,40.712981411672,17.6504847800944,10.3879196258538,441.780053308515,48.4030181730115,5.90647538778157
597,40.9716812672047,16.6423102710262,11.1470016609369,495.08412488792,59.0638530136563,4.48139656342335,40.7667222306595,16.5660548912947,10.9682463469784,485.933816582601,57.6113597793095,4.65138243653402,41.369580580218,16.7128863751462,11.082013134825,498.11056371689,59.2736716231755,4.38516719664482,41.2387107491795,16.9398043021203,10.651097563698,474.165979539989,54.6311651895988,4.91591551820317,40.7293794446224,17.7082201215227,10.3283624771521,440.729800357171,48.4219280746721,5.61510997178215
598,40.9615141475848,16.7165539240239,11.1584753225729,494.313092516132,59.148370382384,4.56713983400109,40.7833313505792,16.6037567775598,11.0218252937886,487.383688746545,57.9710822857649,4.68232411550279,41.2433071439983,16.8117837308799,11.1237309714822,495.850800839324,59.1302216646184,4.54748133740677,41.2482943466708,17.0041396615406,10.6700786751743,473.863172826613,54.8444247819758,4.96235638735094,40.7082232696522,17.7599991403502,10.3417713735901,439.785276772851,48.438556433634,5.75751273679866
599,40.9551541602856,16.6407912438776,11.1873245824789,497.454883098868,59.1911093663324,4.57837624018163,40.7458291970004,16.6271103926358,10.9791156503391,484.361060883937,57.0291584507949,4.83636376286437,41.247209476028,16.7645442849065,11.0980109605503,497.06512576372,58.8526958615484,4.59551971958139,41.1691645778408,17.0175769743416,10.6497658222197,472.885707120517,54.2065615958354,5.1143018109059,40.750414728626,17.6938548763272,10.3658707689939,441.814556713076,48.3081884793194,5.77928637658683
600,40.8526150746829,16.7051139841723,11.1252506867195,491.455022013825,58.5282505650376,4.72055098704179,40.6945676541715,16.7208079692308,10.8898442685566,477.403438152932,56.1123136992214,5.07286278500807,41.155521955977,16.857047216037,10.9994928121808,490.444069588459,58.0600156559967,4.76590701677083,41.1241907423581,17.013510081939,10.6044805286385,469.736218223222,54.0262745569326,5.19449374100776,40.6441985176943,17.8076071957273,10.3211301239653,434.478253510319,47.400480164123,5.8799068777169
601,40.9465007633964,16.6597052224961,11.1289529552939,494.806908581087,59.0959743971613,4.57268191967873,40.7605420635485,16.6281307346399,10.9371807680568,484.151571161312,57.3756719619384,4.77072710758883,41.1977812494754,16.8506985405906,11.021113923928,491.919769673549,58.2827029120292,4.65672884881687,41.1949105017091,16.9637151396288,10.6728145887823,472.702447552177,54.5364484002061,5.04013737718318,40.7162835317239,17.6591640257904,10.3665453224487,441.644997789015,48.7385746240117,5.69682599703421
602,40.9263759842614,16.7406312281491,11.08602967758,491.599629900896,58.8034837990347,4.46063482208968,40.6607411206849,16.6247146407006,10.8936346515338,480.298938022176,56.9363601614311,4.70390183823467,41.2230618915789,16.8187797394847,11.0695042405693,493.286982364218,58.8624988989432,4.36511042714452,41.1839400652347,17.0193759209555,10.5483769153312,469.525509642248,54.258845382413,4.93506347782117,40.6361340341062,17.7404136047059,10.2972392645786,437.706904441612,48.138408424323,5.62520558430046
603,40.9489439160694,16.6552332498296,11.1814079392476,494.606925439905,59.0116831391224,4.52042000652838,40.7590032372791,16.6063461967502,11.0538992849323,486.926609441933,57.735941571029,4.67555954157686,41.2584925336313,16.7709865252633,11.1113535731119,496.339003017639,59.062967097113,4.41335910838853,41.2383662536915,16.9854423376325,10.6763480647581,473.521509769841,54.6212046153733,4.88782097821347,40.65862203827,17.7411011085948,10.3994811791419,439.895026089088,48.461954037902,5.57782645576913
604,40.9485347631704,16.6587861283725,11.1114944506959,492.220977525001,58.7739494672752,4.68590891041306,40.8377168310306,16.570627270378,10.9407465129098,485.963473311769,57.7655641148417,4.70078546991072,41.1789223199678,16.8064633237443,11.0126503223935,492.079920133291,58.4986715977195,4.68111312917938,41.2510470389071,16.9718710271613,10.6231073841722,472.629652111545,54.5139497129566,5.03641308785193,40.6889487770684,17.7232091689988,10.3659737337184,439.430247920099,48.3205729091449,5.79605310009267
605,40.967864770023,16.6810823515569,11.173403657904,496.635575312134,59.1453937350324,4.62148094847479,40.7577097147598,16.6505531995378,10.9985885093333,485.335796989333,57.3072794449972,4.8852849113322,41.2210909050396,16.76056004553,11.1038807301015,496.622987106188,58.9645729650815,4.68166480642713,41.2169469786824,17.0202005587696,10.6957917392083,475.601514772379,54.7687149144109,5.08765798654958,40.7311423325986,17.7587513316606,10.3344924400208,439.519077707954,48.1690956197094,5.85053658600277
606,40.9979116810461,16.6104826822417,11.1402826316317,494.700496447152,58.9865382426242,4.71839041415254,40.8021779875384,16.6191832534134,10.9796396511209,485.354272461067,57.4568724797632,4.87444714977541,41.2832989224806,16.706225702581,11.0820644306745,496.273485599965,59.0466905569144,4.63683900641776,41.2046551277116,16.958891868526,10.6554043847965,474.374599755314,54.7405735695958,5.13057762314924,40.7178092550845,17.721361570517,10.4036646748942,440.022929340946,48.2486782099623,5.94689199883222
607,40.9874610667101,16.6132485660712,11.1722027972392,497.358526739948,59.4804515519152,4.32763428083941,40.7391374144277,16.6387854427299,10.9645781416741,484.988748040913,57.4258120561312,4.56416113449585,41.2118819037291,16.7908148348893,11.0845607782833,494.534608438018,58.8506489359362,4.3831886802875,41.1202608795817,17.0619310002551,10.6315814068739,471.134820695204,54.1449042176614,4.97485825348134,40.7036913719739,17.7479011926981,10.3598240922974,438.708810540367,48.0092221192531,5.5941507080972
608,40.980149270522,16.6427595807483,11.1221533454872,496.246263111452,59.1491581052637,4.58614393989332,40.8332411181729,16.5740466417337,10.9746170749815,488.592482833689,57.8323481963478,4.75327802671175,41.279588604361,16.7473251379842,11.0457477683301,496.319966663277,58.8663987144418,4.61259712195234,41.2176007372023,17.0050484959001,10.6174597429159,474.662004575417,54.6069670130394,5.13459984425528,40.741198045697,17.689310412944,10.3920067442795,442.107580859302,48.4267296795187,5.85490638271226
609,40.9023457441995,16.7338798845592,11.1015676992946,492.528935526118,58.8114546373957,4.75207947558583,40.7169779956777,16.6900800625272,10.9239679563246,481.651636763244,56.9297286996662,4.99486678065749,41.2198679443731,16.8442103836155,11.0312671384464,492.410337960014,58.5248326170372,4.71197411924481,41.1728343676116,17.0352430900905,10.5665519011371,470.042530448103,54.002592747379,5.31561713111791,40.7013796972257,17.730459392029,10.3413762704071,440.236275947944,48.3345922904746,5.95920371067616
610,40.9724519671792,16.726277935446,11.109124105565,492.089494922444,58.729383870437,4.58988594692094,40.7878342148681,16.6819024901593,10.9497751893776,484.737643970414,57.4764014069675,4.74342712414099,41.2596369885334,16.7809742546102,11.0689231403795,494.371503866488,58.8268505704841,4.52918183123186,41.201990975436,17.0911528189895,10.5848751045171,471.212421560645,54.2926732025928,5.04949336738359,40.6998487359725,17.728357094072,10.3170093848779,437.75109903429,47.9942692972996,5.77133435696212
611,40.9118344636787,16.6744831653597,11.1294350653958,492.332837693818,58.6691762222714,4.7786302685115,40.7112261662875,16.6212482335738,10.9544712818905,483.811118720997,57.2605340518902,4.91654304201203,41.2146824313942,16.8023166634147,11.0472107024576,494.274607647068,58.754482496821,4.72759696630617,41.1085513617389,16.9686048946237,10.6658342337032,472.902500786454,54.6948951680028,5.15869293448433,40.6148725070822,17.7159304269093,10.3588222568747,438.565059585507,48.0602110510477,6.05757732821488
612,40.9316932521384,16.7122287682711,11.1265934377864,493.108073536044,58.7099938616609,4.78261248278447,40.7875563886586,16.5955656369609,10.9933483378188,486.376524825264,57.6089650705186,4.91562272542642,41.2655372478833,16.7639261812545,11.0980866370182,496.24750868245,59.0073533533816,4.620387910767,41.2259559226123,17.0914661004421,10.628730928777,469.853176966861,53.9585111220472,5.20151849684078,40.7072099574485,17.7433923925547,10.3695246374561,439.505645057364,48.2262957487445,5.89050041037937
613,40.9500357682109,16.6689399893501,11.1326696751745,495.999531630286,59.2134752099512,4.66290606400628,40.736616789121,16.7098895148654,10.8872750039759,481.997906229918,56.9474770408724,4.9414533242824,41.1783021890342,16.8503168438781,11.054544801205,492.920193665574,58.4230779992019,4.69418143083961,41.1194390073459,17.0893288486465,10.5558489261427,468.286850212953,53.7177458012857,5.25048508374771,40.7149404739267,17.7532123007007,10.3526854005017,438.611539682627,48.1356158956334,5.84715255754148
614,41.0166534168708,16.6618335165006,11.1659574692251,498.221521000671,59.529354755238,4.57432817647721,40.8374899590207,16.6226913235551,10.9650476318768,486.816096632193,57.6229668186516,4.80307536167965,41.2889461437303,16.7646271580158,11.0674783425944,496.299271299502,58.9713699656326,4.60878229339749,41.1701589213391,17.0285937549207,10.5862665290242,471.081527626848,54.2481367068087,5.07273647071379,40.7025022156901,17.733063020608,10.3402702908363,439.840397575413,48.4074484345772,5.8030325779185
615,40.9852479590509,16.7011794944867,11.0891390441417,491.333012563921,58.6550686572989,4.59061380054465,40.7147192753268,16.7008216449825,10.8859140334966,479.876022096282,56.7371558036824,4.85019121476625,41.2200471032338,16.8191941859659,11.0045635898361,492.140750043303,58.5452777017817,4.56850770221022,41.2348107417884,16.9974480130106,10.6043316385541,472.346513290091,54.3790622996959,5.06124532567503,40.661882174186,17.7426949150028,10.3337405829315,438.198255305246,48.1830911833764,5.77607209155815
616,40.8993046099126,16.6780832566486,11.0984920720338,493.60125715682,58.8384472558064,4.72342331439861,40.7853163481928,16.5997235171388,10.9683801315252,486.864922765962,57.7828016885399,4.77568276258473,41.2655560478731,16.779501751891,11.0681155495602,498.152707196634,59.3166982085027,4.56672395009575,41.2382074086536,16.9999122784118,10.6315819044802,475.72129953395,54.8913088399726,5.05959769546062,40.7172163102028,17.6779340058908,10.390017335373,441.869115600146,48.8416356914032,5.72922543789167
617,41.0776052187963,16.5760250925654,11.1301730459644,498.709957231645,59.5555786251471,4.68324762450072,40.7990356448475,16.5616554783316,10.9242209567962,486.645017420775,57.6413905233482,4.87101305079314,41.3218546795028,16.7203538129248,11.1036437195921,499.056730071116,59.4113731492658,4.5820179800186,41.2363247615934,16.9559406151381,10.5946263144995,475.427906194748,54.7462888255813,5.13070534128777,40.7970166779326,17.6498852828986,10.3534969106995,442.183040684344,48.5583049970691,5.89498227232773
618,40.9088779954964,16.7242022054102,11.0575065890276,489.85096307264,58.3917525155499,4.92200839845191,40.7544473641333,16.6464799432402,10.8635897155816,480.478179736827,56.8505498221355,5.12100837709598,41.2031452118784,16.8549808446247,11.0085110944433,491.540530096461,58.604404912973,4.81431553909054,41.1047274201611,17.0575434918826,10.5770080320336,467.395522097556,53.7222535057708,5.40251071768046,40.6654515307749,17.8078662348586,10.2821498007604,436.346093201882,47.8567137965989,6.14035987251007
619,41.0034310072443,16.6439995566193,11.1829615384258,495.223085284992,59.0967247876143,4.39867155513817,40.7558444399758,16.5932524319296,10.9913494883336,484.408594896494,57.3218676547607,4.58329844425051,41.2711109427952,16.8108568714003,11.0966866173604,494.706011687806,58.779135602953,4.39382808714414,41.1219705355715,16.9781568265666,10.6190835494411,471.036598142733,54.142880677845,4.92323142331052,40.6995722005203,17.7335123243025,10.3819611439194,437.734868805374,48.0045822540022,5.6037624722083
620,40.9339512528088,16.690123935698,11.1237849808123,495.314170263019,59.2408635810373,4.43395522543302,40.7196838398205,16.7014985921172,10.8544165893176,481.994536435829,57.0151356718132,4.68387603185773,41.2070249158294,16.7484989454563,11.0107282610849,494.52283793201,58.899529972131,4.4128984010949,41.1558038958174,17.0251261763735,10.6130197972413,471.790080770123,54.4067590142668,4.93550791272023,40.6601728132134,17.6795085667114,10.3310215003672,439.996043054482,48.5521239324196,5.50826253226717
621,41.0001297727478,16.6701763283406,11.136512585725,495.091990784981,59.2129756448117,4.33556291713441,40.7261825873472,16.6194215920798,10.9374767057351,482.816923015635,57.2431930150757,4.58377328848711,41.3200103345772,16.681359658397,11.1141213939828,497.814675052945,59.4297409616542,4.24550029071767,41.2023643795266,16.975918463459,10.63030134512,474.069807874813,54.743903121845,4.76226029075185,40.7344074197379,17.7328422851701,10.3480490449135,438.814107267457,48.1194520094058,5.46612406081813
622,40.9746789545917,16.6375784278337,11.1654742709933,495.137560161063,59.1645588776139,4.46695546760496,40.7081152785142,16.6355086432609,10.9362940445917,481.914831635438,57.0025952299464,4.73124317650971,41.2118458793893,16.7639960933403,11.0415999563559,492.759387865158,58.5656372303699,4.50593653943292,41.235147673103,16.9379404719394,10.6482360315555,473.192747524099,54.4717379592878,4.93747785943015,40.6127952089655,17.6825213289538,10.3479938180539,438.441736469418,48.0315512763963,5.6721374363799
623,41.0275717619208,16.6500484951934,11.140574336434,497.678981657093,59.3327549477803,4.39083926241189,40.7908366480728,16.6091143725934,10.927295868827,485.255836974504,57.2978126953954,4.6384774135001,41.2491313074725,16.7883025884097,11.0245481616184,496.057095780543,58.9545180338941,4.36053012315709,41.30297623108,16.9306382199157,10.5717176469524,473.528444212277,54.4901012134631,4.90911140725373,40.8002821983879,17.7087041174894,10.3743894659576,444.815228739605,49.1373854700831,5.50329747513497
624,40.9712041497547,16.6793951948301,11.0896215576292,493.104057890993,58.9478081695915,4.79261056706831,40.756777091589,16.6672209345966,10.9172848027701,480.967823509014,56.8958740442521,5.09586384873101,41.1931411246324,16.8353836331655,11.0070595656007,491.374081896157,58.4165108757866,4.80007488670232,41.1228836516522,17.0588549185946,10.5978154704424,468.759513401414,53.9637578468584,5.28699249271314,40.7392029317604,17.796599308555,10.3395871877429,435.932763613159,47.6425067849618,6.12144660617315
625,40.9278109952379,16.6819856868631,11.0547937788413,492.3732036387,58.6155920678598,4.65228305299775,40.7901999660198,16.6207559389152,10.8916703010281,484.011439865874,57.1920165948044,4.79076428466524,41.2028831728418,16.7686886940528,11.0341108035994,492.890931734219,58.4900237343302,4.57120533159101,41.2840683563111,17.0194979654283,10.5920536208631,471.812580664729,54.3084616496913,5.06090774839931,40.6730101283109,17.653905926968,10.3708507209461,439.559005713935,48.2934113538129,5.69622086628229
626,40.9063376224173,16.7210311105009,11.0618596290017,490.704385624546,58.6363241131203,4.56545416418214,40.725762668923,16.7157093395694,10.8904789315092,480.095308705941,56.8191109016636,4.78806654604629,41.2556574204088,16.8102817286206,11.0307526075167,494.504439414164,58.9927290469589,4.46000210029016,41.1419179128309,17.0931889851005,10.5653206355164,468.775995238583,54.0175824383743,5.08107580274315,40.683544738825,17.7262759569462,10.3056172311088,436.630992527872,47.9470846611877,5.74168853295252
627,40.9728033454092,16.7271796718373,11.1400469003713,492.025792108753,58.5429307059065,4.63941062052335,40.7303817951187,16.6477133153436,10.9453696751154,481.125289179653,56.7322972344398,4.8456330453471,41.1990851526671,16.8350343331089,11.0479193189222,490.851834343238,58.0962824688156,4.61596358131818,41.1798688317117,17.0733981050032,10.6301073354545,468.692149289253,53.7412763770262,5.0968420152408,40.6434432157665,17.8089937145507,10.2661190052534,433.571317912218,47.2014704501256,5.80514180438646
628,41.0700921258141,16.6457665294649,11.164249583426,498.531212913272,59.680521602093,4.48476116654015,40.8269191111614,16.6475531736451,10.9800961802409,485.586326092869,57.5321818972362,4.74848091441622,41.3288801427922,16.7769768662681,11.1118723670009,497.485598969393,59.2629635672474,4.48182578158558,41.2802714102582,17.0457091843446,10.6382200927049,473.562158987016,54.6488143072073,5.00044237104028,40.7404520098025,17.7719464999523,10.408790126594,440.862738449603,48.4841865566001,5.76104884969581
629,40.9712753912626,16.7038104883588,11.0568187343507,495.603809197299,59.1914089312844,4.53839418926959,40.7615209925587,16.6659022612874,10.8663167724431,482.664455666253,57.0763679309811,4.75091351689328,41.2132995231599,16.8280151635623,10.9884052054331,493.398778180124,58.6243869958683,4.56297240857508,41.2500132663849,17.0086955173322,10.5947232834299,473.354229416939,54.5652517355372,4.93789104424888,40.7296743420984,17.7286576282589,10.3206896030723,439.487028470521,48.2330049039719,5.65413523023421
630,40.9238499015485,16.7130722598263,11.1561199663673,492.756153892893,58.8736307355267,4.68826643791808,40.714503967487,16.6649315288293,10.9773672518951,482.61229822836,57.2348593080583,4.87742463214722,41.2214200899056,16.8219191312624,11.0493890913434,494.104177820821,58.8414074237943,4.62920164836478,41.1616784493533,17.0084144668489,10.6168388621819,471.332004122892,54.5190963251521,5.06311270480299,40.7136843760755,17.7012364451296,10.3395129049703,439.159767002102,48.3543024469681,5.81963806530011
631,40.9041082990228,16.6655936751637,11.0688840076189,493.610457061647,58.7119646092471,4.71615737261614,40.7411090894906,16.6392215388636,10.9169669581881,483.624527636096,57.0160529008764,4.90233702438532,41.233569960488,16.7318397141681,11.0467133497043,496.251717312694,58.8987538287415,4.61336279326988,41.1118973890713,17.0870970669488,10.5759347652301,468.532646293862,53.5195974116678,5.29615507407008,40.7065343316285,17.7330506714771,10.2970914078659,438.162881771274,47.8935562250265,5.84137759595152
632,40.9861090007935,16.6632002528255,11.1610190223712,495.118537855035,59.1634017088852,4.61510886119111,40.802904224039,16.6318948134045,10.9172987398424,482.932990977323,57.1692079228562,4.84500511488295,41.244789309595,16.7828197890463,11.0922500410936,494.836262226072,58.8662687813281,4.57106995873254,41.1432372395929,17.0017173922086,10.586900328289,469.597457027992,54.0951219031674,5.09751078365612,40.6458002473469,17.7365009858131,10.2930297984404,437.798626133786,47.9935084523475,5.8379317805211
633,41.0092253678236,16.698246706348,11.1492577606634,496.050218626083,59.420476669074,4.64279175048002,40.7553470748884,16.6103461516784,10.9702961933533,486.950864626302,57.9478297925495,4.82795506020686,41.2237480833406,16.7981068810383,11.0793725857547,495.572537377557,59.1495339193695,4.66601332414127,41.1520998106651,17.0155628687478,10.5815393057766,472.547345739681,54.646494821652,5.17418333509216,40.6740912117659,17.8185138951028,10.3161808711649,437.204942986637,47.8961216434957,6.05892759999286
634,40.9288026506565,16.6345117051664,11.1514140063014,495.422760155936,59.2058001503611,4.46658831579105,40.730355366759,16.6750606525909,10.9477549069764,483.012108794216,57.1192101443171,4.72369329712436,41.2263712666834,16.7581808696327,11.0488342236117,494.522452857388,58.8373089334925,4.45668540315284,41.1453149934067,17.0294656163754,10.6338407318648,472.08600078519,54.4361356570808,4.98035811028469,40.701684687972,17.7057173949154,10.3147891616769,438.093587792726,48.0223404017662,5.66169678465661
635,40.9892840985458,16.7481459407729,11.1518643711921,492.907658526146,58.6267784528655,4.53447621398983,40.7067598931164,16.6901735984926,10.9327368046726,481.132012907622,56.6825132119395,4.73870849775346,41.2172971708926,16.8420853891688,11.0752618564887,493.553893629352,58.5786693458097,4.4727627514051,41.1928803010326,16.9992259006475,10.6625990692975,472.162783129664,54.3023338288394,4.92223839679118,40.6979274161989,17.7242843962061,10.3769556244041,438.54963345775,48.0850147862535,5.56683800698337
636,40.944384173593,16.6266361082674,11.1120563804606,496.526270617132,59.4414028919253,4.41859702619259,40.8011013946851,16.5628855960192,10.9615612024495,488.493699542179,58.0520759015213,4.5955598603846,41.2684386066683,16.7184799363187,11.0419408317842,497.858723554284,59.4334396577561,4.31411753606532,41.1787981584303,16.9867543690273,10.6212512830641,472.713419151476,54.4968706652513,4.96182099416101,40.6740243000762,17.7443225017951,10.3741033126942,438.283995011668,48.0166432750379,5.60627829015456
637,41.0321892607429,16.6465096335175,11.1131428530952,496.363934232987,59.4296485065575,4.53184238463003,40.8103407797598,16.6173193786685,10.8951578400485,483.272985719582,57.2993086212979,4.77726531082118,41.2583357078389,16.7755131515706,11.0444775297588,495.422538220686,59.1463166333558,4.48792650232361,41.2437745322818,17.0201552466528,10.5799626731217,470.546618266209,54.1699518374518,5.16056401536408,40.7630635742406,17.7214443675853,10.348592954283,439.554062228697,48.3430873976884,5.73958598728965
638,40.9137810198657,16.6751083973787,11.1744205229582,494.82946034019,59.1070840710954,4.65251093223502,40.7456020019867,16.6066281588941,10.9841566934401,483.907279190114,57.382482164517,4.84978548419298,41.1812860503209,16.8312164269228,11.0882485175666,493.735772627675,58.6614832007376,4.67187180944626,41.1635668172591,17.0570316882877,10.6574478534685,471.88347367464,54.1083829175432,5.22742293938707,40.6681819988986,17.7085605301076,10.3498316391009,440.325713690421,48.5616506609422,5.7847479626224
639,40.906024043135,16.7596840928201,11.1215724374902,492.347125821101,58.6786264179688,4.72957030563957,40.6994799648255,16.6128855197336,10.9468464905401,483.024380202203,57.1736499476827,4.87835549838039,41.2083444902392,16.8479538920894,11.0236002003747,493.363749452715,58.54218342001,4.69815860884141,41.1255476273621,17.0771174815742,10.6427758594864,471.378084412537,54.1680443761206,5.21976688914391,40.6608666025241,17.7781776520967,10.3424339960154,436.463144913018,47.760905648722,5.92035115495193
640,40.9639009410406,16.6984166464983,11.1399644722982,495.855692414801,59.3149824659233,4.54124378394523,40.7768451137129,16.6186474004918,10.9983275913572,484.649155989064,57.4452350328718,4.82650633314026,41.2067089291263,16.798126983259,11.0994339077406,494.592255848203,58.8724539573302,4.61213607609186,41.2031973073619,17.0266586720048,10.6599368155453,472.930401637428,54.5080517859941,5.13098725194286,40.6953824164517,17.7512647782071,10.3822918512764,438.311379889492,48.0848133027198,5.88254811240758
641,40.8999340303176,16.68115798662,11.0944936163792,494.63086653731,58.8924874253289,4.47477222869051,40.7070030259797,16.6603418382728,10.885776374292,484.761707945949,57.2009102107297,4.68590659339011,41.217625655184,16.8120008078881,11.0590876284102,496.665347954222,59.0646020033666,4.38015846212747,41.1526286102419,17.0335225820517,10.5698688310362,471.781936473777,54.2235906195758,4.90198342221778,40.733420646299,17.6989132177202,10.3513233922052,439.970139435443,48.3136846684346,5.55789868894911
642,40.9387045759082,16.697173743584,11.1151649168486,492.579897194115,58.6838465676294,4.58519726031357,40.7928212053491,16.6240320021334,10.9730291387293,485.773636599945,57.5736464269229,4.68529986982595,41.300044938592,16.7658242714831,11.1043455008571,497.093096826039,59.1860055345252,4.42203664689429,41.1346009331815,17.0558240456994,10.6113596312677,470.559048858465,54.0939984269274,5.01749267871153,40.7614099604241,17.8279584114302,10.3789756168997,437.125167746604,47.720996755557,5.72953299296516
643,41.0486251688913,16.7013512026485,11.1606845455417,495.191295127726,59.0658287646619,4.51056394321018,40.8158898113358,16.6449755480677,10.9743120049008,486.287613065545,57.6271738547926,4.63206276005507,41.3274994256377,16.7627722300399,11.0969261569135,498.044194946765,59.3788299875436,4.34208680765442,41.2362267550532,17.0241753410885,10.6721647039851,473.076672325326,54.5003321186725,4.95910975713511,40.7204093148053,17.695672997725,10.3228382902932,439.308175744162,48.2334924830215,5.6807413828251
644,40.97455889076,16.678021802679,11.1834492168365,496.732390172066,59.4711508577462,4.24643790682585,40.8163945198088,16.620423697742,10.9718964992489,485.93217360246,57.661893972672,4.41763171488923,41.2084183342777,16.7805282324967,11.1017234574152,495.840840852314,59.0773799508606,4.23528941134528,41.2017227425242,16.9955998205415,10.6595820154734,474.225910373023,54.7583864793097,4.69334029965112,40.6934823090281,17.6992586166818,10.3245828230893,438.888219082852,48.2924793930579,5.37292569317184
645,40.8815480974156,16.6954168936911,11.121832985556,494.444782101208,58.88850716319,4.74016527689385,40.662911124618,16.6291297556443,10.95503039159,483.062190246523,57.0140256209344,4.95736961935791,41.2053577174521,16.7925329218222,11.0439682399508,493.413810864969,58.5168020094675,4.70712446480185,41.1603029483777,16.9901796297783,10.6179761449981,470.518758800005,54.0662738247642,5.21742040026865,40.7484877251372,17.7204220300511,10.336125964508,440.782756286016,48.2867957659086,5.85588700041353
646,40.9346373049304,16.6746378181818,11.1173526728286,494.749512962699,58.8428525293996,4.52426455976877,40.7594832379736,16.6676457800391,10.9255143911101,485.298105111643,57.2403434212545,4.75127453732041,41.2211001659783,16.7426151610757,11.0547085047338,496.39709452565,58.90146352856,4.469142337607,41.2615046089148,17.0257618855771,10.6209229359234,472.928676522679,54.2394140131504,5.01810515803765,40.6618364796488,17.7192592942144,10.3454085796022,438.804268715941,47.93462405505,5.71019183990861
647,40.9947663593785,16.6268814807963,11.0891903897322,496.555855193478,59.2888225161748,4.47038102507179,40.7502321772088,16.6209512535267,10.8708774164118,483.550626176576,57.0888197761075,4.74984608774328,41.1906436346056,16.7798225100022,10.9870738812978,492.9628735681,58.5136509962405,4.43386612755151,41.1971316151728,16.9962157868404,10.5711489216533,471.444386253772,54.2904056584952,4.9485982407324,40.6632905952201,17.733459867604,10.313595561304,436.847105469813,47.7818146457768,5.70720826783019
648,41.0295426121523,16.6118918384519,11.1514015478316,497.744352267936,59.6952340306552,4.40644256354657,40.8420898239869,16.5564735861095,10.9765228970608,488.526889332513,58.1350292477894,4.58094223671193,41.284751100989,16.7380370493438,11.1009490783118,499.434611415787,59.8151025416786,4.28202774917046,41.2539151960159,17.0198977040625,10.6133523016026,474.685831413017,54.7973530620327,4.96126416915389,40.6758694915273,17.6618429552816,10.3410587168902,441.975155023344,48.8004397470608,5.64241586188255
649,40.9341901754257,16.7304181262793,11.151743125292,495.279899630517,59.0732332601429,4.63161856495334,40.7570884013829,16.6882020848528,10.9278262801876,483.84029646038,57.1533799077825,4.80697290231119,41.1831888495712,16.8552260804886,11.0482191118981,493.258568659805,58.4651344161622,4.66050796303257,41.2007822022588,17.0803756948864,10.5827419654065,472.460629959358,54.2874446061234,5.10868643854367,40.676188424568,17.7752860428946,10.3310905310338,438.76054986463,48.1995664800342,5.81100983807439
650,40.9814094095258,16.6355346837107,11.1092222920865,495.108730570944,59.1285404334123,4.52922221740141,40.8062576182123,16.6345157359338,10.9351231402481,485.070987776698,57.4756563763518,4.68281462286286,41.2239597156583,16.8210808309483,11.0402160115645,494.511770700692,58.8036617860056,4.51785894163523,41.2350470537014,17.0449066618204,10.617542922109,471.182002982558,54.2969026926443,4.98842574966228,40.7018132053467,17.7511050211482,10.3060272241202,439.429634180006,48.3632005514306,5.62594890472132
651,40.9117303449729,16.719756813162,11.0523654926849,492.128128371133,58.5447011730669,4.62092523019678,40.758456693329,16.6518161295043,10.9199054205103,484.389503012558,57.2976220345013,4.77047644354126,41.1848848000746,16.8370179030604,11.0301862749002,492.24546142812,58.415260610464,4.52605945112655,41.198973709233,17.0253751729374,10.5764410628477,472.235195643754,54.2164830545709,5.06410298129975,40.6485141014447,17.765737007552,10.3052342004461,435.914682070075,47.5410137226494,5.90136660468264
652,41.0082435122736,16.6643093410629,11.1290144303925,496.800424152857,59.1381726039923,4.47062930506945,40.7909091749623,16.6591953995855,10.9854124394536,486.289242043754,57.3753952432404,4.75452433556485,41.2946331727502,16.7573537779168,11.1049622818168,499.012601209211,59.309066152193,4.38102994424384,41.2233632824108,17.0196418887659,10.6101826765567,473.036683101715,54.3130406828641,4.95672724467854,40.7233605960175,17.7246737800561,10.3303180489236,440.548608431374,48.4512618434325,5.52639266824781
653,40.9244980120354,16.7049103206399,11.0487940178954,491.612296941924,58.7422860704293,4.55128056170215,40.6968289768446,16.7021211091042,10.8607144522069,479.234140837612,56.6233789631153,4.83074172762812,41.1528588320661,16.8340931684582,10.9711968664182,489.992974169771,58.2379783518417,4.54071795270676,41.1785906315445,17.0485897725307,10.5686702792584,468.836075353806,53.9613460763,5.0600538337245,40.6420581216795,17.7468245548478,10.2788999554678,434.957662879442,47.6054217082492,5.70537730330991
654,40.9739530635416,16.7308047672726,11.1009359752954,493.417357438884,58.7776351061662,4.57051028773387,40.7975471517745,16.6509688683436,10.9608637969293,483.306713199596,57.1452555775807,4.77758815670124,41.2653027991757,16.7486655478577,11.0670724917625,495.582256312592,58.9051077250257,4.53071454629003,41.2543532231803,17.0370035353257,10.6160924538589,471.57971324292,54.1684866643541,5.03140982463027,40.6635200776635,17.7410442013677,10.3532077544994,436.311639534756,47.7017196561209,5.8017998518484
655,40.8989721050155,16.7491070453748,11.0743439445143,491.770900779313,58.7757558817001,4.69850776031426,40.7539888465864,16.6569952472681,10.8926722884621,481.649468908971,57.073571351315,4.90241131985572,41.1909291085605,16.8349732993333,11.004538568469,493.669898398465,58.7198474591467,4.63286495840162,41.0822092025395,17.0486295908296,10.6045930381643,471.409693297688,54.4838295619553,5.04826324756266,40.6192413547471,17.7710321038309,10.2689696834555,435.409587853975,47.7533226349107,5.93743800773529
656,40.9102965799824,16.6569047873392,11.1144622107877,494.937263936617,58.9553253763321,4.5579182635354,40.7717275266183,16.6115184890823,10.9729406160491,487.817914032478,57.7622670980268,4.69676147584098,41.3389281942986,16.7102162643125,11.1010301355909,500.430241193813,59.6005342173261,4.32770558641353,41.1629476800559,17.0445428558596,10.6302020687816,473.94815737018,54.5667150256726,4.96650739670836,40.7863435078847,17.6707472383684,10.3360535020798,444.864395256254,49.0939119979356,5.49875529703074
657,40.9009684106619,16.7061457598655,11.136287201988,491.618982736775,58.6665852304056,4.60974384942313,40.7654342378318,16.6750306742877,10.9096563342013,479.908669588118,56.6553981497203,4.80354751905169,41.2389020510024,16.8679967031434,11.0963957585,493.543003594497,58.7294199136417,4.49983344540504,41.1590804997834,17.0895315890686,10.6058194556884,469.294532294923,53.9824350844111,5.09496161213132,40.6169551787091,17.8410385206523,10.3284531754772,434.056669023859,47.5516422010858,5.75766571916357
658,40.9631500479811,16.6645724657064,11.1220133400152,491.733604413769,58.5880811832321,4.47130277728046,40.781610377199,16.6415016364777,10.9907746431915,484.164292873514,57.3225957388235,4.55933308635623,41.2418419780487,16.7828218955977,11.0539129862232,491.09134693459,58.220173588381,4.45647844300554,41.2014442456715,17.068443417589,10.6006393835635,469.099240813225,53.8005975230835,4.94227147197464,40.6890898933983,17.7659135891701,10.32801533872,438.055562798868,47.8705514476459,5.58473809237696
659,40.9767834450961,16.6599717066444,11.1262516230566,496.207442384564,59.2709805985836,4.60316239385496,40.7390623517746,16.6218824878284,10.9535985014014,485.415015341851,57.4773530865069,4.85711897451455,41.2520160784093,16.7637286927905,11.0626263658571,495.897987090874,59.0197052961606,4.62317038852837,41.2198911773387,17.0483112793657,10.6118895844587,471.137379611728,54.0839357103641,5.24933100749872,40.7358910757821,17.7331645316769,10.3670016193554,441.362980779722,48.5482390224668,5.88096282782521
660,40.9462905495615,16.6544356148098,11.1680801971683,495.42994542842,59.0319784794642,4.46860812160084,40.8253333025381,16.6011933420526,10.9769983905293,486.030505144906,57.4061543553012,4.61272770914311,41.2305107803544,16.7382165339118,11.1037293328726,497.555656727991,59.1304216550115,4.38832207104337,41.1701218566589,16.9954760231211,10.6442208745303,473.096928963686,54.3889862383297,4.90320012107358,40.7203496670859,17.7127374053135,10.330059248166,440.559110512893,48.3628292469519,5.56628153651009
661,40.9233879643105,16.7074286554974,11.1325272377075,492.620462434516,58.8435769604298,4.58323839040562,40.7687822314365,16.6882773414703,10.9554170423991,482.897168675879,57.1532475791277,4.74975332571886,41.141489747939,16.843032847992,11.0443024207414,490.379770232693,58.218124485649,4.63354712668023,41.1663960374508,17.0811923338686,10.5281588356366,468.249144583149,53.8562083233015,5.06123596599319,40.6635200973255,17.7196121464668,10.2855831128984,438.47873438525,48.1796651625313,5.73589339805785
662,41.0714094932286,16.6414649738107,11.1106526822296,498.168789873926,59.309887603191,4.58595016953965,40.8586100228534,16.5931532314796,10.9288713174842,486.897028318772,57.4367279841655,4.80447173988353,41.3051339992786,16.7523060354013,11.0714753443233,498.669422895615,59.1794134876717,4.50403559635812,41.2889434833705,16.9889876665815,10.6159353012188,474.294608882845,54.449640852998,5.05252122338543,40.7746440185994,17.7007163790655,10.3734615220473,441.148982846364,48.2940227954712,5.7508738058332
663,40.9669745930472,16.750568448874,11.1432414950552,493.430518274916,58.9374600388079,4.65775770318613,40.7796601798367,16.6388775682751,10.9621396218202,482.611130338128,57.1675272451299,4.85527332509231,41.2443985260686,16.8080329956985,11.0944574328562,495.018697104133,59.0282214693078,4.56138804273122,41.1779096370986,17.0359113064952,10.6642440538024,470.208500059908,54.0490782097255,5.20283971883253,40.6602888041379,17.7474312927883,10.3369248683352,436.691738990766,48.0180898019462,5.8402121049185
664,40.9151302684642,16.6769513529013,11.1143875858173,493.190240338911,58.8026208514947,4.57321606954016,40.7594138321012,16.6468669467243,10.9528007330203,486.938656396049,57.723254810285,4.64324308252108,41.2492472404758,16.8382650946035,11.0203838282358,493.631904579748,58.6154504762661,4.48639286896824,41.0825630440309,17.0534053444143,10.6072691211541,471.190761309874,54.0771481203048,5.0534864642873,40.6683953919142,17.7122648137106,10.2968070468607,439.531148968273,48.2263158877609,5.62158980451125
665,40.9818120884908,16.6447539483234,11.1637259083787,497.001282514502,59.3940556315754,4.47413156645969,40.8001628896693,16.5976426589854,10.9500896391099,486.782138081727,57.6590899085418,4.60413424747986,41.2973040645697,16.7247461499947,11.0746387916954,498.646567914276,59.4089494604411,4.38474535236013,41.1610620974431,16.9685526558122,10.5883605402881,474.011441016474,54.5279963223221,4.96675045791585,40.7067482165503,17.7554560037157,10.3633279214861,439.94164986242,48.300482105605,5.66804423859071
666,41.0099323186363,16.6028252962825,11.1668229738671,499.628137311329,59.40908598197,4.46358964478011,40.804585128197,16.5955596546428,10.9978459537084,488.742866219833,57.646425500737,4.66037337476458,41.2973589483665,16.7276333828944,11.0869466707314,499.30273598306,59.2032715468533,4.41575177686268,41.2525719713435,16.9889416864285,10.6842507643839,474.177136568767,54.3310085803828,4.95121086104951,40.7133488366359,17.6632842818951,10.3498576484813,441.161588115222,48.3575258327345,5.62692456552502
667,40.9505217742948,16.6921664945489,11.0613067080857,494.702347720115,59.1797410076986,4.78842380705642,40.7998153463822,16.6237024084879,10.896307920583,482.890018437657,57.2428572994488,5.03799079296015,41.2415359279517,16.7950367082228,11.0429346872507,495.870242995577,59.1128049840795,4.76554166688266,41.1945753600731,16.9853938518326,10.5906772286693,474.265258629829,54.8531182966622,5.23340177962572,40.6259096562752,17.7620269374225,10.2969623887288,435.667928244376,47.6659383119844,6.10587721510867
668,40.9504615560601,16.7781963160539,11.1258556645111,491.243096597914,58.2443643792247,4.72495840183883,40.7677081657914,16.697548049311,10.9423139668208,483.229795417331,56.8952385828081,4.88787247829852,41.2383900119649,16.827794509355,11.0510982388887,493.3182221866,58.4000267145839,4.58415564866327,41.218323664606,17.1016854729646,10.619417860371,470.305849603938,53.798005829092,5.16100043025915,40.6395450704801,17.6865273863311,10.3927974716714,439.189935574612,48.0186731367178,5.80110274765715
669,40.9976105277868,16.6958795951846,11.1360766283701,495.667191156425,59.3422813210603,4.44796088521694,40.8986562447811,16.646580139674,10.9500320784999,485.651034604966,57.6311477610213,4.5924355097981,41.2682794374323,16.7929616779252,11.0791040689908,495.517574994585,59.0450987933813,4.43662204252011,41.2513465312988,17.0116744076607,10.6403279208888,473.138592079071,54.5055135174678,4.94640265391459,40.7422252963544,17.7077533773802,10.3575414888845,440.142385188614,48.5639149916962,5.58725979877504
670,40.9723130848288,16.6784079722761,11.1029094858754,496.067671790879,59.2083454316765,4.5019750557284,40.7312988022016,16.6158910330978,10.9187912065664,485.741148522856,57.5913997073768,4.68993220384357,41.2302134116375,16.7852048404585,11.0510264437484,495.975194245938,58.9887372171598,4.46299567342717,41.2556456641659,17.0446786537708,10.5933822756926,472.317307524983,54.4263993797537,4.9762891054743,40.6805806871224,17.7519470254595,10.2782602011419,437.415249713435,47.8623230495478,5.79277710111205
671,40.9877539493751,16.7362433997998,11.1529015715733,494.541091338017,58.9147477099798,4.70991753150091,40.7429932336484,16.6821038176719,10.9609278069705,483.074642003818,57.0473853171372,4.90996701299608,41.2083377754103,16.8043674994843,11.0772465897322,495.061425262651,58.8616420138894,4.55985788151636,41.141035824393,17.0482127420669,10.6702624779708,469.682604739282,53.9186814666676,5.23012172514122,40.6886827776462,17.7354514411827,10.3165100707309,438.024620668961,48.0531744044984,5.88146649404483
672,40.9285635711387,16.704302266144,11.1454584236833,494.633690689723,59.1420670279271,4.68287295755018,40.7645311667042,16.6648644478156,10.9164591738152,483.048040635775,57.2099190916081,4.8986384362563,41.2368675659068,16.837145429615,11.0470124506675,491.883227177529,58.3787273855643,4.74541791215825,41.2011488101807,17.0611969507892,10.6162114825857,469.857472412747,54.1439079878807,5.21151786538904,40.7084119005264,17.7145132563185,10.3587142460162,440.361522797286,48.5768088856916,5.82347673126718
673,40.9323007091535,16.6741801160477,11.1148629077783,495.074675711806,58.9708586804112,4.70661743798469,40.8258300517292,16.5619726990522,10.9493236895369,487.886011000885,57.8123836691385,4.82914293804844,41.2591337856948,16.7727122732727,11.0794344900355,496.919739930253,59.2337391596549,4.51531722700221,41.2672999113885,16.9560703366263,10.609769299818,473.471577183497,54.4925459383086,5.08887818580694,40.7011192700112,17.6882026986087,10.3942521112166,440.580196895463,48.4241181186913,5.83826129636482
674,40.9933222961875,16.7030547900437,11.1210144549212,494.327579187708,58.6333254582918,4.61481446221405,40.7975092322609,16.6041434924515,10.9429513322268,485.421565419621,57.1715456886891,4.81646945710902,41.2538720647172,16.798069428144,11.0808148222154,494.536609142815,58.373514273364,4.6385695650762,41.2018228757488,16.9577248414107,10.6215449946317,474.371127185699,54.4325002798635,5.03568966428274,40.7110946500154,17.6927485521711,10.3295046508536,440.435505176268,48.0792032468111,5.70576164065964
675,40.9490430237981,16.6389078864664,11.1351267176894,494.355767002501,59.1785549926085,4.62024701802978,40.7497365905161,16.5980090855138,10.9069482330442,481.399881490466,57.0830359397544,4.86939839857642,41.1716725986641,16.7775873052879,11.0190127138683,493.988260468458,58.8829204233461,4.58256822098401,41.1445229432768,17.0937705341169,10.5996914801327,468.104446302634,53.8887930592834,5.18632233305136,40.6899079685534,17.6955849753407,10.361260505588,438.343911196397,48.1257113589718,5.89270241761986
676,40.9190399127964,16.7045792608736,11.1178620079035,494.618105973133,59.2013123965377,4.57426582878327,40.7634712002335,16.6525978187402,10.9612373941475,485.499988760367,57.6297306865132,4.74526872131594,41.2389688924394,16.7346476580252,11.1113323396848,499.701335465245,59.7384384717276,4.39519487533716,41.2382666533739,16.9998986323391,10.6407410311024,475.33362427858,54.9600504423645,4.99594929743704,40.701869458751,17.7059629479639,10.3759628882614,439.527812651727,48.3813831961425,5.7873915651351
677,40.8996622484247,16.655051758326,11.1435419650592,496.316690610124,59.3250478213141,4.4568258978803,40.7574218324144,16.59517417103,10.9504062260509,485.867173796035,57.5304863628449,4.64879609398227,41.2719711608075,16.779145204261,11.0814896477956,499.706060583553,59.5624129532044,4.36538048371813,41.2379143759433,17.0331278629095,10.6454514501462,474.747083393639,54.8093294518656,4.96792733609305,40.7038406203498,17.7501806376822,10.3245346305368,438.978243703054,48.2250546273831,5.75076184645308
678,40.9328898978452,16.6439114667774,11.1008805023125,493.871378474799,59.0118481047776,4.57350665867153,40.6581844100005,16.7133203517815,10.8783556289193,479.978654288691,56.6708838052284,4.85770518227449,41.2216053471263,16.8121242203179,11.0400592447158,493.42254027064,58.7711642351712,4.48634795566631,41.1567320998637,16.9955810128694,10.581456105817,472.757978024953,54.5328697272626,4.97752149015782,40.615797755853,17.7335830325939,10.3394014027687,437.706515529014,48.1762381666665,5.69493311837238
679,40.9997027451084,16.5925649694052,11.1952608990506,499.266633497078,59.9233646094722,4.35177389143767,40.785529288292,16.5679811799706,10.9893623530887,486.361538809784,57.8143987983556,4.62189880390588,41.2013291175343,16.7347164899444,11.076002488411,495.392078158853,59.060483872953,4.4576992142276,41.1795641288541,17.0028697767203,10.6296841415008,470.065010930914,54.189261650368,5.00027210825376,40.7162707224844,17.6644825783919,10.3476579188386,440.145080504675,48.5534483032747,5.58902801752397
680,40.9313254123327,16.6755325443374,11.1227555581469,495.42213537777,59.3877051338895,4.46146561170025,40.7197652234172,16.7030382767024,10.9202834054436,482.899130080075,57.3524896152032,4.67548020666092,41.2220378556809,16.7866334464321,11.0402447281603,495.321348075566,59.087918536311,4.41558500834219,41.1834873262827,17.101502938224,10.6041165569233,469.964905820446,54.0977734089359,4.99514016304557,40.695752361413,17.7681375407321,10.357128481103,437.605423976197,48.051873905041,5.75207172378522
681,41.0092421634276,16.6726180959758,11.1688756438519,496.382792959155,59.1262011157733,4.46843439667373,40.7553768403967,16.6224822905615,10.9475203754953,482.778608343104,56.9443270770368,4.70915542351418,41.2969382531865,16.7741870932904,11.0680379256549,495.675445398295,58.8347768156926,4.41509627260958,41.2171820294805,16.9842618422646,10.6298290862097,472.41328880347,54.3369269917894,4.9001957662011,40.5940018996422,17.7232025266922,10.3539359115852,439.128328716648,48.1306332181167,5.61218478574297
682,40.904134664538,16.751216363168,11.0848776647498,491.405597629141,58.7199679455157,4.69548113962889,40.7795054289211,16.6584076382532,10.9059116050144,481.378223677663,57.0970815407093,4.87077264406192,41.1537048613443,16.8322102946993,11.0319870004624,492.10136791303,58.6111580883022,4.63190869539161,41.0875389828056,17.0854328232486,10.5064455858814,467.968088443513,53.7953962033038,5.24464460081361,40.6230680176153,17.7254274402877,10.3120144237753,437.641080446674,48.0768863139514,5.91657650544898
683,40.920625351627,16.7210737308378,11.1092594509336,493.409178764154,58.674035598195,4.6871539842846,40.7056904765912,16.6953094221537,10.8800902104985,481.463126550831,56.7041219840855,4.8977690949182,41.1513732248571,16.8578985465569,11.0237430739236,492.049250287107,58.2191130279659,4.72775424064818,41.1556662312398,17.0489066771439,10.6083781820532,471.208145887699,53.9979836621905,5.2140831481553,40.5821078785233,17.7642730456048,10.3239179815434,435.240364911373,47.3409708699364,5.93463873317525
684,40.9219202516382,16.6003882025171,11.14322711728,498.727360454419,59.7710379697057,4.3967226446257,40.8064417075416,16.5702117877148,10.9518689441603,488.075709134626,58.0199469371154,4.58859923403579,41.2532589555744,16.7816704159908,11.0701183080063,497.629470470196,59.2704338673909,4.41568945781379,41.1357842587561,16.9817357038627,10.6232342742416,474.580617166023,54.7984316696828,4.88912431163371,40.6742277113637,17.6248665515244,10.39545382833,444.933253360879,49.2352953330524,5.49630906507197
685,40.9160478107664,16.7547845329578,11.1289036729026,492.676906971759,58.8250909053009,4.65966132195398,40.7374222581865,16.6346089410246,10.9373839171623,485.373800224343,57.6884954192,4.69493395436028,41.1701195217298,16.7767648623855,11.056986796243,495.749195256259,59.2311121190599,4.45040749468328,41.1768715064841,17.061741746153,10.5863995942868,470.715127576309,54.3742324279833,5.04593689800729,40.6576631732846,17.7572445261333,10.2929299117328,437.826259995869,48.1242021787408,5.75549689759982
686,41.035694528703,16.6438735499784,11.1115669364714,497.521238095077,59.5776761654258,4.63802036389834,40.864630427088,16.6106194495952,10.9706356419426,487.090087027427,57.8486294910103,4.83524354355756,41.2489014382819,16.7951717836717,11.0129190660324,494.95825702357,58.9437649559334,4.65429941792681,41.1961257370823,17.0024386818275,10.6440313008431,473.052033302528,54.6056679431451,5.15560310952836,40.7381524323717,17.7525257081309,10.2955496500021,439.239831758207,48.2082305095969,5.8961082384074
687,40.9886690844297,16.6586159410572,11.1492231654766,494.43034826212,59.0748627078628,4.44830378132776,40.7312967149983,16.6025247847475,10.9506099030926,483.72102748026,57.3221442104917,4.65610598374738,41.2166100607619,16.8258918475878,11.0509321558258,494.132333578517,58.8656899238072,4.40969605791964,41.2016621593759,17.0428906479834,10.5902559575882,469.529346096887,54.079192951722,4.95965286146215,40.705359655323,17.7570033039146,10.3333362944361,437.348041929182,48.1085970467289,5.62226918227159
688,40.9830482023602,16.6837941709927,11.1468385144038,496.133716476703,59.2722129436687,4.69082076392162,40.7886024904757,16.6190102557663,10.9617457872048,485.395078046997,57.5358513935251,4.91287072807284,41.2598724591226,16.7657107102527,11.0620426673945,495.336185337232,58.908324594944,4.64123527122385,41.2407041254747,17.0215031475546,10.6455513325759,472.119095797242,54.2880691220845,5.24568026430607,40.6497239161531,17.705587060988,10.3436554799237,438.931371070353,48.1030729925832,5.9513355482842
689,40.9563745431771,16.5936594246436,11.1005896156538,497.602552513769,59.3222711079295,4.48169363397567,40.7645321534154,16.6437362566911,10.9152157791839,485.720543949626,57.3497724651822,4.76745129227067,41.2687348528906,16.749045994829,11.0453689322659,497.806920448957,59.124682957459,4.47400826150312,41.1809621402679,17.0154378350394,10.5533141882496,472.375742498986,54.3015406254834,5.06339880734333,40.6353920859456,17.7130692032285,10.3807695150577,438.929392089428,48.0613671253812,5.78337937122383
690,40.9747914734054,16.6507736154587,11.0803537123099,494.930729493995,59.0664359907482,4.53986165692975,40.795554400044,16.6655628179756,10.9169594225634,484.694540273873,57.3495497666489,4.7284429078604,41.2151150373418,16.7930943938338,11.0499032045799,494.75173118388,58.8867582590169,4.46453242819239,41.2730697525285,16.9863483397199,10.6272256858191,474.786018095501,54.7120096171933,4.95990090763588,40.6882696542802,17.7493526553746,10.3021563722375,438.535584914334,48.212340681656,5.69968560009025
691,41.0094785177955,16.6056856980878,11.1576985236596,497.865260171721,59.2984234128255,4.41896825671308,40.782340464192,16.6173834398717,10.9662115735681,485.1133691013,57.2208225843795,4.69040128236759,41.2438116040681,16.7935512792662,11.0599259815385,495.850236520252,58.6926220098369,4.43132074682472,41.254789343676,17.0162285375489,10.6204525489037,473.601747013684,54.3537429010601,4.9459396649655,40.7149330145572,17.6719724722788,10.3251089876464,439.03414618314,47.9773194497652,5.68530274329495
692,40.9466553583814,16.7374156632248,11.0215699454226,489.85689917086,58.2583784056517,4.65383697281131,40.7600371100628,16.6299017416267,10.8878247315679,483.262933745544,57.2170453998144,4.75698561279386,41.2663321918859,16.7725097015191,11.0023880126146,495.170780160913,58.8299289434281,4.53030410812333,41.1634111560357,17.0508683718978,10.5878412065567,469.108388505286,53.8074498428098,5.07125857377365,40.6900571365159,17.6990659640303,10.2917256257858,438.14691386263,48.0661481353872,5.74429441682874
693,40.9069004412491,16.6980949304928,11.1129401204609,493.054418045089,58.8734591689391,4.54332640221616,40.7915093121242,16.655615766941,10.9253376056266,483.112227050057,57.1928053245131,4.73729208814793,41.2119883949167,16.8318787409127,11.0421729472948,493.719809030024,58.683606458487,4.54391690462931,41.2142543375338,16.9699625280597,10.6174199059226,472.668741713264,54.458705948737,5.0457891725985,40.668479866982,17.7485967568524,10.3313521970522,437.789306231752,47.9617579546671,5.80205455548893
694,40.9373139650764,16.6780900514935,11.1022480750577,495.189750675148,59.2034268670824,4.72963159191337,40.7652551185736,16.5869391476752,10.9089554348619,485.763486514826,57.6172928651802,4.89702578367802,41.2242174017385,16.7402355845806,11.0604371307973,497.407950886519,59.3389444500792,4.59041811961118,41.1871826588003,17.0451109308239,10.5525338202944,471.413514517798,54.2858962822382,5.21665245172231,40.690311145604,17.717772439927,10.3151606995559,440.359721209882,48.39356417768,5.93226095259408
695,40.9532055918286,16.6433878074746,11.1272823339292,494.509771972683,59.0127737069776,4.60210457332971,40.7839893000281,16.6079841634963,10.9815494976485,485.99342720266,57.5504347177563,4.7756417606122,41.1925581614853,16.8306819235318,11.0834870830091,491.871140694924,58.2608685223418,4.70034453365369,41.2155960456538,16.9758260564532,10.6424424844775,473.535262929176,54.455635764421,5.12687411011051,40.7530444817875,17.7093740714463,10.3037256227821,440.00140946919,48.0534603918404,5.83253561297676
696,40.9196398898074,16.7063086541318,11.1206461343315,493.71041203352,58.9066527362555,4.54902246715925,40.8016169258201,16.6905949767039,10.9183644037043,482.484349981814,57.0105456803268,4.7968242092073,41.2595655457504,16.8021452174051,11.0666794554317,494.020265725378,58.7285531865358,4.46313119014488,41.1945750627539,17.0684462400808,10.6080209250526,470.725825826561,54.1809852067904,5.0338541902616,40.6645756052817,17.7936899893547,10.2713600856837,435.078605183078,47.5909199519816,5.76943718626304
697,40.9164032056727,16.6620541088152,11.0545229240675,493.486946853447,58.788104726474,4.64072568317287,40.6670445561363,16.6105615049398,10.8618750436705,482.670343170882,57.0408118545229,4.86500213000306,41.2045684532805,16.7438186434854,11.0322631589628,495.222446028625,58.8768965677652,4.54096504538925,41.1214506391506,17.0164473808505,10.6080938184321,470.511213384543,54.085804042041,5.1455880454466,40.7694626259383,17.7045724134425,10.3328404825683,440.239741562218,48.2760362711058,5.8279827342476
698,40.9363368429532,16.7267060940559,11.09335990759,490.691624610172,58.2360108761374,4.49845533910782,40.8231118010601,16.6611045614831,10.9414605171033,484.344608675633,57.1790196965377,4.58547665486012,41.2376095986539,16.7835982939588,11.074349290127,494.176446590599,58.6467623832526,4.37146805656088,41.2288639154022,17.0419157908802,10.6136123434833,471.424051116539,54.1282259731979,4.92325425659903,40.7184186650854,17.7242926043675,10.3274974779328,439.008878278314,48.0362720883628,5.55452228591362
699,40.8677084948393,16.7101937275565,11.1247995098277,492.406988111605,58.7257376295342,4.36816097708165,40.6932410973655,16.6552141441183,10.9460855456917,484.361746745915,57.3883207603758,4.51123786282564,41.1505532850368,16.8487599069515,11.0379828932797,492.842769061302,58.5650175892156,4.31158076319759,41.177517564487,17.0217765494046,10.6125815183421,471.256180881786,54.2873349976207,4.75077844692362,40.673723429724,17.7391641569097,10.3675788583396,438.462216357401,48.0521913204253,5.38197004005267
700,41.0796548863485,16.7040871335503,11.2019627638215,499.719772221531,59.7530949671308,4.36004257851059,40.8327911320635,16.6088657817927,10.9567217424666,486.861970639447,57.6492308849536,4.65897052017764,41.397487971657,16.764674350899,11.0914551803413,498.47068736042,59.2784982858321,4.43783596167837,41.227321436953,17.0247136318478,10.6137409294153,473.010393502926,54.4432113043823,4.95396286967967,40.6856491850583,17.6565578785437,10.3575936172613,441.491554749612,48.6451342217121,5.56446734987442
701,41.020152001868,16.6379207686523,11.1305553016952,497.077871767633,59.447287153934,4.22733362797996,40.8754547681964,16.5776083483898,10.9968661880802,488.479558194253,58.0037439267989,4.37221924151517,41.2412037667349,16.7734125514108,11.0638517352433,496.261555235941,59.06972073033,4.26524920792517,41.2414154221899,16.9928489063905,10.6884619884846,475.641489477362,54.8496225845169,4.78391863083493,40.7583736996615,17.6831904648967,10.3573908250595,442.832504248463,48.5975413066795,5.49745818083149
702,40.9566484860896,16.6871780436392,11.1215790709054,493.628223611287,58.8719574857386,4.90220554863187,40.8270710978392,16.6103829066791,10.9611393543643,487.123476825428,57.7387061353145,5.02605622503196,41.2834543180302,16.7925909457908,11.0674159408804,495.151184302208,58.8343243693744,4.82390557692913,41.2553989942843,17.0333014797755,10.6262590860179,473.308906602254,54.4537966279719,5.33705370861743,40.6504084913412,17.7522480422945,10.4048377692807,439.470249136986,48.372021268365,6.04807532522856
703,40.9089366976352,16.6732129559716,11.1640785438453,497.292609151002,59.6827364074239,4.37044824353036,40.7759279558223,16.6444123430526,10.9473031415588,486.884956452012,57.9571037182108,4.55310885277912,41.1503371234695,16.7696337107308,11.0528663982504,495.430206279862,59.1236988360137,4.35657519063314,41.1612746200266,17.0198796514343,10.5957865333845,473.059349425272,54.589216808378,4.90805156503046,40.759073701183,17.6858481114503,10.3297972094131,441.021528588428,48.5808075497957,5.55020130972158
704,40.9781106843085,16.6572593298473,11.0966895976121,493.595401369279,58.789261154857,4.63970549464893,40.8160889682183,16.5968452789753,10.928637115248,484.317488911156,57.1822090375669,4.81211414390514,41.3048861264567,16.7485758268105,11.0390900355123,497.516647191273,59.1912695078187,4.50317013406644,41.0893516263944,16.9932066122528,10.5870054628172,471.66999048618,54.1618272643467,5.10230393809828,40.7026821270866,17.7350087362647,10.363589810929,439.886814038153,48.25221133702,5.76930212986864
705,40.9216767839004,16.7747326670764,11.1134167919297,491.468091249166,58.5189618740819,4.78046985600777,40.8292350716957,16.6892959542159,10.9435630988401,483.782011177073,57.2916556186305,4.88753228704507,41.2445788101826,16.8428103672597,11.0713399086053,494.260532268859,58.7885744158667,4.63929420067819,41.1563645738491,17.1119400152007,10.5810783923964,468.919811316837,53.8525166665622,5.28613491485244,40.6905406990929,17.7466838231685,10.2520829088997,437.492446364777,47.8996262094763,5.94595766271563
706,40.8741610448451,16.6895661587141,11.1371810085837,492.94920341455,58.7428135239122,4.77825794480234,40.7257337173071,16.6141548910634,10.9660027636195,483.395051834475,57.0956940717918,4.99698088823451,41.2176843520885,16.7998378153278,11.0416476990298,494.205396911254,58.6157332709677,4.74414522471856,41.2235455364773,17.0971735619267,10.6700365487078,471.402545790824,54.2626988322833,5.18541647423582,40.6769005460103,17.749505599818,10.2916235623375,438.161992136146,47.9509077025801,5.9649334030149
707,40.9864294106021,16.6186832048611,11.1366159922824,497.865086681282,59.6493378179087,4.6025398054868,40.7943812404275,16.6668387385279,10.9681403015386,486.268506866203,57.6552634355924,4.85579144921008,41.1909866314771,16.7926366440479,11.0454280141899,494.130479540998,58.7730938317804,4.65682634843225,41.1688387895208,17.0301755552607,10.6162671691058,472.434242493963,54.5371481170183,5.20005288158881,40.6979725815872,17.7244362100213,10.2836598284783,438.250298801926,48.1526512788319,5.99935395818434
708,40.9810918501864,16.661123257108,11.1314520755435,496.485024011703,59.2510964221112,4.4025466821917,40.8105415065802,16.6435210439461,10.9384713694109,485.261573968164,57.3458606102711,4.62386705134892,41.2967283239568,16.7700710117403,11.0424650628513,497.048950143596,59.0918462447556,4.3352877734236,41.2046009179704,17.0437153872355,10.6191264443979,471.33968790887,54.1550089021358,4.89076601272144,40.7049624156249,17.6773604881126,10.343465153578,441.380954879447,48.4246333429377,5.5391612897798
709,41.044059989295,16.6686975575711,11.1675085438956,499.049774844959,59.5985649552921,4.26271573682968,40.7909518819128,16.6020610072953,10.975372723711,486.659798059193,57.6329871782578,4.5606187269863,41.2201224581545,16.8158245226141,11.068423241469,495.764218416231,58.86451466705,4.35160022377293,41.2065444619631,16.9489655993318,10.6841720498711,475.577324324668,54.8432942857578,4.71731708313539,40.7043648145594,17.6540474570129,10.3458816018626,440.27915901922,48.3030457358139,5.50905296814166
710,41.0181450293895,16.7424958352293,11.1574969551345,495.230353054946,59.1536958225138,4.47847531919154,40.8177863633701,16.6674808883616,10.9563942090247,484.262599683472,57.3349922085682,4.76051198647557,41.2561630178966,16.8322508975787,11.1186419129816,493.476516436484,58.6093327319231,4.60489547657951,41.1876046938559,16.9913488145362,10.6076753619531,472.257120952391,54.3712658207708,5.03088844001555,40.7051214841756,17.741707209324,10.3621617506595,440.443482874091,48.3522002508358,5.69858943344908
711,40.9719282014853,16.641400506057,11.1046692343139,492.463505142319,58.6901784542074,4.56162320288273,40.7932835980011,16.6036673475017,10.9237837991305,482.726311055115,57.1245473882386,4.73865656862819,41.2799562102069,16.7802962586806,11.0598567126306,494.811580827144,58.7931833931737,4.54232176877766,41.2038019240055,17.0786985314279,10.5595855431537,468.941222408243,53.8169831436886,5.03591950983671,40.6435854341577,17.7762843985557,10.313134461907,437.721055100773,47.969343903358,5.6729823460957
712,40.9484619400094,16.6761392182216,11.1201547395035,493.739485238804,59.106436750812,4.47829552892865,40.7616054387694,16.6649330246714,10.9005689228428,482.113112363096,57.1129548583589,4.73532441192643,41.2204545812604,16.8368550815877,11.0113683967715,492.451821318204,58.5840623019093,4.54096245205576,41.2477377112944,17.0480051391395,10.6050376920466,471.430639571613,54.3874550628069,4.98851067071148,40.6059766432758,17.7631598555729,10.290893701412,434.898493054871,47.7013244405214,5.74490841730068
713,40.9194301317487,16.7463686351005,11.1369785061871,492.209116452155,58.9331535304908,4.47190613455524,40.6938725334931,16.6951470256014,10.9096160750318,479.669479510142,56.9100223946265,4.70826076867579,41.1935206579812,16.8607539309104,11.0122513494067,490.132212523604,58.3770434187683,4.51494989156266,41.1631027771456,17.0664125276531,10.6398977242776,470.121854400299,54.2666344671179,5.05539878122598,40.6533681366607,17.7689340333489,10.2657110796121,435.664779520487,47.7394209427232,5.74069953311243
714,40.9339007813763,16.7419693946853,11.1156124131261,493.678049968932,59.0462593554007,4.32117226354211,40.6425317202999,16.6270157516818,10.8990178172752,482.301748214781,57.2963863113727,4.50972657115169,41.1466664331763,16.8005781051059,11.0106802510489,492.706306522944,58.6159162612663,4.36732244313877,41.1802222931507,17.0045568659474,10.5826617974536,471.923723938315,54.5674602324352,4.7453911884247,40.6147205298279,17.7258338547784,10.295414119817,440.042452460216,48.5038035314278,5.36912849474551
715,40.9387324574004,16.633901276295,11.1015577317943,494.66870004244,59.148998176602,4.42720847975823,40.7575739110407,16.5637406564131,10.9186500534735,485.288841803564,57.6646343838679,4.63755093919245,41.1682294520298,16.7763498502334,11.0329829721631,494.819601713045,58.9955260038394,4.41180289149881,41.1369534143449,16.9740203797788,10.6235029609746,473.157318489741,54.6201070335125,4.93660845467019,40.6148383500579,17.7152898714385,10.2670893079598,439.305770642219,48.3136291987918,5.57304027415945
716,40.9723497869803,16.6281911845512,11.1514473626202,496.726897367874,59.2863600755922,4.59518108551166,40.7229166457404,16.6755718576301,10.9768208086651,484.096069269264,57.1651874260208,4.90060611267944,41.3392928407622,16.8272438792725,11.0738787489156,495.960654694473,58.9216969568932,4.54800974428458,41.2281706085184,16.9990494743547,10.6997176232512,474.418818510555,54.6562254533258,5.10543469359976,40.7065214054807,17.7302993643265,10.3542484749088,439.582217034384,48.2025140265594,5.79064800146296
717,40.9475464739351,16.6808984521424,11.1547786014332,494.74804881364,59.1637461797623,4.60466132721622,40.8044397189138,16.6115592400163,10.9909243714471,486.770266988232,57.7741656186147,4.75951971757611,41.2805914185052,16.7741397453364,11.0702038141191,496.421758477399,59.0908435293627,4.59120419358983,41.1042906222046,17.0015903630403,10.6470170038648,470.618324858347,54.3345973332891,5.11416259383109,40.6493555774479,17.7460099011951,10.3382473728931,439.433558453414,48.3199894009042,5.89854618292142
718,40.9911561789549,16.6985205225688,11.1202738137869,493.537859044304,58.9328076339889,4.49317695144293,40.7470019636696,16.6171776357876,10.9346562350134,483.9008792361,57.3979833228494,4.65288450502764,41.2300548422516,16.7806813113483,11.0481805895067,492.502844721754,58.6502952767512,4.43833351924315,41.1940597189682,17.0166504728914,10.6392098739795,472.760399871067,54.6178957754354,4.88540657113065,40.6508946998,17.8016162451302,10.312858624591,436.704578382393,47.8341198661905,5.66574615260427
719,40.9241913580143,16.6768133013452,11.1730230875457,493.13017068192,58.7477449430865,4.50144109996005,40.781544895769,16.6183044690863,10.9482798345638,482.779935383847,56.9490715435167,4.71320481629932,41.2110777886598,16.7994037441014,11.114039691468,495.031333950192,58.8247642391806,4.40926730659708,41.1463920540453,17.0154432212076,10.6362201979205,471.537384881309,54.2133936611914,4.92399220832978,40.6752009058849,17.7825829804168,10.3727838622792,436.791716746014,47.6916975702805,5.70504926474429
720,40.97695886372,16.6827380485464,11.123760531841,494.950548125396,58.958246613949,4.49175916886075,40.7322425557154,16.6399203706367,10.9532682812212,484.802684215313,57.2876537348167,4.70941436981473,41.1779925773822,16.7570051060733,11.0517429103746,493.224734734929,58.4868860802436,4.52529159144584,41.1849586687924,17.0652259957883,10.5624438799927,468.009219461195,53.556652847374,5.05964802406066,40.6494573092926,17.7375362237052,10.3303410193071,438.025909093541,47.9649681627615,5.67535564035763
721,41.0471911030459,16.6207227174522,11.2196249922334,499.607370688422,59.6852360762097,4.27151525449515,40.7952162545564,16.5767840196713,10.99019106122,487.988226146513,57.9288789189658,4.47033811917579,41.3208147472351,16.7668148101983,11.1176200923689,499.708217112712,59.508095549514,4.23240804152908,41.2717143810796,16.9637916609412,10.6529267718826,475.601329117881,54.8293493899629,4.73827889731779,40.7943098357855,17.6433284541588,10.3663341172079,441.911242519137,48.7346139601412,5.39872654135012
722,41.0017644367159,16.6288080990196,11.1426514704959,497.786990122493,59.4655720396556,4.54016093057537,40.7956931613276,16.6494683949002,10.9529230437672,484.3943779661,57.2017141696798,4.83730751681875,41.2606900207198,16.7682350831089,11.0842093283354,495.568005317038,58.8661456975577,4.60531497752549,41.2246113847265,16.9866478312987,10.6482867205763,474.447449245461,54.7023366973042,5.02415361249233,40.6370965981293,17.7530742866952,10.3456016503018,436.903997707732,47.9315393600113,5.82923955581901
723,40.8772406490567,16.6715743577769,11.1274013258899,493.547383913031,59.1448286239969,4.40590008488608,40.7824207648137,16.5942016869323,10.9415089248313,484.136673092657,57.5539276705987,4.5561290079625,41.2144855795052,16.7994289942546,11.0557624237409,494.53548759929,59.0259133630005,4.35962621339159,41.1914044273305,17.0451334031882,10.5554042865482,467.824522603876,53.765126601069,4.98266379344063,40.6799584716982,17.6842545155257,10.3145682896559,438.633508826826,48.2715865648541,5.59365296589707
724,41.0688276240158,16.5677882439565,11.1577564777064,501.240046590631,59.8619482496145,4.24294791491702,40.7943932405654,16.5778519459164,10.9647021409376,486.825469339882,57.5153885431274,4.56548143004417,41.3685955961877,16.7284249795594,11.0944251837043,499.943084628023,59.3758189231303,4.29762371658067,41.2334719184357,16.9070111913595,10.6708740968424,476.532400711669,54.9210344818076,4.76100803682205,40.7296000048177,17.644960236824,10.3476128787019,442.045244806072,48.4184270449669,5.52264623043893
725,40.9788978052769,16.7169111592599,11.0851860580427,492.593610958639,58.8431013979443,4.55415650379144,40.7266833799622,16.7253921746268,10.8654728534113,479.527310201,56.6423123711242,4.79727511537569,41.2621959771826,16.8225349911519,11.025938197382,493.5277700951,58.7317912994336,4.43076654916426,41.1385128076162,17.0936096090551,10.587348226443,469.663724639598,54.1068280461561,5.01610243062127,40.6761952989236,17.7695974481557,10.311409938798,438.156015102,48.1334359014461,5.61755792822241
726,41.0390338516943,16.6956458557764,11.110102286592,493.550067705639,59.0012369526177,4.54496856909407,40.7826191647698,16.6123490642107,10.9667143372978,485.42698053774,57.6542112248422,4.73636202410797,41.266688351992,16.7771319901178,11.0589527356607,494.749914546984,59.0290520995062,4.5317939775809,41.1955244767222,17.0265818542905,10.6183479594092,470.212029690449,54.1019013718533,5.14781225367528,40.6651122080064,17.7748361087601,10.300313954192,436.458436396663,47.8863454111283,5.7933234236681
727,40.950774492809,16.6878315103283,11.0995772821547,491.895065288775,58.6768332528248,4.47929931574879,40.7858033275501,16.6439092681462,10.9361636118791,483.287638742015,57.296908906971,4.62156612335552,41.1970775421779,16.8248792136054,11.0433560483526,492.430596298692,58.4268916662066,4.47627326229031,41.1525820958622,17.0138168873466,10.5988893546424,471.959708318693,54.336204880435,4.96043446110315,40.7067361447899,17.7525746269576,10.3282584746022,439.070444244817,48.2056161307943,5.64660305058511
728,40.955533852579,16.6820854518428,11.1433151459681,494.567130842711,59.072775200129,4.46897055569958,40.8405453085342,16.6710647730407,10.9383357423017,484.531587278426,57.4014632153873,4.6820109174285,41.2833491288612,16.7998389918134,11.0702158086416,496.213959269063,59.0343452075814,4.42663877366898,41.2494463541065,17.0564521598592,10.5705666949744,472.124241031261,54.4069579789676,4.9500221748398,40.8156552739991,17.6891326950006,10.361595160684,441.653983933468,48.5856976429891,5.55352662557419
729,40.9413517554623,16.6166653477165,11.16775279976,495.983205104814,59.438665396446,4.34937424684651,40.8107579664683,16.6011616669517,10.968343238124,485.125905093558,57.5809755426056,4.52656332386808,41.3039618504418,16.7556072303562,11.1232801332856,498.357226053684,59.5216000020242,4.27773315957629,41.1728234377187,17.0075987795772,10.6135136076374,473.127535995953,54.6440697083339,4.84046123605399,40.7274778775932,17.751994175178,10.377880917025,440.345355651543,48.3502471778318,5.55054111572078
730,40.9435329447676,16.7081370718923,11.1303375854401,494.964506982687,59.0531705891333,4.64686866163383,40.7663858325567,16.5796006543914,10.9396866586288,484.463029229665,57.3553236362784,4.81208364646047,41.1739153367799,16.8192880411038,11.0234799300696,493.825537571373,58.5840140235362,4.68505521965507,41.1927737574559,17.0226581641984,10.6393260557202,472.95934099378,54.3866570810394,5.20793662895371,40.6237734236848,17.7653900780413,10.2993110716254,436.142133842932,47.6705791215843,5.92458277774754
731,40.9047967780303,16.6877939976322,11.1229179830617,495.325870114844,59.0308882964653,4.64715281441593,40.679153149691,16.6807582897237,10.9321453807818,484.491466496655,57.2213875655097,4.91056771848936,41.1263926407966,16.8217008910759,11.0245008041182,492.93992213516,58.4286455534962,4.67298303227289,41.1918133586866,17.0568922105527,10.6246554503787,472.8459106588,54.366446180885,5.12421088044568,40.6140953485759,17.765951179227,10.2787468756129,438.938135171448,48.0800111040795,5.87379194022683
732,41.020091575918,16.6790886983817,11.153242401131,497.180579328675,59.4448801335076,4.39871274732362,40.8009271811494,16.5925850935505,10.9771707543811,485.390590629266,57.4559243941469,4.65701130350505,41.2974209388853,16.7857649374291,11.0283067971093,496.228247475494,58.9869535978689,4.4333830715705,41.2104716748684,17.0278795837266,10.6233170971074,472.086828792743,54.2187457836142,4.9593445062978,40.7050715705708,17.7240271308186,10.3600499679695,440.429740001008,48.3245210002427,5.61447125936729
733,40.9461261237899,16.6621620187887,11.10393937011,494.378352159565,58.8663019590045,4.43739606878342,40.7880044737981,16.5910353408711,10.9290384632186,483.505299752493,57.0272616621196,4.70023486703508,41.1870603197036,16.8448427115603,11.0264298135309,490.988782154256,58.0570594807885,4.53694351191859,41.1640203907354,16.9865878415884,10.6171251735176,471.541837190644,54.1800409902225,4.90283969993109,40.7385906929789,17.7518925374463,10.3276451364461,438.010437593482,47.9668641577195,5.62519064902065
734,40.8844244611911,16.6897858369899,11.1274086508099,494.782972900075,59.1093975109523,4.37609127822199,40.6755982951478,16.6853046042073,10.9243874507523,481.629834282742,56.9116560611799,4.67366466520223,41.1568911590974,16.868621121395,11.0366108557002,492.560443221885,58.4612019909971,4.40412699260006,41.0828691585965,17.073520494699,10.6035561048113,467.855189456153,53.7006060903183,4.98261735024805,40.6066888864798,17.7930820271622,10.3090658898743,436.584629158516,47.8960065513794,5.56128514453334
735,40.9885854482297,16.651065973289,11.1430844374433,496.993008843222,59.2323849112431,4.64374316846965,40.8134822492624,16.5651897039258,10.9566759036882,486.093337280969,57.4291837977286,4.89350576607956,41.2756471602334,16.7514462423795,11.0839612120538,496.46239150285,58.8940512883765,4.66127677717036,41.2288247382632,17.0135736616959,10.6063569950003,472.380427912027,54.1582967385805,5.19308572706353,40.7712272070344,17.6736626284373,10.4108857099563,442.812245502413,48.7146863950052,5.75879556688311
736,40.9572660171548,16.677641468611,11.1521367482649,495.071725981327,59.2214974292297,4.53848791920917,40.8299422828738,16.6280883273154,10.9393686035837,484.707107266679,57.4486984189992,4.7532514217526,41.2346504086031,16.8173793844877,10.9950311003754,491.494782419289,58.384485283696,4.61702856142493,41.2049779659367,16.9787335177169,10.6175214895296,471.884091950145,54.4723796724236,4.99936367162449,40.7178127070071,17.7334616012129,10.3710380996177,438.742436878165,48.1048194331729,5.83110280822043
737,40.9147825766264,16.7724010686557,11.062242394415,490.281222471947,58.6565809475242,4.29203470015939,40.7558050367525,16.6713168128533,10.9197874092327,482.439038682393,57.2595320652026,4.45886679054423,41.2860625296662,16.7957764761839,11.0497544907132,495.757122243032,59.3233655235102,4.09342151754152,41.2489425308684,17.0325020472221,10.5926327274018,471.73149012416,54.6310253787309,4.62260967458667,40.6374343324926,17.7459701461779,10.2676003005242,436.188918629468,47.9161525887092,5.40295900037586
738,41.0222534451875,16.6533268458819,11.0728160706282,494.311736816496,59.2884886266338,4.77405605243845,40.7207133200177,16.6599854479467,10.8994493535243,481.900224220715,57.2719725748512,5.09969454683739,41.3094524848797,16.7474819986233,11.04186189156,495.997457937741,59.3331022607615,4.73356944918304,41.1689926743329,17.074862516858,10.5507276898538,469.619632110304,54.2184067425666,5.32076984758716,40.6583321962146,17.7243406909357,10.351316939911,438.093050532738,48.3246314939182,6.04445883802328
739,40.9118608458674,16.7660772095609,11.1238121390622,490.969495335359,58.4841103474164,4.72728860582748,40.7486847710291,16.6470840688598,10.9635031677095,482.739484149752,57.1935625203786,4.86067594597947,41.207656888312,16.8212877928988,11.0382495651183,492.753949425226,58.5860386353929,4.64232245787735,41.1865179942858,17.0851975720111,10.6057257349127,469.947526389793,54.150041215243,5.11226482979756,40.7230383309158,17.7185504367809,10.3405798175217,436.92626263756,47.7477014773558,5.94288522047558
740,40.929631335148,16.6989783479693,11.1294617352906,493.471233166853,58.6870533596199,4.58129714018972,40.697696768167,16.6180158115301,10.9258931252464,482.244346857837,56.8648859559546,4.83624668978868,41.1861319349588,16.848969012063,11.0706054816861,494.937180038803,58.6367539170087,4.556454084375,41.2016779357857,17.0023622148654,10.6181364181195,472.24314524146,54.2121624353434,5.07824120032712,40.7233492401242,17.7166961799506,10.3524489413405,439.64863632956,48.1160625630237,5.80486978047633
741,40.9050263859823,16.6748195123246,11.1255529957656,494.477440164609,58.8894690591517,4.35844764662037,40.769813131365,16.589176630163,10.9359779829022,485.265346725977,57.3800244309882,4.49040113682667,41.2156196589322,16.7653729282436,11.0372057502367,495.135311685741,58.7093067291611,4.35253065889669,41.1537170303862,17.0367931933183,10.6568823769026,472.258197776737,54.4400122992455,4.74001878481186,40.6896763377135,17.7120414731153,10.3318472046501,439.169692072899,48.1403110325099,5.40607776080083
742,40.9725499918706,16.7084047995722,11.1239072015741,494.215936621816,58.9117601870563,4.4089567419233,40.8171706372489,16.673703587268,10.9084264354701,483.488569360333,57.1109142602417,4.63935926194168,41.2857963821892,16.744297855979,11.0640789524292,497.270397259529,59.2324368944661,4.26459331702422,41.2422420980723,16.9319782490989,10.6368375590477,475.540984830824,54.8538063739644,4.78982126648289,40.6350316129017,17.7137165765079,10.3186431577189,438.000862375893,48.0430099612869,5.60254174134637
743,40.9981656618955,16.6976645809032,11.1458592996891,497.246697288055,59.1142132558986,4.51727574781096,40.7922150080516,16.6106452531056,10.9521997489948,485.74797056061,57.248773806818,4.71959155113141,41.2139592291102,16.7897463255484,11.0885368539651,495.677241725893,58.6784671936759,4.51876023314098,41.2171616505919,17.0029623913452,10.6233207169608,475.167055520516,54.5957592801705,4.99679547804605,40.696565378223,17.7357458648879,10.3441097722927,441.272318158312,48.2020106367657,5.67336440366775
744,41.027332350035,16.6656613123772,11.1865342857294,496.582854437269,59.1521719568446,4.66708923172131,40.7560926929513,16.5838347806371,11.0042621122542,485.290332935949,57.3530881593726,4.91720570813007,41.2443854374651,16.7682695161339,11.1314958423294,497.012691183367,59.07475178031,4.67928269490159,41.1933013916324,16.9924763905469,10.6034502110385,472.59528457755,54.3354399170587,5.17486916457579,40.7151858799919,17.6677903057519,10.3239429721153,439.330926439322,48.0910830323385,5.90732790284939
745,40.92491789188,16.7090384876236,11.0629867083678,491.329170717686,58.4913397555938,4.82035648401828,40.7961932589968,16.6005040046849,10.9011465029038,485.001569965624,57.3791240092883,4.87974930321428,41.2174456035794,16.7273691730713,11.0253378174462,494.826587701152,58.8182908737952,4.64270145715645,41.175459193942,16.9901926399073,10.5578405641134,472.647718985309,54.3758407936879,5.18870393913939,40.7515496183081,17.7228567890971,10.3023381778587,440.480936771725,48.3958451855336,5.90161819928919
746,40.9436837543198,16.6575838674497,11.1202377681254,496.648599331317,59.394732855938,4.47124993969558,40.7020963889764,16.6437637635302,10.9090589247956,482.728359481677,57.1005060763597,4.76050724175053,41.1602720000754,16.8013952544004,11.0369025651464,492.79140475763,58.435624610316,4.61044734980574,41.1581993477877,17.0521041966406,10.6091144866473,471.162871237744,54.1304099089306,5.14430740123293,40.6553500382824,17.7033556388788,10.3094635026823,438.607760884845,48.1384947216265,5.72633583995998
747,40.8250944674637,16.6673377371146,11.1187589810567,496.331604015697,59.0809231497563,4.73530284819403,40.6055575958245,16.5772105706757,10.9402571486826,484.585540122304,57.1848391955772,4.95743496444625,41.1774180658514,16.7769764419888,11.0445806977143,495.779370950997,58.7141883732198,4.68145477637073,41.1794833866462,17.0110007216075,10.6172245108513,472.869888299497,54.2501374996895,5.19075660516224,40.7130718482663,17.6889977523724,10.382397969774,440.928697226508,48.4384738990115,5.90155665726516
748,40.9922795273078,16.7340776497193,11.1428711477187,492.951260131215,58.7355570280523,4.47433346272752,40.7929171483115,16.6484057769804,10.9564944475365,484.301492496674,57.3308154240299,4.59990403295985,41.2010364371154,16.8946565241576,11.0512667103034,491.761259364582,58.3426621344357,4.44569989501725,41.1853813972916,17.0532954146484,10.6407191831915,472.1439055409,54.2591191683785,4.97175651311507,40.7127302494145,17.7195169713949,10.3199236182473,437.383382295391,47.7443353433978,5.6993559956673
749,40.9926804810881,16.7028736609612,11.1191754078472,495.171779015157,59.1294372646912,4.2740757919862,40.7684252867368,16.6042561351343,10.9508853714599,486.619802869093,57.8410059532122,4.38446587704171,41.2431317610755,16.7286341550184,11.1570918580241,500.156960774824,59.7671391426008,4.15988034994424,41.1713086161219,17.0280110562333,10.6350483709816,472.847259485446,54.549766959841,4.78157768914823,40.713905669477,17.7264971786217,10.3580910285769,440.179115296448,48.5027261851471,5.4627539283161
750,40.959993340855,16.6917020404477,11.1052852053721,493.230145445543,58.798337145475,4.50740338224007,40.8002648648516,16.6461314775881,10.9376032536887,484.406690558998,57.267633571644,4.66848335501609,41.1692259452998,16.8069872359878,11.0443938853148,491.998866244897,58.3709264567682,4.49053269215924,41.0803866118905,17.0003604755835,10.6318756078572,469.475056538797,53.88634874979,5.03375592184376,40.640773473481,17.7528903194317,10.3470069422637,437.529367815746,47.7108298916701,5.6943270193489
751,40.8895679633696,16.6910101100604,11.0698256275566,490.794234345819,58.5974415601111,4.56491256265519,40.7456783384557,16.6630862990415,10.8747167431453,480.349243683831,56.8007747161727,4.80454428724579,41.1639334820998,16.8657989152279,10.9935346320539,490.121913206796,58.2798084723155,4.58157544672396,41.2203565291905,17.0540196453903,10.6115984530989,471.27796723024,54.3810091527216,4.97391940787607,40.6532540647594,17.7312824444385,10.3006980399135,436.869762533303,47.9191242636004,5.741064925435
752,40.991947341029,16.6668659333263,11.1840012103603,496.600517916434,59.4145586893979,4.44539087674833,40.8287976218466,16.6323042817196,10.9676389871348,484.051349819358,57.3124760117634,4.68335445304588,41.2028872971887,16.7660822848929,11.0991416910462,494.989703402874,58.9410410838641,4.43979232282572,41.2279819977472,17.0308075211907,10.6360109863585,472.800093338585,54.4317681690007,4.96915714839119,40.6497832074764,17.6842564843712,10.3292315022511,438.956645490588,48.1114964569284,5.74477363297904
753,41.010062016477,16.6987427424754,11.1658438842275,495.910467979169,59.3969398013079,4.37891414244301,40.794350891973,16.6329456620995,10.9580138267129,484.970158163435,57.5834414147939,4.59827329426775,41.3072710626985,16.7843437053464,11.1023373300836,495.583229854649,59.1685417562817,4.36547153739405,41.1595107146252,17.0446995918166,10.6484590123128,470.261795591422,54.284279658398,4.88321890114095,40.6376303139316,17.7645461674608,10.2838384309679,436.658206706252,48.0848600667112,5.60807544483478
754,40.9886444517464,16.6448322392699,11.1677422032055,496.659036145585,59.3525244695403,4.36086084783528,40.8372244260584,16.5818994674254,10.9478728176657,486.589867225146,57.6237027025011,4.59156749658043,41.3189684551812,16.7604937092509,11.0809425674908,497.576884941929,59.2382794127951,4.31051610818455,41.2033268371246,17.0310237733792,10.6179918703307,470.374304207234,54.0606508979102,4.94772146149384,40.6734019683599,17.7011512117927,10.3452417845345,438.746155124999,48.0858828325514,5.6114517005666
755,40.9029075908696,16.7368752954334,11.09428712953,492.669570586626,59.0172846314051,4.4341931647609,40.6767653719326,16.6681511512396,10.8833829450109,482.273457311028,57.2853804340322,4.66638404390683,41.1659792590835,16.8682194711843,10.9729532224726,491.220518349551,58.4750319303488,4.49018714654176,41.1255338043382,17.0893891642785,10.5386601523855,467.203472994851,53.8018240939478,5.00890755486679,40.6366893004367,17.7532758979252,10.3250368253731,437.762765911815,48.1823983579225,5.61587641566496
756,41.0307851867149,16.6401063962532,11.1303807318031,495.907413714749,59.0471757315747,4.46465206079241,40.8066727122918,16.5797222374327,10.9434447547393,484.685894911352,57.2522929177656,4.66075076381598,41.2441005730136,16.7823896976856,11.0668961596828,495.229617826989,58.6492074844434,4.46088456240722,41.201779157131,16.9483890594411,10.5550834015721,473.430423773631,54.4270660331723,4.90684408925557,40.6452318711678,17.6655502097764,10.299885790315,438.722511643491,48.0014433289437,5.63590698523249
757,41.0641481369515,16.6147924407676,11.1768995241307,498.791944008747,59.8842661257137,4.39685382466071,40.8312721644182,16.5365458603047,10.9611722299364,487.055612995583,57.9461561120167,4.5848156834019,41.3717719280865,16.6913038799865,11.0762698597752,498.026585464783,59.4951361526992,4.44164678099015,41.2947826980017,16.9472141714774,10.6118471965087,474.664029073431,54.9399654572855,4.89144601108377,40.7746559902737,17.6723568672884,10.3919302378179,442.869495403682,48.9653465968056,5.66029961790015
758,40.9743170335072,16.7157206955012,11.0814423309142,492.540179769085,58.7395321303265,4.51102713596865,40.7326030417441,16.6382372982558,10.9513142200759,484.147942830005,57.3340247679599,4.7263418904364,41.227102657968,16.8338387063061,11.046398818752,493.259613327225,58.6912875835923,4.44326306055974,41.1405095653567,17.0697262582225,10.5726320437293,468.663690853114,53.7694551774755,5.04375400728311,40.7175595791015,17.6969784599599,10.3710392787916,440.615416010424,48.4604651286455,5.55589413406012
759,40.9782467975804,16.7053504853439,11.1285830993043,493.376731524502,58.8369166097257,4.56016366945597,40.7750945738519,16.650204777066,10.9458536722632,483.757781500495,57.2754280979714,4.72226777531655,41.3117639992172,16.820290608366,11.0514189867517,493.775904837091,58.6097420441549,4.51922372864172,41.2487470714471,17.0101358013786,10.6675208906672,472.937038103949,54.4890647680222,4.93465420881074,40.7143805076538,17.7871262018531,10.2983435779902,437.484010960396,47.9977014454983,5.65367346652701
760,40.931026686637,16.6993199451413,11.122636107994,492.569062487526,58.9204128962736,4.52529122483496,40.7140357793888,16.6232507628307,10.9511653863094,482.787530463337,57.2396153560854,4.73384808522409,41.1894270177565,16.8031018403098,11.0209008665622,492.647700958288,58.7073230126644,4.46176890724476,41.1366247492795,16.9957940948868,10.6365720357302,471.696594842137,54.3994051941829,4.98457988634674,40.6030026059849,17.7565812180034,10.3286149107307,436.890002414445,47.9324894769794,5.79156560101247
761,40.8876615947613,16.7229151245966,11.1168078621615,495.302683470907,59.056376106134,4.47233750588433,40.7217220470683,16.6296914058415,10.9026501945215,484.401654547551,57.2384058608622,4.67585206738606,41.2174592559221,16.8098492955061,11.0454597230652,496.258590298365,58.9134280112066,4.4963099825097,41.2342763374127,16.9867647202841,10.6433780098431,474.754274499207,54.7887696877917,4.9366790295065,40.7600081096293,17.7074614597624,10.3335126752423,439.093776176049,48.1207421364577,5.65736609242103
762,40.9752953438285,16.6371974324697,11.1681773226473,497.492309036989,59.7236398816167,4.29900874562281,40.7414260782088,16.6153495024935,10.9442685417135,484.697236200458,57.6348800052968,4.53026674095487,41.263242174319,16.7863005026622,11.114158938223,497.472124869501,59.4531193643757,4.29335250800041,41.239529009776,16.9784047425729,10.6012040504891,473.859188355949,55.0243402874379,4.73369771387084,40.6168792628441,17.7910125579062,10.3572713398223,439.300100834669,48.6244684574482,5.50485848660759
763,40.9965003048021,16.6609331099914,11.1435528146223,497.553002543867,59.5025866864115,4.35032858231744,40.7739107772306,16.6533026286901,10.9375205333785,484.179244665122,57.2897409306383,4.63001395299978,41.2234480548898,16.8253687873725,11.0425656892891,493.615024017831,58.5449958334578,4.50628926033982,41.2236083632229,17.0868490863067,10.5481183723327,469.928987717251,53.8740028223774,5.02138161249286,40.6566953614102,17.7581409611153,10.3414160510624,439.524207567342,48.1440243336576,5.66505569516672
764,40.8999723594104,16.681881892414,11.117285516417,494.178542764501,59.1634892453193,4.43570036222614,40.7238764347915,16.6958026286384,10.9221503856199,482.927413632757,57.2952532437248,4.66414994111475,41.177019493855,16.8056143237529,11.0497124151118,493.676308389965,58.8392169510058,4.43329535276472,41.1858865919043,17.045892646935,10.5707602810394,470.783686735237,54.3562789647735,4.91054438390807,40.5349019460497,17.8034895235988,10.3019199599508,435.928149061745,47.721619001965,5.75412007555265
765,40.9618983955675,16.6546759778927,11.0929974642245,494.539161611451,59.24884628424,4.43457516792126,40.7351856855805,16.6561974558662,10.9168189903697,483.895907515571,57.3883544601979,4.69027731752694,41.1657277469243,16.7887835254334,11.0210240107396,491.96155496521,58.5781070055114,4.47886218757687,41.1227191410677,17.0554446369865,10.5845815868752,469.528601838132,54.1789775217938,5.04117420894183,40.6670061064166,17.6737021889661,10.349348750783,437.956832189334,48.2070157422681,5.64210001357435
766,40.9858744905487,16.6751503580624,11.1414389416567,495.84050602187,58.9954149816091,4.57826396642248,40.8031083324115,16.5779062741312,11.0022279225039,487.401071252673,57.6305368986169,4.75226158467551,41.2406310607394,16.8103641995977,11.0604122077848,495.926108551753,58.8100160629188,4.52295062892426,41.1722083594796,16.9510341233083,10.6598630346792,475.570211902944,54.7018117202253,5.04011314704936,40.5910887923493,17.7347118385493,10.3668569487953,438.922257159403,48.1092145302514,5.83835195911457
767,40.8847468728681,16.7152709562422,11.1036243709406,490.837950205952,58.3447500999443,4.63212184857944,40.7079235101831,16.650613485003,10.9365638031948,483.309983887013,57.1657728125717,4.75816351388072,41.2054706871044,16.7929764787861,11.0652452537556,495.07362838579,58.7276870332747,4.54554902883826,41.1444978880207,17.0202403414706,10.5930566270436,469.39107300005,53.8560066868097,5.10078047636745,40.7339358647834,17.6533129993044,10.336418258024,439.60869444963,48.1240742780325,5.7679749558898
768,41.0142705135706,16.6854748975024,11.0834281771855,495.667364396673,59.1968941615854,4.33390701300809,40.724084040359,16.6784661901246,10.9109782528272,482.598255966065,57.0284507062694,4.5908304776205,41.2290324287745,16.8467116886628,11.0118793155497,495.63881462748,59.0120465162002,4.32305926116865,41.2430362623127,17.0418678821322,10.6039496658036,473.816152627054,54.5746725053077,4.78600901310405,40.7353103193782,17.6839002531174,10.3186983451517,439.577547647945,48.376362866288,5.47828806592215
769,41.0522849920661,16.6806172125145,11.0978688673385,496.058787815856,59.2959419918539,4.35178425252199,40.7842039310849,16.6096147574048,10.9053933831016,485.712888274134,57.5328095859785,4.61638945944821,41.2201484275348,16.8346408092047,11.0070556769594,494.657965121263,58.8267539998738,4.41944742615426,41.142136223983,17.0240758534351,10.5827590896798,471.245684647045,54.2862944029675,4.93978340123116,40.6912722248363,17.7197801961243,10.315666425808,438.649633604522,48.1744651360708,5.63897199529523
770,40.8810113547446,16.6773094829362,11.1055944913115,492.504185459827,58.7048961073833,4.6254779308243,40.6361384864967,16.6560646451866,10.9261931986435,482.283485777344,56.9890102736665,4.85498708171957,41.2027958806063,16.7389285344304,11.0671127892037,495.981928543319,59.0646603390139,4.53325794353904,41.1900810417781,17.0346447759196,10.6218445357953,471.292842151943,54.1595322171074,5.06773028016868,40.7181385845358,17.6989698139074,10.3136171007312,438.556865972555,48.0466303826732,5.73448744000768
771,40.9712406946952,16.6804728027177,11.1092268286878,494.421823257008,59.3097728087148,4.52447026446419,40.778746191215,16.626690800898,10.9249036160258,483.142049537736,57.4472744014854,4.76406130775361,41.220490072179,16.807481712783,11.0306807771222,494.471571581872,59.0639522624401,4.50558300270892,41.2277782768366,17.0648228829204,10.6093806833786,471.412228017843,54.4713915119643,5.05953123716163,40.7107501979076,17.7683945925891,10.3281630376099,437.774124558824,48.1361506732593,5.86263015640237
772,40.9142524249784,16.6645499122965,11.1346663858576,494.64082374732,59.0065560637265,4.58861718338893,40.7899907083074,16.6187879341993,10.9885500961585,485.048417509815,57.3423674728326,4.80934046901862,41.2634413422332,16.8200215738813,11.0592503574717,495.76533949781,58.8651805664265,4.56095371349681,41.2907426503217,16.9705813716295,10.6618861597469,476.381555752377,55.0843752092876,4.89572699650622,40.6352375593637,17.697601870191,10.3616610703793,438.675185435913,48.1057460504954,5.76257640889606
773,40.8949140837385,16.6914459035316,11.1113972646017,493.420451593688,58.9969952948518,4.39423598264651,40.8080076625089,16.6569455313648,10.9397552171773,484.915073411872,57.5213599308263,4.55115219087796,41.2587431552849,16.7985908336289,11.0958181390541,496.570661520453,59.2703381758276,4.26037826932043,41.190008191014,17.0706974679935,10.6238695176908,470.775368035129,54.2987331525884,4.927986671715,40.6685382700519,17.7199330890642,10.3637144335611,439.230898490211,48.3683073280984,5.5471554274161
774,40.9368362015537,16.6217304966627,11.1552641120351,495.8089520608,59.2826336318282,4.50052781287846,40.6937526748999,16.639524439383,10.9476129551521,482.55790080568,56.9981719249758,4.82942036680272,41.2955576003256,16.7402141239278,11.0536988282369,495.533985469313,58.9531013692697,4.42597128130134,41.2036042953904,17.0256447895408,10.6398410420905,473.130796561189,54.4092102706246,4.97431264574567,40.7513473022317,17.6844562338884,10.3965736522479,441.340226499469,48.3328717597145,5.69666188798101
775,40.888080274901,16.6944047395663,11.1133225892247,492.617257101473,58.7085247707939,4.5807579062355,40.7174105957795,16.6599007535223,10.9178235348747,481.2372706298,56.8300067360053,4.81447083378712,41.2162102002273,16.8144534440704,11.0380022928742,494.303056268106,58.6562461568872,4.53979967434634,41.1344419470363,17.0661295970774,10.5475784318656,468.631140429064,53.7833331338344,5.06647351179411,40.6641726189638,17.7343693325409,10.322027670307,436.501706529109,47.7270524881368,5.81595472215875
776,40.9386191145097,16.7291118754837,11.0628387505136,491.731917151751,58.7252396133429,4.54684700208581,40.7121872468246,16.6718554194063,10.8609368048134,480.33699403387,56.8291673416434,4.81204434133801,41.175853883983,16.8343852039546,10.9998736433268,490.817295702968,58.3431862305416,4.57804748732776,41.1478560187276,17.0418751129579,10.5745891632872,469.769666858419,54.0217613773477,5.07814139250857,40.625332113678,17.7491675384092,10.3181842546751,436.482084981742,47.8807531594268,5.78055642660251
777,40.9627627807812,16.631228805387,11.0848378330841,494.116145123207,58.6854461979637,4.61929492175884,40.7585959915746,16.6457700285148,10.8934232489158,483.101867328754,56.8868876861905,4.889360230457,41.2992773593175,16.7889486567177,11.0264924765904,495.902767360688,58.7216616531929,4.56790211121645,41.2125056493694,16.9525685379262,10.6207634932337,473.86181501551,54.4818368818397,5.02192906961506,40.6326289113558,17.8095117824578,10.3055615007002,435.093418003442,47.399559060092,5.81421549497437
778,40.9839130084671,16.7067873139961,11.1031242974631,492.656288242872,58.531996100998,4.58472434387588,40.7794838007565,16.6715613877497,10.9144667622766,483.519042660225,57.0254709380471,4.73998687367188,41.2361618654068,16.8099525021112,11.0377165164669,494.43278817141,58.5764286975121,4.52034958545084,41.2084859120911,16.9938861332136,10.6314882753637,472.081243652748,54.310760155659,5.01078238166003,40.7509202740952,17.7910154193248,10.2966211358794,438.031159291226,47.7864638478529,5.7807171732882
779,40.9961151292949,16.6141738782047,11.1416431756527,497.160976190155,59.6157359141254,4.57863124177718,40.798612182826,16.6351450969514,10.9191254796367,484.160530235084,57.3910687596944,4.84809094949746,41.2474610656408,16.7548018170548,11.0363670193876,495.500885312919,59.0773534807025,4.6214873587955,41.2389939243627,17.0665429950966,10.6368302840719,473.817710291651,54.5766197118724,5.17032845307367,40.6808028151385,17.7222236457208,10.3389383161154,440.089132077633,48.4550814535478,5.82591723381076
780,40.9993734969277,16.6173051938201,11.1602056768045,497.323553302154,59.4444747747538,4.57025056260526,40.809379987596,16.5286809690644,10.9729099580148,486.978794976503,57.7265398213543,4.74668460169985,41.2606592743633,16.7559465196692,11.0968690032018,496.821910766196,59.1498651064382,4.52158754023921,41.2285295190366,17.0074388493678,10.6255376515564,473.071014221742,54.4770626287971,5.08472564473099,40.7697855532897,17.7205651126208,10.339279637852,440.531907716755,48.3633279129376,5.77484700298726
781,40.8642612673922,16.7121780982935,11.1535503210576,492.58646809411,58.86161333968,4.63829438881899,40.7116915994916,16.6624184355692,10.9498653402613,482.361331994798,57.1982701623486,4.78294247984092,41.1835096273632,16.8044810341442,11.042736171669,493.215535962836,58.7501851805739,4.56274409414928,41.1955312937106,17.0356374088373,10.6433357857981,471.228183659357,54.3151715990696,5.10474072418616,40.6444619722009,17.7292494817076,10.3017766989202,437.841855949283,48.0991736809254,5.80161663889221
782,40.9509703306196,16.7568902002305,11.1262112967983,492.476882730824,58.7008364423836,4.34830196304205,40.7319096095737,16.6646972758636,10.9145296608693,482.618893952748,57.0317986771417,4.52141371930364,41.2561015922492,16.8408074902736,11.0483862426184,493.981957517974,58.6241012005799,4.31009685970359,41.200811175855,17.019834674928,10.6101178278362,471.088198262919,54.3173794729755,4.72335133804554,40.7735709648643,17.7535999868723,10.3260843228327,437.387648508646,47.8362985336364,5.48114572253944
783,40.9745565375184,16.6801320228301,11.1153431905022,493.053239571417,58.8606221314902,4.70989715703415,40.7397317440668,16.7011601309016,10.9193292905888,480.798314318545,56.8369991059898,4.93824504833314,41.1977687532924,16.8770597167817,11.0437577606292,491.516002394934,58.3759407649461,4.68854319307291,41.153157342649,17.0316525116527,10.6384544529477,472.472009430731,54.4093676392467,5.16444089884381,40.6329934068133,17.7803150216508,10.3101588915656,435.86519339752,47.8119956118261,5.93711956285443
784,41.014341082329,16.6090354481775,11.1606516946864,496.388502067956,59.314659612803,4.61945771335152,40.7678443802754,16.6029481794003,10.974633034226,484.56823213079,57.3641173556117,4.90115117538511,41.2450027431451,16.7554985818929,11.0715239304406,495.833901633659,59.0179548365496,4.65882387233945,41.188101418874,16.9954792440405,10.6770223989759,473.945962152656,54.674277339423,5.1091741196012,40.6140208993518,17.7557166618559,10.3924031409179,438.500378848131,48.2459036255921,5.85979454782287
785,40.9492269462051,16.6632085672946,11.1066137875257,494.693161513849,59.1436885961821,4.48337677225251,40.6838121895126,16.6779587100413,10.9766931450199,483.128597480943,57.2124411314228,4.76461596664768,41.1963663352137,16.7975256128486,11.0896572912215,493.600349494922,58.7119088023607,4.54863437303053,41.1451077109281,17.0061456885328,10.6020172285771,470.284932413268,54.2635817331998,4.99326913599228,40.635785809177,17.7557319526379,10.3375008162269,437.199594531923,48.0079436553715,5.76069202308376
786,41.0392226592872,16.6299437297675,11.1650720424778,498.654227713936,59.7164940359689,4.37542143755432,40.8284277103357,16.596881523775,10.9197200549284,486.402920017897,57.7671904317127,4.58033686878161,41.3161804465579,16.8138752182034,11.0830994961652,497.060503409414,59.1252561584869,4.46793693105516,41.2262257622872,17.015707077435,10.6525539411236,474.348581037223,54.7552539002297,4.88053744044083,40.7795218688256,17.7141797383705,10.3925783885647,442.260970516968,48.6483339056908,5.57381970014272
787,40.9506973099135,16.6614849494101,11.1175302420314,495.117226843793,58.9708335352273,4.69509910102429,40.7346886729726,16.6639280204555,10.9221113393008,484.297615681755,57.2586722485353,4.87472532327281,41.2092860748616,16.7762162179686,11.0360047550191,494.647488151746,58.6509483711349,4.70331543601233,41.2081257116385,17.0434397416801,10.6156454106835,473.298511578917,54.2778700270725,5.26337586964634,40.6558604858825,17.7718315131458,10.3211981116934,439.502049703005,48.2659155379985,5.92467448724214
788,41.0211692960977,16.6293103161806,11.1525090416854,498.113473664726,59.4758432572996,4.41902734263071,40.7889457904205,16.605226082213,10.9805963477759,486.73014485154,57.6209597413567,4.63519221981665,41.2320223709951,16.7473323571566,11.0684470593735,495.136464635852,58.7946635520122,4.4469952120484,41.2184408360504,16.9965015789146,10.6703978491207,473.366679218138,54.4913105795473,4.94927293116633,40.7015892651706,17.6399038195549,10.4043868297793,441.314034223472,48.4760038463615,5.61740926633854
789,40.9220330375279,16.6244206484505,11.1290383492066,495.334246418891,59.1893604359749,4.60382296013468,40.7934649616904,16.6082909536381,10.9615485693261,486.152885226812,57.5499843401183,4.84281265298386,41.2531902406844,16.7253642446504,11.0626646930999,497.955333085069,59.3445721140397,4.52772568475129,41.1410165520917,16.997353062017,10.6218539969512,472.00988984203,54.330417291028,5.07116944105722,40.7104400115625,17.6458238126554,10.3730321243466,439.849437175624,48.2744340511547,5.82659605273646
790,40.8916478298756,16.6930553432263,11.1279671735911,492.589126909716,58.671631060806,4.57361143490448,40.7391529848056,16.5985877854971,10.9240849430317,482.791966549594,57.1137711139229,4.75374633168515,41.1904683719839,16.7373440468595,11.0671064784186,495.874997815368,58.988115950456,4.45202155091978,41.2111470775537,16.9735172830363,10.692677045484,475.080211908371,54.7283085867466,4.95828549402428,40.6763181705492,17.6704588972407,10.3780198356437,440.190174625556,48.4636629202403,5.66593641549039
791,40.8934509317232,16.709999006427,11.14443913978,493.027936390118,58.9259993610067,4.5624579063603,40.7586968511076,16.6180827814042,10.9454309438418,482.512564859097,57.1445141201983,4.81813139271258,41.2408032053893,16.8640976868833,11.0470692120911,492.576640579715,58.5584094989105,4.56262460697201,41.1786679352746,17.056480925792,10.6216383255984,471.587342207622,54.4589007719482,5.04635944232861,40.7176647906005,17.7284964026863,10.3008215043552,438.459479596069,48.0585240848984,5.86432671777429
792,40.9724067771817,16.6756973047769,11.1665334713437,495.53931036811,59.0301885623122,4.77029023471615,40.8009670556592,16.6167887857802,11.002942125842,486.714305657687,57.6093769641775,4.9082196539091,41.2736743992884,16.7752425121797,11.1356682602845,498.273520406652,59.2473967391201,4.64264821540724,41.1852153722466,17.0157193456415,10.6594753149265,473.463600024516,54.4378310113713,5.28662270961457,40.7887938665931,17.6990159171864,10.3958181866712,442.158319054315,48.7037788001011,5.92197460319218
793,40.9064823405971,16.6217083926169,11.135437902738,494.716592478173,59.1487804131713,4.48005414117837,40.7612929435696,16.649943302656,10.9316878054075,482.426963913425,57.1243944942808,4.6951592929536,41.2227560917175,16.7382272492936,11.1268334603148,497.334813020241,59.3111743300553,4.36425110836388,41.1658453199298,17.0239663881563,10.6341663904844,472.9845123506,54.6060368817867,4.8883388522073,40.6458088041746,17.6847932949425,10.3346516968312,440.541617197992,48.5781299755237,5.51957292158175
794,40.8890791985074,16.6738046138444,11.145112090924,493.912406721266,58.9520647887043,4.62519820173255,40.8269946803656,16.6327079124557,10.9387908711723,485.047398125713,57.5007161232226,4.76536590069817,41.2628168047364,16.760269260522,11.1214088367854,497.520252206319,59.2432407378096,4.54745151699118,41.1816086971811,17.0331301507208,10.6026115933184,469.686017352768,54.1105654619802,5.15046357263022,40.7219590361674,17.7333263923579,10.3411290110818,439.981137191043,48.3686634236848,5.83765145986047
795,40.8968382692196,16.7420948381347,11.0725341932823,491.599112647212,58.7317114204783,4.38397122190829,40.7663134215832,16.5785692998381,10.9339348990098,485.124604140041,57.6649662179103,4.47087951244035,41.202189916581,16.8061609959192,11.051425967959,494.197410320933,58.9565991858772,4.27892657813477,41.2127163673187,16.973223276635,10.6055386474244,473.677897881667,54.8451815816361,4.74263116597132,40.7157227248098,17.745994639277,10.318535384216,437.528363636634,48.1130816428102,5.46004894238366
796,40.9201516872399,16.7455527336807,11.1185749083042,492.608953908872,58.8087931934018,4.39677064054357,40.6742962104576,16.6695133932004,10.9057818573887,479.885252664835,56.6717375303503,4.62709992745228,41.1338318173288,16.8537225927329,11.036397888533,490.086021599378,58.198857345527,4.40469479053823,41.1409312334836,17.0658430659842,10.5770207686243,468.709627410461,53.7682536271754,4.95517865857695,40.5321928777563,17.8006006809402,10.317485037404,434.192499405641,47.441029332044,5.58160886699966
797,41.0160352356915,16.6960197468705,11.1806657637485,496.166675261119,59.1849796995844,4.47987312613095,40.7895245939345,16.6353751316685,10.9482294535362,483.453804831039,57.0687838018652,4.72968400229814,41.2054846453338,16.8150968105037,11.0912154917406,493.239532737081,58.4943762216526,4.56808784233791,41.1652388319498,16.9720793746826,10.6508284650863,472.501058658634,54.2918873183949,4.95408195694676,40.6251983044521,17.7604932620697,10.303675184165,438.760688119113,48.0973398036022,5.70957896077937
798,40.9330230086762,16.6822884898743,11.0814681483343,492.598502013816,58.6939551044037,4.43948387801792,40.6982095439901,16.6695370049707,10.9032985717186,480.661704012546,56.6406719234612,4.70574559097866,41.1722985659031,16.8096814561579,10.979069666052,491.360111517071,58.2187313138761,4.46771388300656,41.205803770559,17.0307775827192,10.6173520246557,471.759760665083,54.1654247934049,4.91778459307484,40.6102174051016,17.7685534924767,10.3732977440502,438.349269227477,48.0413177386911,5.58498760800417
799,41.041469743921,16.6369875315718,11.1587108232217,498.275438046386,59.4055381963718,4.47889462335843,40.8328615038464,16.5895651972577,10.9806802666749,487.213546296678,57.6643777510203,4.66494552541346,41.3098085771899,16.7391268009459,11.1023003797697,498.512732905683,59.231842497508,4.41267995164385,41.1526683621247,16.988664170776,10.6453715779681,473.94028210111,54.4786963993207,4.96250494310356,40.6530264814145,17.6918001670426,10.3571741971288,439.64608579757,48.2347628551915,5.64715714358352
800,40.9929815314031,16.7042931033002,11.1099980000485,494.854612546258,58.7897278063934,4.46468579987913,40.7799978973983,16.6611831375789,10.9097329425071,483.702791301055,56.9014133339295,4.67279645538894,41.2795618024197,16.7197899535018,11.0816582029454,497.80336228067,59.0009620254913,4.38234753311819,41.2187145353078,17.0609180487303,10.597786550506,469.407858504534,53.6071225297144,5.07119865689714,40.7224880582342,17.6952124986328,10.3588924887126,440.36487405259,48.1188062011321,5.60510598871082
801,41.0084185389356,16.5610250843557,11.1645767553706,498.575478074892,59.5355262168664,4.49110821645533,40.7858156527118,16.5597101251369,10.9991195156574,487.807733414889,57.6874502103515,4.74484002773592,41.2702046328441,16.7462124976083,11.0977898243229,498.464430590821,59.1869325336542,4.54020122340389,41.2303820776179,16.9435173370575,10.6662328324622,475.795207524989,54.7039689048848,5.03237091839306,40.7566962482852,17.6278495727592,10.3755938544973,442.722234767545,48.6066229605651,5.7829367714643
802,40.7680550961056,16.6974679898231,11.1018510937213,492.346000216486,58.8509745646075,4.78297159955036,40.6269607871907,16.6988484797051,10.8885334963966,479.88343572538,56.7114787081942,5.08620305595204,41.1280543327983,16.8423044737551,11.0252470265051,492.953043938023,58.5815904848681,4.72448766135512,41.1186556868798,17.0686616354592,10.5186194824924,466.673803492699,53.6895477458944,5.39962846800467,40.6400483877798,17.7080427692983,10.3498063504822,439.851267378139,48.4822135524284,5.94991867843986
803,40.8995237747084,16.6954363606679,11.0909542462698,491.424896028275,58.7123091034964,4.65409718270049,40.677325066585,16.6830170849271,10.9147644939273,479.378762137254,56.6710206027664,4.94431306649595,41.0989115626216,16.7919064002207,10.97576756492,490.709388647459,58.358890648329,4.70504439026577,41.1854459835311,17.0483138747704,10.6059682639407,471.044521297342,54.2947117711974,5.10927532724489,40.7046031486659,17.7006684778118,10.3185962747958,438.077452253445,48.0829420379971,5.79791422593999
804,40.9074770614305,16.6726658431674,11.1386255430785,492.358863241723,59.0415783895853,4.67435315399532,40.6967537949743,16.6339927650838,10.9018639944842,481.093406908685,57.2424081978473,4.83969761218603,41.186108792202,16.7906357185117,11.0781483521441,493.984897069649,59.094550431965,4.58469015977874,41.1547296412153,17.0843112990804,10.5759343755024,468.965741168583,54.1095077350624,5.21151022290492,40.6793017174496,17.7382772478943,10.3237434172089,437.977023259884,48.0658973079906,5.85934458785237
805,40.953232555474,16.7035389874676,11.1080139673664,493.743599467444,58.9405111225842,4.77096425126958,40.7437316905016,16.5927291742172,10.9212546840908,484.430248928961,57.4512449176723,4.89866053212633,41.2144704381589,16.7661285967019,11.0568266469401,494.473186255004,58.9387464029717,4.63962723151293,41.2068720488485,16.9581642251798,10.6295794321178,473.746547777213,54.6073430956228,5.15408386764818,40.6221277076446,17.732241315048,10.2823606502748,435.955602207294,47.6169314637071,6.01305857088098
806,40.9940682633841,16.6384090959416,11.1924400748967,498.050553238896,59.320387046968,4.61867781085387,40.8377307747375,16.5828030370452,10.9970469925124,487.278159028415,57.4119147095431,4.88398116887148,41.2989613531324,16.7451514388169,11.108837060535,498.291731727301,59.0268268747742,4.53919436553909,41.2324133498789,16.990712170979,10.6925570827025,475.706796279807,54.6513701565057,5.09542299725377,40.711628681583,17.745667069609,10.3785100962519,439.667187817472,47.9545569783356,5.92220624302943
807,41.038563527062,16.7447015563614,11.1231486756752,494.09047524224,59.1200607005872,4.56683071521458,40.8271619594733,16.6289450509974,10.9290465962401,483.453749333049,57.3269883121293,4.79231591552413,41.2669313602127,16.8131697391686,11.0377497730068,494.097118331912,58.8805727395082,4.52850287450045,41.2398282365718,17.054640012432,10.6632358694639,473.319349802684,54.6442154996312,5.0200705192323,40.6780084156556,17.7718798575633,10.3439648071962,438.108897278074,48.0486491210924,5.76831376388061
808,40.9308481833716,16.6899097926953,11.1468801025687,493.021396731857,58.9545242172973,4.63812826639641,40.7842360686139,16.653580048395,11.008754749991,484.531004191954,57.4824067147937,4.7938079072646,41.2096036730016,16.7552983589278,11.1041558649236,495.638002990038,59.1104975124794,4.53555527709388,41.2403441234279,16.9984247973779,10.7136295323602,475.126947132173,54.9946916387993,5.02988662950965,40.7120793447585,17.765986769746,10.381911325207,439.292834524039,48.2275196084631,5.82445709769997
809,40.9960157081369,16.7258084565364,11.0737488876065,492.745140858633,58.943040457968,4.50667468368443,40.7291080283506,16.6833004086713,10.8640300149626,479.359439913151,56.649757411509,4.78825266188966,41.1937721580673,16.836303372005,11.0047529005322,490.583217039718,58.3722574728109,4.49945570415807,41.090228378059,17.1151596305771,10.5409672524997,465.391380953481,53.4614844502692,5.14896636188894,40.6839493655375,17.7234819790682,10.3156309689487,438.407368693638,48.3138728398748,5.62374167303855
810,40.97430709502,16.6329465162793,11.0937645824039,496.035703474538,59.30436665796,4.52388561603254,40.7175823177821,16.6579030292518,10.903733944744,483.974906294568,57.2585683913616,4.74707660275528,41.216524739198,16.7931666660588,10.980589222422,493.115542639111,58.583131462628,4.5297581307087,41.155871610285,17.0247116062927,10.5773200228397,469.704536139319,54.1532846812093,4.9955779959416,40.6667019963411,17.7165984788861,10.3046964086957,437.253664146705,47.9772964580561,5.76358027709539
811,40.957869405291,16.6295051110698,11.1620200397437,496.647194470439,59.4374872022353,4.47315676029602,40.8043786884548,16.6065850243767,10.9549529255402,485.627009512559,57.6375721522523,4.6476091029429,41.2143168110737,16.7878015600916,11.0946158965633,495.706145643377,59.0372767325165,4.39565280147415,41.1820059606374,17.0333520785772,10.6394746416486,471.785370007646,54.3135569156135,5.02254678158753,40.7163253224229,17.7105003375007,10.3154094694871,438.891129803008,48.1871536244325,5.60114786043991
812,40.9707087240948,16.6514146342206,11.1808280980996,498.689831508448,59.8454521037795,4.33917347799326,40.7828097681093,16.6091692025262,10.9758073806237,485.833883243014,57.6996557404795,4.59931253511109,41.2626928614296,16.7541513129889,11.081465501389,496.677724020414,59.2654631280626,4.35544672396693,41.16570579957,16.9569111615149,10.631427649424,473.567674705786,54.7643107716399,4.86234652450304,40.7047527726218,17.6651460458426,10.3236603982263,440.880004479639,48.4669596758386,5.5912800241512
813,40.8387707796191,16.7257531943534,11.0916925370929,491.296093351007,58.6473184507358,4.61740668114724,40.6668889612293,16.6729623630067,10.9132607243621,481.060586226524,56.8932221994183,4.82571927987963,41.2082411051256,16.7905856680159,11.0327429258693,493.64790846574,58.7845053710315,4.49002557042338,41.0780951950916,17.0631679710918,10.6110907121885,470.347283708085,54.2469825158821,4.98573218756181,40.6294334674453,17.7557682494161,10.3067604859315,437.236692790124,48.0227650066125,5.71245978290119
814,41.0102938076471,16.6358367339221,11.1091729018962,495.429303540478,59.140138396058,4.70881667574141,40.7808004812323,16.5985315877675,10.927409057323,485.443233992245,57.4777919005774,4.90543559717982,41.2666320135519,16.7790864121676,11.0807201800017,496.630933620956,59.0711595395386,4.68093727034576,41.2274527306399,17.0046242802616,10.6246840954738,475.760297336076,55.0084850242376,5.17262590054753,40.5958136733185,17.7597560075985,10.3317876846966,438.873645293973,48.2220201052185,5.95289664893872
815,40.8829893923741,16.7216330257887,11.0949814297586,492.511696461394,58.7032139916687,4.68911166840751,40.6721556241917,16.6932271153239,10.911030130398,481.298978949108,56.8296414938804,4.95028383805853,41.1226964661831,16.8233835507351,11.0141817740427,491.442781615534,58.3087293163599,4.69616373085005,41.0580326532755,17.0621045950581,10.5918232703894,470.090587104713,54.0485763295317,5.18260965609281,40.5855339907004,17.8184553757016,10.3030785286439,434.926970204342,47.4601785166583,5.9964606226243
816,40.9523843552388,16.7240083074542,11.0975200635988,492.452917921612,58.5548336982308,4.58433254190507,40.7948997999041,16.609416324574,10.9447114703525,485.472584651726,57.4049670829281,4.66270003535872,41.2496879190467,16.7929178945723,11.0200590786113,494.339037531271,58.636433686432,4.51712713171435,41.2038966074715,17.0212294518687,10.6165284166689,472.983387116688,54.3876596804828,4.98496747777462,40.6957059853954,17.6975744699842,10.4172964306932,441.98388145517,48.6551498412261,5.56413524372292
817,40.9807581813407,16.6654051302647,11.1800365283239,496.65239766236,59.3835205161953,4.33975111491419,40.7505853385407,16.6311174623297,10.9920304140918,485.219946175599,57.5068079016627,4.58900163890611,41.3007312187086,16.8115629366076,11.0978576350483,496.897732904755,59.1540259234334,4.30485829158695,41.1811918688297,17.0429553243676,10.6312684667765,473.424735912399,54.6419319489694,4.81327082378185,40.7176108697149,17.7360591890638,10.3471074809192,438.569616534495,48.1976068158155,5.54660309577034
818,40.9610191074268,16.634682795735,11.1104999432917,496.438752868412,59.2584030517802,4.73648385093411,40.7881268226071,16.6011809811782,10.9057608178762,485.133719263852,57.3667341933648,4.92620996738205,41.2304271036972,16.7736994232918,11.056777211131,497.735696482389,59.2679452094172,4.62627397898984,41.2089823245908,17.0157752021867,10.6033573260417,471.983268991898,54.3795861391287,5.26262525751868,40.7443790218234,17.7017161243636,10.3958755152409,440.052416369157,48.4445938142561,5.91499704425135
819,41.0072694896353,16.6683436630872,11.1657886439619,495.985840494652,59.4092155545164,4.50462766226273,40.7274525616959,16.6284762520341,10.9150118252742,481.067899765322,56.9174306990316,4.89985635762173,41.2154119670911,16.7765954905523,11.0459943093139,493.830149980237,58.7951643610586,4.52798535618894,41.2241040473554,17.0849785369683,10.6317973634773,470.907990261552,54.3516791797949,5.07903868289165,40.715188971132,17.8035359165062,10.2854033938794,437.37459852988,47.9408950597067,5.85285551841834
820,40.9798123885347,16.6977581864513,11.1250250545737,496.108951747588,59.1715811206852,4.66540097831853,40.7511672712886,16.6561697885062,10.9559687830425,485.313290832531,57.3441623232979,4.93589984911157,41.2552168130991,16.7790952308914,11.0730995615087,495.753780228754,58.9013489268618,4.65400650077829,41.2697720262019,17.0028524650777,10.6326979362622,474.55555535553,54.6822305598872,5.12628862331965,40.7478126799083,17.7356571975348,10.3371142081314,440.180571143419,48.4134499664303,5.82769797140175
821,40.9658984188366,16.6653350612682,11.2007179982806,496.903513450555,59.4302835541019,4.35443140078644,40.6869148666878,16.6447349986465,10.941784652293,482.794026430845,57.1527740580564,4.60298141335627,41.3049984979881,16.775400877732,11.1051262950401,498.054194419175,59.3013182626312,4.29629191380226,41.1843171840309,17.0479698530722,10.6030983533636,473.020929948372,54.3551638216192,4.8502208353025,40.7780466532337,17.6967521233393,10.2963782245129,438.74783286045,47.9929494828207,5.56965916572596
822,40.9313376842471,16.6820421657393,11.0882741744819,492.645614096169,58.7642870828094,4.34312372372322,40.7727809520461,16.639287050884,10.8837130121103,482.031067269797,57.00104656092,4.53874778923272,41.215920548569,16.790998634569,11.0072265234884,492.714343765238,58.4708313023875,4.34241838583606,41.1952591983725,17.0384838586902,10.5474267200752,469.790792981611,53.9947418330697,4.81488423013928,40.6777096911364,17.760255194217,10.3226500517534,437.703059064741,47.8999310851355,5.506197145251
823,40.9586343359251,16.7150071456741,11.1474703567737,494.788070947805,59.0488599306557,4.50183585880266,40.7703919703904,16.6559815764012,10.986468659239,484.877153631637,57.417764166385,4.68854901720611,41.2338042891995,16.8293367892734,11.073609269202,493.929769219299,58.6426207456807,4.47448601462746,41.1644066192425,17.0436927234283,10.6427461033554,470.919703621708,54.1499581527235,4.98799727964805,40.6719622569935,17.7884915289891,10.330400116235,436.457675688615,47.8155513465165,5.68983580329987
824,40.9369844551433,16.6417079861155,11.0961960429249,494.679764432553,59.1575595875958,4.53409969720659,40.7590914872168,16.5795377588602,10.9305841660342,485.219888612648,57.5430688042007,4.75102367070032,41.2169201652874,16.728814329767,11.0452199126412,496.22052873726,59.1459205819677,4.46051642133202,41.1986859080111,16.9729144017018,10.597596949295,472.937163005223,54.5991802871289,5.01886664035465,40.7117654989077,17.7461885851518,10.3060642278554,435.756753543815,47.669251743833,5.80642802366605
825,40.9408265908485,16.6079957815216,11.1164618594656,496.739673776295,59.3659359512432,4.39909153489081,40.7969284877971,16.5928540165395,10.9529025485897,487.305773447924,57.7124884304117,4.61937283337259,41.286674849859,16.786452939201,11.06691906663,497.573470905455,59.2244893097469,4.33608712876154,41.2376551876268,17.0183155381285,10.6315449443956,472.312271554602,54.363314731899,4.9699947475826,40.6795309757052,17.7613367050433,10.3121970457287,439.854715310704,48.3791012596985,5.6099139666616
826,40.9825772878916,16.6850306733506,11.1371778965914,495.817651466122,59.2793582167178,4.3671628970283,40.7600693624728,16.5994825716747,10.9819175107504,486.91020228634,57.8919615307749,4.52127971847995,41.2258829601519,16.7918078202477,11.1241792491979,496.03475376073,59.1098286361696,4.31407612767223,41.1943944428225,17.0388969808616,10.5998813854028,472.394954431841,54.5364211939906,4.87189092912359,40.7820745586115,17.7221062960996,10.3548175280816,440.269396354487,48.3320228319069,5.54354625845325
827,40.9801202575377,16.6885009309655,11.092910424621,493.267971493457,58.8976071343075,4.48913196543903,40.7910527650019,16.67910366243,10.906728375972,482.096955964011,57.0623238945632,4.70365422184564,41.2420466198273,16.7831086841547,11.0371966528409,495.318356679112,58.9993849395426,4.37445634916275,41.1594735003746,17.0206009480205,10.6417656355362,471.845179841047,54.3568563064377,4.95243529264774,40.6955491867256,17.7041449849411,10.2879981785402,438.746286174335,48.2853114467472,5.60147001377195
828,40.9120771927285,16.6409828270725,11.1219054616392,494.141840749042,59.0067145997772,4.51027201102201,40.7076340257386,16.5876198405257,10.967142819951,483.829264938388,57.2310657312377,4.80822707031149,41.2141936540942,16.7929441286103,11.0515550819742,495.275693954174,58.9566824837153,4.4969356083496,41.2007081077035,17.0469000991141,10.6233253607069,472.805989666103,54.567275091642,4.97665190012245,40.63663036636,17.7511395723164,10.3459231838756,437.814151440337,48.1106498361972,5.67408551420862
829,41.0010094726656,16.6644488163418,11.1339070283871,497.066696478998,59.3306137478034,4.46460730129834,40.7679222917581,16.5848389768822,10.9735593754666,486.516572713939,57.5809122928782,4.71583887010721,41.257075905629,16.824906259199,11.0555163219727,495.015004495866,58.750139103881,4.50959407567862,41.2760354657595,16.9734763296644,10.6338737462238,474.619676564688,54.675027071169,4.84891053855733,40.6710321789994,17.7495336311614,10.3887690683031,439.584099948593,48.2558684003001,5.69803575598328
830,40.9150591863667,16.6591266199466,11.1488877553996,493.576035067841,58.9011136225463,4.80432643283768,40.7392311062046,16.6151431858834,10.9696401943467,483.41132598854,57.248638417099,4.99444179949745,41.2171806981414,16.7609309260867,11.1013609908182,494.731964136047,58.8999596717115,4.74401837670271,41.1138402339223,16.9944984881535,10.6264896687686,469.419186585142,53.8635775443265,5.36598332086772,40.6719855050566,17.7543519104192,10.300875390979,437.583814650176,47.9411067197946,6.08938365578671
831,40.9525339122906,16.6733794538856,11.1157996808945,493.736379635417,58.8475265898569,4.61749438288751,40.7369447263017,16.7068652345805,10.9251336565027,481.458231189182,56.805974988268,4.89939559501667,41.1866680119323,16.7573717977003,11.0491549393657,493.494562063584,58.5753112859227,4.63678054669536,41.1009189175624,17.0079812757331,10.6224505851477,469.102014880055,53.9477714824065,5.10503284205044,40.6921720852239,17.7616963909811,10.3250433522217,437.278491756258,47.7159770969935,5.90378344800843
832,41.0148336143124,16.687980965114,11.118760017363,495.074222008029,59.2368460067722,4.52542749296441,40.7356415563654,16.6187576307328,10.9337384224761,482.743177486293,57.2336206211008,4.7873731418049,41.3266170282033,16.7549109015778,11.0708498545547,497.163397236902,59.2797065914369,4.43874753527979,41.2204805469749,16.982457799938,10.6437283743914,473.585014073325,54.7028758963919,5.02586660086357,40.7796461637502,17.7594089837893,10.3500415579057,440.330010534908,48.4572148779131,5.7382755438026
833,40.9387069301439,16.6829976623018,11.1464406350382,494.905222789023,59.1177843134568,4.47572779978052,40.6743043865097,16.6356354052906,10.9295074115077,482.809791601581,57.2102519595404,4.70614674899291,41.1944379826541,16.8101353275682,11.069287980109,493.996209174145,58.6048072710394,4.49383775356588,41.1459377936001,17.0750577494463,10.580456929224,470.110652190285,54.0769911671132,5.01258415408975,40.6475796140357,17.7156641223642,10.3269881302674,438.05066757612,48.113517512851,5.7214852180428
834,40.9849464450916,16.6647752312048,11.155203649327,496.607505804178,59.4514910627731,4.62698280262784,40.7106357587135,16.650641549556,10.9474510883386,483.438012136289,57.2904828586017,4.87886101903477,41.1864088593404,16.8225624473359,11.0487452286338,493.185456474303,58.6716380663727,4.6531089133469,41.2355509962955,17.0534602360474,10.6114292051278,471.607090991234,54.3829208887268,5.16413245290328,40.6942100019421,17.7304197984977,10.2991364415505,438.432411961488,47.9770961148771,5.89234817024815
835,41.0277233891897,16.6912420759315,11.1545279372561,494.739960183105,59.0697605028127,4.39754037841256,40.7736681774462,16.5965090132666,10.9522819261723,483.6070068809,57.3177380460455,4.57254480458646,41.2332143315953,16.8051071395443,11.0605393716719,493.786729557988,58.7410543553034,4.38423731026647,41.2299589907084,16.9980615434354,10.6650198328088,472.169463627601,54.3459326233083,4.86742562536241,40.6659127758132,17.7316776057428,10.3257700900946,438.792345735084,48.2095762714465,5.57373785697406
836,40.909752281904,16.7159300185225,11.0903150966487,492.309018410922,58.7065324676369,4.44887031295823,40.7580478598984,16.6325202139453,10.9345513894538,484.474800369566,57.480996058151,4.54777785176663,41.2431881806484,16.7512508493568,11.0551713940907,498.007836285398,59.3364186315473,4.29756218430372,41.1946516471634,17.0562449869287,10.6493934533391,474.095911660246,54.7630381407303,4.82579867074133,40.70981217023,17.7132569862242,10.3337794024732,440.00701244606,48.3694981757766,5.56001992921618
837,40.8599937494107,16.7106827986019,11.1001773459595,490.105323386803,58.3680770765824,4.83944611351782,40.7567280907547,16.6172533004991,10.9506757949605,483.970791936267,57.3101616876497,4.86973558771381,41.2121309697999,16.7686054949879,11.0827343130162,492.975006080586,58.5389093674133,4.71779499631621,41.1578374791747,17.0360390852316,10.5873709359483,469.029866311683,53.9347942158106,5.11652127723539,40.6362606610168,17.7848085559001,10.3373208352636,436.195334695734,47.7099402427382,5.95659400719273
838,41.0464504198543,16.6590850481666,11.1412145046124,496.506786632025,59.2858796298083,4.4302539350047,40.7969036086021,16.5811280937846,10.954130504889,486.313995373678,57.5289230231402,4.66231514669925,41.2078486103565,16.761684582731,11.0898299975807,496.21989793555,59.0536388064463,4.42523223355096,41.2537976230567,16.9677608026896,10.6379521134748,473.695927662699,54.6395655102817,4.78427948976572,40.7296670114576,17.7482974459802,10.344972534669,440.84044212467,48.3978610516891,5.61495559952321
839,40.9410273206391,16.7150355997124,11.0590649809713,490.399293811426,58.478790069189,4.62683656255166,40.7952864063417,16.6501654529956,10.91146789118,482.828962987083,57.1540147339716,4.70511300027079,41.1937748928061,16.8040654034427,11.0176647841883,490.897245470899,58.2914604165905,4.63432720089446,41.1803515524186,17.0824350519411,10.6160558274891,469.994084600386,54.0596004929225,5.07715493062501,40.6377428843491,17.7671489791458,10.2239446019165,435.541568738299,47.7080469091535,5.78590898466732
840,40.9024118164883,16.71562927928,11.1125698319612,493.113139560267,58.7680650323312,4.52390796797996,40.760903017154,16.6054951461648,10.9190247893459,482.429558449503,57.0238571719076,4.78865945190737,41.2036874263323,16.8256548575333,11.0912538225197,494.868538662237,58.8535444960061,4.50025675931471,41.1263339854521,17.0674986429586,10.6470324880526,471.832448801136,54.3776746580284,4.98019324186043,40.6469076659437,17.76883799903,10.3080580578442,437.664190452619,48.0386132700849,5.73591825408007
841,40.935573917323,16.6608499536995,11.1794082211292,494.853501536914,58.933623615525,4.61073660455722,40.7612876374057,16.6458110206799,11.0015958244137,485.9645171676,57.4882461750515,4.75544969821905,41.1854599424441,16.8130399172775,11.0970665547484,494.094460432195,58.5273062588615,4.64667105997905,41.1498396636435,16.9942250252149,10.6772082092245,473.08382085569,54.4865220564879,5.04907611177576,40.6459196495734,17.7616627064555,10.3833403051519,436.904336834655,47.6758378049918,5.9223054626317
842,40.9592223161843,16.6251804370197,11.1304465883053,493.550054473255,58.9518348139645,4.81717688878916,40.7649005591579,16.6187119482015,10.974079519262,484.583384207663,57.4143516001111,4.98555898159262,41.287512517496,16.7619178310178,11.0762138090339,496.519404019241,59.1259579883209,4.74521735069143,41.2370623672423,16.9731267761731,10.5773077450365,472.986163915937,54.5901528690806,5.22763470975282,40.7045905492993,17.669190569405,10.3745119574279,440.144393661343,48.1935475541624,6.00432758038934
843,40.9091574299903,16.6382924640708,11.1456839145085,494.41265461964,59.0936343184644,4.52750768965157,40.7230984791142,16.6026704568367,10.9422662130681,483.899879077457,57.3962293471517,4.67165021927704,41.1993518583544,16.7507561524759,11.0630476965321,494.33740221053,58.8295718947372,4.4834050926289,41.2453597393412,17.0135027701912,10.6107141036014,472.788258201636,54.5954589589514,4.89856176273684,40.6718882539793,17.7111336761773,10.341802387123,438.858766157187,48.2691652294548,5.65674732473746
844,41.0052660931568,16.6149633503994,11.1522005891289,496.346535717525,59.2556725932571,4.6174544634628,40.7929626839225,16.5354345726636,10.9443709369222,486.614381613866,57.6865181103726,4.77385172376315,41.2355925858339,16.8237476630344,11.0578761632376,493.75425740838,58.6373286571883,4.63052487588714,41.241579840191,17.0107962636737,10.5923100794051,472.727831083728,54.4273597885901,5.07221022606323,40.764121296306,17.7552247753164,10.310143282015,440.525000888646,48.36443500858,5.77398608599519
845,40.9320329697368,16.6962367689006,11.0176368397121,492.387023331879,58.8599430449524,4.57985146262144,40.7185934766932,16.6527640903621,10.8640964538868,482.433790515379,57.1870572097712,4.82170421593806,41.1929474287899,16.8146189403544,10.9941787280578,493.252938342569,58.7601511960805,4.5340364733044,41.1067524318999,17.0709239778924,10.541902014108,467.356473164745,53.6343770065953,5.22554227238613,40.7062868475669,17.7292535983246,10.2952385562782,437.786898920646,48.046187675887,5.89917270936604
846,40.9346525272297,16.649177792863,11.1186530058435,495.611973383158,59.1277368532014,4.66945276484819,40.7706751043185,16.6428468775649,10.9208630309405,483.990126996405,57.1155991256514,4.8969479362207,41.2325626935501,16.7329437950081,11.0353345656474,493.04991424097,58.3543059083895,4.76081512833147,41.1384392855972,17.0621963248643,10.6127951884884,470.495711311676,54.0101333016472,5.20229224616323,40.7005409315924,17.7401502438966,10.3149206417705,437.647929269693,47.9614781687072,5.86610324800891
847,40.9786738396161,16.6899164122417,11.0971780253471,494.122848671721,58.8038516133316,4.61838438602136,40.7851873505833,16.638500977034,10.9239134411928,484.491800638769,57.2702577281932,4.78160015574535,41.2980315001661,16.8111712481884,11.0420461077318,496.538813023598,58.9156149383396,4.58199622096108,41.2064084629064,17.00331242228,10.5881760615,471.259785461565,54.1703795047248,5.11149683102263,40.7218245798912,17.7286065347339,10.3237800776126,438.510752522838,47.8854757461528,5.85368297094644
848,41.0189262363878,16.6995503588689,11.1337189725639,495.64600934053,59.4286883763937,4.4269540352343,40.7442737620483,16.6247674538081,10.9279602545239,482.185687244592,57.2114268547771,4.74748185346769,41.2105917289807,16.8086102323057,11.0579867059377,494.535088929357,59.0351015277952,4.44942339340598,41.2013498435097,17.0036058138467,10.6676666815238,472.232850794093,54.5622542438976,4.98253578523946,40.7470875315984,17.7531750886848,10.3307955391447,438.710534896781,48.2283825283068,5.68159982335097
849,40.9004186265124,16.6585376529257,11.1368618350957,494.431811326249,59.2187727934117,4.53045047030885,40.699932367234,16.6324925909417,10.9360256617349,484.231706877388,57.4575220166212,4.72190482861771,41.1686116539791,16.7917330541925,11.0419265418051,493.610213184345,58.6522803304963,4.60062528578575,41.1371671418938,16.9946444402968,10.6174747456234,471.213388193534,54.3820736013491,5.07514445491491,40.6743848479804,17.6940947606043,10.3637171817051,439.232327665596,48.3178861078105,5.7749506430926
850,40.9009347954275,16.7311297513984,11.1040475078361,491.16212579644,58.3666457788709,4.74968035046929,40.8213453377907,16.620806321023,10.9478398893329,483.857162230434,57.2147384542402,4.85285860327525,41.1872889597695,16.8128558398239,11.0443082106495,493.025051018186,58.4409034590924,4.65955377461762,41.1650743417382,17.0501858240853,10.6249008757665,470.363909952711,54.0541142463475,5.1549214365038,40.7248216739404,17.7781266998802,10.3435566958641,437.754262270932,47.9277250871133,5.8484198329065
851,40.9862073695304,16.73330193986,11.116108949653,492.280102310762,58.7664589891987,4.52816969178843,40.7351733950534,16.6830317377591,10.9207828251305,480.859158450645,56.810233358395,4.79368598984516,41.2353204898415,16.8603387621007,11.0289922728591,492.603434125697,58.4959643158935,4.56584426880777,41.1515815016653,17.0635743466912,10.6105899022888,470.269347495384,54.185539681456,4.97194249787856,40.790927943601,17.733726103849,10.3680317313628,437.000919443223,47.8125651726357,5.77435817389612
852,40.9747239366616,16.5980597553496,11.1100254249074,494.843102316265,59.2132837591987,4.62482429164504,40.7372359769864,16.570059684601,10.919307455319,484.569165517108,57.5249107876757,4.82294701462688,41.2229891647989,16.7575241168189,11.0808836261076,495.971538686628,59.0902693819282,4.58351140948707,41.214515260033,16.9764142482493,10.6344287147139,472.285365409166,54.5484283242473,5.12347134313009,40.8066406528549,17.6990688218599,10.3273302387935,440.790944478242,48.4561680442003,5.85675040076164
853,40.982369707373,16.6659120996334,11.148245676265,495.888865559234,59.230085457265,4.57951102345145,40.8158456975925,16.6684202647386,10.9200194941521,482.840561712836,56.9738410583757,4.8592025911789,41.2516512433155,16.800045100311,11.0324739396705,494.97767596263,58.7798863354711,4.59045357115293,41.1619118599248,17.026107190943,10.6248167167587,472.47252194558,54.3465730716094,5.13917393817434,40.6472056716141,17.7912588080987,10.3308304055393,436.069923573,47.6374301228814,5.91514814856448
854,41.0085177729645,16.6776720295352,11.1080825542507,495.516344725798,59.2375807879935,4.47145159227873,40.7599119153336,16.5974280681704,10.9495252863606,484.87876068376,57.4293609296431,4.70488448703817,41.2433284447042,16.7702928425594,11.0505197431072,494.460215473802,58.8047927892657,4.45354493876668,41.2077747703535,17.0046169812424,10.5694908777154,471.064566079174,54.2172480855931,4.95173766037659,40.6608284493997,17.7190108548194,10.2871968089943,438.578093586994,48.1383984725081,5.65662332863378
855,41.027018832818,16.6348197486961,11.1060677188743,495.613030122209,59.14982178449,4.50863037511067,40.8470185678632,16.6104746631654,10.9826961986891,486.945814310998,57.6974111908749,4.7145280689213,41.3602674664851,16.7270848932966,11.0856298224095,497.028682145082,59.1276815376774,4.44020015381424,41.2309083411703,17.0203261333346,10.6286000124904,472.770445799274,54.3409927095854,5.06727339235931,40.7543685509147,17.7145549074011,10.3718304676775,439.737328192108,48.3301193732082,5.75266914150066
856,40.9696838879936,16.6241593529109,11.1557193833117,497.661527896501,59.4152173413499,4.44455307813194,40.8084224480588,16.5972275232502,10.9729061024365,486.878271693358,57.5397494792224,4.73242191143206,41.2400166191651,16.7729934881903,11.0848153442733,496.270529088849,58.8693533932058,4.46082187525972,41.2139843168244,16.9653094115724,10.6468082464444,474.673413307889,54.5873028577828,4.9668671604434,40.777702545328,17.6966087599672,10.3376375106414,441.706613006124,48.4822669896989,5.67270817775389
857,40.9690309107234,16.6443529452663,11.1622457400759,496.420856406132,59.5750757247118,4.45988067506194,40.8307940367571,16.5812875733877,10.9523244711889,486.066945939077,57.8206223569673,4.65096419138599,41.2952565443631,16.7708276397432,11.0739568879131,496.82369222021,59.3112710704105,4.41529375806519,41.1943698855399,16.9976576496007,10.5862262597358,471.498248085255,54.4536574082584,5.00418307946091,40.7022771110732,17.7362102719432,10.3552044937017,439.785555706563,48.4995917514815,5.69795119743043
858,40.9522434426414,16.6399149598637,11.1547039705383,496.34665486134,59.1938255196026,4.59474409181143,40.7145119688746,16.6257824163229,10.9381965489415,483.319488195868,57.0779548832076,4.79696180340861,41.2075928364425,16.7240756856969,11.1136034047014,497.142889192241,59.0969903325004,4.50983170737471,41.127357189465,17.0594052351485,10.6251681260118,469.790260601441,53.8452243529762,5.09747773779484,40.6655453064755,17.7119672832298,10.34309532965,439.140458293457,48.0831241093264,5.82697331320756
859,40.8990110932081,16.7179870751354,11.0939628127674,492.682341040107,58.6784505223488,4.67442753360541,40.7260552233507,16.6489990343937,10.8867321962993,481.838870144723,56.8932911869658,4.84618090684588,41.1988730156808,16.8206301028927,11.0104908185496,493.310847045112,58.4902819125844,4.64009499447274,41.1190178456556,17.0824061063337,10.5847842622544,468.405689652386,53.709936435458,5.20001185030112,40.7095644759191,17.7514790321035,10.2744527374078,436.926407399905,47.7632528774056,5.84395494472432
860,40.9304454230196,16.645126268826,11.1031544042581,495.192651992448,59.0748571889427,4.52634190877586,40.7966399573821,16.594637671365,10.9272976869213,484.612888976934,57.278253722868,4.74570999868402,41.2379744399835,16.751634478384,11.0537736760541,496.096610044005,58.9331795019552,4.48786492449393,41.2211756941532,16.953601363108,10.6173691524014,474.934336482864,54.6511452275305,4.98096624801295,40.7276497131236,17.713700063184,10.3230961582473,439.695615277403,48.1712565748796,5.73203642009045
861,40.9411616675981,16.6073035626542,11.0844693606907,495.663325126727,59.2794698378689,4.4511482286529,40.7567551969343,16.671764550774,10.8376946067053,481.869649990088,56.9605384436522,4.69838494569541,41.215479288274,16.725541611791,11.0458319253993,495.288607822476,58.9207607748226,4.4328629518725,41.1711380606204,17.0411901078395,10.5718102378714,469.939366510437,54.0483989398701,4.98054174943541,40.6617895725379,17.7755273963124,10.289382680837,437.836847356714,48.1459419859241,5.66120470536605
862,40.9583743023178,16.694824537366,11.1508013529325,493.043291364422,59.064271141652,4.40408079751697,40.7400168165933,16.6826448555417,10.9695782676642,482.700591108479,57.3216855494261,4.63070258618284,41.1888218198249,16.8242964519191,11.0558060263841,492.299992823742,58.6698902984905,4.45952797724185,41.1433008576018,17.0476892508309,10.6668376585611,471.034735631125,54.5044785183153,4.8599556022319,40.6712168845337,17.7955563747914,10.3527435475875,438.981186715659,48.1587484516818,5.59355088271252
863,41.0012848307047,16.7165704075721,11.0876188455282,494.773478800163,59.1891935615006,4.62177121907019,40.7631795124165,16.6154431077833,10.9201127937408,484.042915883248,57.4394397398313,4.89208968027408,41.253589123322,16.8270917228706,11.0299623435051,492.886096685801,58.5937754608343,4.69747083826252,41.1987441481084,17.0540551223307,10.5473871159759,469.379223043253,54.1071298617998,5.24733674554682,40.830648587426,17.7476477157616,10.3057359539637,439.966118871107,48.3618913895803,5.91044588802352
864,40.8978066669617,16.7230272070828,11.1049168347524,491.526573591382,58.4748058403991,4.51367762429407,40.776340347439,16.6233063001095,10.9263608610905,484.304252520086,57.325803566121,4.59575523458533,41.2507922187681,16.7909116790981,11.0508407218645,494.199062082762,58.5857792955179,4.42639323359375,41.172432628965,16.9882633063345,10.5886546396742,469.82421414294,53.9486954385812,4.97918859892466,40.7033952540454,17.6978595401468,10.3680657702624,439.590586626431,48.2901697326826,5.59353528855983
865,40.9128462930206,16.6819941077379,11.0815107188592,491.251456957431,58.4071792162423,4.92398784287893,40.7446604284543,16.6389291144837,10.9246496736118,483.344761804116,56.985216576489,5.08085214691312,41.2147725302399,16.8270493378355,11.0500401871698,492.410473093144,58.2873119490462,4.86920582726608,41.1458613862797,17.0093550681727,10.6105279476905,472.31336436768,54.1760321668804,5.44106023272941,40.7540884061747,17.7660194742713,10.345306900367,439.62157006224,47.9878860652292,6.20099847158781
866,41.0224678170707,16.6226949472922,11.1515355912674,497.871034232873,59.3928053623346,4.54628013529885,40.8250251569564,16.6340534875018,10.9388643811877,484.701688334125,57.242813019331,4.82141482223952,41.2186553562674,16.8170205229227,11.0726939648762,494.731863383793,58.7138941831686,4.55286671506259,41.2233068457905,17.0029178791306,10.5635695015487,470.844296763844,54.04470461242,5.17684832886775,40.7153746917507,17.7223851593085,10.3288822424934,438.175998806992,47.9391697593025,5.82969537381511
867,41.0436575561176,16.6357758193257,11.0700823335405,495.921571264481,59.1552735028062,4.47755232996097,40.7137793035402,16.6276683853719,10.8962001188735,483.570173972238,57.1258402728842,4.77906635621896,41.302541519642,16.7616352503994,11.0013228972311,496.245972534049,58.9839987555484,4.39912983435974,41.2464625226458,17.0125208431052,10.5469733067512,470.780051074146,53.9416089110821,5.06647172922186,40.6286796309884,17.8028860423859,10.3137482350794,435.346999232374,47.304639724263,5.7758829238748
868,40.9264640296983,16.6624170191147,11.1101649199043,492.620004610542,58.819367303889,4.76462732124675,40.6728599480489,16.6981133206835,10.9206594212894,481.297808570403,56.9260211603655,4.96722840481992,41.1776802346318,16.7862039737788,11.0512699765786,493.671076916761,58.7942243339564,4.68863689920895,41.1652185429589,17.0184433409607,10.6245622038407,470.08760309618,54.0637080344046,5.31473203982346,40.6183784345946,17.7364086900623,10.2987625086839,437.324388709184,48.0187553171196,5.97971998371844
869,41.0082946700611,16.6630108296995,11.1639030424739,498.25599365189,59.3088405397373,4.60847572984665,40.8444704523817,16.5754074910355,10.9852153993756,488.525787456277,57.7810079926173,4.74437488347615,41.2853461643034,16.7447114284986,11.0889544229836,497.44811592371,58.9241642686609,4.62766299681177,41.2206865890501,16.9985262713671,10.6428479496638,473.101366280988,54.1736062462375,5.19229910257927,40.7458879417795,17.6977024445237,10.3599276752432,441.209094270532,48.4268372303064,5.80300121338202
870,40.8981842648967,16.7290900878065,11.109478468735,490.360691955598,58.4800593820972,4.53603058867527,40.7052051807131,16.6875446364452,10.9297426810939,480.867403350102,56.8934745256472,4.7385793781678,41.2675308712542,16.788539145989,11.0934919262558,495.643333676826,59.0630388724724,4.39364059093612,41.177635589571,17.0500773738703,10.6375083945515,470.773335321719,54.3258853456764,4.90817405920939,40.7498352880191,17.6923038959878,10.3646958402786,440.016237757922,48.4076775222069,5.56046774524684
871,40.9440849228586,16.7114970110337,11.112719426487,492.365400826016,58.8304822934272,4.37986586005469,40.8046379549955,16.6533236869077,10.9326920934788,482.719501489144,57.2159036200099,4.52347916476189,41.2590207415357,16.7702232763243,11.0858787537047,496.600864144052,59.2552388468158,4.29513778682867,41.1532676036207,17.0885609949526,10.6055775858195,471.208870154913,54.2230697324626,4.89301923789669,40.6756093760203,17.7759982526352,10.3617132840299,437.34266093385,47.978694529604,5.49732208659955
872,40.9253934715348,16.690547452345,11.0358599794449,491.294571106992,58.4416998423393,4.45647681273446,40.762403728694,16.6294050308128,10.8797367629301,483.537590749279,57.1571563338977,4.56721884874133,41.2489658539576,16.7809411181543,11.0380009489518,495.274321852878,58.8907968688362,4.31783956066634,41.1426776841311,17.0509197382354,10.6160117410266,472.381708423986,54.4259625437273,4.86482608864802,40.8073657277693,17.7484572774158,10.288357783158,439.937622448422,48.2175552121273,5.50194911809253
873,41.015334026621,16.7013317346634,11.1370153765725,494.203352586322,58.9882317993242,4.53978882795715,40.8122100094629,16.6486447940067,10.9888452243146,485.615107430076,57.5986341343241,4.68438568323271,41.2239521344694,16.7748917342288,11.0861979547685,494.071934436038,58.7596510894849,4.53863208390636,41.1799805212889,17.0020088365645,10.6683429369486,472.749912158391,54.4041122325511,4.98692480935488,40.7097701375301,17.6968545752933,10.359633296361,439.20244638905,48.1750242666842,5.75001494501127
874,40.9759913984039,16.618267095794,11.1963336773039,498.446908277492,59.5842632421722,4.67034466347018,40.7989573285753,16.5834411397474,10.9837406930999,486.80391611087,57.6742259980027,4.84985020766765,41.3102879964855,16.7658806810044,11.0902804198948,496.955812384428,59.1823730633967,4.61638095539971,41.216879971973,17.0310846066957,10.6707591113128,472.692664595818,54.3726512512931,5.19715635366157,40.803173299335,17.7373705069733,10.3753124869688,441.74752542798,48.5414783945139,5.87103912830372
875,40.9520933204805,16.7226340554615,11.1129806280401,493.122653255141,58.826740901671,4.61566927424091,40.7612578030965,16.6852700757105,10.9365273009091,483.736098937082,57.2831870551057,4.79647254953729,41.2155519500336,16.8650983164614,11.0693961191777,493.945354666661,58.6662770346166,4.61322391486498,41.1844605383211,17.0750320265367,10.6041737358762,470.351492631404,54.1074280952221,5.15229787974214,40.6780154220334,17.6734326332108,10.3564753986023,439.704572283917,48.3390381970666,5.74851771282319
876,40.8535430327917,16.7443741822319,11.0973862368437,490.60817848278,58.3942423040686,4.63974691819775,40.6831407237806,16.6336135279119,10.9357345246835,481.866357369623,56.9956310885074,4.76615573967974,41.1463301520156,16.8031674638364,11.0433883825944,492.997139848685,58.6123123937419,4.51399538252554,41.1936369828163,17.0332904709491,10.5864774592667,469.728890724526,53.9371201339374,5.03682405240167,40.6965736163512,17.7095660968281,10.2954410094109,437.991382838375,48.0961694460363,5.66638206187546
877,40.9145443436683,16.7692922024117,11.0798895091088,490.343175891355,58.434800331127,4.58207669273791,40.7521766594393,16.6873487214978,10.9311643478628,481.115807279835,56.9444657342098,4.74601921669768,41.2126571089571,16.8751671771273,11.0338437626765,491.303919175503,58.3111271956955,4.51811280437569,41.1785401676334,17.0769210131631,10.6008516755437,470.014467589855,54.1029488148801,5.01193609419109,40.6982855456849,17.7933736217535,10.3104168629011,436.3236022412,47.7332899965798,5.72122410066658
878,41.0161287172003,16.6998998023719,11.1124749089504,496.74734855285,59.3041405454099,4.49622171290812,40.7790684341579,16.6192900495586,10.9305586299504,483.991204939636,57.1974588810408,4.78073604216236,41.2805566609246,16.8029054507585,11.0371557052324,496.126897176912,58.9733967270201,4.49269545457125,41.1634385826277,17.0217938616627,10.5638296649485,470.966866340434,54.0570991806147,5.07620230779742,40.6729200831824,17.7590518204092,10.3316125840246,437.225772041671,47.7737512470116,5.82529851415723
879,40.9935220696031,16.659039751522,11.1404709201287,496.707929003379,59.5608064540913,4.23990046940745,40.7409149545467,16.6721900737606,10.9410578457823,482.615879498915,57.096219757297,4.65390465163958,41.25169819063,16.8004016880995,11.0818141535622,496.024351074186,59.0808694169467,4.31193349768397,41.1512273899287,17.0538544112785,10.6414130471481,469.55064036028,54.148176554818,4.86127313839126,40.7282934035191,17.7332174536908,10.3647158898892,439.195086739728,48.1753397504873,5.50513360650842
880,40.9732086441058,16.6020288483955,11.1167599187838,495.40851083103,59.1735475625792,4.72891793586763,40.7506597746387,16.5749623611645,10.9397723123478,484.612022507438,57.4213165092237,4.94097897230556,41.230053290201,16.7564922706804,11.0622025644856,493.680602816765,58.6595730773055,4.74450931989734,41.1593103747742,16.9610856402078,10.6146206563481,472.266244092942,54.4243790551188,5.31021977041321,40.6419667536799,17.7682086877528,10.3148111624836,437.786447175459,48.2013265307742,5.98908910069081
881,40.9130101643099,16.6681981956202,11.1203206976101,491.740513070258,58.6271577289516,4.7493892349775,40.75854342924,16.6028281458745,10.9764772204165,484.755551790631,57.4069123045165,4.86352336274534,41.2231980155109,16.7416066725333,11.0753099569169,496.602947282596,59.0863579844149,4.67452489573058,41.2015534591707,16.9768380084596,10.6352814260877,472.687804145475,54.6630648555798,5.11534777392864,40.7081604722246,17.7553800759946,10.3304809408762,438.310649560272,48.0017467302971,5.98539248582195
882,41.0025516086704,16.6128078294399,11.1316844821374,497.177083464256,59.4231915416241,4.48646048901385,40.7513540584503,16.6043823053671,10.9415855284636,482.809380306264,57.0824869825475,4.77964507454887,41.2767597431984,16.7804892115309,11.0902219231515,496.876148857819,59.158614381538,4.49371051113866,41.2628255373702,16.9819703249144,10.6671172026308,474.987381896155,54.7941266121505,4.93505025747147,40.6412952044394,17.7158268403405,10.3735648574921,439.731640597694,48.3174981336123,5.6650549921129
883,40.9264469956683,16.5777911457827,11.1721984858352,495.280255359809,59.3378128420437,4.50399756422341,40.7635809922882,16.6061309981178,10.9654878999674,484.179628058095,57.559199174098,4.65233551199817,41.245696145105,16.7004983243012,11.0965742794688,495.828247330854,59.1880499216487,4.40537236926162,41.268635540714,16.9455728956565,10.6739163985898,475.63063022021,55.2837325047727,4.85025426041673,40.7782116386224,17.6310542711376,10.3488333667957,442.018712470893,48.958103736907,5.55489404478704
884,41.0070582563393,16.6652371427375,11.1330337370922,495.081136652598,59.2119886821683,4.42305754092818,40.7324956299609,16.6692429082797,10.9167716894399,482.488807218697,57.1022803744283,4.68403910049023,41.2416073406025,16.7771849455062,11.0802702095771,495.017602601695,58.9438575848998,4.42706569508067,41.2209929547418,17.0164888711623,10.636336220676,470.85070182087,54.2588377175231,4.91005924763837,40.6597697195478,17.7403802240939,10.3165490280327,438.871392001129,48.2808670187632,5.60004338153501
885,40.9587820188662,16.692529707744,11.0964507682395,494.544113479204,59.4697476645046,4.71813313597614,40.7301548806963,16.6302163213003,10.9165600220201,483.835128319663,57.6857842550232,5.00730686733017,41.2716643323248,16.78734605086,11.0005154769785,493.874346572448,59.011127285733,4.71026552869272,41.1430548169854,17.0402248064974,10.5831803709229,471.282841424553,54.6715715515292,5.19239216175354,40.7114209576845,17.7071585894763,10.3605443912948,439.878741497188,48.7246850654493,5.92618203079954
886,40.9533586431356,16.6791145089476,11.1532720442135,495.841941526565,59.3548882213065,4.49955327666268,40.6936090378213,16.675706923775,10.9520623267686,482.687456086896,57.1351657388857,4.81595355484875,41.2264169923152,16.7675805724829,11.0793314470851,497.453825603731,59.3340305573107,4.5241341635774,41.2132693261924,17.03092605863,10.6210783794131,472.864041027815,54.6340614383,5.0022193749822,40.7314709249091,17.778243952131,10.3887706048764,440.177005110693,48.5771683122644,5.67159987453694
887,40.9678610328928,16.6194414818934,11.1953995811327,497.097145055884,59.2768440850323,4.57060025226999,40.756890082603,16.6011037878511,11.0166547271523,486.472986000499,57.4969524465967,4.84973667991275,41.2507667319085,16.7335605588661,11.0912712303307,497.141212376425,59.0248255676114,4.57994249070632,41.2598084734007,17.0333299434366,10.6137506085119,472.454634496027,54.1678772779001,5.11572713474235,40.7297009148026,17.7300793087453,10.359340505865,440.520171228778,48.3119534534482,5.86971677135655
888,40.9859232944887,16.7116493111294,11.1482432140343,495.055509874147,59.0819412095275,4.57284458585633,40.7557532677936,16.5266718559478,10.9987090319198,488.36381407233,58.0266870848371,4.6952121130258,41.2621169219888,16.7399835383606,11.1375247198418,497.344684336046,59.1691614616141,4.52422251503295,41.2551768293054,16.9972792070317,10.6445179594451,473.416731769469,54.4378811702062,5.04502696962006,40.7552832175769,17.7035879825761,10.338496692798,439.827985946106,48.361476625971,5.7782926649782
889,40.9697077160955,16.6812821729398,11.1389219901231,493.270585736767,58.7633719276793,4.51281796278752,40.7753999687808,16.5582439779752,10.9391992695741,483.065001835616,57.1135703316063,4.66563633461497,41.2604245536528,16.8326759883466,11.0575436006478,494.064857738553,58.6112483885193,4.47284691056784,41.1034528078876,17.0433567115878,10.6303121069799,469.617715029652,53.8389139390288,5.02317079301797,40.6900013136142,17.6975205194184,10.3691453739195,440.453013438718,48.3460302100029,5.54553653673545
890,40.9735162683542,16.6677010877672,11.1230968050366,494.904002244363,59.1291338609462,4.44972409479573,40.768471813679,16.602036819619,10.9503339206652,484.126887891488,57.3341000317261,4.65136675534434,41.2605059511371,16.8021671531169,11.0783103921391,494.912816783712,58.8535452466584,4.43499985803072,41.2263170194311,17.0777543136278,10.591299509037,471.113002708674,54.1327532045969,5.03598082853868,40.7519931307434,17.7469114580774,10.3252301438009,437.229389798881,47.8553677056337,5.7421294991893
891,40.9334710165563,16.6468989484377,11.1078802184145,494.792747488169,58.9815031387015,4.44159692022723,40.7245616862766,16.637468709722,10.9362129534323,485.449645766821,57.3884101000842,4.61892657457339,41.2513858504808,16.7313050645419,11.0414571659879,497.091649253566,59.0924717224489,4.35533739290337,41.1512133289986,17.0048968378391,10.5927011419422,472.903686048687,54.4444924747372,4.8704943501261,40.6616227180547,17.7818630012525,10.3354385638039,438.151736937554,47.8776226178163,5.64417485345774
892,40.9141009165575,16.6401346780111,11.1492211044403,497.105452148945,59.3348419007519,4.41736044637871,40.7703526652566,16.6095580380736,10.9807854731237,486.981615032404,57.6025696782265,4.62630047954173,41.256724481226,16.7604950357274,11.0814735325937,498.24225528511,59.2095661370976,4.3877952747215,41.2171311485348,17.0235728619153,10.678097504649,474.14896429318,54.5584914340255,4.93709722602343,40.7261212568211,17.6833349816628,10.334830173769,440.950419270866,48.315053330764,5.65214328412846
893,40.9085865552075,16.671537484343,11.1500758076545,495.233532953337,59.1524075686472,4.67315604020322,40.6798703908224,16.6231096481813,10.9436057925429,483.607288903725,57.232587746406,4.90849904133125,41.1260075305248,16.7371998839583,11.0605417597543,495.426969244853,59.0204640056452,4.65828199747581,41.1567977014215,16.9803886346401,10.6168431284076,471.67814380941,54.2847671427514,5.1996423415594,40.602071020533,17.7094685350811,10.3404871066223,439.711560656065,48.2885311223297,5.91858836161773
894,41.0015461064215,16.7086504265699,11.0864402681546,494.051712945608,59.1171413464551,4.31059238608537,40.7707679825076,16.6447341225131,10.9160271745739,482.50647104596,57.2643916158886,4.53416073012227,41.3416316186864,16.8070895430219,11.0439844815946,496.766237829422,59.2553604577823,4.30056241572132,41.2563664649442,17.0545629914053,10.6121100957217,473.531838532049,54.6773580482772,4.80093794701447,40.7072564496574,17.7418280918472,10.3666635942152,440.2461977105,48.4686177847138,5.48481556836048
895,40.9106109867873,16.7735776516456,11.0942505872788,492.19862808229,58.7786422390167,4.53957265165142,40.7347889664702,16.6925124537601,10.9602122869181,484.525810915373,57.4351701506984,4.75410472035641,41.2260619932297,16.7823498238147,11.0644599747733,495.425183727936,59.0231321474463,4.43459008390376,41.148273035295,17.0359058535988,10.6670563185834,471.996162662746,54.377038948327,4.98040873057402,40.7428339382105,17.7327537498652,10.3702528928912,441.207876217023,48.510791026676,5.69034606618791
896,41.0006946442373,16.6780916799668,11.134317739026,495.068726432206,59.0205733618331,4.58217856798842,40.7900723059148,16.6462394228513,10.937191286375,482.464723131654,56.9471171654835,4.84533889877576,41.2076750568327,16.813191179118,11.0657160372556,493.822939549416,58.6200114086543,4.59342259492466,41.2137026571064,17.0162012995852,10.6305405825233,471.232669707676,54.2249063500109,5.07412129089958,40.6469011227214,17.7767151621564,10.3990944072302,439.172911297536,48.2107405689313,5.80234993018382
897,40.9392464392801,16.7041818509834,11.1409987133975,493.712397539686,59.0919561703551,4.58902093366044,40.7358811366633,16.6805520097598,10.9337028371743,481.3588817509,56.9882470237939,4.8847553202068,41.1916628604822,16.8073783350584,11.0065166636447,491.182399869503,58.3711527496806,4.6240008159345,41.1556685125774,17.0869588412358,10.5768134478836,470.777375712696,54.152526171858,5.0757162989887,40.7106991366713,17.7353806574323,10.2556846562304,437.88863704213,48.0235300426712,5.81879842550007
898,40.9597658926048,16.6485906073071,11.1568334135848,494.608838649546,59.1231689859703,4.52602586993213,40.7925095536859,16.5680909980435,10.9915464065907,487.011405220783,57.8329746793805,4.64390074940225,41.2057102295845,16.799065217638,11.0814895481818,492.774678367526,58.5274174903985,4.58368167713871,41.1692955026048,17.0291966616823,10.609890154366,470.705676590354,54.1483409273582,5.02564844725419,40.6760200754667,17.7726686028878,10.3550541861875,438.133754175729,47.9562398680193,5.74910717209985
899,40.9766007520423,16.7232731839421,11.0896732482488,493.237707232939,59.0478110766616,4.36516916535726,40.7672980153353,16.682320306145,10.9252453367814,483.496895559863,57.3592841424259,4.60074077611485,41.2396530171211,16.8108704233289,10.9912459650271,492.29755504875,58.6131218033635,4.40115355149452,41.195843694873,17.0232902817039,10.6135804636109,471.828336644848,54.5249830388711,4.818075254039,40.643924275364,17.7505405155158,10.3264866418778,436.520257590696,47.8297171871486,5.65582268987144
900,40.9521648602719,16.7264959992626,11.1062029782013,492.320668368909,58.7012635293494,4.57247956341959,40.7673974830171,16.6113391786149,10.9607274764001,484.497039144676,57.4606196479886,4.67666569344836,41.1716795168032,16.8087429274951,11.0592618275995,493.381390781276,58.7036987077275,4.48641448922636,41.1806319549034,17.0441912510213,10.5665872206919,470.090230456501,54.1260421052271,5.0593871650058,40.6787879564199,17.7048275128033,10.2876977939426,438.891914142193,48.0713361191272,5.7907926382977
901,41.0552038230474,16.65931309589,11.1034490808152,494.615396912294,59.0553785061002,4.62764241229749,40.7305474059177,16.6928290044772,10.9048941087403,482.116960816727,57.0243145920487,4.90876052993834,41.258175992486,16.8210021739311,11.0153152827966,492.631711695872,58.4352356290028,4.71491336670055,41.2044063258213,17.01461190499,10.6037247921824,471.975465878108,54.3926732550544,5.11871607489597,40.6885668790086,17.8003458953257,10.3423914608958,436.626329926997,47.6754222525936,5.929382297325
902,40.8796835304122,16.7668137697783,11.0710947142875,492.30697997915,58.8262823308912,4.70181621845546,40.7582807930596,16.6592041242665,10.8738063662931,483.541736180057,57.3976189814759,4.80587620522082,41.12740518314,16.836269310579,11.013438981293,493.279332713734,58.7959359691815,4.59875948602573,41.1414518948977,17.0442484062263,10.6076946027884,470.96330956185,54.3902334977873,5.14449693747308,40.6301072565724,17.7418265158144,10.3597075969069,440.125275110097,48.6669193328669,5.76692579027502
903,40.9245599451448,16.6835047421127,11.1674725501454,495.282174170695,59.0874504272242,4.30634482188934,40.7942518799113,16.6427171193396,10.9873339286646,486.910207011362,57.6482509436937,4.44163390342732,41.2903622426139,16.8631243807926,11.0744218632234,495.634863734749,58.7472634625329,4.33131050335723,41.1987564419635,17.0144230541449,10.5952698124562,472.779914196428,54.2162672768586,4.79774751880057,40.6634777287878,17.695264819522,10.3929867923725,439.774848376964,48.1256989714484,5.44811511460686
904,41.0325787874652,16.6227928530753,11.1412792543737,498.21128557397,59.2321519961385,4.66825725369352,40.7504517863394,16.5530328047279,10.982998554777,486.975818670473,57.4504108927684,4.88153634053649,41.2483942064025,16.7697913538339,11.0491491888395,495.730797899557,58.5755547759747,4.72649108987689,41.1438625059069,16.9650253154437,10.6229678025736,473.197687771702,54.2604986370776,5.18222806129349,40.6841742874533,17.7191276855885,10.3735217432715,441.058982650209,48.364730387691,5.77952612324535
905,40.9667618421715,16.6769453918818,11.1012631304597,496.475068192223,59.23767381765,4.61524628478871,40.7446903666932,16.6220432091097,10.8978410902546,484.553605422847,57.316493489171,4.81783416819997,41.3015111564742,16.7645299344784,11.0623943675354,497.545105782563,59.111126672477,4.5278320758053,41.2133651039672,16.9826715105115,10.592067440138,473.622630734412,54.3979594985012,5.07998157331687,40.7270013598112,17.7142704673581,10.3118911514366,441.291252865828,48.4328464463527,5.75367334513685
906,40.9985166048851,16.620208957508,11.1330903302794,496.248607367005,59.1706194032759,4.32580397423019,40.8233052599887,16.568528102108,10.958128851178,486.972981088673,57.5760922158817,4.49236194805748,41.3081935601372,16.6906486537775,11.0763663524115,498.72345886806,59.375146468516,4.2394366700734,41.247248946296,17.0530239772927,10.5880676448757,472.2625026249,54.3658255036761,4.81637859770222,40.7231890103346,17.7398209477268,10.3256978659205,441.556266587951,48.5180258978548,5.45457031879258
907,40.8886506635245,16.7520810947588,11.0919833601194,493.428429858523,58.5637709435628,4.71555855901042,40.6671799298305,16.69373869677,10.9079803612029,481.944268636913,56.7056461116158,4.91256841436746,41.1629824521573,16.8772474535759,11.0333494863704,491.581355378676,58.0188055356457,4.7175660926863,41.1291599750934,17.0259014498037,10.6300485615624,471.909998021913,53.9675952941339,5.22019778753446,40.6299477441687,17.7704845783934,10.3797459403645,438.067085098613,47.75787573078,5.92102543349875
908,40.9587560585313,16.6555593055394,11.0986192393782,493.876026552697,58.9369807644215,4.48835646572998,40.6729148675099,16.6625859703785,10.9126876762249,480.738413887039,56.8193636888321,4.76250967980788,41.2433379518333,16.7860753705033,11.0498623430453,493.950285549776,58.7429150920853,4.44349400248937,41.1592383162696,17.0120345625603,10.6000583614315,471.254308199459,54.2981756674823,4.95658728046359,40.6941088010059,17.7574537235223,10.3451028899465,439.817938475065,48.3453055750568,5.57420679445378
909,40.9527129889376,16.7040354247633,11.1514530348663,496.320600823574,59.1685399638355,4.4691465058684,40.7355180467906,16.6691503270965,10.9078939823419,482.402513924914,56.7347442682032,4.82116996328819,41.2074043672589,16.8654320176837,11.0062377384376,491.749778290092,58.1484219367534,4.53585466893694,41.1567101009356,17.1039643789969,10.5855227652106,470.253027309452,53.8737418515602,5.08682753439716,40.578066639049,17.7701213580004,10.3160597448127,437.548268274803,47.7314588986535,5.7209105029823
910,40.9184430908139,16.6542375371265,11.1428848404454,496.626631456267,59.475175032934,4.35246394577065,40.7377029862288,16.6060774989826,10.9236691976766,484.934879192975,57.4847119977358,4.56905576104862,41.1633318335073,16.7512105656991,11.0870937233912,496.730022236516,59.2715185284263,4.33127480938464,41.1706398910206,16.9980215860231,10.6893950629339,473.978363809092,54.7847920566662,4.80306626399103,40.6037850699037,17.6983362642773,10.3805302266517,440.824334291526,48.5967190517491,5.52406282881481
911,40.9955310811227,16.6581858431923,11.1276733141558,496.125011637505,59.0362048712479,4.36073515690459,40.827008854913,16.6223871633044,10.9688748986184,485.38594816707,57.3072905041937,4.56500207836006,41.2903243445331,16.80683987379,11.0714247309852,496.120860669093,58.81832628755,4.32664126139848,41.2054866553688,17.0047050783759,10.6176641816208,474.190955447606,54.4371814608714,4.82048247731427,40.5927005169956,17.6970691318544,10.2972103526319,437.075947846979,47.7766112886479,5.55407293624283
912,40.9783678602862,16.6658326695522,11.1257420182431,493.703362402617,58.9256408323183,4.49315634281078,40.779651746668,16.6080627051627,10.91970331882,483.772031938876,57.279451347306,4.66622584974782,41.2923663089456,16.7522090738817,11.0891674495954,495.013422022621,58.8722602751191,4.48734337002493,41.229930979386,17.0268520413963,10.6197198429941,472.368831602676,54.2554382443919,4.99397545931637,40.7278858665068,17.7319106546721,10.372740117748,440.121335349386,48.5226928006753,5.55993502138258
913,40.9591998113495,16.610324044974,11.1311310996529,495.238773412806,59.2414616174959,4.68401792223323,40.6878838165555,16.6128232091524,10.9449437678951,482.856196506123,57.2149108333756,4.94539805478954,41.1571525194158,16.7760744262215,11.0417609631293,494.108921579423,58.6862332005889,4.75917365423287,41.1284354941474,16.9883849362382,10.5927895699531,470.444013468784,54.1099200223414,5.25730996240148,40.6811186317755,17.7281520340809,10.2931985521166,439.402509375678,48.2548465854262,5.95829612241377
914,40.946530249941,16.7208316627164,11.0913523395066,492.289043785924,58.681821473887,4.65942780276504,40.743930470813,16.6727480900289,10.8936628085471,482.779545283772,57.1366794722608,4.85043249667375,41.1779829638359,16.7983241372712,11.0622231307969,493.818656277894,58.6519086708764,4.66440575890537,41.1543877280438,17.007379722387,10.5844225783552,469.569900143539,53.8867721088829,5.20945829426492,40.7081887317373,17.7989280068562,10.3229837650872,438.352392684757,48.0155798574683,5.84724555342457
915,40.87613747767,16.7133822044617,11.0480168985323,490.387741653217,58.5277951674295,4.58932314916098,40.6352684905097,16.684772499778,10.8674980223822,478.804305725964,56.5503661561901,4.85094292954525,41.1782716585855,16.8303866947059,11.0417248748104,491.265256087567,58.3789312885824,4.58535449101945,41.1179118673426,17.0990943988892,10.5571027571285,467.700420500618,53.7476469425895,5.18333106889016,40.63922208405,17.766521014861,10.2495630711853,436.706030339286,47.9353888989392,5.81984226694464
916,40.945654168542,16.5948965323487,11.1693533220117,497.12689389725,59.3368399678026,4.61469944659053,40.7602272276146,16.6332363752346,10.9458329147067,484.605003983345,57.2966552163642,4.81493049587453,41.2588710500303,16.8115240765297,11.0459411635051,494.74599275976,58.637765572015,4.67154688722002,41.2214338658256,16.9921349525287,10.664783906389,474.272085191218,54.5751461951273,5.10474327922367,40.6578469882751,17.7384393634836,10.3610882179838,437.711728859672,47.8577868828391,5.8912954968
917,40.9203804476813,16.64167746528,11.1189574693064,495.416370395958,59.252057308689,4.72315695540906,40.697136686722,16.6377320116451,10.9244981105622,483.420129633393,57.2645596323886,5.02340237813987,41.2353694716344,16.7858676154989,11.0428063863353,495.532155450375,59.0152847031062,4.63331919526562,41.1093687054215,17.0018558139131,10.6491946697217,473.369287860675,54.7946905898233,5.1869131630289,40.7143267109663,17.7273119835823,10.3963227506082,440.444465125308,48.6231287784628,5.87910478665889
918,40.9605363389515,16.6988608986341,11.1284769252345,491.888031770908,58.6298308406728,4.6984323207808,40.7689842583765,16.6627452101951,10.9674311043577,482.68078152104,57.0513268878527,4.8847537275352,41.158896564821,16.8214249455355,11.0602078226307,491.306019765296,58.3390464429883,4.66304545056853,41.2054492535032,17.0260680230067,10.5724506523467,469.625762275848,54.0001371109144,5.18361442050965,40.6139714309748,17.7728089503894,10.3522720956213,436.122413391129,47.7571029243226,5.93429850738631
919,40.9863643820818,16.6484753557946,11.1752038471715,496.410123086028,59.1722584860253,4.6023386237119,40.7896068079843,16.5974334757277,10.9949209730753,486.075255249307,57.5939482509963,4.76595288143124,41.1944786450673,16.8244471128308,11.086646127737,495.11837993132,58.7678253336362,4.59251063824034,41.1208454804273,17.0001781064318,10.620383635221,470.99185853442,54.1496932582182,5.1707550649137,40.7202203044144,17.6269143709984,10.3482992787755,441.698360699712,48.5854463064323,5.72681715223069
920,40.9077031607419,16.7370469774452,11.046390466914,490.953835730296,58.5593658688475,4.50564281193495,40.7178865150569,16.6663824302741,10.8779581101824,482.85483308939,57.1543198009361,4.69858025138002,41.1795004354467,16.8136643116006,11.0380734845689,493.626924720149,58.7578915385062,4.44931225102824,41.1639619051415,17.0283220981871,10.5816993937607,471.956467112177,54.4808134510124,4.91413070918126,40.7427329180058,17.7372960029756,10.2993199986365,437.525498929309,48.1119876030113,5.55369615272995
921,40.9563558749061,16.6774590550791,11.1198680421782,496.235821994619,59.3796069990437,4.42428972073386,40.752708065946,16.6321593723456,10.9152182083699,483.865510298911,57.3733970906871,4.66409154802057,41.1863455511896,16.7681192927846,11.0868211747712,496.433615119951,59.2171818588835,4.37363851711101,41.2110615683338,17.0720363530045,10.6119858272475,471.696882928302,54.4667636595299,4.98246477446158,40.6936859145255,17.7163025179739,10.336100819084,439.656499859775,48.4391578372552,5.6873448024948
922,41.0314279171984,16.6300748640241,11.1605836079994,498.864199582755,59.5919657933687,4.32594436689071,40.8506628206933,16.6095866689995,10.9233876260158,487.377579483126,57.6510086573512,4.54918414315728,41.3287020051477,16.7402315965113,11.0402958960358,498.388725728179,59.1510340612257,4.34994488316849,41.2215478471525,17.0464677027363,10.5584577036036,471.680861763879,54.0310016495901,4.96218291172771,40.7850119966212,17.7721305047037,10.3599413263047,439.256596898856,48.0025864073474,5.62741346338234
923,40.9123996182782,16.6665603719748,11.1029278620617,496.552869403186,59.3032112546756,4.75057489521702,40.7487157097482,16.6112490402765,10.9605606200944,486.652097766452,57.71941182332,4.91552000547827,41.2278760532261,16.7792201496907,11.0604690900738,496.492754424889,59.1023350408364,4.65265985778107,41.2519531229578,16.9311378945565,10.5994870098423,476.40628383977,55.0410269754633,5.19418218979738,40.7025017655259,17.7238830208116,10.3467599098571,441.445399587335,48.5895439423835,5.93380531798354
924,41.0044935183904,16.6489673345949,11.1108438539946,496.704576197619,59.4127823104857,4.42679852508348,40.7997248559344,16.612549448447,10.9242452138776,485.287195233541,57.5575706900239,4.64168053207924,41.327463863638,16.7960932718345,11.044043156554,496.320781408446,59.007775748414,4.43591595484589,41.2714830469297,17.0169024430346,10.5517592315804,472.939991377861,54.6116615799556,4.90092395452076,40.7752571120118,17.7169415030078,10.3506294514728,441.090064628256,48.5842401396753,5.56001105466968
925,40.9952174589236,16.6800860574636,11.174660410552,494.37623307316,59.1044557102097,4.57316716540813,40.8780740245741,16.5794684318955,10.9870708645883,485.644199052353,57.6261489033463,4.76982364376441,41.2468341531015,16.8409213013285,11.0870489067347,494.890630215605,58.8720855877107,4.6021184232318,41.2300223454793,17.0266394457033,10.646764910226,472.42441111174,54.4372078541022,5.09427213794362,40.6961006029004,17.7170486698657,10.3794089380216,439.511373210946,48.3011489852768,5.82966224044968
926,40.9846694753255,16.6953536652775,11.1621383694064,495.221511681925,59.1914482321989,4.54321044820343,40.8146779371649,16.6252561856106,10.9994625073093,485.560447308878,57.615646674645,4.7219094309588,41.283578892649,16.7499025229146,11.1558486561949,497.557432987878,59.3630060627557,4.46827282355263,41.2707834084934,17.0121823151908,10.6852194975864,473.597931465485,54.5203685247903,5.08444537528323,40.6637434053228,17.7376010920083,10.3685015171259,439.390174183535,48.3271749691666,5.78817288189787
927,41.0163404960634,16.6541133329909,11.1455199669782,495.995129029035,59.1357698069314,4.78401497560283,40.7953968371655,16.6334483331949,10.9470911587277,485.140998220349,57.3549342440449,4.97942508387815,41.2671755314498,16.8046670818477,11.0500827344476,495.234181314354,58.8378365570602,4.74918732700103,41.187239371498,17.004308134499,10.6444555709984,471.508774027295,54.3448515365879,5.31807632484772,40.710776657908,17.6989720405039,10.3265341307688,439.106103843412,48.1847231561948,6.03224431814163
928,40.8820041611477,16.6906770708465,11.0687449176682,492.540716054297,58.807887483991,4.36857324070275,40.7217579531154,16.6552204136026,10.8754642628362,481.257232436099,56.9558802231196,4.56846651675402,41.1032714633075,16.7185974982177,11.0282477574691,494.188217797501,58.9234644796601,4.3248019028262,41.1832327745509,17.0744051715842,10.5399030756316,470.072621808041,54.0593773622723,4.86369183775964,40.6125403871243,17.7769689074617,10.3238046127141,436.8804671572,47.942675931828,5.52110097259441
929,40.9491436034643,16.6892295588233,11.122384291119,496.047192402083,59.2802670182852,4.52323047452303,40.756409400429,16.6229646475258,10.9282263358723,485.339281654422,57.550617932924,4.67051126543605,41.1567331055851,16.7642112340219,11.0611028874905,495.436889763019,59.029331281896,4.48001134300056,41.1865029457513,17.0168648917813,10.5764114386324,472.305185734368,54.41627926108,5.0412067184297,40.653646926231,17.7629671828011,10.2685298180269,437.425884489677,48.0431340755653,5.75147358811163
930,40.9472256658275,16.7000887197284,11.1201741503756,494.352260021362,59.1697207725542,4.57714691336661,40.7652371508897,16.6815607790807,10.9093630168509,484.607366112413,57.4690712817792,4.76882209380506,41.2187596415483,16.8324334960248,11.0651061131438,493.472316783477,58.7826418844747,4.51420646268,41.1870551575762,17.116135152,10.551220098741,468.881842880178,53.953812586255,5.17745945715674,40.7212138372097,17.796342118484,10.2913008885004,436.076793685266,47.7885600358926,5.85933970989527
931,41.0158447588279,16.7397561715491,11.0898165680342,492.229188592864,58.684661785411,4.68954620123943,40.8121186784148,16.6432815993868,10.9253403604016,484.456316109427,57.3623767918153,4.88965473897101,41.2637171285552,16.8220189135875,10.9929483423273,491.671826303388,58.4323496403127,4.6302805893307,41.2954595079823,17.0587723179569,10.5833219845957,472.119382705739,54.3715118028524,5.11855403858166,40.6572038646754,17.7558348348613,10.2837973861033,437.228292271895,47.8351885304178,5.89663312585746
932,40.9786109282217,16.672536677087,11.149969017101,496.329383389725,59.2212907642506,4.40828680084718,40.8176099749101,16.5485715964826,10.9754840293394,487.840653277013,57.8073430837199,4.54315872024832,41.2906155029895,16.7990580791597,11.1091482119526,495.895266462773,58.9295991019129,4.36642956550684,41.2606208361628,16.9970202781656,10.6984437145327,476.2206804357,54.9788653187537,4.80951259732972,40.7338510835626,17.7413710184119,10.406806441259,440.976109790467,48.428634053789,5.55068486362291
933,40.9399334143984,16.6723618677511,11.0955130076977,493.003630295649,58.8671197257699,4.6026462700921,40.7026063685338,16.6327144348258,10.9498804999739,482.084189116264,57.1029862309631,4.84417724022926,41.2567111775686,16.7739302546742,11.0355422850351,493.097568012876,58.6296756516963,4.64867737014973,41.1993095379431,17.0950754747863,10.6607426411418,471.535272092746,54.2555120198606,5.11910802604411,40.7175024190759,17.7482973201017,10.3177003126138,438.339135491401,48.1403095256869,5.80872808230867
934,40.8933533797771,16.6668579518864,11.082953454507,493.188893645475,59.1414374339092,4.53345351718452,40.6641420657181,16.6792447860261,10.8805707004157,480.594878702075,56.9579136368429,4.83544799677748,41.1820058351001,16.8434910410151,11.0115518422881,491.267470343088,58.5223153122124,4.62314326287738,41.1403808859639,17.0666571696982,10.6499980287068,470.346320147987,54.2842317669148,5.08960429393341,40.6311425341353,17.8294741377677,10.3532957701829,438.350944444702,48.2128256018856,5.76226267781421
935,40.9055366510789,16.7781630490942,11.1034063401454,490.699825046324,58.5857950427729,4.54283533575471,40.7905201826481,16.6771840426773,10.8956525000819,481.417033946889,56.947427390757,4.72305727800941,41.2568784939172,16.8442291078566,11.0725199940709,493.282730825613,58.7390613165765,4.44291863405243,41.105746110282,17.0354018571384,10.6070237215966,469.740015676585,54.0003645375175,5.0097810934698,40.6732312020486,17.7528302938176,10.3625577567909,437.776462620273,47.9975268422605,5.67012679939212
936,40.9591076445986,16.7076519646246,11.1517043646589,496.192180261167,59.244989489117,4.53731938847851,40.7461536924116,16.6453990315701,10.9736779548927,485.647658062414,57.497131342535,4.7310765097005,41.2310513426246,16.8285279644926,11.0823263343929,493.709067541562,58.6037345977286,4.55566609642962,41.1585204527046,17.0461287308361,10.6113953112842,471.338872800593,54.23689049184,5.08045388569892,40.6713888452976,17.7342547860475,10.3233708228402,436.998354825983,47.8561342206286,5.69811696942078
937,40.9085611654192,16.7262997512453,11.1047827928251,493.096304265092,58.8303545338895,4.60826106794715,40.6581912607087,16.7013468311168,10.9262242732976,481.40658930267,56.7741299494918,4.86922979879066,41.1466738790894,16.8530336796306,11.0404259203817,491.416296193406,58.3058207062994,4.65652627842204,41.1265953960356,17.116377501378,10.5637960336935,466.146805484782,53.4806872255575,5.25566556427669,40.6860298258478,17.8185465482104,10.3047558198443,434.672934468735,47.5006449019976,5.83818560775462
938,40.9356875898403,16.6296595464999,11.1530053275023,494.878515293778,58.9194063702535,4.55298077882709,40.8072969868124,16.6294592361457,10.9861334977438,484.707633613805,57.2487392340125,4.76911841653279,41.2466521632116,16.7395710454866,11.1357653288083,498.311035167332,59.1735996141255,4.505198999731,41.2631131899695,17.0221303383889,10.6791550665593,473.643240380614,54.4317276499769,4.9758741513764,40.6822998418807,17.689474452607,10.347073674854,440.429672025236,48.4356200628174,5.67227048921302
939,40.9932832512256,16.6714864107048,11.1523468454162,497.213084985198,59.4772584008236,4.6367604972483,40.7884978248615,16.6659755426915,10.9415972574428,483.196660357616,57.1008453935346,4.96600782006288,41.2020515709259,16.8410200528447,11.0466823486015,492.038775093831,58.355078414393,4.81709061952693,41.1450578924201,17.0604557283741,10.6294641514455,469.806625749207,53.9226318399825,5.32981459951407,40.7634845263371,17.749924463677,10.3050794329286,438.993931448764,48.0667814873176,5.97587325928895
940,40.9674653881115,16.6672016905206,11.1290935380997,494.744052848092,59.0147245075098,4.72838353499786,40.7733656340331,16.5959493081081,10.9328610160123,483.134946372195,57.0737160486408,5.02036796717488,41.2229974876384,16.7710830922353,11.0140301360831,491.732006161606,58.2803718162755,4.76711318876386,41.1577955641261,17.0413123527983,10.6187912603116,469.728909911189,53.7407586049531,5.40272038985055,40.6521961441908,17.7353558441515,10.3380733994518,437.731681008502,47.9003267780284,5.99390818026166
941,40.991241181341,16.668002723333,11.1390749752045,493.968221388087,58.7758220142757,4.38170216654663,40.7063586369617,16.6544697726268,10.9303392858295,482.062984838315,56.837384170009,4.65768606703581,41.2255016631877,16.792057676115,11.044846901836,493.840078182488,58.4704936674865,4.40637070001861,41.2455310375524,17.010494970977,10.6698070913502,474.105055590109,54.372137051041,4.90036971436663,40.6786209887345,17.7199863637496,10.3056649993334,439.01273034524,48.0688568594586,5.60411108666941
942,40.9690235218209,16.6153025633592,11.1140316004032,498.063929441051,59.4223462175528,4.63058325943258,40.7188072052292,16.5987865299893,10.9371855323957,485.434515317817,57.3549363295943,4.95402955196583,41.1535447236502,16.7775530542485,11.0669956551484,496.101648194791,58.9018268543168,4.62765310196566,41.1441069346277,16.9708392979101,10.5638061774242,470.852459761904,54.01826102679,5.25329639596953,40.744055741369,17.6572871016729,10.3128045118878,439.182873347059,48.2095022013015,5.91792032956201
943,40.9787700252519,16.7147186036607,11.0969987363072,493.317664445572,58.8108566140599,4.60463083679119,40.7913949969405,16.6581399480653,10.9460560413839,484.992557105639,57.4016032595948,4.78173130500947,41.2610358057741,16.7468520661573,11.0913866795613,497.035578741058,59.2948113792148,4.43661150294234,41.202193841718,16.9773849347766,10.639246854996,473.912039642102,54.6760524209534,5.02318430979311,40.7075937973135,17.7248329522854,10.3318572382603,439.201122775142,48.1227095740576,5.77254703469264
944,40.9593033041457,16.727272829445,11.1052000098184,493.432565348748,58.9497221228824,4.63786887219011,40.8066983278897,16.7010988118183,10.9364480861662,483.747769559928,57.2967187053474,4.8501671727121,41.2228789749035,16.860241912125,11.0320797925204,493.773731420889,58.7560951102689,4.58471462999192,41.2441996818276,17.0468532750005,10.617270180955,473.268183665774,54.9088315675035,4.97324969775088,40.7002054674162,17.7482201260939,10.3142520523291,439.84388415087,48.4580989817681,5.78651205833592
945,40.9835501962962,16.6574913668997,11.1236355134099,496.848973715516,59.346749625146,4.35380378404949,40.7861317310149,16.61144068847,10.9419726978417,486.665945759426,57.7018387171361,4.51530463356553,41.2373014042016,16.7525786438435,11.0591924168897,497.562905350524,59.2032618353292,4.33002249254908,41.1171579847277,17.0224226557692,10.5912056048205,471.741368530038,54.3629773866982,4.86142547189546,40.5917511883691,17.73484269458,10.3056108476518,438.028801450591,48.1422049095956,5.48242368784453
946,40.9964074847066,16.6772912346738,11.145287533597,495.329349952066,58.9664542183536,4.53217604307462,40.7510917609199,16.6080428525076,10.9674045984424,485.085401523414,57.3967060262261,4.69264660157204,41.2487308319674,16.7593137636218,11.0865939878579,497.452240618467,59.0748631669083,4.53739024927997,41.2309002565313,17.0115216542003,10.6507314569465,475.913119318327,54.8152088033532,5.02688403565395,40.7427274589816,17.6643700498939,10.3399113283458,442.147509769611,48.515854673191,5.76822674802718
947,40.9560639866041,16.6970436918323,11.1119357377355,493.205429810083,58.9019999354316,4.54447503563093,40.7091814745735,16.6768437786176,10.9779378442016,483.825099145916,57.3271854699364,4.77265411701229,41.2364997950518,16.8046588134791,11.0991199906439,493.512324640922,58.71825399156,4.50933803043242,41.1209733770834,17.1204061149274,10.5860247023847,468.674790711047,53.8741391511444,5.08729270145747,40.6612048163266,17.7758441517877,10.3204465013103,437.239185249688,47.980421491196,5.74993077132137
948,40.9759430057834,16.7041560286601,11.1764817365719,495.298088119103,58.9837836393289,4.43025864874858,40.7837893624849,16.6607790371984,10.9715761336405,484.565949149508,57.222864868333,4.58020521167118,41.2596029692457,16.7313342458243,11.1164507996266,496.62256678365,58.9935346539405,4.28372676366925,41.1129688024868,16.9719464683802,10.6350157560953,471.7397450264,54.2341935517289,4.83975087636865,40.6457710052454,17.686225911491,10.3425501610235,438.945543671729,48.0446092278672,5.46672199717424
949,40.8470934749974,16.6928698767267,11.0275442416696,490.250533760577,58.5286294676298,4.47916493814121,40.6692638986513,16.6684911897463,10.8648765270835,481.443044998282,57.0886416423419,4.58497018522416,41.1347351877968,16.7958469967431,10.9813100218552,492.439737403507,58.6062158112064,4.41949133601495,41.0975737681799,17.0855529563143,10.5611926966463,468.249165716827,53.8453721106487,4.98003723732849,40.6580182319961,17.7241257836985,10.2805642712557,438.251623030748,48.3218039798744,5.49602143451939
950,41.0225317081235,16.6281007380863,11.1772178417335,498.458872741062,59.5750279112725,4.4833431688074,40.8106096737179,16.6737202572387,10.9557042273399,484.893246249886,57.3774885124397,4.76044640161409,41.3077401165545,16.7301249456161,11.1333352948544,499.119084782434,59.3710429075222,4.45440219537644,41.2826027066822,17.0390955210419,10.6329656935973,475.408468835304,54.7078767221349,4.97144069127587,40.6619333369207,17.7292580170778,10.3706326678567,439.202653074228,48.2052019523059,5.71324246855623
951,40.8749866336241,16.7456023782881,11.1227062848635,493.663192815907,58.8291797241667,4.37504836056252,40.7349764162428,16.670855927419,10.9537335712339,483.820851210257,57.2021340378845,4.56027683717031,41.2185674422445,16.8305904372512,11.0876421595813,494.941963604018,58.7568942310269,4.26982373605052,41.1214952749738,17.1100434502074,10.6153614001818,468.984935065854,53.7581043131399,4.90203889883617,40.6797874358128,17.7534551767344,10.3480510916599,437.53867576616,47.8707124758622,5.50874843078646
952,40.9609448923022,16.7198767970671,11.0754320772665,492.497775857942,58.600061899044,4.66758445918574,40.8179889123794,16.658911093662,10.9261834740636,484.046339491999,57.1815258865556,4.82607456292223,41.1608835611503,16.7887584200408,11.0123077432743,491.818783777168,58.3123144308619,4.67723163911783,41.1308378526653,17.0274489938225,10.5944239378239,471.997379504859,54.3936391379556,5.05023073600136,40.6924817356757,17.7178865213161,10.2850759049846,437.324549069075,47.7141299681799,5.96857439539712
953,41.0369915887491,16.6677037722799,11.1200432512534,495.668781408883,59.4388205523143,4.37605757400442,40.7695878826259,16.6568115708727,10.9169926950672,484.239408488035,57.5510145277193,4.59051842528343,41.2539523862619,16.8246147781185,11.0175581931043,493.072464030192,58.7953036224235,4.39674249049253,41.1426886341658,17.0685804696216,10.6097165279776,471.236788759243,54.442806497166,4.92961330038274,40.7811066499733,17.7330263749435,10.3176368660453,440.366932074413,48.5792114489152,5.53675469839183
954,41.0585251248025,16.604367967442,11.1899408076144,500.051558345333,59.7358461603921,4.53967101398843,40.8666636981388,16.5729504882409,11.0099081317413,489.786911415176,58.0086188936973,4.73981387685487,41.2593071093145,16.7565391880765,11.1474670423342,500.398860136079,59.6145392311801,4.44135832981457,41.2828333711136,17.014123209783,10.591395006868,474.74537720638,54.7676002384606,4.98967934013859,40.7358895691556,17.6408334300179,10.3326832315018,441.630734923164,48.5536486230919,5.80545502650387
955,40.9135577183812,16.6483625696566,11.1155003226766,493.931827133849,59.0180164955124,4.56047901983642,40.6882273084001,16.6967742006092,10.9416267050483,482.45382018636,57.0780016093211,4.82077657907664,41.1665010172238,16.8165936716813,11.0524245308887,493.209931599051,58.6450519349803,4.57698126364284,41.1458518825026,17.0081462891897,10.6061852144113,469.037211685954,53.8639607516264,5.13975364230276,40.7219834993365,17.7165904564285,10.3241294520647,439.519006428752,48.138153005831,5.83481691130809
956,40.9251037670917,16.6966290050062,11.095786041947,493.075391025697,58.8591457146432,4.54991306300768,40.7257325303752,16.6798036516376,10.9231174121312,482.115566501284,56.9901691665958,4.80877313692114,41.2084272994351,16.7733964453261,11.0663753090351,494.882577545332,58.9034490971987,4.45086681200807,41.2137319053638,17.007872412774,10.5902372582021,470.402001696216,54.2897711575202,4.9448263451668,40.6708483032012,17.6757143775812,10.3283126833114,439.182022521094,48.237884480598,5.67637522773226
957,40.9875366354643,16.6361806129723,11.1642548379972,498.101370299359,59.3890650040375,4.41703193636169,40.7794338499258,16.5986283309911,10.9960585553107,486.958933420602,57.5508718085187,4.65866237373026,41.2643964784464,16.7578608098748,11.0490248119855,497.495940982569,58.9640502985545,4.46049188245177,41.2062740218632,16.9825170779343,10.6569313844564,474.270811081947,54.4945532805425,4.95895854873488,40.8053011053781,17.7670777855366,10.3645595145701,442.335644748849,48.5534671880753,5.62108516875595
958,40.9502640477844,16.6811829449966,11.1038795919515,494.706256699748,58.9476304763405,4.55213867141164,40.7718895325433,16.6050305729762,10.9081375546021,484.760430375651,57.3334447201265,4.6781873140876,41.2919798726252,16.7249081503539,11.07449631396,497.15213718518,59.1017349388731,4.48721069284022,41.2126641353962,16.9828844223393,10.5999108497767,472.990489063616,54.4559861054626,4.92084941040142,40.7391266302953,17.6642218380326,10.3575534755851,441.079571249195,48.6587552198919,5.56479448312804
959,41.050874314969,16.6154055504349,11.1435279366819,497.481785779349,59.3682994833847,4.48575745302226,40.8334908245088,16.5372046069427,10.9686619418495,486.729306222327,57.5966840127258,4.76402377217072,41.2524712866901,16.8433990044336,11.0454905064147,494.429930331523,58.5989096845336,4.57075912523897,41.2689190131398,16.9721377756169,10.6494549349991,474.278115723234,54.5782958629976,4.95008734624327,40.7915086758392,17.7396974632599,10.3280968500758,440.724516676091,48.355669951256,5.63495397747277
960,40.9427922434125,16.7023406088559,11.0902225890329,493.241746841909,58.9354111336821,4.58126738820888,40.7416727573646,16.5909535591815,10.9466710525189,484.790624212759,57.522031226773,4.71586751894745,41.1956091550687,16.8223522922255,11.000647315685,492.835594368095,58.6347367800924,4.57396491150091,41.1290589196845,17.0325158460974,10.5905389949543,469.883583389742,54.164058813026,5.00600989650154,40.7354850202883,17.7353462406366,10.3108824750967,438.207219974579,48.1012141625735,5.71538524643128
961,40.9629733271146,16.6493083579427,11.1581927110206,495.34698958919,59.2193014287731,4.59656270974265,40.7479715807116,16.6807861732406,10.9636644570382,483.790799669314,57.2836963287457,4.8063156214704,41.209740139422,16.7746223824901,11.0784212772723,494.679283324363,58.8189424160185,4.56357284129596,41.1991234199141,17.0591171887544,10.6474416550984,472.33825606501,54.3899484303262,5.14999197165421,40.6507164533589,17.6992359189533,10.3236314668387,439.069937275052,48.2671362768803,5.82960404164816
962,40.9613023678907,16.6851572104339,11.1255997055236,494.53797471635,58.8671855171314,4.50083830193229,40.8202112534942,16.6049261998536,10.9614264908355,484.391964325176,57.2228573440426,4.66733300027142,41.2551945703211,16.7498306156405,11.1306464952281,498.252124351354,59.2071845923805,4.44709512599339,41.1988093440288,17.0289357231493,10.6383938710181,471.611359091222,54.2506258921094,4.91318160293492,40.7695183214459,17.6940351806057,10.3578981272024,441.066967771819,48.4311266539236,5.62459058034585
963,41.0638210685479,16.6409682118434,11.1546254914728,497.078589324315,59.1923345977073,4.43799285250325,40.7956444466815,16.6109461274189,10.9562908064675,485.805219730371,57.3335819875119,4.62793026004945,41.2896246521961,16.7308095159688,11.1131977882702,497.581947672428,59.093103578634,4.40024681668157,41.2577763356416,17.007797186137,10.6064975077085,472.117517075537,54.1243262803161,4.98500691390709,40.6751152032553,17.6858863071113,10.3648591912228,440.350195775044,48.4136914049512,5.48195649446209
964,40.9255182687987,16.6639390373574,11.0783728084275,495.039780743962,58.9350998289716,4.57177967585802,40.7051320188335,16.6198687023222,10.9344223148198,485.238668103266,57.3524072090637,4.78523815757907,41.2861432850143,16.8091970457855,11.0140612054664,495.221101893717,58.68728808124,4.5438605475868,41.1310426301826,16.9922686540197,10.6052295584983,472.26595826697,54.2167951621737,5.07438851860297,40.7163253216411,17.7585410675269,10.281862441999,437.112724978569,47.6654496901822,5.87580963182797
965,40.9636479634826,16.7029226500019,11.1131469594731,493.820620967698,58.8303778972617,4.44120937492488,40.767822167146,16.6120988184809,10.9306731751558,484.377789955427,57.3202383094848,4.57036731501368,41.2544725183382,16.8135047483473,10.9972516972091,493.544052171879,58.4336503666941,4.4662196018979,41.1967788608935,17.0856832663505,10.5775223668659,471.434979978967,54.1573491573814,4.90107805467423,40.7191257589717,17.6733876921096,10.3152702401926,441.028880966794,48.4901375080466,5.46607814207396
966,40.9849629303474,16.7368285944576,11.1039216923859,494.113766851809,58.9346508998187,4.32733320588535,40.787760741484,16.5955252481151,10.9425452895958,485.606363653902,57.5630987488223,4.48050652082939,41.2054571451133,16.7932437493738,11.0592785665056,492.74024078809,58.4454730136642,4.39430650939971,41.1984541712663,17.0481574440319,10.6224846038751,471.664740761994,54.207948446207,4.80231587216038,40.6822773722479,17.7117301261398,10.32336375562,438.828169782603,48.0853759734582,5.49376073339644
967,40.9611596352021,16.7000778101966,11.1016442436344,495.073311751754,59.0007559933511,4.79474586296257,40.7167819779392,16.6138157563595,10.9018104052826,484.137326593628,57.2464956097996,4.97715477203336,41.2494674427276,16.7830511971175,11.0226484631528,495.064214399401,58.7997948209775,4.74243993485853,41.2642642004713,17.0132263013829,10.6178141208511,475.298143863124,54.7687457538503,5.18159703831461,40.6595321121719,17.7403983250059,10.2744287612354,440.254886184295,48.3364131414833,5.96439326368279
968,40.9392781560238,16.6383082409358,11.1688083811732,495.612091342759,59.1706223366727,4.56226746308769,40.7862768931075,16.587893096814,10.9948831279915,486.664607413367,57.6547477702263,4.695362865428,41.2495626876656,16.7787823771106,11.0811262367608,493.717642295619,58.5218679209558,4.61100687494663,41.1759042248583,17.008884934156,10.679892202892,473.977450377103,54.7077002967739,5.02142832950897,40.6774381976608,17.6681164632077,10.4159383011993,443.192568069732,48.7734387444477,5.67716679248139
969,40.89033051151,16.6642125772435,11.1192356809164,494.183977531477,58.9034372579313,4.6440781859749,40.7449332989584,16.6197072455985,10.8894501614634,483.538128916212,57.094734858096,4.88982413451539,41.2401897877713,16.7661628025696,11.0401926552458,496.208272172344,58.9000450507169,4.62395072652363,41.2100308185651,16.9697677649487,10.590575631983,473.231737879613,54.369423831034,5.08611923990779,40.7242948924497,17.7254140779259,10.3161301625917,439.252459581585,48.0915050968789,5.85004946314345
970,40.919768215835,16.6537794577501,11.1786990865601,496.184795641019,59.1336085405517,4.67409248742313,40.7311318257424,16.6135442456535,10.9612331717693,484.319161455864,57.1919982835073,4.88037041374513,41.2123401803723,16.7860656358136,11.0915828095497,494.839565966612,58.7260389601004,4.66266047527372,41.1561042233902,17.0276190908015,10.6155435242815,472.048063849552,54.1273445650127,5.19768578070314,40.7617801346666,17.7093332393495,10.3803547333228,443.037554751562,48.7687984351341,5.8131826153467
971,40.8830164063504,16.7396283908714,11.1524096727461,492.536357055443,58.3942695269572,4.86332553582887,40.7598290832945,16.6745455179446,10.988558632491,484.668411704582,57.1253776887358,5.00348795995075,41.168197055501,16.8245772855987,11.0542023113457,493.190878152451,58.2615554408389,4.85922431585436,41.1397088056554,17.0419393116124,10.6313255733356,470.643867419224,53.7754977314806,5.42016954467583,40.6421643134057,17.6898327698867,10.3280945402842,438.705667450238,47.9036620566866,6.04148587750504
972,40.9757229969936,16.6453764808026,11.0948948081948,495.550275326954,59.0670239907982,4.53026926179656,40.7602727178502,16.6517021562216,10.8962734492319,483.662270947877,57.0366756047521,4.85578228895058,41.1635348649489,16.7998225794077,11.0071168651265,494.64357146625,58.7888073238335,4.53198081897298,41.1948199253274,17.0465269902229,10.5415289462774,471.705542012997,54.1798869353802,5.1084559371405,40.6225349860807,17.736098159981,10.2614901998299,439.735540350661,48.3223182966888,5.69068874359303
973,40.9064422671542,16.715117680975,11.0430777540224,490.774453809847,58.4925453352485,4.68791060532695,40.7102265978915,16.6431694761926,10.9069433281558,481.659293113017,56.991182327647,4.86675834723411,41.2450022549318,16.834544363934,11.0530086822318,493.083574749586,58.7176667284076,4.55225367920418,41.1305925443657,17.1192018223264,10.5902407844712,468.33242130091,53.8033201514388,5.14541094185862,40.6331580487463,17.7652235636521,10.3223016062847,434.768424667023,47.5002442975306,5.85646076455475
974,40.9526772892037,16.6444849988035,11.1394391557984,496.562278546317,59.3117873864773,4.51243717193288,40.7133114268979,16.63747070448,10.9301329473336,485.287863026164,57.4381638220786,4.76451884644155,41.1984446003693,16.7990182992755,11.014375447339,495.219889518628,58.7995487585027,4.57941450236636,41.1603812078233,17.0200466395278,10.6008000144736,470.923084606621,54.2089176489646,5.12102485747438,40.6266716949038,17.6712096565141,10.3763605017004,441.318704583576,48.5645746624863,5.70472615343256
975,40.9498798003672,16.6196907887795,11.1688205317614,495.346422540276,59.3532126127625,4.449851563586,40.7853099411116,16.5277481668871,10.9839821109831,486.808965637308,57.9356232438173,4.60713902923976,41.2306651840398,16.8196037271014,11.0975131396946,494.54334592175,58.8782234200386,4.47587859338304,41.1306736505937,17.0178903455837,10.6307590687001,471.240926364489,54.3463085283959,4.96324845162921,40.6906658940681,17.7253961099766,10.3448322642921,439.807598899991,48.322026406783,5.61983588951338
976,40.984785904903,16.6498919072812,11.1455340577922,494.55335941115,58.8279179741104,4.62029921933608,40.7944542675418,16.6074126069833,10.9552344808334,485.625666287938,57.278686910663,4.78379211651209,41.3288682476001,16.6921153163324,11.1020510895392,498.338420424132,59.2733545157691,4.43783835716105,41.2104279052556,16.9962840216756,10.5814349077112,470.834427724069,53.8735915027572,5.09118711458613,40.7815572160996,17.6397822937496,10.3557776654682,442.108916880165,48.3608641036283,5.70971744419145
977,40.895955085601,16.7424205438591,11.07416641055,488.512448766611,58.2939967360056,4.66897546471358,40.7576618234188,16.6112862192158,10.9394924304151,482.411282131847,57.3098058441757,4.76498549729718,41.2305791750537,16.818792321396,11.0472606686045,493.131314666899,58.8975382157977,4.45268496686981,41.1100290059106,17.0379852657897,10.6159157661914,469.359776358284,54.1660228591347,5.09638375728934,40.5582812199516,17.7502995915985,10.3134014422666,435.54294771911,47.827283147331,5.79331297804696
978,40.8599024296618,16.6521941105933,11.124050763742,492.657669097802,58.8218524809111,4.509840355976,40.7066541429683,16.6386454341618,10.9811090075415,484.558385688543,57.4082381306994,4.6451542207542,41.2545199660981,16.7417353642089,11.063774165497,495.894151546579,59.0461496341365,4.38477497593608,41.1769614026403,16.9973633961083,10.5760105180848,470.323004547056,54.1080975795334,4.93729084314197,40.6901052843641,17.7106028363205,10.3037684623323,438.858054176612,48.3945914448009,5.55671696819953
979,40.9284195797358,16.7005526572624,11.1199045122909,495.03408010256,59.1021944422751,4.53389508260398,40.6949734082716,16.7187849578314,10.8851248166837,480.906344959233,56.7828517548638,4.81044435734554,41.2226038268042,16.805318906942,11.0357755094599,494.479808222602,58.7530847559217,4.53508017241793,41.117642585925,17.0480873879568,10.6385998806137,470.120601842683,53.9275055412681,5.11064435731794,40.588925646275,17.6981395341095,10.3757178299848,438.543123625597,48.0594664609478,5.71322909182132
980,40.9098271014382,16.6787125557875,11.1177877894908,494.592092539288,59.1337865270225,4.63055212564375,40.7589513854707,16.6233207779446,10.9545692302403,486.05220954204,57.68527814281,4.83456439983979,41.2259698816288,16.800182421753,11.0465874179439,495.084869817215,58.9765679024475,4.63752129837256,41.2183051977711,17.0975558615097,10.6151743853319,472.173086721322,54.4184418971094,5.14956628619067,40.6051274190234,17.7266160327985,10.3290413999444,436.938669024805,47.9267713357523,5.98235899347201
981,41.0001997321855,16.7141839195746,11.1354612596594,495.143052185318,58.9236017343593,4.65659433313811,40.8183601793495,16.5716935560342,10.9311229699187,486.280411384488,57.5004086711523,4.7996653828008,41.2514315179083,16.8061298338989,11.0862275622601,496.486845789181,58.9688915297326,4.59200234728886,41.1625852517534,16.974517202152,10.6608200850528,476.64962156956,55.1477266866649,5.0375869912395,40.6994583099528,17.743668036064,10.3198013292666,439.269173869906,48.266732651146,5.81159912808032
982,40.8886304313251,16.7140801238741,11.0784126472329,491.812757520179,58.5506692201936,4.60782984848048,40.7044004573958,16.6838870681469,10.8926724911083,480.94181782837,56.6972141083354,4.87537149619682,41.2392185637654,16.8014542733029,11.0121630786084,494.277688108199,58.7354172830235,4.48292721898636,41.1784644402999,17.034781302993,10.6311150466221,471.001297044867,54.1191408562555,5.03191257016377,40.638446289833,17.7840031701195,10.2856296489807,435.229949027048,47.5544111849659,5.72044158310433
983,40.9803670211939,16.6434041689395,11.1726969005495,497.084449210169,59.5948646295456,4.49551194197447,40.6757895666258,16.631584727272,10.9261049519504,482.026394557142,57.2046306109903,4.78588707569535,41.2113910601159,16.7862772036286,11.0688337858419,494.295759660698,58.8120796553859,4.5404161024191,41.1664718070987,17.0081847860355,10.5613434351119,470.615085658492,54.0992464044648,5.1576876693695,40.6484429761788,17.7301064174901,10.287483391844,438.167336672456,48.1079094022072,5.79175964250801
984,41.0010757258873,16.685643655205,11.0847563667716,492.970830341269,58.578953250449,4.57930372144423,40.7545439358619,16.5928891611727,10.9205893284148,483.146888414087,57.0208389820285,4.74958769283892,41.2623988756513,16.7869064141688,11.0392902355223,495.755849000192,58.8227420591102,4.53438698858694,41.2022201083293,17.0836441300712,10.62557487811,473.201631470785,54.3651093364893,5.01256839889142,40.6172004826509,17.7760886502993,10.3546804930001,437.820416908304,47.8839953219135,5.78919675274762
985,41.0101083877192,16.6641219810516,11.1729845650809,497.982762353234,59.458515977063,4.5494184999978,40.7439871266849,16.6844936202818,10.9800697934272,485.292010647956,57.3938221930494,4.80871937194848,41.3082053204941,16.8033286482394,11.0908759744206,496.093894699966,58.874661798734,4.58156402576646,41.1538706115177,17.0385709067415,10.6047974757439,472.965369613223,54.4086191242402,5.01319040083226,40.7063427255701,17.7704234440039,10.400141084462,440.000372205746,48.2688524326695,5.82329079005539
986,40.8657664005848,16.754439934412,11.0012102767069,490.297995222711,58.3905038109522,4.659237780745,40.7775489950417,16.6428226533937,10.8726196120789,483.729016904142,57.2971125449931,4.71415389101641,41.1676090346598,16.863992774524,10.9677379942882,491.715407025009,58.3507299841232,4.60174879509311,41.1920888287721,17.0488417982079,10.5632498011916,470.243806023346,53.940879616531,5.10838855837506,40.6382297907998,17.7455091396051,10.3230627288145,437.028151304863,47.8592294517891,5.78041953017182
987,40.9024179511148,16.6765505691096,11.1218751617347,494.105097579125,58.8890662265414,4.54200467617781,40.7773283112081,16.6072468742905,10.9550726356128,484.00174007737,57.206710218708,4.73715147288856,41.1389755089073,16.7913553821235,11.0593360653385,494.34448332761,58.719861379693,4.55386533441303,41.0812428218367,17.0449319865942,10.551909179742,471.177685491067,54.0809138882412,5.07963182300649,40.6665695768236,17.7325293610221,10.2956615341014,438.234808709749,47.9557152752622,5.66196661939101
988,40.9423803613504,16.7453702412596,11.1453693881463,492.766379087861,58.8033413493851,4.61013122707327,40.7285852998696,16.6421084014772,10.95205619669,482.588732103547,57.0782201342105,4.84266837228585,41.309975027834,16.8434471416333,11.0881380731602,493.775994842774,58.6301499767956,4.59042426937579,41.153691715868,17.0719700870292,10.6257509005254,468.553284152655,53.9567285357341,5.16838336202186,40.592679995896,17.7478669573951,10.3510566360543,436.685033014104,47.7538984949398,5.88839418913864
989,41.0216014962901,16.6800948706516,11.1689351484495,497.102406921714,59.5147064995807,4.27447727258095,40.819404965035,16.5723588650451,10.9514543537664,486.480529406211,57.7985683124297,4.4477036611503,41.2874234464554,16.8204281079474,11.1067261447539,498.409853979912,59.5009943997524,4.20143629436726,41.1833151996907,17.0231227178808,10.6617116042549,473.728820855901,54.6790006893957,4.74639523829855,40.7700986696322,17.6892174013434,10.361986629406,440.408702561066,48.438460829226,5.4100877485594
990,41.0027611681559,16.661050406591,11.1557460254916,495.096100148031,59.0759118985238,4.59293512822802,40.7450638921709,16.6501580487297,10.9744284427513,484.664647321987,57.4341487053802,4.79967584753962,41.2944146035851,16.7488414612592,11.0998703004939,496.675980801319,59.0932876178635,4.54448880447151,41.1811335511589,16.9873255952928,10.5992702967486,473.647724494952,54.7347030263436,5.05661253855907,40.6974797678035,17.7325182290146,10.3123790831611,438.608631285744,48.263125613657,5.77528713136248
991,40.9835554203583,16.7066603804184,11.1361745544764,494.296437863857,58.8995854797749,4.5059645622134,40.7835719097276,16.6608030568636,10.9378476946969,483.372030014357,57.0783239246716,4.71126258507807,41.2579258824712,16.8211730165966,11.0583656352949,492.827191042974,58.3699786364067,4.48768664166247,41.1454264965652,17.1047367967413,10.576741633889,468.523965403592,53.6717544875858,5.01488897133442,40.6648669164182,17.7176990668474,10.3570856546115,437.040582939039,47.7022199995616,5.73866321894999
992,40.984609642764,16.6798993350202,11.1545108500178,496.641196766738,59.3922719254804,4.55741512348068,40.8066039640871,16.58781864979,10.9693222467366,485.943936725269,57.6655324020655,4.75631175541821,41.2316857976503,16.7518411162457,11.1317800786887,497.041769426574,59.1688605939985,4.57794823125174,41.1724482180333,17.0324420295703,10.651100617677,473.171592704084,54.5521548148481,5.08423493336844,40.6737950256405,17.752655436142,10.3317633102047,439.530938564178,48.2520661194185,5.78984542014227
993,40.9168503867624,16.6540747510753,11.0732976347254,493.096440723907,58.9145173917865,4.21364349500464,40.7217224214957,16.6246811725266,10.9184835543608,483.765060493514,57.3855101726575,4.35914810366366,41.2722487725295,16.7591781891568,11.0899441628358,497.188831394904,59.3694464846585,4.04303078200869,41.2637778638885,17.0158863928023,10.6443324241361,474.441398843405,54.8278741116008,4.59332324655527,40.592870563011,17.7156820997734,10.3432487687818,438.440337252453,48.338935282626,5.21354387080507
994,41.0352836059199,16.6271595610764,11.1317083372577,497.797565298223,59.5820072380509,4.47709511320274,40.8929449060674,16.5731918372256,10.9408583008613,486.584221602038,57.6724289093705,4.80778722992793,41.2678868476748,16.7595684098264,11.0378103020529,495.877953197674,59.0042234940069,4.54368233687503,41.235870498852,17.0096315582247,10.5821056575564,473.074282958897,54.5166690260437,5.07098536353101,40.8053999692741,17.6917848443537,10.3695288824197,441.649750975962,48.7079773185206,5.68861199387209
995,40.9677358695704,16.6484099899358,11.1329968542624,497.213614746456,59.308380140648,4.48137377303577,40.7590405041451,16.6620368003329,10.9714283822903,486.818122697442,57.5957083498838,4.66788218386466,41.1896999665641,16.7689952163009,11.0784697181911,497.567323752819,59.1595253851574,4.49157310077242,41.1434439871905,16.9869161308125,10.6679286961186,475.846770799564,54.936784447757,4.91569972512541,40.7634393777394,17.7385418216636,10.3119611931191,441.072934080514,48.3357262055662,5.76046492338088
996,40.9403062013021,16.6525502405564,11.1332883505076,496.070253874738,59.2179881807859,4.73020176592465,40.7202684606408,16.5981731151639,10.9364767333451,483.915205444309,57.2473467454895,4.99541586484166,41.215346624503,16.7731263491263,11.0386775822503,495.174012240844,58.7518357418809,4.76737652561754,41.2237343618804,17.0088628463243,10.5488529598548,471.373412908665,54.2456503001615,5.31443093959509,40.7688420226546,17.7220820073799,10.333497118729,438.813183066485,48.0129048103686,6.03473061553046
997,40.8603418862485,16.6623984478625,11.094201525981,492.572288012667,58.7324086396076,4.90897079171946,40.6747869384733,16.6256671015197,10.8839051308102,482.389145898973,56.9638214287044,5.10299073428349,41.2025545146633,16.8371228726071,11.0063644431402,493.569664220895,58.5603248442307,4.85877749932521,41.1497309222631,16.9979871213055,10.5597496961135,471.057053995891,54.0638166075109,5.45441126292057,40.6628781439753,17.7139559353609,10.3154498946541,436.512069903404,47.7691136660433,6.18534808036433
998,40.9644975259361,16.7247145466822,11.1326365103271,492.294965402088,58.9113592423315,4.55196196232814,40.8142380560767,16.6403046534542,10.9969626077127,484.432497636361,57.5515875616497,4.72607000694883,41.326370851818,16.8274608205071,11.0843963416521,494.828971554087,59.0265217872216,4.50261654685111,41.2173028561202,17.0405261956017,10.6285033041208,470.252829977817,54.347871412452,4.95008095119092,40.758184978044,17.6735331546804,10.4163971321954,443.268234183308,49.0940182898779,5.49054303285969
999,40.9205833698873,16.7152419827743,11.1106573522948,494.122617913957,58.9899825471658,4.61269884074801,40.6961511752582,16.6401793563692,10.9112565711191,482.425275989289,57.099638758271,4.85024749065965,41.1359037397342,16.8740726636887,11.064086597384,491.69938221502,58.3570115471073,4.61998590474697,41.1492703238819,17.0308210084899,10.600922516832,470.363972763191,54.1843690040767,5.02967749759307,40.6806626099159,17.7213365760732,10.2937693744738,438.667600642232,48.1454571846427,5.7902509401318
1000,41.0409720616475,16.6797902719953,11.1055054962613,495.819036035355,59.0406329698486,4.70659050575207,40.8623008828796,16.6591587584295,10.9414507893996,485.939549765594,57.4441114184575,4.87654595175217,41.252027192701,16.8398627956212,11.0443691445539,494.107116883344,58.4939396662082,4.70804923572679,41.2330421591571,16.9854023166685,10.6363115229835,474.59713327298,54.5793172696749,5.10210684649582,40.7513501237058,17.7429473527157,10.3443139101247,441.683836383947,48.5040598493976,5.76400359626887
