"game_pk","season","official_date","weekday","has_abs_challenges","n_mj_event","n_mj_play","max_remaining"
721661,2023,"2023-03-31","Friday","FALSE",0,0,
721732,2023,"2023-03-31","Friday","FALSE",0,0,
721807,2023,"2023-03-31","Friday","FALSE",0,0,
721957,2023,"2023-03-31","Friday","FALSE",0,0,
722652,2023,"2023-03-31","Friday","FALSE",0,0,
722729,2023,"2023-03-31","Friday","FALSE",0,0,
722952,2023,"2023-03-31","Friday","FALSE",0,0,
723026,2023,"2023-03-31","Friday","FALSE",0,0,
723540,2023,"2023-03-31","Friday","FALSE",0,0,
723610,2023,"2023-03-31","Friday","FALSE",0,0,
723684,2023,"2023-03-31","Friday","FALSE",0,0,
723758,2023,"2023-03-31","Friday","FALSE",0,0,
725504,2023,"2023-03-31","Friday","FALSE",0,0,
721507,2023,"2023-04-01","Saturday","FALSE",0,0,
721508,2023,"2023-04-01","Saturday","FALSE",0,0,
721658,2023,"2023-04-01","Saturday","FALSE",0,0,
721731,2023,"2023-04-01","Saturday","FALSE",0,0,
721802,2023,"2023-04-01","Saturday","FALSE",0,0,
721956,2023,"2023-04-01","Saturday","FALSE",0,0,
722654,2023,"2023-04-01","Saturday","FALSE",0,0,
722733,2023,"2023-04-01","Saturday","FALSE",0,0,
722955,2023,"2023-04-01","Saturday","FALSE",0,0,
723029,2023,"2023-04-01","Saturday","FALSE",0,0,
723248,2023,"2023-04-01","Saturday","FALSE",0,0,
723258,2023,"2023-04-01","Saturday","FALSE",0,0,
723532,2023,"2023-04-01","Saturday","FALSE",0,0,
723604,2023,"2023-04-01","Saturday","FALSE",0,0,
723680,2023,"2023-04-01","Saturday","FALSE",0,0,
723759,2023,"2023-04-01","Saturday","FALSE",0,0,
725505,2023,"2023-04-01","Saturday","FALSE",0,0,
721506,2023,"2023-04-02","Sunday","FALSE",0,0,
721652,2023,"2023-04-02","Sunday","FALSE",0,0,
721728,2023,"2023-04-02","Sunday","FALSE",0,0,
721803,2023,"2023-04-02","Sunday","FALSE",0,0,
721955,2023,"2023-04-02","Sunday","FALSE",0,0,
722656,2023,"2023-04-02","Sunday","FALSE",0,0,
722724,2023,"2023-04-02","Sunday","FALSE",0,0,
722954,2023,"2023-04-02","Sunday","FALSE",0,0,
723250,2023,"2023-04-02","Sunday","FALSE",0,0,
723533,2023,"2023-04-02","Sunday","FALSE",0,0,
723603,2023,"2023-04-02","Sunday","FALSE",0,0,
723682,2023,"2023-04-02","Sunday","FALSE",0,0,
723760,2023,"2023-04-02","Sunday","FALSE",0,0,
725499,2023,"2023-04-02","Sunday","FALSE",0,0,
721357,2023,"2023-04-04","Tuesday","FALSE",0,0,
721433,2023,"2023-04-04","Tuesday","FALSE",0,0,
721580,2023,"2023-04-04","Tuesday","FALSE",0,0,
721883,2023,"2023-04-04","Tuesday","FALSE",0,0,
722031,2023,"2023-04-04","Tuesday","FALSE",0,0,
722803,2023,"2023-04-04","Tuesday","FALSE",0,0,
723103,2023,"2023-04-04","Tuesday","FALSE",0,0,
723178,2023,"2023-04-04","Tuesday","FALSE",0,0,
723326,2023,"2023-04-04","Tuesday","FALSE",0,0,
723405,2023,"2023-04-04","Tuesday","FALSE",0,0,
723480,2023,"2023-04-04","Tuesday","FALSE",0,0,
725397,2023,"2023-04-04","Tuesday","FALSE",0,0,
725572,2023,"2023-04-04","Tuesday","FALSE",0,0,
721359,2023,"2023-04-05","Wednesday","FALSE",0,0,
721430,2023,"2023-04-05","Wednesday","FALSE",0,0,
721578,2023,"2023-04-05","Wednesday","FALSE",0,0,
721886,2023,"2023-04-05","Wednesday","FALSE",0,0,
722029,2023,"2023-04-05","Wednesday","FALSE",0,0,
722807,2023,"2023-04-05","Wednesday","FALSE",0,0,
723104,2023,"2023-04-05","Wednesday","FALSE",0,0,
723177,2023,"2023-04-05","Wednesday","FALSE",0,0,
723479,2023,"2023-04-05","Wednesday","FALSE",0,0,
725399,2023,"2023-04-05","Wednesday","FALSE",0,0,
721581,2023,"2023-04-06","Thursday","FALSE",0,0,
721879,2023,"2023-04-06","Thursday","FALSE",0,0,
722028,2023,"2023-04-06","Thursday","FALSE",0,0,
722806,2023,"2023-04-06","Thursday","FALSE",0,0,
722874,2023,"2023-04-06","Thursday","FALSE",0,0,
723099,2023,"2023-04-06","Thursday","FALSE",0,0,
723174,2023,"2023-04-06","Thursday","FALSE",0,0,
723325,2023,"2023-04-06","Thursday","FALSE",0,0,
723329,2023,"2023-04-06","Thursday","FALSE",0,0,
723402,2023,"2023-04-06","Thursday","FALSE",0,0,
723403,2023,"2023-04-06","Thursday","FALSE",0,0,
723481,2023,"2023-04-06","Thursday","FALSE",0,0,
723831,2023,"2023-04-06","Thursday","FALSE",0,0,
725400,2023,"2023-04-06","Thursday","FALSE",0,0,
721354,2023,"2023-04-07","Friday","FALSE",0,0,
721355,2023,"2023-04-07","Friday","FALSE",0,0,
721579,2023,"2023-04-07","Friday","FALSE",0,0,
721877,2023,"2023-04-07","Friday","FALSE",0,0,
722032,2023,"2023-04-07","Friday","FALSE",0,0,
722877,2023,"2023-04-07","Friday","FALSE",0,0,
723102,2023,"2023-04-07","Friday","FALSE",0,0,
723328,2023,"2023-04-07","Friday","FALSE",0,0,
723399,2023,"2023-04-07","Friday","FALSE",0,0,
723478,2023,"2023-04-07","Friday","FALSE",0,0,
723830,2023,"2023-04-07","Friday","FALSE",0,0,
723883,2023,"2023-04-07","Friday","FALSE",0,0,
723886,2023,"2023-04-07","Friday","FALSE",0,0,
725394,2023,"2023-04-07","Friday","FALSE",0,0,
725571,2023,"2023-04-07","Friday","FALSE",0,0,
721349,2023,"2023-04-08","Saturday","FALSE",0,0,
721425,2023,"2023-04-08","Saturday","FALSE",0,0,
721431,2023,"2023-04-08","Saturday","FALSE",0,0,
721582,2023,"2023-04-08","Saturday","FALSE",0,0,
721878,2023,"2023-04-08","Saturday","FALSE",0,0,
722030,2023,"2023-04-08","Saturday","FALSE",0,0,
722799,2023,"2023-04-08","Saturday","FALSE",0,0,
722801,2023,"2023-04-08","Saturday","FALSE",0,0,
722871,2023,"2023-04-08","Saturday","FALSE",0,0,
722880,2023,"2023-04-08","Saturday","FALSE",0,0,
723101,2023,"2023-04-08","Saturday","FALSE",0,0,
723175,2023,"2023-04-08","Saturday","FALSE",0,0,
723330,2023,"2023-04-08","Saturday","FALSE",0,0,
723398,2023,"2023-04-08","Saturday","FALSE",0,0,
723470,2023,"2023-04-08","Saturday","FALSE",0,0,
723475,2023,"2023-04-08","Saturday","FALSE",0,0,
723832,2023,"2023-04-08","Saturday","FALSE",0,0,
723888,2023,"2023-04-08","Saturday","FALSE",0,0,
721427,2023,"2023-04-09","Sunday","FALSE",0,0,
721572,2023,"2023-04-09","Sunday","FALSE",0,0,
721880,2023,"2023-04-09","Sunday","FALSE",0,0,
722024,2023,"2023-04-09","Sunday","FALSE",0,0,
722800,2023,"2023-04-09","Sunday","FALSE",0,0,
722875,2023,"2023-04-09","Sunday","FALSE",0,0,
723100,2023,"2023-04-09","Sunday","FALSE",0,0,
723176,2023,"2023-04-09","Sunday","FALSE",0,0,
723324,2023,"2023-04-09","Sunday","FALSE",0,0,
723400,2023,"2023-04-09","Sunday","FALSE",0,0,
723828,2023,"2023-04-09","Sunday","FALSE",0,0,
723885,2023,"2023-04-09","Sunday","FALSE",0,0,
723892,2023,"2023-04-09","Sunday","FALSE",0,0,
725393,2023,"2023-04-09","Sunday","FALSE",0,0,
721653,2023,"2023-04-11","Tuesday","FALSE",0,0,
721727,2023,"2023-04-11","Tuesday","FALSE",0,0,
721806,2023,"2023-04-11","Tuesday","FALSE",0,0,
721876,2023,"2023-04-11","Tuesday","FALSE",0,0,
721954,2023,"2023-04-11","Tuesday","FALSE",0,0,
722646,2023,"2023-04-11","Tuesday","FALSE",0,0,
722727,2023,"2023-04-11","Tuesday","FALSE",0,0,
722947,2023,"2023-04-11","Tuesday","FALSE",0,0,
723024,2023,"2023-04-11","Tuesday","FALSE",0,0,
723252,2023,"2023-04-11","Tuesday","FALSE",0,0,
723530,2023,"2023-04-11","Tuesday","FALSE",0,0,
723608,2023,"2023-04-11","Tuesday","FALSE",0,0,
723681,2023,"2023-04-11","Tuesday","FALSE",0,0,
723757,2023,"2023-04-11","Tuesday","FALSE",0,0,
725501,2023,"2023-04-11","Tuesday","FALSE",0,0,
721651,2023,"2023-04-12","Wednesday","FALSE",0,0,
721730,2023,"2023-04-12","Wednesday","FALSE",0,0,
721805,2023,"2023-04-12","Wednesday","FALSE",0,0,
721875,2023,"2023-04-12","Wednesday","FALSE",0,0,
721950,2023,"2023-04-12","Wednesday","FALSE",0,0,
722648,2023,"2023-04-12","Wednesday","FALSE",0,0,
722726,2023,"2023-04-12","Wednesday","FALSE",0,0,
722951,2023,"2023-04-12","Wednesday","FALSE",0,0,
723025,2023,"2023-04-12","Wednesday","FALSE",0,0,
723253,2023,"2023-04-12","Wednesday","FALSE",0,0,
723528,2023,"2023-04-12","Wednesday","FALSE",0,0,
723606,2023,"2023-04-12","Wednesday","FALSE",0,0,
723683,2023,"2023-04-12","Wednesday","FALSE",0,0,
723755,2023,"2023-04-12","Wednesday","FALSE",0,0,
725494,2023,"2023-04-12","Wednesday","FALSE",0,0,
721654,2023,"2023-04-13","Thursday","FALSE",0,0,
721726,2023,"2023-04-13","Thursday","FALSE",0,0,
721804,2023,"2023-04-13","Thursday","FALSE",0,0,
721869,2023,"2023-04-13","Thursday","FALSE",0,0,
721952,2023,"2023-04-13","Thursday","FALSE",0,0,
722649,2023,"2023-04-13","Thursday","FALSE",0,0,
722723,2023,"2023-04-13","Thursday","FALSE",0,0,
722948,2023,"2023-04-13","Thursday","FALSE",0,0,
723027,2023,"2023-04-13","Thursday","FALSE",0,0,
723251,2023,"2023-04-13","Thursday","FALSE",0,0,
723529,2023,"2023-04-13","Thursday","FALSE",0,0,
723607,2023,"2023-04-13","Thursday","FALSE",0,0,
723678,2023,"2023-04-13","Thursday","FALSE",0,0,
723750,2023,"2023-04-13","Thursday","FALSE",0,0,
725495,2023,"2023-04-13","Thursday","FALSE",0,0,
721655,2023,"2023-04-14","Friday","FALSE",0,0,
721729,2023,"2023-04-14","Friday","FALSE",0,0,
721798,2023,"2023-04-14","Friday","FALSE",0,0,
721870,2023,"2023-04-14","Friday","FALSE",0,0,
721949,2023,"2023-04-14","Friday","FALSE",0,0,
722647,2023,"2023-04-14","Friday","FALSE",0,0,
722722,2023,"2023-04-14","Friday","FALSE",0,0,
722946,2023,"2023-04-14","Friday","FALSE",0,0,
723021,2023,"2023-04-14","Friday","FALSE",0,0,
723249,2023,"2023-04-14","Friday","FALSE",0,0,
723531,2023,"2023-04-14","Friday","FALSE",0,0,
723605,2023,"2023-04-14","Friday","FALSE",0,0,
723679,2023,"2023-04-14","Friday","FALSE",0,0,
723754,2023,"2023-04-14","Friday","FALSE",0,0,
725496,2023,"2023-04-14","Friday","FALSE",0,0,
721645,2023,"2023-04-15","Saturday","FALSE",0,0,
721725,2023,"2023-04-15","Saturday","FALSE",0,0,
721799,2023,"2023-04-15","Saturday","FALSE",0,0,
721874,2023,"2023-04-15","Saturday","FALSE",0,0,
721953,2023,"2023-04-15","Saturday","FALSE",0,0,
722650,2023,"2023-04-15","Saturday","FALSE",0,0,
722725,2023,"2023-04-15","Saturday","FALSE",0,0,
723020,2023,"2023-04-15","Saturday","FALSE",0,0,
723245,2023,"2023-04-15","Saturday","FALSE",0,0,
723599,2023,"2023-04-15","Saturday","FALSE",0,0,
723674,2023,"2023-04-15","Saturday","FALSE",0,0,
723752,2023,"2023-04-15","Saturday","FALSE",0,0,
725498,2023,"2023-04-15","Saturday","FALSE",0,0,
721646,2023,"2023-04-16","Sunday","FALSE",0,0,
721723,2023,"2023-04-16","Sunday","FALSE",0,0,
721796,2023,"2023-04-16","Sunday","FALSE",0,0,
721872,2023,"2023-04-16","Sunday","FALSE",0,0,
721951,2023,"2023-04-16","Sunday","FALSE",0,0,
722651,2023,"2023-04-16","Sunday","FALSE",0,0,
722949,2023,"2023-04-16","Sunday","FALSE",0,0,
722950,2023,"2023-04-16","Sunday","FALSE",0,0,
723019,2023,"2023-04-16","Sunday","FALSE",0,0,
723247,2023,"2023-04-16","Sunday","FALSE",0,0,
723602,2023,"2023-04-16","Sunday","FALSE",0,0,
723676,2023,"2023-04-16","Sunday","FALSE",0,0,
723751,2023,"2023-04-16","Sunday","FALSE",0,0,
725497,2023,"2023-04-16","Sunday","FALSE",0,0,
721352,2023,"2023-04-18","Tuesday","FALSE",0,0,
721424,2023,"2023-04-18","Tuesday","FALSE",0,0,
721505,2023,"2023-04-18","Tuesday","FALSE",0,0,
721577,2023,"2023-04-18","Tuesday","FALSE",0,0,
722023,2023,"2023-04-18","Tuesday","FALSE",0,0,
722795,2023,"2023-04-18","Tuesday","FALSE",0,0,
722873,2023,"2023-04-18","Tuesday","FALSE",0,0,
723095,2023,"2023-04-18","Tuesday","FALSE",0,0,
723170,2023,"2023-04-18","Tuesday","FALSE",0,0,
723323,2023,"2023-04-18","Tuesday","FALSE",0,0,
723397,2023,"2023-04-18","Tuesday","FALSE",0,0,
723472,2023,"2023-04-18","Tuesday","FALSE",0,0,
723829,2023,"2023-04-18","Tuesday","FALSE",0,0,
725392,2023,"2023-04-18","Tuesday","FALSE",0,0,
721347,2023,"2023-04-19","Wednesday","FALSE",0,0,
721428,2023,"2023-04-19","Wednesday","FALSE",0,0,
721498,2023,"2023-04-19","Wednesday","FALSE",0,0,
721575,2023,"2023-04-19","Wednesday","FALSE",0,0,
722026,2023,"2023-04-19","Wednesday","FALSE",0,0,
722872,2023,"2023-04-19","Wednesday","FALSE",0,0,
723098,2023,"2023-04-19","Wednesday","FALSE",0,0,
723172,2023,"2023-04-19","Wednesday","FALSE",0,0,
723322,2023,"2023-04-19","Wednesday","FALSE",0,0,
723401,2023,"2023-04-19","Wednesday","FALSE",0,0,
723471,2023,"2023-04-19","Wednesday","FALSE",0,0,
723823,2023,"2023-04-19","Wednesday","FALSE",0,0,
723882,2023,"2023-04-19","Wednesday","FALSE",0,0,
725388,2023,"2023-04-19","Wednesday","FALSE",0,0,
721353,2023,"2023-04-20","Thursday","FALSE",0,0,
721423,2023,"2023-04-20","Thursday","FALSE",0,0,
721502,2023,"2023-04-20","Thursday","FALSE",0,0,
721573,2023,"2023-04-20","Thursday","FALSE",0,0,
722022,2023,"2023-04-20","Thursday","FALSE",0,0,
722793,2023,"2023-04-20","Thursday","FALSE",0,0,
722797,2023,"2023-04-20","Thursday","FALSE",0,0,
722876,2023,"2023-04-20","Thursday","FALSE",0,0,
723097,2023,"2023-04-20","Thursday","FALSE",0,0,
723173,2023,"2023-04-20","Thursday","FALSE",0,0,
723321,2023,"2023-04-20","Thursday","FALSE",0,0,
723392,2023,"2023-04-20","Thursday","FALSE",0,0,
723474,2023,"2023-04-20","Thursday","FALSE",0,0,
723824,2023,"2023-04-20","Thursday","FALSE",0,0,
723878,2023,"2023-04-20","Thursday","FALSE",0,0,
723887,2023,"2023-04-20","Thursday","FALSE",0,0,
725391,2023,"2023-04-20","Thursday","FALSE",0,0,
721350,2023,"2023-04-21","Friday","FALSE",0,0,
721426,2023,"2023-04-21","Friday","FALSE",0,0,
721574,2023,"2023-04-21","Friday","FALSE",0,0,
722027,2023,"2023-04-21","Friday","FALSE",0,0,
722796,2023,"2023-04-21","Friday","FALSE",0,0,
722865,2023,"2023-04-21","Friday","FALSE",0,0,
723094,2023,"2023-04-21","Friday","FALSE",0,0,
723169,2023,"2023-04-21","Friday","FALSE",0,0,
723318,2023,"2023-04-21","Friday","FALSE",0,0,
723473,2023,"2023-04-21","Friday","FALSE",0,0,
723881,2023,"2023-04-21","Friday","FALSE",0,0,
725390,2023,"2023-04-21","Friday","FALSE",0,0,
721348,2023,"2023-04-22","Saturday","FALSE",0,0,
721422,2023,"2023-04-22","Saturday","FALSE",0,0,
721497,2023,"2023-04-22","Saturday","FALSE",0,0,
721500,2023,"2023-04-22","Saturday","FALSE",0,0,
721576,2023,"2023-04-22","Saturday","FALSE",0,0,
722025,2023,"2023-04-22","Saturday","FALSE",0,0,
722794,2023,"2023-04-22","Saturday","FALSE",0,0,
722869,2023,"2023-04-22","Saturday","FALSE",0,0,
723096,2023,"2023-04-22","Saturday","FALSE",0,0,
723171,2023,"2023-04-22","Saturday","FALSE",0,0,
723316,2023,"2023-04-22","Saturday","FALSE",0,0,
723394,2023,"2023-04-22","Saturday","FALSE",0,0,
723395,2023,"2023-04-22","Saturday","FALSE",0,0,
723826,2023,"2023-04-22","Saturday","FALSE",0,0,
723827,2023,"2023-04-22","Saturday","FALSE",0,0,
723876,2023,"2023-04-22","Saturday","FALSE",0,0,
721345,2023,"2023-04-23","Sunday","FALSE",0,0,
721417,2023,"2023-04-23","Sunday","FALSE",0,0,
721501,2023,"2023-04-23","Sunday","FALSE",0,0,
721568,2023,"2023-04-23","Sunday","FALSE",0,0,
722016,2023,"2023-04-23","Sunday","FALSE",0,0,
722798,2023,"2023-04-23","Sunday","FALSE",0,0,
722870,2023,"2023-04-23","Sunday","FALSE",0,0,
723089,2023,"2023-04-23","Sunday","FALSE",0,0,
723167,2023,"2023-04-23","Sunday","FALSE",0,0,
723319,2023,"2023-04-23","Sunday","FALSE",0,0,
723391,2023,"2023-04-23","Sunday","FALSE",0,0,
723465,2023,"2023-04-23","Sunday","FALSE",0,0,
723467,2023,"2023-04-23","Sunday","FALSE",0,0,
723825,2023,"2023-04-23","Sunday","FALSE",0,0,
723880,2023,"2023-04-23","Sunday","FALSE",0,0,
725387,2023,"2023-04-23","Sunday","FALSE",0,0,
721650,2023,"2023-04-25","Tuesday","FALSE",0,0,
721724,2023,"2023-04-25","Tuesday","FALSE",0,0,
721800,2023,"2023-04-25","Tuesday","FALSE",0,0,
721871,2023,"2023-04-25","Tuesday","FALSE",0,0,
721948,2023,"2023-04-25","Tuesday","FALSE",0,0,
722644,2023,"2023-04-25","Tuesday","FALSE",0,0,
723022,2023,"2023-04-25","Tuesday","FALSE",0,0,
723243,2023,"2023-04-25","Tuesday","FALSE",0,0,
723598,2023,"2023-04-25","Tuesday","FALSE",0,0,
723675,2023,"2023-04-25","Tuesday","FALSE",0,0,
723753,2023,"2023-04-25","Tuesday","FALSE",0,0,
725386,2023,"2023-04-25","Tuesday","FALSE",0,0,
725493,2023,"2023-04-25","Tuesday","FALSE",0,0,
725565,2023,"2023-04-25","Tuesday","FALSE",0,0,
721649,2023,"2023-04-26","Wednesday","FALSE",0,0,
721722,2023,"2023-04-26","Wednesday","FALSE",0,0,
721873,2023,"2023-04-26","Wednesday","FALSE",0,0,
721945,2023,"2023-04-26","Wednesday","FALSE",0,0,
722645,2023,"2023-04-26","Wednesday","FALSE",0,0,
722714,2023,"2023-04-26","Wednesday","FALSE",0,0,
722721,2023,"2023-04-26","Wednesday","FALSE",0,0,
723023,2023,"2023-04-26","Wednesday","FALSE",0,0,
723246,2023,"2023-04-26","Wednesday","FALSE",0,0,
723600,2023,"2023-04-26","Wednesday","FALSE",0,0,
723673,2023,"2023-04-26","Wednesday","FALSE",0,0,
723747,2023,"2023-04-26","Wednesday","FALSE",0,0,
725383,2023,"2023-04-26","Wednesday","FALSE",0,0,
725492,2023,"2023-04-26","Wednesday","FALSE",0,0,
725566,2023,"2023-04-26","Wednesday","FALSE",0,0,
721647,2023,"2023-04-27","Thursday","FALSE",0,0,
721721,2023,"2023-04-27","Thursday","FALSE",0,0,
721797,2023,"2023-04-27","Thursday","FALSE",0,0,
721801,2023,"2023-04-27","Thursday","FALSE",0,0,
721862,2023,"2023-04-27","Thursday","FALSE",0,0,
721947,2023,"2023-04-27","Thursday","FALSE",0,0,
722643,2023,"2023-04-27","Thursday","FALSE",0,0,
722715,2023,"2023-04-27","Thursday","FALSE",0,0,
723018,2023,"2023-04-27","Thursday","FALSE",0,0,
723244,2023,"2023-04-27","Thursday","FALSE",0,0,
723601,2023,"2023-04-27","Thursday","FALSE",0,0,
723672,2023,"2023-04-27","Thursday","FALSE",0,0,
723748,2023,"2023-04-27","Thursday","FALSE",0,0,
725384,2023,"2023-04-27","Thursday","FALSE",0,0,
725567,2023,"2023-04-27","Thursday","FALSE",0,0,
721648,2023,"2023-04-28","Friday","TRUE",8,1,3
721719,2023,"2023-04-28","Friday","TRUE",4,3,3
721867,2023,"2023-04-28","Friday","TRUE",3,0,3
721944,2023,"2023-04-28","Friday","TRUE",4,1,3
722642,2023,"2023-04-28","Friday","TRUE",4,0,3
722717,2023,"2023-04-28","Friday","FALSE",0,0,
723013,2023,"2023-04-28","Friday","TRUE",2,1,3
723239,2023,"2023-04-28","Friday","TRUE",4,0,3
723597,2023,"2023-04-28","Friday","TRUE",1,1,3
723677,2023,"2023-04-28","Friday","TRUE",5,1,3
723746,2023,"2023-04-28","Friday","TRUE",5,2,3
725382,2023,"2023-04-28","Friday","TRUE",1,3,3
725488,2023,"2023-04-28","Friday","TRUE",3,0,3
725489,2023,"2023-04-28","Friday","TRUE",2,0,3
725568,2023,"2023-04-28","Friday","TRUE",4,0,3
721641,2023,"2023-04-29","Saturday","TRUE",5,3,3
721717,2023,"2023-04-29","Saturday","TRUE",6,0,3
721792,2023,"2023-04-29","Saturday","TRUE",3,4,3
721868,2023,"2023-04-29","Saturday","TRUE",3,2,3
721943,2023,"2023-04-29","Saturday","TRUE",5,1,3
722639,2023,"2023-04-29","Saturday","TRUE",3,3,3
722716,2023,"2023-04-29","Saturday","TRUE",1,0,3
723012,2023,"2023-04-29","Saturday","TRUE",2,1,3
723237,2023,"2023-04-29","Saturday","FALSE",0,0,
723593,2023,"2023-04-29","Saturday","TRUE",3,0,3
723671,2023,"2023-04-29","Saturday","TRUE",7,1,3
723749,2023,"2023-04-29","Saturday","TRUE",7,0,3
725378,2023,"2023-04-29","Saturday","TRUE",1,0,3
725490,2023,"2023-04-29","Saturday","TRUE",8,1,3
725564,2023,"2023-04-29","Saturday","TRUE",3,1,3
721640,2023,"2023-04-30","Sunday","TRUE",7,1,3
721715,2023,"2023-04-30","Sunday","TRUE",4,2,3
721791,2023,"2023-04-30","Sunday","TRUE",3,0,3
721795,2023,"2023-04-30","Sunday","TRUE",1,3,3
721866,2023,"2023-04-30","Sunday","TRUE",7,0,3
721946,2023,"2023-04-30","Sunday","TRUE",4,0,3
722638,2023,"2023-04-30","Sunday","TRUE",3,1,3
722719,2023,"2023-04-30","Sunday","TRUE",5,2,3
723240,2023,"2023-04-30","Sunday","FALSE",0,0,
723670,2023,"2023-04-30","Sunday","TRUE",8,0,3
723745,2023,"2023-04-30","Sunday","TRUE",0,0,3
725379,2023,"2023-04-30","Sunday","TRUE",4,1,3
725491,2023,"2023-04-30","Sunday","TRUE",6,1,3
725561,2023,"2023-04-30","Sunday","TRUE",2,1,3
721499,2023,"2023-05-02","Tuesday","FALSE",0,0,
721566,2023,"2023-05-02","Tuesday","FALSE",0,0,
721938,2023,"2023-05-02","Tuesday","FALSE",0,0,
722019,2023,"2023-05-02","Tuesday","FALSE",0,0,
722640,2023,"2023-05-02","Tuesday","FALSE",0,0,
722789,2023,"2023-05-02","Tuesday","FALSE",0,0,
722868,2023,"2023-05-02","Tuesday","FALSE",0,0,
722944,2023,"2023-05-02","Tuesday","FALSE",0,0,
723093,2023,"2023-05-02","Tuesday","FALSE",0,0,
723166,2023,"2023-05-02","Tuesday","FALSE",0,0,
723317,2023,"2023-05-02","Tuesday","FALSE",0,0,
723669,2023,"2023-05-02","Tuesday","FALSE",0,0,
721503,2023,"2023-05-03","Wednesday","FALSE",0,0,
721571,2023,"2023-05-03","Wednesday","FALSE",0,0,
721716,2023,"2023-05-03","Wednesday","FALSE",0,0,
721720,2023,"2023-05-03","Wednesday","FALSE",0,0,
721942,2023,"2023-05-03","Wednesday","FALSE",0,0,
722017,2023,"2023-05-03","Wednesday","FALSE",0,0,
722709,2023,"2023-05-03","Wednesday","FALSE",0,0,
722718,2023,"2023-05-03","Wednesday","FALSE",0,0,
722864,2023,"2023-05-03","Wednesday","FALSE",0,0,
723092,2023,"2023-05-03","Wednesday","FALSE",0,0,
723165,2023,"2023-05-03","Wednesday","FALSE",0,0,
723320,2023,"2023-05-03","Wednesday","FALSE",0,0,
723668,2023,"2023-05-03","Wednesday","FALSE",0,0,
723816,2023,"2023-05-03","Wednesday","FALSE",0,0,
721490,2023,"2023-05-04","Thursday","FALSE",0,0,
721570,2023,"2023-05-04","Thursday","FALSE",0,0,
721718,2023,"2023-05-04","Thursday","FALSE",0,0,
721940,2023,"2023-05-04","Thursday","FALSE",0,0,
722018,2023,"2023-05-04","Thursday","FALSE",0,0,
722637,2023,"2023-05-04","Thursday","FALSE",0,0,
722710,2023,"2023-05-04","Thursday","FALSE",0,0,
722788,2023,"2023-05-04","Thursday","FALSE",0,0,
722866,2023,"2023-05-04","Thursday","FALSE",0,0,
722941,2023,"2023-05-04","Thursday","FALSE",0,0,
722945,2023,"2023-05-04","Thursday","FALSE",0,0,
723090,2023,"2023-05-04","Thursday","FALSE",0,0,
723164,2023,"2023-05-04","Thursday","FALSE",0,0,
723314,2023,"2023-05-04","Thursday","FALSE",0,0,
723666,2023,"2023-05-04","Thursday","FALSE",0,0,
723820,2023,"2023-05-04","Thursday","FALSE",0,0,
723884,2023,"2023-05-04","Thursday","FALSE",0,0,
721492,2023,"2023-05-05","Friday","TRUE",4,0,3
721567,2023,"2023-05-05","Friday","TRUE",4,1,3
721714,2023,"2023-05-05","Friday","TRUE",4,2,3
721937,2023,"2023-05-05","Friday","TRUE",4,0,3
722020,2023,"2023-05-05","Friday","TRUE",6,4,4
722634,2023,"2023-05-05","Friday","TRUE",5,4,3
722708,2023,"2023-05-05","Friday","TRUE",4,1,3
722787,2023,"2023-05-05","Friday","TRUE",5,1,3
722867,2023,"2023-05-05","Friday","TRUE",5,1,3
722943,2023,"2023-05-05","Friday","TRUE",3,1,3
723091,2023,"2023-05-05","Friday","TRUE",3,1,3
723168,2023,"2023-05-05","Friday","TRUE",3,0,3
723312,2023,"2023-05-05","Friday","TRUE",3,0,3
723667,2023,"2023-05-05","Friday","TRUE",5,1,3
723817,2023,"2023-05-05","Friday","TRUE",3,0,3
721496,2023,"2023-05-06","Saturday","TRUE",4,2,3
721569,2023,"2023-05-06","Saturday","TRUE",7,2,3
721711,2023,"2023-05-06","Saturday","TRUE",5,2,3
721941,2023,"2023-05-06","Saturday","TRUE",3,0,3
722021,2023,"2023-05-06","Saturday","TRUE",7,2,3
722631,2023,"2023-05-06","Saturday","TRUE",5,4,3
722641,2023,"2023-05-06","Saturday","TRUE",3,1,3
722707,2023,"2023-05-06","Saturday","TRUE",4,3,3
722786,2023,"2023-05-06","Saturday","TRUE",2,2,3
722790,2023,"2023-05-06","Saturday","TRUE",3,0,3
722942,2023,"2023-05-06","Saturday","TRUE",4,1,3
723087,2023,"2023-05-06","Saturday","TRUE",1,2,3
723163,2023,"2023-05-06","Saturday","TRUE",3,0,3
723315,2023,"2023-05-06","Saturday","TRUE",3,1,3
723660,2023,"2023-05-06","Saturday","TRUE",1,1,3
723818,2023,"2023-05-06","Saturday","TRUE",1,0,3
723822,2023,"2023-05-06","Saturday","TRUE",7,1,3
721494,2023,"2023-05-07","Sunday","TRUE",5,2,3
721564,2023,"2023-05-07","Sunday","TRUE",4,2,3
721713,2023,"2023-05-07","Sunday","TRUE",7,0,3
721939,2023,"2023-05-07","Sunday","TRUE",3,1,3
722015,2023,"2023-05-07","Sunday","TRUE",6,2,3
722633,2023,"2023-05-07","Sunday","TRUE",6,3,3
722713,2023,"2023-05-07","Sunday","TRUE",5,4,3
722791,2023,"2023-05-07","Sunday","TRUE",5,2,3
722860,2023,"2023-05-07","Sunday","TRUE",2,0,3
722863,2023,"2023-05-07","Sunday","TRUE",3,1,3
722937,2023,"2023-05-07","Sunday","TRUE",5,1,3
723085,2023,"2023-05-07","Sunday","TRUE",2,4,3
723160,2023,"2023-05-07","Sunday","TRUE",6,1,3
723310,2023,"2023-05-07","Sunday","TRUE",2,2,3
723661,2023,"2023-05-07","Sunday","TRUE",1,1,3
723819,2023,"2023-05-07","Sunday","TRUE",6,0,3
721343,2023,"2023-05-09","Tuesday","FALSE",0,0,
721418,2023,"2023-05-09","Tuesday","FALSE",0,0,
721561,2023,"2023-05-09","Tuesday","FALSE",0,0,
721643,2023,"2023-05-09","Tuesday","FALSE",0,0,
721865,2023,"2023-05-09","Tuesday","FALSE",0,0,
722862,2023,"2023-05-09","Tuesday","FALSE",0,0,
722939,2023,"2023-05-09","Tuesday","FALSE",0,0,
723017,2023,"2023-05-09","Tuesday","FALSE",0,0,
723238,2023,"2023-05-09","Tuesday","FALSE",0,0,
723393,2023,"2023-05-09","Tuesday","FALSE",0,0,
723466,2023,"2023-05-09","Tuesday","FALSE",0,0,
723877,2023,"2023-05-09","Tuesday","FALSE",0,0,
725380,2023,"2023-05-09","Tuesday","FALSE",0,0,
725485,2023,"2023-05-09","Tuesday","FALSE",0,0,
725562,2023,"2023-05-09","Tuesday","FALSE",0,0,
721346,2023,"2023-05-10","Wednesday","FALSE",0,0,
721351,2023,"2023-05-10","Wednesday","FALSE",0,0,
721416,2023,"2023-05-10","Wednesday","FALSE",0,0,
721560,2023,"2023-05-10","Wednesday","FALSE",0,0,
721642,2023,"2023-05-10","Wednesday","FALSE",0,0,
721863,2023,"2023-05-10","Wednesday","FALSE",0,0,
722859,2023,"2023-05-10","Wednesday","FALSE",0,0,
722935,2023,"2023-05-10","Wednesday","FALSE",0,0,
723014,2023,"2023-05-10","Wednesday","FALSE",0,0,
723241,2023,"2023-05-10","Wednesday","FALSE",0,0,
723396,2023,"2023-05-10","Wednesday","FALSE",0,0,
723468,2023,"2023-05-10","Wednesday","FALSE",0,0,
723879,2023,"2023-05-10","Wednesday","FALSE",0,0,
725381,2023,"2023-05-10","Wednesday","FALSE",0,0,
725487,2023,"2023-05-10","Wednesday","FALSE",0,0,
725558,2023,"2023-05-10","Wednesday","FALSE",0,0,
721340,2023,"2023-05-11","Thursday","FALSE",0,0,
721420,2023,"2023-05-11","Thursday","FALSE",0,0,
721565,2023,"2023-05-11","Thursday","FALSE",0,0,
721644,2023,"2023-05-11","Thursday","FALSE",0,0,
721864,2023,"2023-05-11","Thursday","FALSE",0,0,
722858,2023,"2023-05-11","Thursday","FALSE",0,0,
722938,2023,"2023-05-11","Thursday","FALSE",0,0,
723016,2023,"2023-05-11","Thursday","FALSE",0,0,
723242,2023,"2023-05-11","Thursday","FALSE",0,0,
723386,2023,"2023-05-11","Thursday","FALSE",0,0,
723469,2023,"2023-05-11","Thursday","FALSE",0,0,
723873,2023,"2023-05-11","Thursday","FALSE",0,0,
725376,2023,"2023-05-11","Thursday","FALSE",0,0,
725482,2023,"2023-05-11","Thursday","FALSE",0,0,
725559,2023,"2023-05-11","Thursday","FALSE",0,0,
721341,2023,"2023-05-12","Friday","TRUE",1,0,3
721421,2023,"2023-05-12","Friday","TRUE",8,0,3
721559,2023,"2023-05-12","Friday","TRUE",1,0,3
721639,2023,"2023-05-12","Friday","TRUE",3,1,3
721856,2023,"2023-05-12","Friday","TRUE",6,2,3
722861,2023,"2023-05-12","Friday","TRUE",4,0,3
722936,2023,"2023-05-12","Friday","TRUE",6,0,3
723008,2023,"2023-05-12","Friday","TRUE",5,2,3
723232,2023,"2023-05-12","Friday","TRUE",2,1,3
723389,2023,"2023-05-12","Friday","TRUE",4,0,3
723461,2023,"2023-05-12","Friday","TRUE",3,3,3
723871,2023,"2023-05-12","Friday","TRUE",8,2,3
725377,2023,"2023-05-12","Friday","TRUE",7,3,4
725484,2023,"2023-05-12","Friday","TRUE",4,2,3
725563,2023,"2023-05-12","Friday","TRUE",1,0,3
721342,2023,"2023-05-13","Saturday","TRUE",3,2,3
721419,2023,"2023-05-13","Saturday","TRUE",4,3,3
721562,2023,"2023-05-13","Saturday","TRUE",3,0,3
721635,2023,"2023-05-13","Saturday","TRUE",7,1,3
721860,2023,"2023-05-13","Saturday","TRUE",5,2,4
722855,2023,"2023-05-13","Saturday","TRUE",5,1,3
722940,2023,"2023-05-13","Saturday","TRUE",4,2,3
723011,2023,"2023-05-13","Saturday","TRUE",5,1,3
723234,2023,"2023-05-13","Saturday","TRUE",6,3,3
723388,2023,"2023-05-13","Saturday","TRUE",7,1,3
723464,2023,"2023-05-13","Saturday","TRUE",10,4,3
723875,2023,"2023-05-13","Saturday","TRUE",4,1,3
725375,2023,"2023-05-13","Saturday","TRUE",7,2,3
725483,2023,"2023-05-13","Saturday","TRUE",3,0,3
725560,2023,"2023-05-13","Saturday","TRUE",3,3,3
721344,2023,"2023-05-14","Sunday","TRUE",5,0,3
721414,2023,"2023-05-14","Sunday","TRUE",4,2,3
721563,2023,"2023-05-14","Sunday","TRUE",5,1,3
721636,2023,"2023-05-14","Sunday","TRUE",5,1,3
721861,2023,"2023-05-14","Sunday","TRUE",7,1,3
722856,2023,"2023-05-14","Sunday","TRUE",4,2,3
722930,2023,"2023-05-14","Sunday","TRUE",3,3,3
723010,2023,"2023-05-14","Sunday","TRUE",3,0,3
723236,2023,"2023-05-14","Sunday","TRUE",4,1,3
723390,2023,"2023-05-14","Sunday","TRUE",7,1,3
723459,2023,"2023-05-14","Sunday","TRUE",4,2,3
723874,2023,"2023-05-14","Sunday","TRUE",9,0,3
725374,2023,"2023-05-14","Sunday","TRUE",3,1,3
725481,2023,"2023-05-14","Sunday","TRUE",4,2,3
725554,2023,"2023-05-14","Sunday","TRUE",7,1,3
721493,2023,"2023-05-16","Tuesday","FALSE",0,0,
721637,2023,"2023-05-16","Tuesday","FALSE",0,0,
721709,2023,"2023-05-16","Tuesday","FALSE",0,0,
721793,2023,"2023-05-16","Tuesday","FALSE",0,0,
722012,2023,"2023-05-16","Tuesday","FALSE",0,0,
722635,2023,"2023-05-16","Tuesday","FALSE",0,0,
723088,2023,"2023-05-16","Tuesday","FALSE",0,0,
723161,2023,"2023-05-16","Tuesday","FALSE",0,0,
723311,2023,"2023-05-16","Tuesday","FALSE",0,0,
723387,2023,"2023-05-16","Tuesday","FALSE",0,0,
723591,2023,"2023-05-16","Tuesday","FALSE",0,0,
723742,2023,"2023-05-16","Tuesday","FALSE",0,0,
723821,2023,"2023-05-16","Tuesday","FALSE",0,0,
723872,2023,"2023-05-16","Tuesday","FALSE",0,0,
725486,2023,"2023-05-16","Tuesday","FALSE",0,0,
721491,2023,"2023-05-17","Wednesday","FALSE",0,0,
721638,2023,"2023-05-17","Wednesday","FALSE",0,0,
721712,2023,"2023-05-17","Wednesday","FALSE",0,0,
721794,2023,"2023-05-17","Wednesday","FALSE",0,0,
722013,2023,"2023-05-17","Wednesday","FALSE",0,0,
722636,2023,"2023-05-17","Wednesday","FALSE",0,0,
723086,2023,"2023-05-17","Wednesday","FALSE",0,0,
723159,2023,"2023-05-17","Wednesday","FALSE",0,0,
723313,2023,"2023-05-17","Wednesday","FALSE",0,0,
723384,2023,"2023-05-17","Wednesday","FALSE",0,0,
723596,2023,"2023-05-17","Wednesday","FALSE",0,0,
723744,2023,"2023-05-17","Wednesday","FALSE",0,0,
723811,2023,"2023-05-17","Wednesday","FALSE",0,0,
723867,2023,"2023-05-17","Wednesday","FALSE",0,0,
725477,2023,"2023-05-17","Wednesday","FALSE",0,0,
721495,2023,"2023-05-18","Thursday","FALSE",0,0,
721633,2023,"2023-05-18","Thursday","FALSE",0,0,
721708,2023,"2023-05-18","Thursday","FALSE",0,0,
721790,2023,"2023-05-18","Thursday","FALSE",0,0,
722014,2023,"2023-05-18","Thursday","FALSE",0,0,
722632,2023,"2023-05-18","Thursday","FALSE",0,0,
723084,2023,"2023-05-18","Thursday","FALSE",0,0,
723162,2023,"2023-05-18","Thursday","FALSE",0,0,
723309,2023,"2023-05-18","Thursday","FALSE",0,0,
723381,2023,"2023-05-18","Thursday","FALSE",0,0,
723592,2023,"2023-05-18","Thursday","FALSE",0,0,
723743,2023,"2023-05-18","Thursday","FALSE",0,0,
723812,2023,"2023-05-18","Thursday","FALSE",0,0,
723866,2023,"2023-05-18","Thursday","FALSE",0,0,
725476,2023,"2023-05-18","Thursday","FALSE",0,0,
721488,2023,"2023-05-19","Friday","TRUE",3,4,5
721631,2023,"2023-05-19","Friday","TRUE",7,2,3
721710,2023,"2023-05-19","Friday","TRUE",4,0,3
721784,2023,"2023-05-19","Friday","TRUE",4,3,3
722625,2023,"2023-05-19","Friday","TRUE",6,1,3
723083,2023,"2023-05-19","Friday","TRUE",4,0,3
723157,2023,"2023-05-19","Friday","TRUE",6,1,3
723306,2023,"2023-05-19","Friday","TRUE",4,1,3
723383,2023,"2023-05-19","Friday","TRUE",3,2,3
723740,2023,"2023-05-19","Friday","TRUE",5,2,3
723814,2023,"2023-05-19","Friday","TRUE",3,0,3
723868,2023,"2023-05-19","Friday","TRUE",10,1,3
725478,2023,"2023-05-19","Friday","TRUE",3,3,3
721487,2023,"2023-05-20","Saturday","TRUE",6,0,3
721634,2023,"2023-05-20","Saturday","TRUE",5,0,3
721703,2023,"2023-05-20","Saturday","TRUE",1,0,3
721788,2023,"2023-05-20","Saturday","TRUE",9,0,3
722009,2023,"2023-05-20","Saturday","TRUE",5,2,3
722011,2023,"2023-05-20","Saturday","TRUE",5,0,3
723082,2023,"2023-05-20","Saturday","TRUE",5,5,3
723156,2023,"2023-05-20","Saturday","TRUE",3,0,3
723305,2023,"2023-05-20","Saturday","TRUE",2,1,3
723382,2023,"2023-05-20","Saturday","TRUE",8,0,3
723590,2023,"2023-05-20","Saturday","TRUE",1,0,3
723594,2023,"2023-05-20","Saturday","TRUE",2,1,3
723737,2023,"2023-05-20","Saturday","TRUE",3,1,3
723810,2023,"2023-05-20","Saturday","TRUE",3,0,3
723865,2023,"2023-05-20","Saturday","TRUE",6,2,3
725475,2023,"2023-05-20","Saturday","TRUE",5,1,3
721486,2023,"2023-05-21","Sunday","TRUE",6,1,3
721632,2023,"2023-05-21","Sunday","TRUE",6,3,3
721701,2023,"2023-05-21","Sunday","TRUE",0,3,3
721786,2023,"2023-05-21","Sunday","TRUE",6,2,3
722010,2023,"2023-05-21","Sunday","TRUE",6,2,3
722628,2023,"2023-05-21","Sunday","TRUE",0,1,3
722630,2023,"2023-05-21","Sunday","TRUE",3,1,3
723078,2023,"2023-05-21","Sunday","TRUE",9,1,3
723154,2023,"2023-05-21","Sunday","TRUE",3,1,3
723307,2023,"2023-05-21","Sunday","TRUE",4,2,3
723380,2023,"2023-05-21","Sunday","TRUE",1,4,3
723589,2023,"2023-05-21","Sunday","TRUE",4,1,3
723741,2023,"2023-05-21","Sunday","TRUE",7,0,3
723813,2023,"2023-05-21","Sunday","TRUE",5,1,3
723869,2023,"2023-05-21","Sunday","TRUE",4,2,3
725474,2023,"2023-05-21","Sunday","TRUE",3,0,3
721411,2023,"2023-05-23","Tuesday","FALSE",0,0,
721558,2023,"2023-05-23","Tuesday","FALSE",0,0,
721933,2023,"2023-05-23","Tuesday","FALSE",0,0,
722004,2023,"2023-05-23","Tuesday","FALSE",0,0,
722712,2023,"2023-05-23","Tuesday","FALSE",0,0,
722792,2023,"2023-05-23","Tuesday","FALSE",0,0,
722852,2023,"2023-05-23","Tuesday","FALSE",0,0,
722934,2023,"2023-05-23","Tuesday","FALSE",0,0,
723231,2023,"2023-05-23","Tuesday","FALSE",0,0,
723308,2023,"2023-05-23","Tuesday","FALSE",0,0,
723463,2023,"2023-05-23","Tuesday","FALSE",0,0,
723663,2023,"2023-05-23","Tuesday","FALSE",0,0,
723815,2023,"2023-05-23","Tuesday","FALSE",0,0,
725164,2023,"2023-05-23","Tuesday","FALSE",0,0,
725371,2023,"2023-05-23","Tuesday","FALSE",0,0,
721412,2023,"2023-05-24","Wednesday","FALSE",0,0,
721555,2023,"2023-05-24","Wednesday","FALSE",0,0,
721936,2023,"2023-05-24","Wednesday","FALSE",0,0,
722008,2023,"2023-05-24","Wednesday","FALSE",0,0,
722711,2023,"2023-05-24","Wednesday","FALSE",0,0,
722782,2023,"2023-05-24","Wednesday","FALSE",0,0,
722851,2023,"2023-05-24","Wednesday","FALSE",0,0,
722931,2023,"2023-05-24","Wednesday","FALSE",0,0,
723233,2023,"2023-05-24","Wednesday","FALSE",0,0,
723299,2023,"2023-05-24","Wednesday","FALSE",0,0,
723462,2023,"2023-05-24","Wednesday","FALSE",0,0,
723665,2023,"2023-05-24","Wednesday","FALSE",0,0,
723809,2023,"2023-05-24","Wednesday","FALSE",0,0,
725162,2023,"2023-05-24","Wednesday","FALSE",0,0,
725373,2023,"2023-05-24","Wednesday","FALSE",0,0,
721415,2023,"2023-05-25","Thursday","FALSE",0,0,
721556,2023,"2023-05-25","Thursday","FALSE",0,0,
721932,2023,"2023-05-25","Thursday","FALSE",0,0,
722007,2023,"2023-05-25","Thursday","FALSE",0,0,
722703,2023,"2023-05-25","Thursday","FALSE",0,0,
722780,2023,"2023-05-25","Thursday","FALSE",0,0,
722853,2023,"2023-05-25","Thursday","FALSE",0,0,
722933,2023,"2023-05-25","Thursday","FALSE",0,0,
723235,2023,"2023-05-25","Thursday","FALSE",0,0,
723301,2023,"2023-05-25","Thursday","FALSE",0,0,
723460,2023,"2023-05-25","Thursday","FALSE",0,0,
723662,2023,"2023-05-25","Thursday","FALSE",0,0,
723808,2023,"2023-05-25","Thursday","FALSE",0,0,
725157,2023,"2023-05-25","Thursday","FALSE",0,0,
725372,2023,"2023-05-25","Thursday","FALSE",0,0,
721410,2023,"2023-05-26","Friday","TRUE",2,1,3
721557,2023,"2023-05-26","Friday","TRUE",5,0,3
721934,2023,"2023-05-26","Friday","TRUE",4,0,3
722006,2023,"2023-05-26","Friday","TRUE",9,0,3
722700,2023,"2023-05-26","Friday","TRUE",4,0,3
722783,2023,"2023-05-26","Friday","TRUE",1,0,3
722857,2023,"2023-05-26","Friday","TRUE",7,2,3
722932,2023,"2023-05-26","Friday","TRUE",6,3,3
723227,2023,"2023-05-26","Friday","TRUE",4,1,3
723303,2023,"2023-05-26","Friday","TRUE",4,3,3
723457,2023,"2023-05-26","Friday","TRUE",3,1,3
723524,2023,"2023-05-26","Friday","TRUE",3,1,3
723659,2023,"2023-05-26","Friday","TRUE",6,1,3
723806,2023,"2023-05-26","Friday","TRUE",4,0,3
725158,2023,"2023-05-26","Friday","TRUE",4,4,3
721413,2023,"2023-05-27","Saturday","TRUE",3,2,3
721553,2023,"2023-05-27","Saturday","TRUE",4,2,3
721930,2023,"2023-05-27","Saturday","TRUE",5,2,3
722002,2023,"2023-05-27","Saturday","TRUE",7,1,3
722706,2023,"2023-05-27","Saturday","TRUE",5,4,3
722784,2023,"2023-05-27","Saturday","TRUE",5,1,3
722854,2023,"2023-05-27","Saturday","TRUE",6,0,3
722927,2023,"2023-05-27","Saturday","TRUE",4,3,3
723226,2023,"2023-05-27","Saturday","TRUE",7,0,3
723302,2023,"2023-05-27","Saturday","TRUE",0,0,3
723454,2023,"2023-05-27","Saturday","TRUE",3,0,3
723525,2023,"2023-05-27","Saturday","TRUE",2,1,3
723664,2023,"2023-05-27","Saturday","TRUE",4,2,3
723804,2023,"2023-05-27","Saturday","TRUE",9,1,3
725161,2023,"2023-05-27","Saturday","TRUE",7,1,3
721407,2023,"2023-05-28","Sunday","TRUE",3,0,3
721552,2023,"2023-05-28","Sunday","TRUE",3,1,3
721931,2023,"2023-05-28","Sunday","TRUE",9,3,3
722003,2023,"2023-05-28","Sunday","TRUE",8,3,3
722702,2023,"2023-05-28","Sunday","TRUE",5,1,3
722779,2023,"2023-05-28","Sunday","TRUE",6,0,3
722844,2023,"2023-05-28","Sunday","TRUE",6,1,3
722929,2023,"2023-05-28","Sunday","TRUE",7,0,3
723228,2023,"2023-05-28","Sunday","TRUE",4,1,3
723298,2023,"2023-05-28","Sunday","TRUE",3,3,3
723455,2023,"2023-05-28","Sunday","TRUE",9,1,3
723526,2023,"2023-05-28","Sunday","TRUE",5,1,3
723656,2023,"2023-05-28","Sunday","TRUE",10,4,3
723805,2023,"2023-05-28","Sunday","TRUE",3,2,3
725159,2023,"2023-05-28","Sunday","TRUE",5,1,3
723009,2023,"2023-05-29","Monday","FALSE",0,0,
723588,2023,"2023-05-29","Monday","FALSE",0,0,
723738,2023,"2023-05-29","Monday","FALSE",0,0,
721485,2023,"2023-05-30","Tuesday","FALSE",0,0,
721630,2023,"2023-05-30","Tuesday","FALSE",0,0,
721789,2023,"2023-05-30","Tuesday","FALSE",0,0,
721858,2023,"2023-05-30","Tuesday","FALSE",0,0,
723076,2023,"2023-05-30","Tuesday","FALSE",0,0,
723158,2023,"2023-05-30","Tuesday","FALSE",0,0,
723385,2023,"2023-05-30","Tuesday","FALSE",0,0,
723458,2023,"2023-05-30","Tuesday","FALSE",0,0,
723870,2023,"2023-05-30","Tuesday","FALSE",0,0,
725156,2023,"2023-05-30","Tuesday","FALSE",0,0,
725480,2023,"2023-05-30","Tuesday","FALSE",0,0,
725557,2023,"2023-05-30","Tuesday","FALSE",0,0,
721429,2023,"2023-05-31","Wednesday","FALSE",0,0,
721484,2023,"2023-05-31","Wednesday","FALSE",0,0,
721623,2023,"2023-05-31","Wednesday","FALSE",0,0,
721785,2023,"2023-05-31","Wednesday","FALSE",0,0,
721859,2023,"2023-05-31","Wednesday","FALSE",0,0,
723007,2023,"2023-05-31","Wednesday","FALSE",0,0,
723077,2023,"2023-05-31","Wednesday","FALSE",0,0,
723155,2023,"2023-05-31","Wednesday","FALSE",0,0,
723179,2023,"2023-05-31","Wednesday","FALSE",0,0,
723378,2023,"2023-05-31","Wednesday","FALSE",0,0,
723453,2023,"2023-05-31","Wednesday","FALSE",0,0,
723587,2023,"2023-05-31","Wednesday","FALSE",0,0,
723739,2023,"2023-05-31","Wednesday","FALSE",0,0,
723863,2023,"2023-05-31","Wednesday","FALSE",0,0,
725160,2023,"2023-05-31","Wednesday","FALSE",0,0,
725389,2023,"2023-05-31","Wednesday","FALSE",0,0,
725479,2023,"2023-05-31","Wednesday","FALSE",0,0,
725551,2023,"2023-05-31","Wednesday","FALSE",0,0,
721489,2023,"2023-06-01","Thursday","FALSE",0,0,
721624,2023,"2023-06-01","Thursday","FALSE",0,0,
721787,2023,"2023-06-01","Thursday","FALSE",0,0,
721857,2023,"2023-06-01","Thursday","FALSE",0,0,
723006,2023,"2023-06-01","Thursday","FALSE",0,0,
723080,2023,"2023-06-01","Thursday","FALSE",0,0,
723153,2023,"2023-06-01","Thursday","FALSE",0,0,
723377,2023,"2023-06-01","Thursday","FALSE",0,0,
723456,2023,"2023-06-01","Thursday","FALSE",0,0,
723581,2023,"2023-06-01","Thursday","FALSE",0,0,
723735,2023,"2023-06-01","Thursday","FALSE",0,0,
723864,2023,"2023-06-01","Thursday","FALSE",0,0,
725153,2023,"2023-06-01","Thursday","FALSE",0,0,
725472,2023,"2023-06-01","Thursday","FALSE",0,0,
725556,2023,"2023-06-01","Thursday","FALSE",0,0,
721481,2023,"2023-06-02","Friday","TRUE",6,1,3
721626,2023,"2023-06-02","Friday","TRUE",5,2,3
721779,2023,"2023-06-02","Friday","TRUE",8,1,3
721855,2023,"2023-06-02","Friday","TRUE",6,0,3
723002,2023,"2023-06-02","Friday","TRUE",4,2,3
723079,2023,"2023-06-02","Friday","TRUE",4,1,3
723150,2023,"2023-06-02","Friday","TRUE",6,1,3
723373,2023,"2023-06-02","Friday","TRUE",7,1,3
723452,2023,"2023-06-02","Friday","TRUE",2,1,3
723584,2023,"2023-06-02","Friday","TRUE",6,2,3
723732,2023,"2023-06-02","Friday","TRUE",4,1,3
723861,2023,"2023-06-02","Friday","TRUE",8,1,3
725154,2023,"2023-06-02","Friday","TRUE",4,2,3
725469,2023,"2023-06-02","Friday","TRUE",4,3,3
725555,2023,"2023-06-02","Friday","TRUE",2,4,3
721478,2023,"2023-06-03","Saturday","TRUE",5,0,3
721629,2023,"2023-06-03","Saturday","TRUE",7,1,3
721780,2023,"2023-06-03","Saturday","TRUE",5,3,3
721849,2023,"2023-06-03","Saturday","TRUE",6,3,3
723004,2023,"2023-06-03","Saturday","TRUE",3,0,3
723081,2023,"2023-06-03","Saturday","TRUE",4,1,3
723148,2023,"2023-06-03","Saturday","TRUE",2,4,3
723376,2023,"2023-06-03","Saturday","TRUE",4,4,3
723451,2023,"2023-06-03","Saturday","TRUE",3,3,3
723586,2023,"2023-06-03","Saturday","TRUE",4,0,3
723731,2023,"2023-06-03","Saturday","TRUE",1,0,3
723860,2023,"2023-06-03","Saturday","TRUE",7,2,3
725149,2023,"2023-06-03","Saturday","TRUE",5,0,3
725471,2023,"2023-06-03","Saturday","TRUE",10,1,3
725553,2023,"2023-06-03","Saturday","TRUE",2,3,3
721479,2023,"2023-06-04","Sunday","TRUE",3,4,3
721627,2023,"2023-06-04","Sunday","TRUE",8,1,3
721781,2023,"2023-06-04","Sunday","TRUE",4,1,3
721850,2023,"2023-06-04","Sunday","TRUE",10,2,3
723005,2023,"2023-06-04","Sunday","TRUE",6,1,3
723071,2023,"2023-06-04","Sunday","TRUE",5,0,3
723151,2023,"2023-06-04","Sunday","TRUE",5,2,3
723375,2023,"2023-06-04","Sunday","TRUE",3,2,3
723450,2023,"2023-06-04","Sunday","TRUE",5,0,3
723582,2023,"2023-06-04","Sunday","TRUE",5,4,3
723736,2023,"2023-06-04","Sunday","TRUE",2,1,3
723862,2023,"2023-06-04","Sunday","TRUE",4,2,3
725155,2023,"2023-06-04","Sunday","TRUE",6,1,3
725467,2023,"2023-06-04","Sunday","TRUE",4,4,3
725552,2023,"2023-06-04","Sunday","TRUE",9,1,3
721483,2023,"2023-06-06","Tuesday","FALSE",0,0,
721554,2023,"2023-06-06","Tuesday","FALSE",0,0,
721706,2023,"2023-06-06","Tuesday","FALSE",0,0,
721935,2023,"2023-06-06","Tuesday","FALSE",0,0,
722005,2023,"2023-06-06","Tuesday","FALSE",0,0,
722629,2023,"2023-06-06","Tuesday","FALSE",0,0,
722701,2023,"2023-06-06","Tuesday","FALSE",0,0,
722850,2023,"2023-06-06","Tuesday","FALSE",0,0,
723304,2023,"2023-06-06","Tuesday","FALSE",0,0,
723527,2023,"2023-06-06","Tuesday","FALSE",0,0,
723583,2023,"2023-06-06","Tuesday","FALSE",0,0,
723657,2023,"2023-06-06","Tuesday","FALSE",0,0,
723807,2023,"2023-06-06","Tuesday","FALSE",0,0,
721482,2023,"2023-06-07","Wednesday","FALSE",0,0,
721547,2023,"2023-06-07","Wednesday","FALSE",0,0,
721704,2023,"2023-06-07","Wednesday","FALSE",0,0,
721925,2023,"2023-06-07","Wednesday","FALSE",0,0,
722001,2023,"2023-06-07","Wednesday","FALSE",0,0,
722624,2023,"2023-06-07","Wednesday","FALSE",0,0,
722704,2023,"2023-06-07","Wednesday","FALSE",0,0,
722849,2023,"2023-06-07","Wednesday","FALSE",0,0,
723300,2023,"2023-06-07","Wednesday","FALSE",0,0,
723522,2023,"2023-06-07","Wednesday","FALSE",0,0,
723585,2023,"2023-06-07","Wednesday","FALSE",0,0,
723658,2023,"2023-06-07","Wednesday","FALSE",0,0,
723800,2023,"2023-06-07","Wednesday","FALSE",0,0,
725385,2023,"2023-06-07","Wednesday","FALSE",0,0,
721480,2023,"2023-06-08","Thursday","FALSE",0,0,
721548,2023,"2023-06-08","Thursday","FALSE",0,0,
721707,2023,"2023-06-08","Thursday","FALSE",0,0,
721924,2023,"2023-06-08","Thursday","FALSE",0,0,
721999,2023,"2023-06-08","Thursday","FALSE",0,0,
722627,2023,"2023-06-08","Thursday","FALSE",0,0,
722705,2023,"2023-06-08","Thursday","FALSE",0,0,
722777,2023,"2023-06-08","Thursday","FALSE",0,0,
722847,2023,"2023-06-08","Thursday","FALSE",0,0,
722879,2023,"2023-06-08","Thursday","FALSE",0,0,
722926,2023,"2023-06-08","Thursday","FALSE",0,0,
723294,2023,"2023-06-08","Thursday","FALSE",0,0,
723523,2023,"2023-06-08","Thursday","FALSE",0,0,
723575,2023,"2023-06-08","Thursday","FALSE",0,0,
723654,2023,"2023-06-08","Thursday","FALSE",0,0,
723799,2023,"2023-06-08","Thursday","FALSE",0,0,
721475,2023,"2023-06-09","Friday","TRUE",3,0,3
721550,2023,"2023-06-09","Friday","TRUE",5,0,3
721705,2023,"2023-06-09","Friday","TRUE",8,1,3
721927,2023,"2023-06-09","Friday","TRUE",5,0,3
721997,2023,"2023-06-09","Friday","TRUE",7,2,3
722695,2023,"2023-06-09","Friday","TRUE",5,0,3
722774,2023,"2023-06-09","Friday","TRUE",3,1,3
722846,2023,"2023-06-09","Friday","TRUE",6,0,3
722924,2023,"2023-06-09","Friday","TRUE",2,1,3
723296,2023,"2023-06-09","Friday","TRUE",4,1,3
723576,2023,"2023-06-09","Friday","TRUE",2,0,3
723653,2023,"2023-06-09","Friday","TRUE",4,1,3
723802,2023,"2023-06-09","Friday","TRUE",2,1,3
721474,2023,"2023-06-10","Saturday","TRUE",4,3,3
721549,2023,"2023-06-10","Saturday","TRUE",7,1,3
721702,2023,"2023-06-10","Saturday","TRUE",4,1,3
721928,2023,"2023-06-10","Saturday","TRUE",4,1,3
721996,2023,"2023-06-10","Saturday","TRUE",6,2,3
722621,2023,"2023-06-10","Saturday","TRUE",1,2,3
722626,2023,"2023-06-10","Saturday","TRUE",2,1,3
722693,2023,"2023-06-10","Saturday","TRUE",5,1,3
722778,2023,"2023-06-10","Saturday","TRUE",3,0,3
722781,2023,"2023-06-10","Saturday","TRUE",3,3,3
722848,2023,"2023-06-10","Saturday","TRUE",8,0,3
722923,2023,"2023-06-10","Saturday","TRUE",5,1,3
722925,2023,"2023-06-10","Saturday","TRUE",6,2,3
723295,2023,"2023-06-10","Saturday","TRUE",2,3,3
723520,2023,"2023-06-10","Saturday","TRUE",4,1,3
723579,2023,"2023-06-10","Saturday","TRUE",2,2,3
723655,2023,"2023-06-10","Saturday","TRUE",3,1,3
723798,2023,"2023-06-10","Saturday","TRUE",5,3,3
721476,2023,"2023-06-11","Sunday","TRUE",3,2,3
721551,2023,"2023-06-11","Sunday","TRUE",6,3,3
721695,2023,"2023-06-11","Sunday","TRUE",9,2,3
721926,2023,"2023-06-11","Sunday","TRUE",2,2,3
721998,2023,"2023-06-11","Sunday","TRUE",4,2,3
722622,2023,"2023-06-11","Sunday","TRUE",4,2,3
722696,2023,"2023-06-11","Sunday","TRUE",8,1,3
722776,2023,"2023-06-11","Sunday","TRUE",3,3,3
722845,2023,"2023-06-11","Sunday","TRUE",4,3,3
722921,2023,"2023-06-11","Sunday","TRUE",6,1,3
723292,2023,"2023-06-11","Sunday","TRUE",7,0,3
723518,2023,"2023-06-11","Sunday","TRUE",5,2,3
723649,2023,"2023-06-11","Sunday","TRUE",5,1,3
721404,2023,"2023-06-13","Tuesday","FALSE",0,0,
721628,2023,"2023-06-13","Tuesday","FALSE",0,0,
721778,2023,"2023-06-13","Tuesday","FALSE",0,0,
721853,2023,"2023-06-13","Tuesday","FALSE",0,0,
723003,2023,"2023-06-13","Tuesday","FALSE",0,0,
723075,2023,"2023-06-13","Tuesday","FALSE",0,0,
723152,2023,"2023-06-13","Tuesday","FALSE",0,0,
723229,2023,"2023-06-13","Tuesday","FALSE",0,0,
723379,2023,"2023-06-13","Tuesday","FALSE",0,0,
723448,2023,"2023-06-13","Tuesday","FALSE",0,0,
723733,2023,"2023-06-13","Tuesday","FALSE",0,0,
723857,2023,"2023-06-13","Tuesday","FALSE",0,0,
725150,2023,"2023-06-13","Tuesday","FALSE",0,0,
725547,2023,"2023-06-13","Tuesday","FALSE",0,0,
721405,2023,"2023-06-14","Wednesday","FALSE",0,0,
721625,2023,"2023-06-14","Wednesday","FALSE",0,0,
721783,2023,"2023-06-14","Wednesday","FALSE",0,0,
721851,2023,"2023-06-14","Wednesday","FALSE",0,0,
723074,2023,"2023-06-14","Wednesday","FALSE",0,0,
723149,2023,"2023-06-14","Wednesday","FALSE",0,0,
723230,2023,"2023-06-14","Wednesday","FALSE",0,0,
723374,2023,"2023-06-14","Wednesday","FALSE",0,0,
723449,2023,"2023-06-14","Wednesday","FALSE",0,0,
723515,2023,"2023-06-14","Wednesday","FALSE",0,0,
723517,2023,"2023-06-14","Wednesday","FALSE",0,0,
723734,2023,"2023-06-14","Wednesday","FALSE",0,0,
723859,2023,"2023-06-14","Wednesday","FALSE",0,0,
725151,2023,"2023-06-14","Wednesday","FALSE",0,0,
725546,2023,"2023-06-14","Wednesday","FALSE",0,0,
721408,2023,"2023-06-15","Thursday","FALSE",0,0,
721622,2023,"2023-06-15","Thursday","FALSE",0,0,
721854,2023,"2023-06-15","Thursday","FALSE",0,0,
722997,2023,"2023-06-15","Thursday","FALSE",0,0,
723001,2023,"2023-06-15","Thursday","FALSE",0,0,
723072,2023,"2023-06-15","Thursday","FALSE",0,0,
723145,2023,"2023-06-15","Thursday","FALSE",0,0,
723224,2023,"2023-06-15","Thursday","FALSE",0,0,
723372,2023,"2023-06-15","Thursday","FALSE",0,0,
723444,2023,"2023-06-15","Thursday","FALSE",0,0,
723728,2023,"2023-06-15","Thursday","FALSE",0,0,
723855,2023,"2023-06-15","Thursday","FALSE",0,0,
725152,2023,"2023-06-15","Thursday","FALSE",0,0,
725549,2023,"2023-06-15","Thursday","FALSE",0,0,
721409,2023,"2023-06-16","Friday","TRUE",3,0,3
721621,2023,"2023-06-16","Friday","TRUE",6,1,3
721777,2023,"2023-06-16","Friday","TRUE",3,0,3
721852,2023,"2023-06-16","Friday","TRUE",7,2,3
722999,2023,"2023-06-16","Friday","TRUE",4,2,3
723073,2023,"2023-06-16","Friday","TRUE",2,1,3
723225,2023,"2023-06-16","Friday","TRUE",7,1,3
723370,2023,"2023-06-16","Friday","TRUE",4,1,3
723446,2023,"2023-06-16","Friday","TRUE",7,0,3
723516,2023,"2023-06-16","Friday","TRUE",4,1,3
723519,2023,"2023-06-16","Friday","TRUE",3,1,3
723730,2023,"2023-06-16","Friday","TRUE",6,3,3
723856,2023,"2023-06-16","Friday","TRUE",0,1,3
725148,2023,"2023-06-16","Friday","TRUE",7,2,3
725550,2023,"2023-06-16","Friday","TRUE",4,0,3
721406,2023,"2023-06-17","Saturday","TRUE",9,2,3
721618,2023,"2023-06-17","Saturday","TRUE",6,2,3
721775,2023,"2023-06-17","Saturday","TRUE",4,2,3
721848,2023,"2023-06-17","Saturday","TRUE",6,2,3
722998,2023,"2023-06-17","Saturday","TRUE",3,4,3
723068,2023,"2023-06-17","Saturday","TRUE",6,2,3
723143,2023,"2023-06-17","Saturday","TRUE",2,2,3
723147,2023,"2023-06-17","Saturday","TRUE",5,3,3
723221,2023,"2023-06-17","Saturday","TRUE",5,0,3
723371,2023,"2023-06-17","Saturday","TRUE",7,0,3
723445,2023,"2023-06-17","Saturday","TRUE",5,2,3
723513,2023,"2023-06-17","Saturday","TRUE",4,0,3
723726,2023,"2023-06-17","Saturday","TRUE",5,2,3
723858,2023,"2023-06-17","Saturday","TRUE",5,1,3
725142,2023,"2023-06-17","Saturday","TRUE",5,3,3
725548,2023,"2023-06-17","Saturday","TRUE",4,1,3
721400,2023,"2023-06-18","Sunday","TRUE",6,2,3
721616,2023,"2023-06-18","Sunday","TRUE",2,2,3
721774,2023,"2023-06-18","Sunday","TRUE",5,0,3
721845,2023,"2023-06-18","Sunday","TRUE",4,0,3
723000,2023,"2023-06-18","Sunday","TRUE",5,2,3
723067,2023,"2023-06-18","Sunday","TRUE",5,1,3
723146,2023,"2023-06-18","Sunday","TRUE",3,2,3
723222,2023,"2023-06-18","Sunday","TRUE",0,0,3
723369,2023,"2023-06-18","Sunday","TRUE",6,0,3
723447,2023,"2023-06-18","Sunday","TRUE",3,1,3
723510,2023,"2023-06-18","Sunday","TRUE",2,3,3
723725,2023,"2023-06-18","Sunday","TRUE",7,0,3
723854,2023,"2023-06-18","Sunday","TRUE",4,1,3
725143,2023,"2023-06-18","Sunday","TRUE",6,0,3
725540,2023,"2023-06-18","Sunday","TRUE",6,2,3
721477,2023,"2023-06-20","Tuesday","FALSE",0,0,
721617,2023,"2023-06-20","Tuesday","FALSE",0,0,
721700,2023,"2023-06-20","Tuesday","FALSE",0,0,
721772,2023,"2023-06-20","Tuesday","FALSE",0,0,
721929,2023,"2023-06-20","Tuesday","FALSE",0,0,
722619,2023,"2023-06-20","Tuesday","FALSE",0,0,
722698,2023,"2023-06-20","Tuesday","FALSE",0,0,
722922,2023,"2023-06-20","Tuesday","FALSE",0,0,
722995,2023,"2023-06-20","Tuesday","FALSE",0,0,
723580,2023,"2023-06-20","Tuesday","FALSE",0,0,
723650,2023,"2023-06-20","Tuesday","FALSE",0,0,
725468,2023,"2023-06-20","Tuesday","FALSE",0,0,
725542,2023,"2023-06-20","Tuesday","FALSE",0,0,
721470,2023,"2023-06-21","Wednesday","FALSE",0,0,
721699,2023,"2023-06-21","Wednesday","FALSE",0,0,
721776,2023,"2023-06-21","Wednesday","FALSE",0,0,
721917,2023,"2023-06-21","Wednesday","FALSE",0,0,
722620,2023,"2023-06-21","Wednesday","FALSE",0,0,
722699,2023,"2023-06-21","Wednesday","FALSE",0,0,
722920,2023,"2023-06-21","Wednesday","FALSE",0,0,
722993,2023,"2023-06-21","Wednesday","FALSE",0,0,
723220,2023,"2023-06-21","Wednesday","FALSE",0,0,
723578,2023,"2023-06-21","Wednesday","FALSE",0,0,
723595,2023,"2023-06-21","Wednesday","FALSE",0,0,
723727,2023,"2023-06-21","Wednesday","FALSE",0,0,
725543,2023,"2023-06-21","Wednesday","FALSE",0,0,
721471,2023,"2023-06-22","Thursday","FALSE",0,0,
721619,2023,"2023-06-22","Thursday","FALSE",0,0,
721697,2023,"2023-06-22","Thursday","FALSE",0,0,
721922,2023,"2023-06-22","Thursday","FALSE",0,0,
722623,2023,"2023-06-22","Thursday","FALSE",0,0,
722697,2023,"2023-06-22","Thursday","FALSE",0,0,
722914,2023,"2023-06-22","Thursday","FALSE",0,0,
722991,2023,"2023-06-22","Thursday","FALSE",0,0,
723218,2023,"2023-06-22","Thursday","FALSE",0,0,
723223,2023,"2023-06-22","Thursday","FALSE",0,0,
723572,2023,"2023-06-22","Thursday","FALSE",0,0,
723647,2023,"2023-06-22","Thursday","FALSE",0,0,
723652,2023,"2023-06-22","Thursday","FALSE",0,0,
723720,2023,"2023-06-22","Thursday","FALSE",0,0,
725473,2023,"2023-06-22","Thursday","FALSE",0,0,
725541,2023,"2023-06-22","Thursday","FALSE",0,0,
721473,2023,"2023-06-23","Friday","TRUE",5,1,3
721614,2023,"2023-06-23","Friday","TRUE",7,0,3
721696,2023,"2023-06-23","Friday","TRUE",3,1,3
721771,2023,"2023-06-23","Friday","TRUE",4,3,3
721923,2023,"2023-06-23","Friday","TRUE",7,0,3
722616,2023,"2023-06-23","Friday","TRUE",5,1,3
722694,2023,"2023-06-23","Friday","TRUE",3,3,3
722915,2023,"2023-06-23","Friday","TRUE",7,0,3
722996,2023,"2023-06-23","Friday","TRUE",6,0,3
723214,2023,"2023-06-23","Friday","TRUE",6,0,3
723574,2023,"2023-06-23","Friday","TRUE",5,0,3
723648,2023,"2023-06-23","Friday","TRUE",4,3,3
723722,2023,"2023-06-23","Friday","TRUE",6,2,3
725462,2023,"2023-06-23","Friday","TRUE",2,0,3
725470,2023,"2023-06-23","Friday","TRUE",3,1,3
725545,2023,"2023-06-23","Friday","TRUE",3,2,3
721472,2023,"2023-06-24","Saturday","TRUE",7,0,3
721610,2023,"2023-06-24","Saturday","TRUE",2,3,3
721698,2023,"2023-06-24","Saturday","TRUE",4,2,3
721766,2023,"2023-06-24","Saturday","TRUE",4,2,3
721919,2023,"2023-06-24","Saturday","TRUE",4,1,3
722613,2023,"2023-06-24","Saturday","TRUE",5,2,3
722689,2023,"2023-06-24","Saturday","TRUE",3,1,3
722919,2023,"2023-06-24","Saturday","TRUE",5,1,3
722994,2023,"2023-06-24","Saturday","TRUE",4,2,3
723217,2023,"2023-06-24","Saturday","TRUE",5,0,3
723571,2023,"2023-06-24","Saturday","TRUE",4,1,3
723651,2023,"2023-06-24","Saturday","TRUE",4,1,3
723721,2023,"2023-06-24","Saturday","TRUE",9,0,3
723729,2023,"2023-06-24","Saturday","TRUE",8,1,3
725466,2023,"2023-06-24","Saturday","TRUE",3,0,3
725544,2023,"2023-06-24","Saturday","TRUE",5,1,3
721464,2023,"2023-06-25","Sunday","TRUE",5,1,3
721615,2023,"2023-06-25","Sunday","TRUE",6,2,3
721691,2023,"2023-06-25","Sunday","TRUE",3,1,3
721768,2023,"2023-06-25","Sunday","TRUE",4,1,3
721921,2023,"2023-06-25","Sunday","TRUE",11,1,3
722617,2023,"2023-06-25","Sunday","TRUE",4,1,3
722690,2023,"2023-06-25","Sunday","TRUE",5,2,3
722916,2023,"2023-06-25","Sunday","TRUE",4,0,3
722992,2023,"2023-06-25","Sunday","TRUE",3,0,3
723219,2023,"2023-06-25","Sunday","TRUE",5,1,3
723573,2023,"2023-06-25","Sunday","TRUE",5,0,3
723645,2023,"2023-06-25","Sunday","TRUE",6,1,3
723719,2023,"2023-06-25","Sunday","TRUE",5,0,3
725464,2023,"2023-06-25","Sunday","TRUE",9,2,3
725539,2023,"2023-06-25","Sunday","TRUE",7,2,3
721402,2023,"2023-06-28","Wednesday","FALSE",0,0,
721546,2023,"2023-06-28","Wednesday","FALSE",0,0,
721847,2023,"2023-06-28","Wednesday","FALSE",0,0,
722000,2023,"2023-06-28","Wednesday","FALSE",0,0,
722772,2023,"2023-06-28","Wednesday","FALSE",0,0,
722843,2023,"2023-06-28","Wednesday","FALSE",0,0,
723069,2023,"2023-06-28","Wednesday","FALSE",0,0,
723144,2023,"2023-06-28","Wednesday","FALSE",0,0,
723293,2023,"2023-06-28","Wednesday","FALSE",0,0,
723368,2023,"2023-06-28","Wednesday","FALSE",0,0,
723443,2023,"2023-06-28","Wednesday","FALSE",0,0,
723511,2023,"2023-06-28","Wednesday","FALSE",0,0,
723801,2023,"2023-06-28","Wednesday","FALSE",0,0,
725145,2023,"2023-06-28","Wednesday","FALSE",0,0,
721401,2023,"2023-06-29","Thursday","FALSE",0,0,
721544,2023,"2023-06-29","Thursday","FALSE",0,0,
721846,2023,"2023-06-29","Thursday","FALSE",0,0,
721995,2023,"2023-06-29","Thursday","FALSE",0,0,
722775,2023,"2023-06-29","Thursday","FALSE",0,0,
722842,2023,"2023-06-29","Thursday","FALSE",0,0,
723065,2023,"2023-06-29","Thursday","FALSE",0,0,
723141,2023,"2023-06-29","Thursday","FALSE",0,0,
723297,2023,"2023-06-29","Thursday","FALSE",0,0,
723367,2023,"2023-06-29","Thursday","FALSE",0,0,
723442,2023,"2023-06-29","Thursday","FALSE",0,0,
723514,2023,"2023-06-29","Thursday","FALSE",0,0,
723791,2023,"2023-06-29","Thursday","FALSE",0,0,
723851,2023,"2023-06-29","Thursday","FALSE",0,0,
723853,2023,"2023-06-29","Thursday","FALSE",0,0,
725146,2023,"2023-06-29","Thursday","FALSE",0,0,
721399,2023,"2023-06-30","Friday","FALSE",0,0,
721542,2023,"2023-06-30","Friday","FALSE",0,0,
721844,2023,"2023-06-30","Friday","FALSE",0,0,
721994,2023,"2023-06-30","Friday","FALSE",0,0,
722773,2023,"2023-06-30","Friday","FALSE",0,0,
722838,2023,"2023-06-30","Friday","FALSE",0,0,
723070,2023,"2023-06-30","Friday","FALSE",0,0,
723139,2023,"2023-06-30","Friday","FALSE",0,0,
723291,2023,"2023-06-30","Friday","FALSE",0,0,
723364,2023,"2023-06-30","Friday","FALSE",0,0,
723439,2023,"2023-06-30","Friday","FALSE",0,0,
723509,2023,"2023-06-30","Friday","FALSE",0,0,
723792,2023,"2023-06-30","Friday","FALSE",0,0,
723852,2023,"2023-06-30","Friday","FALSE",0,0,
725144,2023,"2023-06-30","Friday","FALSE",0,0,
721403,2023,"2023-07-01","Saturday","TRUE",1,2,3
721541,2023,"2023-07-01","Saturday","TRUE",3,1,3
721843,2023,"2023-07-01","Saturday","TRUE",6,0,3
721988,2023,"2023-07-01","Saturday","TRUE",3,3,3
722769,2023,"2023-07-01","Saturday","FALSE",0,0,
722839,2023,"2023-07-01","Saturday","TRUE",5,3,3
723140,2023,"2023-07-01","Saturday","TRUE",4,2,3
723290,2023,"2023-07-01","Saturday","TRUE",1,0,3
723365,2023,"2023-07-01","Saturday","TRUE",6,1,3
723437,2023,"2023-07-01","Saturday","TRUE",2,4,3
723512,2023,"2023-07-01","Saturday","TRUE",5,0,3
723797,2023,"2023-07-01","Saturday","TRUE",5,2,3
723849,2023,"2023-07-01","Saturday","TRUE",4,1,3
725147,2023,"2023-07-01","Saturday","TRUE",3,3,3
721398,2023,"2023-07-02","Sunday","TRUE",4,1,3
721543,2023,"2023-07-02","Sunday","TRUE",6,0,3
721842,2023,"2023-07-02","Sunday","TRUE",8,1,3
721990,2023,"2023-07-02","Sunday","TRUE",6,1,3
722836,2023,"2023-07-02","Sunday","TRUE",5,3,3
723061,2023,"2023-07-02","Sunday","TRUE",9,0,3
723066,2023,"2023-07-02","Sunday","TRUE",4,0,3
723138,2023,"2023-07-02","Sunday","TRUE",6,0,3
723289,2023,"2023-07-02","Sunday","TRUE",5,0,3
723363,2023,"2023-07-02","Sunday","TRUE",4,2,3
723503,2023,"2023-07-02","Sunday","TRUE",7,0,4
723794,2023,"2023-07-02","Sunday","TRUE",3,1,3
725137,2023,"2023-07-02","Sunday","TRUE",7,2,3
721394,2023,"2023-07-03","Monday","TRUE",5,1,3
721545,2023,"2023-07-03","Monday","TRUE",3,2,3
721839,2023,"2023-07-03","Monday","TRUE",4,1,3
721993,2023,"2023-07-03","Monday","TRUE",6,0,3
722771,2023,"2023-07-03","Monday","TRUE",4,3,3
722841,2023,"2023-07-03","Monday","TRUE",9,1,3
723062,2023,"2023-07-03","Monday","TRUE",9,1,3
723288,2023,"2023-07-03","Monday","TRUE",6,2,3
723366,2023,"2023-07-03","Monday","TRUE",7,1,3
723438,2023,"2023-07-03","Monday","TRUE",1,1,3
723441,2023,"2023-07-03","Monday","TRUE",3,0,3
723506,2023,"2023-07-03","Monday","TRUE",1,1,3
723796,2023,"2023-07-03","Monday","TRUE",6,0,3
723850,2023,"2023-07-03","Monday","TRUE",5,0,3
725138,2023,"2023-07-03","Monday","TRUE",2,2,3
721469,2023,"2023-07-04","Tuesday","FALSE",0,0,
721612,2023,"2023-07-04","Tuesday","FALSE",0,0,
721690,2023,"2023-07-04","Tuesday","FALSE",0,0,
721769,2023,"2023-07-04","Tuesday","FALSE",0,0,
721920,2023,"2023-07-04","Tuesday","FALSE",0,0,
722618,2023,"2023-07-04","Tuesday","FALSE",0,0,
722687,2023,"2023-07-04","Tuesday","FALSE",0,0,
722917,2023,"2023-07-04","Tuesday","FALSE",0,0,
722986,2023,"2023-07-04","Tuesday","FALSE",0,0,
723215,2023,"2023-07-04","Tuesday","FALSE",0,0,
723570,2023,"2023-07-04","Tuesday","FALSE",0,0,
723643,2023,"2023-07-04","Tuesday","FALSE",0,0,
723724,2023,"2023-07-04","Tuesday","FALSE",0,0,
725465,2023,"2023-07-04","Tuesday","FALSE",0,0,
725534,2023,"2023-07-04","Tuesday","FALSE",0,0,
721468,2023,"2023-07-05","Wednesday","FALSE",0,0,
721611,2023,"2023-07-05","Wednesday","FALSE",0,0,
721689,2023,"2023-07-05","Wednesday","FALSE",0,0,
721770,2023,"2023-07-05","Wednesday","FALSE",0,0,
721918,2023,"2023-07-05","Wednesday","FALSE",0,0,
722615,2023,"2023-07-05","Wednesday","FALSE",0,0,
722688,2023,"2023-07-05","Wednesday","FALSE",0,0,
722918,2023,"2023-07-05","Wednesday","FALSE",0,0,
722985,2023,"2023-07-05","Wednesday","FALSE",0,0,
723216,2023,"2023-07-05","Wednesday","FALSE",0,0,
723565,2023,"2023-07-05","Wednesday","FALSE",0,0,
723642,2023,"2023-07-05","Wednesday","FALSE",0,0,
723723,2023,"2023-07-05","Wednesday","FALSE",0,0,
725463,2023,"2023-07-05","Wednesday","FALSE",0,0,
725537,2023,"2023-07-05","Wednesday","FALSE",0,0,
721466,2023,"2023-07-06","Thursday","FALSE",0,0,
721613,2023,"2023-07-06","Thursday","FALSE",0,0,
721693,2023,"2023-07-06","Thursday","FALSE",0,0,
721765,2023,"2023-07-06","Thursday","FALSE",0,0,
721916,2023,"2023-07-06","Thursday","FALSE",0,0,
722614,2023,"2023-07-06","Thursday","FALSE",0,0,
722691,2023,"2023-07-06","Thursday","FALSE",0,0,
722910,2023,"2023-07-06","Thursday","FALSE",0,0,
722988,2023,"2023-07-06","Thursday","FALSE",0,0,
723210,2023,"2023-07-06","Thursday","FALSE",0,0,
723569,2023,"2023-07-06","Thursday","FALSE",0,0,
723644,2023,"2023-07-06","Thursday","FALSE",0,0,
723714,2023,"2023-07-06","Thursday","FALSE",0,0,
725461,2023,"2023-07-06","Thursday","FALSE",0,0,
725536,2023,"2023-07-06","Thursday","FALSE",0,0,
721467,2023,"2023-07-07","Friday","TRUE",1,1,3
721608,2023,"2023-07-07","Friday","TRUE",7,1,3
721688,2023,"2023-07-07","Friday","TRUE",7,0,3
721767,2023,"2023-07-07","Friday","TRUE",2,2,3
721914,2023,"2023-07-07","Friday","TRUE",5,0,3
722611,2023,"2023-07-07","Friday","TRUE",3,0,3
722692,2023,"2023-07-07","Friday","TRUE",8,4,3
722913,2023,"2023-07-07","Friday","TRUE",8,1,3
722989,2023,"2023-07-07","Friday","TRUE",4,0,3
723212,2023,"2023-07-07","Friday","TRUE",8,0,3
723567,2023,"2023-07-07","Friday","TRUE",4,0,3
723646,2023,"2023-07-07","Friday","TRUE",7,1,3
723713,2023,"2023-07-07","Friday","TRUE",5,0,3
725458,2023,"2023-07-07","Friday","TRUE",7,1,3
725533,2023,"2023-07-07","Friday","TRUE",8,2,3
721465,2023,"2023-07-08","Saturday","TRUE",2,2,3
721609,2023,"2023-07-08","Saturday","TRUE",5,3,3
721692,2023,"2023-07-08","Saturday","TRUE",6,0,3
721759,2023,"2023-07-08","Saturday","TRUE",5,3,3
721915,2023,"2023-07-08","Saturday","TRUE",5,1,3
722610,2023,"2023-07-08","Saturday","TRUE",2,0,3
722686,2023,"2023-07-08","Saturday","TRUE",7,0,3
722909,2023,"2023-07-08","Saturday","TRUE",0,3,3
722990,2023,"2023-07-08","Saturday","TRUE",7,2,3
723566,2023,"2023-07-08","Saturday","TRUE",3,2,3
723717,2023,"2023-07-08","Saturday","TRUE",6,3,3
725459,2023,"2023-07-08","Saturday","TRUE",2,4,3
725535,2023,"2023-07-08","Saturday","TRUE",7,3,3
721459,2023,"2023-07-09","Sunday","TRUE",7,0,3
721607,2023,"2023-07-09","Sunday","TRUE",7,1,3
721694,2023,"2023-07-09","Sunday","TRUE",8,3,3
721764,2023,"2023-07-09","Sunday","TRUE",5,1,3
721908,2023,"2023-07-09","Sunday","TRUE",6,1,3
722612,2023,"2023-07-09","Sunday","TRUE",5,0,3
722682,2023,"2023-07-09","Sunday","TRUE",8,2,3
722987,2023,"2023-07-09","Sunday","TRUE",6,0,3
723211,2023,"2023-07-09","Sunday","TRUE",3,0,3
723568,2023,"2023-07-09","Sunday","TRUE",8,1,3
723637,2023,"2023-07-09","Sunday","TRUE",5,0,3
723716,2023,"2023-07-09","Sunday","TRUE",4,1,3
725457,2023,"2023-07-09","Sunday","TRUE",2,3,3
725538,2023,"2023-07-09","Sunday","TRUE",7,3,3
721396,2023,"2023-07-14","Friday","TRUE",4,2,3
721540,2023,"2023-07-14","Friday","TRUE",1,0,3
721840,2023,"2023-07-14","Friday","TRUE",4,0,3
721989,2023,"2023-07-14","Friday","TRUE",2,3,3
722770,2023,"2023-07-14","Friday","FALSE",0,0,
722837,2023,"2023-07-14","Friday","TRUE",5,2,3
723064,2023,"2023-07-14","Friday","FALSE",0,0,
723137,2023,"2023-07-14","Friday","TRUE",3,5,3
723287,2023,"2023-07-14","Friday","TRUE",6,0,3
723362,2023,"2023-07-14","Friday","TRUE",5,3,3
723440,2023,"2023-07-14","Friday","TRUE",2,1,3
723505,2023,"2023-07-14","Friday","TRUE",5,2,3
723795,2023,"2023-07-14","Friday","TRUE",4,4,3
723848,2023,"2023-07-14","Friday","TRUE",6,3,4
725140,2023,"2023-07-14","Friday","TRUE",4,4,3
721393,2023,"2023-07-15","Saturday","TRUE",3,1,3
721539,2023,"2023-07-15","Saturday","TRUE",6,0,3
721836,2023,"2023-07-15","Saturday","TRUE",9,2,3
721992,2023,"2023-07-15","Saturday","TRUE",3,2,3
722765,2023,"2023-07-15","Saturday","TRUE",2,2,3
722840,2023,"2023-07-15","Saturday","TRUE",4,1,3
723063,2023,"2023-07-15","Saturday","TRUE",3,0,3
723132,2023,"2023-07-15","Saturday","TRUE",2,1,3
723286,2023,"2023-07-15","Saturday","TRUE",5,1,3
723361,2023,"2023-07-15","Saturday","TRUE",3,1,3
723432,2023,"2023-07-15","Saturday","TRUE",2,3,3
723507,2023,"2023-07-15","Saturday","TRUE",8,0,3
723793,2023,"2023-07-15","Saturday","TRUE",4,2,3
723845,2023,"2023-07-15","Saturday","TRUE",7,0,3
725141,2023,"2023-07-15","Saturday","TRUE",5,1,3
721397,2023,"2023-07-16","Sunday","TRUE",5,0,3
721535,2023,"2023-07-16","Sunday","TRUE",5,1,3
721837,2023,"2023-07-16","Sunday","TRUE",6,2,3
721991,2023,"2023-07-16","Sunday","TRUE",6,2,3
722768,2023,"2023-07-16","Sunday","TRUE",5,0,3
722831,2023,"2023-07-16","Sunday","TRUE",2,1,3
723059,2023,"2023-07-16","Sunday","TRUE",6,4,3
723135,2023,"2023-07-16","Sunday","TRUE",7,2,3
723283,2023,"2023-07-16","Sunday","TRUE",4,3,3
723360,2023,"2023-07-16","Sunday","TRUE",3,2,3
723433,2023,"2023-07-16","Sunday","TRUE",6,0,3
723508,2023,"2023-07-16","Sunday","TRUE",4,1,3
723790,2023,"2023-07-16","Sunday","TRUE",8,1,3
723844,2023,"2023-07-16","Sunday","TRUE",7,5,4
725139,2023,"2023-07-16","Sunday","TRUE",4,1,3
721395,2023,"2023-07-18","Tuesday","FALSE",0,0,
721460,2023,"2023-07-18","Tuesday","FALSE",0,0,
721537,2023,"2023-07-18","Tuesday","FALSE",0,0,
721604,2023,"2023-07-18","Tuesday","FALSE",0,0,
721762,2023,"2023-07-18","Tuesday","FALSE",0,0,
722685,2023,"2023-07-18","Tuesday","FALSE",0,0,
722767,2023,"2023-07-18","Tuesday","FALSE",0,0,
722912,2023,"2023-07-18","Tuesday","FALSE",0,0,
722981,2023,"2023-07-18","Tuesday","FALSE",0,0,
723056,2023,"2023-07-18","Tuesday","FALSE",0,0,
723213,2023,"2023-07-18","Tuesday","FALSE",0,0,
723358,2023,"2023-07-18","Tuesday","FALSE",0,0,
723638,2023,"2023-07-18","Tuesday","FALSE",0,0,
725456,2023,"2023-07-18","Tuesday","FALSE",0,0,
725532,2023,"2023-07-18","Tuesday","FALSE",0,0,
721392,2023,"2023-07-19","Wednesday","FALSE",0,0,
721533,2023,"2023-07-19","Wednesday","FALSE",0,0,
721603,2023,"2023-07-19","Wednesday","FALSE",0,0,
721763,2023,"2023-07-19","Wednesday","FALSE",0,0,
722683,2023,"2023-07-19","Wednesday","FALSE",0,0,
722764,2023,"2023-07-19","Wednesday","FALSE",0,0,
722908,2023,"2023-07-19","Wednesday","FALSE",0,0,
722979,2023,"2023-07-19","Wednesday","FALSE",0,0,
723060,2023,"2023-07-19","Wednesday","FALSE",0,0,
723204,2023,"2023-07-19","Wednesday","FALSE",0,0,
723356,2023,"2023-07-19","Wednesday","FALSE",0,0,
723641,2023,"2023-07-19","Wednesday","FALSE",0,0,
725460,2023,"2023-07-19","Wednesday","FALSE",0,0,
725531,2023,"2023-07-19","Wednesday","FALSE",0,0,
721391,2023,"2023-07-20","Thursday","FALSE",0,0,
721461,2023,"2023-07-20","Thursday","FALSE",0,0,
721462,2023,"2023-07-20","Thursday","FALSE",0,0,
721538,2023,"2023-07-20","Thursday","FALSE",0,0,
721606,2023,"2023-07-20","Thursday","FALSE",0,0,
721760,2023,"2023-07-20","Thursday","FALSE",0,0,
722684,2023,"2023-07-20","Thursday","FALSE",0,0,
722763,2023,"2023-07-20","Thursday","FALSE",0,0,
722903,2023,"2023-07-20","Thursday","FALSE",0,0,
722980,2023,"2023-07-20","Thursday","FALSE",0,0,
723057,2023,"2023-07-20","Thursday","FALSE",0,0,
723205,2023,"2023-07-20","Thursday","FALSE",0,0,
723359,2023,"2023-07-20","Thursday","FALSE",0,0,
725455,2023,"2023-07-20","Thursday","FALSE",0,0,
725530,2023,"2023-07-20","Thursday","FALSE",0,0,
721389,2023,"2023-07-21","Friday","TRUE",5,1,3
721458,2023,"2023-07-21","Friday","TRUE",2,1,3
721534,2023,"2023-07-21","Friday","TRUE",7,2,3
721605,2023,"2023-07-21","Friday","TRUE",3,2,3
721761,2023,"2023-07-21","Friday","TRUE",10,3,3
722681,2023,"2023-07-21","Friday","TRUE",4,3,3
722762,2023,"2023-07-21","Friday","TRUE",4,2,3
722906,2023,"2023-07-21","Friday","TRUE",7,3,3
722984,2023,"2023-07-21","Friday","TRUE",5,1,3
723055,2023,"2023-07-21","Friday","TRUE",7,2,3
723208,2023,"2023-07-21","Friday","TRUE",3,1,3
723354,2023,"2023-07-21","Friday","TRUE",7,3,4
723636,2023,"2023-07-21","Friday","TRUE",3,1,3
725454,2023,"2023-07-21","Friday","TRUE",5,1,3
725524,2023,"2023-07-21","Friday","TRUE",6,3,3
721386,2023,"2023-07-22","Saturday","TRUE",4,0,3
721463,2023,"2023-07-22","Saturday","TRUE",6,1,3
721536,2023,"2023-07-22","Saturday","TRUE",6,1,3
721597,2023,"2023-07-22","Saturday","TRUE",4,0,3
721757,2023,"2023-07-22","Saturday","TRUE",5,4,3
722675,2023,"2023-07-22","Saturday","TRUE",7,0,3
722757,2023,"2023-07-22","Saturday","TRUE",6,2,3
722904,2023,"2023-07-22","Saturday","TRUE",4,1,3
722982,2023,"2023-07-22","Saturday","TRUE",8,4,4
723058,2023,"2023-07-22","Saturday","TRUE",6,0,3
723206,2023,"2023-07-22","Saturday","TRUE",5,2,3
723357,2023,"2023-07-22","Saturday","TRUE",6,1,3
723635,2023,"2023-07-22","Saturday","TRUE",2,1,3
723640,2023,"2023-07-22","Saturday","TRUE",3,1,3
725453,2023,"2023-07-22","Saturday","TRUE",5,1,3
725528,2023,"2023-07-22","Saturday","TRUE",4,3,3
721390,2023,"2023-07-23","Sunday","TRUE",4,2,3
721454,2023,"2023-07-23","Sunday","TRUE",4,3,3
721531,2023,"2023-07-23","Sunday","TRUE",4,3,3
721598,2023,"2023-07-23","Sunday","TRUE",8,2,3
721755,2023,"2023-07-23","Sunday","TRUE",4,1,3
722677,2023,"2023-07-23","Sunday","TRUE",4,2,3
722759,2023,"2023-07-23","Sunday","TRUE",7,4,3
722907,2023,"2023-07-23","Sunday","TRUE",4,5,3
722983,2023,"2023-07-23","Sunday","TRUE",3,2,3
723049,2023,"2023-07-23","Sunday","TRUE",3,2,3
723207,2023,"2023-07-23","Sunday","TRUE",6,0,3
723355,2023,"2023-07-23","Sunday","TRUE",4,4,4
723634,2023,"2023-07-23","Sunday","TRUE",7,0,3
725452,2023,"2023-07-23","Sunday","TRUE",3,2,3
725527,2023,"2023-07-23","Sunday","TRUE",4,1,3
721682,2023,"2023-07-25","Tuesday","FALSE",0,0,
721841,2023,"2023-07-25","Tuesday","FALSE",0,0,
721910,2023,"2023-07-25","Tuesday","FALSE",0,0,
721985,2023,"2023-07-25","Tuesday","FALSE",0,0,
722832,2023,"2023-07-25","Tuesday","FALSE",0,0,
723134,2023,"2023-07-25","Tuesday","FALSE",0,0,
723285,2023,"2023-07-25","Tuesday","FALSE",0,0,
723434,2023,"2023-07-25","Tuesday","FALSE",0,0,
723504,2023,"2023-07-25","Tuesday","FALSE",0,0,
723562,2023,"2023-07-25","Tuesday","FALSE",0,0,
723718,2023,"2023-07-25","Tuesday","FALSE",0,0,
723789,2023,"2023-07-25","Tuesday","FALSE",0,0,
723843,2023,"2023-07-25","Tuesday","FALSE",0,0,
725134,2023,"2023-07-25","Tuesday","FALSE",0,0,
721683,2023,"2023-07-26","Wednesday","FALSE",0,0,
721838,2023,"2023-07-26","Wednesday","FALSE",0,0,
721912,2023,"2023-07-26","Wednesday","FALSE",0,0,
721984,2023,"2023-07-26","Wednesday","FALSE",0,0,
722830,2023,"2023-07-26","Wednesday","FALSE",0,0,
723136,2023,"2023-07-26","Wednesday","FALSE",0,0,
723284,2023,"2023-07-26","Wednesday","FALSE",0,0,
723431,2023,"2023-07-26","Wednesday","FALSE",0,0,
723500,2023,"2023-07-26","Wednesday","FALSE",0,0,
723559,2023,"2023-07-26","Wednesday","FALSE",0,0,
723715,2023,"2023-07-26","Wednesday","FALSE",0,0,
723785,2023,"2023-07-26","Wednesday","FALSE",0,0,
723841,2023,"2023-07-26","Wednesday","FALSE",0,0,
725136,2023,"2023-07-26","Wednesday","FALSE",0,0,
725427,2023,"2023-07-26","Wednesday","FALSE",0,0,
725428,2023,"2023-07-26","Wednesday","FALSE",0,0,
721685,2023,"2023-07-27","Thursday","FALSE",0,0,
721834,2023,"2023-07-27","Thursday","FALSE",0,0,
721913,2023,"2023-07-27","Thursday","FALSE",0,0,
721982,2023,"2023-07-27","Thursday","FALSE",0,0,
722833,2023,"2023-07-27","Thursday","FALSE",0,0,
723133,2023,"2023-07-27","Thursday","FALSE",0,0,
723282,2023,"2023-07-27","Thursday","FALSE",0,0,
723435,2023,"2023-07-27","Thursday","FALSE",0,0,
723499,2023,"2023-07-27","Thursday","FALSE",0,0,
723564,2023,"2023-07-27","Thursday","FALSE",0,0,
723712,2023,"2023-07-27","Thursday","FALSE",0,0,
723786,2023,"2023-07-27","Thursday","FALSE",0,0,
723846,2023,"2023-07-27","Thursday","FALSE",0,0,
725135,2023,"2023-07-27","Thursday","FALSE",0,0,
725425,2023,"2023-07-27","Thursday","FALSE",0,0,
721686,2023,"2023-07-28","Friday","TRUE",4,3,3
721835,2023,"2023-07-28","Friday","TRUE",4,2,3
721909,2023,"2023-07-28","Friday","TRUE",4,0,3
721983,2023,"2023-07-28","Friday","TRUE",3,2,3
722835,2023,"2023-07-28","Friday","TRUE",3,2,3
723126,2023,"2023-07-28","Friday","TRUE",1,4,3
723280,2023,"2023-07-28","Friday","TRUE",4,2,3
723436,2023,"2023-07-28","Friday","TRUE",6,0,3
723498,2023,"2023-07-28","Friday","TRUE",2,1,3
723560,2023,"2023-07-28","Friday","TRUE",7,2,3
723711,2023,"2023-07-28","Friday","TRUE",4,1,3
723787,2023,"2023-07-28","Friday","TRUE",7,2,3
723842,2023,"2023-07-28","Friday","TRUE",8,2,3
725130,2023,"2023-07-28","Friday","TRUE",5,3,3
725424,2023,"2023-07-28","Friday","TRUE",5,1,3
721684,2023,"2023-07-29","Saturday","TRUE",7,2,3
721833,2023,"2023-07-29","Saturday","TRUE",6,1,3
721911,2023,"2023-07-29","Saturday","TRUE",2,3,3
721987,2023,"2023-07-29","Saturday","TRUE",6,1,3
722829,2023,"2023-07-29","Saturday","TRUE",5,2,3
723127,2023,"2023-07-29","Saturday","TRUE",7,2,3
723281,2023,"2023-07-29","Saturday","TRUE",9,4,3
723429,2023,"2023-07-29","Saturday","TRUE",5,2,3
723501,2023,"2023-07-29","Saturday","TRUE",4,3,3
723561,2023,"2023-07-29","Saturday","FALSE",0,0,
723710,2023,"2023-07-29","Saturday","FALSE",0,0,
723788,2023,"2023-07-29","Saturday","TRUE",10,0,3
723839,2023,"2023-07-29","Saturday","TRUE",8,1,3
725133,2023,"2023-07-29","Saturday","TRUE",5,1,3
725419,2023,"2023-07-29","Saturday","TRUE",4,1,4
721687,2023,"2023-07-30","Sunday","TRUE",7,1,3
721830,2023,"2023-07-30","Sunday","TRUE",7,2,3
721905,2023,"2023-07-30","Sunday","TRUE",5,1,3
721986,2023,"2023-07-30","Sunday","TRUE",10,0,3
722834,2023,"2023-07-30","Sunday","TRUE",4,1,3
723128,2023,"2023-07-30","Sunday","TRUE",5,2,3
723278,2023,"2023-07-30","Sunday","TRUE",4,3,3
723427,2023,"2023-07-30","Sunday","TRUE",5,2,3
723502,2023,"2023-07-30","Sunday","TRUE",7,2,3
723563,2023,"2023-07-30","Sunday","TRUE",5,1,3
723706,2023,"2023-07-30","Sunday","TRUE",7,0,3
723782,2023,"2023-07-30","Sunday","TRUE",6,0,3
723840,2023,"2023-07-30","Sunday","TRUE",4,2,3
725131,2023,"2023-07-30","Sunday","TRUE",3,2,3
725420,2023,"2023-07-30","Sunday","TRUE",3,1,3
721388,2023,"2023-08-01","Tuesday","FALSE",0,0,
721457,2023,"2023-08-01","Tuesday","FALSE",0,0,
721527,2023,"2023-08-01","Tuesday","FALSE",0,0,
721758,2023,"2023-08-01","Tuesday","FALSE",0,0,
721976,2023,"2023-08-01","Tuesday","FALSE",0,0,
722755,2023,"2023-08-01","Tuesday","FALSE",0,0,
722902,2023,"2023-08-01","Tuesday","FALSE",0,0,
723130,2023,"2023-08-01","Tuesday","FALSE",0,0,
723203,2023,"2023-08-01","Tuesday","FALSE",0,0,
723279,2023,"2023-08-01","Tuesday","FALSE",0,0,
723352,2023,"2023-08-01","Tuesday","FALSE",0,0,
723428,2023,"2023-08-01","Tuesday","FALSE",0,0,
723632,2023,"2023-08-01","Tuesday","FALSE",0,0,
723781,2023,"2023-08-01","Tuesday","FALSE",0,0,
725525,2023,"2023-08-01","Tuesday","FALSE",0,0,
721387,2023,"2023-08-02","Wednesday","FALSE",0,0,
721455,2023,"2023-08-02","Wednesday","FALSE",0,0,
721528,2023,"2023-08-02","Wednesday","FALSE",0,0,
721756,2023,"2023-08-02","Wednesday","FALSE",0,0,
721980,2023,"2023-08-02","Wednesday","FALSE",0,0,
722758,2023,"2023-08-02","Wednesday","FALSE",0,0,
722905,2023,"2023-08-02","Wednesday","FALSE",0,0,
723129,2023,"2023-08-02","Wednesday","FALSE",0,0,
723142,2023,"2023-08-02","Wednesday","FALSE",0,0,
723199,2023,"2023-08-02","Wednesday","FALSE",0,0,
723276,2023,"2023-08-02","Wednesday","FALSE",0,0,
723351,2023,"2023-08-02","Wednesday","FALSE",0,0,
723426,2023,"2023-08-02","Wednesday","FALSE",0,0,
723633,2023,"2023-08-02","Wednesday","FALSE",0,0,
723780,2023,"2023-08-02","Wednesday","FALSE",0,0,
721385,2023,"2023-08-03","Thursday","FALSE",0,0,
721456,2023,"2023-08-03","Thursday","FALSE",0,0,
721530,2023,"2023-08-03","Thursday","FALSE",0,0,
721754,2023,"2023-08-03","Thursday","FALSE",0,0,
721981,2023,"2023-08-03","Thursday","FALSE",0,0,
722756,2023,"2023-08-03","Thursday","FALSE",0,0,
722899,2023,"2023-08-03","Thursday","FALSE",0,0,
723131,2023,"2023-08-03","Thursday","FALSE",0,0,
723201,2023,"2023-08-03","Thursday","FALSE",0,0,
723275,2023,"2023-08-03","Thursday","FALSE",0,0,
723350,2023,"2023-08-03","Thursday","FALSE",0,0,
723425,2023,"2023-08-03","Thursday","FALSE",0,0,
723631,2023,"2023-08-03","Thursday","FALSE",0,0,
723783,2023,"2023-08-03","Thursday","FALSE",0,0,
725526,2023,"2023-08-03","Thursday","FALSE",0,0,
725529,2023,"2023-08-03","Thursday","FALSE",0,0,
721380,2023,"2023-08-04","Friday","TRUE",4,3,3
721452,2023,"2023-08-04","Friday","TRUE",2,1,3
721532,2023,"2023-08-04","Friday","TRUE",8,0,3
721751,2023,"2023-08-04","Friday","TRUE",4,1,3
721977,2023,"2023-08-04","Friday","TRUE",8,3,3
722760,2023,"2023-08-04","Friday","TRUE",5,5,4
722901,2023,"2023-08-04","Friday","TRUE",3,2,3
723200,2023,"2023-08-04","Friday","TRUE",5,3,3
723277,2023,"2023-08-04","Friday","TRUE",5,1,3
723353,2023,"2023-08-04","Friday","TRUE",5,0,3
723430,2023,"2023-08-04","Friday","TRUE",4,1,3
723630,2023,"2023-08-04","Friday","TRUE",4,1,3
723784,2023,"2023-08-04","Friday","TRUE",3,3,3
725518,2023,"2023-08-04","Friday","TRUE",4,0,3
721383,2023,"2023-08-05","Saturday","TRUE",4,2,3
721453,2023,"2023-08-05","Saturday","TRUE",4,1,3
721529,2023,"2023-08-05","Saturday","TRUE",6,0,3
721752,2023,"2023-08-05","Saturday","TRUE",5,1,3
721978,2023,"2023-08-05","Saturday","TRUE",3,1,3
722761,2023,"2023-08-05","Saturday","TRUE",7,1,3
722898,2023,"2023-08-05","Saturday","TRUE",7,1,3
723123,2023,"2023-08-05","Saturday","TRUE",11,3,3
723125,2023,"2023-08-05","Saturday","TRUE",5,0,3
723198,2023,"2023-08-05","Saturday","TRUE",4,0,3
723272,2023,"2023-08-05","Saturday","TRUE",5,1,3
723349,2023,"2023-08-05","Saturday","TRUE",3,0,3
723420,2023,"2023-08-05","Saturday","TRUE",4,2,3
723628,2023,"2023-08-05","Saturday","TRUE",5,2,3
723779,2023,"2023-08-05","Saturday","TRUE",8,0,3
725521,2023,"2023-08-05","Saturday","TRUE",4,1,3
721384,2023,"2023-08-06","Sunday","TRUE",9,1,3
721449,2023,"2023-08-06","Sunday","TRUE",8,1,3
721524,2023,"2023-08-06","Sunday","TRUE",5,0,3
721753,2023,"2023-08-06","Sunday","TRUE",5,4,3
721979,2023,"2023-08-06","Sunday","TRUE",8,0,3
722748,2023,"2023-08-06","Sunday","TRUE",2,0,3
722897,2023,"2023-08-06","Sunday","TRUE",5,0,3
723124,2023,"2023-08-06","Sunday","TRUE",6,2,3
723197,2023,"2023-08-06","Sunday","TRUE",9,2,3
723271,2023,"2023-08-06","Sunday","TRUE",10,1,3
723348,2023,"2023-08-06","Sunday","TRUE",3,3,3
723422,2023,"2023-08-06","Sunday","TRUE",5,3,3
723776,2023,"2023-08-06","Sunday","TRUE",6,2,3
725523,2023,"2023-08-06","Sunday","TRUE",6,1,3
721601,2023,"2023-08-08","Tuesday","FALSE",0,0,
721677,2023,"2023-08-08","Tuesday","FALSE",0,0,
721829,2023,"2023-08-08","Tuesday","FALSE",0,0,
721903,2023,"2023-08-08","Tuesday","FALSE",0,0,
722679,2023,"2023-08-08","Tuesday","FALSE",0,0,
722828,2023,"2023-08-08","Tuesday","FALSE",0,0,
722900,2023,"2023-08-08","Tuesday","FALSE",0,0,
722977,2023,"2023-08-08","Tuesday","FALSE",0,0,
723054,2023,"2023-08-08","Tuesday","FALSE",0,0,
723497,2023,"2023-08-08","Tuesday","FALSE",0,0,
723557,2023,"2023-08-08","Tuesday","FALSE",0,0,
723709,2023,"2023-08-08","Tuesday","FALSE",0,0,
725129,2023,"2023-08-08","Tuesday","FALSE",0,0,
725421,2023,"2023-08-08","Tuesday","FALSE",0,0,
725449,2023,"2023-08-08","Tuesday","FALSE",0,0,
721599,2023,"2023-08-09","Wednesday","FALSE",0,0,
721680,2023,"2023-08-09","Wednesday","FALSE",0,0,
721832,2023,"2023-08-09","Wednesday","FALSE",0,0,
721906,2023,"2023-08-09","Wednesday","FALSE",0,0,
722678,2023,"2023-08-09","Wednesday","FALSE",0,0,
722823,2023,"2023-08-09","Wednesday","FALSE",0,0,
722894,2023,"2023-08-09","Wednesday","FALSE",0,0,
722978,2023,"2023-08-09","Wednesday","FALSE",0,0,
723050,2023,"2023-08-09","Wednesday","FALSE",0,0,
723494,2023,"2023-08-09","Wednesday","FALSE",0,0,
723707,2023,"2023-08-09","Wednesday","FALSE",0,0,
725128,2023,"2023-08-09","Wednesday","FALSE",0,0,
725418,2023,"2023-08-09","Wednesday","FALSE",0,0,
725448,2023,"2023-08-09","Wednesday","FALSE",0,0,
721602,2023,"2023-08-10","Thursday","FALSE",0,0,
721678,2023,"2023-08-10","Thursday","FALSE",0,0,
721826,2023,"2023-08-10","Thursday","FALSE",0,0,
721901,2023,"2023-08-10","Thursday","FALSE",0,0,
722676,2023,"2023-08-10","Thursday","FALSE",0,0,
722821,2023,"2023-08-10","Thursday","FALSE",0,0,
722892,2023,"2023-08-10","Thursday","FALSE",0,0,
722975,2023,"2023-08-10","Thursday","FALSE",0,0,
723053,2023,"2023-08-10","Thursday","FALSE",0,0,
723496,2023,"2023-08-10","Thursday","FALSE",0,0,
723554,2023,"2023-08-10","Thursday","FALSE",0,0,
723556,2023,"2023-08-10","Thursday","FALSE",0,0,
723708,2023,"2023-08-10","Thursday","FALSE",0,0,
725132,2023,"2023-08-10","Thursday","FALSE",0,0,
725445,2023,"2023-08-10","Thursday","FALSE",0,0,
721600,2023,"2023-08-11","Friday","TRUE",3,2,3
721681,2023,"2023-08-11","Friday","TRUE",3,6,5
721831,2023,"2023-08-11","Friday","TRUE",4,4,3
721902,2023,"2023-08-11","Friday","TRUE",8,1,3
722680,2023,"2023-08-11","Friday","TRUE",3,1,3
722825,2023,"2023-08-11","Friday","TRUE",5,1,3
722891,2023,"2023-08-11","Friday","TRUE",6,0,3
722974,2023,"2023-08-11","Friday","TRUE",3,1,3
723051,2023,"2023-08-11","Friday","TRUE",5,1,3
723491,2023,"2023-08-11","Friday","TRUE",2,3,4
723555,2023,"2023-08-11","Friday","TRUE",1,2,3
723704,2023,"2023-08-11","Friday","TRUE",4,2,3
725125,2023,"2023-08-11","Friday","TRUE",7,1,3
725417,2023,"2023-08-11","Friday","TRUE",5,1,3
725422,2023,"2023-08-11","Friday","TRUE",4,0,3
725451,2023,"2023-08-11","Friday","TRUE",7,1,3
721595,2023,"2023-08-12","Saturday","TRUE",2,1,3
721679,2023,"2023-08-12","Saturday","TRUE",8,1,3
721828,2023,"2023-08-12","Saturday","TRUE",4,2,3
721904,2023,"2023-08-12","Saturday","TRUE",6,8,3
722671,2023,"2023-08-12","Saturday","TRUE",4,1,3
722827,2023,"2023-08-12","Saturday","TRUE",3,2,3
722893,2023,"2023-08-12","Saturday","TRUE",5,0,3
722973,2023,"2023-08-12","Saturday","TRUE",4,1,3
723052,2023,"2023-08-12","Saturday","TRUE",7,0,3
723495,2023,"2023-08-12","Saturday","TRUE",7,2,4
723558,2023,"2023-08-12","Saturday","TRUE",2,0,3
723703,2023,"2023-08-12","Saturday","TRUE",2,4,3
725124,2023,"2023-08-12","Saturday","TRUE",2,1,3
725423,2023,"2023-08-12","Saturday","TRUE",3,2,3
725447,2023,"2023-08-12","Saturday","TRUE",5,0,3
721596,2023,"2023-08-13","Sunday","TRUE",4,1,3
721676,2023,"2023-08-13","Sunday","TRUE",7,3,3
721827,2023,"2023-08-13","Sunday","TRUE",6,2,3
721907,2023,"2023-08-13","Sunday","TRUE",4,2,3
722669,2023,"2023-08-13","Sunday","TRUE",9,2,3
722822,2023,"2023-08-13","Sunday","TRUE",0,1,3
722895,2023,"2023-08-13","Sunday","TRUE",5,1,3
722976,2023,"2023-08-13","Sunday","TRUE",6,1,3
723492,2023,"2023-08-13","Sunday","TRUE",7,1,3
723553,2023,"2023-08-13","Sunday","TRUE",5,1,3
723700,2023,"2023-08-13","Sunday","TRUE",1,4,3
725122,2023,"2023-08-13","Sunday","TRUE",8,2,3
725416,2023,"2023-08-13","Sunday","TRUE",5,2,3
725450,2023,"2023-08-13","Sunday","TRUE",8,5,3
721381,2023,"2023-08-15","Tuesday","FALSE",0,0,
721448,2023,"2023-08-15","Tuesday","FALSE",0,0,
721525,2023,"2023-08-15","Tuesday","FALSE",0,0,
721675,2023,"2023-08-15","Tuesday","FALSE",0,0,
721973,2023,"2023-08-15","Tuesday","FALSE",0,0,
722674,2023,"2023-08-15","Tuesday","FALSE",0,0,
722751,2023,"2023-08-15","Tuesday","FALSE",0,0,
722824,2023,"2023-08-15","Tuesday","FALSE",0,0,
723202,2023,"2023-08-15","Tuesday","FALSE",0,0,
723273,2023,"2023-08-15","Tuesday","FALSE",0,0,
723424,2023,"2023-08-15","Tuesday","FALSE",0,0,
723702,2023,"2023-08-15","Tuesday","FALSE",0,0,
725414,2023,"2023-08-15","Tuesday","FALSE",0,0,
725520,2023,"2023-08-15","Tuesday","FALSE",0,0,
721382,2023,"2023-08-16","Wednesday","FALSE",0,0,
721446,2023,"2023-08-16","Wednesday","FALSE",0,0,
721521,2023,"2023-08-16","Wednesday","FALSE",0,0,
721674,2023,"2023-08-16","Wednesday","FALSE",0,0,
721971,2023,"2023-08-16","Wednesday","FALSE",0,0,
722670,2023,"2023-08-16","Wednesday","FALSE",0,0,
722749,2023,"2023-08-16","Wednesday","FALSE",0,0,
722826,2023,"2023-08-16","Wednesday","FALSE",0,0,
723195,2023,"2023-08-16","Wednesday","FALSE",0,0,
723274,2023,"2023-08-16","Wednesday","FALSE",0,0,
723423,2023,"2023-08-16","Wednesday","FALSE",0,0,
723701,2023,"2023-08-16","Wednesday","FALSE",0,0,
723836,2023,"2023-08-16","Wednesday","FALSE",0,0,
725415,2023,"2023-08-16","Wednesday","FALSE",0,0,
725522,2023,"2023-08-16","Wednesday","FALSE",0,0,
721379,2023,"2023-08-17","Thursday","FALSE",0,0,
721450,2023,"2023-08-17","Thursday","FALSE",0,0,
721522,2023,"2023-08-17","Thursday","FALSE",0,0,
721670,2023,"2023-08-17","Thursday","FALSE",0,0,
721975,2023,"2023-08-17","Thursday","FALSE",0,0,
722672,2023,"2023-08-17","Thursday","FALSE",0,0,
722753,2023,"2023-08-17","Thursday","FALSE",0,0,
722819,2023,"2023-08-17","Thursday","FALSE",0,0,
723194,2023,"2023-08-17","Thursday","FALSE",0,0,
723268,2023,"2023-08-17","Thursday","FALSE",0,0,
723421,2023,"2023-08-17","Thursday","FALSE",0,0,
723705,2023,"2023-08-17","Thursday","FALSE",0,0,
723838,2023,"2023-08-17","Thursday","FALSE",0,0,
725412,2023,"2023-08-17","Thursday","FALSE",0,0,
725519,2023,"2023-08-17","Thursday","FALSE",0,0,
721375,2023,"2023-08-18","Friday","TRUE",8,0,3
721447,2023,"2023-08-18","Friday","TRUE",6,1,3
721526,2023,"2023-08-18","Friday","TRUE",3,2,3
721672,2023,"2023-08-18","Friday","TRUE",6,0,3
721969,2023,"2023-08-18","Friday","TRUE",6,1,3
722673,2023,"2023-08-18","Friday","TRUE",4,1,3
722815,2023,"2023-08-18","Friday","TRUE",4,0,3
723192,2023,"2023-08-18","Friday","TRUE",3,1,3
723270,2023,"2023-08-18","Friday","TRUE",5,2,3
723419,2023,"2023-08-18","Friday","TRUE",5,0,3
723696,2023,"2023-08-18","Friday","TRUE",3,3,3
723834,2023,"2023-08-18","Friday","TRUE",7,8,4
725409,2023,"2023-08-18","Friday","TRUE",5,0,3
725513,2023,"2023-08-18","Friday","TRUE",7,4,3
721374,2023,"2023-08-19","Saturday","TRUE",8,1,3
721451,2023,"2023-08-19","Saturday","TRUE",4,3,3
721523,2023,"2023-08-19","Saturday","TRUE",8,2,3
721671,2023,"2023-08-19","Saturday","TRUE",10,0,3
721974,2023,"2023-08-19","Saturday","TRUE",8,2,3
722667,2023,"2023-08-19","Saturday","TRUE",3,3,3
722750,2023,"2023-08-19","Saturday","TRUE",4,2,3
722820,2023,"2023-08-19","Saturday","TRUE",4,1,3
723193,2023,"2023-08-19","Saturday","TRUE",5,1,3
723266,2023,"2023-08-19","Saturday","TRUE",0,1,3
723415,2023,"2023-08-19","Saturday","TRUE",2,0,3
723699,2023,"2023-08-19","Saturday","TRUE",3,0,3
723835,2023,"2023-08-19","Saturday","TRUE",3,3,3
725408,2023,"2023-08-19","Saturday","TRUE",6,0,3
725515,2023,"2023-08-19","Saturday","TRUE",4,0,3
721378,2023,"2023-08-20","Sunday","TRUE",5,1,3
721442,2023,"2023-08-20","Sunday","TRUE",2,4,3
721520,2023,"2023-08-20","Sunday","TRUE",5,3,3
721668,2023,"2023-08-20","Sunday","TRUE",6,0,3
721972,2023,"2023-08-20","Sunday","TRUE",6,0,3
722668,2023,"2023-08-20","Sunday","TRUE",5,1,3
722752,2023,"2023-08-20","Sunday","TRUE",4,2,3
722817,2023,"2023-08-20","Sunday","TRUE",5,1,3
723191,2023,"2023-08-20","Sunday","TRUE",7,0,3
723269,2023,"2023-08-20","Sunday","TRUE",3,0,3
723414,2023,"2023-08-20","Sunday","TRUE",4,3,3
723698,2023,"2023-08-20","Sunday","TRUE",4,2,3
723833,2023,"2023-08-20","Sunday","TRUE",4,7,4
725410,2023,"2023-08-20","Sunday","TRUE",8,0,3
725516,2023,"2023-08-20","Sunday","TRUE",8,4,4
721372,2023,"2023-08-22","Tuesday","FALSE",0,0,
721590,2023,"2023-08-22","Tuesday","FALSE",0,0,
721749,2023,"2023-08-22","Tuesday","FALSE",0,0,
721896,2023,"2023-08-22","Tuesday","FALSE",0,0,
722742,2023,"2023-08-22","Tuesday","FALSE",0,0,
722896,2023,"2023-08-22","Tuesday","FALSE",0,0,
722972,2023,"2023-08-22","Tuesday","FALSE",0,0,
723047,2023,"2023-08-22","Tuesday","FALSE",0,0,
723118,2023,"2023-08-22","Tuesday","FALSE",0,0,
723344,2023,"2023-08-22","Tuesday","FALSE",0,0,
723552,2023,"2023-08-22","Tuesday","FALSE",0,0,
723629,2023,"2023-08-22","Tuesday","FALSE",0,0,
723777,2023,"2023-08-22","Tuesday","FALSE",0,0,
725126,2023,"2023-08-22","Tuesday","FALSE",0,0,
725446,2023,"2023-08-22","Tuesday","FALSE",0,0,
721376,2023,"2023-08-23","Wednesday","FALSE",0,0,
721593,2023,"2023-08-23","Wednesday","FALSE",0,0,
721745,2023,"2023-08-23","Wednesday","FALSE",0,0,
721898,2023,"2023-08-23","Wednesday","FALSE",0,0,
722743,2023,"2023-08-23","Wednesday","FALSE",0,0,
722887,2023,"2023-08-23","Wednesday","FALSE",0,0,
722911,2023,"2023-08-23","Wednesday","FALSE",0,0,
722971,2023,"2023-08-23","Wednesday","FALSE",0,0,
723045,2023,"2023-08-23","Wednesday","FALSE",0,0,
723117,2023,"2023-08-23","Wednesday","FALSE",0,0,
723346,2023,"2023-08-23","Wednesday","FALSE",0,0,
723550,2023,"2023-08-23","Wednesday","FALSE",0,0,
723627,2023,"2023-08-23","Wednesday","FALSE",0,0,
723778,2023,"2023-08-23","Wednesday","FALSE",0,0,
725123,2023,"2023-08-23","Wednesday","FALSE",0,0,
725438,2023,"2023-08-23","Wednesday","FALSE",0,0,
721377,2023,"2023-08-24","Thursday","FALSE",0,0,
721589,2023,"2023-08-24","Thursday","FALSE",0,0,
721746,2023,"2023-08-24","Thursday","FALSE",0,0,
721899,2023,"2023-08-24","Thursday","FALSE",0,0,
722744,2023,"2023-08-24","Thursday","FALSE",0,0,
722969,2023,"2023-08-24","Thursday","FALSE",0,0,
723046,2023,"2023-08-24","Thursday","FALSE",0,0,
723120,2023,"2023-08-24","Thursday","FALSE",0,0,
723345,2023,"2023-08-24","Thursday","FALSE",0,0,
723551,2023,"2023-08-24","Thursday","FALSE",0,0,
723622,2023,"2023-08-24","Thursday","FALSE",0,0,
723774,2023,"2023-08-24","Thursday","FALSE",0,0,
725127,2023,"2023-08-24","Thursday","FALSE",0,0,
725440,2023,"2023-08-24","Thursday","FALSE",0,0,
721373,2023,"2023-08-25","Friday","TRUE",10,0,3
721594,2023,"2023-08-25","Friday","TRUE",9,0,3
721750,2023,"2023-08-25","Friday","TRUE",4,1,3
721894,2023,"2023-08-25","Friday","TRUE",3,0,3
722745,2023,"2023-08-25","Friday","TRUE",5,0,3
722890,2023,"2023-08-25","Friday","TRUE",2,2,3
722968,2023,"2023-08-25","Friday","TRUE",6,5,5
723044,2023,"2023-08-25","Friday","TRUE",2,1,3
723122,2023,"2023-08-25","Friday","TRUE",6,3,3
723549,2023,"2023-08-25","Friday","TRUE",0,0,3
723625,2023,"2023-08-25","Friday","TRUE",2,0,3
723773,2023,"2023-08-25","Friday","TRUE",6,0,3
725121,2023,"2023-08-25","Friday","TRUE",5,2,3
721369,2023,"2023-08-26","Saturday","TRUE",10,1,3
721591,2023,"2023-08-26","Saturday","TRUE",6,2,3
721747,2023,"2023-08-26","Saturday","TRUE",6,1,3
721900,2023,"2023-08-26","Saturday","TRUE",4,1,3
722747,2023,"2023-08-26","Saturday","TRUE",6,2,4
722885,2023,"2023-08-26","Saturday","TRUE",5,1,3
722889,2023,"2023-08-26","Saturday","TRUE",1,0,3
722970,2023,"2023-08-26","Saturday","TRUE",6,2,3
723043,2023,"2023-08-26","Saturday","TRUE",6,0,3
723119,2023,"2023-08-26","Saturday","TRUE",6,4,3
723343,2023,"2023-08-26","Saturday","TRUE",5,0,3
723347,2023,"2023-08-26","Saturday","TRUE",3,1,3
723547,2023,"2023-08-26","Saturday","TRUE",1,3,3
723621,2023,"2023-08-26","Saturday","TRUE",1,3,3
723775,2023,"2023-08-26","Saturday","TRUE",1,3,3
725117,2023,"2023-08-26","Saturday","TRUE",2,2,3
725441,2023,"2023-08-26","Saturday","TRUE",3,0,3
725442,2023,"2023-08-26","Saturday","TRUE",1,2,3
721367,2023,"2023-08-27","Sunday","TRUE",7,1,3
721592,2023,"2023-08-27","Sunday","TRUE",6,5,3
721748,2023,"2023-08-27","Sunday","TRUE",9,2,3
721897,2023,"2023-08-27","Sunday","TRUE",3,2,3
722741,2023,"2023-08-27","Sunday","TRUE",10,3,3
722888,2023,"2023-08-27","Sunday","TRUE",6,2,3
722967,2023,"2023-08-27","Sunday","TRUE",5,3,3
723042,2023,"2023-08-27","Sunday","TRUE",6,1,3
723121,2023,"2023-08-27","Sunday","TRUE",6,2,3
723342,2023,"2023-08-27","Sunday","TRUE",6,2,3
723546,2023,"2023-08-27","Sunday","TRUE",0,2,3
723624,2023,"2023-08-27","Sunday","TRUE",7,2,3
723769,2023,"2023-08-27","Sunday","TRUE",4,2,3
725115,2023,"2023-08-27","Sunday","TRUE",11,2,3
725439,2023,"2023-08-27","Sunday","TRUE",1,2,3
721517,2023,"2023-08-29","Tuesday","FALSE",0,0,
721673,2023,"2023-08-29","Tuesday","FALSE",0,0,
721744,2023,"2023-08-29","Tuesday","FALSE",0,0,
721820,2023,"2023-08-29","Tuesday","FALSE",0,0,
722663,2023,"2023-08-29","Tuesday","FALSE",0,0,
722816,2023,"2023-08-29","Tuesday","FALSE",0,0,
722964,2023,"2023-08-29","Tuesday","FALSE",0,0,
723041,2023,"2023-08-29","Tuesday","FALSE",0,0,
723267,2023,"2023-08-29","Tuesday","FALSE",0,0,
723418,2023,"2023-08-29","Tuesday","FALSE",0,0,
723490,2023,"2023-08-29","Tuesday","FALSE",0,0,
723695,2023,"2023-08-29","Tuesday","FALSE",0,0,
725118,2023,"2023-08-29","Tuesday","FALSE",0,0,
725411,2023,"2023-08-29","Tuesday","FALSE",0,0,
725589,2023,"2023-08-29","Tuesday","FALSE",0,0,
721519,2023,"2023-08-30","Wednesday","FALSE",0,0,
721669,2023,"2023-08-30","Wednesday","FALSE",0,0,
721742,2023,"2023-08-30","Wednesday","FALSE",0,0,
721825,2023,"2023-08-30","Wednesday","FALSE",0,0,
722665,2023,"2023-08-30","Wednesday","FALSE",0,0,
722818,2023,"2023-08-30","Wednesday","FALSE",0,0,
722966,2023,"2023-08-30","Wednesday","FALSE",0,0,
723040,2023,"2023-08-30","Wednesday","FALSE",0,0,
723265,2023,"2023-08-30","Wednesday","FALSE",0,0,
723417,2023,"2023-08-30","Wednesday","FALSE",0,0,
725116,2023,"2023-08-30","Wednesday","FALSE",0,0,
725413,2023,"2023-08-30","Wednesday","FALSE",0,0,
725590,2023,"2023-08-30","Wednesday","FALSE",0,0,
721515,2023,"2023-08-31","Thursday","FALSE",0,0,
721667,2023,"2023-08-31","Thursday","FALSE",0,0,
721741,2023,"2023-08-31","Thursday","FALSE",0,0,
721822,2023,"2023-08-31","Thursday","FALSE",0,0,
722666,2023,"2023-08-31","Thursday","FALSE",0,0,
722814,2023,"2023-08-31","Thursday","FALSE",0,0,
722965,2023,"2023-08-31","Thursday","FALSE",0,0,
723039,2023,"2023-08-31","Thursday","FALSE",0,0,
723260,2023,"2023-08-31","Thursday","FALSE",0,0,
723413,2023,"2023-08-31","Thursday","FALSE",0,0,
723487,2023,"2023-08-31","Thursday","FALSE",0,0,
723694,2023,"2023-08-31","Thursday","FALSE",0,0,
723697,2023,"2023-08-31","Thursday","FALSE",0,0,
725120,2023,"2023-08-31","Thursday","FALSE",0,0,
725402,2023,"2023-08-31","Thursday","FALSE",0,0,
725587,2023,"2023-08-31","Thursday","FALSE",0,0,
721518,2023,"2023-09-01","Friday","TRUE",7,0,3
721663,2023,"2023-09-01","Friday","TRUE",5,2,3
721743,2023,"2023-09-01","Friday","TRUE",6,0,3
722664,2023,"2023-09-01","Friday","TRUE",7,3,3
722812,2023,"2023-09-01","Friday","TRUE",5,1,3
722963,2023,"2023-09-01","Friday","TRUE",4,3,3
723038,2023,"2023-09-01","Friday","TRUE",10,1,3
723261,2023,"2023-09-01","Friday","TRUE",5,3,3
723416,2023,"2023-09-01","Friday","TRUE",3,1,3
723486,2023,"2023-09-01","Friday","TRUE",3,6,3
723493,2023,"2023-09-01","Friday","TRUE",6,0,3
723689,2023,"2023-09-01","Friday","TRUE",8,1,3
725119,2023,"2023-09-01","Friday","TRUE",3,1,3
725403,2023,"2023-09-01","Friday","TRUE",6,2,3
725586,2023,"2023-09-01","Friday","TRUE",7,0,3
721516,2023,"2023-09-02","Saturday","TRUE",5,1,3
721664,2023,"2023-09-02","Saturday","TRUE",6,1,3
721739,2023,"2023-09-02","Saturday","TRUE",6,1,3
721821,2023,"2023-09-02","Saturday","TRUE",4,2,3
721823,2023,"2023-09-02","Saturday","TRUE",4,0,3
722657,2023,"2023-09-02","Saturday","TRUE",4,3,3
722809,2023,"2023-09-02","Saturday","TRUE",3,1,3
722959,2023,"2023-09-02","Saturday","TRUE",11,4,3
723037,2023,"2023-09-02","Saturday","TRUE",7,0,3
723262,2023,"2023-09-02","Saturday","TRUE",2,1,3
723407,2023,"2023-09-02","Saturday","TRUE",2,0,3
723489,2023,"2023-09-02","Saturday","TRUE",4,1,3
723693,2023,"2023-09-02","Saturday","TRUE",5,2,3
725110,2023,"2023-09-02","Saturday","TRUE",9,1,4
725404,2023,"2023-09-02","Saturday","TRUE",6,2,5
725588,2023,"2023-09-02","Saturday","TRUE",3,6,3
721513,2023,"2023-09-03","Sunday","TRUE",8,0,3
721665,2023,"2023-09-03","Sunday","TRUE",9,5,3
721740,2023,"2023-09-03","Sunday","TRUE",3,4,5
721824,2023,"2023-09-03","Sunday","TRUE",4,3,3
722658,2023,"2023-09-03","Sunday","TRUE",3,3,3
722813,2023,"2023-09-03","Sunday","TRUE",5,1,3
722960,2023,"2023-09-03","Sunday","TRUE",6,2,4
723036,2023,"2023-09-03","Sunday","TRUE",6,5,3
723264,2023,"2023-09-03","Sunday","TRUE",4,1,3
723408,2023,"2023-09-03","Sunday","TRUE",5,1,3
723488,2023,"2023-09-03","Sunday","TRUE",3,1,3
723691,2023,"2023-09-03","Sunday","TRUE",5,6,4
725112,2023,"2023-09-03","Sunday","TRUE",9,0,3
725405,2023,"2023-09-03","Sunday","TRUE",7,2,3
725584,2023,"2023-09-03","Sunday","TRUE",6,1,3
721368,2023,"2023-09-05","Tuesday","FALSE",0,0,
721440,2023,"2023-09-05","Tuesday","FALSE",0,0,
721818,2023,"2023-09-05","Tuesday","FALSE",0,0,
721895,2023,"2023-09-05","Tuesday","FALSE",0,0,
721970,2023,"2023-09-05","Tuesday","FALSE",0,0,
722746,2023,"2023-09-05","Tuesday","FALSE",0,0,
723113,2023,"2023-09-05","Tuesday","FALSE",0,0,
723196,2023,"2023-09-05","Tuesday","FALSE",0,0,
723340,2023,"2023-09-05","Tuesday","FALSE",0,0,
723548,2023,"2023-09-05","Tuesday","FALSE",0,0,
723623,2023,"2023-09-05","Tuesday","FALSE",0,0,
723768,2023,"2023-09-05","Tuesday","FALSE",0,0,
725444,2023,"2023-09-05","Tuesday","FALSE",0,0,
725514,2023,"2023-09-05","Tuesday","FALSE",0,0,
725583,2023,"2023-09-05","Tuesday","FALSE",0,0,
721370,2023,"2023-09-06","Wednesday","FALSE",0,0,
721443,2023,"2023-09-06","Wednesday","FALSE",0,0,
721815,2023,"2023-09-06","Wednesday","FALSE",0,0,
721889,2023,"2023-09-06","Wednesday","FALSE",0,0,
721963,2023,"2023-09-06","Wednesday","FALSE",0,0,
722737,2023,"2023-09-06","Wednesday","FALSE",0,0,
723114,2023,"2023-09-06","Wednesday","FALSE",0,0,
723190,2023,"2023-09-06","Wednesday","FALSE",0,0,
723337,2023,"2023-09-06","Wednesday","FALSE",0,0,
723542,2023,"2023-09-06","Wednesday","FALSE",0,0,
723617,2023,"2023-09-06","Wednesday","FALSE",0,0,
723767,2023,"2023-09-06","Wednesday","FALSE",0,0,
725443,2023,"2023-09-06","Wednesday","FALSE",0,0,
725517,2023,"2023-09-06","Wednesday","FALSE",0,0,
725585,2023,"2023-09-06","Wednesday","FALSE",0,0,
721371,2023,"2023-09-07","Thursday","FALSE",0,0,
721444,2023,"2023-09-07","Thursday","FALSE",0,0,
721817,2023,"2023-09-07","Thursday","FALSE",0,0,
721892,2023,"2023-09-07","Thursday","FALSE",0,0,
721967,2023,"2023-09-07","Thursday","FALSE",0,0,
723116,2023,"2023-09-07","Thursday","FALSE",0,0,
723189,2023,"2023-09-07","Thursday","FALSE",0,0,
723338,2023,"2023-09-07","Thursday","FALSE",0,0,
723543,2023,"2023-09-07","Thursday","FALSE",0,0,
723616,2023,"2023-09-07","Thursday","FALSE",0,0,
723770,2023,"2023-09-07","Thursday","FALSE",0,0,
725435,2023,"2023-09-07","Thursday","FALSE",0,0,
725512,2023,"2023-09-07","Thursday","FALSE",0,0,
725582,2023,"2023-09-07","Thursday","FALSE",0,0,
721362,2023,"2023-09-08","Friday","TRUE",8,1,3
721445,2023,"2023-09-08","Friday","TRUE",5,1,3
721819,2023,"2023-09-08","Friday","TRUE",6,1,3
721891,2023,"2023-09-08","Friday","TRUE",7,0,3
721965,2023,"2023-09-08","Friday","TRUE",7,0,3
722740,2023,"2023-09-08","Friday","TRUE",2,4,3
723115,2023,"2023-09-08","Friday","TRUE",7,1,3
723188,2023,"2023-09-08","Friday","TRUE",7,2,3
723336,2023,"2023-09-08","Friday","TRUE",5,1,3
723541,2023,"2023-09-08","Friday","TRUE",4,0,3
723618,2023,"2023-09-08","Friday","TRUE",4,1,3
723771,2023,"2023-09-08","Friday","TRUE",5,3,3
725434,2023,"2023-09-08","Friday","TRUE",2,4,5
725509,2023,"2023-09-08","Friday","TRUE",5,2,3
725580,2023,"2023-09-08","Friday","TRUE",4,2,3
721363,2023,"2023-09-09","Saturday","TRUE",9,2,3
721441,2023,"2023-09-09","Saturday","TRUE",4,1,3
721814,2023,"2023-09-09","Saturday","TRUE",3,5,3
721890,2023,"2023-09-09","Saturday","TRUE",7,1,3
721968,2023,"2023-09-09","Saturday","TRUE",3,2,3
722739,2023,"2023-09-09","Saturday","TRUE",2,1,3
723111,2023,"2023-09-09","Saturday","TRUE",6,3,3
723186,2023,"2023-09-09","Saturday","TRUE",3,2,3
723341,2023,"2023-09-09","Saturday","TRUE",4,0,3
723544,2023,"2023-09-09","Saturday","TRUE",6,2,3
723620,2023,"2023-09-09","Saturday","TRUE",4,3,3
723772,2023,"2023-09-09","Saturday","TRUE",3,1,3
725433,2023,"2023-09-09","Saturday","TRUE",2,0,3
725510,2023,"2023-09-09","Saturday","TRUE",7,2,3
725581,2023,"2023-09-09","Saturday","TRUE",5,0,3
721366,2023,"2023-09-10","Sunday","TRUE",2,3,3
721438,2023,"2023-09-10","Sunday","TRUE",2,0,3
721816,2023,"2023-09-10","Sunday","TRUE",3,2,3
721893,2023,"2023-09-10","Sunday","TRUE",5,1,3
721966,2023,"2023-09-10","Sunday","TRUE",4,2,3
722734,2023,"2023-09-10","Sunday","TRUE",3,2,3
723112,2023,"2023-09-10","Sunday","TRUE",5,2,3
723187,2023,"2023-09-10","Sunday","TRUE",3,1,3
723339,2023,"2023-09-10","Sunday","TRUE",3,2,3
723545,2023,"2023-09-10","Sunday","TRUE",3,2,3
723619,2023,"2023-09-10","Sunday","TRUE",3,5,3
723766,2023,"2023-09-10","Sunday","TRUE",5,1,3
725432,2023,"2023-09-10","Sunday","TRUE",4,1,3
725508,2023,"2023-09-10","Sunday","TRUE",3,0,3
725579,2023,"2023-09-10","Sunday","TRUE",2,2,3
721514,2023,"2023-09-12","Tuesday","FALSE",0,0,
721586,2023,"2023-09-12","Tuesday","FALSE",0,0,
721666,2023,"2023-09-12","Tuesday","FALSE",0,0,
721734,2023,"2023-09-12","Tuesday","FALSE",0,0,
721888,2023,"2023-09-12","Tuesday","FALSE",0,0,
722659,2023,"2023-09-12","Tuesday","FALSE",0,0,
722886,2023,"2023-09-12","Tuesday","FALSE",0,0,
722961,2023,"2023-09-12","Tuesday","FALSE",0,0,
723035,2023,"2023-09-12","Tuesday","FALSE",0,0,
723107,2023,"2023-09-12","Tuesday","FALSE",0,0,
723484,2023,"2023-09-12","Tuesday","FALSE",0,0,
723692,2023,"2023-09-12","Tuesday","FALSE",0,0,
725406,2023,"2023-09-12","Tuesday","FALSE",0,0,
725436,2023,"2023-09-12","Tuesday","FALSE",0,0,
725507,2023,"2023-09-12","Tuesday","FALSE",0,0,
721511,2023,"2023-09-13","Wednesday","FALSE",0,0,
721587,2023,"2023-09-13","Wednesday","FALSE",0,0,
721662,2023,"2023-09-13","Wednesday","FALSE",0,0,
721738,2023,"2023-09-13","Wednesday","FALSE",0,0,
721881,2023,"2023-09-13","Wednesday","FALSE",0,0,
722662,2023,"2023-09-13","Wednesday","FALSE",0,0,
722883,2023,"2023-09-13","Wednesday","FALSE",0,0,
722962,2023,"2023-09-13","Wednesday","FALSE",0,0,
723034,2023,"2023-09-13","Wednesday","FALSE",0,0,
723106,2023,"2023-09-13","Wednesday","FALSE",0,0,
723485,2023,"2023-09-13","Wednesday","FALSE",0,0,
723690,2023,"2023-09-13","Wednesday","FALSE",0,0,
725407,2023,"2023-09-13","Wednesday","FALSE",0,0,
725431,2023,"2023-09-13","Wednesday","FALSE",0,0,
725511,2023,"2023-09-13","Wednesday","FALSE",0,0,
721512,2023,"2023-09-14","Thursday","FALSE",0,0,
721583,2023,"2023-09-14","Thursday","FALSE",0,0,
721660,2023,"2023-09-14","Thursday","FALSE",0,0,
721737,2023,"2023-09-14","Thursday","FALSE",0,0,
721885,2023,"2023-09-14","Thursday","FALSE",0,0,
722661,2023,"2023-09-14","Thursday","FALSE",0,0,
722884,2023,"2023-09-14","Thursday","FALSE",0,0,
722958,2023,"2023-09-14","Thursday","FALSE",0,0,
723031,2023,"2023-09-14","Thursday","FALSE",0,0,
723105,2023,"2023-09-14","Thursday","FALSE",0,0,
723482,2023,"2023-09-14","Thursday","FALSE",0,0,
723686,2023,"2023-09-14","Thursday","FALSE",0,0,
725401,2023,"2023-09-14","Thursday","FALSE",0,0,
725437,2023,"2023-09-14","Thursday","FALSE",0,0,
725506,2023,"2023-09-14","Thursday","FALSE",0,0,
721510,2023,"2023-09-15","Friday","TRUE",6,2,3
721584,2023,"2023-09-15","Friday","TRUE",7,1,3
721656,2023,"2023-09-15","Friday","TRUE",4,3,4
721736,2023,"2023-09-15","Friday","TRUE",6,0,3
721884,2023,"2023-09-15","Friday","TRUE",7,0,3
722660,2023,"2023-09-15","Friday","TRUE",4,1,3
722881,2023,"2023-09-15","Friday","TRUE",2,3,3
722957,2023,"2023-09-15","Friday","TRUE",3,1,3
723033,2023,"2023-09-15","Friday","TRUE",2,1,3
723109,2023,"2023-09-15","Friday","TRUE",5,2,3
723483,2023,"2023-09-15","Friday","TRUE",3,0,3
723688,2023,"2023-09-15","Friday","TRUE",2,1,3
725398,2023,"2023-09-15","Friday","TRUE",10,2,3
725426,2023,"2023-09-15","Friday","TRUE",6,1,3
725500,2023,"2023-09-15","Friday","TRUE",4,3,3
721504,2023,"2023-09-16","Saturday","TRUE",6,1,3
721585,2023,"2023-09-16","Saturday","TRUE",4,0,3
721657,2023,"2023-09-16","Saturday","TRUE",2,1,3
721735,2023,"2023-09-16","Saturday","TRUE",5,2,3
721882,2023,"2023-09-16","Saturday","TRUE",6,1,3
722655,2023,"2023-09-16","Saturday","TRUE",2,4,4
722878,2023,"2023-09-16","Saturday","TRUE",7,3,3
722953,2023,"2023-09-16","Saturday","TRUE",3,2,3
723030,2023,"2023-09-16","Saturday","TRUE",4,0,3
723110,2023,"2023-09-16","Saturday","TRUE",8,1,3
723476,2023,"2023-09-16","Saturday","TRUE",6,1,3
723477,2023,"2023-09-16","Saturday","TRUE",4,0,3
723685,2023,"2023-09-16","Saturday","TRUE",5,0,3
725396,2023,"2023-09-16","Saturday","TRUE",1,4,3
725429,2023,"2023-09-16","Saturday","TRUE",5,4,5
725503,2023,"2023-09-16","Saturday","TRUE",6,0,3
721509,2023,"2023-09-17","Sunday","TRUE",12,1,4
721588,2023,"2023-09-17","Sunday","TRUE",4,2,3
721659,2023,"2023-09-17","Sunday","TRUE",5,2,3
721733,2023,"2023-09-17","Sunday","TRUE",5,1,3
721887,2023,"2023-09-17","Sunday","FALSE",0,0,
722653,2023,"2023-09-17","Sunday","TRUE",4,2,3
722882,2023,"2023-09-17","Sunday","TRUE",13,4,3
722956,2023,"2023-09-17","Sunday","TRUE",9,4,4
723032,2023,"2023-09-17","Sunday","TRUE",5,1,3
723108,2023,"2023-09-17","Sunday","TRUE",3,1,3
723687,2023,"2023-09-17","Sunday","TRUE",1,1,3
725395,2023,"2023-09-17","Sunday","TRUE",8,2,3
725430,2023,"2023-09-17","Sunday","TRUE",6,1,3
725502,2023,"2023-09-17","Sunday","TRUE",3,1,3
721365,2023,"2023-09-19","Tuesday","FALSE",0,0,
721435,2023,"2023-09-19","Tuesday","FALSE",0,0,
721813,2023,"2023-09-19","Tuesday","FALSE",0,0,
721964,2023,"2023-09-19","Tuesday","FALSE",0,0,
722735,2023,"2023-09-19","Tuesday","FALSE",0,0,
722810,2023,"2023-09-19","Tuesday","FALSE",0,0,
723182,2023,"2023-09-19","Tuesday","FALSE",0,0,
723263,2023,"2023-09-19","Tuesday","FALSE",0,0,
723331,2023,"2023-09-19","Tuesday","FALSE",0,0,
723409,2023,"2023-09-19","Tuesday","FALSE",0,0,
723536,2023,"2023-09-19","Tuesday","FALSE",0,0,
723615,2023,"2023-09-19","Tuesday","FALSE",0,0,
723762,2023,"2023-09-19","Tuesday","FALSE",0,0,
725114,2023,"2023-09-19","Tuesday","FALSE",0,0,
725578,2023,"2023-09-19","Tuesday","FALSE",0,0,
721364,2023,"2023-09-20","Wednesday","FALSE",0,0,
721437,2023,"2023-09-20","Wednesday","FALSE",0,0,
721811,2023,"2023-09-20","Wednesday","FALSE",0,0,
721959,2023,"2023-09-20","Wednesday","FALSE",0,0,
722738,2023,"2023-09-20","Wednesday","FALSE",0,0,
722811,2023,"2023-09-20","Wednesday","FALSE",0,0,
723180,2023,"2023-09-20","Wednesday","FALSE",0,0,
723259,2023,"2023-09-20","Wednesday","FALSE",0,0,
723333,2023,"2023-09-20","Wednesday","FALSE",0,0,
723412,2023,"2023-09-20","Wednesday","FALSE",0,0,
723539,2023,"2023-09-20","Wednesday","FALSE",0,0,
723611,2023,"2023-09-20","Wednesday","FALSE",0,0,
723761,2023,"2023-09-20","Wednesday","FALSE",0,0,
725108,2023,"2023-09-20","Wednesday","FALSE",0,0,
725576,2023,"2023-09-20","Wednesday","FALSE",0,0,
721361,2023,"2023-09-21","Thursday","FALSE",0,0,
721439,2023,"2023-09-21","Thursday","FALSE",0,0,
721810,2023,"2023-09-21","Thursday","FALSE",0,0,
721958,2023,"2023-09-21","Thursday","FALSE",0,0,
722731,2023,"2023-09-21","Thursday","FALSE",0,0,
722808,2023,"2023-09-21","Thursday","FALSE",0,0,
723181,2023,"2023-09-21","Thursday","FALSE",0,0,
723332,2023,"2023-09-21","Thursday","FALSE",0,0,
723411,2023,"2023-09-21","Thursday","FALSE",0,0,
723538,2023,"2023-09-21","Thursday","FALSE",0,0,
723609,2023,"2023-09-21","Thursday","FALSE",0,0,
723763,2023,"2023-09-21","Thursday","FALSE",0,0,
725111,2023,"2023-09-21","Thursday","FALSE",0,0,
725577,2023,"2023-09-21","Thursday","FALSE",0,0,
721358,2023,"2023-09-22","Friday","TRUE",4,2,3
721436,2023,"2023-09-22","Friday","TRUE",6,0,3
721809,2023,"2023-09-22","Friday","TRUE",3,3,3
721962,2023,"2023-09-22","Friday","TRUE",1,1,3
722728,2023,"2023-09-22","Friday","TRUE",3,2,3
722805,2023,"2023-09-22","Friday","TRUE",5,0,3
723185,2023,"2023-09-22","Friday","TRUE",7,3,3
723257,2023,"2023-09-22","Friday","TRUE",1,4,3
723334,2023,"2023-09-22","Friday","TRUE",2,0,3
723410,2023,"2023-09-22","Friday","TRUE",6,2,3
723534,2023,"2023-09-22","Friday","TRUE",5,2,3
723613,2023,"2023-09-22","Friday","TRUE",3,6,3
723764,2023,"2023-09-22","Friday","TRUE",4,4,3
725113,2023,"2023-09-22","Friday","TRUE",5,0,3
725575,2023,"2023-09-22","Friday","TRUE",7,0,3
721360,2023,"2023-09-23","Saturday","TRUE",4,2,3
721434,2023,"2023-09-23","Saturday","TRUE",10,0,3
721808,2023,"2023-09-23","Saturday","TRUE",3,3,3
721960,2023,"2023-09-23","Saturday","TRUE",2,1,3
722732,2023,"2023-09-23","Saturday","TRUE",5,0,3
723183,2023,"2023-09-23","Saturday","TRUE",8,1,3
723254,2023,"2023-09-23","Saturday","TRUE",5,0,3
723335,2023,"2023-09-23","Saturday","TRUE",3,8,5
723535,2023,"2023-09-23","Saturday","TRUE",7,8,4
723612,2023,"2023-09-23","Saturday","TRUE",3,6,3
723765,2023,"2023-09-23","Saturday","TRUE",10,0,3
725109,2023,"2023-09-23","Saturday","TRUE",5,2,3
725573,2023,"2023-09-23","Saturday","TRUE",5,8,4
721356,2023,"2023-09-24","Sunday","TRUE",5,2,3
721432,2023,"2023-09-24","Sunday","TRUE",6,1,3
721812,2023,"2023-09-24","Sunday","TRUE",3,1,3
721961,2023,"2023-09-24","Sunday","TRUE",5,2,3
722730,2023,"2023-09-24","Sunday","TRUE",4,0,3
722802,2023,"2023-09-24","Sunday","TRUE",5,1,3
723184,2023,"2023-09-24","Sunday","TRUE",6,1,3
723255,2023,"2023-09-24","Sunday","TRUE",4,1,3
723327,2023,"2023-09-24","Sunday","TRUE",3,4,3
723537,2023,"2023-09-24","Sunday","TRUE",2,0,3
723614,2023,"2023-09-24","Sunday","TRUE",3,4,3
723756,2023,"2023-09-24","Sunday","TRUE",5,0,3
725106,2023,"2023-09-24","Sunday","TRUE",4,1,3
725574,2023,"2023-09-24","Sunday","TRUE",4,1,3
751442,2024,"2024-03-29","Friday","TRUE",4,1,3
751742,2024,"2024-03-29","Friday","TRUE",6,2,3
751970,2024,"2024-03-29","Friday","TRUE",1,1,3
752114,2024,"2024-03-29","Friday","TRUE",4,2,3
752266,2024,"2024-03-29","Friday","TRUE",7,0,3
752342,2024,"2024-03-29","Friday","TRUE",3,1,3
752637,2024,"2024-03-29","Friday","TRUE",2,3,3
752720,2024,"2024-03-29","Friday","TRUE",3,3,3
752867,2024,"2024-03-29","Friday","TRUE",3,0,3
752942,2024,"2024-03-29","Friday","TRUE",3,0,3
753016,2024,"2024-03-29","Friday","TRUE",4,3,3
753094,2024,"2024-03-29","Friday","TRUE",6,2,3
753616,2024,"2024-03-29","Friday","TRUE",3,3,3
751441,2024,"2024-03-30","Saturday","TRUE",3,2,3
751663,2024,"2024-03-30","Saturday","TRUE",2,1,3
751744,2024,"2024-03-30","Saturday","TRUE",4,2,3
752116,2024,"2024-03-30","Saturday","TRUE",6,2,3
752264,2024,"2024-03-30","Saturday","TRUE",6,0,3
752340,2024,"2024-03-30","Saturday","TRUE",4,4,4
752416,2024,"2024-03-30","Saturday","TRUE",0,1,3
752639,2024,"2024-03-30","Saturday","TRUE",5,2,3
752712,2024,"2024-03-30","Saturday","TRUE",5,3,3
752868,2024,"2024-03-30","Saturday","TRUE",5,1,3
752939,2024,"2024-03-30","Saturday","TRUE",4,0,3
753017,2024,"2024-03-30","Saturday","TRUE",8,1,3
753087,2024,"2024-03-30","Saturday","TRUE",5,2,3
753617,2024,"2024-03-30","Saturday","TRUE",5,2,3
751440,2024,"2024-03-31","Sunday","TRUE",1,2,3
751666,2024,"2024-03-31","Sunday","TRUE",2,2,3
751669,2024,"2024-03-31","Sunday","TRUE",5,0,3
751740,2024,"2024-03-31","Sunday","TRUE",3,1,3
751961,2024,"2024-03-31","Sunday","TRUE",1,0,3
752117,2024,"2024-03-31","Sunday","TRUE",7,4,3
752265,2024,"2024-03-31","Sunday","TRUE",1,2,3
752338,2024,"2024-03-31","Sunday","TRUE",1,0,3
752412,2024,"2024-03-31","Sunday","TRUE",4,1,3
752640,2024,"2024-03-31","Sunday","TRUE",7,1,3
752715,2024,"2024-03-31","Sunday","TRUE",6,2,3
752865,2024,"2024-03-31","Sunday","TRUE",5,4,3
752938,2024,"2024-03-31","Sunday","TRUE",3,4,4
753015,2024,"2024-03-31","Sunday","TRUE",4,4,5
753091,2024,"2024-03-31","Sunday","TRUE",5,0,3
753613,2024,"2024-03-31","Sunday","TRUE",8,3,3
751516,2024,"2024-04-02","Tuesday","FALSE",0,0,
751591,2024,"2024-04-02","Tuesday","FALSE",0,0,
751817,2024,"2024-04-02","Tuesday","FALSE",0,0,
751892,2024,"2024-04-02","Tuesday","FALSE",0,0,
752042,2024,"2024-04-02","Tuesday","FALSE",0,0,
752192,2024,"2024-04-02","Tuesday","FALSE",0,0,
752792,2024,"2024-04-02","Tuesday","FALSE",0,0,
753166,2024,"2024-04-02","Tuesday","FALSE",0,0,
753242,2024,"2024-04-02","Tuesday","FALSE",0,0,
753318,2024,"2024-04-02","Tuesday","FALSE",0,0,
753392,2024,"2024-04-02","Tuesday","FALSE",0,0,
753542,2024,"2024-04-02","Tuesday","FALSE",0,0,
751518,2024,"2024-04-03","Wednesday","FALSE",0,0,
751592,2024,"2024-04-03","Wednesday","FALSE",0,0,
751816,2024,"2024-04-03","Wednesday","FALSE",0,0,
751891,2024,"2024-04-03","Wednesday","FALSE",0,0,
752041,2024,"2024-04-03","Wednesday","FALSE",0,0,
752790,2024,"2024-04-03","Wednesday","FALSE",0,0,
753168,2024,"2024-04-03","Wednesday","FALSE",0,0,
753317,2024,"2024-04-03","Wednesday","FALSE",0,0,
753388,2024,"2024-04-03","Wednesday","FALSE",0,0,
753465,2024,"2024-04-03","Wednesday","FALSE",0,0,
753540,2024,"2024-04-03","Wednesday","FALSE",0,0,
751512,2024,"2024-04-04","Thursday","FALSE",0,0,
751590,2024,"2024-04-04","Thursday","FALSE",0,0,
751815,2024,"2024-04-04","Thursday","FALSE",0,0,
751890,2024,"2024-04-04","Thursday","FALSE",0,0,
752038,2024,"2024-04-04","Thursday","FALSE",0,0,
752490,2024,"2024-04-04","Thursday","FALSE",0,0,
752791,2024,"2024-04-04","Thursday","FALSE",0,0,
753163,2024,"2024-04-04","Thursday","FALSE",0,0,
753240,2024,"2024-04-04","Thursday","FALSE",0,0,
753315,2024,"2024-04-04","Thursday","FALSE",0,0,
753389,2024,"2024-04-04","Thursday","FALSE",0,0,
753466,2024,"2024-04-04","Thursday","FALSE",0,0,
753469,2024,"2024-04-04","Thursday","FALSE",0,0,
753541,2024,"2024-04-04","Thursday","FALSE",0,0,
751514,2024,"2024-04-05","Friday","TRUE",4,2,3
751589,2024,"2024-04-05","Friday","TRUE",5,2,3
751813,2024,"2024-04-05","Friday","TRUE",4,0,3
751885,2024,"2024-04-05","Friday","TRUE",4,1,3
752040,2024,"2024-04-05","Friday","TRUE",1,0,3
752189,2024,"2024-04-05","Friday","TRUE",3,10,3
752194,2024,"2024-04-05","Friday","TRUE",4,2,3
752489,2024,"2024-04-05","Friday","TRUE",4,1,3
752788,2024,"2024-04-05","Friday","TRUE",4,2,3
753167,2024,"2024-04-05","Friday","TRUE",1,3,3
753239,2024,"2024-04-05","Friday","TRUE",2,1,3
753314,2024,"2024-04-05","Friday","TRUE",1,1,3
753390,2024,"2024-04-05","Friday","TRUE",5,0,3
753463,2024,"2024-04-05","Friday","TRUE",7,2,3
753537,2024,"2024-04-05","Friday","TRUE",11,1,3
751513,2024,"2024-04-06","Saturday","TRUE",3,0,3
751812,2024,"2024-04-06","Saturday","TRUE",2,2,3
751887,2024,"2024-04-06","Saturday","TRUE",5,1,3
752039,2024,"2024-04-06","Saturday","TRUE",4,2,3
752187,2024,"2024-04-06","Saturday","TRUE",4,2,3
752488,2024,"2024-04-06","Saturday","TRUE",5,3,3
752491,2024,"2024-04-06","Saturday","TRUE",6,4,3
752563,2024,"2024-04-06","Saturday","TRUE",3,1,3
752786,2024,"2024-04-06","Saturday","TRUE",1,2,3
753165,2024,"2024-04-06","Saturday","TRUE",6,6,4
753237,2024,"2024-04-06","Saturday","TRUE",5,1,3
753244,2024,"2024-04-06","Saturday","TRUE",2,0,3
753313,2024,"2024-04-06","Saturday","TRUE",1,3,3
753391,2024,"2024-04-06","Saturday","TRUE",2,0,3
753460,2024,"2024-04-06","Saturday","TRUE",7,2,3
753538,2024,"2024-04-06","Saturday","TRUE",5,2,4
751511,2024,"2024-04-07","Sunday","TRUE",5,9,3
751586,2024,"2024-04-07","Sunday","TRUE",1,0,3
751588,2024,"2024-04-07","Sunday","TRUE",5,0,3
751814,2024,"2024-04-07","Sunday","TRUE",3,2,3
751889,2024,"2024-04-07","Sunday","TRUE",4,3,3
752037,2024,"2024-04-07","Sunday","TRUE",4,1,3
752190,2024,"2024-04-07","Sunday","TRUE",6,4,3
752484,2024,"2024-04-07","Sunday","TRUE",1,2,3
752561,2024,"2024-04-07","Sunday","TRUE",5,1,3
752565,2024,"2024-04-07","Sunday","TRUE",4,1,3
752789,2024,"2024-04-07","Sunday","TRUE",2,2,3
753159,2024,"2024-04-07","Sunday","TRUE",5,2,3
753236,2024,"2024-04-07","Sunday","TRUE",6,2,3
753310,2024,"2024-04-07","Sunday","TRUE",9,0,3
753384,2024,"2024-04-07","Sunday","TRUE",4,3,3
753462,2024,"2024-04-07","Sunday","TRUE",4,1,3
753539,2024,"2024-04-07","Sunday","TRUE",4,1,3
752339,2024,"2024-04-08","Monday","FALSE",0,0,
751438,2024,"2024-04-09","Tuesday","FALSE",0,0,
751664,2024,"2024-04-09","Tuesday","FALSE",0,0,
751964,2024,"2024-04-09","Tuesday","FALSE",0,0,
752113,2024,"2024-04-09","Tuesday","FALSE",0,0,
752268,2024,"2024-04-09","Tuesday","FALSE",0,0,
752414,2024,"2024-04-09","Tuesday","FALSE",0,0,
752641,2024,"2024-04-09","Tuesday","FALSE",0,0,
752716,2024,"2024-04-09","Tuesday","FALSE",0,0,
752862,2024,"2024-04-09","Tuesday","FALSE",0,0,
752940,2024,"2024-04-09","Tuesday","FALSE",0,0,
753014,2024,"2024-04-09","Tuesday","FALSE",0,0,
753088,2024,"2024-04-09","Tuesday","FALSE",0,0,
753615,2024,"2024-04-09","Tuesday","FALSE",0,0,
751439,2024,"2024-04-10","Wednesday","FALSE",0,0,
751662,2024,"2024-04-10","Wednesday","FALSE",0,0,
751735,2024,"2024-04-10","Wednesday","FALSE",0,0,
751743,2024,"2024-04-10","Wednesday","FALSE",0,0,
751963,2024,"2024-04-10","Wednesday","FALSE",0,0,
752115,2024,"2024-04-10","Wednesday","FALSE",0,0,
752260,2024,"2024-04-10","Wednesday","FALSE",0,0,
752341,2024,"2024-04-10","Wednesday","FALSE",0,0,
752415,2024,"2024-04-10","Wednesday","FALSE",0,0,
752642,2024,"2024-04-10","Wednesday","FALSE",0,0,
752713,2024,"2024-04-10","Wednesday","FALSE",0,0,
752941,2024,"2024-04-10","Wednesday","FALSE",0,0,
753011,2024,"2024-04-10","Wednesday","FALSE",0,0,
753089,2024,"2024-04-10","Wednesday","FALSE",0,0,
753614,2024,"2024-04-10","Wednesday","FALSE",0,0,
751436,2024,"2024-04-11","Thursday","FALSE",0,0,
751665,2024,"2024-04-11","Thursday","FALSE",0,0,
751734,2024,"2024-04-11","Thursday","FALSE",0,0,
751965,2024,"2024-04-11","Thursday","FALSE",0,0,
752112,2024,"2024-04-11","Thursday","FALSE",0,0,
752336,2024,"2024-04-11","Thursday","FALSE",0,0,
752413,2024,"2024-04-11","Thursday","FALSE",0,0,
752638,2024,"2024-04-11","Thursday","FALSE",0,0,
752714,2024,"2024-04-11","Thursday","FALSE",0,0,
752864,2024,"2024-04-11","Thursday","FALSE",0,0,
753013,2024,"2024-04-11","Thursday","FALSE",0,0,
753090,2024,"2024-04-11","Thursday","FALSE",0,0,
753609,2024,"2024-04-11","Thursday","FALSE",0,0,
751437,2024,"2024-04-12","Friday","TRUE",5,0,3
751660,2024,"2024-04-12","Friday","TRUE",3,0,3
751736,2024,"2024-04-12","Friday","TRUE",5,2,3
751962,2024,"2024-04-12","Friday","TRUE",5,2,3
752108,2024,"2024-04-12","Friday","TRUE",5,4,4
752259,2024,"2024-04-12","Friday","TRUE",5,5,3
752337,2024,"2024-04-12","Friday","TRUE",3,0,3
752411,2024,"2024-04-12","Friday","TRUE",1,0,3
752632,2024,"2024-04-12","Friday","TRUE",3,4,3
752707,2024,"2024-04-12","Friday","TRUE",5,6,3
752861,2024,"2024-04-12","Friday","TRUE",2,0,3
752863,2024,"2024-04-12","Friday","TRUE",4,2,3
752936,2024,"2024-04-12","Friday","TRUE",9,1,3
752937,2024,"2024-04-12","Friday","TRUE",3,3,3
753012,2024,"2024-04-12","Friday","TRUE",0,1,3
753086,2024,"2024-04-12","Friday","TRUE",2,2,3
751433,2024,"2024-04-13","Saturday","TRUE",3,1,3
751659,2024,"2024-04-13","Saturday","TRUE",7,1,3
751738,2024,"2024-04-13","Saturday","TRUE",4,4,4
751959,2024,"2024-04-13","Saturday","TRUE",3,1,3
752109,2024,"2024-04-13","Saturday","TRUE",5,1,3
752262,2024,"2024-04-13","Saturday","TRUE",3,0,3
752263,2024,"2024-04-13","Saturday","TRUE",0,0,3
752408,2024,"2024-04-13","Saturday","TRUE",11,2,3
752636,2024,"2024-04-13","Saturday","TRUE",5,0,3
752709,2024,"2024-04-13","Saturday","TRUE",7,0,3
752860,2024,"2024-04-13","Saturday","TRUE",2,2,3
752935,2024,"2024-04-13","Saturday","TRUE",4,3,3
753008,2024,"2024-04-13","Saturday","FALSE",0,0,
753083,2024,"2024-04-13","Saturday","TRUE",4,1,3
753611,2024,"2024-04-13","Saturday","TRUE",6,1,3
753612,2024,"2024-04-13","Saturday","TRUE",8,1,3
751434,2024,"2024-04-14","Sunday","TRUE",4,1,3
751661,2024,"2024-04-14","Sunday","TRUE",5,0,3
751737,2024,"2024-04-14","Sunday","TRUE",5,2,3
751957,2024,"2024-04-14","Sunday","TRUE",6,3,3
752111,2024,"2024-04-14","Sunday","TRUE",2,3,3
752261,2024,"2024-04-14","Sunday","TRUE",4,1,3
752332,2024,"2024-04-14","Sunday","TRUE",4,2,3
752335,2024,"2024-04-14","Sunday","TRUE",5,2,3
752409,2024,"2024-04-14","Sunday","TRUE",5,2,3
752633,2024,"2024-04-14","Sunday","TRUE",4,0,3
752711,2024,"2024-04-14","Sunday","TRUE",7,1,3
752859,2024,"2024-04-14","Sunday","TRUE",3,0,3
752934,2024,"2024-04-14","Sunday","TRUE",5,4,4
753010,2024,"2024-04-14","Sunday","TRUE",3,3,3
753085,2024,"2024-04-14","Sunday","TRUE",6,1,3
753610,2024,"2024-04-14","Sunday","TRUE",6,3,3
751515,2024,"2024-04-16","Tuesday","FALSE",0,0,
751584,2024,"2024-04-16","Tuesday","FALSE",0,0,
751886,2024,"2024-04-16","Tuesday","FALSE",0,0,
751958,2024,"2024-04-16","Tuesday","FALSE",0,0,
752036,2024,"2024-04-16","Tuesday","FALSE",0,0,
752182,2024,"2024-04-16","Tuesday","FALSE",0,0,
752482,2024,"2024-04-16","Tuesday","FALSE",0,0,
752562,2024,"2024-04-16","Tuesday","FALSE",0,0,
752787,2024,"2024-04-16","Tuesday","FALSE",0,0,
753084,2024,"2024-04-16","Tuesday","FALSE",0,0,
753162,2024,"2024-04-16","Tuesday","FALSE",0,0,
753234,2024,"2024-04-16","Tuesday","FALSE",0,0,
753311,2024,"2024-04-16","Tuesday","FALSE",0,0,
753461,2024,"2024-04-16","Tuesday","FALSE",0,0,
753536,2024,"2024-04-16","Tuesday","FALSE",0,0,
751510,2024,"2024-04-17","Wednesday","FALSE",0,0,
751585,2024,"2024-04-17","Wednesday","FALSE",0,0,
751888,2024,"2024-04-17","Wednesday","FALSE",0,0,
751960,2024,"2024-04-17","Wednesday","FALSE",0,0,
752035,2024,"2024-04-17","Wednesday","FALSE",0,0,
752183,2024,"2024-04-17","Wednesday","FALSE",0,0,
752485,2024,"2024-04-17","Wednesday","FALSE",0,0,
752559,2024,"2024-04-17","Wednesday","FALSE",0,0,
752785,2024,"2024-04-17","Wednesday","FALSE",0,0,
753082,2024,"2024-04-17","Wednesday","FALSE",0,0,
753161,2024,"2024-04-17","Wednesday","FALSE",0,0,
753238,2024,"2024-04-17","Wednesday","FALSE",0,0,
753312,2024,"2024-04-17","Wednesday","FALSE",0,0,
753464,2024,"2024-04-17","Wednesday","FALSE",0,0,
753535,2024,"2024-04-17","Wednesday","FALSE",0,0,
751508,2024,"2024-04-18","Thursday","FALSE",0,0,
751587,2024,"2024-04-18","Thursday","FALSE",0,0,
751884,2024,"2024-04-18","Thursday","FALSE",0,0,
751955,2024,"2024-04-18","Thursday","FALSE",0,0,
752032,2024,"2024-04-18","Thursday","FALSE",0,0,
752483,2024,"2024-04-18","Thursday","FALSE",0,0,
752558,2024,"2024-04-18","Thursday","FALSE",0,0,
752782,2024,"2024-04-18","Thursday","FALSE",0,0,
753081,2024,"2024-04-18","Thursday","FALSE",0,0,
753235,2024,"2024-04-18","Thursday","FALSE",0,0,
753307,2024,"2024-04-18","Thursday","FALSE",0,0,
753459,2024,"2024-04-18","Thursday","FALSE",0,0,
753534,2024,"2024-04-18","Thursday","FALSE",0,0,
751506,2024,"2024-04-19","Friday","TRUE",5,1,3
751583,2024,"2024-04-19","Friday","TRUE",3,1,3
751880,2024,"2024-04-19","Friday","TRUE",4,1,3
751956,2024,"2024-04-19","Friday","TRUE",5,2,4
752033,2024,"2024-04-19","Friday","TRUE",8,2,3
752184,2024,"2024-04-19","Friday","TRUE",2,4,3
752487,2024,"2024-04-19","Friday","FALSE",0,0,
752560,2024,"2024-04-19","Friday","TRUE",6,2,3
752784,2024,"2024-04-19","Friday","TRUE",2,0,3
753077,2024,"2024-04-19","Friday","TRUE",12,1,3
753154,2024,"2024-04-19","Friday","TRUE",4,2,3
753160,2024,"2024-04-19","Friday","TRUE",4,1,3
753233,2024,"2024-04-19","Friday","TRUE",2,2,3
753308,2024,"2024-04-19","Friday","TRUE",6,4,3
753457,2024,"2024-04-19","Friday","TRUE",5,2,3
753532,2024,"2024-04-19","Friday","TRUE",2,1,3
751507,2024,"2024-04-20","Saturday","TRUE",5,1,3
751581,2024,"2024-04-20","Saturday","TRUE",3,2,3
751883,2024,"2024-04-20","Saturday","TRUE",3,2,3
751953,2024,"2024-04-20","Saturday","TRUE",7,2,3
752034,2024,"2024-04-20","Saturday","TRUE",3,2,3
752185,2024,"2024-04-20","Saturday","TRUE",6,1,3
752186,2024,"2024-04-20","Saturday","TRUE",4,4,3
752486,2024,"2024-04-20","Saturday","TRUE",4,1,3
752556,2024,"2024-04-20","Saturday","TRUE",5,2,3
752783,2024,"2024-04-20","Saturday","TRUE",3,0,3
753078,2024,"2024-04-20","Saturday","TRUE",5,2,3
753153,2024,"2024-04-20","Saturday","TRUE",8,2,3
753228,2024,"2024-04-20","Saturday","TRUE",4,5,3
753309,2024,"2024-04-20","Saturday","TRUE",6,0,3
753456,2024,"2024-04-20","Saturday","TRUE",3,1,3
753533,2024,"2024-04-20","Saturday","TRUE",6,1,3
751509,2024,"2024-04-21","Sunday","TRUE",2,4,3
751582,2024,"2024-04-21","Sunday","TRUE",4,1,3
751882,2024,"2024-04-21","Sunday","TRUE",7,0,3
751954,2024,"2024-04-21","Sunday","TRUE",5,1,3
752030,2024,"2024-04-21","Sunday","TRUE",4,0,3
752181,2024,"2024-04-21","Sunday","TRUE",3,1,3
752479,2024,"2024-04-21","Sunday","TRUE",2,0,3
752557,2024,"2024-04-21","Sunday","TRUE",5,1,3
752781,2024,"2024-04-21","Sunday","TRUE",12,1,3
753080,2024,"2024-04-21","Sunday","TRUE",5,2,3
753155,2024,"2024-04-21","Sunday","TRUE",5,6,3
753232,2024,"2024-04-21","Sunday","TRUE",6,2,3
753458,2024,"2024-04-21","Sunday","TRUE",3,1,3
751435,2024,"2024-04-23","Tuesday","FALSE",0,0,
751657,2024,"2024-04-23","Tuesday","FALSE",0,0,
751731,2024,"2024-04-23","Tuesday","FALSE",0,0,
751811,2024,"2024-04-23","Tuesday","FALSE",0,0,
752110,2024,"2024-04-23","Tuesday","FALSE",0,0,
752333,2024,"2024-04-23","Tuesday","FALSE",0,0,
752410,2024,"2024-04-23","Tuesday","FALSE",0,0,
752635,2024,"2024-04-23","Tuesday","FALSE",0,0,
752710,2024,"2024-04-23","Tuesday","FALSE",0,0,
752857,2024,"2024-04-23","Tuesday","FALSE",0,0,
752932,2024,"2024-04-23","Tuesday","FALSE",0,0,
753009,2024,"2024-04-23","Tuesday","FALSE",0,0,
753383,2024,"2024-04-23","Tuesday","FALSE",0,0,
751431,2024,"2024-04-24","Wednesday","FALSE",0,0,
751658,2024,"2024-04-24","Wednesday","FALSE",0,0,
751732,2024,"2024-04-24","Wednesday","FALSE",0,0,
751810,2024,"2024-04-24","Wednesday","FALSE",0,0,
752105,2024,"2024-04-24","Wednesday","FALSE",0,0,
752253,2024,"2024-04-24","Wednesday","FALSE",0,0,
752257,2024,"2024-04-24","Wednesday","FALSE",0,0,
752334,2024,"2024-04-24","Wednesday","FALSE",0,0,
752407,2024,"2024-04-24","Wednesday","FALSE",0,0,
752634,2024,"2024-04-24","Wednesday","FALSE",0,0,
752708,2024,"2024-04-24","Wednesday","FALSE",0,0,
752858,2024,"2024-04-24","Wednesday","FALSE",0,0,
752933,2024,"2024-04-24","Wednesday","FALSE",0,0,
753007,2024,"2024-04-24","Wednesday","FALSE",0,0,
753385,2024,"2024-04-24","Wednesday","FALSE",0,0,
753605,2024,"2024-04-24","Wednesday","FALSE",0,0,
751653,2024,"2024-04-25","Thursday","FALSE",0,0,
751733,2024,"2024-04-25","Thursday","FALSE",0,0,
751804,2024,"2024-04-25","Thursday","FALSE",0,0,
752106,2024,"2024-04-25","Thursday","FALSE",0,0,
752256,2024,"2024-04-25","Thursday","FALSE",0,0,
752330,2024,"2024-04-25","Thursday","FALSE",0,0,
752405,2024,"2024-04-25","Thursday","FALSE",0,0,
752627,2024,"2024-04-25","Thursday","FALSE",0,0,
752703,2024,"2024-04-25","Thursday","FALSE",0,0,
752855,2024,"2024-04-25","Thursday","FALSE",0,0,
752930,2024,"2024-04-25","Thursday","FALSE",0,0,
753005,2024,"2024-04-25","Thursday","FALSE",0,0,
753386,2024,"2024-04-25","Thursday","FALSE",0,0,
753606,2024,"2024-04-25","Thursday","FALSE",0,0,
753607,2024,"2024-04-25","Thursday","FALSE",0,0,
751429,2024,"2024-04-26","Friday","TRUE",4,1,3
751432,2024,"2024-04-26","Friday","TRUE",7,0,3
751655,2024,"2024-04-26","Friday","TRUE",5,4,3
751730,2024,"2024-04-26","Friday","TRUE",2,0,3
751808,2024,"2024-04-26","Friday","TRUE",5,1,3
752102,2024,"2024-04-26","Friday","TRUE",3,2,3
752258,2024,"2024-04-26","Friday","TRUE",6,2,3
752329,2024,"2024-04-26","Friday","TRUE",6,6,3
752704,2024,"2024-04-26","Friday","TRUE",6,2,3
752854,2024,"2024-04-26","Friday","TRUE",0,2,3
752929,2024,"2024-04-26","Friday","TRUE",5,1,4
753006,2024,"2024-04-26","Friday","TRUE",5,2,3
753387,2024,"2024-04-26","Friday","TRUE",8,2,3
753608,2024,"2024-04-26","Friday","TRUE",5,1,3
751430,2024,"2024-04-27","Saturday","TRUE",2,0,3
751656,2024,"2024-04-27","Saturday","TRUE",4,2,3
751729,2024,"2024-04-27","Saturday","TRUE",4,3,3
751807,2024,"2024-04-27","Saturday","TRUE",5,1,3
752103,2024,"2024-04-27","Saturday","TRUE",3,1,3
752254,2024,"2024-04-27","Saturday","TRUE",3,1,3
752402,2024,"2024-04-27","Saturday","TRUE",3,0,3
752404,2024,"2024-04-27","Saturday","TRUE",6,1,3
752706,2024,"2024-04-27","Saturday","TRUE",6,1,3
752856,2024,"2024-04-27","Saturday","TRUE",6,1,3
752931,2024,"2024-04-27","Saturday","TRUE",4,1,3
753004,2024,"2024-04-27","Saturday","TRUE",4,2,3
753380,2024,"2024-04-27","Saturday","TRUE",4,1,3
753601,2024,"2024-04-27","Saturday","TRUE",1,2,3
751428,2024,"2024-04-28","Sunday","TRUE",1,2,3
751654,2024,"2024-04-28","Sunday","TRUE",3,0,3
751805,2024,"2024-04-28","Sunday","TRUE",4,1,3
752104,2024,"2024-04-28","Sunday","TRUE",1,3,3
752255,2024,"2024-04-28","Sunday","TRUE",3,2,3
752328,2024,"2024-04-28","Sunday","TRUE",4,1,3
752331,2024,"2024-04-28","Sunday","TRUE",3,1,3
752705,2024,"2024-04-28","Sunday","TRUE",6,2,4
752853,2024,"2024-04-28","Sunday","TRUE",4,2,3
752924,2024,"2024-04-28","Sunday","TRUE",6,6,4
753002,2024,"2024-04-28","Sunday","TRUE",7,1,3
753382,2024,"2024-04-28","Sunday","TRUE",5,0,3
753604,2024,"2024-04-28","Sunday","TRUE",3,2,3
751652,2024,"2024-04-30","Tuesday","FALSE",0,0,
751881,2024,"2024-04-30","Tuesday","FALSE",0,0,
751951,2024,"2024-04-30","Tuesday","FALSE",0,0,
752029,2024,"2024-04-30","Tuesday","FALSE",0,0,
752107,2024,"2024-04-30","Tuesday","FALSE",0,0,
752180,2024,"2024-04-30","Tuesday","FALSE",0,0,
752403,2024,"2024-04-30","Tuesday","FALSE",0,0,
752555,2024,"2024-04-30","Tuesday","FALSE",0,0,
752776,2024,"2024-04-30","Tuesday","FALSE",0,0,
753079,2024,"2024-04-30","Tuesday","FALSE",0,0,
753231,2024,"2024-04-30","Tuesday","FALSE",0,0,
753455,2024,"2024-04-30","Tuesday","FALSE",0,0,
753528,2024,"2024-04-30","Tuesday","FALSE",0,0,
751650,2024,"2024-05-01","Wednesday","FALSE",0,0,
751875,2024,"2024-05-01","Wednesday","FALSE",0,0,
751950,2024,"2024-05-01","Wednesday","FALSE",0,0,
751966,2024,"2024-05-01","Wednesday","FALSE",0,0,
752031,2024,"2024-05-01","Wednesday","FALSE",0,0,
752099,2024,"2024-05-01","Wednesday","FALSE",0,0,
752178,2024,"2024-05-01","Wednesday","FALSE",0,0,
752399,2024,"2024-05-01","Wednesday","FALSE",0,0,
752553,2024,"2024-05-01","Wednesday","FALSE",0,0,
752779,2024,"2024-05-01","Wednesday","FALSE",0,0,
753076,2024,"2024-05-01","Wednesday","FALSE",0,0,
753156,2024,"2024-05-01","Wednesday","FALSE",0,0,
753158,2024,"2024-05-01","Wednesday","FALSE",0,0,
753230,2024,"2024-05-01","Wednesday","FALSE",0,0,
753303,2024,"2024-05-01","Wednesday","FALSE",0,0,
753306,2024,"2024-05-01","Wednesday","FALSE",0,0,
753454,2024,"2024-05-01","Wednesday","FALSE",0,0,
753529,2024,"2024-05-01","Wednesday","FALSE",0,0,
751651,2024,"2024-05-02","Thursday","FALSE",0,0,
751879,2024,"2024-05-02","Thursday","FALSE",0,0,
751952,2024,"2024-05-02","Thursday","FALSE",0,0,
752026,2024,"2024-05-02","Thursday","FALSE",0,0,
752100,2024,"2024-05-02","Thursday","FALSE",0,0,
752179,2024,"2024-05-02","Thursday","FALSE",0,0,
752397,2024,"2024-05-02","Thursday","FALSE",0,0,
752554,2024,"2024-05-02","Thursday","FALSE",0,0,
752777,2024,"2024-05-02","Thursday","FALSE",0,0,
753070,2024,"2024-05-02","Thursday","FALSE",0,0,
753157,2024,"2024-05-02","Thursday","FALSE",0,0,
753229,2024,"2024-05-02","Thursday","FALSE",0,0,
753305,2024,"2024-05-02","Thursday","FALSE",0,0,
753452,2024,"2024-05-02","Thursday","FALSE",0,0,
753530,2024,"2024-05-02","Thursday","FALSE",0,0,
751647,2024,"2024-05-03","Friday","TRUE",10,2,3
751876,2024,"2024-05-03","Friday","TRUE",6,1,3
751949,2024,"2024-05-03","Friday","TRUE",8,1,3
752027,2024,"2024-05-03","Friday","TRUE",5,2,3
752097,2024,"2024-05-03","Friday","TRUE",4,1,3
752174,2024,"2024-05-03","Friday","TRUE",5,0,3
752400,2024,"2024-05-03","Friday","TRUE",4,1,3
752550,2024,"2024-05-03","Friday","TRUE",6,0,3
752778,2024,"2024-05-03","Friday","TRUE",2,1,3
753075,2024,"2024-05-03","Friday","TRUE",3,1,3
753148,2024,"2024-05-03","Friday","TRUE",3,6,4
753223,2024,"2024-05-03","Friday","TRUE",2,1,3
753301,2024,"2024-05-03","Friday","TRUE",2,0,3
753453,2024,"2024-05-03","Friday","TRUE",8,2,3
753527,2024,"2024-05-03","Friday","TRUE",3,0,3
751648,2024,"2024-05-04","Saturday","TRUE",4,1,3
751877,2024,"2024-05-04","Saturday","TRUE",4,1,3
751948,2024,"2024-05-04","Saturday","TRUE",7,3,4
752028,2024,"2024-05-04","Saturday","TRUE",2,4,3
752101,2024,"2024-05-04","Saturday","TRUE",4,2,3
752176,2024,"2024-05-04","Saturday","TRUE",3,1,3
752401,2024,"2024-05-04","Saturday","TRUE",1,5,3
752552,2024,"2024-05-04","Saturday","TRUE",3,3,3
752780,2024,"2024-05-04","Saturday","TRUE",2,3,3
753074,2024,"2024-05-04","Saturday","TRUE",7,1,3
753152,2024,"2024-05-04","Saturday","TRUE",3,1,3
753224,2024,"2024-05-04","Saturday","TRUE",4,0,3
753302,2024,"2024-05-04","Saturday","TRUE",4,1,3
753451,2024,"2024-05-04","Saturday","TRUE",0,3,3
753525,2024,"2024-05-04","Saturday","TRUE",3,4,3
751649,2024,"2024-05-05","Sunday","TRUE",8,2,3
751874,2024,"2024-05-05","Sunday","TRUE",7,4,4
751945,2024,"2024-05-05","Sunday","TRUE",7,0,3
752023,2024,"2024-05-05","Sunday","TRUE",11,1,3
752098,2024,"2024-05-05","Sunday","TRUE",4,0,3
752177,2024,"2024-05-05","Sunday","TRUE",3,2,3
752398,2024,"2024-05-05","Sunday","TRUE",8,1,3
752551,2024,"2024-05-05","Sunday","TRUE",5,2,4
752774,2024,"2024-05-05","Sunday","TRUE",7,2,3
753073,2024,"2024-05-05","Sunday","TRUE",7,3,3
753147,2024,"2024-05-05","Sunday","TRUE",9,2,3
753222,2024,"2024-05-05","Sunday","TRUE",5,3,3
753300,2024,"2024-05-05","Sunday","TRUE",7,2,3
753450,2024,"2024-05-05","Sunday","TRUE",8,1,3
753526,2024,"2024-05-05","Sunday","TRUE",2,1,3
751505,2024,"2024-05-07","Tuesday","FALSE",0,0,
751580,2024,"2024-05-07","Tuesday","FALSE",0,0,
751727,2024,"2024-05-07","Tuesday","FALSE",0,0,
751809,2024,"2024-05-07","Tuesday","FALSE",0,0,
752025,2024,"2024-05-07","Tuesday","FALSE",0,0,
752252,2024,"2024-05-07","Tuesday","FALSE",0,0,
752477,2024,"2024-05-07","Tuesday","FALSE",0,0,
752628,2024,"2024-05-07","Tuesday","FALSE",0,0,
752851,2024,"2024-05-07","Tuesday","FALSE",0,0,
752927,2024,"2024-05-07","Tuesday","FALSE",0,0,
753003,2024,"2024-05-07","Tuesday","FALSE",0,0,
753149,2024,"2024-05-07","Tuesday","FALSE",0,0,
753298,2024,"2024-05-07","Tuesday","FALSE",0,0,
753378,2024,"2024-05-07","Tuesday","FALSE",0,0,
753603,2024,"2024-05-07","Tuesday","FALSE",0,0,
751502,2024,"2024-05-08","Wednesday","FALSE",0,0,
751578,2024,"2024-05-08","Wednesday","FALSE",0,0,
751724,2024,"2024-05-08","Wednesday","FALSE",0,0,
751806,2024,"2024-05-08","Wednesday","FALSE",0,0,
752024,2024,"2024-05-08","Wednesday","FALSE",0,0,
752188,2024,"2024-05-08","Wednesday","FALSE",0,0,
752250,2024,"2024-05-08","Wednesday","FALSE",0,0,
752480,2024,"2024-05-08","Wednesday","FALSE",0,0,
752624,2024,"2024-05-08","Wednesday","FALSE",0,0,
752849,2024,"2024-05-08","Wednesday","FALSE",0,0,
752928,2024,"2024-05-08","Wednesday","FALSE",0,0,
753001,2024,"2024-05-08","Wednesday","FALSE",0,0,
753151,2024,"2024-05-08","Wednesday","FALSE",0,0,
753299,2024,"2024-05-08","Wednesday","FALSE",0,0,
753379,2024,"2024-05-08","Wednesday","FALSE",0,0,
753602,2024,"2024-05-08","Wednesday","FALSE",0,0,
751503,2024,"2024-05-09","Thursday","FALSE",0,0,
751576,2024,"2024-05-09","Thursday","FALSE",0,0,
751728,2024,"2024-05-09","Thursday","FALSE",0,0,
751803,2024,"2024-05-09","Thursday","FALSE",0,0,
752022,2024,"2024-05-09","Thursday","FALSE",0,0,
752251,2024,"2024-05-09","Thursday","FALSE",0,0,
752478,2024,"2024-05-09","Thursday","FALSE",0,0,
752622,2024,"2024-05-09","Thursday","FALSE",0,0,
752850,2024,"2024-05-09","Thursday","FALSE",0,0,
752925,2024,"2024-05-09","Thursday","FALSE",0,0,
753000,2024,"2024-05-09","Thursday","FALSE",0,0,
753150,2024,"2024-05-09","Thursday","FALSE",0,0,
753297,2024,"2024-05-09","Thursday","FALSE",0,0,
753381,2024,"2024-05-09","Thursday","FALSE",0,0,
753596,2024,"2024-05-09","Thursday","FALSE",0,0,
751504,2024,"2024-05-10","Friday","TRUE",4,0,3
751575,2024,"2024-05-10","Friday","TRUE",3,1,3
751725,2024,"2024-05-10","Friday","TRUE",4,2,3
751802,2024,"2024-05-10","Friday","TRUE",7,0,3
752019,2024,"2024-05-10","Friday","TRUE",5,2,3
752246,2024,"2024-05-10","Friday","TRUE",3,1,3
752625,2024,"2024-05-10","Friday","TRUE",9,4,3
752852,2024,"2024-05-10","Friday","TRUE",9,0,3
752926,2024,"2024-05-10","Friday","TRUE",2,2,3
752999,2024,"2024-05-10","Friday","TRUE",3,0,3
753143,2024,"2024-05-10","Friday","TRUE",4,6,3
753295,2024,"2024-05-10","Friday","TRUE",2,2,3
753375,2024,"2024-05-10","Friday","TRUE",4,3,4
753598,2024,"2024-05-10","Friday","TRUE",2,3,3
751501,2024,"2024-05-11","Saturday","TRUE",5,2,3
751579,2024,"2024-05-11","Saturday","TRUE",5,1,3
751721,2024,"2024-05-11","Saturday","TRUE",4,1,3
751801,2024,"2024-05-11","Saturday","TRUE",3,1,3
752020,2024,"2024-05-11","Saturday","TRUE",7,5,3
752247,2024,"2024-05-11","Saturday","TRUE",5,3,3
752472,2024,"2024-05-11","Saturday","TRUE",8,2,3
752481,2024,"2024-05-11","Saturday","TRUE",4,1,3
752626,2024,"2024-05-11","Saturday","TRUE",6,2,3
752844,2024,"2024-05-11","Saturday","TRUE",5,1,3
752920,2024,"2024-05-11","Saturday","TRUE",6,2,3
752998,2024,"2024-05-11","Saturday","TRUE",4,2,3
753144,2024,"2024-05-11","Saturday","TRUE",1,0,3
753296,2024,"2024-05-11","Saturday","TRUE",1,3,3
753377,2024,"2024-05-11","Saturday","TRUE",8,0,3
753600,2024,"2024-05-11","Saturday","TRUE",2,2,3
751498,2024,"2024-05-12","Sunday","TRUE",4,0,3
751577,2024,"2024-05-12","Sunday","TRUE",3,1,3
751720,2024,"2024-05-12","Sunday","TRUE",6,4,3
751800,2024,"2024-05-12","Sunday","TRUE",3,0,3
752021,2024,"2024-05-12","Sunday","TRUE",6,2,3
752249,2024,"2024-05-12","Sunday","TRUE",5,5,3
752473,2024,"2024-05-12","Sunday","TRUE",2,3,3
752623,2024,"2024-05-12","Sunday","TRUE",5,3,3
752846,2024,"2024-05-12","Sunday","TRUE",5,2,3
752919,2024,"2024-05-12","Sunday","TRUE",3,0,3
752996,2024,"2024-05-12","Sunday","TRUE",4,2,3
753145,2024,"2024-05-12","Sunday","TRUE",5,0,3
753294,2024,"2024-05-12","Sunday","TRUE",6,0,3
753376,2024,"2024-05-12","Sunday","TRUE",4,4,3
753599,2024,"2024-05-12","Sunday","TRUE",5,1,3
751426,2024,"2024-05-14","Tuesday","FALSE",0,0,
751646,2024,"2024-05-14","Tuesday","FALSE",0,0,
751723,2024,"2024-05-14","Tuesday","FALSE",0,0,
751946,2024,"2024-05-14","Tuesday","FALSE",0,0,
752093,2024,"2024-05-14","Tuesday","FALSE",0,0,
752175,2024,"2024-05-14","Tuesday","FALSE",0,0,
752327,2024,"2024-05-14","Tuesday","FALSE",0,0,
752396,2024,"2024-05-14","Tuesday","FALSE",0,0,
752549,2024,"2024-05-14","Tuesday","FALSE",0,0,
752845,2024,"2024-05-14","Tuesday","FALSE",0,0,
753072,2024,"2024-05-14","Tuesday","FALSE",0,0,
753304,2024,"2024-05-14","Tuesday","FALSE",0,0,
753448,2024,"2024-05-14","Tuesday","FALSE",0,0,
753522,2024,"2024-05-14","Tuesday","FALSE",0,0,
751425,2024,"2024-05-15","Wednesday","FALSE",0,0,
751643,2024,"2024-05-15","Wednesday","FALSE",0,0,
751722,2024,"2024-05-15","Wednesday","FALSE",0,0,
751947,2024,"2024-05-15","Wednesday","FALSE",0,0,
752095,2024,"2024-05-15","Wednesday","FALSE",0,0,
752173,2024,"2024-05-15","Wednesday","FALSE",0,0,
752322,2024,"2024-05-15","Wednesday","FALSE",0,0,
752395,2024,"2024-05-15","Wednesday","FALSE",0,0,
752548,2024,"2024-05-15","Wednesday","FALSE",0,0,
752699,2024,"2024-05-15","Wednesday","FALSE",0,0,
752701,2024,"2024-05-15","Wednesday","FALSE",0,0,
752847,2024,"2024-05-15","Wednesday","FALSE",0,0,
753071,2024,"2024-05-15","Wednesday","FALSE",0,0,
751427,2024,"2024-05-16","Thursday","FALSE",0,0,
751645,2024,"2024-05-16","Thursday","FALSE",0,0,
751944,2024,"2024-05-16","Thursday","FALSE",0,0,
752092,2024,"2024-05-16","Thursday","FALSE",0,0,
752172,2024,"2024-05-16","Thursday","FALSE",0,0,
752325,2024,"2024-05-16","Thursday","FALSE",0,0,
752393,2024,"2024-05-16","Thursday","FALSE",0,0,
752547,2024,"2024-05-16","Thursday","FALSE",0,0,
752698,2024,"2024-05-16","Thursday","FALSE",0,0,
752848,2024,"2024-05-16","Thursday","FALSE",0,0,
753068,2024,"2024-05-16","Thursday","FALSE",0,0,
753226,2024,"2024-05-16","Thursday","FALSE",0,0,
753227,2024,"2024-05-16","Thursday","FALSE",0,0,
753447,2024,"2024-05-16","Thursday","FALSE",0,0,
753449,2024,"2024-05-16","Thursday","FALSE",0,0,
753523,2024,"2024-05-16","Thursday","FALSE",0,0,
753524,2024,"2024-05-16","Thursday","FALSE",0,0,
751424,2024,"2024-05-17","Friday","TRUE",4,1,3
751641,2024,"2024-05-17","Friday","TRUE",5,2,3
751715,2024,"2024-05-17","Friday","TRUE",7,0,3
751942,2024,"2024-05-17","Friday","TRUE",4,1,3
752096,2024,"2024-05-17","Friday","TRUE",6,0,3
752170,2024,"2024-05-17","Friday","TRUE",4,1,3
752323,2024,"2024-05-17","Friday","TRUE",4,3,3
752394,2024,"2024-05-17","Friday","TRUE",5,4,3
752702,2024,"2024-05-17","Friday","TRUE",3,1,3
752842,2024,"2024-05-17","Friday","TRUE",3,1,3
753065,2024,"2024-05-17","Friday","TRUE",2,4,4
753217,2024,"2024-05-17","Friday","TRUE",4,4,5
753446,2024,"2024-05-17","Friday","TRUE",2,2,3
753521,2024,"2024-05-17","Friday","TRUE",7,3,3
751422,2024,"2024-05-18","Saturday","TRUE",6,2,3
751642,2024,"2024-05-18","Saturday","TRUE",3,1,3
751718,2024,"2024-05-18","Saturday","TRUE",3,0,3
751719,2024,"2024-05-18","Saturday","TRUE",2,0,3
751943,2024,"2024-05-18","Saturday","TRUE",4,1,3
752094,2024,"2024-05-18","Saturday","TRUE",7,1,3
752324,2024,"2024-05-18","Saturday","TRUE",5,2,3
752391,2024,"2024-05-18","Saturday","TRUE",6,6,4
752545,2024,"2024-05-18","Saturday","TRUE",3,2,3
752546,2024,"2024-05-18","Saturday","TRUE",2,1,3
752700,2024,"2024-05-18","Saturday","TRUE",7,1,3
752841,2024,"2024-05-18","Saturday","TRUE",4,1,3
753069,2024,"2024-05-18","Saturday","TRUE",5,3,4
753219,2024,"2024-05-18","Saturday","TRUE",4,1,3
753444,2024,"2024-05-18","Saturday","TRUE",4,1,3
753520,2024,"2024-05-18","Saturday","TRUE",3,3,3
752168,2024,"2024-05-19","Sunday","TRUE",3,1,3
752169,2024,"2024-05-19","Sunday","TRUE",3,0,3
752543,2024,"2024-05-19","Sunday","TRUE",7,0,3
753220,2024,"2024-05-19","Sunday","TRUE",5,0,3
753225,2024,"2024-05-19","Sunday","TRUE",5,1,3
753445,2024,"2024-05-19","Sunday","TRUE",3,1,3
753519,2024,"2024-05-19","Sunday","TRUE",2,2,3
752567,2024,"2024-05-21","Tuesday","FALSE",0,0,
752492,2024,"2024-05-23","Thursday","FALSE",0,0,
752406,2024,"2024-05-28","Tuesday","FALSE",0,0,
752631,2024,"2024-05-30","Thursday","FALSE",0,0,
751408,2024,"2024-06-18","Tuesday","FALSE",0,0,
751563,2024,"2024-06-18","Tuesday","FALSE",0,0,
751405,2024,"2024-06-19","Wednesday","FALSE",0,0,
751564,2024,"2024-06-19","Wednesday","FALSE",0,0,
751407,2024,"2024-06-20","Thursday","FALSE",0,0,
751560,2024,"2024-06-20","Thursday","FALSE",0,0,
751625,2024,"2024-06-20","Thursday","FALSE",0,0,
751861,2024,"2024-06-20","Thursday","FALSE",0,0,
752005,2024,"2024-06-20","Thursday","FALSE",0,0,
752153,2024,"2024-06-20","Thursday","FALSE",0,0,
752308,2024,"2024-06-20","Thursday","FALSE",0,0,
752384,2024,"2024-06-20","Thursday","FALSE",0,0,
752461,2024,"2024-06-20","Thursday","FALSE",0,0,
752606,2024,"2024-06-20","Thursday","FALSE",0,0,
752763,2024,"2024-06-20","Thursday","FALSE",0,0,
752830,2024,"2024-06-20","Thursday","FALSE",0,0,
752983,2024,"2024-06-20","Thursday","FALSE",0,0,
753203,2024,"2024-06-20","Thursday","FALSE",0,0,
753500,2024,"2024-06-20","Thursday","FALSE",0,0,
751488,2024,"2024-06-25","Tuesday","TRUE",3,2,3
751707,2024,"2024-06-25","Tuesday","TRUE",5,2,3
751782,2024,"2024-06-25","Tuesday","TRUE",4,0,3
751929,2024,"2024-06-25","Tuesday","TRUE",2,2,3
752078,2024,"2024-06-25","Tuesday","TRUE",0,3,3
752232,2024,"2024-06-25","Tuesday","TRUE",1,0,2
752455,2024,"2024-06-25","Tuesday","TRUE",2,0,2
752531,2024,"2024-06-25","Tuesday","TRUE",0,1,2
752685,2024,"2024-06-25","Tuesday","TRUE",3,1,2
753053,2024,"2024-06-25","Tuesday","TRUE",1,0,2
753131,2024,"2024-06-25","Tuesday","TRUE",5,0,2
753281,2024,"2024-06-25","Tuesday","TRUE",3,2,2
753356,2024,"2024-06-25","Tuesday","TRUE",0,1,2
753432,2024,"2024-06-25","Tuesday","TRUE",4,0,2
753584,2024,"2024-06-25","Tuesday","TRUE",3,0,2
751402,2024,"2024-07-02","Tuesday","TRUE",8,2,3
751619,2024,"2024-07-02","Tuesday","TRUE",3,3,3
751472,2024,"2024-07-24","Wednesday","TRUE",7,1,3
751546,2024,"2024-07-24","Wednesday","TRUE",5,1,3
