game_pk,level,season,official_date,n_pitch_level,n_play_level,n_additional,n_challenges,away_used_successful,away_used_failed,home_used_successful,home_used_failed,n_tally,delta,status
751442,aaa,2024,2024-03-29,4,1,0,5,1,2,0,2,5,0,ok
751742,aaa,2024,2024-03-29,6,2,0,8,2,3,2,1,8,0,ok
751970,aaa,2024,2024-03-29,1,1,0,2,0,2,0,0,2,0,ok
752114,aaa,2024,2024-03-29,4,2,0,6,1,1,2,2,6,0,ok
752266,aaa,2024,2024-03-29,7,0,0,7,3,1,2,1,7,0,ok
752342,aaa,2024,2024-03-29,3,1,0,4,0,3,0,1,4,0,ok
752417,aaa,2024,2024-03-29,0,0,0,0,0,0,0,0,0,0,ok
752637,aaa,2024,2024-03-29,2,3,0,5,1,3,0,1,5,0,ok
752720,aaa,2024,2024-03-29,3,3,0,6,1,2,1,2,6,0,ok
752867,aaa,2024,2024-03-29,3,0,0,3,0,1,0,2,3,0,ok
752942,aaa,2024,2024-03-29,3,0,0,3,0,2,1,0,3,0,ok
753016,aaa,2024,2024-03-29,4,3,0,7,2,3,0,2,7,0,ok
753094,aaa,2024,2024-03-29,6,2,0,8,3,3,2,0,8,0,ok
753616,aaa,2024,2024-03-29,3,3,0,6,0,3,1,2,6,0,ok
751441,aaa,2024,2024-03-30,3,2,0,5,0,3,1,1,5,0,ok
751663,aaa,2024,2024-03-30,2,1,0,3,1,1,1,0,3,0,ok
751744,aaa,2024,2024-03-30,4,2,0,6,0,2,1,3,6,0,ok
752116,aaa,2024,2024-03-30,6,2,0,8,1,1,4,2,8,0,ok
752264,aaa,2024,2024-03-30,6,0,0,6,1,3,2,0,6,0,ok
752340,aaa,2024,2024-03-30,4,4,0,8,0,4,2,2,8,0,ok
752416,aaa,2024,2024-03-30,0,1,0,1,1,0,0,0,1,0,ok
752639,aaa,2024,2024-03-30,5,2,0,7,3,2,1,1,7,0,ok
752712,aaa,2024,2024-03-30,5,3,0,8,2,2,2,2,8,0,ok
752868,aaa,2024,2024-03-30,5,1,0,6,3,1,1,1,6,0,ok
752939,aaa,2024,2024-03-30,4,0,0,4,0,2,0,2,4,0,ok
753017,aaa,2024,2024-03-30,8,1,0,9,3,2,2,2,9,0,ok
753087,aaa,2024,2024-03-30,5,2,0,7,2,2,0,3,7,0,ok
753617,aaa,2024,2024-03-30,5,2,0,7,0,3,2,2,7,0,ok
751440,aaa,2024,2024-03-31,1,2,0,3,0,2,0,1,3,0,ok
751666,aaa,2024,2024-03-31,2,1,1,4,0,1,0,3,4,0,ok
751669,aaa,2024,2024-03-31,5,0,0,5,0,2,0,3,5,0,ok
751740,aaa,2024,2024-03-31,3,1,0,4,0,2,2,0,4,0,ok
751961,aaa,2024,2024-03-31,1,0,0,1,0,0,1,0,1,0,ok
752117,aaa,2024,2024-03-31,7,4,0,11,5,1,3,2,11,0,ok
752265,aaa,2024,2024-03-31,1,2,0,3,0,2,0,1,3,0,ok
752338,aaa,2024,2024-03-31,1,0,0,1,1,0,0,0,1,0,ok
752412,aaa,2024,2024-03-31,4,1,0,5,0,2,2,1,5,0,ok
752640,aaa,2024,2024-03-31,7,1,0,8,5,0,0,3,8,0,ok
752715,aaa,2024,2024-03-31,6,2,0,8,2,1,3,2,8,0,ok
752865,aaa,2024,2024-03-31,5,2,2,9,1,2,6,0,9,0,ok
752938,aaa,2024,2024-03-31,3,4,0,7,1,4,2,0,7,0,ok
753015,aaa,2024,2024-03-31,4,2,2,8,1,5,1,1,8,0,ok
753091,aaa,2024,2024-03-31,5,0,0,5,1,3,0,1,5,0,ok
753613,aaa,2024,2024-03-31,8,3,0,11,3,1,6,1,11,0,ok
751516,aaa,2024,2024-04-02,0,0,0,0,,,,,,,no_abs_block
751591,aaa,2024,2024-04-02,0,0,0,0,,,,,,,no_abs_block
751817,aaa,2024,2024-04-02,0,0,0,0,,,,,,,no_abs_block
751892,aaa,2024,2024-04-02,0,0,0,0,,,,,,,no_abs_block
752042,aaa,2024,2024-04-02,0,0,0,0,,,,,,,no_abs_block
752192,aaa,2024,2024-04-02,0,0,0,0,,,,,,,no_abs_block
752792,aaa,2024,2024-04-02,0,0,0,0,,,,,,,no_abs_block
753166,aaa,2024,2024-04-02,0,0,0,0,,,,,,,no_abs_block
753242,aaa,2024,2024-04-02,0,0,0,0,,,,,,,no_abs_block
753318,aaa,2024,2024-04-02,0,0,0,0,,,,,,,no_abs_block
753392,aaa,2024,2024-04-02,0,0,0,0,,,,,,,no_abs_block
753542,aaa,2024,2024-04-02,0,0,0,0,,,,,,,no_abs_block
751518,aaa,2024,2024-04-03,0,0,0,0,,,,,,,no_abs_block
751592,aaa,2024,2024-04-03,0,0,0,0,,,,,,,no_abs_block
751816,aaa,2024,2024-04-03,0,0,0,0,,,,,,,no_abs_block
751891,aaa,2024,2024-04-03,0,0,0,0,,,,,,,no_abs_block
752041,aaa,2024,2024-04-03,0,0,0,0,,,,,,,no_abs_block
752568,aaa,2024,2024-04-03,0,0,0,0,,,,,,,no_abs_block
752790,aaa,2024,2024-04-03,0,0,0,0,,,,,,,no_abs_block
753168,aaa,2024,2024-04-03,0,0,0,0,,,,,,,no_abs_block
753317,aaa,2024,2024-04-03,0,0,0,0,,,,,,,no_abs_block
753388,aaa,2024,2024-04-03,0,0,0,0,,,,,,,no_abs_block
753465,aaa,2024,2024-04-03,0,0,0,0,,,,,,,no_abs_block
753540,aaa,2024,2024-04-03,0,0,0,0,,,,,,,no_abs_block
751512,aaa,2024,2024-04-04,0,0,0,0,,,,,,,no_abs_block
751590,aaa,2024,2024-04-04,0,0,0,0,,,,,,,no_abs_block
751815,aaa,2024,2024-04-04,0,0,0,0,,,,,,,no_abs_block
751890,aaa,2024,2024-04-04,0,0,0,0,,,,,,,no_abs_block
752038,aaa,2024,2024-04-04,0,0,0,0,,,,,,,no_abs_block
752490,aaa,2024,2024-04-04,0,0,0,0,,,,,,,no_abs_block
752791,aaa,2024,2024-04-04,0,0,0,0,,,,,,,no_abs_block
753163,aaa,2024,2024-04-04,0,0,0,0,,,,,,,no_abs_block
753240,aaa,2024,2024-04-04,0,0,0,0,,,,,,,no_abs_block
753315,aaa,2024,2024-04-04,0,0,0,0,,,,,,,no_abs_block
753389,aaa,2024,2024-04-04,0,0,0,0,,,,,,,no_abs_block
753466,aaa,2024,2024-04-04,0,0,0,0,,,,,,,no_abs_block
753469,aaa,2024,2024-04-04,0,0,0,0,,,,,,,no_abs_block
753541,aaa,2024,2024-04-04,0,0,0,0,,,,,,,no_abs_block
751514,aaa,2024,2024-04-05,4,2,0,6,2,1,1,2,6,0,ok
751589,aaa,2024,2024-04-05,5,2,0,7,2,2,0,3,7,0,ok
751813,aaa,2024,2024-04-05,4,0,0,4,1,1,1,1,4,0,ok
751885,aaa,2024,2024-04-05,4,1,0,5,0,3,0,2,5,0,ok
752040,aaa,2024,2024-04-05,1,0,0,1,0,1,0,0,1,0,ok
752189,aaa,2024,2024-04-05,3,5,5,13,5,2,3,3,13,0,ok
752194,aaa,2024,2024-04-05,4,1,1,6,1,1,1,3,6,0,ok
752489,aaa,2024,2024-04-05,4,1,0,5,0,3,0,2,5,0,ok
752564,aaa,2024,2024-04-05,0,0,0,0,0,0,0,0,0,0,ok
752788,aaa,2024,2024-04-05,4,2,0,6,3,1,0,2,6,0,ok
753167,aaa,2024,2024-04-05,1,3,0,4,1,2,0,1,4,0,ok
753239,aaa,2024,2024-04-05,2,1,0,3,0,1,2,0,3,0,ok
753314,aaa,2024,2024-04-05,1,1,0,2,0,0,2,0,2,0,ok
753390,aaa,2024,2024-04-05,5,0,0,5,1,1,3,0,5,0,ok
753463,aaa,2024,2024-04-05,7,2,0,9,2,1,3,3,9,0,ok
753537,aaa,2024,2024-04-05,11,1,0,12,4,2,3,3,12,0,ok
751513,aaa,2024,2024-04-06,3,0,0,3,0,1,0,2,3,0,ok
751812,aaa,2024,2024-04-06,2,2,0,4,0,3,0,1,4,0,ok
751887,aaa,2024,2024-04-06,5,1,0,6,0,2,2,2,6,0,ok
752039,aaa,2024,2024-04-06,4,2,0,6,1,2,2,1,6,0,ok
752187,aaa,2024,2024-04-06,4,2,0,6,1,3,0,2,6,0,ok
752488,aaa,2024,2024-04-06,5,3,0,8,1,3,1,3,8,0,ok
752491,aaa,2024,2024-04-06,6,4,0,10,1,3,5,1,10,0,ok
752563,aaa,2024,2024-04-06,3,1,0,4,2,2,0,0,4,0,ok
752786,aaa,2024,2024-04-06,1,2,0,3,0,2,1,0,3,0,ok
753165,aaa,2024,2024-04-06,6,3,3,12,4,4,3,1,12,0,ok
753237,aaa,2024,2024-04-06,5,1,0,6,2,2,2,0,6,0,ok
753244,aaa,2024,2024-04-06,2,0,0,2,1,0,1,0,2,0,ok
753313,aaa,2024,2024-04-06,1,3,0,4,0,2,1,1,4,0,ok
753391,aaa,2024,2024-04-06,2,0,0,2,1,0,0,1,2,0,ok
753460,aaa,2024,2024-04-06,7,2,0,9,3,1,2,3,9,0,ok
753538,aaa,2024,2024-04-06,4,1,2,7,2,4,1,0,7,0,ok
751511,aaa,2024,2024-04-07,5,5,4,14,5,3,4,2,14,0,ok
751586,aaa,2024,2024-04-07,1,0,0,1,0,0,0,1,1,0,ok
751588,aaa,2024,2024-04-07,5,0,0,5,3,1,1,0,5,0,ok
751814,aaa,2024,2024-04-07,3,2,0,5,1,1,2,1,5,0,ok
751889,aaa,2024,2024-04-07,4,3,0,7,0,3,2,2,7,0,ok
752037,aaa,2024,2024-04-07,4,1,0,5,0,2,0,3,5,0,ok
752190,aaa,2024,2024-04-07,6,2,2,10,3,2,3,2,10,0,ok
752484,aaa,2024,2024-04-07,1,2,0,3,0,1,2,0,3,0,ok
752561,aaa,2024,2024-04-07,5,1,0,6,1,1,2,2,6,0,ok
752565,aaa,2024,2024-04-07,4,1,0,5,1,0,1,3,5,0,ok
752789,aaa,2024,2024-04-07,2,1,1,4,0,2,0,2,4,0,ok
753159,aaa,2024,2024-04-07,5,2,0,7,2,0,4,1,7,0,ok
753236,aaa,2024,2024-04-07,6,1,1,8,3,2,2,1,8,0,ok
753310,aaa,2024,2024-04-07,9,0,0,9,2,2,4,1,9,0,ok
753384,aaa,2024,2024-04-07,4,3,0,7,2,1,3,1,7,0,ok
753462,aaa,2024,2024-04-07,4,1,0,5,1,3,1,0,5,0,ok
753539,aaa,2024,2024-04-07,4,1,0,5,1,0,2,2,5,0,ok
752339,aaa,2024,2024-04-08,0,0,0,0,,,,,,,no_abs_block
751438,aaa,2024,2024-04-09,0,0,0,0,,,,,,,no_abs_block
751664,aaa,2024,2024-04-09,0,0,0,0,,,,,,,no_abs_block
751964,aaa,2024,2024-04-09,0,0,0,0,,,,,,,no_abs_block
752113,aaa,2024,2024-04-09,0,0,0,0,,,,,,,no_abs_block
752268,aaa,2024,2024-04-09,0,0,0,0,,,,,,,no_abs_block
752414,aaa,2024,2024-04-09,0,0,0,0,,,,,,,no_abs_block
752641,aaa,2024,2024-04-09,0,0,0,0,,,,,,,no_abs_block
752716,aaa,2024,2024-04-09,0,0,0,0,,,,,,,no_abs_block
752862,aaa,2024,2024-04-09,0,0,0,0,,,,,,,no_abs_block
752940,aaa,2024,2024-04-09,0,0,0,0,,,,,,,no_abs_block
753014,aaa,2024,2024-04-09,0,0,0,0,,,,,,,no_abs_block
753088,aaa,2024,2024-04-09,0,0,0,0,,,,,,,no_abs_block
753615,aaa,2024,2024-04-09,0,0,0,0,,,,,,,no_abs_block
751439,aaa,2024,2024-04-10,0,0,0,0,,,,,,,no_abs_block
751662,aaa,2024,2024-04-10,0,0,0,0,,,,,,,no_abs_block
751735,aaa,2024,2024-04-10,0,0,0,0,,,,,,,no_abs_block
751743,aaa,2024,2024-04-10,0,0,0,0,,,,,,,no_abs_block
751963,aaa,2024,2024-04-10,0,0,0,0,,,,,,,no_abs_block
752115,aaa,2024,2024-04-10,0,0,0,0,,,,,,,no_abs_block
752260,aaa,2024,2024-04-10,0,0,0,0,,,,,,,no_abs_block
752341,aaa,2024,2024-04-10,0,0,0,0,,,,,,,no_abs_block
752415,aaa,2024,2024-04-10,0,0,0,0,,,,,,,no_abs_block
752642,aaa,2024,2024-04-10,0,0,0,0,,,,,,,no_abs_block
752713,aaa,2024,2024-04-10,0,0,0,0,,,,,,,no_abs_block
752941,aaa,2024,2024-04-10,0,0,0,0,,,,,,,no_abs_block
753011,aaa,2024,2024-04-10,0,0,0,0,,,,,,,no_abs_block
753089,aaa,2024,2024-04-10,0,0,0,0,,,,,,,no_abs_block
753614,aaa,2024,2024-04-10,0,0,0,0,,,,,,,no_abs_block
751436,aaa,2024,2024-04-11,0,0,0,0,,,,,,,no_abs_block
751665,aaa,2024,2024-04-11,0,0,0,0,,,,,,,no_abs_block
751734,aaa,2024,2024-04-11,0,0,0,0,,,,,,,no_abs_block
751965,aaa,2024,2024-04-11,0,0,0,0,,,,,,,no_abs_block
752112,aaa,2024,2024-04-11,0,0,0,0,,,,,,,no_abs_block
752336,aaa,2024,2024-04-11,0,0,0,0,,,,,,,no_abs_block
752413,aaa,2024,2024-04-11,0,0,0,0,,,,,,,no_abs_block
752638,aaa,2024,2024-04-11,0,0,0,0,,,,,,,no_abs_block
752714,aaa,2024,2024-04-11,0,0,0,0,,,,,,,no_abs_block
752864,aaa,2024,2024-04-11,0,0,0,0,,,,,,,no_abs_block
753013,aaa,2024,2024-04-11,0,0,0,0,,,,,,,no_abs_block
753090,aaa,2024,2024-04-11,0,0,0,0,,,,,,,no_abs_block
753609,aaa,2024,2024-04-11,0,0,0,0,,,,,,,no_abs_block
751437,aaa,2024,2024-04-12,5,0,0,5,2,0,1,2,5,0,ok
751660,aaa,2024,2024-04-12,3,0,0,3,0,0,2,1,3,0,ok
751736,aaa,2024,2024-04-12,5,2,0,7,1,2,1,3,7,0,ok
751962,aaa,2024,2024-04-12,5,2,0,7,2,1,2,2,7,0,ok
752108,aaa,2024,2024-04-12,5,2,2,9,1,3,1,4,9,0,ok
752259,aaa,2024,2024-04-12,5,3,2,10,3,3,3,1,10,0,ok
752337,aaa,2024,2024-04-12,3,0,0,3,0,1,1,1,3,0,ok
752411,aaa,2024,2024-04-12,1,0,0,1,0,0,0,1,1,0,ok
752632,aaa,2024,2024-04-12,3,4,0,7,1,2,4,0,7,0,ok
752707,aaa,2024,2024-04-12,5,3,3,11,3,1,5,2,11,0,ok
752861,aaa,2024,2024-04-12,2,0,0,2,1,0,1,0,2,0,ok
752863,aaa,2024,2024-04-12,4,2,0,6,3,0,1,2,6,0,ok
752936,aaa,2024,2024-04-12,9,1,0,10,4,3,2,1,10,0,ok
752937,aaa,2024,2024-04-12,3,3,0,6,3,1,0,2,6,0,ok
753012,aaa,2024,2024-04-12,0,1,0,1,0,1,0,0,1,0,ok
753086,aaa,2024,2024-04-12,2,2,0,4,1,0,1,2,4,0,ok
751433,aaa,2024,2024-04-13,3,1,0,4,0,2,0,2,4,0,ok
751659,aaa,2024,2024-04-13,7,1,0,8,2,2,1,3,8,0,ok
751738,aaa,2024,2024-04-13,4,2,2,8,2,2,0,4,8,0,ok
751959,aaa,2024,2024-04-13,3,1,0,4,3,1,0,0,4,0,ok
752109,aaa,2024,2024-04-13,5,1,0,6,2,1,1,2,6,0,ok
752262,aaa,2024,2024-04-13,3,0,0,3,1,1,1,0,3,0,ok
752263,aaa,2024,2024-04-13,0,0,0,0,0,0,0,0,0,0,ok
752408,aaa,2024,2024-04-13,11,2,0,13,4,2,4,3,13,0,ok
752636,aaa,2024,2024-04-13,5,0,0,5,2,2,0,1,5,0,ok
752709,aaa,2024,2024-04-13,7,0,0,7,1,3,1,2,7,0,ok
752860,aaa,2024,2024-04-13,2,2,0,4,1,3,0,0,4,0,ok
752935,aaa,2024,2024-04-13,4,3,0,7,1,3,3,0,7,0,ok
753008,aaa,2024,2024-04-13,0,0,0,0,,,,,,,no_abs_block
753083,aaa,2024,2024-04-13,4,1,0,5,0,1,1,3,5,0,ok
753611,aaa,2024,2024-04-13,6,1,0,7,0,3,2,2,7,0,ok
753612,aaa,2024,2024-04-13,8,1,0,9,3,2,1,3,9,0,ok
751434,aaa,2024,2024-04-14,4,1,0,5,0,2,3,0,5,0,ok
751661,aaa,2024,2024-04-14,5,0,0,5,1,2,0,2,5,0,ok
751737,aaa,2024,2024-04-14,5,2,0,7,4,2,0,1,7,0,ok
751957,aaa,2024,2024-04-14,6,3,0,9,0,2,5,2,9,0,ok
752111,aaa,2024,2024-04-14,2,3,0,5,0,2,2,1,5,0,ok
752261,aaa,2024,2024-04-14,4,1,0,5,2,0,1,2,5,0,ok
752332,aaa,2024,2024-04-14,4,2,0,6,3,1,0,2,6,0,ok
752335,aaa,2024,2024-04-14,5,2,0,7,2,3,2,0,7,0,ok
752409,aaa,2024,2024-04-14,5,2,0,7,2,2,2,1,7,0,ok
752633,aaa,2024,2024-04-14,4,0,0,4,1,2,0,1,4,0,ok
752711,aaa,2024,2024-04-14,7,1,0,8,1,1,4,2,8,0,ok
752859,aaa,2024,2024-04-14,3,0,0,3,1,1,0,1,3,0,ok
752934,aaa,2024,2024-04-14,5,2,2,9,1,4,4,0,9,0,ok
753010,aaa,2024,2024-04-14,3,3,0,6,0,2,1,3,6,0,ok
753085,aaa,2024,2024-04-14,5,1,1,7,3,1,3,0,7,0,ok
753610,aaa,2024,2024-04-14,6,2,1,9,2,2,3,2,9,0,ok
751515,aaa,2024,2024-04-16,0,0,0,0,,,,,,,no_abs_block
751584,aaa,2024,2024-04-16,0,0,0,0,,,,,,,no_abs_block
751886,aaa,2024,2024-04-16,0,0,0,0,,,,,,,no_abs_block
751958,aaa,2024,2024-04-16,0,0,0,0,,,,,,,no_abs_block
752036,aaa,2024,2024-04-16,0,0,0,0,,,,,,,no_abs_block
752182,aaa,2024,2024-04-16,0,0,0,0,,,,,,,no_abs_block
752482,aaa,2024,2024-04-16,0,0,0,0,,,,,,,no_abs_block
752562,aaa,2024,2024-04-16,0,0,0,0,,,,,,,no_abs_block
752787,aaa,2024,2024-04-16,0,0,0,0,,,,,,,no_abs_block
753084,aaa,2024,2024-04-16,0,0,0,0,,,,,,,no_abs_block
753162,aaa,2024,2024-04-16,0,0,0,0,,,,,,,no_abs_block
753234,aaa,2024,2024-04-16,0,0,0,0,,,,,,,no_abs_block
753311,aaa,2024,2024-04-16,0,0,0,0,,,,,,,no_abs_block
753461,aaa,2024,2024-04-16,0,0,0,0,,,,,,,no_abs_block
753536,aaa,2024,2024-04-16,0,0,0,0,,,,,,,no_abs_block
751510,aaa,2024,2024-04-17,0,0,0,0,,,,,,,no_abs_block
751585,aaa,2024,2024-04-17,0,0,0,0,,,,,,,no_abs_block
751888,aaa,2024,2024-04-17,0,0,0,0,,,,,,,no_abs_block
751960,aaa,2024,2024-04-17,0,0,0,0,,,,,,,no_abs_block
752035,aaa,2024,2024-04-17,0,0,0,0,,,,,,,no_abs_block
752183,aaa,2024,2024-04-17,0,0,0,0,,,,,,,no_abs_block
752485,aaa,2024,2024-04-17,0,0,0,0,,,,,,,no_abs_block
752559,aaa,2024,2024-04-17,0,0,0,0,,,,,,,no_abs_block
752785,aaa,2024,2024-04-17,0,0,0,0,,,,,,,no_abs_block
753082,aaa,2024,2024-04-17,0,0,0,0,,,,,,,no_abs_block
753161,aaa,2024,2024-04-17,0,0,0,0,,,,,,,no_abs_block
753238,aaa,2024,2024-04-17,0,0,0,0,,,,,,,no_abs_block
753312,aaa,2024,2024-04-17,0,0,0,0,,,,,,,no_abs_block
753464,aaa,2024,2024-04-17,0,0,0,0,,,,,,,no_abs_block
753535,aaa,2024,2024-04-17,0,0,0,0,,,,,,,no_abs_block
751508,aaa,2024,2024-04-18,0,0,0,0,,,,,,,no_abs_block
751587,aaa,2024,2024-04-18,0,0,0,0,,,,,,,no_abs_block
751884,aaa,2024,2024-04-18,0,0,0,0,,,,,,,no_abs_block
751955,aaa,2024,2024-04-18,0,0,0,0,,,,,,,no_abs_block
752032,aaa,2024,2024-04-18,0,0,0,0,,,,,,,no_abs_block
752483,aaa,2024,2024-04-18,0,0,0,0,,,,,,,no_abs_block
752558,aaa,2024,2024-04-18,0,0,0,0,,,,,,,no_abs_block
752782,aaa,2024,2024-04-18,0,0,0,0,,,,,,,no_abs_block
753081,aaa,2024,2024-04-18,0,0,0,0,,,,,,,no_abs_block
753235,aaa,2024,2024-04-18,0,0,0,0,,,,,,,no_abs_block
753307,aaa,2024,2024-04-18,0,0,0,0,,,,,,,no_abs_block
753459,aaa,2024,2024-04-18,0,0,0,0,,,,,,,no_abs_block
753534,aaa,2024,2024-04-18,0,0,0,0,,,,,,,no_abs_block
751506,aaa,2024,2024-04-19,5,1,0,6,3,1,2,0,6,0,ok
751583,aaa,2024,2024-04-19,3,1,0,4,1,1,2,0,4,0,ok
751880,aaa,2024,2024-04-19,4,1,0,5,1,3,0,1,5,0,ok
751956,aaa,2024,2024-04-19,5,2,0,7,0,2,1,4,7,0,ok
752033,aaa,2024,2024-04-19,8,2,0,10,2,1,4,3,10,0,ok
752184,aaa,2024,2024-04-19,2,2,2,6,2,0,2,2,6,0,ok
752487,aaa,2024,2024-04-19,0,0,0,0,,,,,,,no_abs_block
752560,aaa,2024,2024-04-19,6,1,1,8,5,1,1,1,8,0,ok
752784,aaa,2024,2024-04-19,2,0,0,2,0,2,0,0,2,0,ok
753077,aaa,2024,2024-04-19,12,1,0,13,8,2,0,3,13,0,ok
753154,aaa,2024,2024-04-19,4,2,0,6,4,0,0,2,6,0,ok
753160,aaa,2024,2024-04-19,4,1,0,5,2,0,3,0,5,0,ok
753233,aaa,2024,2024-04-19,2,2,0,4,0,1,0,3,4,0,ok
753308,aaa,2024,2024-04-19,6,4,0,10,1,3,5,1,10,0,ok
753457,aaa,2024,2024-04-19,5,2,0,7,0,3,2,2,7,0,ok
753532,aaa,2024,2024-04-19,2,1,0,3,0,2,0,1,3,0,ok
751507,aaa,2024,2024-04-20,5,1,0,6,0,2,2,2,6,0,ok
751581,aaa,2024,2024-04-20,3,2,0,5,0,3,2,0,5,0,ok
751883,aaa,2024,2024-04-20,3,2,0,5,1,1,0,3,5,0,ok
751953,aaa,2024,2024-04-20,7,2,0,9,3,2,3,1,9,0,ok
752034,aaa,2024,2024-04-20,3,2,0,5,0,3,0,2,5,0,ok
752185,aaa,2024,2024-04-20,6,1,0,7,2,1,3,1,7,0,ok
752186,aaa,2024,2024-04-20,4,4,0,8,2,3,0,3,8,0,ok
752486,aaa,2024,2024-04-20,4,1,0,5,0,1,1,3,5,0,ok
752556,aaa,2024,2024-04-20,5,2,0,7,2,0,3,2,7,0,ok
752783,aaa,2024,2024-04-20,3,0,0,3,1,0,1,1,3,0,ok
753078,aaa,2024,2024-04-20,5,2,0,7,0,2,2,3,7,0,ok
753153,aaa,2024,2024-04-20,8,2,0,10,3,3,1,3,10,0,ok
753228,aaa,2024,2024-04-20,4,5,0,9,6,1,0,2,9,0,ok
753309,aaa,2024,2024-04-20,6,0,0,6,3,1,1,1,6,0,ok
753456,aaa,2024,2024-04-20,3,1,0,4,0,2,2,0,4,0,ok
753533,aaa,2024,2024-04-20,6,1,0,7,1,2,3,1,7,0,ok
751509,aaa,2024,2024-04-21,2,4,0,6,2,0,1,3,6,0,ok
751582,aaa,2024,2024-04-21,4,1,0,5,1,2,0,2,5,0,ok
751882,aaa,2024,2024-04-21,7,0,0,7,3,2,1,1,7,0,ok
751954,aaa,2024,2024-04-21,5,1,0,6,0,2,1,3,6,0,ok
752030,aaa,2024,2024-04-21,4,0,0,4,1,1,1,1,4,0,ok
752181,aaa,2024,2024-04-21,3,1,0,4,0,1,0,3,4,0,ok
752479,aaa,2024,2024-04-21,2,0,0,2,0,1,0,1,2,0,ok
752557,aaa,2024,2024-04-21,5,1,0,6,2,0,1,3,6,0,ok
752781,aaa,2024,2024-04-21,12,1,0,13,3,2,6,2,13,0,ok
753080,aaa,2024,2024-04-21,5,2,0,7,2,2,1,2,7,0,ok
753155,aaa,2024,2024-04-21,5,3,3,11,3,3,3,2,11,0,ok
753232,aaa,2024,2024-04-21,6,1,1,8,1,3,3,1,8,0,ok
753458,aaa,2024,2024-04-21,3,1,0,4,1,2,0,1,4,0,ok
753531,aaa,2024,2024-04-21,0,0,0,0,0,0,0,0,0,0,ok
751435,aaa,2024,2024-04-23,0,0,0,0,,,,,,,no_abs_block
751657,aaa,2024,2024-04-23,0,0,0,0,,,,,,,no_abs_block
751731,aaa,2024,2024-04-23,0,0,0,0,,,,,,,no_abs_block
751811,aaa,2024,2024-04-23,0,0,0,0,,,,,,,no_abs_block
752110,aaa,2024,2024-04-23,0,0,0,0,,,,,,,no_abs_block
752333,aaa,2024,2024-04-23,0,0,0,0,,,,,,,no_abs_block
752410,aaa,2024,2024-04-23,0,0,0,0,,,,,,,no_abs_block
752635,aaa,2024,2024-04-23,0,0,0,0,,,,,,,no_abs_block
752710,aaa,2024,2024-04-23,0,0,0,0,,,,,,,no_abs_block
752857,aaa,2024,2024-04-23,0,0,0,0,,,,,,,no_abs_block
752932,aaa,2024,2024-04-23,0,0,0,0,,,,,,,no_abs_block
753009,aaa,2024,2024-04-23,0,0,0,0,,,,,,,no_abs_block
753383,aaa,2024,2024-04-23,0,0,0,0,,,,,,,no_abs_block
751431,aaa,2024,2024-04-24,0,0,0,0,,,,,,,no_abs_block
751658,aaa,2024,2024-04-24,0,0,0,0,,,,,,,no_abs_block
751732,aaa,2024,2024-04-24,0,0,0,0,,,,,,,no_abs_block
751810,aaa,2024,2024-04-24,0,0,0,0,,,,,,,no_abs_block
752105,aaa,2024,2024-04-24,0,0,0,0,,,,,,,no_abs_block
752253,aaa,2024,2024-04-24,0,0,0,0,,,,,,,no_abs_block
752257,aaa,2024,2024-04-24,0,0,0,0,,,,,,,no_abs_block
752334,aaa,2024,2024-04-24,0,0,0,0,,,,,,,no_abs_block
752407,aaa,2024,2024-04-24,0,0,0,0,,,,,,,no_abs_block
752634,aaa,2024,2024-04-24,0,0,0,0,,,,,,,no_abs_block
752708,aaa,2024,2024-04-24,0,0,0,0,,,,,,,no_abs_block
752858,aaa,2024,2024-04-24,0,0,0,0,,,,,,,no_abs_block
752933,aaa,2024,2024-04-24,0,0,0,0,,,,,,,no_abs_block
753007,aaa,2024,2024-04-24,0,0,0,0,,,,,,,no_abs_block
753385,aaa,2024,2024-04-24,0,0,0,0,,,,,,,no_abs_block
753605,aaa,2024,2024-04-24,0,0,0,0,,,,,,,no_abs_block
751653,aaa,2024,2024-04-25,0,0,0,0,,,,,,,no_abs_block
751733,aaa,2024,2024-04-25,0,0,0,0,,,,,,,no_abs_block
751804,aaa,2024,2024-04-25,0,0,0,0,,,,,,,no_abs_block
752106,aaa,2024,2024-04-25,0,0,0,0,,,,,,,no_abs_block
752256,aaa,2024,2024-04-25,0,0,0,0,,,,,,,no_abs_block
752330,aaa,2024,2024-04-25,0,0,0,0,,,,,,,no_abs_block
752405,aaa,2024,2024-04-25,0,0,0,0,,,,,,,no_abs_block
752627,aaa,2024,2024-04-25,0,0,0,0,,,,,,,no_abs_block
752703,aaa,2024,2024-04-25,0,0,0,0,,,,,,,no_abs_block
752855,aaa,2024,2024-04-25,0,0,0,0,,,,,,,no_abs_block
752930,aaa,2024,2024-04-25,0,0,0,0,,,,,,,no_abs_block
753005,aaa,2024,2024-04-25,0,0,0,0,,,,,,,no_abs_block
753386,aaa,2024,2024-04-25,0,0,0,0,,,,,,,no_abs_block
753606,aaa,2024,2024-04-25,0,0,0,0,,,,,,,no_abs_block
753607,aaa,2024,2024-04-25,0,0,0,0,,,,,,,no_abs_block
751429,aaa,2024,2024-04-26,4,1,0,5,0,3,0,2,5,0,ok
751432,aaa,2024,2024-04-26,7,0,0,7,3,0,3,1,7,0,ok
751655,aaa,2024,2024-04-26,5,4,0,9,3,3,3,0,9,0,ok
751730,aaa,2024,2024-04-26,2,0,0,2,0,1,1,0,2,0,ok
751808,aaa,2024,2024-04-26,5,1,0,6,2,3,1,0,6,0,ok
752102,aaa,2024,2024-04-26,3,1,1,5,0,2,1,2,5,0,ok
752258,aaa,2024,2024-04-26,6,2,0,8,0,3,5,0,8,0,ok
752329,aaa,2024,2024-04-26,6,3,3,12,2,2,5,3,12,0,ok
752704,aaa,2024,2024-04-26,6,1,1,8,0,3,2,3,8,0,ok
752854,aaa,2024,2024-04-26,0,2,0,2,0,1,0,1,2,0,ok
752929,aaa,2024,2024-04-26,5,1,0,6,0,2,0,4,6,0,ok
753006,aaa,2024,2024-04-26,5,2,0,7,1,1,2,3,7,0,ok
753387,aaa,2024,2024-04-26,8,2,0,10,2,3,3,2,10,0,ok
753608,aaa,2024,2024-04-26,5,1,0,6,2,2,0,2,6,0,ok
751430,aaa,2024,2024-04-27,2,0,0,2,1,0,0,1,2,0,ok
751656,aaa,2024,2024-04-27,4,2,0,6,2,2,1,1,6,0,ok
751729,aaa,2024,2024-04-27,4,3,0,7,2,3,1,1,7,0,ok
751807,aaa,2024,2024-04-27,5,1,0,6,0,3,0,3,6,0,ok
752103,aaa,2024,2024-04-27,3,1,0,4,0,3,1,0,4,0,ok
752254,aaa,2024,2024-04-27,3,1,0,4,2,0,0,2,4,0,ok
752402,aaa,2024,2024-04-27,3,0,0,3,0,2,0,1,3,0,ok
752404,aaa,2024,2024-04-27,6,1,0,7,2,1,2,2,7,0,ok
752630,aaa,2024,2024-04-27,0,0,0,0,0,0,0,0,0,0,ok
752706,aaa,2024,2024-04-27,6,1,0,7,2,1,1,3,7,0,ok
752856,aaa,2024,2024-04-27,6,1,0,7,4,3,0,0,7,0,ok
752931,aaa,2024,2024-04-27,4,1,0,5,0,2,1,2,5,0,ok
753004,aaa,2024,2024-04-27,4,2,0,6,3,0,1,2,6,0,ok
753380,aaa,2024,2024-04-27,4,1,0,5,1,1,2,1,5,0,ok
753601,aaa,2024,2024-04-27,1,2,0,3,0,1,1,1,3,0,ok
751428,aaa,2024,2024-04-28,1,2,0,3,0,0,1,2,3,0,ok
751654,aaa,2024,2024-04-28,3,0,0,3,1,1,0,1,3,0,ok
751726,aaa,2024,2024-04-28,0,0,0,0,0,0,0,0,0,0,ok
751805,aaa,2024,2024-04-28,4,1,0,5,2,0,2,1,5,0,ok
752104,aaa,2024,2024-04-28,1,3,0,4,0,3,0,1,4,0,ok
752255,aaa,2024,2024-04-28,3,2,0,5,1,3,1,0,5,0,ok
752328,aaa,2024,2024-04-28,4,1,0,5,1,0,3,1,5,0,ok
752331,aaa,2024,2024-04-28,3,1,0,4,1,2,1,0,4,0,ok
752629,aaa,2024,2024-04-28,0,0,0,0,0,0,0,0,0,0,ok
752705,aaa,2024,2024-04-28,6,1,1,8,1,2,1,4,8,0,ok
752853,aaa,2024,2024-04-28,4,2,0,6,1,0,3,2,6,0,ok
752924,aaa,2024,2024-04-28,6,3,3,12,2,4,3,3,12,0,ok
753002,aaa,2024,2024-04-28,7,1,0,8,5,2,0,1,8,0,ok
753382,aaa,2024,2024-04-28,5,0,0,5,2,2,0,1,5,0,ok
753604,aaa,2024,2024-04-28,3,2,0,5,1,3,1,0,5,0,ok
751652,aaa,2024,2024-04-30,0,0,0,0,,,,,,,no_abs_block
751881,aaa,2024,2024-04-30,0,0,0,0,,,,,,,no_abs_block
751951,aaa,2024,2024-04-30,0,0,0,0,,,,,,,no_abs_block
752029,aaa,2024,2024-04-30,0,0,0,0,,,,,,,no_abs_block
752107,aaa,2024,2024-04-30,0,0,0,0,,,,,,,no_abs_block
752180,aaa,2024,2024-04-30,0,0,0,0,,,,,,,no_abs_block
752403,aaa,2024,2024-04-30,0,0,0,0,,,,,,,no_abs_block
752555,aaa,2024,2024-04-30,0,0,0,0,,,,,,,no_abs_block
752776,aaa,2024,2024-04-30,0,0,0,0,,,,,,,no_abs_block
753079,aaa,2024,2024-04-30,0,0,0,0,,,,,,,no_abs_block
753231,aaa,2024,2024-04-30,0,0,0,0,,,,,,,no_abs_block
753455,aaa,2024,2024-04-30,0,0,0,0,,,,,,,no_abs_block
753528,aaa,2024,2024-04-30,0,0,0,0,,,,,,,no_abs_block
751650,aaa,2024,2024-05-01,0,0,0,0,,,,,,,no_abs_block
751875,aaa,2024,2024-05-01,0,0,0,0,,,,,,,no_abs_block
751950,aaa,2024,2024-05-01,0,0,0,0,,,,,,,no_abs_block
751966,aaa,2024,2024-05-01,0,0,0,0,,,,,,,no_abs_block
752031,aaa,2024,2024-05-01,0,0,0,0,,,,,,,no_abs_block
752099,aaa,2024,2024-05-01,0,0,0,0,,,,,,,no_abs_block
752178,aaa,2024,2024-05-01,0,0,0,0,,,,,,,no_abs_block
752399,aaa,2024,2024-05-01,0,0,0,0,,,,,,,no_abs_block
752553,aaa,2024,2024-05-01,0,0,0,0,,,,,,,no_abs_block
752779,aaa,2024,2024-05-01,0,0,0,0,,,,,,,no_abs_block
753076,aaa,2024,2024-05-01,0,0,0,0,,,,,,,no_abs_block
753156,aaa,2024,2024-05-01,0,0,0,0,,,,,,,no_abs_block
753158,aaa,2024,2024-05-01,0,0,0,0,,,,,,,no_abs_block
753230,aaa,2024,2024-05-01,0,0,0,0,,,,,,,no_abs_block
753303,aaa,2024,2024-05-01,0,0,0,0,,,,,,,no_abs_block
753306,aaa,2024,2024-05-01,0,0,0,0,,,,,,,no_abs_block
753454,aaa,2024,2024-05-01,0,0,0,0,,,,,,,no_abs_block
753529,aaa,2024,2024-05-01,0,0,0,0,,,,,,,no_abs_block
751651,aaa,2024,2024-05-02,0,0,0,0,,,,,,,no_abs_block
751879,aaa,2024,2024-05-02,0,0,0,0,,,,,,,no_abs_block
751952,aaa,2024,2024-05-02,0,0,0,0,,,,,,,no_abs_block
752026,aaa,2024,2024-05-02,0,0,0,0,,,,,,,no_abs_block
752100,aaa,2024,2024-05-02,0,0,0,0,,,,,,,no_abs_block
752179,aaa,2024,2024-05-02,0,0,0,0,,,,,,,no_abs_block
752397,aaa,2024,2024-05-02,0,0,0,0,,,,,,,no_abs_block
752554,aaa,2024,2024-05-02,0,0,0,0,,,,,,,no_abs_block
752777,aaa,2024,2024-05-02,0,0,0,0,,,,,,,no_abs_block
753070,aaa,2024,2024-05-02,0,0,0,0,,,,,,,no_abs_block
753157,aaa,2024,2024-05-02,0,0,0,0,,,,,,,no_abs_block
753229,aaa,2024,2024-05-02,0,0,0,0,,,,,,,no_abs_block
753305,aaa,2024,2024-05-02,0,0,0,0,,,,,,,no_abs_block
753452,aaa,2024,2024-05-02,0,0,0,0,,,,,,,no_abs_block
753530,aaa,2024,2024-05-02,0,0,0,0,,,,,,,no_abs_block
751647,aaa,2024,2024-05-03,10,2,0,12,6,2,1,3,12,0,ok
751876,aaa,2024,2024-05-03,6,1,0,7,4,0,0,3,7,0,ok
751949,aaa,2024,2024-05-03,8,1,0,9,0,3,3,3,9,0,ok
752027,aaa,2024,2024-05-03,5,2,0,7,2,2,1,2,7,0,ok
752097,aaa,2024,2024-05-03,4,1,0,5,0,1,1,3,5,0,ok
752174,aaa,2024,2024-05-03,5,0,0,5,2,1,2,0,5,0,ok
752400,aaa,2024,2024-05-03,4,1,0,5,0,1,1,3,5,0,ok
752550,aaa,2024,2024-05-03,6,0,0,6,0,2,3,1,6,0,ok
752778,aaa,2024,2024-05-03,2,1,0,3,0,1,1,1,3,0,ok
753075,aaa,2024,2024-05-03,3,1,0,4,2,0,1,1,4,0,ok
753148,aaa,2024,2024-05-03,3,3,3,9,0,4,3,2,9,0,ok
753223,aaa,2024,2024-05-03,2,1,0,3,0,0,1,2,3,0,ok
753301,aaa,2024,2024-05-03,2,0,0,2,0,0,0,2,2,0,ok
753453,aaa,2024,2024-05-03,8,1,1,10,4,1,2,3,10,0,ok
753527,aaa,2024,2024-05-03,3,0,0,3,1,0,0,2,3,0,ok
751648,aaa,2024,2024-05-04,4,1,0,5,2,2,1,0,5,0,ok
751877,aaa,2024,2024-05-04,4,1,0,5,0,1,1,3,5,0,ok
751948,aaa,2024,2024-05-04,6,2,2,10,1,4,2,3,10,0,ok
752028,aaa,2024,2024-05-04,2,4,0,6,0,2,3,1,6,0,ok
752101,aaa,2024,2024-05-04,4,2,0,6,1,3,1,1,6,0,ok
752176,aaa,2024,2024-05-04,2,1,1,4,2,1,0,1,4,0,ok
752401,aaa,2024,2024-05-04,1,5,0,6,3,1,2,0,6,0,ok
752552,aaa,2024,2024-05-04,3,3,0,6,1,2,0,3,6,0,ok
752780,aaa,2024,2024-05-04,2,3,0,5,0,3,0,2,5,0,ok
753074,aaa,2024,2024-05-04,7,1,0,8,2,3,0,3,8,0,ok
753152,aaa,2024,2024-05-04,3,1,0,4,2,0,1,1,4,0,ok
753224,aaa,2024,2024-05-04,4,0,0,4,1,2,0,1,4,0,ok
753302,aaa,2024,2024-05-04,4,1,0,5,0,3,1,1,5,0,ok
753451,aaa,2024,2024-05-04,0,3,0,3,0,1,1,1,3,0,ok
753525,aaa,2024,2024-05-04,3,4,0,7,1,2,2,2,7,0,ok
751649,aaa,2024,2024-05-05,8,2,0,10,2,3,4,1,10,0,ok
751874,aaa,2024,2024-05-05,6,2,3,11,3,4,2,2,11,0,ok
751945,aaa,2024,2024-05-05,7,0,0,7,2,1,2,2,7,0,ok
752023,aaa,2024,2024-05-05,11,1,0,12,3,1,7,1,12,0,ok
752098,aaa,2024,2024-05-05,4,0,0,4,0,0,2,2,4,0,ok
752177,aaa,2024,2024-05-05,3,2,0,5,1,3,1,0,5,0,ok
752398,aaa,2024,2024-05-05,8,1,0,9,1,3,2,3,9,0,ok
752551,aaa,2024,2024-05-05,5,1,1,7,0,4,1,2,7,0,ok
752774,aaa,2024,2024-05-05,7,2,0,9,3,2,2,2,9,0,ok
753073,aaa,2024,2024-05-05,6,3,1,10,3,2,4,1,10,0,ok
753147,aaa,2024,2024-05-05,9,2,0,11,3,3,3,2,11,0,ok
753222,aaa,2024,2024-05-05,5,3,0,8,3,1,2,2,8,0,ok
753300,aaa,2024,2024-05-05,7,1,1,9,1,2,3,3,9,0,ok
753450,aaa,2024,2024-05-05,8,1,0,9,5,0,1,3,9,0,ok
753526,aaa,2024,2024-05-05,2,1,0,3,1,1,0,1,3,0,ok
751505,aaa,2024,2024-05-07,0,0,0,0,,,,,,,no_abs_block
751580,aaa,2024,2024-05-07,0,0,0,0,,,,,,,no_abs_block
751727,aaa,2024,2024-05-07,0,0,0,0,,,,,,,no_abs_block
751809,aaa,2024,2024-05-07,0,0,0,0,,,,,,,no_abs_block
752025,aaa,2024,2024-05-07,0,0,0,0,,,,,,,no_abs_block
752252,aaa,2024,2024-05-07,0,0,0,0,,,,,,,no_abs_block
752477,aaa,2024,2024-05-07,0,0,0,0,,,,,,,no_abs_block
752628,aaa,2024,2024-05-07,0,0,0,0,,,,,,,no_abs_block
752851,aaa,2024,2024-05-07,0,0,0,0,,,,,,,no_abs_block
752927,aaa,2024,2024-05-07,0,0,0,0,,,,,,,no_abs_block
753003,aaa,2024,2024-05-07,0,0,0,0,,,,,,,no_abs_block
753149,aaa,2024,2024-05-07,0,0,0,0,,,,,,,no_abs_block
753298,aaa,2024,2024-05-07,0,0,0,0,,,,,,,no_abs_block
753378,aaa,2024,2024-05-07,0,0,0,0,,,,,,,no_abs_block
753603,aaa,2024,2024-05-07,0,0,0,0,,,,,,,no_abs_block
751502,aaa,2024,2024-05-08,0,0,0,0,,,,,,,no_abs_block
751578,aaa,2024,2024-05-08,0,0,0,0,,,,,,,no_abs_block
751724,aaa,2024,2024-05-08,0,0,0,0,,,,,,,no_abs_block
751806,aaa,2024,2024-05-08,0,0,0,0,,,,,,,no_abs_block
752024,aaa,2024,2024-05-08,0,0,0,0,,,,,,,no_abs_block
752188,aaa,2024,2024-05-08,0,0,0,0,,,,,,,no_abs_block
752250,aaa,2024,2024-05-08,0,0,0,0,,,,,,,no_abs_block
752480,aaa,2024,2024-05-08,0,0,0,0,,,,,,,no_abs_block
752624,aaa,2024,2024-05-08,0,0,0,0,,,,,,,no_abs_block
752849,aaa,2024,2024-05-08,0,0,0,0,,,,,,,no_abs_block
752928,aaa,2024,2024-05-08,0,0,0,0,,,,,,,no_abs_block
753001,aaa,2024,2024-05-08,0,0,0,0,,,,,,,no_abs_block
753151,aaa,2024,2024-05-08,0,0,0,0,,,,,,,no_abs_block
753299,aaa,2024,2024-05-08,0,0,0,0,,,,,,,no_abs_block
753379,aaa,2024,2024-05-08,0,0,0,0,,,,,,,no_abs_block
753602,aaa,2024,2024-05-08,0,0,0,0,,,,,,,no_abs_block
751503,aaa,2024,2024-05-09,0,0,0,0,,,,,,,no_abs_block
751576,aaa,2024,2024-05-09,0,0,0,0,,,,,,,no_abs_block
751728,aaa,2024,2024-05-09,0,0,0,0,,,,,,,no_abs_block
751803,aaa,2024,2024-05-09,0,0,0,0,,,,,,,no_abs_block
752022,aaa,2024,2024-05-09,0,0,0,0,,,,,,,no_abs_block
752251,aaa,2024,2024-05-09,0,0,0,0,,,,,,,no_abs_block
752478,aaa,2024,2024-05-09,0,0,0,0,,,,,,,no_abs_block
752622,aaa,2024,2024-05-09,0,0,0,0,,,,,,,no_abs_block
752850,aaa,2024,2024-05-09,0,0,0,0,,,,,,,no_abs_block
752925,aaa,2024,2024-05-09,0,0,0,0,,,,,,,no_abs_block
753000,aaa,2024,2024-05-09,0,0,0,0,,,,,,,no_abs_block
753150,aaa,2024,2024-05-09,0,0,0,0,,,,,,,no_abs_block
753297,aaa,2024,2024-05-09,0,0,0,0,,,,,,,no_abs_block
753381,aaa,2024,2024-05-09,0,0,0,0,,,,,,,no_abs_block
753596,aaa,2024,2024-05-09,0,0,0,0,,,,,,,no_abs_block
751504,aaa,2024,2024-05-10,4,0,0,4,0,1,2,1,4,0,ok
751575,aaa,2024,2024-05-10,3,1,0,4,2,2,0,0,4,0,ok
751725,aaa,2024,2024-05-10,4,2,0,6,1,3,1,1,6,0,ok
751802,aaa,2024,2024-05-10,7,0,0,7,1,2,3,1,7,0,ok
752019,aaa,2024,2024-05-10,5,2,0,7,2,1,2,2,7,0,ok
752246,aaa,2024,2024-05-10,3,1,0,4,0,1,2,1,4,0,ok
752625,aaa,2024,2024-05-10,9,4,0,13,5,2,6,0,13,0,ok
752852,aaa,2024,2024-05-10,9,0,0,9,4,3,2,0,9,0,ok
752926,aaa,2024,2024-05-10,2,2,0,4,3,0,0,1,4,0,ok
752999,aaa,2024,2024-05-10,3,0,0,3,1,2,0,0,3,0,ok
753143,aaa,2024,2024-05-10,4,3,3,10,5,2,0,3,10,0,ok
753295,aaa,2024,2024-05-10,2,1,1,4,0,1,3,0,4,0,ok
753375,aaa,2024,2024-05-10,4,3,0,7,1,0,2,4,7,0,ok
753598,aaa,2024,2024-05-10,2,3,0,5,2,1,0,2,5,0,ok
751501,aaa,2024,2024-05-11,5,2,0,7,2,1,1,3,7,0,ok
751579,aaa,2024,2024-05-11,5,1,0,6,1,2,1,2,6,0,ok
751721,aaa,2024,2024-05-11,4,1,0,5,2,2,0,1,5,0,ok
751801,aaa,2024,2024-05-11,3,1,0,4,3,1,0,0,4,0,ok
752020,aaa,2024,2024-05-11,7,5,0,12,2,3,5,2,12,0,ok
752247,aaa,2024,2024-05-11,5,3,0,8,4,1,2,1,8,0,ok
752472,aaa,2024,2024-05-11,8,2,0,10,5,1,3,1,10,0,ok
752481,aaa,2024,2024-05-11,4,1,0,5,2,0,1,2,5,0,ok
752626,aaa,2024,2024-05-11,6,2,0,8,1,2,3,2,8,0,ok
752844,aaa,2024,2024-05-11,5,1,0,6,2,3,1,0,6,0,ok
752920,aaa,2024,2024-05-11,6,2,0,8,1,3,1,3,8,0,ok
752998,aaa,2024,2024-05-11,4,2,0,6,2,2,0,2,6,0,ok
753144,aaa,2024,2024-05-11,1,0,0,1,0,0,1,0,1,0,ok
753296,aaa,2024,2024-05-11,1,3,0,4,0,3,1,0,4,0,ok
753377,aaa,2024,2024-05-11,8,0,0,8,4,0,2,2,8,0,ok
753600,aaa,2024,2024-05-11,2,2,0,4,1,2,0,1,4,0,ok
751498,aaa,2024,2024-05-12,4,0,0,4,2,1,0,1,4,0,ok
751577,aaa,2024,2024-05-12,3,1,0,4,0,1,1,2,4,0,ok
751720,aaa,2024,2024-05-12,6,4,0,10,3,2,3,2,10,0,ok
751800,aaa,2024,2024-05-12,3,0,0,3,1,0,1,1,3,0,ok
752021,aaa,2024,2024-05-12,6,2,0,8,2,3,1,2,8,0,ok
752249,aaa,2024,2024-05-12,5,5,0,10,2,0,6,2,10,0,ok
752473,aaa,2024,2024-05-12,2,3,0,5,0,1,2,2,5,0,ok
752623,aaa,2024,2024-05-12,5,2,1,8,4,1,0,3,8,0,ok
752846,aaa,2024,2024-05-12,5,2,0,7,2,3,0,2,7,0,ok
752919,aaa,2024,2024-05-12,3,0,0,3,0,2,0,1,3,0,ok
752996,aaa,2024,2024-05-12,4,2,0,6,1,3,2,0,6,0,ok
753145,aaa,2024,2024-05-12,5,0,0,5,1,2,1,1,5,0,ok
753294,aaa,2024,2024-05-12,6,0,0,6,1,1,1,3,6,0,ok
753376,aaa,2024,2024-05-12,4,4,0,8,2,2,2,2,8,0,ok
753599,aaa,2024,2024-05-12,5,1,0,6,1,2,1,2,6,0,ok
751426,aaa,2024,2024-05-14,0,0,0,0,,,,,,,no_abs_block
751646,aaa,2024,2024-05-14,0,0,0,0,,,,,,,no_abs_block
751723,aaa,2024,2024-05-14,0,0,0,0,,,,,,,no_abs_block
751946,aaa,2024,2024-05-14,0,0,0,0,,,,,,,no_abs_block
752093,aaa,2024,2024-05-14,0,0,0,0,,,,,,,no_abs_block
752175,aaa,2024,2024-05-14,0,0,0,0,,,,,,,no_abs_block
752327,aaa,2024,2024-05-14,0,0,0,0,,,,,,,no_abs_block
752396,aaa,2024,2024-05-14,0,0,0,0,,,,,,,no_abs_block
752549,aaa,2024,2024-05-14,0,0,0,0,,,,,,,no_abs_block
752845,aaa,2024,2024-05-14,0,0,0,0,,,,,,,no_abs_block
753072,aaa,2024,2024-05-14,0,0,0,0,,,,,,,no_abs_block
753304,aaa,2024,2024-05-14,0,0,0,0,,,,,,,no_abs_block
753448,aaa,2024,2024-05-14,0,0,0,0,,,,,,,no_abs_block
753522,aaa,2024,2024-05-14,0,0,0,0,,,,,,,no_abs_block
751425,aaa,2024,2024-05-15,0,0,0,0,,,,,,,no_abs_block
751643,aaa,2024,2024-05-15,0,0,0,0,,,,,,,no_abs_block
751722,aaa,2024,2024-05-15,0,0,0,0,,,,,,,no_abs_block
751947,aaa,2024,2024-05-15,0,0,0,0,,,,,,,no_abs_block
752095,aaa,2024,2024-05-15,0,0,0,0,,,,,,,no_abs_block
752173,aaa,2024,2024-05-15,0,0,0,0,,,,,,,no_abs_block
752322,aaa,2024,2024-05-15,0,0,0,0,,,,,,,no_abs_block
752395,aaa,2024,2024-05-15,0,0,0,0,,,,,,,no_abs_block
752548,aaa,2024,2024-05-15,0,0,0,0,,,,,,,no_abs_block
752699,aaa,2024,2024-05-15,0,0,0,0,,,,,,,no_abs_block
752701,aaa,2024,2024-05-15,0,0,0,0,,,,,,,no_abs_block
752847,aaa,2024,2024-05-15,0,0,0,0,,,,,,,no_abs_block
753071,aaa,2024,2024-05-15,0,0,0,0,,,,,,,no_abs_block
751427,aaa,2024,2024-05-16,0,0,0,0,,,,,,,no_abs_block
751645,aaa,2024,2024-05-16,0,0,0,0,,,,,,,no_abs_block
751944,aaa,2024,2024-05-16,0,0,0,0,,,,,,,no_abs_block
752092,aaa,2024,2024-05-16,0,0,0,0,,,,,,,no_abs_block
752172,aaa,2024,2024-05-16,0,0,0,0,,,,,,,no_abs_block
752325,aaa,2024,2024-05-16,0,0,0,0,,,,,,,no_abs_block
752393,aaa,2024,2024-05-16,0,0,0,0,,,,,,,no_abs_block
752547,aaa,2024,2024-05-16,0,0,0,0,,,,,,,no_abs_block
752698,aaa,2024,2024-05-16,0,0,0,0,,,,,,,no_abs_block
752848,aaa,2024,2024-05-16,0,0,0,0,,,,,,,no_abs_block
753068,aaa,2024,2024-05-16,0,0,0,0,,,,,,,no_abs_block
753226,aaa,2024,2024-05-16,0,0,0,0,,,,,,,no_abs_block
753227,aaa,2024,2024-05-16,0,0,0,0,,,,,,,no_abs_block
753447,aaa,2024,2024-05-16,0,0,0,0,,,,,,,no_abs_block
753449,aaa,2024,2024-05-16,0,0,0,0,,,,,,,no_abs_block
753523,aaa,2024,2024-05-16,0,0,0,0,,,,,,,no_abs_block
753524,aaa,2024,2024-05-16,0,0,0,0,,,,,,,no_abs_block
751424,aaa,2024,2024-05-17,4,1,0,5,1,1,0,3,5,0,ok
751641,aaa,2024,2024-05-17,5,1,1,7,1,1,3,2,7,0,ok
751715,aaa,2024,2024-05-17,7,0,0,7,0,2,3,2,7,0,ok
751942,aaa,2024,2024-05-17,4,1,0,5,2,1,0,2,5,0,ok
752096,aaa,2024,2024-05-17,6,0,0,6,1,2,1,2,6,0,ok
752170,aaa,2024,2024-05-17,4,1,0,5,0,3,1,1,5,0,ok
752323,aaa,2024,2024-05-17,4,3,0,7,1,3,0,3,7,0,ok
752394,aaa,2024,2024-05-17,5,2,2,9,3,1,4,1,9,0,ok
752702,aaa,2024,2024-05-17,3,1,0,4,0,2,1,1,4,0,ok
752842,aaa,2024,2024-05-17,3,1,0,4,0,2,1,1,4,0,ok
753065,aaa,2024,2024-05-17,2,2,2,6,0,2,0,4,6,0,ok
753217,aaa,2024,2024-05-17,4,2,2,8,1,5,0,2,8,0,ok
753446,aaa,2024,2024-05-17,2,2,0,4,1,1,1,1,4,0,ok
753521,aaa,2024,2024-05-17,7,3,0,10,4,2,2,2,10,0,ok
751422,aaa,2024,2024-05-18,6,2,0,8,1,2,4,1,8,0,ok
751642,aaa,2024,2024-05-18,3,1,0,4,0,1,1,2,4,0,ok
751718,aaa,2024,2024-05-18,3,0,0,3,1,0,2,0,3,0,ok
751719,aaa,2024,2024-05-18,2,0,0,2,1,1,0,0,2,0,ok
751943,aaa,2024,2024-05-18,4,1,0,5,0,3,1,1,5,0,ok
752094,aaa,2024,2024-05-18,7,1,0,8,2,2,1,3,8,0,ok
752324,aaa,2024,2024-05-18,5,2,0,7,1,3,1,2,7,0,ok
752391,aaa,2024,2024-05-18,6,3,3,12,1,3,4,4,12,0,ok
752545,aaa,2024,2024-05-18,3,2,0,5,0,3,1,1,5,0,ok
752546,aaa,2024,2024-05-18,2,1,0,3,1,1,0,1,3,0,ok
752700,aaa,2024,2024-05-18,7,1,0,8,1,2,3,2,8,0,ok
752841,aaa,2024,2024-05-18,4,1,0,5,1,2,1,1,5,0,ok
753069,aaa,2024,2024-05-18,5,2,1,8,0,4,1,3,8,0,ok
753219,aaa,2024,2024-05-18,4,1,0,5,0,3,0,2,5,0,ok
753444,aaa,2024,2024-05-18,4,1,0,5,2,0,2,1,5,0,ok
753520,aaa,2024,2024-05-18,3,3,0,6,1,1,2,2,6,0,ok
752168,aaa,2024,2024-05-19,3,1,0,4,0,2,0,2,4,0,ok
752169,aaa,2024,2024-05-19,3,0,0,3,1,0,1,1,3,0,ok
752543,aaa,2024,2024-05-19,7,0,0,7,2,2,1,2,7,0,ok
753220,aaa,2024,2024-05-19,5,0,0,5,2,1,0,2,5,0,ok
753225,aaa,2024,2024-05-19,5,1,0,6,2,1,0,3,6,0,ok
753445,aaa,2024,2024-05-19,3,1,0,4,1,0,1,2,4,0,ok
753519,aaa,2024,2024-05-19,2,2,0,4,1,3,0,0,4,0,ok
752567,aaa,2024,2024-05-21,0,0,0,0,,,,,,,no_abs_block
752492,aaa,2024,2024-05-23,0,0,0,0,,,,,,,no_abs_block
752406,aaa,2024,2024-05-28,0,0,0,0,,,,,,,no_abs_block
752631,aaa,2024,2024-05-30,0,0,0,0,,,,,,,no_abs_block
823244,mlb,2026,2026-03-25,1,0,0,1,0,1,0,0,1,0,ok
823081,mlb,2026,2026-03-26,2,1,0,3,2,0,0,1,3,0,ok
823163,mlb,2026,2026-03-26,0,2,0,2,1,1,0,0,2,0,ok
823325,mlb,2026,2026-03-26,1,0,0,1,1,0,0,0,1,0,ok
823486,mlb,2026,2026-03-26,0,1,0,1,0,0,0,1,1,0,ok
823649,mlb,2026,2026-03-26,1,2,0,3,0,0,2,1,3,0,ok
823812,mlb,2026,2026-03-26,4,0,0,4,3,1,0,0,4,0,ok
823974,mlb,2026,2026-03-26,1,0,0,1,1,0,0,0,1,0,ok
824218,mlb,2026,2026-03-26,2,1,0,3,1,1,0,1,3,0,ok
824541,mlb,2026,2026-03-26,2,2,0,4,2,1,1,0,4,0,ok
824704,mlb,2026,2026-03-26,3,0,0,3,2,1,0,0,3,0,ok
824865,mlb,2026,2026-03-26,3,2,0,5,3,1,0,1,5,0,ok
822839,mlb,2026,2026-03-27,0,1,0,1,0,0,1,0,1,0,ok
823162,mlb,2026,2026-03-27,2,2,0,4,0,2,0,2,4,0,ok
823243,mlb,2026,2026-03-27,3,1,0,4,2,0,1,1,4,0,ok
823324,mlb,2026,2026-03-27,2,2,0,4,1,0,2,1,4,0,ok
823893,mlb,2026,2026-03-27,3,0,0,3,0,0,2,1,3,0,ok
823971,mlb,2026,2026-03-27,2,2,0,4,1,0,2,1,4,0,ok
824216,mlb,2026,2026-03-27,2,2,0,4,1,1,0,2,4,0,ok
824946,mlb,2026,2026-03-27,4,1,0,5,3,0,0,2,5,0,ok
822838,mlb,2026,2026-03-28,4,2,0,6,2,1,2,1,6,0,ok
823082,mlb,2026,2026-03-28,2,1,0,3,0,2,0,1,3,0,ok
823161,mlb,2026,2026-03-28,3,3,0,6,0,3,2,1,6,0,ok
823241,mlb,2026,2026-03-28,5,2,0,7,3,0,4,0,7,0,ok
823323,mlb,2026,2026-03-28,2,3,0,5,0,2,2,1,5,0,ok
823488,mlb,2026,2026-03-28,4,1,0,5,0,1,2,2,5,0,ok
823651,mlb,2026,2026-03-28,1,0,0,1,0,1,0,0,1,0,ok
823811,mlb,2026,2026-03-28,2,2,0,4,0,2,0,2,4,0,ok
823892,mlb,2026,2026-03-28,2,1,0,3,0,0,1,2,3,0,ok
823973,mlb,2026,2026-03-28,3,0,0,3,1,0,0,2,3,0,ok
824213,mlb,2026,2026-03-28,4,0,0,4,1,1,0,2,4,0,ok
824540,mlb,2026,2026-03-28,7,1,0,8,1,2,5,0,8,0,ok
824701,mlb,2026,2026-03-28,3,0,0,3,1,0,2,0,3,0,ok
824862,mlb,2026,2026-03-28,2,1,0,3,2,1,0,0,3,0,ok
824945,mlb,2026,2026-03-28,3,0,0,3,1,0,0,2,3,0,ok
822837,mlb,2026,2026-03-29,2,1,0,3,1,1,1,0,3,0,ok
823079,mlb,2026,2026-03-29,1,2,0,3,1,1,0,1,3,0,ok
823160,mlb,2026,2026-03-29,0,2,0,2,0,1,1,0,2,0,ok
823487,mlb,2026,2026-03-29,4,0,0,4,1,1,2,0,4,0,ok
823647,mlb,2026,2026-03-29,4,0,0,4,1,1,1,1,4,0,ok
823810,mlb,2026,2026-03-29,2,5,0,7,1,2,3,1,7,0,ok
823891,mlb,2026,2026-03-29,3,0,0,3,1,1,0,1,3,0,ok
824215,mlb,2026,2026-03-29,2,2,0,4,2,1,0,1,4,0,ok
824538,mlb,2026,2026-03-29,2,2,0,4,1,1,1,1,4,0,ok
824700,mlb,2026,2026-03-29,4,0,0,4,0,2,1,1,4,0,ok
824864,mlb,2026,2026-03-29,5,5,0,10,2,2,5,1,10,0,ok
824944,mlb,2026,2026-03-29,2,1,0,3,0,0,1,2,3,0,ok
822834,mlb,2026,2026-03-30,2,1,0,3,0,1,0,2,3,0,ok
823080,mlb,2026,2026-03-30,0,1,0,1,0,0,0,1,1,0,ok
823159,mlb,2026,2026-03-30,4,1,0,5,5,0,0,0,5,0,ok
823320,mlb,2026,2026-03-30,3,1,0,4,0,2,1,1,4,0,ok
823484,mlb,2026,2026-03-30,3,0,0,3,0,1,1,1,3,0,ok
823809,mlb,2026,2026-03-30,3,0,0,3,1,1,1,0,3,0,ok
823890,mlb,2026,2026-03-30,4,1,0,5,1,2,0,2,5,0,ok
823972,mlb,2026,2026-03-30,4,0,0,4,1,1,2,0,4,0,ok
824135,mlb,2026,2026-03-30,4,0,0,4,1,1,1,1,4,0,ok
824214,mlb,2026,2026-03-30,3,0,0,3,0,1,1,1,3,0,ok
824539,mlb,2026,2026-03-30,2,0,0,2,1,0,1,0,2,0,ok
824702,mlb,2026,2026-03-30,1,0,0,1,0,0,1,0,1,0,ok
824863,mlb,2026,2026-03-30,4,1,0,5,1,1,3,0,5,0,ok
824943,mlb,2026,2026-03-30,4,2,0,6,3,0,2,1,6,0,ok
825108,mlb,2026,2026-03-30,3,0,0,3,2,1,0,0,3,0,ok
822836,mlb,2026,2026-03-31,4,3,0,7,3,2,0,2,7,0,ok
823077,mlb,2026,2026-03-31,4,1,0,5,1,1,2,1,5,0,ok
823158,mlb,2026,2026-03-31,4,1,0,5,2,1,1,1,5,0,ok
823322,mlb,2026,2026-03-31,0,2,0,2,0,0,1,1,2,0,ok
823485,mlb,2026,2026-03-31,1,2,0,3,0,2,1,0,3,0,ok
823807,mlb,2026,2026-03-31,5,2,0,7,3,1,2,1,7,0,ok
823888,mlb,2026,2026-03-31,4,0,0,4,1,1,1,1,4,0,ok
823969,mlb,2026,2026-03-31,5,0,0,5,0,2,3,0,5,0,ok
824212,mlb,2026,2026-03-31,2,0,0,2,0,1,1,0,2,0,ok
824537,mlb,2026,2026-03-31,2,1,0,3,0,1,0,2,3,0,ok
824699,mlb,2026,2026-03-31,3,0,0,3,1,1,0,1,3,0,ok
824861,mlb,2026,2026-03-31,2,0,0,2,0,1,1,0,2,0,ok
824942,mlb,2026,2026-03-31,1,1,0,2,1,1,0,0,2,0,ok
825107,mlb,2026,2026-03-31,7,2,0,9,4,1,2,2,9,0,ok
822835,mlb,2026,2026-04-01,6,0,0,6,1,1,2,2,6,0,ok
823078,mlb,2026,2026-04-01,5,1,0,6,1,2,1,2,6,0,ok
823157,mlb,2026,2026-04-01,6,2,0,8,1,1,4,2,8,0,ok
823321,mlb,2026,2026-04-01,1,0,0,1,0,0,0,1,1,0,ok
823483,mlb,2026,2026-04-01,2,0,0,2,0,1,0,1,2,0,ok
823806,mlb,2026,2026-04-01,1,0,0,1,1,0,0,0,1,0,ok
823889,mlb,2026,2026-04-01,0,0,0,0,0,0,0,0,0,0,ok
823970,mlb,2026,2026-04-01,0,1,0,1,0,0,0,1,1,0,ok
824136,mlb,2026,2026-04-01,6,5,0,11,8,1,1,1,11,0,ok
824211,mlb,2026,2026-04-01,2,1,0,3,1,0,2,0,3,0,ok
824536,mlb,2026,2026-04-01,5,0,0,5,2,1,1,1,5,0,ok
824698,mlb,2026,2026-04-01,2,2,0,4,0,2,1,1,4,0,ok
824860,mlb,2026,2026-04-01,2,3,0,5,1,1,3,0,5,0,ok
824940,mlb,2026,2026-04-01,2,1,0,3,1,1,1,0,3,0,ok
825106,mlb,2026,2026-04-01,1,0,0,1,1,0,0,0,1,0,ok
823242,mlb,2026,2026-04-02,0,2,0,2,0,0,1,1,2,0,ok
824133,mlb,2026,2026-04-02,4,0,0,4,3,1,0,0,4,0,ok
825105,mlb,2026,2026-04-02,1,2,0,3,2,0,0,1,3,0,ok
822758,mlb,2026,2026-04-03,4,0,0,4,1,1,1,1,4,0,ok
822919,mlb,2026,2026-04-03,1,0,0,1,1,0,0,0,1,0,ok
823240,mlb,2026,2026-04-03,3,2,0,5,2,0,1,2,5,0,ok
823406,mlb,2026,2026-04-03,3,1,0,4,0,1,1,2,4,0,ok
823568,mlb,2026,2026-04-03,4,1,0,5,2,1,0,2,5,0,ok
823732,mlb,2026,2026-04-03,3,2,0,5,1,2,0,2,5,0,ok
824056,mlb,2026,2026-04-03,5,2,0,7,0,3,2,2,7,0,ok
824299,mlb,2026,2026-04-03,1,0,0,1,0,1,0,0,1,0,ok
824377,mlb,2026,2026-04-03,4,0,0,4,1,0,1,2,4,0,ok
824458,mlb,2026,2026-04-03,2,1,0,3,1,1,0,1,3,0,ok
824621,mlb,2026,2026-04-03,3,0,0,3,0,1,1,1,3,0,ok
824786,mlb,2026,2026-04-03,2,1,0,3,2,0,1,0,3,0,ok
825026,mlb,2026,2026-04-03,2,2,0,4,1,0,1,2,4,0,ok
825103,mlb,2026,2026-04-03,7,0,0,7,3,1,3,0,7,0,ok
822757,mlb,2026,2026-04-04,3,1,0,4,3,1,0,0,4,0,ok
822920,mlb,2026,2026-04-04,0,2,0,2,0,1,0,1,2,0,ok
823239,mlb,2026,2026-04-04,2,1,0,3,1,0,1,1,3,0,ok
823404,mlb,2026,2026-04-04,0,2,0,2,0,2,0,0,2,0,ok
823569,mlb,2026,2026-04-04,8,1,0,9,6,0,1,2,9,0,ok
823730,mlb,2026,2026-04-04,2,2,0,4,1,1,0,2,4,0,ok
824054,mlb,2026,2026-04-04,4,1,0,5,0,1,4,0,5,0,ok
824132,mlb,2026,2026-04-04,5,0,0,5,1,0,3,1,5,0,ok
824134,mlb,2026,2026-04-04,5,1,0,6,2,1,1,2,6,0,ok
824295,mlb,2026,2026-04-04,1,3,0,4,2,0,2,0,4,0,ok
824378,mlb,2026,2026-04-04,2,3,0,5,1,1,1,2,5,0,ok
824622,mlb,2026,2026-04-04,1,2,0,3,1,0,1,1,3,0,ok
824782,mlb,2026,2026-04-04,2,0,0,2,0,1,0,1,2,0,ok
825027,mlb,2026,2026-04-04,5,1,0,6,2,1,1,2,6,0,ok
825104,mlb,2026,2026-04-04,2,0,0,2,0,1,1,0,2,0,ok
822756,mlb,2026,2026-04-05,2,0,0,2,0,1,1,0,2,0,ok
822917,mlb,2026,2026-04-05,1,0,0,1,0,0,1,0,1,0,ok
823238,mlb,2026,2026-04-05,2,1,0,3,1,0,0,2,3,0,ok
823405,mlb,2026,2026-04-05,2,1,0,3,0,1,1,1,3,0,ok
823566,mlb,2026,2026-04-05,5,2,0,7,3,2,0,2,7,0,ok
823729,mlb,2026,2026-04-05,3,1,0,4,1,1,1,1,4,0,ok
824053,mlb,2026,2026-04-05,6,3,0,9,5,1,2,1,9,0,ok
824131,mlb,2026,2026-04-05,3,1,0,4,0,2,0,2,4,0,ok
824296,mlb,2026,2026-04-05,5,2,0,7,1,1,4,1,7,0,ok
824379,mlb,2026,2026-04-05,3,2,0,5,2,0,3,0,5,0,ok
824459,mlb,2026,2026-04-05,4,2,0,6,2,1,2,1,6,0,ok
824460,mlb,2026,2026-04-05,4,2,0,6,1,2,2,1,6,0,ok
824620,mlb,2026,2026-04-05,2,0,0,2,0,1,0,1,2,0,ok
824781,mlb,2026,2026-04-05,3,0,0,3,3,0,0,0,3,0,ok
825025,mlb,2026,2026-04-05,6,1,0,7,1,2,2,2,7,0,ok
825102,mlb,2026,2026-04-05,3,0,0,3,0,1,1,1,3,0,ok
822755,mlb,2026,2026-04-06,4,0,0,4,2,0,1,1,4,0,ok
822832,mlb,2026,2026-04-06,2,1,0,3,0,1,0,2,3,0,ok
822918,mlb,2026,2026-04-06,1,1,0,2,0,1,1,0,2,0,ok
823002,mlb,2026,2026-04-06,3,0,0,3,1,1,1,0,3,0,ok
823237,mlb,2026,2026-04-06,2,3,0,5,3,1,0,1,5,0,ok
823401,mlb,2026,2026-04-06,4,1,0,5,1,1,2,1,5,0,ok
823728,mlb,2026,2026-04-06,4,1,0,5,1,2,0,2,5,0,ok
823886,mlb,2026,2026-04-06,1,0,0,1,0,0,0,1,1,0,ok
824052,mlb,2026,2026-04-06,2,1,0,3,1,1,0,1,3,0,ok
824376,mlb,2026,2026-04-06,3,1,0,4,1,1,0,2,4,0,ok
824456,mlb,2026,2026-04-06,2,2,0,4,1,2,0,1,4,0,ok
824619,mlb,2026,2026-04-06,2,1,0,3,0,1,1,1,3,0,ok
824783,mlb,2026,2026-04-06,1,0,0,1,0,1,0,0,1,0,ok
822754,mlb,2026,2026-04-07,2,3,0,5,1,2,0,2,5,0,ok
822831,mlb,2026,2026-04-07,3,1,0,4,1,1,2,0,4,0,ok
822916,mlb,2026,2026-04-07,0,1,0,1,0,1,0,0,1,0,ok
822999,mlb,2026,2026-04-07,6,0,0,6,2,1,2,1,6,0,ok
823235,mlb,2026,2026-04-07,1,0,0,1,0,0,1,0,1,0,ok
823402,mlb,2026,2026-04-07,5,0,0,5,1,2,2,0,5,0,ok
823567,mlb,2026,2026-04-07,5,3,0,8,4,1,1,2,8,0,ok
823648,mlb,2026,2026-04-07,5,0,0,5,1,1,2,1,5,0,ok
823727,mlb,2026,2026-04-07,3,2,0,5,0,1,2,2,5,0,ok
823887,mlb,2026,2026-04-07,4,2,0,6,3,1,2,0,6,0,ok
824051,mlb,2026,2026-04-07,2,2,0,4,1,2,0,1,4,0,ok
824375,mlb,2026,2026-04-07,4,3,0,7,1,2,3,1,7,0,ok
824457,mlb,2026,2026-04-07,3,2,0,5,2,1,1,1,5,0,ok
824618,mlb,2026,2026-04-07,3,0,0,3,0,1,1,1,3,0,ok
824780,mlb,2026,2026-04-07,1,2,0,3,0,2,0,1,3,0,ok
822753,mlb,2026,2026-04-08,3,0,0,3,1,0,1,1,3,0,ok
822833,mlb,2026,2026-04-08,3,0,0,3,0,1,1,1,3,0,ok
822915,mlb,2026,2026-04-08,2,0,0,2,1,0,1,0,2,0,ok
823000,mlb,2026,2026-04-08,1,3,0,4,2,0,1,1,4,0,ok
823234,mlb,2026,2026-04-08,4,1,0,5,2,0,1,2,5,0,ok
823403,mlb,2026,2026-04-08,3,1,0,4,2,1,1,0,4,0,ok
823564,mlb,2026,2026-04-08,2,2,0,4,0,2,2,0,4,0,ok
823646,mlb,2026,2026-04-08,4,0,0,4,3,0,1,0,4,0,ok
823726,mlb,2026,2026-04-08,4,3,0,7,1,2,3,1,7,0,ok
823885,mlb,2026,2026-04-08,5,1,0,6,1,2,1,2,6,0,ok
824050,mlb,2026,2026-04-08,3,1,0,4,0,2,1,1,4,0,ok
824374,mlb,2026,2026-04-08,3,1,0,4,1,1,1,1,4,0,ok
824455,mlb,2026,2026-04-08,2,2,0,4,0,1,3,0,4,0,ok
824617,mlb,2026,2026-04-08,4,0,0,4,0,2,2,0,4,0,ok
824779,mlb,2026,2026-04-08,2,1,0,3,1,1,1,0,3,0,ok
823319,mlb,2026,2026-04-09,9,1,0,10,4,2,3,1,10,0,ok
823565,mlb,2026,2026-04-09,3,2,0,5,1,2,0,2,5,0,ok
823645,mlb,2026,2026-04-09,1,3,0,4,1,2,0,1,4,0,ok
823724,mlb,2026,2026-04-09,6,1,0,7,1,1,4,1,7,0,ok
823884,mlb,2026,2026-04-09,4,0,0,4,1,0,2,1,4,0,ok
824130,mlb,2026,2026-04-09,4,1,0,5,2,2,1,0,5,0,ok
822829,mlb,2026,2026-04-10,5,2,0,7,1,2,2,2,7,0,ok
822997,mlb,2026,2026-04-10,3,2,0,5,0,2,1,2,5,0,ok
823076,mlb,2026,2026-04-10,1,1,0,2,0,1,0,1,2,0,ok
823156,mlb,2026,2026-04-10,6,0,0,6,0,2,3,1,6,0,ok
823318,mlb,2026,2026-04-10,9,2,0,11,7,2,2,0,11,0,ok
823482,mlb,2026,2026-04-10,1,1,0,2,0,1,0,1,2,0,ok
823643,mlb,2026,2026-04-10,2,0,0,2,0,1,1,0,2,0,ok
823808,mlb,2026,2026-04-10,4,1,0,5,1,0,3,1,5,0,ok
823968,mlb,2026,2026-04-10,3,1,0,4,1,0,3,0,4,0,ok
824128,mlb,2026,2026-04-10,1,2,0,3,0,1,2,0,3,0,ok
824297,mlb,2026,2026-04-10,3,2,0,5,2,2,1,0,5,0,ok
824534,mlb,2026,2026-04-10,2,0,0,2,0,2,0,0,2,0,ok
824695,mlb,2026,2026-04-10,3,0,0,3,2,1,0,0,3,0,ok
824858,mlb,2026,2026-04-10,1,0,0,1,1,0,0,0,1,0,ok
824941,mlb,2026,2026-04-10,3,2,0,5,1,2,0,2,5,0,ok
822830,mlb,2026,2026-04-11,3,2,0,5,1,0,3,1,5,0,ok
822996,mlb,2026,2026-04-11,3,1,0,4,1,0,1,2,4,0,ok
823074,mlb,2026,2026-04-11,5,0,0,5,0,0,5,0,5,0,ok
823155,mlb,2026,2026-04-11,0,3,0,3,0,2,1,0,3,0,ok
823316,mlb,2026,2026-04-11,1,1,0,2,0,2,0,0,2,0,ok
823480,mlb,2026,2026-04-11,1,1,0,2,1,0,1,0,2,0,ok
823644,mlb,2026,2026-04-11,2,2,0,4,0,2,1,1,4,0,ok
823805,mlb,2026,2026-04-11,5,0,0,5,0,2,2,1,5,0,ok
823967,mlb,2026,2026-04-11,3,0,0,3,1,2,0,0,3,0,ok
824129,mlb,2026,2026-04-11,2,1,0,3,0,2,1,0,3,0,ok
824294,mlb,2026,2026-04-11,1,1,0,2,1,0,0,1,2,0,ok
824535,mlb,2026,2026-04-11,2,1,0,3,0,1,2,0,3,0,ok
824697,mlb,2026,2026-04-11,6,2,0,8,2,2,2,2,8,0,ok
824857,mlb,2026,2026-04-11,3,1,0,4,1,1,1,1,4,0,ok
824939,mlb,2026,2026-04-11,7,1,0,8,2,1,3,2,8,0,ok
822828,mlb,2026,2026-04-12,1,2,0,3,1,2,0,0,3,0,ok
822998,mlb,2026,2026-04-12,4,1,0,5,1,1,2,1,5,0,ok
823075,mlb,2026,2026-04-12,1,0,0,1,0,0,1,0,1,0,ok
823154,mlb,2026,2026-04-12,1,0,0,1,0,0,0,1,1,0,ok
823317,mlb,2026,2026-04-12,2,1,0,3,1,1,1,0,3,0,ok
823479,mlb,2026,2026-04-12,4,1,0,5,0,2,1,2,5,0,ok
823642,mlb,2026,2026-04-12,2,2,0,4,2,0,2,0,4,0,ok
823804,mlb,2026,2026-04-12,5,1,0,6,0,1,4,1,6,0,ok
823966,mlb,2026,2026-04-12,3,4,0,7,4,1,0,2,7,0,ok
824126,mlb,2026,2026-04-12,2,0,0,2,0,1,1,0,2,0,ok
824293,mlb,2026,2026-04-12,5,1,0,6,2,2,2,0,6,0,ok
824533,mlb,2026,2026-04-12,2,0,0,2,0,1,1,0,2,0,ok
824696,mlb,2026,2026-04-12,5,1,0,6,1,2,2,1,6,0,ok
824859,mlb,2026,2026-04-12,4,1,0,5,0,2,3,0,5,0,ok
824938,mlb,2026,2026-04-12,3,0,0,3,0,1,0,2,3,0,ok
823073,mlb,2026,2026-04-13,2,2,0,4,1,0,2,1,4,0,ok
823153,mlb,2026,2026-04-13,3,0,0,3,2,0,0,1,3,0,ok
823400,mlb,2026,2026-04-13,1,0,0,1,0,0,0,1,1,0,ok
823481,mlb,2026,2026-04-13,1,1,0,2,0,1,1,0,2,0,ok
823563,mlb,2026,2026-04-13,6,1,0,7,2,2,2,1,7,0,ok
823725,mlb,2026,2026-04-13,1,2,0,3,0,0,1,2,3,0,ok
823964,mlb,2026,2026-04-13,4,1,0,5,1,1,2,1,5,0,ok
824856,mlb,2026,2026-04-13,5,1,0,6,3,0,1,2,6,0,ok
824937,mlb,2026,2026-04-13,4,1,0,5,2,2,1,0,5,0,ok
825024,mlb,2026,2026-04-13,3,0,0,3,0,0,3,0,3,0,ok
823072,mlb,2026,2026-04-14,2,2,0,4,0,0,3,1,4,0,ok
823315,mlb,2026,2026-04-14,1,2,0,3,1,1,0,1,3,0,ok
823398,mlb,2026,2026-04-14,5,1,0,6,0,2,3,1,6,0,ok
823478,mlb,2026,2026-04-14,0,1,0,1,0,0,0,1,1,0,ok
823562,mlb,2026,2026-04-14,4,1,0,5,1,0,3,1,5,0,ok
823723,mlb,2026,2026-04-14,3,2,0,5,2,2,1,0,5,0,ok
823802,mlb,2026,2026-04-14,4,1,0,5,0,3,0,2,5,0,ok
823965,mlb,2026,2026-04-14,2,1,0,3,1,1,0,1,3,0,ok
824210,mlb,2026,2026-04-14,3,1,0,4,1,1,1,1,4,0,ok
824292,mlb,2026,2026-04-14,2,1,0,3,1,0,1,1,3,0,ok
824531,mlb,2026,2026-04-14,1,0,0,1,0,0,1,0,1,0,ok
824616,mlb,2026,2026-04-14,6,1,0,7,2,2,1,2,7,0,ok
824853,mlb,2026,2026-04-14,4,1,0,5,0,2,1,2,5,0,ok
824935,mlb,2026,2026-04-14,1,1,0,2,0,1,0,1,2,0,ok
825022,mlb,2026,2026-04-14,3,1,0,4,1,0,2,1,4,0,ok
823071,mlb,2026,2026-04-15,2,1,0,3,0,2,1,0,3,0,ok
823314,mlb,2026,2026-04-15,4,1,0,5,1,1,2,1,5,0,ok
823399,mlb,2026,2026-04-15,3,0,0,3,0,1,0,2,3,0,ok
823477,mlb,2026,2026-04-15,3,0,0,3,2,0,0,1,3,0,ok
823561,mlb,2026,2026-04-15,3,1,0,4,1,1,1,1,4,0,ok
823722,mlb,2026,2026-04-15,3,0,0,3,0,0,1,2,3,0,ok
823803,mlb,2026,2026-04-15,3,1,0,4,0,1,3,0,4,0,ok
823963,mlb,2026,2026-04-15,5,0,0,5,2,1,0,2,5,0,ok
824209,mlb,2026,2026-04-15,3,2,0,5,1,1,3,0,5,0,ok
824291,mlb,2026,2026-04-15,2,2,0,4,1,1,0,2,4,0,ok
824532,mlb,2026,2026-04-15,4,0,0,4,2,1,1,0,4,0,ok
824615,mlb,2026,2026-04-15,2,1,0,3,0,2,1,0,3,0,ok
824855,mlb,2026,2026-04-15,3,1,0,4,0,1,2,1,4,0,ok
824936,mlb,2026,2026-04-15,2,0,0,2,0,1,0,1,2,0,ok
825021,mlb,2026,2026-04-15,1,0,0,1,0,1,0,0,1,0,ok
823313,mlb,2026,2026-04-16,4,3,0,7,2,2,1,2,7,0,ok
823396,mlb,2026,2026-04-16,4,1,0,5,2,1,1,1,5,0,ok
823560,mlb,2026,2026-04-16,5,3,0,8,5,1,0,2,8,0,ok
823801,mlb,2026,2026-04-16,8,0,0,8,3,0,4,1,8,0,ok
824208,mlb,2026,2026-04-16,7,0,0,7,1,1,3,2,7,0,ok
824289,mlb,2026,2026-04-16,3,1,0,4,1,1,2,0,4,0,ok
824453,mlb,2026,2026-04-16,1,1,0,2,0,1,0,1,2,0,ok
824530,mlb,2026,2026-04-16,2,2,0,4,2,1,1,0,4,0,ok
824614,mlb,2026,2026-04-16,7,2,0,9,1,2,4,2,9,0,ok
825023,mlb,2026,2026-04-16,6,1,0,7,2,1,2,2,7,0,ok
822752,mlb,2026,2026-04-17,3,1,0,4,0,2,2,0,4,0,ok
823152,mlb,2026,2026-04-17,3,0,0,3,0,1,2,0,3,0,ok
823397,mlb,2026,2026-04-17,6,0,0,6,2,2,0,2,6,0,ok
823476,mlb,2026,2026-04-17,2,1,0,3,1,1,0,1,3,0,ok
823559,mlb,2026,2026-04-17,5,0,0,5,4,0,1,0,5,0,ok
823720,mlb,2026,2026-04-17,2,1,0,3,0,1,1,1,3,0,ok
823883,mlb,2026,2026-04-17,5,1,0,6,1,3,0,2,6,0,ok
824048,mlb,2026,2026-04-17,3,4,0,7,2,2,1,2,7,0,ok
824207,mlb,2026,2026-04-17,1,1,0,2,1,0,0,1,2,0,ok
824373,mlb,2026,2026-04-17,2,0,0,2,0,0,0,2,2,0,ok
824454,mlb,2026,2026-04-17,0,2,0,2,1,1,0,0,2,0,ok
824693,mlb,2026,2026-04-17,3,1,0,4,1,1,2,0,4,0,ok
824778,mlb,2026,2026-04-17,1,0,0,1,0,0,0,1,1,0,ok
825019,mlb,2026,2026-04-17,5,1,0,6,1,2,2,1,6,0,ok
825101,mlb,2026,2026-04-17,0,0,0,0,0,0,0,0,0,0,ok
822751,mlb,2026,2026-04-18,2,0,0,2,0,2,0,0,2,0,ok
823151,mlb,2026,2026-04-18,2,2,0,4,2,0,0,2,4,0,ok
823394,mlb,2026,2026-04-18,2,4,0,6,1,2,0,3,6,0,ok
823474,mlb,2026,2026-04-18,5,0,0,5,4,0,0,1,5,0,ok
823558,mlb,2026,2026-04-18,3,0,0,3,2,0,0,1,3,0,ok
823721,mlb,2026,2026-04-18,4,0,0,4,1,1,0,2,4,0,ok
823882,mlb,2026,2026-04-18,6,0,0,6,1,2,1,2,6,0,ok
824049,mlb,2026,2026-04-18,2,0,0,2,0,0,1,1,2,0,ok
824206,mlb,2026,2026-04-18,2,0,0,2,1,0,0,1,2,0,ok
824372,mlb,2026,2026-04-18,3,2,0,5,1,0,3,1,5,0,ok
824451,mlb,2026,2026-04-18,2,0,0,2,0,1,0,1,2,0,ok
824694,mlb,2026,2026-04-18,1,1,0,2,0,1,1,0,2,0,ok
824775,mlb,2026,2026-04-18,2,1,0,3,1,0,2,0,3,0,ok
825020,mlb,2026,2026-04-18,6,1,0,7,2,2,1,2,7,0,ok
825098,mlb,2026,2026-04-18,0,0,0,0,0,0,0,0,0,0,ok
822750,mlb,2026,2026-04-19,2,0,0,2,0,0,0,2,2,0,ok
823150,mlb,2026,2026-04-19,2,4,0,6,2,2,2,0,6,0,ok
823393,mlb,2026,2026-04-19,1,0,0,1,1,0,0,0,1,0,ok
823475,mlb,2026,2026-04-19,3,2,0,5,2,2,1,0,5,0,ok
823556,mlb,2026,2026-04-19,5,1,0,6,2,2,0,2,6,0,ok
823718,mlb,2026,2026-04-19,6,1,0,7,1,2,2,2,7,0,ok
823881,mlb,2026,2026-04-19,1,2,0,3,0,1,0,2,3,0,ok
824047,mlb,2026,2026-04-19,2,1,0,3,2,1,0,0,3,0,ok
824205,mlb,2026,2026-04-19,3,1,0,4,0,1,2,1,4,0,ok
824371,mlb,2026,2026-04-19,5,0,0,5,1,0,2,2,5,0,ok
824452,mlb,2026,2026-04-19,5,2,0,7,3,1,2,1,7,0,ok
824691,mlb,2026,2026-04-19,3,0,0,3,2,0,0,1,3,0,ok
824777,mlb,2026,2026-04-19,4,1,0,5,2,2,0,1,5,0,ok
825018,mlb,2026,2026-04-19,8,1,0,9,4,1,2,2,9,0,ok
825100,mlb,2026,2026-04-19,2,2,0,4,0,2,2,0,4,0,ok
822749,mlb,2026,2026-04-20,0,0,0,0,0,0,0,0,0,0,ok
822994,mlb,2026,2026-04-20,0,2,0,2,0,0,1,1,2,0,ok
823149,mlb,2026,2026-04-20,0,0,0,0,0,0,0,0,0,0,ok
823879,mlb,2026,2026-04-20,2,1,0,3,0,0,2,1,3,0,ok
824046,mlb,2026,2026-04-20,5,2,0,7,3,1,2,1,7,0,ok
824125,mlb,2026,2026-04-20,4,3,0,7,0,3,2,2,7,0,ok
824370,mlb,2026,2026-04-20,3,2,0,5,1,1,1,2,5,0,ok
824450,mlb,2026,2026-04-20,2,2,0,4,3,0,0,1,4,0,ok
824692,mlb,2026,2026-04-20,4,3,0,7,2,1,2,2,7,0,ok
824776,mlb,2026,2026-04-20,2,0,0,2,0,2,0,0,2,0,ok
822747,mlb,2026,2026-04-21,4,1,0,5,1,1,1,2,5,0,ok
822914,mlb,2026,2026-04-21,2,0,0,2,0,1,1,0,2,0,ok
822995,mlb,2026,2026-04-21,1,3,0,4,1,1,0,2,4,0,ok
823148,mlb,2026,2026-04-21,7,2,0,9,2,1,4,2,9,0,ok
823236,mlb,2026,2026-04-21,4,2,0,6,3,1,0,2,6,0,ok
823640,mlb,2026,2026-04-21,4,0,0,4,1,2,0,1,4,0,ok
823880,mlb,2026,2026-04-21,7,1,0,8,2,2,2,2,8,0,ok
824045,mlb,2026,2026-04-21,2,0,0,2,1,0,1,0,2,0,ok
824127,mlb,2026,2026-04-21,4,2,0,6,1,2,3,0,6,0,ok
824290,mlb,2026,2026-04-21,1,1,0,2,0,2,0,0,2,0,ok
824369,mlb,2026,2026-04-21,2,2,0,4,0,1,2,1,4,0,ok
824448,mlb,2026,2026-04-21,3,1,0,4,1,1,1,1,4,0,ok
824690,mlb,2026,2026-04-21,2,2,0,4,1,1,1,1,4,0,ok
824773,mlb,2026,2026-04-21,2,2,0,4,0,2,1,1,4,0,ok
825099,mlb,2026,2026-04-21,4,0,0,4,1,1,2,0,4,0,ok
822748,mlb,2026,2026-04-22,2,1,0,3,0,2,0,1,3,0,ok
822913,mlb,2026,2026-04-22,4,1,0,5,0,2,2,1,5,0,ok
822993,mlb,2026,2026-04-22,3,0,0,3,0,1,2,0,3,0,ok
823147,mlb,2026,2026-04-22,5,0,0,5,1,1,2,1,5,0,ok
823231,mlb,2026,2026-04-22,5,1,0,6,2,0,2,2,6,0,ok
823641,mlb,2026,2026-04-22,5,0,0,5,1,0,3,1,5,0,ok
823878,mlb,2026,2026-04-22,6,0,0,6,1,1,4,0,6,0,ok
824044,mlb,2026,2026-04-22,5,1,0,6,1,2,2,1,6,0,ok
824123,mlb,2026,2026-04-22,3,1,0,4,0,2,1,1,4,0,ok
824286,mlb,2026,2026-04-22,1,0,0,1,0,1,0,0,1,0,ok
824367,mlb,2026,2026-04-22,1,1,0,2,0,0,1,1,2,0,ok
824449,mlb,2026,2026-04-22,5,1,0,6,2,1,2,1,6,0,ok
824688,mlb,2026,2026-04-22,4,2,0,6,0,2,3,1,6,0,ok
824774,mlb,2026,2026-04-22,2,1,0,3,2,0,1,0,3,0,ok
825097,mlb,2026,2026-04-22,5,2,0,7,0,2,3,2,7,0,ok
822745,mlb,2026,2026-04-23,4,2,0,6,4,0,1,1,6,0,ok
822912,mlb,2026,2026-04-23,3,1,0,4,2,0,1,1,4,0,ok
823233,mlb,2026,2026-04-23,4,2,0,6,4,0,2,0,6,0,ok
823639,mlb,2026,2026-04-23,2,0,0,2,0,0,0,2,2,0,ok
824288,mlb,2026,2026-04-23,3,0,0,3,2,1,0,0,3,0,ok
824368,mlb,2026,2026-04-23,5,2,0,7,1,2,2,2,7,0,ok
824689,mlb,2026,2026-04-23,3,3,0,6,2,1,2,1,6,0,ok
824770,mlb,2026,2026-04-23,2,1,0,3,0,2,1,0,3,0,ok
825096,mlb,2026,2026-04-23,6,1,0,7,1,2,2,2,7,0,ok
822827,mlb,2026,2026-04-24,3,3,0,6,0,1,4,1,6,0,ok
822909,mlb,2026,2026-04-24,1,1,0,2,2,0,0,0,2,0,ok
822992,mlb,2026,2026-04-24,2,0,0,2,0,1,0,1,2,0,ok
823069,mlb,2026,2026-04-24,3,0,0,3,2,1,0,0,3,0,ok
823232,mlb,2026,2026-04-24,6,1,0,7,1,2,2,2,7,0,ok
823638,mlb,2026,2026-04-24,4,2,0,6,2,1,3,0,6,0,ok
823800,mlb,2026,2026-04-24,4,0,0,4,3,0,1,0,4,0,ok
823962,mlb,2026,2026-04-24,0,2,0,2,1,0,1,0,2,0,ok
824124,mlb,2026,2026-04-24,4,2,0,6,2,1,1,2,6,0,ok
824204,mlb,2026,2026-04-24,5,2,0,7,3,2,1,1,7,0,ok
824529,mlb,2026,2026-04-24,3,1,0,4,1,0,1,2,4,0,ok
824611,mlb,2026,2026-04-24,6,1,0,7,1,2,3,1,7,0,ok
824854,mlb,2026,2026-04-24,2,0,0,2,1,1,0,0,2,0,ok
824932,mlb,2026,2026-04-24,2,1,0,3,0,1,0,2,3,0,ok
822826,mlb,2026,2026-04-25,5,1,0,6,2,1,1,2,6,0,ok
822910,mlb,2026,2026-04-25,2,0,0,2,1,0,0,1,2,0,ok
822989,mlb,2026,2026-04-25,4,2,0,6,3,1,2,0,6,0,ok
823070,mlb,2026,2026-04-25,2,0,0,2,1,0,0,1,2,0,ok
823229,mlb,2026,2026-04-25,5,0,0,5,1,1,1,2,5,0,ok
823799,mlb,2026,2026-04-25,3,3,0,6,2,2,2,0,6,0,ok
823960,mlb,2026,2026-04-25,4,1,0,5,2,1,0,2,5,0,ok
824121,mlb,2026,2026-04-25,5,0,0,5,0,2,1,2,5,0,ok
824203,mlb,2026,2026-04-25,7,0,0,7,1,2,2,2,7,0,ok
824527,mlb,2026,2026-04-25,4,2,0,6,1,1,2,2,6,0,ok
824613,mlb,2026,2026-04-25,6,3,0,9,4,3,0,2,9,0,ok
824851,mlb,2026,2026-04-25,3,0,0,3,2,0,1,0,3,0,ok
824933,mlb,2026,2026-04-25,1,2,0,3,0,1,0,2,3,0,ok
825093,mlb,2026,2026-04-25,0,0,0,0,,,,,,,no_abs_block
822824,mlb,2026,2026-04-26,6,1,0,7,1,2,2,2,7,0,ok
822911,mlb,2026,2026-04-26,2,0,0,2,1,0,1,0,2,0,ok
822991,mlb,2026,2026-04-26,2,1,0,3,1,2,0,0,3,0,ok
823068,mlb,2026,2026-04-26,7,2,0,9,4,0,4,1,9,0,ok
823230,mlb,2026,2026-04-26,3,1,0,4,0,2,1,1,4,0,ok
823635,mlb,2026,2026-04-26,6,1,0,7,2,1,2,2,7,0,ok
823637,mlb,2026,2026-04-26,3,1,0,4,1,1,0,2,4,0,ok
823797,mlb,2026,2026-04-26,1,1,0,2,0,0,0,2,2,0,ok
823959,mlb,2026,2026-04-26,2,0,0,2,0,1,0,1,2,0,ok
824122,mlb,2026,2026-04-26,3,1,0,4,0,2,1,1,4,0,ok
824202,mlb,2026,2026-04-26,4,0,0,4,1,1,1,1,4,0,ok
824528,mlb,2026,2026-04-26,2,2,0,4,3,1,0,0,4,0,ok
824612,mlb,2026,2026-04-26,7,1,0,8,2,2,1,3,8,0,ok
824852,mlb,2026,2026-04-26,2,1,0,3,0,2,0,1,3,0,ok
824934,mlb,2026,2026-04-26,8,1,0,9,3,1,4,1,9,0,ok
825094,mlb,2026,2026-04-26,0,0,0,0,,,,,,,no_abs_block
822825,mlb,2026,2026-04-27,6,0,0,6,1,1,3,1,6,0,ok
822906,mlb,2026,2026-04-27,4,1,0,5,2,2,0,1,5,0,ok
823311,mlb,2026,2026-04-27,4,2,0,6,1,2,2,1,6,0,ok
823395,mlb,2026,2026-04-27,2,1,0,3,1,0,1,1,3,0,ok
823719,mlb,2026,2026-04-27,2,1,0,3,1,0,0,2,3,0,ok
823961,mlb,2026,2026-04-27,3,1,0,4,2,0,0,2,4,0,ok
824446,mlb,2026,2026-04-27,5,4,0,9,3,1,4,1,9,0,ok
824609,mlb,2026,2026-04-27,6,0,0,6,3,1,1,1,6,0,ok
822823,mlb,2026,2026-04-28,0,0,0,0,0,0,0,0,0,0,ok
822908,mlb,2026,2026-04-28,3,1,0,4,1,1,1,1,4,0,ok
823310,mlb,2026,2026-04-28,6,0,0,6,0,1,4,1,6,0,ok
823390,mlb,2026,2026-04-28,0,1,0,1,0,0,0,1,1,0,ok
823473,mlb,2026,2026-04-28,2,1,0,3,0,1,1,1,3,0,ok
823636,mlb,2026,2026-04-28,2,1,0,3,0,1,0,2,3,0,ok
823716,mlb,2026,2026-04-28,4,0,0,4,1,2,1,0,4,0,ok
823798,mlb,2026,2026-04-28,2,1,0,3,1,0,1,1,3,0,ok
823956,mlb,2026,2026-04-28,4,1,0,5,1,1,2,1,5,0,ok
824447,mlb,2026,2026-04-28,1,2,0,3,1,0,0,2,3,0,ok
824526,mlb,2026,2026-04-28,1,1,0,2,0,0,2,0,2,0,ok
824610,mlb,2026,2026-04-28,4,2,0,6,2,2,0,2,6,0,ok
824849,mlb,2026,2026-04-28,4,0,0,4,1,2,1,0,4,0,ok
824931,mlb,2026,2026-04-28,3,2,0,5,2,1,0,2,5,0,ok
825017,mlb,2026,2026-04-28,2,2,0,4,0,1,1,2,4,0,ok
822821,mlb,2026,2026-04-29,3,0,0,3,0,0,3,0,3,0,ok
822907,mlb,2026,2026-04-29,2,3,0,5,2,1,0,2,5,0,ok
823312,mlb,2026,2026-04-29,4,2,0,6,1,1,3,1,6,0,ok
823392,mlb,2026,2026-04-29,3,2,0,5,2,2,1,0,5,0,ok
823633,mlb,2026,2026-04-29,1,0,0,1,0,0,1,0,1,0,ok
823717,mlb,2026,2026-04-29,4,1,0,5,0,1,2,2,5,0,ok
823796,mlb,2026,2026-04-29,4,0,0,4,2,0,0,2,4,0,ok
823958,mlb,2026,2026-04-29,5,1,0,6,2,1,1,2,6,0,ok
824445,mlb,2026,2026-04-29,1,0,0,1,1,0,0,0,1,0,ok
824525,mlb,2026,2026-04-29,2,0,0,2,0,1,0,1,2,0,ok
824608,mlb,2026,2026-04-29,8,1,0,9,4,1,2,2,9,0,ok
824930,mlb,2026,2026-04-29,2,2,0,4,0,1,2,1,4,0,ok
825015,mlb,2026,2026-04-29,1,0,0,1,0,0,0,1,1,0,ok
823391,mlb,2026,2026-04-30,6,1,0,7,1,2,2,2,7,0,ok
823471,mlb,2026,2026-04-30,5,0,0,5,1,2,1,1,5,0,ok
823472,mlb,2026,2026-04-30,5,0,0,5,1,1,1,2,5,0,ok
823634,mlb,2026,2026-04-30,2,0,0,2,0,0,2,0,2,0,ok
823714,mlb,2026,2026-04-30,3,0,0,3,0,1,1,1,3,0,ok
823795,mlb,2026,2026-04-30,3,1,0,4,1,1,0,2,4,0,ok
824524,mlb,2026,2026-04-30,2,2,0,4,1,1,1,1,4,0,ok
824848,mlb,2026,2026-04-30,3,1,0,4,1,1,2,0,4,0,ok
824850,mlb,2026,2026-04-30,4,1,0,5,1,0,2,2,5,0,ok
824929,mlb,2026,2026-04-30,2,2,0,4,1,0,2,1,4,0,ok
825016,mlb,2026,2026-04-30,2,1,0,3,0,1,2,0,3,0,ok
822744,mlb,2026,2026-05-01,5,0,0,5,1,2,1,1,5,0,ok
822990,mlb,2026,2026-05-01,4,2,0,6,2,1,1,2,6,0,ok
823066,mlb,2026,2026-05-01,5,2,0,7,4,1,1,1,7,0,ok
823146,mlb,2026,2026-05-01,2,2,0,4,1,1,0,2,4,0,ok
823309,mlb,2026,2026-05-01,3,0,0,3,0,2,0,1,3,0,ok
823389,mlb,2026,2026-05-01,3,2,0,5,2,1,1,1,5,0,ok
823557,mlb,2026,2026-05-01,2,2,0,4,1,0,2,1,4,0,ok
823713,mlb,2026,2026-05-01,5,1,0,6,0,1,3,2,6,0,ok
823877,mlb,2026,2026-05-01,4,0,0,4,0,1,1,2,4,0,ok
824041,mlb,2026,2026-05-01,3,0,0,3,0,1,0,2,3,0,ok
824287,mlb,2026,2026-05-01,3,0,0,3,1,1,1,0,3,0,ok
824366,mlb,2026,2026-05-01,3,1,0,4,0,1,1,2,4,0,ok
824686,mlb,2026,2026-05-01,3,0,0,3,1,1,0,1,3,0,ok
824772,mlb,2026,2026-05-01,0,1,0,1,0,0,0,1,1,0,ok
825012,mlb,2026,2026-05-01,5,0,0,5,1,1,2,1,5,0,ok
822746,mlb,2026,2026-05-02,3,1,0,4,0,2,2,0,4,0,ok
822988,mlb,2026,2026-05-02,4,0,0,4,3,0,1,0,4,0,ok
823067,mlb,2026,2026-05-02,2,0,0,2,0,0,1,1,2,0,ok
823144,mlb,2026,2026-05-02,5,0,0,5,2,1,1,1,5,0,ok
823308,mlb,2026,2026-05-02,5,1,0,6,2,1,3,0,6,0,ok
823388,mlb,2026,2026-05-02,3,0,0,3,2,0,1,0,3,0,ok
823554,mlb,2026,2026-05-02,1,2,0,3,0,2,0,1,3,0,ok
823715,mlb,2026,2026-05-02,3,1,0,4,2,2,0,0,4,0,ok
823876,mlb,2026,2026-05-02,1,1,0,2,0,0,1,1,2,0,ok
824042,mlb,2026,2026-05-02,3,0,0,3,1,1,0,1,3,0,ok
824284,mlb,2026,2026-05-02,1,0,0,1,0,0,1,0,1,0,ok
824365,mlb,2026,2026-05-02,3,1,0,4,1,0,2,1,4,0,ok
824685,mlb,2026,2026-05-02,6,0,0,6,2,1,1,2,6,0,ok
824771,mlb,2026,2026-05-02,3,0,0,3,1,0,1,1,3,0,ok
825014,mlb,2026,2026-05-02,4,1,0,5,2,2,0,1,5,0,ok
822742,mlb,2026,2026-05-03,3,1,0,4,2,2,0,0,4,0,ok
822987,mlb,2026,2026-05-03,3,1,0,4,1,2,0,1,4,0,ok
823065,mlb,2026,2026-05-03,3,3,0,6,1,1,2,2,6,0,ok
823145,mlb,2026,2026-05-03,5,0,0,5,3,0,0,2,5,0,ok
823307,mlb,2026,2026-05-03,3,2,0,5,0,2,2,1,5,0,ok
823387,mlb,2026,2026-05-03,7,1,0,8,0,2,4,2,8,0,ok
823555,mlb,2026,2026-05-03,4,1,0,5,2,1,1,1,5,0,ok
823711,mlb,2026,2026-05-03,5,0,0,5,1,2,1,1,5,0,ok
823875,mlb,2026,2026-05-03,3,0,0,3,0,2,1,0,3,0,ok
824043,mlb,2026,2026-05-03,2,1,0,3,0,2,0,1,3,0,ok
824285,mlb,2026,2026-05-03,2,0,0,2,0,1,0,1,2,0,ok
824364,mlb,2026,2026-05-03,2,4,0,6,3,0,1,2,6,0,ok
824687,mlb,2026,2026-05-03,1,2,0,3,1,0,1,1,3,0,ok
824769,mlb,2026,2026-05-03,7,2,0,9,5,1,1,2,9,0,ok
825013,mlb,2026,2026-05-03,4,0,0,4,0,1,2,1,4,0,ok
822984,mlb,2026,2026-05-04,2,0,0,2,1,0,0,1,2,0,ok
823064,mlb,2026,2026-05-04,4,0,0,4,1,1,1,1,4,0,ok
823143,mlb,2026,2026-05-04,2,1,0,3,0,2,1,0,3,0,ok
823228,mlb,2026,2026-05-04,1,1,0,2,0,1,0,1,2,0,ok
823552,mlb,2026,2026-05-04,2,2,0,4,0,0,3,1,4,0,ok
823874,mlb,2026,2026-05-04,2,1,0,3,0,1,1,1,3,0,ok
824039,mlb,2026,2026-05-04,4,1,0,5,0,2,1,2,5,0,ok
824120,mlb,2026,2026-05-04,0,3,0,3,0,1,1,1,3,0,ok
824201,mlb,2026,2026-05-04,2,1,0,3,0,0,2,1,3,0,ok
824283,mlb,2026,2026-05-04,1,2,0,3,1,1,0,1,3,0,ok
824363,mlb,2026,2026-05-04,2,3,0,5,2,1,0,2,5,0,ok
824684,mlb,2026,2026-05-04,3,2,0,5,1,0,3,1,5,0,ok
822743,mlb,2026,2026-05-05,2,0,0,2,1,0,0,1,2,0,ok
822986,mlb,2026,2026-05-05,4,1,0,5,1,2,1,1,5,0,ok
823142,mlb,2026,2026-05-05,2,1,0,3,1,1,0,1,3,0,ok
823227,mlb,2026,2026-05-05,4,0,0,4,0,1,2,1,4,0,ok
823469,mlb,2026,2026-05-05,5,1,0,6,1,2,1,2,6,0,ok
823553,mlb,2026,2026-05-05,3,1,0,4,3,0,0,1,4,0,ok
823873,mlb,2026,2026-05-05,5,0,0,5,3,1,1,0,5,0,ok
824040,mlb,2026,2026-05-05,3,0,0,3,0,0,2,1,3,0,ok
824119,mlb,2026,2026-05-05,4,1,0,5,2,1,2,0,5,0,ok
824200,mlb,2026,2026-05-05,2,0,0,2,2,0,0,0,2,0,ok
824281,mlb,2026,2026-05-05,1,2,0,3,0,0,2,1,3,0,ok
824682,mlb,2026,2026-05-05,3,1,0,4,1,0,2,1,4,0,ok
825092,mlb,2026,2026-05-05,2,1,0,3,2,0,0,1,3,0,ok
822740,mlb,2026,2026-05-06,1,1,0,2,1,0,0,1,2,0,ok
822985,mlb,2026,2026-05-06,4,0,0,4,1,0,2,1,4,0,ok
823063,mlb,2026,2026-05-06,3,0,0,3,1,0,1,1,3,0,ok
823141,mlb,2026,2026-05-06,3,3,0,6,3,1,0,2,6,0,ok
823226,mlb,2026,2026-05-06,1,0,0,1,1,0,0,0,1,0,ok
823470,mlb,2026,2026-05-06,7,2,0,9,2,1,5,1,9,0,ok
823550,mlb,2026,2026-05-06,7,2,0,9,5,2,2,0,9,0,ok
823872,mlb,2026,2026-05-06,0,2,0,2,1,0,0,1,2,0,ok
824036,mlb,2026,2026-05-06,3,1,0,4,1,1,2,0,4,0,ok
824118,mlb,2026,2026-05-06,4,4,0,8,4,1,1,2,8,0,ok
824198,mlb,2026,2026-05-06,2,1,0,3,0,1,0,2,3,0,ok
824282,mlb,2026,2026-05-06,4,0,0,4,0,1,3,0,4,0,ok
824361,mlb,2026,2026-05-06,5,0,0,5,1,2,1,1,5,0,ok
824683,mlb,2026,2026-05-06,3,2,0,5,1,1,3,0,5,0,ok
825091,mlb,2026,2026-05-06,1,0,0,1,0,0,0,1,1,0,ok
822741,mlb,2026,2026-05-07,4,0,0,4,3,0,0,1,4,0,ok
823306,mlb,2026,2026-05-07,0,2,0,2,1,0,0,1,2,0,ok
823467,mlb,2026,2026-05-07,2,1,0,3,1,0,2,0,3,0,ok
823551,mlb,2026,2026-05-07,0,1,0,1,0,1,0,0,1,0,ok
823870,mlb,2026,2026-05-07,5,0,0,5,1,0,3,1,5,0,ok
824117,mlb,2026,2026-05-07,3,1,0,4,0,2,0,2,4,0,ok
824362,mlb,2026,2026-05-07,3,1,0,4,0,2,0,2,4,0,ok
824681,mlb,2026,2026-05-07,4,1,0,5,1,1,1,2,5,0,ok
824767,mlb,2026,2026-05-07,1,1,0,2,0,1,1,0,2,0,ok
825090,mlb,2026,2026-05-07,3,1,0,4,0,2,1,1,4,0,ok
822822,mlb,2026,2026-05-08,0,2,0,2,0,1,1,0,2,0,ok
822904,mlb,2026,2026-05-08,2,0,0,2,0,0,1,1,2,0,ok
823225,mlb,2026,2026-05-08,2,0,0,2,0,2,0,0,2,0,ok
823303,mlb,2026,2026-05-08,3,0,0,3,2,0,1,0,3,0,ok
823466,mlb,2026,2026-05-08,1,1,0,2,0,1,1,0,2,0,ok
823794,mlb,2026,2026-05-08,3,1,0,4,1,1,1,1,4,0,ok
823871,mlb,2026,2026-05-08,5,1,0,6,2,2,0,2,6,0,ok
823957,mlb,2026,2026-05-08,2,1,0,3,2,0,1,0,3,0,ok
824116,mlb,2026,2026-05-08,1,3,0,4,0,1,1,2,4,0,ok
824443,mlb,2026,2026-05-08,2,2,0,4,2,0,1,1,4,0,ok
824522,mlb,2026,2026-05-08,4,2,0,6,2,1,1,2,6,0,ok
824607,mlb,2026,2026-05-08,0,1,0,1,0,1,0,0,1,0,ok
824768,mlb,2026,2026-05-08,3,2,0,5,0,2,2,1,5,0,ok
824846,mlb,2026,2026-05-08,5,1,0,6,3,1,0,2,6,0,ok
825088,mlb,2026,2026-05-08,3,2,0,5,1,1,1,2,5,0,ok
822820,mlb,2026,2026-05-09,0,1,0,1,1,0,0,0,1,0,ok
822905,mlb,2026,2026-05-09,1,1,0,2,0,1,1,0,2,0,ok
823224,mlb,2026,2026-05-09,4,1,0,5,0,2,2,1,5,0,ok
823304,mlb,2026,2026-05-09,3,1,0,4,2,1,0,1,4,0,ok
823468,mlb,2026,2026-05-09,4,2,0,6,2,2,2,0,6,0,ok
823792,mlb,2026,2026-05-09,4,1,0,5,1,1,2,1,5,0,ok
823869,mlb,2026,2026-05-09,6,0,0,6,2,1,2,1,6,0,ok
823955,mlb,2026,2026-05-09,1,1,0,2,2,0,0,0,2,0,ok
824115,mlb,2026,2026-05-09,4,1,0,5,1,1,1,2,5,0,ok
824444,mlb,2026,2026-05-09,4,1,0,5,1,2,0,2,5,0,ok
824523,mlb,2026,2026-05-09,4,0,0,4,1,1,1,1,4,0,ok
824606,mlb,2026,2026-05-09,2,0,0,2,0,0,0,2,2,0,ok
824847,mlb,2026,2026-05-09,0,2,0,2,0,2,0,0,2,0,ok
825089,mlb,2026,2026-05-09,4,2,0,6,3,1,1,1,6,0,ok
822819,mlb,2026,2026-05-10,4,0,0,4,2,1,0,1,4,0,ok
822902,mlb,2026,2026-05-10,1,0,0,1,1,0,0,0,1,0,ok
823221,mlb,2026,2026-05-10,3,3,0,6,2,1,0,3,6,0,ok
823305,mlb,2026,2026-05-10,3,0,0,3,0,1,0,2,3,0,ok
823463,mlb,2026,2026-05-10,3,0,0,3,0,1,0,2,3,0,ok
823793,mlb,2026,2026-05-10,5,2,0,7,4,1,1,1,7,0,ok
823868,mlb,2026,2026-05-10,5,0,0,5,1,2,1,1,5,0,ok
823954,mlb,2026,2026-05-10,4,0,0,4,0,1,2,1,4,0,ok
824113,mlb,2026,2026-05-10,4,2,0,6,2,1,1,2,6,0,ok
824440,mlb,2026,2026-05-10,2,2,0,4,2,1,0,1,4,0,ok
824520,mlb,2026,2026-05-10,2,0,0,2,0,1,0,1,2,0,ok
824605,mlb,2026,2026-05-10,3,2,0,5,2,2,0,1,5,0,ok
824765,mlb,2026,2026-05-10,5,0,0,5,1,1,2,1,5,0,ok
824845,mlb,2026,2026-05-10,3,3,0,6,3,1,1,1,6,0,ok
825085,mlb,2026,2026-05-10,2,3,0,5,1,2,1,1,5,0,ok
822818,mlb,2026,2026-05-11,2,2,0,4,0,2,1,1,4,0,ok
822901,mlb,2026,2026-05-11,2,0,0,2,0,1,1,0,2,0,ok
823953,mlb,2026,2026-05-11,5,0,0,5,1,0,3,1,5,0,ok
824199,mlb,2026,2026-05-11,0,1,0,1,0,1,0,0,1,0,ok
824441,mlb,2026,2026-05-11,5,0,0,5,0,2,1,2,5,0,ok
824844,mlb,2026,2026-05-11,0,0,0,0,0,0,0,0,0,0,ok
822817,mlb,2026,2026-05-12,3,1,0,4,1,1,1,1,4,0,ok
822903,mlb,2026,2026-05-12,2,0,0,2,1,0,0,1,2,0,ok
823385,mlb,2026,2026-05-12,2,1,0,3,1,0,0,2,3,0,ok
823632,mlb,2026,2026-05-12,5,1,0,6,1,1,2,2,6,0,ok
823712,mlb,2026,2026-05-12,3,1,0,4,1,2,0,1,4,0,ok
823790,mlb,2026,2026-05-12,4,1,0,5,0,1,3,1,5,0,ok
823951,mlb,2026,2026-05-12,4,1,0,5,2,1,1,1,5,0,ok
824197,mlb,2026,2026-05-12,4,2,0,6,3,1,0,2,6,0,ok
824442,mlb,2026,2026-05-12,3,0,0,3,1,1,1,0,3,0,ok
824521,mlb,2026,2026-05-12,5,1,0,6,2,1,2,1,6,0,ok
824604,mlb,2026,2026-05-12,3,0,0,3,2,0,1,0,3,0,ok
824764,mlb,2026,2026-05-12,2,0,0,2,1,1,0,0,2,0,ok
824843,mlb,2026,2026-05-12,3,1,0,4,4,0,0,0,4,0,ok
824927,mlb,2026,2026-05-12,5,0,0,5,0,2,2,1,5,0,ok
825011,mlb,2026,2026-05-12,2,1,0,3,1,1,1,0,3,0,ok
822815,mlb,2026,2026-05-13,4,2,0,6,2,2,2,0,6,0,ok
822900,mlb,2026,2026-05-13,4,1,0,5,1,1,3,0,5,0,ok
823386,mlb,2026,2026-05-13,3,1,0,4,3,0,1,0,4,0,ok
823631,mlb,2026,2026-05-13,6,0,0,6,2,0,1,3,6,0,ok
823710,mlb,2026,2026-05-13,4,3,0,7,3,1,2,1,7,0,ok
823791,mlb,2026,2026-05-13,3,1,0,4,1,0,2,1,4,0,ok
823952,mlb,2026,2026-05-13,1,0,0,1,0,0,1,0,1,0,ok
824195,mlb,2026,2026-05-13,3,3,0,6,3,1,1,1,6,0,ok
824438,mlb,2026,2026-05-13,3,2,0,5,2,1,0,2,5,0,ok
824519,mlb,2026,2026-05-13,6,1,0,7,1,1,4,1,7,0,ok
824603,mlb,2026,2026-05-13,4,1,0,5,2,1,1,1,5,0,ok
824763,mlb,2026,2026-05-13,1,1,0,2,0,0,0,2,2,0,ok
824841,mlb,2026,2026-05-13,2,2,0,4,2,1,0,1,4,0,ok
824928,mlb,2026,2026-05-13,3,3,0,6,3,0,2,1,6,0,ok
825010,mlb,2026,2026-05-13,2,1,0,3,1,1,1,0,3,0,ok
823383,mlb,2026,2026-05-14,1,1,0,2,1,1,0,0,2,0,ok
823630,mlb,2026,2026-05-14,2,1,0,3,1,1,0,1,3,0,ok
823709,mlb,2026,2026-05-14,3,1,0,4,1,1,0,2,4,0,ok
823789,mlb,2026,2026-05-14,2,3,0,5,0,2,1,2,5,0,ok
823950,mlb,2026,2026-05-14,2,2,0,4,2,0,1,1,4,0,ok
824196,mlb,2026,2026-05-14,7,3,0,10,2,2,5,1,10,0,ok
824517,mlb,2026,2026-05-14,5,1,0,6,2,0,3,1,6,0,ok
824602,mlb,2026,2026-05-14,5,0,0,5,2,1,1,1,5,0,ok
824762,mlb,2026,2026-05-14,2,1,0,3,0,1,0,2,3,0,ok
824926,mlb,2026,2026-05-14,2,0,0,2,1,0,1,0,2,0,ok
825008,mlb,2026,2026-05-14,9,3,0,12,4,1,5,2,12,0,ok
822739,mlb,2026,2026-05-15,1,1,0,2,0,1,0,1,2,0,ok
822983,mlb,2026,2026-05-15,0,0,0,0,0,0,0,0,0,0,ok
823061,mlb,2026,2026-05-15,4,2,0,6,4,0,0,2,6,0,ok
823140,mlb,2026,2026-05-15,2,1,0,3,0,2,0,1,3,0,ok
823384,mlb,2026,2026-05-15,1,2,0,3,0,1,0,2,3,0,ok
823629,mlb,2026,2026-05-15,2,2,0,4,0,2,1,1,4,0,ok
823707,mlb,2026,2026-05-15,3,1,0,4,2,0,0,2,4,0,ok
824037,mlb,2026,2026-05-15,3,1,0,4,0,1,1,2,4,0,ok
824194,mlb,2026,2026-05-15,6,1,0,7,4,1,1,1,7,0,ok
824280,mlb,2026,2026-05-15,3,0,0,3,0,1,1,1,3,0,ok
824360,mlb,2026,2026-05-15,2,1,0,3,0,0,2,1,3,0,ok
824439,mlb,2026,2026-05-15,6,1,0,7,2,2,1,2,7,0,ok
824601,mlb,2026,2026-05-15,5,0,0,5,0,1,2,2,5,0,ok
824925,mlb,2026,2026-05-15,3,1,0,4,1,0,2,1,4,0,ok
825009,mlb,2026,2026-05-15,3,0,0,3,0,1,2,0,3,0,ok
822737,mlb,2026,2026-05-16,2,4,0,6,1,2,3,0,6,0,ok
822981,mlb,2026,2026-05-16,8,3,0,11,5,1,2,3,11,0,ok
823060,mlb,2026,2026-05-16,2,0,0,2,1,0,1,0,2,0,ok
823139,mlb,2026,2026-05-16,3,0,0,3,1,1,0,1,3,0,ok
823382,mlb,2026,2026-05-16,2,0,0,2,0,1,0,1,2,0,ok
823627,mlb,2026,2026-05-16,3,1,0,4,1,1,2,0,4,0,ok
823706,mlb,2026,2026-05-16,2,1,0,3,0,1,2,0,3,0,ok
824038,mlb,2026,2026-05-16,1,2,0,3,0,1,0,2,3,0,ok
824193,mlb,2026,2026-05-16,1,1,0,2,0,0,0,2,2,0,ok
824278,mlb,2026,2026-05-16,4,0,0,4,1,1,2,0,4,0,ok
824359,mlb,2026,2026-05-16,5,0,0,5,1,2,0,2,5,0,ok
824435,mlb,2026,2026-05-16,1,3,0,4,0,1,1,2,4,0,ok
824600,mlb,2026,2026-05-16,5,0,0,5,2,0,3,0,5,0,ok
824924,mlb,2026,2026-05-16,5,0,0,5,1,2,1,1,5,0,ok
825007,mlb,2026,2026-05-16,2,2,0,4,0,2,2,0,4,0,ok
822738,mlb,2026,2026-05-17,5,0,0,5,2,0,1,2,5,0,ok
822982,mlb,2026,2026-05-17,2,2,0,4,2,1,1,0,4,0,ok
823058,mlb,2026,2026-05-17,2,0,0,2,2,0,0,0,2,0,ok
823138,mlb,2026,2026-05-17,2,3,0,5,0,1,2,2,5,0,ok
823381,mlb,2026,2026-05-17,3,0,0,3,0,1,0,2,3,0,ok
823628,mlb,2026,2026-05-17,4,1,0,5,2,1,1,1,5,0,ok
823708,mlb,2026,2026-05-17,5,1,0,6,2,1,2,1,6,0,ok
824034,mlb,2026,2026-05-17,2,1,0,3,0,0,3,0,3,0,ok
824192,mlb,2026,2026-05-17,5,0,0,5,4,0,1,0,5,0,ok
824279,mlb,2026,2026-05-17,5,1,0,6,2,1,1,2,6,0,ok
824358,mlb,2026,2026-05-17,3,0,0,3,1,1,1,0,3,0,ok
824436,mlb,2026,2026-05-17,3,1,0,4,0,0,3,1,4,0,ok
824599,mlb,2026,2026-05-17,10,2,0,12,4,1,5,2,12,0,ok
824923,mlb,2026,2026-05-17,3,1,0,4,1,1,1,1,4,0,ok
825006,mlb,2026,2026-05-17,3,2,0,5,1,1,1,2,5,0,ok
822734,mlb,2026,2026-05-18,4,1,0,5,1,2,1,1,5,0,ok
822980,mlb,2026,2026-05-18,3,1,0,4,0,2,1,1,4,0,ok
823137,mlb,2026,2026-05-18,2,2,0,4,0,1,1,2,4,0,ok
823301,mlb,2026,2026-05-18,2,3,0,5,1,1,3,0,5,0,ok
823465,mlb,2026,2026-05-18,1,2,0,3,1,0,1,1,3,0,ok
823549,mlb,2026,2026-05-18,4,0,0,4,1,1,1,1,4,0,ok
823705,mlb,2026,2026-05-18,3,0,0,3,1,1,0,1,3,0,ok
823867,mlb,2026,2026-05-18,2,2,0,4,1,0,2,1,4,0,ok
824035,mlb,2026,2026-05-18,3,0,0,3,0,1,1,1,3,0,ok
824114,mlb,2026,2026-05-18,2,2,0,4,0,1,2,1,4,0,ok
824277,mlb,2026,2026-05-18,4,0,0,4,0,1,2,1,4,0,ok
824357,mlb,2026,2026-05-18,5,2,0,7,1,1,3,2,7,0,ok
824680,mlb,2026,2026-05-18,3,0,0,3,1,0,1,1,3,0,ok
825087,mlb,2026,2026-05-18,1,0,0,1,0,0,1,0,1,0,ok
822736,mlb,2026,2026-05-19,2,2,0,4,0,1,3,0,4,0,ok
822979,mlb,2026,2026-05-19,1,2,0,3,1,1,0,1,3,0,ok
823059,mlb,2026,2026-05-19,1,3,0,4,0,2,0,2,4,0,ok
823136,mlb,2026,2026-05-19,5,0,0,5,2,1,1,1,5,0,ok
823302,mlb,2026,2026-05-19,2,2,0,4,1,1,2,0,4,0,ok
823464,mlb,2026,2026-05-19,4,2,0,6,4,1,1,0,6,0,ok
823548,mlb,2026,2026-05-19,1,2,0,3,0,1,1,1,3,0,ok
823704,mlb,2026,2026-05-19,2,1,0,3,0,1,1,1,3,0,ok
823865,mlb,2026,2026-05-19,3,3,0,6,0,2,2,2,6,0,ok
824033,mlb,2026,2026-05-19,1,2,0,3,0,1,0,2,3,0,ok
824112,mlb,2026,2026-05-19,3,1,0,4,0,1,2,1,4,0,ok
824276,mlb,2026,2026-05-19,4,0,0,4,0,1,1,2,4,0,ok
824356,mlb,2026,2026-05-19,1,0,0,1,1,0,0,0,1,0,ok
824677,mlb,2026,2026-05-19,2,1,0,3,0,0,1,2,3,0,ok
825086,mlb,2026,2026-05-19,5,0,0,5,1,1,3,0,5,0,ok
822735,mlb,2026,2026-05-20,1,1,0,2,0,0,1,1,2,0,ok
822977,mlb,2026,2026-05-20,3,3,0,6,2,0,4,0,6,0,ok
823057,mlb,2026,2026-05-20,4,0,0,4,0,2,0,2,4,0,ok
823134,mlb,2026,2026-05-20,3,3,0,6,2,2,0,2,6,0,ok
823299,mlb,2026,2026-05-20,1,1,0,2,0,0,0,2,2,0,ok
823462,mlb,2026,2026-05-20,6,0,0,6,2,1,2,1,6,0,ok
823547,mlb,2026,2026-05-20,2,1,0,3,0,0,1,2,3,0,ok
823703,mlb,2026,2026-05-20,5,0,0,5,0,0,4,1,5,0,ok
823866,mlb,2026,2026-05-20,1,1,0,2,0,1,1,0,2,0,ok
824032,mlb,2026,2026-05-20,4,1,0,5,1,2,0,2,5,0,ok
824111,mlb,2026,2026-05-20,2,0,0,2,1,1,0,0,2,0,ok
824273,mlb,2026,2026-05-20,5,0,0,5,1,2,0,2,5,0,ok
824355,mlb,2026,2026-05-20,3,2,0,5,1,1,3,0,5,0,ok
824678,mlb,2026,2026-05-20,2,1,0,3,0,1,1,1,3,0,ok
825084,mlb,2026,2026-05-20,4,0,0,4,2,1,0,1,4,0,ok
822733,mlb,2026,2026-05-21,2,1,0,3,0,2,0,1,3,0,ok
823056,mlb,2026,2026-05-21,1,3,0,4,0,2,1,1,4,0,ok
823545,mlb,2026,2026-05-21,1,2,0,3,1,0,0,2,3,0,ok
823864,mlb,2026,2026-05-21,2,1,0,3,1,2,0,0,3,0,ok
824031,mlb,2026,2026-05-21,2,2,0,4,0,0,1,3,4,0,ok
824274,mlb,2026,2026-05-21,6,1,0,7,6,1,0,0,7,0,ok
825083,mlb,2026,2026-05-21,5,0,0,5,0,1,3,1,5,0,ok
822816,mlb,2026,2026-05-22,4,0,0,4,0,1,1,2,4,0,ok
823223,mlb,2026,2026-05-22,4,2,0,6,1,2,1,2,6,0,ok
823298,mlb,2026,2026-05-22,4,1,0,5,2,0,3,0,5,0,ok
823461,mlb,2026,2026-05-22,1,2,0,3,0,2,0,1,3,0,ok
823546,mlb,2026,2026-05-22,3,0,0,3,1,1,0,1,3,0,ok
823788,mlb,2026,2026-05-22,2,0,0,2,0,0,0,2,2,0,ok
823863,mlb,2026,2026-05-22,6,0,0,6,2,0,2,2,6,0,ok
824029,mlb,2026,2026-05-22,3,1,0,4,0,1,2,1,4,0,ok
824110,mlb,2026,2026-05-22,0,1,0,1,0,0,0,1,1,0,ok
824679,mlb,2026,2026-05-22,5,1,0,6,2,2,2,0,6,0,ok
824761,mlb,2026,2026-05-22,2,1,0,3,0,2,0,1,3,0,ok
824842,mlb,2026,2026-05-22,5,0,0,5,2,1,0,2,5,0,ok
824922,mlb,2026,2026-05-22,4,0,0,4,0,3,0,1,4,0,ok
825082,mlb,2026,2026-05-22,1,0,0,1,1,0,0,0,1,0,ok
822814,mlb,2026,2026-05-23,2,1,0,3,1,0,1,1,3,0,ok
823222,mlb,2026,2026-05-23,5,1,0,6,1,1,3,1,6,0,ok
823300,mlb,2026,2026-05-23,2,2,0,4,1,2,1,0,4,0,ok
823458,mlb,2026,2026-05-23,4,2,0,6,3,1,1,1,6,0,ok
823787,mlb,2026,2026-05-23,5,0,0,5,2,1,1,1,5,0,ok
823862,mlb,2026,2026-05-23,2,1,0,3,1,2,0,0,3,0,ok
824030,mlb,2026,2026-05-23,3,0,0,3,1,0,1,1,3,0,ok
824109,mlb,2026,2026-05-23,3,2,0,5,2,1,1,1,5,0,ok
824516,mlb,2026,2026-05-23,4,1,0,5,1,0,2,2,5,0,ok
824518,mlb,2026,2026-05-23,3,0,0,3,0,1,1,1,3,0,ok
824674,mlb,2026,2026-05-23,7,0,0,7,3,1,1,2,7,0,ok
824760,mlb,2026,2026-05-23,4,1,0,5,1,2,0,2,5,0,ok
824920,mlb,2026,2026-05-23,3,1,0,4,2,1,0,1,4,0,ok
825080,mlb,2026,2026-05-23,2,0,0,2,1,0,0,1,2,0,ok
822813,mlb,2026,2026-05-24,3,0,0,3,2,0,0,1,3,0,ok
823220,mlb,2026,2026-05-24,7,1,0,8,2,2,2,2,8,0,ok
823297,mlb,2026,2026-05-24,4,1,0,5,1,2,1,1,5,0,ok
823459,mlb,2026,2026-05-24,5,0,0,5,1,1,1,2,5,0,ok
823544,mlb,2026,2026-05-24,1,2,0,3,1,1,1,0,3,0,ok
823786,mlb,2026,2026-05-24,3,1,0,4,1,1,1,1,4,0,ok
823861,mlb,2026,2026-05-24,4,1,0,5,2,0,2,1,5,0,ok
824028,mlb,2026,2026-05-24,1,0,0,1,1,0,0,0,1,0,ok
824108,mlb,2026,2026-05-24,2,1,0,3,0,1,0,2,3,0,ok
824676,mlb,2026,2026-05-24,2,1,0,3,1,1,0,1,3,0,ok
824759,mlb,2026,2026-05-24,1,1,0,2,0,1,0,1,2,0,ok
824839,mlb,2026,2026-05-24,3,0,0,3,2,1,0,0,3,0,ok
824840,mlb,2026,2026-05-24,2,1,0,3,0,0,2,1,3,0,ok
824921,mlb,2026,2026-05-24,3,0,0,3,2,1,0,0,3,0,ok
825081,mlb,2026,2026-05-24,0,0,0,0,0,0,0,0,0,0,ok
822812,mlb,2026,2026-05-25,2,0,0,2,0,0,1,1,2,0,ok
822899,mlb,2026,2026-05-25,3,2,0,5,2,1,1,1,5,0,ok
823219,mlb,2026,2026-05-25,3,2,0,5,0,2,2,1,5,0,ok
823296,mlb,2026,2026-05-25,2,2,0,4,1,1,0,2,4,0,ok
823380,mlb,2026,2026-05-25,1,1,0,2,0,1,0,1,2,0,ok
823625,mlb,2026,2026-05-25,3,1,0,4,2,0,0,2,4,0,ok
823784,mlb,2026,2026-05-25,1,1,0,2,1,1,0,0,2,0,ok
823948,mlb,2026,2026-05-25,3,0,0,3,0,2,1,0,3,0,ok
824107,mlb,2026,2026-05-25,0,1,0,1,0,0,1,0,1,0,ok
824437,mlb,2026,2026-05-25,2,0,0,2,0,1,1,0,2,0,ok
824598,mlb,2026,2026-05-25,2,2,0,4,1,1,2,0,4,0,ok
824838,mlb,2026,2026-05-25,4,4,0,8,1,3,2,2,8,0,ok
825005,mlb,2026,2026-05-25,3,1,0,4,1,1,1,1,4,0,ok
822811,mlb,2026,2026-05-26,2,2,0,4,3,0,0,1,4,0,ok
822898,mlb,2026,2026-05-26,3,0,0,3,0,0,3,0,3,0,ok
823216,mlb,2026,2026-05-26,2,2,0,4,0,2,1,1,4,0,ok
823294,mlb,2026,2026-05-26,3,1,0,4,2,2,0,0,4,0,ok
823379,mlb,2026,2026-05-26,2,0,0,2,0,0,2,0,2,0,ok
823624,mlb,2026,2026-05-26,7,2,0,9,3,1,4,1,9,0,ok
823785,mlb,2026,2026-05-26,2,2,0,4,0,1,1,2,4,0,ok
823949,mlb,2026,2026-05-26,2,1,0,3,1,1,0,1,3,0,ok
824106,mlb,2026,2026-05-26,2,0,0,2,0,1,1,0,2,0,ok
824275,mlb,2026,2026-05-26,1,2,0,3,0,2,0,1,3,0,ok
824434,mlb,2026,2026-05-26,5,3,0,8,4,0,2,2,8,0,ok
824597,mlb,2026,2026-05-26,3,4,0,7,2,2,1,2,7,0,ok
824758,mlb,2026,2026-05-26,3,1,0,4,1,1,0,2,4,0,ok
824837,mlb,2026,2026-05-26,2,0,0,2,1,0,0,1,2,0,ok
825004,mlb,2026,2026-05-26,3,1,0,4,1,1,1,1,4,0,ok
822809,mlb,2026,2026-05-27,1,0,0,1,1,0,0,0,1,0,ok
822897,mlb,2026,2026-05-27,6,1,0,7,4,1,0,2,7,0,ok
823217,mlb,2026,2026-05-27,0,1,0,1,1,0,0,0,1,0,ok
823295,mlb,2026,2026-05-27,4,1,0,5,1,2,0,2,5,0,ok
823376,mlb,2026,2026-05-27,3,2,0,5,2,1,0,2,5,0,ok
823626,mlb,2026,2026-05-27,7,0,0,7,1,2,3,1,7,0,ok
823783,mlb,2026,2026-05-27,4,2,0,6,6,0,0,0,6,0,ok
823947,mlb,2026,2026-05-27,3,1,0,4,0,2,1,1,4,0,ok
824104,mlb,2026,2026-05-27,1,2,0,3,1,0,1,1,3,0,ok
824270,mlb,2026,2026-05-27,2,3,0,5,1,1,3,0,5,0,ok
824432,mlb,2026,2026-05-27,2,1,0,3,0,1,0,2,3,0,ok
824596,mlb,2026,2026-05-27,2,1,0,3,1,1,1,0,3,0,ok
824756,mlb,2026,2026-05-27,2,0,0,2,0,1,0,1,2,0,ok
824836,mlb,2026,2026-05-27,2,0,0,2,1,0,1,0,2,0,ok
825003,mlb,2026,2026-05-27,3,0,0,3,0,2,1,0,3,0,ok
822896,mlb,2026,2026-05-28,5,0,0,5,2,1,1,1,5,0,ok
823378,mlb,2026,2026-05-28,2,1,0,3,2,0,0,1,3,0,ok
824272,mlb,2026,2026-05-28,5,0,0,5,3,0,1,1,5,0,ok
824595,mlb,2026,2026-05-28,3,2,0,5,1,1,1,2,5,0,ok
824757,mlb,2026,2026-05-28,2,1,0,3,0,1,1,1,3,0,ok
824834,mlb,2026,2026-05-28,2,1,0,3,0,1,0,2,3,0,ok
822732,mlb,2026,2026-05-29,2,1,0,3,1,0,0,2,3,0,ok
822894,mlb,2026,2026-05-29,5,1,0,6,3,2,0,1,6,0,ok
822978,mlb,2026,2026-05-29,3,1,0,4,2,0,1,1,4,0,ok
823055,mlb,2026,2026-05-29,0,0,0,0,0,0,0,0,0,0,ok
823135,mlb,2026,2026-05-29,3,0,0,3,0,0,1,2,3,0,ok
823377,mlb,2026,2026-05-29,3,2,0,5,1,2,0,2,5,0,ok
823623,mlb,2026,2026-05-29,3,2,0,5,2,0,3,0,5,0,ok
823946,mlb,2026,2026-05-29,2,1,0,3,0,1,1,1,3,0,ok
824191,mlb,2026,2026-05-29,4,0,0,4,1,1,0,2,4,0,ok
824353,mlb,2026,2026-05-29,3,0,0,3,0,1,1,1,3,0,ok
824433,mlb,2026,2026-05-29,3,2,0,5,1,1,2,1,5,0,ok
824515,mlb,2026,2026-05-29,2,0,0,2,0,2,0,0,2,0,ok
824594,mlb,2026,2026-05-29,6,1,0,7,1,1,3,2,7,0,ok
824835,mlb,2026,2026-05-29,1,1,0,2,1,0,0,1,2,0,ok
825002,mlb,2026,2026-05-29,6,0,0,6,1,2,2,1,6,0,ok
822731,mlb,2026,2026-05-30,6,1,0,7,4,1,0,2,7,0,ok
822893,mlb,2026,2026-05-30,1,1,0,2,0,1,0,1,2,0,ok
822975,mlb,2026,2026-05-30,6,0,0,6,0,2,2,2,6,0,ok
823054,mlb,2026,2026-05-30,3,3,0,6,2,2,1,1,6,0,ok
823132,mlb,2026,2026-05-30,3,0,0,3,2,1,0,0,3,0,ok
823375,mlb,2026,2026-05-30,1,0,0,1,0,1,0,0,1,0,ok
823622,mlb,2026,2026-05-30,2,4,0,6,2,1,1,2,6,0,ok
823945,mlb,2026,2026-05-30,3,1,0,4,2,0,0,2,4,0,ok
824190,mlb,2026,2026-05-30,4,0,0,4,1,2,1,0,4,0,ok
824352,mlb,2026,2026-05-30,2,1,0,3,2,1,0,0,3,0,ok
824431,mlb,2026,2026-05-30,3,1,0,4,1,1,0,2,4,0,ok
824513,mlb,2026,2026-05-30,1,1,0,2,0,1,0,1,2,0,ok
824593,mlb,2026,2026-05-30,2,2,0,4,2,2,0,0,4,0,ok
824833,mlb,2026,2026-05-30,4,0,0,4,1,2,1,0,4,0,ok
825000,mlb,2026,2026-05-30,7,1,0,8,3,2,1,2,8,0,ok
822729,mlb,2026,2026-05-31,3,1,0,4,2,1,0,1,4,0,ok
822895,mlb,2026,2026-05-31,1,2,0,3,0,2,0,1,3,0,ok
822976,mlb,2026,2026-05-31,2,1,0,3,0,2,1,0,3,0,ok
823053,mlb,2026,2026-05-31,2,2,0,4,0,2,0,2,4,0,ok
823133,mlb,2026,2026-05-31,4,0,0,4,2,1,1,0,4,0,ok
823373,mlb,2026,2026-05-31,2,0,0,2,0,2,0,0,2,0,ok
823621,mlb,2026,2026-05-31,3,2,0,5,1,2,0,2,5,0,ok
823944,mlb,2026,2026-05-31,6,4,0,10,6,1,2,1,10,0,ok
824187,mlb,2026,2026-05-31,5,0,0,5,2,0,2,1,5,0,ok
824354,mlb,2026,2026-05-31,4,0,0,4,0,2,1,1,4,0,ok
824430,mlb,2026,2026-05-31,5,3,0,8,4,2,0,2,8,0,ok
824512,mlb,2026,2026-05-31,4,1,0,5,0,1,2,2,5,0,ok
824592,mlb,2026,2026-05-31,2,1,0,3,1,0,1,1,3,0,ok
824832,mlb,2026,2026-05-31,2,1,0,3,2,0,1,0,3,0,ok
825001,mlb,2026,2026-05-31,3,2,0,5,1,0,2,2,5,0,ok
822730,mlb,2026,2026-06-01,4,4,0,8,2,2,3,1,8,0,ok
822974,mlb,2026,2026-06-01,6,1,0,7,2,1,2,2,7,0,ok
823050,mlb,2026,2026-06-01,2,1,0,3,0,1,0,2,3,0,ok
823131,mlb,2026,2026-06-01,5,1,0,6,2,1,3,0,6,0,ok
823702,mlb,2026,2026-06-01,4,1,0,5,1,1,2,1,5,0,ok
823781,mlb,2026,2026-06-01,4,1,0,5,1,2,2,0,5,0,ok
824027,mlb,2026,2026-06-01,6,0,0,6,2,2,1,1,6,0,ok
824510,mlb,2026,2026-06-01,4,0,0,4,1,1,0,2,4,0,ok
825078,mlb,2026,2026-06-01,4,1,0,5,2,2,1,0,5,0,ok
822728,mlb,2026,2026-06-02,4,2,0,6,3,0,1,2,6,0,ok
822971,mlb,2026,2026-06-02,4,1,0,5,3,0,0,2,5,0,ok
823052,mlb,2026,2026-06-02,2,1,0,3,1,1,1,0,3,0,ok
823129,mlb,2026,2026-06-02,1,0,0,1,0,1,0,0,1,0,ok
823460,mlb,2026,2026-06-02,2,1,0,3,0,0,2,1,3,0,ok
823541,mlb,2026,2026-06-02,3,0,0,3,0,1,1,1,3,0,ok
823700,mlb,2026,2026-06-02,3,1,0,4,2,0,2,0,4,0,ok
823782,mlb,2026,2026-06-02,1,1,0,2,0,1,1,0,2,0,ok
824026,mlb,2026,2026-06-02,3,1,0,4,2,1,0,1,4,0,ok
824189,mlb,2026,2026-06-02,1,5,0,6,2,2,0,2,6,0,ok
824511,mlb,2026,2026-06-02,4,1,0,5,2,2,0,1,5,0,ok
824675,mlb,2026,2026-06-02,4,1,0,5,2,1,0,2,5,0,ok
824754,mlb,2026,2026-06-02,2,0,0,2,0,1,1,0,2,0,ok
824918,mlb,2026,2026-06-02,5,1,0,6,0,1,5,0,6,0,ok
825079,mlb,2026,2026-06-02,7,1,0,8,1,2,4,1,8,0,ok
822727,mlb,2026,2026-06-03,5,1,0,6,2,1,1,2,6,0,ok
822973,mlb,2026,2026-06-03,2,2,0,4,0,2,2,0,4,0,ok
823051,mlb,2026,2026-06-03,3,2,0,5,2,1,1,1,5,0,ok
823130,mlb,2026,2026-06-03,3,2,0,5,1,1,2,1,5,0,ok
823456,mlb,2026,2026-06-03,2,0,0,2,0,1,0,1,2,0,ok
823540,mlb,2026,2026-06-03,5,1,0,6,2,0,3,1,6,0,ok
823701,mlb,2026,2026-06-03,6,1,0,7,2,2,2,1,7,0,ok
823780,mlb,2026,2026-06-03,3,2,0,5,2,2,1,0,5,0,ok
824024,mlb,2026,2026-06-03,3,3,0,6,1,2,3,0,6,0,ok
824188,mlb,2026,2026-06-03,4,1,0,5,0,2,1,2,5,0,ok
824509,mlb,2026,2026-06-03,2,0,0,2,0,1,0,1,2,0,ok
824671,mlb,2026,2026-06-03,2,0,0,2,0,1,1,0,2,0,ok
824755,mlb,2026,2026-06-03,1,1,0,2,0,1,0,1,2,0,ok
824917,mlb,2026,2026-06-03,2,0,0,2,0,1,1,0,2,0,ok
825077,mlb,2026,2026-06-03,1,1,0,2,0,1,0,1,2,0,ok
823457,mlb,2026,2026-06-04,4,1,0,5,1,2,0,2,5,0,ok
823542,mlb,2026,2026-06-04,2,3,0,5,1,1,1,2,5,0,ok
823698,mlb,2026,2026-06-04,3,0,0,3,0,1,1,1,3,0,ok
823779,mlb,2026,2026-06-04,5,0,0,5,1,0,2,2,5,0,ok
824185,mlb,2026,2026-06-04,1,0,0,1,0,0,0,1,1,0,ok
824672,mlb,2026,2026-06-04,2,1,0,3,0,1,2,0,3,0,ok
824753,mlb,2026,2026-06-04,6,1,0,7,2,0,3,2,7,0,ok
824919,mlb,2026,2026-06-04,4,1,0,5,0,1,2,2,5,0,ok
825076,mlb,2026,2026-06-04,3,1,0,4,3,0,1,0,4,0,ok
822810,mlb,2026,2026-06-05,1,0,0,1,0,1,0,0,1,0,ok
822892,mlb,2026,2026-06-05,1,1,0,2,1,1,0,0,2,0,ok
823049,mlb,2026,2026-06-05,4,0,0,4,2,1,0,1,4,0,ok
823293,mlb,2026,2026-06-05,0,1,0,1,0,1,0,0,1,0,ok
823455,mlb,2026,2026-06-05,5,0,0,5,0,2,2,1,5,0,ok
823538,mlb,2026,2026-06-05,4,0,0,4,2,1,1,0,4,0,ok
823699,mlb,2026,2026-06-05,3,1,0,4,1,0,2,1,4,0,ok
823860,mlb,2026,2026-06-05,3,0,0,3,0,1,2,0,3,0,ok
823943,mlb,2026,2026-06-05,5,1,0,6,2,2,1,1,6,0,ok
824186,mlb,2026,2026-06-05,2,2,0,4,0,1,2,1,4,0,ok
824271,mlb,2026,2026-06-05,2,0,0,2,0,2,0,0,2,0,ok
824350,mlb,2026,2026-06-05,4,1,0,5,2,0,2,1,5,0,ok
824673,mlb,2026,2026-06-05,0,0,0,0,0,0,0,0,0,0,ok
824914,mlb,2026,2026-06-05,6,2,0,8,2,1,4,1,8,0,ok
825073,mlb,2026,2026-06-05,2,1,0,3,0,1,1,1,3,0,ok
822808,mlb,2026,2026-06-06,2,0,0,2,1,1,0,0,2,0,ok
822891,mlb,2026,2026-06-06,3,1,0,4,0,2,1,1,4,0,ok
823048,mlb,2026,2026-06-06,4,0,0,4,3,0,1,0,4,0,ok
823292,mlb,2026,2026-06-06,3,0,0,3,1,1,0,1,3,0,ok
823454,mlb,2026,2026-06-06,0,3,0,3,0,1,2,0,3,0,ok
823697,mlb,2026,2026-06-06,6,1,0,7,2,1,2,2,7,0,ok
823859,mlb,2026,2026-06-06,4,1,0,5,1,2,0,2,5,0,ok
823942,mlb,2026,2026-06-06,3,1,0,4,1,1,1,1,4,0,ok
824184,mlb,2026,2026-06-06,4,1,0,5,1,2,2,0,5,0,ok
824269,mlb,2026,2026-06-06,1,2,0,3,0,1,0,2,3,0,ok
824351,mlb,2026,2026-06-06,4,3,0,7,3,1,1,2,7,0,ok
824669,mlb,2026,2026-06-06,6,0,0,6,1,2,3,0,6,0,ok
824915,mlb,2026,2026-06-06,2,2,0,4,0,2,0,2,4,0,ok
825075,mlb,2026,2026-06-06,3,0,0,3,1,0,1,1,3,0,ok
822807,mlb,2026,2026-06-07,4,0,0,4,2,0,0,2,4,0,ok
822890,mlb,2026,2026-06-07,8,1,0,9,4,2,2,1,9,0,ok
823047,mlb,2026,2026-06-07,4,0,0,4,2,2,0,0,4,0,ok
823291,mlb,2026,2026-06-07,5,2,0,7,1,2,3,1,7,0,ok
823453,mlb,2026,2026-06-07,2,2,0,4,1,1,1,1,4,0,ok
823537,mlb,2026,2026-06-07,5,0,0,5,4,0,0,1,5,0,ok
823696,mlb,2026,2026-06-07,7,1,0,8,2,2,2,2,8,0,ok
823857,mlb,2026,2026-06-07,1,2,0,3,1,2,0,0,3,0,ok
823941,mlb,2026,2026-06-07,4,2,0,6,4,0,2,0,6,0,ok
824183,mlb,2026,2026-06-07,2,1,0,3,1,0,0,2,3,0,ok
824268,mlb,2026,2026-06-07,6,3,0,9,1,2,4,2,9,0,ok
824349,mlb,2026,2026-06-07,7,2,0,9,1,2,4,2,9,0,ok
824670,mlb,2026,2026-06-07,4,2,0,6,1,1,3,1,6,0,ok
824916,mlb,2026,2026-06-07,0,3,0,3,0,1,1,1,3,0,ok
825074,mlb,2026,2026-06-07,4,1,0,5,0,1,4,0,5,0,ok
822806,mlb,2026,2026-06-08,2,1,0,3,2,1,0,0,3,0,ok
822972,mlb,2026,2026-06-08,6,2,0,8,2,1,4,1,8,0,ok
823218,mlb,2026,2026-06-08,3,1,0,4,1,1,1,1,4,0,ok
823289,mlb,2026,2026-06-08,6,4,0,10,5,1,2,2,10,0,ok
824025,mlb,2026,2026-06-08,3,0,0,3,0,1,0,2,3,0,ok
824427,mlb,2026,2026-06-08,2,2,0,4,1,1,0,2,4,0,ok
824829,mlb,2026,2026-06-08,5,1,0,6,2,1,2,1,6,0,ok
824998,mlb,2026,2026-06-08,9,7,0,16,5,2,6,3,16,0,ok
822805,mlb,2026,2026-06-09,3,0,0,3,1,0,1,1,3,0,ok
822969,mlb,2026,2026-06-09,3,0,0,3,2,1,0,0,3,0,ok
823214,mlb,2026,2026-06-09,5,0,0,5,2,1,2,0,5,0,ok
823290,mlb,2026,2026-06-09,4,5,0,9,4,3,1,1,9,0,ok
823374,mlb,2026,2026-06-09,6,2,0,8,4,0,2,2,8,0,ok
823620,mlb,2026,2026-06-09,2,0,0,2,1,0,1,0,2,0,ok
823858,mlb,2026,2026-06-09,3,0,0,3,0,0,1,2,3,0,ok
824023,mlb,2026,2026-06-09,2,1,0,3,0,1,1,1,3,0,ok
824105,mlb,2026,2026-06-09,1,2,0,3,0,1,1,1,3,0,ok
824267,mlb,2026,2026-06-09,4,2,0,6,4,1,1,0,6,0,ok
824347,mlb,2026,2026-06-09,5,2,0,7,3,2,1,1,7,0,ok
824429,mlb,2026,2026-06-09,7,1,0,8,4,2,1,1,8,0,ok
824591,mlb,2026,2026-06-09,1,2,0,3,1,0,1,1,3,0,ok
824830,mlb,2026,2026-06-09,3,1,0,4,2,0,0,2,4,0,ok
824999,mlb,2026,2026-06-09,4,1,0,5,3,1,1,0,5,0,ok
822804,mlb,2026,2026-06-10,1,1,0,2,2,0,0,0,2,0,ok
822970,mlb,2026,2026-06-10,3,1,0,4,1,1,1,1,4,0,ok
823215,mlb,2026,2026-06-10,6,1,0,7,1,2,3,1,7,0,ok
823287,mlb,2026,2026-06-10,6,0,0,6,4,0,1,1,6,0,ok
823372,mlb,2026,2026-06-10,6,1,0,7,3,2,0,2,7,0,ok
823618,mlb,2026,2026-06-10,6,1,0,7,2,0,4,1,7,0,ok
823856,mlb,2026,2026-06-10,3,2,0,5,2,0,3,0,5,0,ok
824022,mlb,2026,2026-06-10,3,1,0,4,2,1,1,0,4,0,ok
824103,mlb,2026,2026-06-10,4,3,0,7,1,3,1,2,7,0,ok
824266,mlb,2026,2026-06-10,4,0,0,4,1,2,0,1,4,0,ok
824348,mlb,2026,2026-06-10,4,0,0,4,1,1,0,2,4,0,ok
824428,mlb,2026,2026-06-10,4,1,0,5,2,1,1,1,5,0,ok
824590,mlb,2026,2026-06-10,2,0,0,2,1,0,1,0,2,0,ok
824831,mlb,2026,2026-06-10,2,0,0,2,0,1,0,1,2,0,ok
824996,mlb,2026,2026-06-10,3,1,0,4,2,0,1,1,4,0,ok
823371,mlb,2026,2026-06-11,4,1,0,5,1,2,0,2,5,0,ok
823619,mlb,2026,2026-06-11,3,0,0,3,0,1,0,2,3,0,ok
823855,mlb,2026,2026-06-11,4,0,0,4,1,0,2,1,4,0,ok
824101,mlb,2026,2026-06-11,3,2,0,5,4,1,0,0,5,0,ok
824265,mlb,2026,2026-06-11,1,2,0,3,0,2,1,0,3,0,ok
824346,mlb,2026,2026-06-11,4,1,0,5,0,1,2,2,5,0,ok
824827,mlb,2026,2026-06-11,2,0,0,2,0,1,0,1,2,0,ok
822726,mlb,2026,2026-06-12,1,0,0,1,0,0,1,0,1,0,ok
822803,mlb,2026,2026-06-12,8,0,0,8,4,2,1,1,8,0,ok
823211,mlb,2026,2026-06-12,3,3,0,6,1,0,4,1,6,0,ok
823370,mlb,2026,2026-06-12,2,1,0,3,1,1,0,1,3,0,ok
823617,mlb,2026,2026-06-12,3,1,0,4,3,1,0,0,4,0,ok
823695,mlb,2026,2026-06-12,8,2,0,10,3,1,5,1,10,0,ok
823778,mlb,2026,2026-06-12,3,2,0,5,0,1,2,2,5,0,ok
824020,mlb,2026,2026-06-12,3,1,0,4,2,0,2,0,4,0,ok
824102,mlb,2026,2026-06-12,6,2,0,8,2,1,4,1,8,0,ok
824425,mlb,2026,2026-06-12,2,0,0,2,0,1,0,1,2,0,ok
824507,mlb,2026,2026-06-12,3,3,0,6,2,0,4,0,6,0,ok
824588,mlb,2026,2026-06-12,3,0,0,3,1,1,1,0,3,0,ok
824752,mlb,2026,2026-06-12,3,0,0,3,0,0,3,0,3,0,ok
824826,mlb,2026,2026-06-12,1,0,0,1,0,0,0,1,1,0,ok
824997,mlb,2026,2026-06-12,2,1,0,3,0,1,0,2,3,0,ok
822725,mlb,2026,2026-06-13,5,0,0,5,1,1,1,2,5,0,ok
822802,mlb,2026,2026-06-13,4,0,0,4,0,2,0,2,4,0,ok
823213,mlb,2026,2026-06-13,2,2,0,4,0,2,1,1,4,0,ok
823369,mlb,2026,2026-06-13,4,0,0,4,2,1,0,1,4,0,ok
823616,mlb,2026,2026-06-13,4,2,0,6,2,1,1,2,6,0,ok
823694,mlb,2026,2026-06-13,3,1,0,4,0,1,3,0,4,0,ok
823776,mlb,2026,2026-06-13,3,0,0,3,0,1,0,2,3,0,ok
824019,mlb,2026,2026-06-13,2,0,0,2,0,0,2,0,2,0,ok
824100,mlb,2026,2026-06-13,5,1,0,6,3,1,0,2,6,0,ok
824426,mlb,2026,2026-06-13,2,2,0,4,2,0,0,2,4,0,ok
824508,mlb,2026,2026-06-13,4,1,0,5,2,0,3,0,5,0,ok
824587,mlb,2026,2026-06-13,2,2,0,4,0,1,2,1,4,0,ok
824749,mlb,2026,2026-06-13,3,3,0,6,2,1,1,2,6,0,ok
824828,mlb,2026,2026-06-13,3,0,0,3,1,0,1,1,3,0,ok
824995,mlb,2026,2026-06-13,3,0,0,3,0,1,1,1,3,0,ok
822722,mlb,2026,2026-06-14,2,1,0,3,0,1,0,2,3,0,ok
822801,mlb,2026,2026-06-14,3,2,0,5,1,1,1,2,5,0,ok
823212,mlb,2026,2026-06-14,0,1,0,1,0,1,0,0,1,0,ok
823368,mlb,2026,2026-06-14,3,1,0,4,1,1,1,1,4,0,ok
823615,mlb,2026,2026-06-14,2,0,0,2,0,0,0,2,2,0,ok
823693,mlb,2026,2026-06-14,6,3,0,9,2,1,4,2,9,0,ok
823777,mlb,2026,2026-06-14,5,0,0,5,2,1,2,0,5,0,ok
824021,mlb,2026,2026-06-14,3,2,0,5,2,0,1,2,5,0,ok
824099,mlb,2026,2026-06-14,2,0,0,2,0,1,1,0,2,0,ok
824506,mlb,2026,2026-06-14,4,1,0,5,0,2,3,0,5,0,ok
824586,mlb,2026,2026-06-14,3,1,0,4,1,0,1,2,4,0,ok
824751,mlb,2026,2026-06-14,2,2,0,4,1,1,0,2,4,0,ok
824823,mlb,2026,2026-06-14,3,2,0,5,0,1,2,2,5,0,ok
824994,mlb,2026,2026-06-14,7,1,0,8,2,2,2,2,8,0,ok
822724,mlb,2026,2026-06-15,3,1,0,4,1,1,0,2,4,0,ok
822887,mlb,2026,2026-06-15,5,0,0,5,0,2,1,2,5,0,ok
823046,mlb,2026,2026-06-15,0,0,0,0,0,0,0,0,0,0,ok
823452,mlb,2026,2026-06-15,0,1,0,1,0,1,0,0,1,0,ok
823938,mlb,2026,2026-06-15,5,0,0,5,0,2,3,0,5,0,ok
824181,mlb,2026,2026-06-15,3,1,0,4,1,1,0,2,4,0,ok
824505,mlb,2026,2026-06-15,4,1,0,5,1,2,0,2,5,0,ok
824666,mlb,2026,2026-06-15,2,1,0,3,0,2,0,1,3,0,ok
824993,mlb,2026,2026-06-15,5,1,0,6,0,2,3,1,6,0,ok
825071,mlb,2026,2026-06-15,0,2,0,2,0,2,0,0,2,0,ok
822723,mlb,2026,2026-06-16,2,1,0,3,1,2,0,0,3,0,ok
822888,mlb,2026,2026-06-16,4,2,0,6,3,1,0,2,6,0,ok
823045,mlb,2026,2026-06-16,2,2,0,4,1,1,2,0,4,0,ok
823128,mlb,2026,2026-06-16,1,2,0,3,0,1,1,1,3,0,ok
823451,mlb,2026,2026-06-16,4,1,0,5,0,2,2,1,5,0,ok
823535,mlb,2026,2026-06-16,1,2,0,3,0,1,2,0,3,0,ok
823775,mlb,2026,2026-06-16,2,0,0,2,0,0,0,2,2,0,ok
823939,mlb,2026,2026-06-16,4,0,0,4,2,0,2,0,4,0,ok
824182,mlb,2026,2026-06-16,3,1,0,4,2,0,0,2,4,0,ok
824504,mlb,2026,2026-06-16,2,1,0,3,0,2,0,1,3,0,ok
824667,mlb,2026,2026-06-16,1,1,0,2,0,0,0,2,2,0,ok
824750,mlb,2026,2026-06-16,2,3,0,5,0,1,3,1,5,0,ok
824912,mlb,2026,2026-06-16,3,0,0,3,2,1,0,0,3,0,ok
824991,mlb,2026,2026-06-16,5,0,0,5,1,0,3,1,5,0,ok
825070,mlb,2026,2026-06-16,2,1,0,3,1,0,2,0,3,0,ok
822721,mlb,2026,2026-06-17,6,1,0,7,3,1,2,1,7,0,ok
823044,mlb,2026,2026-06-17,2,0,0,2,1,0,0,1,2,0,ok
823127,mlb,2026,2026-06-17,2,1,0,3,2,0,0,1,3,0,ok
823450,mlb,2026,2026-06-17,4,0,0,4,0,2,0,2,4,0,ok
823536,mlb,2026,2026-06-17,6,1,0,7,2,2,3,0,7,0,ok
823774,mlb,2026,2026-06-17,3,0,0,3,1,1,1,0,3,0,ok
823940,mlb,2026,2026-06-17,3,3,0,6,0,2,2,2,6,0,ok
824178,mlb,2026,2026-06-17,4,1,0,5,0,0,3,2,5,0,ok
824503,mlb,2026,2026-06-17,2,0,0,2,0,2,0,0,2,0,ok
824668,mlb,2026,2026-06-17,2,1,0,3,2,0,0,1,3,0,ok
824746,mlb,2026,2026-06-17,0,1,0,1,0,0,1,0,1,0,ok
824913,mlb,2026,2026-06-17,1,1,0,2,1,0,1,0,2,0,ok
824992,mlb,2026,2026-06-17,2,0,0,2,0,1,0,1,2,0,ok
825072,mlb,2026,2026-06-17,2,2,0,4,1,1,1,1,4,0,ok
822889,mlb,2026,2026-06-18,2,0,0,2,0,1,1,0,2,0,ok
823125,mlb,2026,2026-06-18,6,3,0,9,4,2,3,0,9,0,ok
823448,mlb,2026,2026-06-18,5,0,0,5,3,0,1,1,5,0,ok
823533,mlb,2026,2026-06-18,3,0,0,3,2,0,1,0,3,0,ok
823772,mlb,2026,2026-06-18,6,0,0,6,2,1,1,2,6,0,ok
824098,mlb,2026,2026-06-18,5,2,0,7,2,0,3,2,7,0,ok
824748,mlb,2026,2026-06-18,4,0,0,4,2,2,0,0,4,0,ok
824989,mlb,2026,2026-06-18,3,1,0,4,1,2,0,1,4,0,ok
822886,mlb,2026,2026-06-19,1,0,0,1,0,1,0,0,1,0,ok
822966,mlb,2026,2026-06-19,2,0,0,2,1,0,0,1,2,0,ok
823124,mlb,2026,2026-06-19,5,0,0,5,4,0,0,1,5,0,ok
823534,mlb,2026,2026-06-19,1,2,0,3,0,1,1,1,3,0,ok
823853,mlb,2026,2026-06-19,3,1,0,4,0,2,2,0,4,0,ok
823936,mlb,2026,2026-06-19,4,0,0,4,0,2,1,1,4,0,ok
824097,mlb,2026,2026-06-19,2,2,0,4,1,1,0,2,4,0,ok
824179,mlb,2026,2026-06-19,7,0,0,7,1,1,3,2,7,0,ok
824264,mlb,2026,2026-06-19,3,0,0,3,1,2,0,0,3,0,ok
824345,mlb,2026,2026-06-19,4,0,0,4,2,1,0,1,4,0,ok
824663,mlb,2026,2026-06-19,5,1,0,6,3,1,1,1,6,0,ok
824910,mlb,2026,2026-06-19,1,2,0,3,0,1,0,2,3,0,ok
824990,mlb,2026,2026-06-19,5,1,0,6,1,2,1,2,6,0,ok
825069,mlb,2026,2026-06-19,3,1,0,4,2,2,0,0,4,0,ok
822885,mlb,2026,2026-06-20,1,2,0,3,0,0,1,2,3,0,ok
822967,mlb,2026,2026-06-20,5,1,0,6,3,0,2,1,6,0,ok
823126,mlb,2026,2026-06-20,3,0,0,3,2,0,0,1,3,0,ok
823447,mlb,2026,2026-06-20,3,0,0,3,2,0,1,0,3,0,ok
823532,mlb,2026,2026-06-20,3,1,0,4,1,0,1,2,4,0,ok
823854,mlb,2026,2026-06-20,1,2,0,3,1,1,1,0,3,0,ok
823937,mlb,2026,2026-06-20,5,2,0,7,4,1,1,1,7,0,ok
824180,mlb,2026,2026-06-20,2,0,0,2,0,1,1,0,2,0,ok
824263,mlb,2026,2026-06-20,4,2,0,6,2,1,2,1,6,0,ok
824342,mlb,2026,2026-06-20,0,0,0,0,0,0,0,0,0,0,ok
824665,mlb,2026,2026-06-20,5,2,0,7,0,1,5,1,7,0,ok
824909,mlb,2026,2026-06-20,2,2,0,4,2,1,0,1,4,0,ok
824988,mlb,2026,2026-06-20,2,1,0,3,0,1,1,1,3,0,ok
825068,mlb,2026,2026-06-20,1,0,0,1,1,0,0,0,1,0,ok
822883,mlb,2026,2026-06-21,1,0,0,1,1,0,0,0,1,0,ok
822968,mlb,2026,2026-06-21,2,1,0,3,2,0,0,1,3,0,ok
823123,mlb,2026,2026-06-21,3,1,0,4,1,0,2,1,4,0,ok
823449,mlb,2026,2026-06-21,2,1,0,3,1,1,0,1,3,0,ok
823531,mlb,2026,2026-06-21,1,1,0,2,1,1,0,0,2,0,ok
823852,mlb,2026,2026-06-21,0,0,0,0,0,0,0,0,0,0,ok
823934,mlb,2026,2026-06-21,2,1,0,3,0,2,0,1,3,0,ok
824095,mlb,2026,2026-06-21,3,1,0,4,0,2,0,2,4,0,ok
824177,mlb,2026,2026-06-21,2,2,0,4,1,0,3,0,4,0,ok
824260,mlb,2026,2026-06-21,3,1,0,4,0,2,1,1,4,0,ok
824343,mlb,2026,2026-06-21,5,1,0,6,0,2,4,0,6,0,ok
824908,mlb,2026,2026-06-21,0,0,0,0,0,0,0,0,0,0,ok
824987,mlb,2026,2026-06-21,5,1,0,6,1,2,2,1,6,0,ok
825067,mlb,2026,2026-06-21,1,0,0,1,0,1,0,0,1,0,ok
822720,mlb,2026,2026-06-22,4,1,0,5,3,0,0,2,5,0,ok
822800,mlb,2026,2026-06-22,7,1,0,8,5,1,0,2,8,0,ok
822964,mlb,2026,2026-06-22,3,1,0,4,1,1,1,1,4,0,ok
823040,mlb,2026,2026-06-22,2,0,0,2,1,0,0,1,2,0,ok
823288,mlb,2026,2026-06-22,3,1,0,4,1,1,1,1,4,0,ok
823692,mlb,2026,2026-06-22,7,2,0,9,1,0,7,1,9,0,ok
823851,mlb,2026,2026-06-22,1,2,0,3,1,1,0,1,3,0,ok
824016,mlb,2026,2026-06-22,3,1,0,4,0,2,1,1,4,0,ok
824261,mlb,2026,2026-06-22,5,1,0,6,2,2,2,0,6,0,ok
824344,mlb,2026,2026-06-22,3,1,0,4,0,1,2,1,4,0,ok
824502,mlb,2026,2026-06-22,5,2,0,7,0,2,5,0,7,0,ok
824585,mlb,2026,2026-06-22,7,0,0,7,2,2,1,2,7,0,ok
822718,mlb,2026,2026-06-23,6,0,0,6,3,1,1,1,6,0,ok
822799,mlb,2026,2026-06-23,4,1,0,5,1,2,1,1,5,0,ok
822963,mlb,2026,2026-06-23,4,0,0,4,1,1,1,1,4,0,ok
823043,mlb,2026,2026-06-23,4,0,0,4,1,1,0,2,4,0,ok
823210,mlb,2026,2026-06-23,2,1,0,3,0,1,1,1,3,0,ok
823286,mlb,2026,2026-06-23,2,1,0,3,0,2,1,0,3,0,ok
823365,mlb,2026,2026-06-23,4,2,0,6,1,1,3,1,6,0,ok
823614,mlb,2026,2026-06-23,4,2,0,6,0,1,4,1,6,0,ok
823690,mlb,2026,2026-06-23,4,1,0,5,1,2,0,2,5,0,ok
823849,mlb,2026,2026-06-23,2,3,0,5,2,2,0,1,5,0,ok
824017,mlb,2026,2026-06-23,2,2,0,4,0,2,1,1,4,0,ok
824262,mlb,2026,2026-06-23,3,1,0,4,1,0,2,1,4,0,ok
824340,mlb,2026,2026-06-23,3,2,0,5,0,2,2,1,5,0,ok
824501,mlb,2026,2026-06-23,3,2,0,5,1,2,0,2,5,0,ok
824584,mlb,2026,2026-06-23,3,0,0,3,1,1,0,1,3,0,ok
822719,mlb,2026,2026-06-24,5,0,0,5,1,2,0,2,5,0,ok
822798,mlb,2026,2026-06-24,3,2,0,5,1,1,1,2,5,0,ok
822965,mlb,2026,2026-06-24,4,3,0,7,2,1,3,1,7,0,ok
823041,mlb,2026,2026-06-24,2,0,0,2,0,1,1,0,2,0,ok
823208,mlb,2026,2026-06-24,5,1,0,6,2,0,3,1,6,0,ok
823284,mlb,2026,2026-06-24,0,0,0,0,0,0,0,0,0,0,ok
823367,mlb,2026,2026-06-24,2,2,0,4,3,0,1,0,4,0,ok
823611,mlb,2026,2026-06-24,1,1,0,2,0,0,1,1,2,0,ok
823613,mlb,2026,2026-06-24,4,0,0,4,1,1,0,2,4,0,ok
823691,mlb,2026,2026-06-24,5,2,0,7,2,1,2,2,7,0,ok
823850,mlb,2026,2026-06-24,0,2,0,2,0,0,1,1,2,0,ok
824018,mlb,2026,2026-06-24,4,2,0,6,2,0,3,1,6,0,ok
824259,mlb,2026,2026-06-24,1,1,0,2,0,0,0,2,2,0,ok
824341,mlb,2026,2026-06-24,4,1,0,5,2,1,0,2,5,0,ok
824500,mlb,2026,2026-06-24,1,2,0,3,0,1,1,1,3,0,ok
824583,mlb,2026,2026-06-24,3,1,0,4,0,2,1,1,4,0,ok
822717,mlb,2026,2026-06-25,3,0,1,4,1,1,1,1,4,0,ok
822797,mlb,2026,2026-06-25,3,1,0,4,1,1,2,0,4,0,ok
822961,mlb,2026,2026-06-25,0,3,0,3,0,1,1,1,3,0,ok
823209,mlb,2026,2026-06-25,3,2,0,5,3,1,1,0,5,0,ok
823366,mlb,2026,2026-06-25,2,1,0,3,0,1,0,2,3,0,ok
823612,mlb,2026,2026-06-25,6,0,0,6,0,2,2,2,6,0,ok
824258,mlb,2026,2026-06-25,3,2,0,5,0,1,2,2,5,0,ok
824747,mlb,2026,2026-06-25,3,0,0,3,1,0,0,2,3,0,ok
822796,mlb,2026,2026-06-26,3,2,0,5,1,2,0,2,5,0,ok
822962,mlb,2026,2026-06-26,1,1,0,2,0,1,0,1,2,0,ok
823039,mlb,2026,2026-06-26,3,2,0,5,3,1,0,1,5,0,ok
823206,mlb,2026,2026-06-26,2,0,0,2,1,0,1,0,2,0,ok
823285,mlb,2026,2026-06-26,3,1,0,4,2,1,0,1,4,0,ok
823363,mlb,2026,2026-06-26,4,1,0,5,2,0,1,2,5,0,ok
823610,mlb,2026,2026-06-26,2,2,0,4,0,0,2,2,4,0,ok
823688,mlb,2026,2026-06-26,2,3,0,5,0,1,2,2,5,0,ok
823773,mlb,2026,2026-06-26,2,0,0,2,0,0,0,2,2,0,ok
824014,mlb,2026,2026-06-26,2,1,0,3,1,0,1,1,3,0,ok
824255,mlb,2026,2026-06-26,5,0,0,5,2,1,2,0,5,0,ok
824423,mlb,2026,2026-06-26,5,0,0,5,2,1,0,2,5,0,ok
824582,mlb,2026,2026-06-26,3,0,0,3,0,1,0,2,3,0,ok
824743,mlb,2026,2026-06-26,3,0,0,3,1,1,1,0,3,0,ok
824824,mlb,2026,2026-06-26,5,1,0,6,3,0,1,2,6,0,ok
822794,mlb,2026,2026-06-27,7,0,0,7,3,0,3,1,7,0,ok
822960,mlb,2026,2026-06-27,2,0,0,2,1,1,0,0,2,0,ok
823038,mlb,2026,2026-06-27,2,1,0,3,1,1,1,0,3,0,ok
823207,mlb,2026,2026-06-27,0,0,0,0,0,0,0,0,0,0,ok
823283,mlb,2026,2026-06-27,2,0,0,2,0,1,0,1,2,0,ok
823364,mlb,2026,2026-06-27,3,2,0,5,3,1,0,1,5,0,ok
823609,mlb,2026,2026-06-27,7,0,0,7,1,1,4,1,7,0,ok
823689,mlb,2026,2026-06-27,4,1,0,5,0,2,1,2,5,0,ok
823770,mlb,2026,2026-06-27,3,0,0,3,1,0,0,2,3,0,ok
824015,mlb,2026,2026-06-27,2,1,0,3,2,0,1,0,3,0,ok
824257,mlb,2026,2026-06-27,2,1,0,3,0,1,0,2,3,0,ok
824421,mlb,2026,2026-06-27,3,1,0,4,0,1,3,0,4,0,ok
824581,mlb,2026,2026-06-27,3,0,0,3,1,1,0,1,3,0,ok
824745,mlb,2026,2026-06-27,2,1,0,3,0,1,1,1,3,0,ok
824825,mlb,2026,2026-06-27,6,1,0,7,2,2,3,0,7,0,ok
822795,mlb,2026,2026-06-28,5,0,0,5,0,1,4,0,5,0,ok
822959,mlb,2026,2026-06-28,6,1,0,7,3,2,2,0,7,0,ok
823037,mlb,2026,2026-06-28,2,1,0,3,0,1,1,1,3,0,ok
823204,mlb,2026,2026-06-28,2,0,0,2,1,0,0,1,2,0,ok
823281,mlb,2026,2026-06-28,3,1,0,4,0,2,2,0,4,0,ok
823362,mlb,2026,2026-06-28,3,1,0,4,0,1,1,2,4,0,ok
823608,mlb,2026,2026-06-28,5,0,0,5,1,0,2,2,5,0,ok
823686,mlb,2026,2026-06-28,2,1,0,3,1,1,1,0,3,0,ok
823769,mlb,2026,2026-06-28,4,1,0,5,0,1,2,2,5,0,ok
824011,mlb,2026,2026-06-28,2,0,0,2,1,1,0,0,2,0,ok
824256,mlb,2026,2026-06-28,2,4,0,6,1,3,2,0,6,0,ok
824422,mlb,2026,2026-06-28,4,3,0,7,4,1,0,2,7,0,ok
824580,mlb,2026,2026-06-28,3,2,0,5,2,1,0,2,5,0,ok
824744,mlb,2026,2026-06-28,4,1,0,5,0,2,1,2,5,0,ok
824821,mlb,2026,2026-06-28,4,0,0,4,1,1,0,2,4,0,ok
822792,mlb,2026,2026-06-29,3,1,0,4,1,2,0,1,4,0,ok
823121,mlb,2026,2026-06-29,3,2,0,5,2,1,0,2,5,0,ok
823444,mlb,2026,2026-06-29,4,2,0,6,2,0,2,2,6,0,ok
823529,mlb,2026,2026-06-29,5,2,0,7,3,0,3,1,7,0,ok
823771,mlb,2026,2026-06-29,5,0,0,5,2,1,0,2,5,0,ok
824176,mlb,2026,2026-06-29,1,0,0,1,0,0,1,0,1,0,ok
824339,mlb,2026,2026-06-29,6,0,0,6,0,1,5,0,6,0,ok
824420,mlb,2026,2026-06-29,3,0,0,3,2,0,1,0,3,0,ok
824662,mlb,2026,2026-06-29,5,2,0,7,1,2,2,2,7,0,ok
824741,mlb,2026,2026-06-29,2,3,0,5,0,2,2,1,5,0,ok
824822,mlb,2026,2026-06-29,5,4,0,9,6,1,1,1,9,0,ok
824986,mlb,2026,2026-06-29,3,1,0,4,2,0,1,1,4,0,ok
825065,mlb,2026,2026-06-29,3,0,0,3,1,0,2,0,3,0,ok
822793,mlb,2026,2026-06-30,3,2,0,5,0,1,4,0,5,0,ok
823122,mlb,2026,2026-06-30,2,3,0,5,2,1,1,1,5,0,ok
823445,mlb,2026,2026-06-30,1,1,0,2,0,1,0,1,2,0,ok
823528,mlb,2026,2026-06-30,6,1,0,7,2,1,3,1,7,0,ok
823768,mlb,2026,2026-06-30,2,2,0,4,2,0,1,1,4,0,ok
824096,mlb,2026,2026-06-30,7,1,0,8,3,2,3,0,8,0,ok
824175,mlb,2026,2026-06-30,5,3,0,8,1,1,5,1,8,0,ok
824338,mlb,2026,2026-06-30,2,4,0,6,1,1,3,1,6,0,ok
824418,mlb,2026,2026-06-30,2,0,0,2,1,0,0,1,2,0,ok
824661,mlb,2026,2026-06-30,3,0,0,3,0,2,0,1,3,0,ok
824742,mlb,2026,2026-06-30,4,1,0,5,2,1,0,2,5,0,ok
824819,mlb,2026,2026-06-30,4,1,0,5,2,1,0,2,5,0,ok
824907,mlb,2026,2026-06-30,4,1,0,5,3,2,0,0,5,0,ok
824984,mlb,2026,2026-06-30,0,3,0,3,1,0,1,1,3,0,ok
825066,mlb,2026,2026-06-30,3,2,0,5,1,0,2,2,5,0,ok
822791,mlb,2026,2026-07-01,1,0,0,1,0,0,0,1,1,0,ok
823446,mlb,2026,2026-07-01,6,0,0,6,0,2,3,1,6,0,ok
823530,mlb,2026,2026-07-01,4,2,0,6,1,1,3,1,6,0,ok
823767,mlb,2026,2026-07-01,5,0,0,5,1,2,1,1,5,0,ok
824094,mlb,2026,2026-07-01,0,0,0,0,0,0,0,0,0,0,ok
824174,mlb,2026,2026-07-01,6,2,0,8,3,2,1,2,8,0,ok
824337,mlb,2026,2026-07-01,2,1,0,3,0,1,1,1,3,0,ok
824419,mlb,2026,2026-07-01,4,1,0,5,1,2,0,2,5,0,ok
824660,mlb,2026,2026-07-01,1,0,0,1,0,1,0,0,1,0,ok
824740,mlb,2026,2026-07-01,5,1,0,6,2,2,1,1,6,0,ok
824818,mlb,2026,2026-07-01,2,2,0,4,0,2,2,0,4,0,ok
824905,mlb,2026,2026-07-01,1,0,0,1,0,1,0,0,1,0,ok
824985,mlb,2026,2026-07-01,2,1,0,3,1,0,1,1,3,0,ok
825064,mlb,2026,2026-07-01,0,1,0,1,0,1,0,0,1,0,ok
822884,mlb,2026,2026-07-02,2,0,0,2,2,0,0,0,2,0,ok
823119,mlb,2026,2026-07-02,1,2,0,3,0,2,1,0,3,0,ok
823442,mlb,2026,2026-07-02,6,0,0,6,0,1,3,2,6,0,ok
823765,mlb,2026,2026-07-02,4,1,0,5,2,1,1,1,5,0,ok
823935,mlb,2026,2026-07-02,3,0,0,3,1,1,0,1,3,0,ok
824093,mlb,2026,2026-07-02,0,0,0,0,0,0,0,0,0,0,ok
824335,mlb,2026,2026-07-02,2,1,0,3,0,2,0,1,3,0,ok
824416,mlb,2026,2026-07-02,2,0,0,2,0,1,0,1,2,0,ok
824906,mlb,2026,2026-07-02,4,0,0,4,0,1,2,1,4,0,ok
822714,mlb,2026,2026-07-03,3,0,0,3,0,0,3,0,3,0,ok
823120,mlb,2026,2026-07-03,1,2,0,3,1,0,0,2,3,0,ok
823527,mlb,2026,2026-07-03,5,1,0,6,1,1,2,2,6,0,ok
823933,mlb,2026,2026-07-03,3,0,0,3,1,1,0,1,3,0,ok
824013,mlb,2026,2026-07-03,4,0,0,4,0,1,2,1,4,0,ok
824173,mlb,2026,2026-07-03,5,1,0,6,3,1,2,0,6,0,ok
824336,mlb,2026,2026-07-03,6,1,0,7,2,2,2,1,7,0,ok
824417,mlb,2026,2026-07-03,4,2,0,6,2,2,1,1,6,0,ok
824498,mlb,2026,2026-07-03,5,2,0,7,1,1,5,0,7,0,ok
824659,mlb,2026,2026-07-03,6,0,0,6,5,0,1,0,6,0,ok
824904,mlb,2026,2026-07-03,3,1,0,4,2,1,0,1,4,0,ok
824982,mlb,2026,2026-07-03,2,1,0,3,2,0,1,0,3,0,ok
825062,mlb,2026,2026-07-03,6,1,0,7,2,1,2,2,7,0,ok
822716,mlb,2026,2026-07-04,4,1,0,5,3,1,0,1,5,0,ok
822882,mlb,2026,2026-07-04,2,0,0,2,0,1,1,0,2,0,ok
823118,mlb,2026,2026-07-04,2,0,0,2,1,1,0,0,2,0,ok
823526,mlb,2026,2026-07-04,8,3,0,11,3,2,4,2,11,0,ok
823932,mlb,2026,2026-07-04,3,0,0,3,0,2,0,1,3,0,ok
824012,mlb,2026,2026-07-04,2,2,0,4,2,1,0,1,4,0,ok
824092,mlb,2026,2026-07-04,3,0,0,3,2,1,0,0,3,0,ok
824171,mlb,2026,2026-07-04,6,0,0,6,2,1,1,2,6,0,ok
824334,mlb,2026,2026-07-04,4,2,0,6,0,2,3,1,6,0,ok
824415,mlb,2026,2026-07-04,2,2,0,4,1,2,0,1,4,0,ok
824499,mlb,2026,2026-07-04,2,1,0,3,1,1,1,0,3,0,ok
824658,mlb,2026,2026-07-04,2,1,0,3,1,1,0,1,3,0,ok
824903,mlb,2026,2026-07-04,2,2,0,4,0,2,0,2,4,0,ok
824983,mlb,2026,2026-07-04,4,0,0,4,1,1,1,1,4,0,ok
825063,mlb,2026,2026-07-04,1,1,0,2,1,0,0,1,2,0,ok
822715,mlb,2026,2026-07-05,3,1,0,4,1,2,0,1,4,0,ok
822879,mlb,2026,2026-07-05,8,0,0,8,2,1,4,1,8,0,ok
823117,mlb,2026,2026-07-05,3,2,0,5,3,0,0,2,5,0,ok
823525,mlb,2026,2026-07-05,5,1,0,6,3,1,1,1,6,0,ok
823931,mlb,2026,2026-07-05,4,2,0,6,1,2,1,2,6,0,ok
824010,mlb,2026,2026-07-05,2,0,0,2,0,0,0,2,2,0,ok
824091,mlb,2026,2026-07-05,4,1,0,5,1,1,3,0,5,0,ok
824172,mlb,2026,2026-07-05,6,0,0,6,3,0,2,1,6,0,ok
824333,mlb,2026,2026-07-05,2,2,0,4,0,1,2,1,4,0,ok
824413,mlb,2026,2026-07-05,4,1,0,5,2,1,0,2,5,0,ok
824497,mlb,2026,2026-07-05,5,2,0,7,5,1,0,1,7,0,ok
824656,mlb,2026,2026-07-05,2,1,0,3,1,1,0,1,3,0,ok
824902,mlb,2026,2026-07-05,4,3,0,7,1,1,3,2,7,0,ok
824980,mlb,2026,2026-07-05,5,2,0,7,3,1,2,1,7,0,ok
825061,mlb,2026,2026-07-05,4,1,0,5,2,2,1,0,5,0,ok
822712,mlb,2026,2026-07-06,6,2,0,8,4,1,2,1,8,0,ok
822958,mlb,2026,2026-07-06,2,0,0,2,0,1,0,1,2,0,ok
823036,mlb,2026,2026-07-06,2,2,0,4,1,2,0,1,4,0,ok
823205,mlb,2026,2026-07-06,2,2,0,4,0,2,0,2,4,0,ok
823282,mlb,2026,2026-07-06,3,1,0,4,1,1,0,2,4,0,ok
823930,mlb,2026,2026-07-06,4,3,0,7,4,0,1,2,7,0,ok
824089,mlb,2026,2026-07-06,3,2,0,5,2,1,0,2,5,0,ok
824900,mlb,2026,2026-07-06,9,2,0,11,5,2,2,2,11,0,ok
822713,mlb,2026,2026-07-07,2,0,0,2,1,1,0,0,2,0,ok
822881,mlb,2026,2026-07-07,2,3,0,5,2,1,1,1,5,0,ok
822956,mlb,2026,2026-07-07,2,0,0,2,0,1,0,1,2,0,ok
823035,mlb,2026,2026-07-07,1,0,0,1,0,0,1,0,1,0,ok
823062,mlb,2026,2026-07-07,0,3,0,3,0,1,0,2,3,0,ok
823203,mlb,2026,2026-07-07,1,1,0,2,0,0,0,2,2,0,ok
823280,mlb,2026,2026-07-07,3,2,0,5,3,0,1,1,5,0,ok
823361,mlb,2026,2026-07-07,5,0,0,5,1,2,1,1,5,0,ok
823607,mlb,2026,2026-07-07,3,1,0,4,1,1,1,1,4,0,ok
823687,mlb,2026,2026-07-07,2,2,0,4,2,1,1,0,4,0,ok
823847,mlb,2026,2026-07-07,3,3,0,6,2,2,2,0,6,0,ok
823929,mlb,2026,2026-07-07,5,1,0,6,4,1,1,0,6,0,ok
824254,mlb,2026,2026-07-07,4,3,0,7,3,1,2,1,7,0,ok
824495,mlb,2026,2026-07-07,7,3,0,10,1,1,7,1,10,0,ok
824579,mlb,2026,2026-07-07,7,1,0,8,3,1,3,1,8,0,ok
824820,mlb,2026,2026-07-07,2,1,0,3,1,0,1,1,3,0,ok
822710,mlb,2026,2026-07-08,2,1,0,3,0,1,1,1,3,0,ok
822880,mlb,2026,2026-07-08,3,2,0,5,2,1,1,1,5,0,ok
822957,mlb,2026,2026-07-08,2,1,0,3,1,2,0,0,3,0,ok
823032,mlb,2026,2026-07-08,4,0,0,4,1,1,1,1,4,0,ok
823202,mlb,2026,2026-07-08,1,2,0,3,0,2,1,0,3,0,ok
823279,mlb,2026,2026-07-08,5,0,0,5,1,1,1,2,5,0,ok
823360,mlb,2026,2026-07-08,1,2,0,3,0,2,1,0,3,0,ok
823605,mlb,2026,2026-07-08,2,1,0,3,0,0,1,2,3,0,ok
823684,mlb,2026,2026-07-08,5,4,0,9,1,2,4,2,9,0,ok
823848,mlb,2026,2026-07-08,2,1,0,3,1,0,2,0,3,0,ok
823928,mlb,2026,2026-07-08,4,0,0,4,1,1,0,2,4,0,ok
824253,mlb,2026,2026-07-08,5,1,0,6,2,2,1,1,6,0,ok
824496,mlb,2026,2026-07-08,4,0,0,4,1,1,1,1,4,0,ok
824578,mlb,2026,2026-07-08,3,0,0,3,1,1,1,0,3,0,ok
824815,mlb,2026,2026-07-08,5,0,0,5,2,0,3,0,5,0,ok
822877,mlb,2026,2026-07-09,2,2,0,4,1,1,1,1,4,0,ok
822954,mlb,2026,2026-07-09,4,0,0,4,2,1,0,1,4,0,ok
823034,mlb,2026,2026-07-09,2,2,0,4,1,1,1,1,4,0,ok
823201,mlb,2026,2026-07-09,0,2,0,2,0,2,0,0,2,0,ok
823277,mlb,2026,2026-07-09,2,0,0,2,0,0,0,2,2,0,ok
823359,mlb,2026,2026-07-09,4,1,0,5,0,2,1,2,5,0,ok
823606,mlb,2026,2026-07-09,2,0,0,2,0,0,0,2,2,0,ok
823683,mlb,2026,2026-07-09,5,1,0,6,2,0,2,2,6,0,ok
823846,mlb,2026,2026-07-09,2,0,0,2,0,0,0,2,2,0,ok
824251,mlb,2026,2026-07-09,2,0,0,2,1,1,0,0,2,0,ok
824494,mlb,2026,2026-07-09,3,0,0,3,0,1,2,0,3,0,ok
824577,mlb,2026,2026-07-09,3,1,0,4,1,0,2,1,4,0,ok
824816,mlb,2026,2026-07-09,4,0,0,4,0,2,1,1,4,0,ok
822709,mlb,2026,2026-07-10,5,0,0,5,2,1,1,1,5,0,ok
822878,mlb,2026,2026-07-10,2,1,0,3,1,1,0,1,3,0,ok
822955,mlb,2026,2026-07-10,1,0,0,1,0,0,1,0,1,0,ok
823033,mlb,2026,2026-07-10,4,0,0,4,1,0,2,1,4,0,ok
823200,mlb,2026,2026-07-10,7,0,0,7,3,2,0,2,7,0,ok
823278,mlb,2026,2026-07-10,3,0,0,3,1,1,1,0,3,0,ok
823604,mlb,2026,2026-07-10,4,2,0,6,3,1,1,1,6,0,ok
823685,mlb,2026,2026-07-10,2,3,0,5,0,2,2,1,5,0,ok
823845,mlb,2026,2026-07-10,4,1,0,5,0,2,2,1,5,0,ok
823927,mlb,2026,2026-07-10,2,2,0,4,3,0,0,1,4,0,ok
824252,mlb,2026,2026-07-10,5,1,0,6,1,2,2,1,6,0,ok
824493,mlb,2026,2026-07-10,8,1,0,9,2,2,3,2,9,0,ok
824575,mlb,2026,2026-07-10,1,3,0,4,2,0,0,2,4,0,ok
824817,mlb,2026,2026-07-10,1,0,0,1,0,0,0,1,1,0,ok
822711,mlb,2026,2026-07-11,5,0,0,5,1,2,0,2,5,0,ok
822875,mlb,2026,2026-07-11,4,2,0,6,1,2,1,2,6,0,ok
822953,mlb,2026,2026-07-11,1,1,0,2,1,0,0,1,2,0,ok
823030,mlb,2026,2026-07-11,6,0,0,6,3,1,2,0,6,0,ok
823198,mlb,2026,2026-07-11,4,1,0,5,2,2,0,1,5,0,ok
823276,mlb,2026,2026-07-11,4,1,0,5,0,1,3,1,5,0,ok
823356,mlb,2026,2026-07-11,5,1,0,6,1,1,2,2,6,0,ok
823357,mlb,2026,2026-07-11,3,2,0,5,1,2,0,2,5,0,ok
823603,mlb,2026,2026-07-11,6,3,0,9,3,2,2,2,9,0,ok
823682,mlb,2026,2026-07-11,5,1,0,6,4,0,2,0,6,0,ok
823844,mlb,2026,2026-07-11,2,2,0,4,1,1,1,1,4,0,ok
823926,mlb,2026,2026-07-11,1,1,0,2,0,1,1,0,2,0,ok
824249,mlb,2026,2026-07-11,2,1,0,3,1,0,1,1,3,0,ok
824492,mlb,2026,2026-07-11,2,2,0,4,1,1,2,0,4,0,ok
824576,mlb,2026,2026-07-11,3,1,0,4,1,1,0,2,4,0,ok
824813,mlb,2026,2026-07-11,3,1,0,4,0,1,2,1,4,0,ok
822708,mlb,2026,2026-07-12,3,2,0,5,2,2,1,0,5,0,ok
822876,mlb,2026,2026-07-12,4,0,0,4,1,1,1,1,4,0,ok
822951,mlb,2026,2026-07-12,3,1,0,4,1,0,1,2,4,0,ok
823029,mlb,2026,2026-07-12,2,2,0,4,2,1,0,1,4,0,ok
823199,mlb,2026,2026-07-12,5,0,0,5,4,0,0,1,5,0,ok
823274,mlb,2026,2026-07-12,5,1,0,6,3,1,1,1,6,0,ok
823358,mlb,2026,2026-07-12,3,2,0,5,1,2,1,1,5,0,ok
823602,mlb,2026,2026-07-12,3,2,0,5,3,1,0,1,5,0,ok
823681,mlb,2026,2026-07-12,3,1,0,4,0,2,1,1,4,0,ok
823842,mlb,2026,2026-07-12,4,2,0,6,2,1,1,2,6,0,ok
823925,mlb,2026,2026-07-12,3,0,0,3,3,0,0,0,3,0,ok
824250,mlb,2026,2026-07-12,1,1,0,2,0,1,0,1,2,0,ok
824491,mlb,2026,2026-07-12,3,1,0,4,1,0,1,2,4,0,ok
824574,mlb,2026,2026-07-12,2,0,0,2,0,0,0,2,2,0,ok
824814,mlb,2026,2026-07-12,3,0,0,3,0,1,0,2,3,0,ok
823440,mlb,2026,2026-07-16,3,1,0,4,1,2,0,1,4,0,ok
822789,mlb,2026,2026-07-17,6,1,0,7,2,2,2,1,7,0,ok
823115,mlb,2026,2026-07-17,4,1,0,5,0,2,2,1,5,0,ok
823524,mlb,2026,2026-07-17,3,1,0,4,1,0,1,2,4,0,ok
823766,mlb,2026,2026-07-17,3,2,0,5,2,2,1,0,5,0,ok
824009,mlb,2026,2026-07-17,2,1,0,3,1,0,0,2,3,0,ok
824090,mlb,2026,2026-07-17,3,2,0,5,1,2,1,1,5,0,ok
824170,mlb,2026,2026-07-17,3,1,0,4,0,2,0,2,4,0,ok
824332,mlb,2026,2026-07-17,2,1,0,3,2,1,0,0,3,0,ok
824655,mlb,2026,2026-07-17,6,1,0,7,4,1,1,1,7,0,ok
824737,mlb,2026,2026-07-17,0,2,0,2,0,1,0,1,2,0,ok
824766,mlb,2026,2026-07-17,2,0,0,2,0,1,0,1,2,0,ok
824901,mlb,2026,2026-07-17,0,2,0,2,1,0,0,1,2,0,ok
824981,mlb,2026,2026-07-17,2,4,0,6,1,1,2,2,6,0,ok
825060,mlb,2026,2026-07-17,4,2,0,6,1,1,4,0,6,0,ok
822790,mlb,2026,2026-07-18,3,1,0,4,0,2,2,0,4,0,ok
823116,mlb,2026,2026-07-18,2,2,0,4,1,1,1,1,4,0,ok
823441,mlb,2026,2026-07-18,4,2,0,6,2,2,0,2,6,0,ok
823763,mlb,2026,2026-07-18,4,4,0,8,2,1,3,2,8,0,ok
824008,mlb,2026,2026-07-18,5,1,0,6,1,2,3,0,6,0,ok
824088,mlb,2026,2026-07-18,3,0,0,3,0,1,2,0,3,0,ok
824169,mlb,2026,2026-07-18,7,0,0,7,2,1,3,1,7,0,ok
824331,mlb,2026,2026-07-18,3,0,0,3,1,0,0,2,3,0,ok
824412,mlb,2026,2026-07-18,4,1,0,5,2,2,0,1,5,0,ok
824414,mlb,2026,2026-07-18,6,1,0,7,4,1,1,1,7,0,ok
824657,mlb,2026,2026-07-18,2,2,0,4,1,1,2,0,4,0,ok
824738,mlb,2026,2026-07-18,2,2,0,4,1,0,1,2,4,0,ok
824899,mlb,2026,2026-07-18,0,1,0,1,1,0,0,0,1,0,ok
824979,mlb,2026,2026-07-18,1,2,0,3,1,0,0,2,3,0,ok
825059,mlb,2026,2026-07-18,1,1,0,2,0,1,0,1,2,0,ok
822786,mlb,2026,2026-07-19,5,2,0,7,2,2,3,0,7,0,ok
823113,mlb,2026,2026-07-19,3,1,0,4,2,0,1,1,4,0,ok
823439,mlb,2026,2026-07-19,8,0,0,8,3,2,3,0,8,0,ok
823521,mlb,2026,2026-07-19,7,1,0,8,2,1,5,0,8,0,ok
823523,mlb,2026,2026-07-19,3,2,0,5,2,0,1,2,5,0,ok
823764,mlb,2026,2026-07-19,3,1,0,4,0,1,2,1,4,0,ok
824007,mlb,2026,2026-07-19,5,0,0,5,0,0,5,0,5,0,ok
824086,mlb,2026,2026-07-19,3,0,0,3,0,2,0,1,3,0,ok
824168,mlb,2026,2026-07-19,4,1,0,5,0,0,3,2,5,0,ok
824330,mlb,2026,2026-07-19,7,3,0,10,4,1,3,2,10,0,ok
824411,mlb,2026,2026-07-19,5,1,0,6,2,1,2,1,6,0,ok
824653,mlb,2026,2026-07-19,4,3,0,7,4,2,0,1,7,0,ok
824739,mlb,2026,2026-07-19,2,2,0,4,0,2,2,0,4,0,ok
824897,mlb,2026,2026-07-19,2,0,0,2,1,1,0,0,2,0,ok
824978,mlb,2026,2026-07-19,2,4,0,6,1,1,2,2,6,0,ok
825057,mlb,2026,2026-07-19,4,1,0,5,0,2,3,0,5,0,ok
822788,mlb,2026,2026-07-20,0,0,0,0,0,0,0,0,0,0,ok
822874,mlb,2026,2026-07-20,3,0,0,3,0,1,0,2,3,0,ok
823112,mlb,2026,2026-07-20,4,0,0,4,0,1,1,2,4,0,ok
823436,mlb,2026,2026-07-20,3,2,0,5,2,0,2,1,5,0,ok
823522,mlb,2026,2026-07-20,6,1,0,7,2,1,2,2,7,0,ok
823762,mlb,2026,2026-07-20,4,0,0,4,3,0,0,1,4,0,ok
824006,mlb,2026,2026-07-20,7,1,0,8,1,2,4,1,8,0,ok
824087,mlb,2026,2026-07-20,7,1,0,8,3,1,2,2,8,0,ok
824167,mlb,2026,2026-07-20,3,2,0,5,0,2,2,1,5,0,ok
824328,mlb,2026,2026-07-20,3,0,0,3,1,0,1,1,3,0,ok
824410,mlb,2026,2026-07-20,4,1,0,5,0,2,1,2,5,0,ok
824654,mlb,2026,2026-07-20,5,1,0,6,1,2,1,2,6,0,ok
824736,mlb,2026,2026-07-20,2,2,0,4,1,1,1,1,4,0,ok
824898,mlb,2026,2026-07-20,2,2,0,4,0,0,2,2,4,0,ok
825058,mlb,2026,2026-07-20,2,2,0,4,2,0,1,1,4,0,ok
822787,mlb,2026,2026-07-21,3,1,0,4,1,1,1,1,4,0,ok
822871,mlb,2026,2026-07-21,3,0,0,3,0,2,1,0,3,0,ok
823114,mlb,2026,2026-07-21,2,1,0,3,0,2,0,1,3,0,ok
823437,mlb,2026,2026-07-21,3,0,0,3,1,1,1,0,3,0,ok
823760,mlb,2026,2026-07-21,2,0,0,2,0,0,0,2,2,0,ok
824005,mlb,2026,2026-07-21,1,3,0,4,0,2,0,2,4,0,ok
824085,mlb,2026,2026-07-21,4,1,0,5,2,0,2,1,5,0,ok
824165,mlb,2026,2026-07-21,6,0,0,6,2,0,2,2,6,0,ok
824329,mlb,2026,2026-07-21,4,0,0,4,2,0,1,1,4,0,ok
824409,mlb,2026,2026-07-21,2,3,0,5,0,2,2,1,5,0,ok
824652,mlb,2026,2026-07-21,0,1,0,1,0,0,1,0,1,0,ok
824895,mlb,2026,2026-07-21,4,0,0,4,2,2,0,0,4,0,ok
825056,mlb,2026,2026-07-21,3,2,0,5,1,2,0,2,5,0,ok
822784,mlb,2026,2026-07-22,0,3,0,3,1,0,1,1,3,0,ok
822873,mlb,2026,2026-07-22,6,2,0,8,1,1,4,2,8,0,ok
823110,mlb,2026,2026-07-22,6,1,0,7,2,1,3,1,7,0,ok
823438,mlb,2026,2026-07-22,2,2,0,4,1,2,1,0,4,0,ok
823518,mlb,2026,2026-07-22,3,3,0,6,1,1,1,3,6,0,ok
823519,mlb,2026,2026-07-22,3,2,0,5,1,2,1,1,5,0,ok
823761,mlb,2026,2026-07-22,6,1,0,7,2,2,3,0,7,0,ok
824004,mlb,2026,2026-07-22,3,1,0,4,1,1,1,1,4,0,ok
824083,mlb,2026,2026-07-22,4,0,0,4,1,0,1,2,4,0,ok
824166,mlb,2026,2026-07-22,4,1,0,5,0,2,2,1,5,0,ok
824327,mlb,2026,2026-07-22,9,2,0,11,4,2,3,2,11,0,ok
824408,mlb,2026,2026-07-22,2,2,0,4,0,2,1,1,4,0,ok
824650,mlb,2026,2026-07-22,2,1,0,3,1,1,0,1,3,0,ok
824732,mlb,2026,2026-07-22,1,2,0,3,1,0,1,1,3,0,ok
824735,mlb,2026,2026-07-22,4,1,0,5,1,1,1,2,5,0,ok
824896,mlb,2026,2026-07-22,3,1,0,4,2,0,0,2,4,0,ok
825055,mlb,2026,2026-07-22,4,0,0,4,1,1,1,1,4,0,ok
822785,mlb,2026,2026-07-23,5,0,0,5,1,1,3,0,5,0,ok
823042,mlb,2026,2026-07-23,4,0,0,4,1,1,1,1,4,0,ok
824247,mlb,2026,2026-07-23,6,0,0,6,1,1,2,2,6,0,ok
824406,mlb,2026,2026-07-23,3,3,0,6,2,0,3,1,6,0,ok
824893,mlb,2026,2026-07-23,2,0,0,2,1,1,0,0,2,0,ok
822707,mlb,2026,2026-07-24,1,2,0,3,0,0,3,0,3,0,ok
822872,mlb,2026,2026-07-24,3,0,0,3,1,1,1,0,3,0,ok
822952,mlb,2026,2026-07-24,4,1,0,5,0,2,2,1,5,0,ok
823031,mlb,2026,2026-07-24,2,0,0,2,0,1,0,1,2,0,ok
823196,mlb,2026,2026-07-24,4,2,0,6,2,2,0,2,6,0,ok
823352,mlb,2026,2026-07-24,1,3,0,4,0,2,1,1,4,0,ok
823434,mlb,2026,2026-07-24,3,1,0,4,1,0,2,1,4,0,ok
823601,mlb,2026,2026-07-24,4,1,0,5,2,0,3,0,5,0,ok
823680,mlb,2026,2026-07-24,3,1,0,4,1,1,0,2,4,0,ok
823759,mlb,2026,2026-07-24,1,0,0,1,0,0,1,0,1,0,ok
823843,mlb,2026,2026-07-24,4,2,0,6,1,1,2,2,6,0,ok
824248,mlb,2026,2026-07-24,1,2,0,3,1,1,1,0,3,0,ok
824573,mlb,2026,2026-07-24,3,2,0,5,1,2,0,2,5,0,ok
824733,mlb,2026,2026-07-24,5,2,0,7,3,1,1,2,7,0,ok
824812,mlb,2026,2026-07-24,7,4,0,11,3,2,5,1,11,0,ok
822704,mlb,2026,2026-07-25,7,0,0,7,2,0,4,1,7,0,ok
822869,mlb,2026,2026-07-25,4,0,0,4,1,1,2,0,4,0,ok
822948,mlb,2026,2026-07-25,1,0,0,1,1,0,0,0,1,0,ok
823027,mlb,2026,2026-07-25,2,1,0,3,0,1,1,1,3,0,ok
823197,mlb,2026,2026-07-25,3,3,0,6,3,1,0,2,6,0,ok
823355,mlb,2026,2026-07-25,4,1,0,5,2,0,3,0,5,0,ok
823435,mlb,2026,2026-07-25,5,1,0,6,2,2,1,1,6,0,ok
823600,mlb,2026,2026-07-25,1,3,0,4,1,1,0,2,4,0,ok
823679,mlb,2026,2026-07-25,2,0,0,2,0,1,0,1,2,0,ok
823758,mlb,2026,2026-07-25,3,1,0,4,0,1,1,2,4,0,ok
823841,mlb,2026,2026-07-25,3,1,0,4,0,2,0,2,4,0,ok
824244,mlb,2026,2026-07-25,1,0,0,1,0,1,0,0,1,0,ok
824571,mlb,2026,2026-07-25,3,0,0,3,0,1,1,1,3,0,ok
824734,mlb,2026,2026-07-25,0,3,0,3,1,0,0,2,3,0,ok
824811,mlb,2026,2026-07-25,3,2,0,5,2,1,0,2,5,0,ok
822706,mlb,2026,2026-07-26,3,1,0,4,0,2,2,0,4,0,ok
822870,mlb,2026,2026-07-26,3,0,0,3,1,1,0,1,3,0,ok
822950,mlb,2026,2026-07-26,4,0,0,4,3,0,1,0,4,0,ok
823028,mlb,2026,2026-07-26,2,0,0,2,1,1,0,0,2,0,ok
823194,mlb,2026,2026-07-26,4,0,0,4,1,1,0,2,4,0,ok
823354,mlb,2026,2026-07-26,3,0,0,3,0,1,0,2,3,0,ok
823433,mlb,2026,2026-07-26,4,1,0,5,2,1,1,1,5,0,ok
823599,mlb,2026,2026-07-26,2,1,0,3,0,2,0,1,3,0,ok
823678,mlb,2026,2026-07-26,3,0,0,3,0,0,2,1,3,0,ok
823755,mlb,2026,2026-07-26,5,1,0,6,1,1,2,2,6,0,ok
823840,mlb,2026,2026-07-26,4,3,0,7,1,2,3,1,7,0,ok
824246,mlb,2026,2026-07-26,3,1,0,4,1,1,1,1,4,0,ok
824572,mlb,2026,2026-07-26,2,2,0,4,0,1,1,2,4,0,ok
824730,mlb,2026,2026-07-26,6,0,0,6,2,1,3,0,6,0,ok
824810,mlb,2026,2026-07-26,7,0,0,7,2,1,1,3,7,0,ok
822705,mlb,2026,2026-07-27,2,2,0,4,0,2,1,1,4,0,ok
822868,mlb,2026,2026-07-27,2,1,0,3,1,0,0,2,3,0,ok
823025,mlb,2026,2026-07-27,5,0,0,5,3,1,0,1,5,0,ok
823195,mlb,2026,2026-07-27,4,0,0,4,1,2,0,1,4,0,ok
823353,mlb,2026,2026-07-27,3,1,0,4,0,2,2,0,4,0,ok
823597,mlb,2026,2026-07-27,6,1,0,7,2,2,1,2,7,0,ok
823839,mlb,2026,2026-07-27,4,0,0,4,2,0,2,0,4,0,ok
824001,mlb,2026,2026-07-27,5,1,0,6,0,1,4,1,6,0,ok
824245,mlb,2026,2026-07-27,2,1,0,3,2,0,0,1,3,0,ok
824570,mlb,2026,2026-07-27,5,1,0,6,1,2,1,2,6,0,ok
824977,mlb,2026,2026-07-27,1,0,0,1,0,0,1,0,1,0,ok
822703,mlb,2026,2026-07-28,6,0,0,6,1,2,2,1,6,0,ok
822949,mlb,2026,2026-07-28,3,0,0,3,3,0,0,0,3,0,ok
823026,mlb,2026,2026-07-28,0,2,0,2,0,1,0,1,2,0,ok
823193,mlb,2026,2026-07-28,1,0,0,1,0,0,0,1,1,0,ok
823275,mlb,2026,2026-07-28,3,1,0,4,1,1,1,1,4,0,ok
823350,mlb,2026,2026-07-28,7,0,0,7,3,1,0,3,7,0,ok
823676,mlb,2026,2026-07-28,3,4,0,7,4,1,1,1,7,0,ok
823838,mlb,2026,2026-07-28,4,1,0,5,1,2,0,2,5,0,ok
823923,mlb,2026,2026-07-28,2,1,0,3,1,1,0,1,3,0,ok
824003,mlb,2026,2026-07-28,2,1,0,3,1,0,0,2,3,0,ok
824243,mlb,2026,2026-07-28,4,0,0,4,2,1,1,0,4,0,ok
824489,mlb,2026,2026-07-28,4,1,0,5,0,1,4,0,5,0,ok
824490,mlb,2026,2026-07-28,5,3,0,8,2,2,2,2,8,0,ok
824569,mlb,2026,2026-07-28,2,2,0,4,1,1,2,0,4,0,ok
824976,mlb,2026,2026-07-28,6,3,0,9,3,1,3,2,9,0,ok
822702,mlb,2026,2026-07-29,5,0,0,5,1,2,1,1,5,0,ok
822947,mlb,2026,2026-07-29,5,1,0,6,2,0,3,1,6,0,ok
823022,mlb,2026,2026-07-29,3,1,0,4,2,1,0,1,4,0,ok
823192,mlb,2026,2026-07-29,6,1,0,7,4,0,1,2,7,0,ok
823273,mlb,2026,2026-07-29,2,0,0,2,0,0,1,1,2,0,ok
823351,mlb,2026,2026-07-29,1,0,0,1,0,0,0,1,1,0,ok
823596,mlb,2026,2026-07-29,2,0,0,2,1,0,0,1,2,0,ok
823598,mlb,2026,2026-07-29,3,1,0,4,0,0,4,0,4,0,ok
823677,mlb,2026,2026-07-29,6,0,0,6,2,1,1,2,6,0,ok
823837,mlb,2026,2026-07-29,3,0,0,3,0,0,3,0,3,0,ok
823924,mlb,2026,2026-07-29,1,2,0,3,1,1,0,1,3,0,ok
824002,mlb,2026,2026-07-29,4,0,0,4,1,2,1,0,4,0,ok
824242,mlb,2026,2026-07-29,5,1,0,6,2,1,1,2,6,0,ok
824487,mlb,2026,2026-07-29,2,1,0,3,0,2,0,1,3,0,ok
824567,mlb,2026,2026-07-29,5,2,0,7,0,2,3,2,7,0,ok
824973,mlb,2026,2026-07-29,5,2,0,7,3,2,1,1,7,0,ok
822946,mlb,2026,2026-07-30,2,3,0,5,2,1,1,1,5,0,ok
823023,mlb,2026,2026-07-30,2,0,0,2,2,0,0,0,2,0,ok
823271,mlb,2026,2026-07-30,5,1,0,6,0,0,4,2,6,0,ok
823595,mlb,2026,2026-07-30,4,2,0,6,1,1,3,1,6,0,ok
823674,mlb,2026,2026-07-30,5,1,0,6,1,2,2,1,6,0,ok
823921,mlb,2026,2026-07-30,4,2,0,6,1,2,3,0,6,0,ok
824488,mlb,2026,2026-07-30,2,2,0,4,1,1,0,2,4,0,ok
824568,mlb,2026,2026-07-30,4,2,0,6,1,3,0,2,6,0,ok
824894,mlb,2026,2026-07-30,3,0,0,3,2,0,0,1,3,0,ok
824974,mlb,2026,2026-07-30,2,1,0,3,0,1,1,1,3,0,ok
822782,mlb,2026,2026-07-31,1,0,0,1,0,0,0,1,1,0,ok
822945,mlb,2026,2026-07-31,4,1,0,5,2,2,0,1,5,0,ok
823111,mlb,2026,2026-07-31,3,1,0,4,0,2,0,2,4,0,ok
823272,mlb,2026,2026-07-31,3,0,0,3,2,0,0,1,3,0,ok
823593,mlb,2026,2026-07-31,4,0,0,4,2,0,1,1,4,0,ok
823922,mlb,2026,2026-07-31,2,0,0,2,0,0,1,1,2,0,ok
823999,mlb,2026,2026-07-31,2,2,0,4,1,2,1,0,4,0,ok
824164,mlb,2026,2026-07-31,6,0,0,6,2,2,2,0,6,0,ok
824325,mlb,2026,2026-07-31,4,0,0,4,2,0,2,0,4,0,ok
824407,mlb,2026,2026-07-31,3,2,0,5,3,0,2,0,5,0,ok
824486,mlb,2026,2026-07-31,6,1,0,7,2,2,2,1,7,0,ok
824651,mlb,2026,2026-07-31,3,0,0,3,0,1,2,0,3,0,ok
824809,mlb,2026,2026-07-31,3,0,0,3,1,0,0,2,3,0,ok
824892,mlb,2026,2026-07-31,3,1,0,4,2,1,1,0,4,0,ok
824975,mlb,2026,2026-07-31,2,1,0,3,0,0,2,1,3,0,ok
822781,mlb,2026,2026-08-01,1,0,0,1,0,0,0,1,1,0,ok
822944,mlb,2026,2026-08-01,6,3,0,9,4,2,1,2,9,0,ok
823109,mlb,2026,2026-08-01,3,1,0,4,2,0,2,0,4,0,ok
823269,mlb,2026,2026-08-01,6,2,0,8,5,1,0,2,8,0,ok
823594,mlb,2026,2026-08-01,5,2,0,7,3,2,1,1,7,0,ok
823920,mlb,2026,2026-08-01,3,1,0,4,3,1,0,0,4,0,ok
824000,mlb,2026,2026-08-01,2,1,0,3,0,2,0,1,3,0,ok
824162,mlb,2026,2026-08-01,1,1,0,2,1,0,1,0,2,0,ok
824326,mlb,2026,2026-08-01,5,0,0,5,2,0,2,1,5,0,ok
824405,mlb,2026,2026-08-01,4,1,0,5,1,1,2,1,5,0,ok
824485,mlb,2026,2026-08-01,4,2,0,6,3,1,1,1,6,0,ok
824649,mlb,2026,2026-08-01,4,2,0,6,1,2,2,1,6,0,ok
824808,mlb,2026,2026-08-01,4,1,0,5,1,0,2,2,5,0,ok
824890,mlb,2026,2026-08-01,5,1,0,6,1,2,2,1,6,0,ok
824972,mlb,2026,2026-08-01,4,2,0,6,3,1,2,0,6,0,ok
822783,mlb,2026,2026-08-02,4,3,0,7,1,1,3,2,7,0,ok
822943,mlb,2026,2026-08-02,4,0,0,4,1,2,0,1,4,0,ok
823107,mlb,2026,2026-08-02,1,1,0,2,0,1,0,1,2,0,ok
823270,mlb,2026,2026-08-02,7,2,0,9,4,1,3,1,9,0,ok
823592,mlb,2026,2026-08-02,4,1,0,5,2,0,1,2,5,0,ok
823919,mlb,2026,2026-08-02,3,2,0,5,2,1,1,1,5,0,ok
823996,mlb,2026,2026-08-02,3,1,0,4,0,2,0,2,4,0,ok
824163,mlb,2026,2026-08-02,2,1,0,3,0,2,1,0,3,0,ok
824323,mlb,2026,2026-08-02,4,2,0,6,2,1,2,1,6,0,ok
824404,mlb,2026,2026-08-02,3,0,0,3,1,0,1,1,3,0,ok
824483,mlb,2026,2026-08-02,3,0,0,3,0,2,1,0,3,0,ok
824648,mlb,2026,2026-08-02,8,1,0,9,2,2,5,0,9,0,ok
824807,mlb,2026,2026-08-02,1,1,0,2,0,1,1,0,2,0,ok
824891,mlb,2026,2026-08-02,3,1,0,4,2,1,1,0,4,0,ok
824971,mlb,2026,2026-08-02,4,2,0,6,1,2,2,1,6,0,ok
822867,mlb,2026,2026-08-03,4,2,0,6,2,1,2,1,6,0,ok
823431,mlb,2026,2026-08-03,2,1,0,3,0,1,2,0,3,0,ok
823520,mlb,2026,2026-08-03,5,1,0,6,1,0,5,0,6,0,ok
823757,mlb,2026,2026-08-03,4,1,0,5,2,1,0,2,5,0,ok
824160,mlb,2026,2026-08-03,5,2,0,7,4,1,2,0,7,0,ok
824324,mlb,2026,2026-08-03,2,2,0,4,0,1,1,2,4,0,ok
824647,mlb,2026,2026-08-03,3,2,0,5,1,0,3,1,5,0,ok
825095,mlb,2026,2026-08-03,5,0,0,5,2,1,0,2,5,0,ok
822865,mlb,2026,2026-08-04,2,3,0,5,3,1,0,1,5,0,ok
823108,mlb,2026,2026-08-04,1,3,0,4,2,0,1,1,4,0,ok
823432,mlb,2026,2026-08-04,2,2,0,4,1,1,2,0,4,0,ok
823517,mlb,2026,2026-08-04,3,2,0,5,1,1,2,1,5,0,ok
823756,mlb,2026,2026-08-04,6,1,0,7,3,1,2,1,7,0,ok
824084,mlb,2026,2026-08-04,3,2,0,5,1,1,1,2,5,0,ok
824161,mlb,2026,2026-08-04,3,0,0,3,0,2,0,1,3,0,ok
824321,mlb,2026,2026-08-04,5,0,0,5,1,1,1,2,5,0,ok
824403,mlb,2026,2026-08-04,2,2,0,4,2,2,0,0,4,0,ok
824484,mlb,2026,2026-08-04,2,0,0,2,0,0,1,1,2,0,ok
824645,mlb,2026,2026-08-04,2,0,0,2,0,0,2,0,2,0,ok
824731,mlb,2026,2026-08-04,2,3,0,5,1,2,0,2,5,0,ok
824805,mlb,2026,2026-08-04,0,2,0,2,1,1,0,0,2,0,ok
824888,mlb,2026,2026-08-04,5,0,0,5,2,2,0,1,5,0,ok
825054,mlb,2026,2026-08-04,2,2,0,4,2,1,1,0,4,0,ok
822866,mlb,2026,2026-08-05,1,0,0,1,0,0,1,0,1,0,ok
823106,mlb,2026,2026-08-05,2,1,0,3,1,0,1,1,3,0,ok
823429,mlb,2026,2026-08-05,4,2,0,6,0,3,0,3,6,0,ok
823516,mlb,2026,2026-08-05,3,5,0,8,2,2,2,2,8,0,ok
823753,mlb,2026,2026-08-05,2,2,0,4,2,1,0,1,4,0,ok
824082,mlb,2026,2026-08-05,4,1,0,5,1,2,2,0,5,0,ok
824158,mlb,2026,2026-08-05,3,0,0,3,1,1,1,0,3,0,ok
824322,mlb,2026,2026-08-05,4,1,0,5,3,1,0,1,5,0,ok
824402,mlb,2026,2026-08-05,1,2,0,3,0,2,1,0,3,0,ok
824482,mlb,2026,2026-08-05,2,3,0,5,1,2,1,1,5,0,ok
824646,mlb,2026,2026-08-05,1,2,0,3,2,1,0,0,3,0,ok
824728,mlb,2026,2026-08-05,4,1,0,5,2,2,0,1,5,0,ok
824806,mlb,2026,2026-08-05,1,2,0,3,1,1,0,1,3,0,ok
824889,mlb,2026,2026-08-05,1,1,0,2,1,0,0,1,2,0,ok
825052,mlb,2026,2026-08-05,1,4,0,5,0,2,1,2,5,0,ok
823105,mlb,2026,2026-08-06,2,2,0,4,2,1,1,0,4,0,ok
823430,mlb,2026,2026-08-06,2,1,0,3,1,2,0,0,3,0,ok
823754,mlb,2026,2026-08-06,5,3,0,8,3,1,3,1,8,0,ok
824080,mlb,2026,2026-08-06,5,3,0,8,4,1,1,2,8,0,ok
824401,mlb,2026,2026-08-06,4,1,0,5,3,2,0,0,5,0,ok
824481,mlb,2026,2026-08-06,0,2,0,2,1,1,0,0,2,0,ok
824664,mlb,2026,2026-08-06,4,2,0,6,2,1,1,2,6,0,ok
824729,mlb,2026,2026-08-06,4,1,0,5,1,2,2,0,5,0,ok
824804,mlb,2026,2026-08-06,2,0,0,2,0,0,0,2,2,0,ok
824885,mlb,2026,2026-08-06,1,0,0,1,0,0,0,1,1,0,ok
825053,mlb,2026,2026-08-06,3,1,0,4,1,0,2,1,4,0,ok
822699,mlb,2026,2026-08-07,2,0,0,2,0,1,0,1,2,0,ok
822863,mlb,2026,2026-08-07,2,0,0,2,0,0,0,2,2,0,ok
823024,mlb,2026,2026-08-07,1,1,0,2,0,0,1,1,2,0,ok
823103,mlb,2026,2026-08-07,2,1,0,3,0,1,0,2,3,0,ok
823191,mlb,2026,2026-08-07,3,0,0,3,0,1,1,1,3,0,ok
823266,mlb,2026,2026-08-07,2,2,0,4,0,2,1,1,4,0,ok
823349,mlb,2026,2026-08-07,4,0,0,4,1,1,1,1,4,0,ok
823428,mlb,2026,2026-08-07,7,1,0,8,1,2,4,1,8,0,ok
823515,mlb,2026,2026-08-07,4,1,0,5,1,1,2,1,5,0,ok
823750,mlb,2026,2026-08-07,5,2,0,7,2,2,1,2,7,0,ok
823836,mlb,2026,2026-08-07,4,2,0,6,1,2,1,2,6,0,ok
824081,mlb,2026,2026-08-07,4,1,0,5,2,0,3,0,5,0,ok
824566,mlb,2026,2026-08-07,1,1,0,2,0,0,0,2,2,0,ok
824727,mlb,2026,2026-08-07,4,2,0,6,3,0,2,1,6,0,ok
825051,mlb,2026,2026-08-07,5,1,0,6,1,2,2,1,6,0,ok
822701,mlb,2026,2026-08-08,3,1,0,4,0,0,2,2,4,0,ok
822864,mlb,2026,2026-08-08,6,0,0,6,1,2,2,1,6,0,ok
823021,mlb,2026,2026-08-08,3,1,0,4,0,2,1,1,4,0,ok
823102,mlb,2026,2026-08-08,3,0,0,3,2,1,0,0,3,0,ok
823188,mlb,2026,2026-08-08,7,2,0,9,5,0,3,1,9,0,ok
823267,mlb,2026,2026-08-08,2,1,0,3,0,2,1,0,3,0,ok
823348,mlb,2026,2026-08-08,3,1,0,4,2,1,1,0,4,0,ok
823426,mlb,2026,2026-08-08,9,1,0,10,4,1,4,1,10,0,ok
823514,mlb,2026,2026-08-08,3,2,0,5,0,1,2,2,5,0,ok
823752,mlb,2026,2026-08-08,2,0,0,2,0,1,1,0,2,0,ok
823834,mlb,2026,2026-08-08,1,0,0,1,0,0,0,1,1,0,ok
824079,mlb,2026,2026-08-08,3,1,0,4,1,1,1,1,4,0,ok
824565,mlb,2026,2026-08-08,6,0,0,6,1,1,3,1,6,0,ok
824726,mlb,2026,2026-08-08,2,2,0,4,0,2,1,1,4,0,ok
825049,mlb,2026,2026-08-08,5,0,0,5,3,1,0,1,5,0,ok
822700,mlb,2026,2026-08-09,3,0,0,3,3,0,0,0,3,0,ok
822862,mlb,2026,2026-08-09,2,1,0,3,0,2,0,1,3,0,ok
823020,mlb,2026,2026-08-09,4,0,0,4,2,0,0,2,4,0,ok
823104,mlb,2026,2026-08-09,2,0,0,2,0,1,1,0,2,0,ok
823190,mlb,2026,2026-08-09,7,1,0,8,3,2,1,2,8,0,ok
823268,mlb,2026,2026-08-09,6,0,0,6,1,1,2,2,6,0,ok
823345,mlb,2026,2026-08-09,0,1,0,1,0,0,0,1,1,0,ok
823425,mlb,2026,2026-08-09,7,2,0,9,6,2,0,1,9,0,ok
823513,mlb,2026,2026-08-09,2,1,0,3,0,1,1,1,3,0,ok
823751,mlb,2026,2026-08-09,7,1,0,8,2,1,4,1,8,0,ok
823835,mlb,2026,2026-08-09,3,3,0,6,2,0,2,2,6,0,ok
824078,mlb,2026,2026-08-09,2,0,0,2,1,0,0,1,2,0,ok
824564,mlb,2026,2026-08-09,2,0,0,2,0,0,0,2,2,0,ok
824724,mlb,2026,2026-08-09,0,3,0,3,1,0,1,1,3,0,ok
825050,mlb,2026,2026-08-09,0,1,0,1,0,1,0,0,1,0,ok
822780,mlb,2026,2026-08-10,4,2,0,6,4,0,0,2,6,0,ok
823018,mlb,2026,2026-08-10,3,2,0,5,1,1,1,2,5,0,ok
823189,mlb,2026,2026-08-10,4,0,0,4,2,1,0,1,4,0,ok
823265,mlb,2026,2026-08-10,3,3,0,6,0,2,2,2,6,0,ok
823675,mlb,2026,2026-08-10,3,3,0,6,1,1,2,2,6,0,ok
823918,mlb,2026,2026-08-10,3,1,0,4,1,1,0,2,4,0,ok
823998,mlb,2026,2026-08-10,2,1,0,3,1,0,1,1,3,0,ok
824887,mlb,2026,2026-08-10,6,1,0,7,3,2,2,0,7,0,ok
824969,mlb,2026,2026-08-10,3,1,0,4,1,1,2,0,4,0,ok
825048,mlb,2026,2026-08-10,2,0,0,2,0,1,0,1,2,0,ok
822697,mlb,2026,2026-08-11,2,2,0,4,0,0,2,2,4,0,ok
822778,mlb,2026,2026-08-11,4,0,0,4,2,1,0,1,4,0,ok
823019,mlb,2026,2026-08-11,3,1,0,4,2,1,0,1,4,0,ok
823186,mlb,2026,2026-08-11,3,2,0,5,0,2,1,2,5,0,ok
823264,mlb,2026,2026-08-11,4,1,0,5,1,1,2,1,5,0,ok
823512,mlb,2026,2026-08-11,5,1,0,6,2,1,2,1,6,0,ok
823673,mlb,2026,2026-08-11,1,2,0,3,0,0,2,1,3,0,ok
823832,mlb,2026,2026-08-11,4,3,0,7,2,2,3,0,7,0,ok
823917,mlb,2026,2026-08-11,6,1,0,7,2,1,2,2,7,0,ok
823997,mlb,2026,2026-08-11,1,0,0,1,1,0,0,0,1,0,ok
824240,mlb,2026,2026-08-11,3,2,0,5,1,0,4,0,5,0,ok
824563,mlb,2026,2026-08-11,6,1,0,7,3,1,2,1,7,0,ok
824886,mlb,2026,2026-08-11,1,1,0,2,0,2,0,0,2,0,ok
824970,mlb,2026,2026-08-11,4,1,0,5,3,0,1,1,5,0,ok
825046,mlb,2026,2026-08-11,3,1,0,4,1,0,1,2,4,0,ok
822698,mlb,2026,2026-08-12,2,0,0,2,1,0,0,1,2,0,ok
822779,mlb,2026,2026-08-12,3,0,0,3,2,1,0,0,3,0,ok
823017,mlb,2026,2026-08-12,2,2,0,4,2,2,0,0,4,0,ok
823187,mlb,2026,2026-08-12,3,0,0,3,2,1,0,0,3,0,ok
823263,mlb,2026,2026-08-12,6,3,0,9,1,3,4,1,9,0,ok
823511,mlb,2026,2026-08-12,3,1,0,4,1,2,1,0,4,0,ok
823672,mlb,2026,2026-08-12,7,0,0,7,3,0,3,1,7,0,ok
823833,mlb,2026,2026-08-12,4,2,0,6,2,1,1,2,6,0,ok
823916,mlb,2026,2026-08-12,2,2,0,4,1,1,0,2,4,0,ok
823994,mlb,2026,2026-08-12,4,4,0,8,0,1,6,1,8,0,ok
824241,mlb,2026,2026-08-12,6,2,0,8,4,0,2,2,8,0,ok
824562,mlb,2026,2026-08-12,3,3,0,6,1,1,2,2,6,0,ok
824883,mlb,2026,2026-08-12,7,2,0,9,2,2,4,1,9,0,ok
824967,mlb,2026,2026-08-12,5,1,0,6,3,2,1,0,6,0,ok
825047,mlb,2026,2026-08-12,8,2,0,10,3,2,4,1,10,0,ok
822696,mlb,2026,2026-08-13,2,2,0,4,1,2,0,1,4,0,ok
822776,mlb,2026,2026-08-13,2,0,0,2,0,0,1,1,2,0,ok
823508,mlb,2026,2026-08-13,3,4,0,7,4,1,1,1,7,0,ok
823669,mlb,2026,2026-08-13,0,0,0,0,,,,,,,no_abs_block
823829,mlb,2026,2026-08-13,7,1,0,8,2,1,3,2,8,0,ok
823915,mlb,2026,2026-08-13,4,4,0,8,2,2,2,2,8,0,ok
823995,mlb,2026,2026-08-13,0,2,0,2,0,1,1,0,2,0,ok
824238,mlb,2026,2026-08-13,3,0,0,3,1,0,0,2,3,0,ok
824561,mlb,2026,2026-08-13,6,4,0,10,2,1,5,2,10,0,ok
822777,mlb,2026,2026-08-14,3,1,0,4,2,0,2,0,4,0,ok
822942,mlb,2026,2026-08-14,4,1,0,5,2,1,1,1,5,0,ok
823185,mlb,2026,2026-08-14,5,1,0,6,2,1,2,1,6,0,ok
823346,mlb,2026,2026-08-14,3,2,0,5,3,0,0,2,5,0,ok
823591,mlb,2026,2026-08-14,3,0,0,3,2,0,0,1,3,0,ok
823913,mlb,2026,2026-08-14,2,1,0,3,0,1,2,0,3,0,ok
823993,mlb,2026,2026-08-14,5,0,0,5,0,2,1,2,5,0,ok
824159,mlb,2026,2026-08-14,4,1,0,5,1,1,1,2,5,0,ok
824237,mlb,2026,2026-08-14,5,1,0,6,2,2,1,1,6,0,ok
824399,mlb,2026,2026-08-14,7,1,0,8,3,1,2,2,8,0,ok
824479,mlb,2026,2026-08-14,4,1,0,5,3,1,1,0,5,0,ok
824643,mlb,2026,2026-08-14,1,0,0,1,0,0,1,0,1,0,ok
824882,mlb,2026,2026-08-14,1,0,0,1,0,0,1,0,1,0,ok
824968,mlb,2026,2026-08-14,4,2,0,6,3,1,0,2,6,0,ok
822775,mlb,2026,2026-08-15,1,0,0,1,0,1,0,0,1,0,ok
822941,mlb,2026,2026-08-15,4,1,0,5,0,2,1,2,5,0,ok
823184,mlb,2026,2026-08-15,4,2,0,6,2,1,1,2,6,0,ok
823347,mlb,2026,2026-08-15,4,0,0,4,1,1,1,1,4,0,ok
823588,mlb,2026,2026-08-15,1,2,0,3,0,1,0,2,3,0,ok
823671,mlb,2026,2026-08-15,5,2,0,7,4,1,0,2,7,0,ok
823914,mlb,2026,2026-08-15,3,1,0,4,1,1,2,0,4,0,ok
823990,mlb,2026,2026-08-15,2,1,0,3,0,1,0,2,3,0,ok
824157,mlb,2026,2026-08-15,2,1,0,3,0,0,2,1,3,0,ok
824239,mlb,2026,2026-08-15,2,1,0,3,1,0,0,2,3,0,ok
824400,mlb,2026,2026-08-15,3,1,0,4,2,1,0,1,4,0,ok
824480,mlb,2026,2026-08-15,7,3,0,10,4,2,3,1,10,0,ok
824644,mlb,2026,2026-08-15,4,0,0,4,0,1,3,0,4,0,ok
824884,mlb,2026,2026-08-15,5,0,0,5,0,1,2,2,5,0,ok
824966,mlb,2026,2026-08-15,2,1,0,3,0,1,1,1,3,0,ok
822774,mlb,2026,2026-08-16,10,1,0,11,5,2,4,0,11,0,ok
822940,mlb,2026,2026-08-16,1,2,0,3,1,0,0,2,3,0,ok
823182,mlb,2026,2026-08-16,3,2,0,5,2,1,0,2,5,0,ok
823344,mlb,2026,2026-08-16,4,2,0,6,1,2,2,1,6,0,ok
823590,mlb,2026,2026-08-16,1,2,0,3,1,1,0,1,3,0,ok
823670,mlb,2026,2026-08-16,4,0,0,4,1,1,0,2,4,0,ok
823912,mlb,2026,2026-08-16,3,0,0,3,0,2,1,0,3,0,ok
823991,mlb,2026,2026-08-16,0,0,0,0,0,0,0,0,0,0,ok
824156,mlb,2026,2026-08-16,5,0,0,5,1,2,0,2,5,0,ok
824236,mlb,2026,2026-08-16,6,0,0,6,2,2,1,1,6,0,ok
824397,mlb,2026,2026-08-16,2,2,0,4,0,2,0,2,4,0,ok
824477,mlb,2026,2026-08-16,4,2,0,6,1,2,1,2,6,0,ok
824642,mlb,2026,2026-08-16,0,3,0,3,0,0,1,2,3,0,ok
824880,mlb,2026,2026-08-16,3,0,0,3,1,2,0,0,3,0,ok
824965,mlb,2026,2026-08-16,3,0,0,3,1,0,2,0,3,0,ok
822939,mlb,2026,2026-08-17,5,0,0,5,2,1,1,1,5,0,ok
823343,mlb,2026,2026-08-17,5,4,0,9,1,1,5,2,9,0,ok
823427,mlb,2026,2026-08-17,3,4,0,7,0,2,4,1,7,0,ok
823589,mlb,2026,2026-08-17,3,0,0,3,2,1,0,0,3,0,ok
823668,mlb,2026,2026-08-17,2,0,0,2,1,0,1,0,2,0,ok
824077,mlb,2026,2026-08-17,3,1,0,4,1,1,0,2,4,0,ok
824320,mlb,2026,2026-08-17,2,1,0,3,0,0,1,2,3,0,ok
824478,mlb,2026,2026-08-17,4,1,0,5,1,0,3,1,5,0,ok
824514,mlb,2026,2026-08-17,2,2,0,4,1,1,0,2,4,0,ok
824641,mlb,2026,2026-08-17,6,1,0,7,1,2,3,1,7,0,ok
824725,mlb,2026,2026-08-17,4,0,0,4,2,0,2,0,4,0,ok
822859,mlb,2026,2026-08-18,2,2,0,4,1,1,2,0,4,0,ok
822938,mlb,2026,2026-08-18,5,0,0,5,0,2,2,1,5,0,ok
823341,mlb,2026,2026-08-18,2,0,0,2,1,0,1,0,2,0,ok
823423,mlb,2026,2026-08-18,4,1,0,5,1,2,1,1,5,0,ok
823586,mlb,2026,2026-08-18,1,4,0,5,1,1,3,0,5,0,ok
823667,mlb,2026,2026-08-18,3,0,0,3,1,0,1,1,3,0,ok
823749,mlb,2026,2026-08-18,2,1,0,3,1,0,1,1,3,0,ok
824075,mlb,2026,2026-08-18,4,1,0,5,0,2,3,0,5,0,ok
824154,mlb,2026,2026-08-18,8,0,0,8,0,2,5,1,8,0,ok
824319,mlb,2026,2026-08-18,1,0,0,1,0,0,0,1,1,0,ok
824398,mlb,2026,2026-08-18,2,0,0,2,1,1,0,0,2,0,ok
824475,mlb,2026,2026-08-18,1,0,0,1,0,0,1,0,1,0,ok
824639,mlb,2026,2026-08-18,6,1,0,7,4,1,1,1,7,0,ok
824723,mlb,2026,2026-08-18,2,3,0,5,2,2,0,1,5,0,ok
824803,mlb,2026,2026-08-18,4,3,0,7,1,2,2,2,7,0,ok
822860,mlb,2026,2026-08-19,3,0,0,3,1,0,1,1,3,0,ok
822937,mlb,2026,2026-08-19,3,0,0,3,1,2,0,0,3,0,ok
823342,mlb,2026,2026-08-19,3,0,0,3,2,1,0,0,3,0,ok
823424,mlb,2026,2026-08-19,4,1,0,5,2,0,2,1,5,0,ok
823587,mlb,2026,2026-08-19,6,1,0,7,2,2,2,1,7,0,ok
823664,mlb,2026,2026-08-19,3,1,0,4,1,0,1,2,4,0,ok
823748,mlb,2026,2026-08-19,4,1,0,5,1,2,0,2,5,0,ok
824076,mlb,2026,2026-08-19,2,0,0,2,1,0,0,1,2,0,ok
824155,mlb,2026,2026-08-19,4,2,0,6,2,1,2,1,6,0,ok
824318,mlb,2026,2026-08-19,5,0,0,5,0,1,2,2,5,0,ok
824394,mlb,2026,2026-08-19,5,1,0,6,2,2,1,1,6,0,ok
824476,mlb,2026,2026-08-19,0,3,0,3,0,1,1,1,3,0,ok
824640,mlb,2026,2026-08-19,5,1,0,6,1,2,1,2,6,0,ok
824722,mlb,2026,2026-08-19,4,0,0,4,0,2,1,1,4,0,ok
824801,mlb,2026,2026-08-19,3,1,0,4,1,2,0,1,4,0,ok
822861,mlb,2026,2026-08-20,2,2,0,4,1,2,0,1,4,0,ok
822934,mlb,2026,2026-08-20,5,2,0,7,2,1,3,1,7,0,ok
823747,mlb,2026,2026-08-20,4,2,0,6,1,1,3,1,6,0,ok
824074,mlb,2026,2026-08-20,5,0,0,5,3,0,0,2,5,0,ok
824153,mlb,2026,2026-08-20,3,2,0,5,1,1,2,1,5,0,ok
824395,mlb,2026,2026-08-20,4,0,0,4,0,2,0,2,4,0,ok
824474,mlb,2026,2026-08-20,5,0,0,5,0,2,2,1,5,0,ok
824589,mlb,2026,2026-08-20,3,0,0,3,1,0,1,1,3,0,ok
824802,mlb,2026,2026-08-20,2,1,0,3,2,0,0,1,3,0,ok
822857,mlb,2026,2026-08-21,3,3,0,6,1,1,2,2,6,0,ok
823101,mlb,2026,2026-08-21,6,2,0,8,1,2,3,2,8,0,ok
823262,mlb,2026,2026-08-21,2,0,0,2,1,0,0,1,2,0,ok
823420,mlb,2026,2026-08-21,1,1,0,2,0,0,0,2,2,0,ok
823510,mlb,2026,2026-08-21,3,1,0,4,2,1,0,1,4,0,ok
823746,mlb,2026,2026-08-21,2,2,0,4,0,1,1,2,4,0,ok
823830,mlb,2026,2026-08-21,6,1,0,7,2,2,2,1,7,0,ok
823911,mlb,2026,2026-08-21,8,3,0,11,1,3,5,2,11,0,ok
824072,mlb,2026,2026-08-21,1,1,0,2,0,1,0,1,2,0,ok
824152,mlb,2026,2026-08-21,3,1,0,4,2,0,1,1,4,0,ok
824317,mlb,2026,2026-08-21,2,1,0,3,1,1,0,1,3,0,ok
824559,mlb,2026,2026-08-21,6,0,0,6,2,1,2,1,6,0,ok
824721,mlb,2026,2026-08-21,4,1,0,5,0,2,3,0,5,0,ok
824800,mlb,2026,2026-08-21,1,0,0,1,0,0,1,0,1,0,ok
825045,mlb,2026,2026-08-21,3,3,0,6,3,1,2,0,6,0,ok
822858,mlb,2026,2026-08-22,3,1,0,4,4,0,0,0,4,0,ok
823100,mlb,2026,2026-08-22,2,1,0,3,1,0,1,1,3,0,ok
823261,mlb,2026,2026-08-22,2,0,0,2,0,2,0,0,2,0,ok
823422,mlb,2026,2026-08-22,2,0,0,2,0,1,0,1,2,0,ok
823509,mlb,2026,2026-08-22,6,2,0,8,1,2,3,2,8,0,ok
823743,mlb,2026,2026-08-22,1,1,0,2,0,0,1,1,2,0,ok
823831,mlb,2026,2026-08-22,3,0,0,3,0,1,0,2,3,0,ok
823910,mlb,2026,2026-08-22,4,1,0,5,1,1,1,2,5,0,ok
824073,mlb,2026,2026-08-22,2,0,0,2,1,0,1,0,2,0,ok
824151,mlb,2026,2026-08-22,6,1,0,7,3,1,1,2,7,0,ok
824316,mlb,2026,2026-08-22,1,2,0,3,2,0,0,1,3,0,ok
824560,mlb,2026,2026-08-22,6,1,0,7,2,1,3,1,7,0,ok
824718,mlb,2026,2026-08-22,1,3,0,4,0,1,1,2,4,0,ok
824798,mlb,2026,2026-08-22,3,0,0,3,2,1,0,0,3,0,ok
825044,mlb,2026,2026-08-22,4,3,0,7,2,2,1,2,7,0,ok
822856,mlb,2026,2026-08-23,1,1,0,2,1,0,1,0,2,0,ok
823099,mlb,2026,2026-08-23,1,1,0,2,0,0,0,2,2,0,ok
823258,mlb,2026,2026-08-23,3,1,0,4,0,2,0,2,4,0,ok
823421,mlb,2026,2026-08-23,4,0,0,4,1,1,1,1,4,0,ok
823507,mlb,2026,2026-08-23,1,2,0,3,0,1,0,2,3,0,ok
823745,mlb,2026,2026-08-23,0,0,0,0,,,,,,,no_abs_block
823827,mlb,2026,2026-08-23,2,1,0,3,0,1,2,0,3,0,ok
823909,mlb,2026,2026-08-23,2,2,0,4,1,1,0,2,4,0,ok
824071,mlb,2026,2026-08-23,4,1,0,5,1,2,1,1,5,0,ok
824150,mlb,2026,2026-08-23,6,1,0,7,1,2,2,2,7,0,ok
824315,mlb,2026,2026-08-23,2,0,0,2,0,0,0,2,2,0,ok
824558,mlb,2026,2026-08-23,7,1,0,8,2,2,2,2,8,0,ok
824720,mlb,2026,2026-08-23,3,0,0,3,2,0,0,1,3,0,ok
824799,mlb,2026,2026-08-23,6,1,0,7,3,1,2,1,7,0,ok
825043,mlb,2026,2026-08-23,8,0,0,8,1,2,4,1,8,0,ok
822695,mlb,2026,2026-08-24,3,3,0,6,2,2,0,2,6,0,ok
823097,mlb,2026,2026-08-24,0,1,0,1,0,0,1,0,1,0,ok
823183,mlb,2026,2026-08-24,5,1,0,6,1,1,3,1,6,0,ok
823260,mlb,2026,2026-08-24,8,1,0,9,1,3,4,1,9,0,ok
823828,mlb,2026,2026-08-24,3,3,0,6,2,1,3,0,6,0,ok
823992,mlb,2026,2026-08-24,3,0,0,3,0,2,1,0,3,0,ok
824235,mlb,2026,2026-08-24,3,0,0,3,0,1,0,2,3,0,ok
824557,mlb,2026,2026-08-24,6,1,0,7,1,1,3,2,7,0,ok
824964,mlb,2026,2026-08-24,1,2,0,3,1,2,0,0,3,0,ok
825041,mlb,2026,2026-08-24,8,0,0,8,4,1,2,1,8,0,ok
822693,mlb,2026,2026-08-25,4,1,0,5,1,2,0,2,5,0,ok
822773,mlb,2026,2026-08-25,4,1,0,5,0,1,3,1,5,0,ok
823016,mlb,2026,2026-08-25,5,1,0,6,1,2,3,0,6,0,ok
823098,mlb,2026,2026-08-25,4,2,0,6,4,0,0,2,6,0,ok
823181,mlb,2026,2026-08-25,5,0,0,5,2,2,0,1,5,0,ok
823259,mlb,2026,2026-08-25,4,2,0,6,2,1,1,2,6,0,ok
823505,mlb,2026,2026-08-25,2,1,0,3,0,2,1,0,3,0,ok
823585,mlb,2026,2026-08-25,9,1,0,10,4,1,2,3,10,0,ok
823826,mlb,2026,2026-08-25,7,2,0,9,2,3,2,2,9,0,ok
823989,mlb,2026,2026-08-25,6,0,0,6,5,0,0,1,6,0,ok
824233,mlb,2026,2026-08-25,3,1,0,4,1,2,0,1,4,0,ok
824556,mlb,2026,2026-08-25,5,1,0,6,1,1,3,1,6,0,ok
824881,mlb,2026,2026-08-25,5,2,0,7,1,2,3,1,7,0,ok
824962,mlb,2026,2026-08-25,5,3,0,8,4,2,2,0,8,0,ok
825042,mlb,2026,2026-08-25,4,1,0,5,3,1,1,0,5,0,ok
822692,mlb,2026,2026-08-26,1,1,0,2,1,1,0,0,2,0,ok
822772,mlb,2026,2026-08-26,3,1,0,4,0,1,1,2,4,0,ok
823015,mlb,2026,2026-08-26,2,0,0,2,0,2,0,0,2,0,ok
823096,mlb,2026,2026-08-26,4,2,0,6,1,1,2,2,6,0,ok
823180,mlb,2026,2026-08-26,5,2,0,7,4,0,2,1,7,0,ok
823255,mlb,2026,2026-08-26,1,1,0,2,0,0,1,1,2,0,ok
823506,mlb,2026,2026-08-26,3,2,0,5,1,1,2,1,5,0,ok
823584,mlb,2026,2026-08-26,1,2,0,3,2,0,0,1,3,0,ok
823825,mlb,2026,2026-08-26,5,1,0,6,1,2,2,1,6,0,ok
823988,mlb,2026,2026-08-26,3,0,0,3,0,2,0,1,3,0,ok
824234,mlb,2026,2026-08-26,4,2,0,6,3,1,1,1,6,0,ok
824555,mlb,2026,2026-08-26,3,4,0,7,5,1,0,1,7,0,ok
824878,mlb,2026,2026-08-26,4,1,0,5,0,2,2,1,5,0,ok
824963,mlb,2026,2026-08-26,3,2,0,5,2,1,1,1,5,0,ok
825039,mlb,2026,2026-08-26,5,0,0,5,1,2,1,1,5,0,ok
822694,mlb,2026,2026-08-27,5,2,0,7,1,2,2,2,7,0,ok
822771,mlb,2026,2026-08-27,1,1,0,2,0,0,2,0,2,0,ok
823014,mlb,2026,2026-08-27,3,3,0,6,3,2,0,1,6,0,ok
823179,mlb,2026,2026-08-27,1,1,0,2,0,1,1,0,2,0,ok
823503,mlb,2026,2026-08-27,2,1,0,3,1,1,1,0,3,0,ok
823581,mlb,2026,2026-08-27,4,1,0,5,1,2,1,1,5,0,ok
824879,mlb,2026,2026-08-27,1,0,0,1,0,1,0,0,1,0,ok
822691,mlb,2026,2026-08-28,3,2,0,5,3,1,0,1,5,0,ok
822769,mlb,2026,2026-08-28,2,0,0,2,1,1,0,0,2,0,ok
822935,mlb,2026,2026-08-28,2,1,0,3,0,1,1,1,3,0,ok
823013,mlb,2026,2026-08-28,1,0,0,1,1,0,0,0,1,0,ok
823178,mlb,2026,2026-08-28,12,1,0,13,4,2,5,2,13,0,ok
823504,mlb,2026,2026-08-28,8,1,0,9,3,1,4,1,9,0,ok
823583,mlb,2026,2026-08-28,4,1,0,5,1,1,1,2,5,0,ok
823666,mlb,2026,2026-08-28,9,0,0,9,5,1,2,1,9,0,ok
823744,mlb,2026,2026-08-28,1,0,0,1,0,1,0,0,1,0,ok
823985,mlb,2026,2026-08-28,4,0,0,4,0,2,0,2,4,0,ok
824231,mlb,2026,2026-08-28,1,1,0,2,0,0,0,2,2,0,ok
824396,mlb,2026,2026-08-28,1,3,0,4,0,1,2,1,4,0,ok
824638,mlb,2026,2026-08-28,6,2,0,8,3,0,5,0,8,0,ok
824877,mlb,2026,2026-08-28,5,1,0,6,2,1,2,1,6,0,ok
824960,mlb,2026,2026-08-28,4,3,0,7,0,2,4,1,7,0,ok
822690,mlb,2026,2026-08-29,5,1,0,6,2,3,0,1,6,0,ok
822770,mlb,2026,2026-08-29,4,1,0,5,1,2,2,0,5,0,ok
822936,mlb,2026,2026-08-29,2,2,0,4,1,1,1,1,4,0,ok
823011,mlb,2026,2026-08-29,6,1,0,7,5,0,1,1,7,0,ok
823176,mlb,2026,2026-08-29,3,1,0,4,1,2,0,1,4,0,ok
823177,mlb,2026,2026-08-29,4,0,0,4,2,1,0,1,4,0,ok
823501,mlb,2026,2026-08-29,3,0,0,3,1,1,0,1,3,0,ok
823539,mlb,2026,2026-08-29,5,3,0,8,2,2,3,1,8,0,ok
823582,mlb,2026,2026-08-29,2,0,0,2,2,0,0,0,2,0,ok
823665,mlb,2026,2026-08-29,4,2,0,6,3,0,1,2,6,0,ok
823741,mlb,2026,2026-08-29,4,1,0,5,3,1,0,1,5,0,ok
823986,mlb,2026,2026-08-29,3,0,0,3,0,0,1,2,3,0,ok
824230,mlb,2026,2026-08-29,3,2,0,5,1,1,1,2,5,0,ok
824392,mlb,2026,2026-08-29,1,0,0,1,0,0,1,0,1,0,ok
824637,mlb,2026,2026-08-29,3,2,0,5,2,0,2,1,5,0,ok
824874,mlb,2026,2026-08-29,1,0,0,1,0,1,0,0,1,0,ok
824961,mlb,2026,2026-08-29,3,0,0,3,0,0,2,1,3,0,ok
822688,mlb,2026,2026-08-30,1,2,0,3,1,0,1,1,3,0,ok
822766,mlb,2026,2026-08-30,1,1,0,2,0,1,0,1,2,0,ok
822933,mlb,2026,2026-08-30,3,2,0,5,0,2,2,1,5,0,ok
823010,mlb,2026,2026-08-30,2,3,0,5,1,1,1,2,5,0,ok
823502,mlb,2026,2026-08-30,3,0,0,3,1,0,0,2,3,0,ok
823580,mlb,2026,2026-08-30,3,0,0,3,0,1,1,1,3,0,ok
823662,mlb,2026,2026-08-30,5,0,0,5,0,2,1,2,5,0,ok
823740,mlb,2026,2026-08-30,2,0,0,2,1,0,0,1,2,0,ok
823987,mlb,2026,2026-08-30,5,0,0,5,0,2,1,2,5,0,ok
824232,mlb,2026,2026-08-30,6,0,0,6,3,0,2,1,6,0,ok
824393,mlb,2026,2026-08-30,4,2,0,6,0,1,3,2,6,0,ok
824636,mlb,2026,2026-08-30,2,2,0,4,0,1,1,2,4,0,ok
824876,mlb,2026,2026-08-30,3,1,0,4,1,0,2,1,4,0,ok
824959,mlb,2026,2026-08-30,6,0,0,6,2,0,4,0,6,0,ok
822689,mlb,2026,2026-08-31,5,0,0,5,1,1,2,1,5,0,ok
822855,mlb,2026,2026-08-31,2,2,0,4,1,2,1,0,4,0,ok
822932,mlb,2026,2026-08-31,1,0,0,1,0,1,0,0,1,0,ok
823663,mlb,2026,2026-08-31,4,0,0,4,2,1,0,1,4,0,ok
823982,mlb,2026,2026-08-31,2,0,0,2,0,0,2,0,2,0,ok
824149,mlb,2026,2026-08-31,6,1,0,7,3,1,2,1,7,0,ok
824314,mlb,2026,2026-08-31,3,3,0,6,4,0,1,1,6,0,ok
824473,mlb,2026,2026-08-31,7,1,0,8,2,2,2,2,8,0,ok
824635,mlb,2026,2026-08-31,3,1,0,4,0,1,3,0,4,0,ok
824719,mlb,2026,2026-08-31,1,2,0,3,0,2,0,1,3,0,ok
824911,mlb,2026,2026-08-31,5,1,0,6,3,0,1,2,6,0,ok
825040,mlb,2026,2026-08-31,5,0,0,5,2,1,1,1,5,0,ok
822687,mlb,2026,2026-09-01,3,0,0,3,0,1,1,1,3,0,ok
822854,mlb,2026,2026-09-01,3,3,0,6,2,1,3,0,6,0,ok
822929,mlb,2026,2026-09-01,3,1,0,4,1,1,0,2,4,0,ok
823340,mlb,2026,2026-09-01,5,0,0,5,1,1,1,2,5,0,ok
823661,mlb,2026,2026-09-01,4,0,0,4,1,0,2,1,4,0,ok
823908,mlb,2026,2026-09-01,3,0,0,3,0,1,1,1,3,0,ok
823984,mlb,2026,2026-09-01,4,1,0,5,0,2,2,1,5,0,ok
824070,mlb,2026,2026-09-01,2,1,0,3,2,0,1,0,3,0,ok
824148,mlb,2026,2026-09-01,6,0,0,6,0,2,2,2,6,0,ok
824313,mlb,2026,2026-09-01,4,1,0,5,0,2,3,0,5,0,ok
824391,mlb,2026,2026-09-01,2,0,0,2,0,1,0,1,2,0,ok
824472,mlb,2026,2026-09-01,2,0,0,2,0,1,1,0,2,0,ok
824633,mlb,2026,2026-09-01,3,2,0,5,3,0,0,2,5,0,ok
824716,mlb,2026,2026-09-01,4,2,0,6,2,0,2,2,6,0,ok
825038,mlb,2026,2026-09-01,2,1,0,3,1,0,0,2,3,0,ok
822686,mlb,2026,2026-09-02,3,0,0,3,1,0,1,1,3,0,ok
822851,mlb,2026,2026-09-02,2,1,0,3,1,0,0,2,3,0,ok
822931,mlb,2026,2026-09-02,6,0,0,6,3,0,1,2,6,0,ok
823339,mlb,2026,2026-09-02,4,1,0,5,1,2,0,2,5,0,ok
823660,mlb,2026,2026-09-02,8,2,0,10,2,2,4,2,10,0,ok
823906,mlb,2026,2026-09-02,0,0,0,0,0,0,0,0,0,0,ok
823983,mlb,2026,2026-09-02,1,0,0,1,0,1,0,0,1,0,ok
824068,mlb,2026,2026-09-02,3,1,0,4,0,2,2,0,4,0,ok
824147,mlb,2026,2026-09-02,5,1,0,6,2,1,1,2,6,0,ok
824312,mlb,2026,2026-09-02,5,3,0,8,2,3,0,3,8,0,ok
824390,mlb,2026,2026-09-02,4,0,0,4,1,0,2,1,4,0,ok
824470,mlb,2026,2026-09-02,2,1,0,3,1,1,0,1,3,0,ok
824634,mlb,2026,2026-09-02,9,1,0,10,4,1,4,1,10,0,ok
824717,mlb,2026,2026-09-02,3,1,0,4,0,2,1,1,4,0,ok
825037,mlb,2026,2026-09-02,2,1,0,3,1,0,1,1,3,0,ok
822853,mlb,2026,2026-09-03,1,3,0,4,3,0,0,1,4,0,ok
823095,mlb,2026,2026-09-03,6,0,0,6,1,1,2,2,6,0,ok
823337,mlb,2026,2026-09-03,3,1,0,4,0,1,3,0,4,0,ok
823907,mlb,2026,2026-09-03,2,3,0,5,0,2,1,2,5,0,ok
824069,mlb,2026,2026-09-03,5,1,0,6,1,1,2,2,6,0,ok
824144,mlb,2026,2026-09-03,2,2,0,4,1,0,2,1,4,0,ok
824388,mlb,2026,2026-09-03,5,1,0,6,5,1,0,0,6,0,ok
824632,mlb,2026,2026-09-03,1,1,0,2,2,0,0,0,2,0,ok
824796,mlb,2026,2026-09-03,2,1,0,3,0,2,0,1,3,0,ok
822852,mlb,2026,2026-09-04,3,2,0,5,2,1,2,0,5,0,ok
823093,mlb,2026,2026-09-04,5,0,0,5,2,1,0,2,5,0,ok
823256,mlb,2026,2026-09-04,3,0,0,3,1,0,1,1,3,0,ok
823338,mlb,2026,2026-09-04,5,3,0,8,3,2,1,2,8,0,ok
823418,mlb,2026,2026-09-04,3,0,0,3,1,0,1,1,3,0,ok
823579,mlb,2026,2026-09-04,4,1,0,5,1,1,2,1,5,0,ok
823824,mlb,2026,2026-09-04,6,0,0,6,1,2,1,2,6,0,ok
823905,mlb,2026,2026-09-04,4,1,0,5,2,1,1,1,5,0,ok
824067,mlb,2026,2026-09-04,4,0,0,4,2,0,2,0,4,0,ok
824146,mlb,2026,2026-09-04,4,0,0,4,1,1,0,2,4,0,ok
824311,mlb,2026,2026-09-04,6,0,0,6,1,1,3,1,6,0,ok
824387,mlb,2026,2026-09-04,6,1,0,7,2,1,3,1,7,0,ok
824424,mlb,2026,2026-09-04,6,2,0,8,3,0,4,1,8,0,ok
824471,mlb,2026,2026-09-04,4,2,0,6,3,1,2,0,6,0,ok
824554,mlb,2026,2026-09-04,2,1,0,3,0,1,2,0,3,0,ok
824797,mlb,2026,2026-09-04,2,2,0,4,0,2,1,1,4,0,ok
822850,mlb,2026,2026-09-05,3,0,0,3,2,1,0,0,3,0,ok
823094,mlb,2026,2026-09-05,2,3,0,5,4,0,0,1,5,0,ok
823257,mlb,2026,2026-09-05,3,2,0,5,2,1,2,0,5,0,ok
823335,mlb,2026,2026-09-05,4,2,0,6,0,2,2,2,6,0,ok
823419,mlb,2026,2026-09-05,2,3,0,5,0,2,1,2,5,0,ok
823577,mlb,2026,2026-09-05,2,2,0,4,0,1,2,1,4,0,ok
823823,mlb,2026,2026-09-05,2,3,0,5,0,1,3,1,5,0,ok
823904,mlb,2026,2026-09-05,5,2,0,7,5,1,0,1,7,0,ok
824066,mlb,2026,2026-09-05,1,2,0,3,0,2,0,1,3,0,ok
824145,mlb,2026,2026-09-05,5,0,0,5,2,1,1,1,5,0,ok
824310,mlb,2026,2026-09-05,3,2,0,5,0,1,3,1,5,0,ok
824389,mlb,2026,2026-09-05,1,1,0,2,0,2,0,0,2,0,ok
824468,mlb,2026,2026-09-05,4,2,0,6,2,1,2,1,6,0,ok
824553,mlb,2026,2026-09-05,4,0,0,4,2,2,0,0,4,0,ok
824795,mlb,2026,2026-09-05,3,1,0,4,2,0,0,2,4,0,ok
822848,mlb,2026,2026-09-06,5,2,0,7,2,2,2,1,7,0,ok
823091,mlb,2026,2026-09-06,2,2,0,4,0,1,2,1,4,0,ok
823253,mlb,2026,2026-09-06,7,1,0,8,3,2,2,1,8,0,ok
823336,mlb,2026,2026-09-06,1,1,0,2,0,1,0,1,2,0,ok
823417,mlb,2026,2026-09-06,2,1,0,3,0,1,0,2,3,0,ok
823578,mlb,2026,2026-09-06,3,1,0,4,2,1,0,1,4,0,ok
823822,mlb,2026,2026-09-06,4,2,0,6,3,1,0,2,6,0,ok
823903,mlb,2026,2026-09-06,2,3,0,5,1,2,2,0,5,0,ok
824065,mlb,2026,2026-09-06,5,1,0,6,3,1,1,1,6,0,ok
824142,mlb,2026,2026-09-06,4,2,0,6,3,1,0,2,6,0,ok
824309,mlb,2026,2026-09-06,1,4,0,5,2,0,1,2,5,0,ok
824385,mlb,2026,2026-09-06,5,0,0,5,2,0,2,1,5,0,ok
824469,mlb,2026,2026-09-06,3,1,0,4,0,2,0,2,4,0,ok
824552,mlb,2026,2026-09-06,3,2,0,5,2,1,1,1,5,0,ok
824794,mlb,2026,2026-09-06,4,1,0,5,0,2,2,1,5,0,ok
823175,mlb,2026,2026-09-07,7,1,0,8,2,2,3,1,8,0,ok
823254,mlb,2026,2026-09-07,3,2,0,5,0,2,1,2,5,0,ok
823415,mlb,2026,2026-09-07,2,2,0,4,0,0,3,1,4,0,ok
823742,mlb,2026,2026-09-07,5,2,0,7,3,1,1,2,7,0,ok
823820,mlb,2026,2026-09-07,4,1,0,5,1,2,1,1,5,0,ok
823902,mlb,2026,2026-09-07,4,1,0,5,2,0,2,1,5,0,ok
824062,mlb,2026,2026-09-07,7,0,0,7,2,1,2,2,7,0,ok
824229,mlb,2026,2026-09-07,4,1,0,5,3,1,1,0,5,0,ok
824715,mlb,2026,2026-09-07,3,1,0,4,0,2,1,1,4,0,ok
824793,mlb,2026,2026-09-07,3,1,0,4,1,1,0,2,4,0,ok
824958,mlb,2026,2026-09-07,4,0,0,4,0,2,1,1,4,0,ok
823092,mlb,2026,2026-09-08,2,2,0,4,0,1,2,1,4,0,ok
823174,mlb,2026,2026-09-08,4,0,0,4,1,2,1,0,4,0,ok
823250,mlb,2026,2026-09-08,5,0,0,5,3,0,1,1,5,0,ok
823414,mlb,2026,2026-09-08,4,1,0,5,0,2,1,2,5,0,ok
823500,mlb,2026,2026-09-08,3,1,0,4,1,2,0,1,4,0,ok
823738,mlb,2026,2026-09-08,4,3,0,7,2,1,1,3,7,0,ok
823821,mlb,2026,2026-09-08,5,1,0,6,1,0,4,1,6,0,ok
823901,mlb,2026,2026-09-08,4,2,0,6,1,1,3,1,6,0,ok
824063,mlb,2026,2026-09-08,2,0,0,2,1,0,0,1,2,0,ok
824228,mlb,2026,2026-09-08,5,0,0,5,2,2,0,1,5,0,ok
824551,mlb,2026,2026-09-08,4,2,0,6,1,1,3,1,6,0,ok
824714,mlb,2026,2026-09-08,4,1,0,5,3,0,2,0,5,0,ok
824792,mlb,2026,2026-09-08,3,1,0,4,0,2,1,1,4,0,ok
824875,mlb,2026,2026-09-08,5,1,0,6,3,0,3,0,6,0,ok
824957,mlb,2026,2026-09-08,5,0,0,5,1,2,2,0,5,0,ok
823090,mlb,2026,2026-09-09,2,2,0,4,0,2,1,1,4,0,ok
823172,mlb,2026,2026-09-09,3,0,0,3,1,1,1,0,3,0,ok
823251,mlb,2026,2026-09-09,3,0,0,3,0,0,1,2,3,0,ok
823416,mlb,2026,2026-09-09,4,0,0,4,1,1,1,1,4,0,ok
823497,mlb,2026,2026-09-09,2,1,0,3,1,1,1,0,3,0,ok
823739,mlb,2026,2026-09-09,4,0,0,4,0,2,1,1,4,0,ok
823818,mlb,2026,2026-09-09,3,1,0,4,1,2,0,1,4,0,ok
823900,mlb,2026,2026-09-09,1,2,0,3,2,0,1,0,3,0,ok
824064,mlb,2026,2026-09-09,4,0,0,4,0,1,2,1,4,0,ok
824226,mlb,2026,2026-09-09,5,0,0,5,2,1,1,1,5,0,ok
824549,mlb,2026,2026-09-09,3,2,0,5,1,2,0,2,5,0,ok
824713,mlb,2026,2026-09-09,5,1,0,6,1,1,3,1,6,0,ok
824791,mlb,2026,2026-09-09,2,0,0,2,1,1,0,0,2,0,ok
824871,mlb,2026,2026-09-09,6,0,0,6,3,1,0,2,6,0,ok
824956,mlb,2026,2026-09-09,2,1,0,3,3,0,0,0,3,0,ok
823088,mlb,2026,2026-09-10,2,2,0,4,1,0,2,1,4,0,ok
823413,mlb,2026,2026-09-10,6,0,0,6,3,2,0,1,6,0,ok
823499,mlb,2026,2026-09-10,3,3,0,6,2,1,2,1,6,0,ok
824550,mlb,2026,2026-09-10,0,2,0,2,0,0,0,2,2,0,ok
824872,mlb,2026,2026-09-10,3,1,0,4,2,1,0,1,4,0,ok
822684,mlb,2026,2026-09-11,2,0,0,2,1,0,1,0,2,0,ok
822767,mlb,2026,2026-09-11,6,1,0,7,2,2,2,1,7,0,ok
822930,mlb,2026,2026-09-11,4,1,0,5,1,1,2,1,5,0,ok
823012,mlb,2026,2026-09-11,2,1,0,3,0,1,0,2,3,0,ok
823173,mlb,2026,2026-09-11,3,3,0,6,2,2,0,2,6,0,ok
823498,mlb,2026,2026-09-11,3,2,0,5,2,0,2,1,5,0,ok
823659,mlb,2026,2026-09-11,3,1,0,4,0,1,1,2,4,0,ok
823736,mlb,2026,2026-09-11,2,0,0,2,0,2,0,0,2,0,ok
823817,mlb,2026,2026-09-11,4,1,0,5,1,1,2,1,5,0,ok
824227,mlb,2026,2026-09-11,4,0,0,4,2,0,1,1,4,0,ok
824631,mlb,2026,2026-09-11,4,0,0,4,3,0,0,1,4,0,ok
824711,mlb,2026,2026-09-11,3,0,0,3,1,0,1,1,3,0,ok
824873,mlb,2026,2026-09-11,1,1,0,2,1,0,0,1,2,0,ok
824954,mlb,2026,2026-09-11,5,0,0,5,0,2,2,1,5,0,ok
825036,mlb,2026,2026-09-11,2,0,0,2,1,0,1,0,2,0,ok
822685,mlb,2026,2026-09-12,2,2,0,4,0,0,1,3,4,0,ok
822768,mlb,2026,2026-09-12,5,0,0,5,2,1,1,1,5,0,ok
822927,mlb,2026,2026-09-12,3,0,0,3,0,2,1,0,3,0,ok
823009,mlb,2026,2026-09-12,5,3,0,8,0,2,4,2,8,0,ok
823170,mlb,2026,2026-09-12,4,1,0,5,2,1,1,1,5,0,ok
823496,mlb,2026,2026-09-12,4,0,0,4,2,0,2,0,4,0,ok
823657,mlb,2026,2026-09-12,5,2,0,7,2,2,1,2,7,0,ok
823737,mlb,2026,2026-09-12,2,0,0,2,0,1,1,0,2,0,ok
823819,mlb,2026,2026-09-12,3,0,0,3,1,1,0,1,3,0,ok
824224,mlb,2026,2026-09-12,6,0,0,6,0,2,2,2,6,0,ok
824630,mlb,2026,2026-09-12,3,2,0,5,0,2,2,1,5,0,ok
824712,mlb,2026,2026-09-12,2,1,0,3,1,0,1,1,3,0,ok
824870,mlb,2026,2026-09-12,5,2,0,7,2,1,3,1,7,0,ok
824955,mlb,2026,2026-09-12,3,1,0,4,1,0,3,0,4,0,ok
825035,mlb,2026,2026-09-12,1,2,0,3,0,2,0,1,3,0,ok
822682,mlb,2026,2026-09-13,6,2,0,8,4,2,0,2,8,0,ok
822764,mlb,2026,2026-09-13,4,1,0,5,1,1,3,0,5,0,ok
822928,mlb,2026,2026-09-13,6,0,0,6,2,2,0,2,6,0,ok
823008,mlb,2026,2026-09-13,3,3,0,6,3,1,0,2,6,0,ok
823171,mlb,2026,2026-09-13,2,1,0,3,1,1,0,1,3,0,ok
823495,mlb,2026,2026-09-13,2,1,0,3,0,1,1,1,3,0,ok
823658,mlb,2026,2026-09-13,4,2,0,6,3,0,1,2,6,0,ok
823734,mlb,2026,2026-09-13,3,1,0,4,1,1,0,2,4,0,ok
823815,mlb,2026,2026-09-13,6,2,0,8,1,2,5,0,8,0,ok
824225,mlb,2026,2026-09-13,4,2,0,6,2,1,2,1,6,0,ok
824628,mlb,2026,2026-09-13,5,2,0,7,3,1,2,1,7,0,ok
824708,mlb,2026,2026-09-13,2,1,0,3,1,0,1,1,3,0,ok
824869,mlb,2026,2026-09-13,1,1,0,2,1,0,1,0,2,0,ok
824952,mlb,2026,2026-09-13,5,1,0,6,2,2,2,0,6,0,ok
825033,mlb,2026,2026-09-13,5,1,0,6,2,1,2,1,6,0,ok
822765,mlb,2026,2026-09-14,4,2,0,6,1,2,3,0,6,0,ok
823006,mlb,2026,2026-09-14,4,2,0,6,4,0,0,2,6,0,ok
823575,mlb,2026,2026-09-14,5,0,0,5,0,1,4,0,5,0,ok
823656,mlb,2026,2026-09-14,3,3,0,6,3,2,1,0,6,0,ok
823981,mlb,2026,2026-09-14,2,1,0,3,1,1,1,0,3,0,ok
824308,mlb,2026,2026-09-14,1,2,0,3,1,1,1,0,3,0,ok
824386,mlb,2026,2026-09-14,7,0,0,7,2,1,2,2,7,0,ok
824465,mlb,2026,2026-09-14,2,1,0,3,1,0,0,2,3,0,ok
824629,mlb,2026,2026-09-14,5,2,0,7,3,1,2,1,7,0,ok
825034,mlb,2026,2026-09-14,4,0,0,4,1,2,1,0,4,0,ok
822683,mlb,2026,2026-09-15,4,0,0,4,2,0,2,0,4,0,ok
822762,mlb,2026,2026-09-15,4,0,0,4,1,0,2,1,4,0,ok
822849,mlb,2026,2026-09-15,1,1,0,2,1,0,0,1,2,0,ok
822925,mlb,2026,2026-09-15,1,1,0,2,1,0,0,1,2,0,ok
823007,mlb,2026,2026-09-15,4,0,0,4,1,0,2,1,4,0,ok
823333,mlb,2026,2026-09-15,3,0,0,3,2,0,0,1,3,0,ok
823574,mlb,2026,2026-09-15,3,3,0,6,1,2,0,3,6,0,ok
823654,mlb,2026,2026-09-15,4,1,0,5,0,0,3,2,5,0,ok
823980,mlb,2026,2026-09-15,5,2,0,7,0,2,4,1,7,0,ok
824143,mlb,2026,2026-09-15,3,1,0,4,2,0,1,1,4,0,ok
824307,mlb,2026,2026-09-15,1,1,0,2,0,1,0,1,2,0,ok
824384,mlb,2026,2026-09-15,8,2,0,10,5,2,2,1,10,0,ok
824466,mlb,2026,2026-09-15,2,1,0,3,0,1,0,2,3,0,ok
824627,mlb,2026,2026-09-15,1,2,0,3,0,2,0,1,3,0,ok
825030,mlb,2026,2026-09-15,2,3,0,5,1,2,1,1,5,0,ok
822680,mlb,2026,2026-09-16,4,1,0,5,1,2,0,2,5,0,ok
822763,mlb,2026,2026-09-16,4,1,0,5,1,1,2,1,5,0,ok
822846,mlb,2026,2026-09-16,6,2,0,8,6,0,2,0,8,0,ok
822926,mlb,2026,2026-09-16,1,1,0,2,0,1,0,1,2,0,ok
823004,mlb,2026,2026-09-16,6,1,0,7,2,3,1,1,7,0,ok
823332,mlb,2026,2026-09-16,3,1,0,4,1,0,2,1,4,0,ok
823576,mlb,2026,2026-09-16,4,0,0,4,1,0,2,1,4,0,ok
823655,mlb,2026,2026-09-16,7,3,0,10,3,2,5,0,10,0,ok
823979,mlb,2026,2026-09-16,2,1,0,3,1,0,1,1,3,0,ok
824140,mlb,2026,2026-09-16,5,0,0,5,2,1,2,0,5,0,ok
824306,mlb,2026,2026-09-16,3,1,0,4,1,1,2,0,4,0,ok
824382,mlb,2026,2026-09-16,2,1,0,3,1,2,0,0,3,0,ok
824467,mlb,2026,2026-09-16,3,2,0,5,1,2,0,2,5,0,ok
824626,mlb,2026,2026-09-16,3,1,0,4,2,0,1,1,4,0,ok
825031,mlb,2026,2026-09-16,7,0,0,7,2,1,3,1,7,0,ok
822845,mlb,2026,2026-09-17,2,1,0,3,0,1,1,1,3,0,ok
822924,mlb,2026,2026-09-17,4,1,0,5,0,1,3,1,5,0,ok
823334,mlb,2026,2026-09-17,6,5,0,11,3,1,6,1,11,0,ok
823573,mlb,2026,2026-09-17,3,1,0,4,0,2,0,2,4,0,ok
823978,mlb,2026,2026-09-17,8,2,0,10,3,2,4,1,10,0,ok
824141,mlb,2026,2026-09-17,1,2,0,3,1,1,0,1,3,0,ok
824305,mlb,2026,2026-09-17,0,4,0,4,1,2,0,1,4,0,ok
824464,mlb,2026,2026-09-17,5,0,0,5,2,1,1,1,5,0,ok
824548,mlb,2026,2026-09-17,2,3,0,5,1,1,1,2,5,0,ok
822847,mlb,2026,2026-09-18,3,1,0,4,1,1,2,0,4,0,ok
822923,mlb,2026,2026-09-18,2,2,0,4,0,2,0,2,4,0,ok
823005,mlb,2026,2026-09-18,3,1,0,4,2,0,0,2,4,0,ok
823252,mlb,2026,2026-09-18,4,4,0,8,3,1,2,2,8,0,ok
823331,mlb,2026,2026-09-18,7,0,0,7,2,1,3,1,7,0,ok
823572,mlb,2026,2026-09-18,2,0,0,2,0,1,1,0,2,0,ok
823898,mlb,2026,2026-09-18,4,0,0,4,1,0,2,1,4,0,ok
823977,mlb,2026,2026-09-18,3,1,0,4,3,0,0,1,4,0,ok
824138,mlb,2026,2026-09-18,2,3,0,5,0,1,2,2,5,0,ok
824303,mlb,2026,2026-09-18,3,1,0,4,2,0,2,0,4,0,ok
824383,mlb,2026,2026-09-18,3,2,0,5,2,1,1,1,5,0,ok
824463,mlb,2026,2026-09-18,4,0,0,4,1,1,1,1,4,0,ok
824547,mlb,2026,2026-09-18,6,1,0,7,0,2,3,2,7,0,ok
824790,mlb,2026,2026-09-18,7,0,0,7,2,2,1,2,7,0,ok
825032,mlb,2026,2026-09-18,2,2,0,4,1,1,1,1,4,0,ok
822843,mlb,2026,2026-09-19,1,1,0,2,2,0,0,0,2,0,ok
822921,mlb,2026,2026-09-19,1,2,0,3,1,0,0,2,3,0,ok
823003,mlb,2026,2026-09-19,8,0,0,8,4,1,1,2,8,0,ok
823249,mlb,2026,2026-09-19,4,1,0,5,1,2,0,2,5,0,ok
823330,mlb,2026,2026-09-19,3,2,0,5,1,2,0,2,5,0,ok
823571,mlb,2026,2026-09-19,3,1,0,4,2,0,0,2,4,0,ok
823899,mlb,2026,2026-09-19,2,2,0,4,1,1,1,1,4,0,ok
823976,mlb,2026,2026-09-19,2,0,0,2,0,2,0,0,2,0,ok
824137,mlb,2026,2026-09-19,7,1,0,8,3,1,3,1,8,0,ok
824304,mlb,2026,2026-09-19,4,1,0,5,4,0,1,0,5,0,ok
824380,mlb,2026,2026-09-19,6,0,0,6,5,0,1,0,6,0,ok
824461,mlb,2026,2026-09-19,3,1,0,4,1,0,2,1,4,0,ok
824545,mlb,2026,2026-09-19,6,1,0,7,0,2,3,2,7,0,ok
824788,mlb,2026,2026-09-19,2,2,0,4,2,0,0,2,4,0,ok
825029,mlb,2026,2026-09-19,2,2,0,4,1,0,2,1,4,0,ok
822844,mlb,2026,2026-09-20,2,0,0,2,0,1,1,0,2,0,ok
822922,mlb,2026,2026-09-20,2,1,0,3,0,1,1,1,3,0,ok
823001,mlb,2026,2026-09-20,2,0,0,2,1,1,0,0,2,0,ok
823247,mlb,2026,2026-09-20,3,0,0,3,1,0,1,1,3,0,ok
823329,mlb,2026,2026-09-20,5,1,0,6,3,1,0,2,6,0,ok
823570,mlb,2026,2026-09-20,3,2,0,5,2,0,2,1,5,0,ok
823896,mlb,2026,2026-09-20,3,1,0,4,1,1,0,2,4,0,ok
823975,mlb,2026,2026-09-20,5,1,0,6,1,0,3,2,6,0,ok
824139,mlb,2026,2026-09-20,2,0,0,2,2,0,0,0,2,0,ok
824300,mlb,2026,2026-09-20,4,1,0,5,3,0,1,1,5,0,ok
824381,mlb,2026,2026-09-20,3,0,0,3,0,1,0,2,3,0,ok
824462,mlb,2026,2026-09-20,0,1,0,1,1,0,0,0,1,0,ok
824546,mlb,2026,2026-09-20,5,0,0,5,3,0,0,2,5,0,ok
824789,mlb,2026,2026-09-20,1,3,0,4,1,0,3,0,4,0,ok
825028,mlb,2026,2026-09-20,2,2,0,4,1,1,1,1,4,0,ok
823169,mlb,2026,2026-09-21,7,0,0,7,4,1,1,1,7,0,ok
824221,mlb,2026,2026-09-21,2,1,0,3,0,2,1,0,3,0,ok
824787,mlb,2026,2026-09-21,2,2,0,4,1,2,0,1,4,0,ok
