"figure","element","season","regime","key","x","value","lo95","hi95","median","r_contour","n","y","xmin","xmax","ymin","ymax"
"F1","ray",2024,"pre_buffer","1",0,11.3969512253689,11.3077010012965,11.4738028781805,11.3970261249088,11.3968732962762,1000,,,,,
"F1","ray",2024,"pre_buffer","2",3,11.3918983520207,11.2919528587608,11.4785342495292,11.392692515129,11.3918974152179,1000,,,,,
"F1","ray",2024,"pre_buffer","3",6,11.4119319205959,11.3158141023456,11.5002064402925,11.4129859612794,11.4119672832365,1000,,,,,
"F1","ray",2024,"pre_buffer","4",9,11.4595902251568,11.3657656109179,11.5453537480742,11.4600645550835,11.4596031893509,1000,,,,,
"F1","ray",2024,"pre_buffer","5",12,11.534189720368,11.4274483757796,11.6231062175959,11.53357811065,11.5341805276204,1000,,,,,
"F1","ray",2024,"pre_buffer","6",15,11.6376244775765,11.5375007717947,11.7260802125021,11.637654157356,11.6376112042164,1000,,,,,
"F1","ray",2024,"pre_buffer","7",18,11.77297420045,11.6755566592941,11.8641014460772,11.7708548607229,11.7729102787628,1000,,,,,
"F1","ray",2024,"pre_buffer","8",21,11.9403315314826,11.8422602275743,12.0283562669539,11.9386088843465,11.9402810374914,1000,,,,,
"F1","ray",2024,"pre_buffer","9",24,12.1364664896458,12.0330550234068,12.2253748679043,12.1365329179731,12.1362075700408,1000,,,,,
"F1","ray",2024,"pre_buffer","10",27,12.3557363040724,12.2408069694906,12.4606122764959,12.3546925988347,12.3554565048393,1000,,,,,
"F1","ray",2024,"pre_buffer","11",30,12.5872956287884,12.4729293430425,12.6941605859804,12.5882000146823,12.5871430944274,1000,,,,,
"F1","ray",2024,"pre_buffer","12",33,12.8163569008913,12.6910745223679,12.9431662650616,12.8176424805603,12.8160159717446,1000,,,,,
"F1","ray",2024,"pre_buffer","13",36,13.0409077527188,12.9106238121685,13.1663066074597,13.0416690243949,13.0406693080061,1000,,,,,
"F1","ray",2024,"pre_buffer","14",39,13.2612897402719,13.1475580200306,13.3901950982686,13.260811094629,13.2609936435173,1000,,,,,
"F1","ray",2024,"pre_buffer","15",42,13.4587069994197,13.3298113076643,13.5814089305743,13.4599195769727,13.4581928356467,1000,,,,,
"F1","ray",2024,"pre_buffer","16",45,13.604778519649,13.4695323515916,13.7405821771242,13.6066616433338,13.604602782914,1000,,,,,
"F1","ray",2024,"pre_buffer","17",48,13.6816386895218,13.5345691334798,13.840934004917,13.6795275955247,13.6811312457789,1000,,,,,
"F1","ray",2024,"pre_buffer","18",51,13.683901235004,13.5406819670369,13.8221662780279,13.6843842248224,13.6835737594558,1000,,,,,
"F1","ray",2024,"pre_buffer","19",54,13.6231024135113,13.4736478106219,13.7700927837345,13.6237213791039,13.622896936202,1000,,,,,
"F1","ray",2024,"pre_buffer","20",57,13.5327527132932,13.3928800086178,13.6713132103375,13.5321586181345,13.5325456867747,1000,,,,,
"F1","ray",2024,"pre_buffer","21",60,13.4189159943222,13.2777724692286,13.5587261385474,13.4162655744096,13.4187854542129,1000,,,,,
"F1","ray",2024,"pre_buffer","22",63,13.2591425873085,13.1186755965585,13.4057052408611,13.2598753901125,13.2589409664324,1000,,,,,
"F1","ray",2024,"pre_buffer","23",66,13.0636804503443,12.9102932230897,13.2178662466782,13.0647868529409,13.0636403105033,1000,,,,,
"F1","ray",2024,"pre_buffer","24",69,12.8761366927628,12.7289097728009,13.0182186766258,12.8778404329744,12.8761772685183,1000,,,,,
"F1","ray",2024,"pre_buffer","25",72,12.7262855572766,12.5792220278405,12.8678292974418,12.7273304209879,12.7261514884676,1000,,,,,
"F1","ray",2024,"pre_buffer","26",75,12.6246359431425,12.5004332226229,12.7646996139977,12.6241067048104,12.6245488647694,1000,,,,,
"F1","ray",2024,"pre_buffer","27",78,12.5518127705258,12.4298633451318,12.6792843207296,12.5502823394394,12.5514746716856,1000,,,,,
"F1","ray",2024,"pre_buffer","28",81,12.4737632528432,12.3320525861047,12.6038873747022,12.4732626625974,12.4735491598705,1000,,,,,
"F1","ray",2024,"pre_buffer","29",84,12.3798962654742,12.2309004701316,12.5089329294575,12.3768540155913,12.3798884513075,1000,,,,,
"F1","ray",2024,"pre_buffer","30",87,12.2956615555671,12.1296283292898,12.4359679872088,12.2943920512018,12.2958642860754,1000,,,,,
"F1","ray",2024,"pre_buffer","31",90,12.2511462828314,12.1048010571065,12.3794844632642,12.2507524252546,12.2512365908824,1000,,,,,
"F1","ray",2024,"pre_buffer","32",93,12.2517950849507,12.0946158660241,12.3991896254559,12.2525675832869,12.2518156973853,1000,,,,,
"F1","ray",2024,"pre_buffer","33",96,12.293651696101,12.1522066702248,12.4250513760271,12.2938959668838,12.2935994188916,1000,,,,,
"F1","ray",2024,"pre_buffer","34",99,12.3703841790558,12.2251452285365,12.5002006079089,12.3667822530797,12.3703227165032,1000,,,,,
"F1","ray",2024,"pre_buffer","35",102,12.4770386816416,12.3351475561136,12.6113704435572,12.4738375357487,12.4770337521109,1000,,,,,
"F1","ray",2024,"pre_buffer","36",105,12.6193228569533,12.4663665868618,12.7641404095389,12.616618216778,12.6193524299386,1000,,,,,
"F1","ray",2024,"pre_buffer","37",108,12.810489747304,12.6571786740359,12.9507872285666,12.8075273638388,12.8104592211395,1000,,,,,
"F1","ray",2024,"pre_buffer","38",111,13.0254236787232,12.8826983371369,13.1663238662612,13.0208051521295,13.025118597964,1000,,,,,
"F1","ray",2024,"pre_buffer","39",114,13.19909644814,13.0671140215307,13.3335749811495,13.193505881714,13.198773848948,1000,,,,,
"F1","ray",2024,"pre_buffer","40",117,13.3106538674196,13.1840503714764,13.4499113107891,13.3124135722848,13.3101720081012,1000,,,,,
"F1","ray",2024,"pre_buffer","41",120,13.3964954833281,13.2685196667514,13.5207042278682,13.3986836579341,13.3963687281898,1000,,,,,
"F1","ray",2024,"pre_buffer","42",123,13.4922378687506,13.3870401670041,13.6045709729019,13.4948120631992,13.4919186762831,1000,,,,,
"F1","ray",2024,"pre_buffer","43",126,13.5468296163593,13.4413279075113,13.6520820899436,13.550436360416,13.5456086379765,1000,,,,,
"F1","ray",2024,"pre_buffer","44",129,13.4593452384183,13.352505669999,13.563399123449,13.4571370289004,13.4586879553079,1000,,,,,
"F1","ray",2024,"pre_buffer","45",132,13.2667111462972,13.1559512877579,13.3668727116306,13.2640055742987,13.2664639493343,1000,,,,,
"F1","ray",2024,"pre_buffer","46",135,13.0652015665802,12.9419279848819,13.1724168507027,13.0598214230006,13.0648165434192,1000,,,,,
"F1","ray",2024,"pre_buffer","47",138,12.8232568970231,12.694134611416,12.9349029432408,12.8166491181801,12.8226584441751,1000,,,,,
"F1","ray",2024,"pre_buffer","48",141,12.522561268535,12.4045749148249,12.6261779729357,12.5214076991572,12.5224980528953,1000,,,,,
"F1","ray",2024,"pre_buffer","49",144,12.2343375020965,12.1191833947188,12.346593007462,12.2354400319817,12.2343403959572,1000,,,,,
"F1","ray",2024,"pre_buffer","50",147,11.9858084658916,11.8889848616742,12.0826676801429,11.9856925797687,11.9856408539373,1000,,,,,
"F1","ray",2024,"pre_buffer","51",150,11.7556860268531,11.6598345306234,11.8553696507618,11.7561154944101,11.7555913124398,1000,,,,,
"F1","ray",2024,"pre_buffer","52",153,11.5358165382804,11.4405035086985,11.6315984793709,11.536128741073,11.5355552693989,1000,,,,,
"F1","ray",2024,"pre_buffer","53",156,11.3303103032599,11.2457155447956,11.4175114747313,11.3304043713778,11.3301051880539,1000,,,,,
"F1","ray",2024,"pre_buffer","54",159,11.1416696817089,11.0527900325998,11.2339039120029,11.1410343864456,11.1415875344526,1000,,,,,
"F1","ray",2024,"pre_buffer","55",162,10.9724797872359,10.8887808827928,11.0625996141308,10.9721883427215,10.9724704272488,1000,,,,,
"F1","ray",2024,"pre_buffer","56",165,10.8343588167377,10.7485718924989,10.9250363653833,10.8319242108898,10.8345152159913,1000,,,,,
"F1","ray",2024,"pre_buffer","57",168,10.7385685942292,10.6465898311031,10.8310504522798,10.7365979017253,10.7388425018342,1000,,,,,
"F1","ray",2024,"pre_buffer","58",171,10.6867327613402,10.6010586445597,10.7656298626539,10.6839967134753,10.686787947267,1000,,,,,
"F1","ray",2024,"pre_buffer","59",174,10.6707701321772,10.5734225199838,10.7544879921026,10.6672709365963,10.6709310383517,1000,,,,,
"F1","ray",2024,"pre_buffer","60",177,10.6849681630748,10.5876218750549,10.7698781542842,10.6808938049602,10.6849802322784,1000,,,,,
"F1","ray",2024,"pre_buffer","61",180,10.7239771530138,10.6354636570123,10.806579033901,10.7207311084194,10.7238835083181,1000,,,,,
"F1","ray",2024,"pre_buffer","62",183,10.7776543176877,10.6796775761443,10.8684115545343,10.775046910143,10.7773708170947,1000,,,,,
"F1","ray",2024,"pre_buffer","63",186,10.8331924838205,10.7394179926801,10.9237067257246,10.832330382546,10.8329543479124,1000,,,,,
"F1","ray",2024,"pre_buffer","64",189,10.8970620234007,10.8113350238823,10.9867131354348,10.8969907656657,10.89699917872,1000,,,,,
"F1","ray",2024,"pre_buffer","65",192,10.9902768029766,10.9016790830977,11.0839739681995,10.9900054011902,10.9903940234464,1000,,,,,
"F1","ray",2024,"pre_buffer","66",195,11.1324811394878,11.0454411358121,11.2268108519459,11.133179717504,11.1325355440116,1000,,,,,
"F1","ray",2024,"pre_buffer","67",198,11.3268807358093,11.2232480271313,11.4196179074798,11.3282893027274,11.326826253748,1000,,,,,
"F1","ray",2024,"pre_buffer","68",201,11.5683612020365,11.4485223095591,11.6622195897393,11.5660050164899,11.5683196739369,1000,,,,,
"F1","ray",2024,"pre_buffer","69",204,11.8466302050089,11.7361942892251,11.9379792576597,11.8432605834372,11.8464541351188,1000,,,,,
"F1","ray",2024,"pre_buffer","70",207,12.1512404688089,12.0257911726999,12.2544693704771,12.1480119142413,12.1510877004388,1000,,,,,
"F1","ray",2024,"pre_buffer","71",210,12.4722473661188,12.3568719266404,12.5753325268072,12.4712955824534,12.4722034421391,1000,,,,,
"F1","ray",2024,"pre_buffer","72",213,12.8064786304397,12.6863319143302,12.9287141103952,12.8034500931103,12.8062204419659,1000,,,,,
"F1","ray",2024,"pre_buffer","73",216,13.1595760059291,13.0488391951059,13.2755577960591,13.1572861164403,13.1592786410644,1000,,,,,
"F1","ray",2024,"pre_buffer","74",219,13.5239591550811,13.4010423624793,13.6395317091078,13.522942405087,13.5236388703284,1000,,,,,
"F1","ray",2024,"pre_buffer","75",222,13.8588624682062,13.7520845735249,13.9684475667953,13.8568718064216,13.8584861587004,1000,,,,,
"F1","ray",2024,"pre_buffer","76",225,14.1261957549269,14.0151660774844,14.2391188221291,14.1246371369084,14.1258099310286,1000,,,,,
"F1","ray",2024,"pre_buffer","77",228,14.2966585515313,14.179077018584,14.4072384428922,14.2938794535912,14.2955683613768,1000,,,,,
"F1","ray",2024,"pre_buffer","78",231,14.315214428836,14.2024794960801,14.4336532233585,14.3142748841856,14.3150608187441,1000,,,,,
"F1","ray",2024,"pre_buffer","79",234,14.1554611407413,14.0320848992016,14.2745010651913,14.1551340394754,14.1550427699079,1000,,,,,
"F1","ray",2024,"pre_buffer","80",237,13.8746284581451,13.7385267416485,13.9993632720232,13.8723382572217,13.874930624571,1000,,,,,
"F1","ray",2024,"pre_buffer","81",240,13.5812194475068,13.4457723303193,13.7040042394333,13.5799187983194,13.5815769579888,1000,,,,,
"F1","ray",2024,"pre_buffer","82",243,13.3566651047635,13.2386114097627,13.4777160620482,13.3571199873691,13.3567521555945,1000,,,,,
"F1","ray",2024,"pre_buffer","83",246,13.175266517453,13.0715904724381,13.2832825584497,13.1731644849914,13.1750481041332,1000,,,,,
"F1","ray",2024,"pre_buffer","84",249,12.9825471271108,12.8701866624878,13.0968897795175,12.9812620796883,12.9823945021295,1000,,,,,
"F1","ray",2024,"pre_buffer","85",252,12.7823034125898,12.6703482375532,12.890626539483,12.7824023531084,12.7821934254711,1000,,,,,
"F1","ray",2024,"pre_buffer","86",255,12.6085675462089,12.4976541549576,12.7206784934393,12.6093764714137,12.6084315577176,1000,,,,,
"F1","ray",2024,"pre_buffer","87",258,12.4715719951994,12.355825384664,12.587301763785,12.4728502126941,12.4714331313885,1000,,,,,
"F1","ray",2024,"pre_buffer","88",261,12.3615952884176,12.2485736888675,12.4734758795116,12.3618065502729,12.3615109942748,1000,,,,,
"F1","ray",2024,"pre_buffer","89",264,12.2777328846317,12.173476416903,12.3775160156577,12.2783237195457,12.27767108352,1000,,,,,
"F1","ray",2024,"pre_buffer","90",267,12.2320697624611,12.1269626413292,12.339667344255,12.2293005042145,12.2319997388071,1000,,,,,
"F1","ray",2024,"pre_buffer","91",270,12.2283850263077,12.1292080461026,12.3216578235311,12.2269063686478,12.2282254566811,1000,,,,,
"F1","ray",2024,"pre_buffer","92",273,12.244586775408,12.1348519623396,12.3445645907534,12.2412358401965,12.2442828106776,1000,,,,,
"F1","ray",2024,"pre_buffer","93",276,12.2615109705246,12.1700115680283,12.353696642981,12.2580956295336,12.2614460156363,1000,,,,,
"F1","ray",2024,"pre_buffer","94",279,12.3002014681936,12.1958383866852,12.3983613200878,12.3003882231953,12.3002648544949,1000,,,,,
"F1","ray",2024,"pre_buffer","95",282,12.3897344591871,12.2921383878004,12.4852257361701,12.3890453000317,12.3898271714089,1000,,,,,
"F1","ray",2024,"pre_buffer","96",285,12.5273143558802,12.4228183112437,12.6316905281647,12.5252284710909,12.5272805438605,1000,,,,,
"F1","ray",2024,"pre_buffer","97",288,12.6894083235042,12.5800589480758,12.7935300738429,12.6880177907676,12.6891170021298,1000,,,,,
"F1","ray",2024,"pre_buffer","98",291,12.8688776917445,12.757762760806,12.9702545282033,12.8685699354539,12.86865176332,1000,,,,,
"F1","ray",2024,"pre_buffer","99",294,13.0739336185879,12.9575464834339,13.1841749320414,13.0721301508389,13.0736086750904,1000,,,,,
"F1","ray",2024,"pre_buffer","100",297,13.2953044630209,13.1816963593104,13.4004258549791,13.2944846367511,13.2951393097133,1000,,,,,
"F1","ray",2024,"pre_buffer","101",300,13.4993772203378,13.3833843994458,13.6090603093517,13.4978066463517,13.4990741396877,1000,,,,,
"F1","ray",2024,"pre_buffer","102",303,13.6607497188799,13.536093596137,13.7831308126196,13.6566361583324,13.6604303515646,1000,,,,,
"F1","ray",2024,"pre_buffer","103",306,13.7993105798343,13.6587265461249,13.9281986958089,13.7975434004618,13.7990314201824,1000,,,,,
"F1","ray",2024,"pre_buffer","104",309,13.9363556939534,13.7973179027925,14.0572434441609,13.936318221022,13.9362082757927,1000,,,,,
"F1","ray",2024,"pre_buffer","105",312,14.0126808199398,13.8793883591248,14.1338337501103,14.0107513217837,14.0123356976705,1000,,,,,
"F1","ray",2024,"pre_buffer","106",315,13.9528855719333,13.8401684695892,14.0646868959537,13.9505896648243,13.9519951051608,1000,,,,,
"F1","ray",2024,"pre_buffer","107",318,13.721680377878,13.6168898840028,13.8277786474173,13.7188823769885,13.7213955334504,1000,,,,,
"F1","ray",2024,"pre_buffer","108",321,13.423484092891,13.3199583509626,13.5281593703562,13.4227002166082,13.4235742089987,1000,,,,,
"F1","ray",2024,"pre_buffer","109",324,13.1690052425783,13.0692323833853,13.2699788812474,13.1671276704469,13.168963020817,1000,,,,,
"F1","ray",2024,"pre_buffer","110",327,12.9313263681675,12.8223659287518,13.0348491088354,12.9294471181004,12.9309338037101,1000,,,,,
"F1","ray",2024,"pre_buffer","111",330,12.6658412967734,12.5749736268081,12.7586903562893,12.6632169613422,12.6657022607265,1000,,,,,
"F1","ray",2024,"pre_buffer","112",333,12.4073636700397,12.3124665879047,12.5049887228669,12.4059000267008,12.4074259968891,1000,,,,,
"F1","ray",2024,"pre_buffer","113",336,12.1995246846071,12.1123631590146,12.2817469792927,12.199858142744,12.1995450355153,1000,,,,,
"F1","ray",2024,"pre_buffer","114",339,12.0329775491565,11.9379890428612,12.1174202782629,12.0322839206065,12.032743699354,1000,,,,,
"F1","ray",2024,"pre_buffer","115",342,11.8731522103234,11.776587199824,11.9647603228583,11.871250880842,11.8729217334301,1000,,,,,
"F1","ray",2024,"pre_buffer","116",345,11.7106996185171,11.6175481618861,11.7945382514702,11.7107146597008,11.7106405496861,1000,,,,,
"F1","ray",2024,"pre_buffer","117",348,11.5759234171121,11.4734140380686,11.6665671080921,11.5775013281701,11.5760950654136,1000,,,,,
"F1","ray",2024,"pre_buffer","118",351,11.4916362179376,11.3998723410219,11.5770688360137,11.4936993199117,11.4917042809655,1000,,,,,
"F1","ray",2024,"pre_buffer","119",354,11.445970429772,11.3542762946365,11.5303218904268,11.4472943562364,11.4459598478397,1000,,,,,
"F1","ray",2024,"pre_buffer","120",357,11.4178258703245,11.318892113519,11.505722310252,11.4185035028067,11.4177602155548,1000,,,,,
"F1","ray",2025,"buffer_2025","1",0,10.8909580756181,10.7926271873108,10.9867246820865,10.8897872265556,10.8908662960394,1000,,,,,
"F1","ray",2025,"buffer_2025","2",3,10.8895636375481,10.7897435183883,10.984954613475,10.8890492036153,10.8895452267204,1000,,,,,
"F1","ray",2025,"buffer_2025","3",6,10.9077259153832,10.8073546843736,11.0059308302465,10.907461904125,10.9077539017072,1000,,,,,
"F1","ray",2025,"buffer_2025","4",9,10.9495735672065,10.8489615215793,11.0446105216182,10.9477113943,10.9495920443689,1000,,,,,
"F1","ray",2025,"buffer_2025","5",12,11.0221455421017,10.9162564057476,11.1282166884739,11.018428255942,11.0221862761014,1000,,,,,
"F1","ray",2025,"buffer_2025","6",15,11.1345929765985,11.029215426365,11.2331357136087,11.130575449881,11.134547863059,1000,,,,,
"F1","ray",2025,"buffer_2025","7",18,11.2857613749065,11.1827573437663,11.3848436130845,11.2810253397458,11.2855559159016,1000,,,,,
"F1","ray",2025,"buffer_2025","8",21,11.4661966193871,11.354824154451,11.5698502992375,11.4625165266461,11.4659497360667,1000,,,,,
"F1","ray",2025,"buffer_2025","9",24,11.6658118737351,11.5597437574538,11.7643758127533,11.6657695170657,11.665531351595,1000,,,,,
"F1","ray",2025,"buffer_2025","10",27,11.879399219532,11.7635968112471,11.9976068642203,11.8791191179009,11.879041975383,1000,,,,,
"F1","ray",2025,"buffer_2025","11",30,12.1016948802822,11.9809669061161,12.228519873494,12.0983155256336,12.101335315264,1000,,,,,
"F1","ray",2025,"buffer_2025","12",33,12.3302266573312,12.2130224020507,12.4613728755941,12.3299029458557,12.3300809214052,1000,,,,,
"F1","ray",2025,"buffer_2025","13",36,12.567862129672,12.4383767955815,12.6950302914846,12.5688316420003,12.5676348559929,1000,,,,,
"F1","ray",2025,"buffer_2025","14",39,12.8137077365963,12.6754796253431,12.9337364529202,12.8132537266358,12.8135508689575,1000,,,,,
"F1","ray",2025,"buffer_2025","15",42,13.052790786745,12.9093732684626,13.1825686803969,13.0479564385499,13.0526772604078,1000,,,,,
"F1","ray",2025,"buffer_2025","16",45,13.2607164833508,13.1114364375195,13.3934766964261,13.2586392550099,13.2603660945131,1000,,,,,
"F1","ray",2025,"buffer_2025","17",48,13.4125558896045,13.2608937596621,13.5601114799698,13.4128873395101,13.4119968237403,1000,,,,,
"F1","ray",2025,"buffer_2025","18",51,13.4938264719419,13.3401432779041,13.6468109850605,13.4953808589134,13.4935568748186,1000,,,,,
"F1","ray",2025,"buffer_2025","19",54,13.5175051093216,13.3586302536447,13.6756930916655,13.5164096721004,13.5173050439154,1000,,,,,
"F1","ray",2025,"buffer_2025","20",57,13.4978205405668,13.3470567467413,13.6523920396314,13.4957007925472,13.497439235573,1000,,,,,
"F1","ray",2025,"buffer_2025","21",60,13.4281726234993,13.2538218306034,13.5872249421581,13.4289417583951,13.4280938635866,1000,,,,,
"F1","ray",2025,"buffer_2025","22",63,13.2871289245523,13.1363486590567,13.4450430020712,13.2863624404525,13.286723860012,1000,,,,,
"F1","ray",2025,"buffer_2025","23",66,13.0845349561596,12.9235177633495,13.2403310758461,13.0835856859676,13.0844008566998,1000,,,,,
"F1","ray",2025,"buffer_2025","24",69,12.8631288097962,12.70410891096,13.0258325088395,12.8602669349739,12.8630655168219,1000,,,,,
"F1","ray",2025,"buffer_2025","25",72,12.6624232114018,12.4975723533487,12.8218182543832,12.6584882758534,12.6624113911606,1000,,,,,
"F1","ray",2025,"buffer_2025","26",75,12.5176585494307,12.3597531174078,12.6648163861834,12.5181030511404,12.5174587333791,1000,,,,,
"F1","ray",2025,"buffer_2025","27",78,12.4245580758421,12.2755685918013,12.5635364947676,12.4291779139646,12.4242887519094,1000,,,,,
"F1","ray",2025,"buffer_2025","28",81,12.346858618051,12.1898974826457,12.48913390358,12.3505184884955,12.3467920273966,1000,,,,,
"F1","ray",2025,"buffer_2025","29",84,12.2677716168411,12.124461401319,12.4088017826327,12.266625322451,12.2677346723599,1000,,,,,
"F1","ray",2025,"buffer_2025","30",87,12.2093397384614,12.0529205032139,12.361974824186,12.2077085021602,12.2094734306814,1000,,,,,
"F1","ray",2025,"buffer_2025","31",90,12.1953461360003,12.045702319249,12.3369497698417,12.1973307840446,12.1953826280445,1000,,,,,
"F1","ray",2025,"buffer_2025","32",93,12.225837391218,12.0699407552067,12.3684552896085,12.2286093909596,12.2258615576483,1000,,,,,
"F1","ray",2025,"buffer_2025","33",96,12.2970549893321,12.1555578072032,12.4344707684265,12.2998506154813,12.2969883961711,1000,,,,,
"F1","ray",2025,"buffer_2025","34",99,12.4018747332048,12.2585162106772,12.5417971869345,12.4045006921378,12.4017069862784,1000,,,,,
"F1","ray",2025,"buffer_2025","35",102,12.5282980314746,12.3790740891565,12.6728005473015,12.5340078072784,12.5281064496301,1000,,,,,
"F1","ray",2025,"buffer_2025","36",105,12.6713007554684,12.512619365184,12.8243792837992,12.6743834102512,12.671185367027,1000,,,,,
"F1","ray",2025,"buffer_2025","37",108,12.837727759312,12.6790647084226,12.9936789429287,12.8396680810945,12.8376775703695,1000,,,,,
"F1","ray",2025,"buffer_2025","38",111,13.0080135899312,12.866842954871,13.153683064573,13.0089475824902,13.0076246134426,1000,,,,,
"F1","ray",2025,"buffer_2025","39",114,13.1311547620186,12.9977742495703,13.2760834880474,13.1336143656327,13.1304573769053,1000,,,,,
"F1","ray",2025,"buffer_2025","40",117,13.1968335257541,13.0708437211145,13.327394694964,13.2031450362238,13.1966956389377,1000,,,,,
"F1","ray",2025,"buffer_2025","41",120,13.2500039321076,13.1204077817761,13.3856531642128,13.2567886354023,13.2499742612661,1000,,,,,
"F1","ray",2025,"buffer_2025","42",123,13.3302266858832,13.2134798943228,13.4551609547547,13.3339530448072,13.3298060226329,1000,,,,,
"F1","ray",2025,"buffer_2025","43",126,13.3724288160798,13.2539154687551,13.4940467569537,13.3741264660054,13.3708949108024,1000,,,,,
"F1","ray",2025,"buffer_2025","44",129,13.2607453377872,13.1390549340765,13.3754048119915,13.2603414214984,13.2597457270185,1000,,,,,
"F1","ray",2025,"buffer_2025","45",132,13.0325535317297,12.9149301827263,13.1426608189002,13.0298453695914,13.0321407398715,1000,,,,,
"F1","ray",2025,"buffer_2025","46",135,12.7897221778142,12.6661869200619,12.9020812559009,12.7870813896629,12.7894106972887,1000,,,,,
"F1","ray",2025,"buffer_2025","47",138,12.5133971723156,12.3969614459208,12.6198066764355,12.5086833476047,12.5126296303143,1000,,,,,
"F1","ray",2025,"buffer_2025","48",141,12.1941495868514,12.0855352449548,12.2958856458398,12.191583779865,12.1940282420002,1000,,,,,
"F1","ray",2025,"buffer_2025","49",144,11.8919422277451,11.7838409950463,11.9925589505371,11.8914555577868,11.8919663734398,1000,,,,,
"F1","ray",2025,"buffer_2025","50",147,11.6307174292317,11.5395372764618,11.7252789322166,11.6300163447292,11.630636109368,1000,,,,,
"F1","ray",2025,"buffer_2025","51",150,11.3909731354255,11.2932613888347,11.4883467443337,11.3915952844395,11.390803279091,1000,,,,,
"F1","ray",2025,"buffer_2025","52",153,11.162555358423,11.076146597581,11.2515158958307,11.1620374016358,11.1623606010439,1000,,,,,
"F1","ray",2025,"buffer_2025","53",156,10.9497642890693,10.8543021080737,11.0384393036469,10.9486707563849,10.9495834100486,1000,,,,,
"F1","ray",2025,"buffer_2025","54",159,10.7576103205261,10.6579691785217,10.8489813317562,10.7569847778657,10.7575264663195,1000,,,,,
"F1","ray",2025,"buffer_2025","55",162,10.5917432267822,10.5042827932746,10.6751952482582,10.5913736023395,10.5917387345497,1000,,,,,
"F1","ray",2025,"buffer_2025","56",165,10.4618132363185,10.3757514840066,10.544272076065,10.4616692500524,10.4618481687002,1000,,,,,
"F1","ray",2025,"buffer_2025","57",168,10.3749146785116,10.2962416993237,10.4557499971618,10.3734489340508,10.3750281086276,1000,,,,,
"F1","ray",2025,"buffer_2025","58",171,10.3281083509075,10.2496340549652,10.4058399153886,10.3265029986102,10.3281298010601,1000,,,,,
"F1","ray",2025,"buffer_2025","59",174,10.3113125413151,10.2290696351568,10.3938852161201,10.3107506099439,10.3112783079225,1000,,,,,
"F1","ray",2025,"buffer_2025","60",177,10.316616316431,10.2331272200617,10.400990946972,10.3158510339395,10.3166056824848,1000,,,,,
"F1","ray",2025,"buffer_2025","61",180,10.340778596881,10.2590204395318,10.4251479701797,10.3421043676709,10.340664534167,1000,,,,,
"F1","ray",2025,"buffer_2025","62",183,10.3815221642837,10.2933954254435,10.4761143035327,10.384126821195,10.3812805774568,1000,,,,,
"F1","ray",2025,"buffer_2025","63",186,10.4347177831836,10.346478520185,10.5261667631752,10.4387613322938,10.4345039991861,1000,,,,,
"F1","ray",2025,"buffer_2025","64",189,10.503265235561,10.4184021261405,10.5932552402843,10.5075976567667,10.5031499069663,1000,,,,,
"F1","ray",2025,"buffer_2025","65",192,10.5968162484728,10.5106643244659,10.6872271139331,10.6000264997945,10.5967498054109,1000,,,,,
"F1","ray",2025,"buffer_2025","66",195,10.7253367861572,10.6372273235855,10.8164518956465,10.728557379621,10.7252803338869,1000,,,,,
"F1","ray",2025,"buffer_2025","67",198,10.8957116958309,10.8042913583689,10.9885520690702,10.8992353380841,10.8956807253798,1000,,,,,
"F1","ray",2025,"buffer_2025","68",201,11.1149258969887,11.0107575702531,11.2144198771627,11.1175155163242,11.1149107008942,1000,,,,,
"F1","ray",2025,"buffer_2025","69",204,11.3848581997999,11.2774667848805,11.4825340088916,11.3855643959384,11.3847314026295,1000,,,,,
"F1","ray",2025,"buffer_2025","70",207,11.6869284106232,11.5793906253453,11.7934038152061,11.6894548678946,11.6866162087493,1000,,,,,
"F1","ray",2025,"buffer_2025","71",210,11.9972734666546,11.8906072027244,12.1013444222833,11.9982650565829,11.9969398743152,1000,,,,,
"F1","ray",2025,"buffer_2025","72",213,12.3160656064805,12.2092886073563,12.4270645259087,12.3170915563628,12.3159491111824,1000,,,,,
"F1","ray",2025,"buffer_2025","73",216,12.6672831383375,12.5597565231892,12.7763353772605,12.6716555565935,12.667077399847,1000,,,,,
"F1","ray",2025,"buffer_2025","74",219,13.0542407883309,12.9552597872309,13.1619027890087,13.0563351813313,13.0538328517144,1000,,,,,
"F1","ray",2025,"buffer_2025","75",222,13.4244398067085,13.325929394762,13.5313253731174,13.4221185201934,13.4240805555152,1000,,,,,
"F1","ray",2025,"buffer_2025","76",225,13.7268496581278,13.6167370211747,13.8293437534562,13.7271569858325,13.7263445840104,1000,,,,,
"F1","ray",2025,"buffer_2025","77",228,13.9333043258581,13.8083480549923,14.0475508184423,13.9333464136325,13.9321983779153,1000,,,,,
"F1","ray",2025,"buffer_2025","78",231,13.9922892396146,13.8695095927357,14.1065738377525,13.9941132972268,13.9912501139988,1000,,,,,
"F1","ray",2025,"buffer_2025","79",234,13.8763448077635,13.7490842211707,13.9919411437949,13.8746851582713,13.8762442403667,1000,,,,,
"F1","ray",2025,"buffer_2025","80",237,13.6350111673636,13.5096096250368,13.7618589110531,13.6316884544165,13.6350527363664,1000,,,,,
"F1","ray",2025,"buffer_2025","81",240,13.3809442740758,13.2441836149177,13.5212988716708,13.3795837288124,13.3811665118015,1000,,,,,
"F1","ray",2025,"buffer_2025","82",243,13.1940406296552,13.077612120955,13.3157850370216,13.1932259573395,13.1940860260169,1000,,,,,
"F1","ray",2025,"buffer_2025","83",246,13.0336729306358,12.913787908876,13.1623422589826,13.0339908616326,13.0334960894058,1000,,,,,
"F1","ray",2025,"buffer_2025","84",249,12.8432088730929,12.7173149277927,12.9699112336773,12.8409385399491,12.8429923102908,1000,,,,,
"F1","ray",2025,"buffer_2025","85",252,12.6322810260554,12.5159255244547,12.7480012239859,12.6301140248834,12.6321428108108,1000,,,,,
"F1","ray",2025,"buffer_2025","86",255,12.4439968146744,12.3305397175338,12.5587944289149,12.4433090254794,12.4439290956181,1000,,,,,
"F1","ray",2025,"buffer_2025","87",258,12.2942464910927,12.1798852928909,12.4035023788445,12.2957872229521,12.294180573633,1000,,,,,
"F1","ray",2025,"buffer_2025","88",261,12.1733010870536,12.0524096788857,12.2853664930728,12.1750606304616,12.1732596098041,1000,,,,,
"F1","ray",2025,"buffer_2025","89",264,12.0750905504442,11.9618292589839,12.1953025968195,12.076996148225,12.0750446484603,1000,,,,,
"F1","ray",2025,"buffer_2025","90",267,12.0046163346203,11.8876577149049,12.1323821436724,12.0053601272494,12.0046292950474,1000,,,,,
"F1","ray",2025,"buffer_2025","91",270,11.9680188736874,11.8565587498047,12.078281195665,11.9687095168479,11.9679662968667,1000,,,,,
"F1","ray",2025,"buffer_2025","92",273,11.9591787359915,11.8298029726199,12.0738651486506,11.9569147882204,11.9590532919277,1000,,,,,
"F1","ray",2025,"buffer_2025","93",276,11.9755164953258,11.8584602408377,12.0874218051656,11.9706612412208,11.9755839923925,1000,,,,,
"F1","ray",2025,"buffer_2025","94",279,12.0314596930807,11.92660552662,12.1380282310584,12.0289857638481,12.0316574349494,1000,,,,,
"F1","ray",2025,"buffer_2025","95",282,12.1355629143999,12.0304223346037,12.2404598368782,12.1342552313575,12.1356680652896,1000,,,,,
"F1","ray",2025,"buffer_2025","96",285,12.2788690553231,12.1661226842445,12.392528943375,12.2768016931202,12.278808229023,1000,,,,,
"F1","ray",2025,"buffer_2025","97",288,12.4446150861902,12.3316439192459,12.5516489181735,12.4406965911761,12.444569117231,1000,,,,,
"F1","ray",2025,"buffer_2025","98",291,12.632310138861,12.5224815822525,12.7426549404018,12.6330266235801,12.6320541861512,1000,,,,,
"F1","ray",2025,"buffer_2025","99",294,12.8509027949324,12.7332709494166,12.9726120923328,12.852433343,12.850608074396,1000,,,,,
"F1","ray",2025,"buffer_2025","100",297,13.0879180118598,12.9811756923855,13.2015203199299,13.0884025053003,13.0874806821314,1000,,,,,
"F1","ray",2025,"buffer_2025","101",300,13.2962209728854,13.1793040170465,13.4325491130362,13.2948867825213,13.2955881251787,1000,,,,,
"F1","ray",2025,"buffer_2025","102",303,13.4325813390598,13.3080761847315,13.5551980762444,13.4310137873667,13.4325449221883,1000,,,,,
"F1","ray",2025,"buffer_2025","103",306,13.5143272644431,13.3770531495088,13.6449752674153,13.514704920858,13.5142569057038,1000,,,,,
"F1","ray",2025,"buffer_2025","104",309,13.5878429981344,13.4610021653945,13.723977398804,13.5887479593656,13.5876507218647,1000,,,,,
"F1","ray",2025,"buffer_2025","105",312,13.6152695037522,13.5036705758229,13.7416192287573,13.6146201433076,13.6150835100482,1000,,,,,
"F1","ray",2025,"buffer_2025","106",315,13.5142744399708,13.4079604782949,13.6206348665348,13.5154688091336,13.51341448028,1000,,,,,
"F1","ray",2025,"buffer_2025","107",318,13.2618940432367,13.161429328734,13.3655589250494,13.2632406706094,13.2614838655948,1000,,,,,
"F1","ray",2025,"buffer_2025","108",321,12.9549473374934,12.8642211235354,13.0500036621212,12.9552070800298,12.9548911758892,1000,,,,,
"F1","ray",2025,"buffer_2025","109",324,12.6768754200789,12.5829234934503,12.7753009232177,12.6745547317076,12.6768426319253,1000,,,,,
"F1","ray",2025,"buffer_2025","110",327,12.4220964263406,12.3277433510665,12.5210550068928,12.4200964876197,12.4218929474275,1000,,,,,
"F1","ray",2025,"buffer_2025","111",330,12.1650986193795,12.0727064434735,12.2575428191299,12.163991830907,12.1651112544761,1000,,,,,
"F1","ray",2025,"buffer_2025","112",333,11.9186204391801,11.8211242184035,12.0123629332095,11.9209177708258,11.9186316299511,1000,,,,,
"F1","ray",2025,"buffer_2025","113",336,11.703689314977,11.6136735765363,11.7986358625688,11.7011533174703,11.7036553270801,1000,,,,,
"F1","ray",2025,"buffer_2025","114",339,11.5181175368057,11.4192827077745,11.6232170408146,11.5159805046427,11.5179173280776,1000,,,,,
"F1","ray",2025,"buffer_2025","115",342,11.3467367717113,11.2539237742616,11.4493589390012,11.3439817101714,11.3466733566216,1000,,,,,
"F1","ray",2025,"buffer_2025","116",345,11.1910928284056,11.0928982929018,11.2846384341093,11.1901554781499,11.1910916144536,1000,,,,,
"F1","ray",2025,"buffer_2025","117",348,11.0676593948245,10.9695976578859,11.1659876577607,11.0674535829216,11.0677620356395,1000,,,,,
"F1","ray",2025,"buffer_2025","118",351,10.9862244413158,10.8926544111907,11.0774129496972,10.9845818791009,10.9862424450529,1000,,,,,
"F1","ray",2025,"buffer_2025","119",354,10.9374556095904,10.8312591194441,11.0337906078857,10.9359176911167,10.9373448916092,1000,,,,,
"F1","ray",2025,"buffer_2025","120",357,10.9081079791087,10.7968317544541,11.0109394847978,10.9065866530442,10.9079520607691,1000,,,,,
"F1","ray",2026,"abs_2026","1",0,10.6338593454998,10.5393917055666,10.7250938371396,10.6344132189408,10.6337947581838,1000,,,,,
"F1","ray",2026,"abs_2026","2",3,10.6347829779463,10.542707998616,10.7305537525414,10.6349913518811,10.6348061793218,1000,,,,,
"F1","ray",2026,"abs_2026","3",6,10.6495267425745,10.555551505835,10.7523631868579,10.6498879181932,10.6495960241439,1000,,,,,
"F1","ray",2026,"abs_2026","4",9,10.6818207553126,10.5917510332648,10.7859165076926,10.6829042657457,10.6818378667447,1000,,,,,
"F1","ray",2026,"abs_2026","5",12,10.7408161676819,10.6473982821299,10.8483663676397,10.7414880081755,10.7409658840529,1000,,,,,
"F1","ray",2026,"abs_2026","6",15,10.8386384523699,10.7394306540054,10.9418507276764,10.839791594165,10.8387328812807,1000,,,,,
"F1","ray",2026,"abs_2026","7",18,10.9758838277093,10.8736523962806,11.0801260444014,10.9769354457596,10.9758641072553,1000,,,,,
"F1","ray",2026,"abs_2026","8",21,11.1426410506174,11.035344078757,11.2514480860773,11.1452332006157,11.142595592359,1000,,,,,
"F1","ray",2026,"abs_2026","9",24,11.3310369388145,11.23072864615,11.4421371338805,11.3295624655404,11.3309047336839,1000,,,,,
"F1","ray",2026,"abs_2026","10",27,11.5446250573716,11.4337960230096,11.666559189952,11.546244328485,11.5445221370692,1000,,,,,
"F1","ray",2026,"abs_2026","11",30,11.7921366857381,11.6712426611359,11.9100633493705,11.7951087506338,11.7920473915227,1000,,,,,
"F1","ray",2026,"abs_2026","12",33,12.0677856766941,11.9546075941563,12.187624021875,12.0711256985492,12.0676455504065,1000,,,,,
"F1","ray",2026,"abs_2026","13",36,12.3511109020985,12.2235913079818,12.4799273096801,12.3538782788974,12.3507287251309,1000,,,,,
"F1","ray",2026,"abs_2026","14",39,12.6136164070291,12.4867880897885,12.7424769381667,12.612758302138,12.6130791684144,1000,,,,,
"F1","ray",2026,"abs_2026","15",42,12.8336842208295,12.7025154721338,12.9603606405638,12.830262197046,12.8333666078337,1000,,,,,
"F1","ray",2026,"abs_2026","16",45,12.9977849065231,12.8697667026678,13.1264976982033,12.9960735355709,12.9974528532135,1000,,,,,
"F1","ray",2026,"abs_2026","17",48,13.08534753076,12.9605980075302,13.2047463704,13.0818692168398,13.0850952708533,1000,,,,,
"F1","ray",2026,"abs_2026","18",51,13.0840183021125,12.9566246253978,13.2157430015086,13.0808125307359,13.0836333030023,1000,,,,,
"F1","ray",2026,"abs_2026","19",54,13.0235257484661,12.8890097492933,13.1675024797814,13.020242190655,13.0234280231218,1000,,,,,
"F1","ray",2026,"abs_2026","20",57,12.9374030633879,12.7993259943541,13.0821155413283,12.9353474680937,12.9370910895943,1000,,,,,
"F1","ray",2026,"abs_2026","21",60,12.8139579786402,12.6644630739243,12.9675798383125,12.8127680914491,12.8134309451208,1000,,,,,
"F1","ray",2026,"abs_2026","22",63,12.6356602014074,12.4957323278922,12.7733520219529,12.6364790556547,12.6353145253993,1000,,,,,
"F1","ray",2026,"abs_2026","23",66,12.4250083505105,12.276158957635,12.5734557319719,12.4244203455574,12.4249254959203,1000,,,,,
"F1","ray",2026,"abs_2026","24",69,12.2262798748673,12.0809374965014,12.38656711874,12.2244350936919,12.2262688312815,1000,,,,,
"F1","ray",2026,"abs_2026","25",72,12.0820877824325,11.9347361856657,12.2451666852867,12.0771150408793,12.082133840657,1000,,,,,
"F1","ray",2026,"abs_2026","26",75,12.0069080733053,11.8673963782805,12.1581252425243,12.0023716824328,12.0067735814441,1000,,,,,
"F1","ray",2026,"abs_2026","27",78,11.9532802991115,11.8010404882777,12.1035203368676,11.9503881477711,11.9529166840842,1000,,,,,
"F1","ray",2026,"abs_2026","28",81,11.8750589083759,11.7279025880104,12.0250741449249,11.8726645981577,11.8748676910761,1000,,,,,
"F1","ray",2026,"abs_2026","29",84,11.7823816759012,11.6266653095559,11.9324258624843,11.7768706806895,11.7826402476984,1000,,,,,
"F1","ray",2026,"abs_2026","30",87,11.7316917358652,11.5639571787844,11.8907130432771,11.72539525118,11.7320538448534,1000,,,,,
"F1","ray",2026,"abs_2026","31",90,11.7472472700014,11.5948529730638,11.8983364727136,11.7447027037349,11.7473185745884,1000,,,,,
"F1","ray",2026,"abs_2026","32",93,11.7948762922199,11.6315289062577,11.9725703652995,11.7946587552972,11.7947536190532,1000,,,,,
"F1","ray",2026,"abs_2026","33",96,11.8365981373499,11.6802743024807,12.0068816880449,11.8348431674733,11.8364071241926,1000,,,,,
"F1","ray",2026,"abs_2026","34",99,11.8646402381692,11.7156738035048,12.0162477321132,11.8606540093729,11.8643672028525,1000,,,,,
"F1","ray",2026,"abs_2026","35",102,11.8994841558471,11.7428063590806,12.0533248472059,11.8970130896688,11.8994870447159,1000,,,,,
"F1","ray",2026,"abs_2026","36",105,11.9688274187625,11.8218222924796,12.1196028417519,11.965617962976,11.9690707799348,1000,,,,,
"F1","ray",2026,"abs_2026","37",108,12.0953447169471,11.9484154340199,12.246712954217,12.0933165518906,12.0954885403404,1000,,,,,
"F1","ray",2026,"abs_2026","38",111,12.2762177732555,12.1194937909134,12.4374825584941,12.2792061814102,12.2762116695249,1000,,,,,
"F1","ray",2026,"abs_2026","39",114,12.4726417779903,12.3102397060925,12.640432711438,12.4745964948412,12.4723788202904,1000,,,,,
"F1","ray",2026,"abs_2026","40",117,12.6417890203718,12.5033597555397,12.7959595586285,12.6451209092935,12.6415651493719,1000,,,,,
"F1","ray",2026,"abs_2026","41",120,12.7903119791865,12.6384792167654,12.9377725368339,12.7900004750927,12.7901553465093,1000,,,,,
"F1","ray",2026,"abs_2026","42",123,12.9394302778896,12.7871782560834,13.067163607446,12.9394987524864,12.9387432423583,1000,,,,,
"F1","ray",2026,"abs_2026","43",126,13.0269511200871,12.8922738844717,13.1565255331252,13.0293366089227,13.0255782219569,1000,,,,,
"F1","ray",2026,"abs_2026","44",129,12.9504319949553,12.8111195226125,13.0772241548273,12.9526440238103,12.9498175060177,1000,,,,,
"F1","ray",2026,"abs_2026","45",132,12.7495931946237,12.6118342945052,12.872577557219,12.7494040956084,12.7493674143722,1000,,,,,
"F1","ray",2026,"abs_2026","46",135,12.5142598277429,12.3851886929033,12.645137335461,12.512435798074,12.5135241548337,1000,,,,,
"F1","ray",2026,"abs_2026","47",138,12.2324419048321,12.1058471154283,12.3402844068768,12.2285754025981,12.2320105405658,1000,,,,,
"F1","ray",2026,"abs_2026","48",141,11.9114192053337,11.7948001068578,12.0202976800231,11.9075158386387,11.9112791625976,1000,,,,,
"F1","ray",2026,"abs_2026","49",144,11.6108112323232,11.5061590360177,11.7178720275556,11.6088418601428,11.6108543296219,1000,,,,,
"F1","ray",2026,"abs_2026","50",147,11.351426641244,11.2353006322869,11.4600902901084,11.3477333017501,11.3514052858712,1000,,,,,
"F1","ray",2026,"abs_2026","51",150,11.118849517891,11.0048544147319,11.2340237815751,11.1187421172897,11.1187465287818,1000,,,,,
"F1","ray",2026,"abs_2026","52",153,10.9044239681409,10.8053924245414,11.0093876411651,10.9023721908854,10.9042906853239,1000,,,,,
"F1","ray",2026,"abs_2026","53",156,10.7091024643815,10.6109031588695,10.8114088519813,10.7060940044983,10.7088619709026,1000,,,,,
"F1","ray",2026,"abs_2026","54",159,10.532006565699,10.4347571083637,10.6302876107473,10.5274996598981,10.5318577312163,1000,,,,,
"F1","ray",2026,"abs_2026","55",162,10.3734449244784,10.2794679773984,10.464604166132,10.3699344120046,10.3733225856624,1000,,,,,
"F1","ray",2026,"abs_2026","56",165,10.2392244926225,10.1502968194718,10.3329920574939,10.2401481246375,10.2392372981474,1000,,,,,
"F1","ray",2026,"abs_2026","57",168,10.1400190081301,10.0585567690686,10.2264716412216,10.1389714692029,10.140029468603,1000,,,,,
"F1","ray",2026,"abs_2026","58",171,10.0763269438836,9.99648799915277,10.1609406709404,10.0767719772311,10.0763328628123,1000,,,,,
"F1","ray",2026,"abs_2026","59",174,10.0420041871929,9.95508626015963,10.1287055241548,10.0414985725699,10.0419643630972,1000,,,,,
"F1","ray",2026,"abs_2026","60",177,10.0310992842907,9.94568171444893,10.1195721767875,10.0303210996961,10.0310811464305,1000,,,,,
"F1","ray",2026,"abs_2026","61",180,10.0414291882165,9.95607968772768,10.1254935007761,10.0406499782088,10.0414137358682,1000,,,,,
"F1","ray",2026,"abs_2026","62",183,10.0747864733145,9.97991736093163,10.1705755801427,10.0749793439489,10.0747682648812,1000,,,,,
"F1","ray",2026,"abs_2026","63",186,10.1320150926944,10.034001876165,10.2347312120235,10.1330839409625,10.1320010904394,1000,,,,,
"F1","ray",2026,"abs_2026","64",189,10.2130119699525,10.1222226870887,10.3089075758526,10.2125925617718,10.212992691382,1000,,,,,
"F1","ray",2026,"abs_2026","65",192,10.3193890023268,10.2236236581962,10.4183859541779,10.318471178595,10.3193750180879,1000,,,,,
"F1","ray",2026,"abs_2026","66",195,10.4548781764258,10.3551581286703,10.5519657295272,10.4521878901483,10.4549224045974,1000,,,,,
"F1","ray",2026,"abs_2026","67",198,10.6277961504407,10.520866881396,10.7282374578394,10.6241180999192,10.6279230497035,1000,,,,,
"F1","ray",2026,"abs_2026","68",201,10.8499538823162,10.7389897977062,10.9504815854751,10.8444646530582,10.8500874773255,1000,,,,,
"F1","ray",2026,"abs_2026","69",204,11.1256283548654,11.0205443616448,11.2282997356427,11.1195428887435,11.1255653686957,1000,,,,,
"F1","ray",2026,"abs_2026","70",207,11.427824603738,11.3268762578722,11.5390605364702,11.422306759101,11.427580910724,1000,,,,,
"F1","ray",2026,"abs_2026","71",210,11.7199539728294,11.6168770111046,11.8257795033108,11.7163101932234,11.7195902097837,1000,,,,,
"F1","ray",2026,"abs_2026","72",213,12.000301715481,11.90512136732,12.1058453927149,11.9997876339542,12.0002295737327,1000,,,,,
"F1","ray",2026,"abs_2026","73",216,12.301743652826,12.1849759063364,12.417104096027,12.3023580158632,12.3017414305491,1000,,,,,
"F1","ray",2026,"abs_2026","74",219,12.6501581872867,12.5303848205186,12.760256163401,12.6517585135455,12.6500688709536,1000,,,,,
"F1","ray",2026,"abs_2026","75",222,12.9969035189224,12.8658217740066,13.1114406189849,12.9946364251226,12.9962079507105,1000,,,,,
"F1","ray",2026,"abs_2026","76",225,13.266443797118,13.1434284541117,13.3789062400966,13.2618775113854,13.2658665537398,1000,,,,,
"F1","ray",2026,"abs_2026","77",228,13.4262573577257,13.3066513052623,13.5456172372538,13.4212426853769,13.4258341341469,1000,,,,,
"F1","ray",2026,"abs_2026","78",231,13.4400138142182,13.310164233521,13.5621661172031,13.4366938218628,13.4386666052274,1000,,,,,
"F1","ray",2026,"abs_2026","79",234,13.2770785871895,13.1420328588498,13.3950791953361,13.2752250207848,13.2767416026253,1000,,,,,
"F1","ray",2026,"abs_2026","80",237,12.9873917211141,12.8508348744589,13.1083455258505,12.9827041148304,12.987317310138,1000,,,,,
"F1","ray",2026,"abs_2026","81",240,12.7108971387085,12.5840083068553,12.8292571176773,12.7071318057415,12.7109221597616,1000,,,,,
"F1","ray",2026,"abs_2026","82",243,12.5080731274676,12.3977161424763,12.617878599404,12.5021460014555,12.5079174846163,1000,,,,,
"F1","ray",2026,"abs_2026","83",246,12.3120876837918,12.1855835848988,12.4328696634873,12.3084287815028,12.3117451428408,1000,,,,,
"F1","ray",2026,"abs_2026","84",249,12.0830775987201,11.9538083639716,12.1963677629869,12.0828105757528,12.0829958289715,1000,,,,,
"F1","ray",2026,"abs_2026","85",252,11.8557500431486,11.7284126956322,11.974023753321,11.8498766400104,11.855766505155,1000,,,,,
"F1","ray",2026,"abs_2026","86",255,11.6672285739249,11.5411355727392,11.793130711642,11.6624335262626,11.667229867001,1000,,,,,
"F1","ray",2026,"abs_2026","87",258,11.5164897090282,11.3980678882172,11.6559092449422,11.5135968361804,11.5164874230634,1000,,,,,
"F1","ray",2026,"abs_2026","88",261,11.3966569184969,11.2847524459698,11.5264087523779,11.3972073840193,11.3966538896306,1000,,,,,
"F1","ray",2026,"abs_2026","89",264,11.3095152025009,11.1991667244355,11.4227167209652,11.3119755729034,11.3095164564243,1000,,,,,
"F1","ray",2026,"abs_2026","90",267,11.2606408889771,11.1393239807147,11.3908376295119,11.2617889892039,11.2606355631435,1000,,,,,
"F1","ray",2026,"abs_2026","91",270,11.2502496488976,11.1448959027089,11.3739018368155,11.247409968209,11.2502495698261,1000,,,,,
"F1","ray",2026,"abs_2026","92",273,11.2738162937144,11.15906942091,11.4037728368356,11.2705195608927,11.2738204761488,1000,,,,,
"F1","ray",2026,"abs_2026","93",276,11.3257096693839,11.2192320074939,11.4369456507936,11.3225040752775,11.3256852578574,1000,,,,,
"F1","ray",2026,"abs_2026","94",279,11.3985817015578,11.305037649316,11.49535218781,11.3983505034878,11.3985460193049,1000,,,,,
"F1","ray",2026,"abs_2026","95",282,11.4893297390508,11.3918516963506,11.587919994807,11.4888688003064,11.4893044070081,1000,,,,,
"F1","ray",2026,"abs_2026","96",285,11.6038069218098,11.5075768059193,11.7154543887119,11.6014162997514,11.6038282908493,1000,,,,,
"F1","ray",2026,"abs_2026","97",288,11.7625519018147,11.6527465850441,11.8752468272179,11.761898451336,11.7626512300317,1000,,,,,
"F1","ray",2026,"abs_2026","98",291,11.9771981793443,11.8599884081028,12.0855322032697,11.9765220588989,11.9771301830491,1000,,,,,
"F1","ray",2026,"abs_2026","99",294,12.2284056894014,12.0971552607874,12.3486627685102,12.2278329622945,12.2281043130665,1000,,,,,
"F1","ray",2026,"abs_2026","100",297,12.4830108447157,12.3637337927879,12.5898368333095,12.4826017755374,12.482793715261,1000,,,,,
"F1","ray",2026,"abs_2026","101",300,12.7021223498615,12.5857537508198,12.8193723664346,12.6993351770146,12.7018869363308,1000,,,,,
"F1","ray",2026,"abs_2026","102",303,12.8486987277569,12.7327344114795,12.9518132038272,12.8456384647324,12.8483047765931,1000,,,,,
"F1","ray",2026,"abs_2026","103",306,12.9492404044685,12.8318165014799,13.049536266522,12.9486170675316,12.9493179507063,1000,,,,,
"F1","ray",2026,"abs_2026","104",309,13.0656471771085,12.9440332554599,13.1793383954226,13.0645374746586,13.0655690243307,1000,,,,,
"F1","ray",2026,"abs_2026","105",312,13.1697776999774,13.0560535344408,13.280480350842,13.1676378330123,13.1686622521186,1000,,,,,
"F1","ray",2026,"abs_2026","106",315,13.1487606275501,13.0381680252037,13.2518636048579,13.1470289649167,13.147226251813,1000,,,,,
"F1","ray",2026,"abs_2026","107",318,12.9652116901715,12.8624699566927,13.0614534922923,12.9619681681133,12.9649207498722,1000,,,,,
"F1","ray",2026,"abs_2026","108",321,12.701326353201,12.6082599771002,12.7979779488857,12.6980043374517,12.7010887931437,1000,,,,,
"F1","ray",2026,"abs_2026","109",324,12.440585289368,12.3400443763296,12.5374079019266,12.4373074642241,12.4403857079685,1000,,,,,
"F1","ray",2026,"abs_2026","110",327,12.1902847336262,12.0938824459733,12.2792839452998,12.1879703554737,12.1900806636808,1000,,,,,
"F1","ray",2026,"abs_2026","111",330,11.9322519284398,11.8431657350228,12.0237643162285,11.9301890692908,11.9320790565573,1000,,,,,
"F1","ray",2026,"abs_2026","112",333,11.6740476192517,11.5792228341929,11.7657089025303,11.6725856755686,11.6738952428703,1000,,,,,
"F1","ray",2026,"abs_2026","113",336,11.4333707234038,11.3391064994079,11.5262178195235,11.4330401653632,11.4333590084369,1000,,,,,
"F1","ray",2026,"abs_2026","114",339,11.2209181554319,11.1201198931966,11.3188127034582,11.2211296124192,11.2209159021746,1000,,,,,
"F1","ray",2026,"abs_2026","115",342,11.0399397745029,10.9463098807806,11.1343845727534,11.0407428284329,11.0400231864799,1000,,,,,
"F1","ray",2026,"abs_2026","116",345,10.8942570570492,10.8025609263623,10.9862782712293,10.8941368082832,10.8943837275892,1000,,,,,
"F1","ray",2026,"abs_2026","117",348,10.7861633445475,10.6966392540899,10.8797558883223,10.7848924326782,10.7862422373338,1000,,,,,
"F1","ray",2026,"abs_2026","118",351,10.7144139144454,10.6198413730608,10.8056205111453,10.7133555639114,10.714448037984,1000,,,,,
"F1","ray",2026,"abs_2026","119",354,10.6711198727545,10.5696700454209,10.7683238297387,10.6689003005506,10.6710515066168,1000,,,,,
"F1","ray",2026,"abs_2026","120",357,10.6461227047973,10.5472778471786,10.747285040436,10.6431925200722,10.6460003661816,1000,,,,,
"F1","contour",2024,"pre_buffer","1",-10.8,,,,,,,22.7238881029801,,,,
"F1","contour",2024,"pre_buffer","2",-10.801749106656,,,,,,,22.752,,,,
"F1","contour",2024,"pre_buffer","3",-10.8094203357976,,,,,,,22.896,,,,
"F1","contour",2024,"pre_buffer","4",-10.8157540839615,,,,,,,23.04,,,,
"F1","contour",2024,"pre_buffer","5",-10.8207609098751,,,,,,,23.184,,,,
"F1","contour",2024,"pre_buffer","6",-10.8244528473768,,,,,,,23.328,,,,
"F1","contour",2024,"pre_buffer","7",-10.8268389023157,,,,,,,23.472,,,,
"F1","contour",2024,"pre_buffer","8",-10.8279466185891,,,,,,,23.616,,,,
"F1","contour",2024,"pre_buffer","9",-10.827882276576,,,,,,,23.76,,,,
"F1","contour",2024,"pre_buffer","10",-10.8267495536321,,,,,,,23.904,,,,
"F1","contour",2024,"pre_buffer","11",-10.8246396165305,,,,,,,24.048,,,,
"F1","contour",2024,"pre_buffer","12",-10.8216417528907,,,,,,,24.192,,,,
"F1","contour",2024,"pre_buffer","13",-10.8178476376255,,,,,,,24.336,,,,
"F1","contour",2024,"pre_buffer","14",-10.8133537509817,,,,,,,24.48,,,,
"F1","contour",2024,"pre_buffer","15",-10.8082636719719,,,,,,,24.624,,,,
"F1","contour",2024,"pre_buffer","16",-10.8026899013596,,,,,,,24.768,,,,
"F1","contour",2024,"pre_buffer","17",-10.8,,,,,,,24.8332462435611,,,,
"F1","contour",2024,"pre_buffer","18",-10.7967259109613,,,,,,,24.912,,,,
"F1","contour",2024,"pre_buffer","19",-10.7905123070128,,,,,,,25.056,,,,
"F1","contour",2024,"pre_buffer","20",-10.7842257808457,,,,,,,25.2,,,,
"F1","contour",2024,"pre_buffer","21",-10.7780386086423,,,,,,,25.344,,,,
"F1","contour",2024,"pre_buffer","22",-10.7721153705013,,,,,,,25.488,,,,
"F1","contour",2024,"pre_buffer","23",-10.7666056225916,,,,,,,25.632,,,,
"F1","contour",2024,"pre_buffer","24",-10.7616441142769,,,,,,,25.776,,,,
"F1","contour",2024,"pre_buffer","25",-10.7573520225016,,,,,,,25.92,,,,
"F1","contour",2024,"pre_buffer","26",-10.753838281133,,,,,,,26.064,,,,
"F1","contour",2024,"pre_buffer","27",-10.7512034933581,,,,,,,26.208,,,,
"F1","contour",2024,"pre_buffer","28",-10.7495441120583,,,,,,,26.352,,,,
"F1","contour",2024,"pre_buffer","29",-10.7489565909111,,,,,,,26.496,,,,
"F1","contour",2024,"pre_buffer","30",-10.7495420510486,,,,,,,26.64,,,,
"F1","contour",2024,"pre_buffer","31",-10.7513378246093,,,,,,,26.784,,,,
"F1","contour",2024,"pre_buffer","32",-10.7540993867633,,,,,,,26.928,,,,
"F1","contour",2024,"pre_buffer","33",-10.7575160426673,,,,,,,27.072,,,,
"F1","contour",2024,"pre_buffer","34",-10.7612772967922,,,,,,,27.216,,,,
"F1","contour",2024,"pre_buffer","35",-10.7650675584831,,,,,,,27.36,,,,
"F1","contour",2024,"pre_buffer","36",-10.7685643047024,,,,,,,27.504,,,,
"F1","contour",2024,"pre_buffer","37",-10.7714413717055,,,,,,,27.648,,,,
"F1","contour",2024,"pre_buffer","38",-10.7733656219192,,,,,,,27.792,,,,
"F1","contour",2024,"pre_buffer","39",-10.7739987502219,,,,,,,27.936,,,,
"F1","contour",2024,"pre_buffer","40",-10.7730048301273,,,,,,,28.08,,,,
"F1","contour",2024,"pre_buffer","41",-10.7700657393161,,,,,,,28.224,,,,
"F1","contour",2024,"pre_buffer","42",-10.7649667875234,,,,,,,28.368,,,,
"F1","contour",2024,"pre_buffer","43",-10.7578623262791,,,,,,,28.512,,,,
"F1","contour",2024,"pre_buffer","44",-10.7490070976842,,,,,,,28.656,,,,
"F1","contour",2024,"pre_buffer","45",-10.7386533827746,,,,,,,28.8,,,,
"F1","contour",2024,"pre_buffer","46",-10.7270434257932,,,,,,,28.944,,,,
"F1","contour",2024,"pre_buffer","47",-10.7144037558928,,,,,,,29.088,,,,
"F1","contour",2024,"pre_buffer","48",-10.7009412746923,,,,,,,29.232,,,,
"F1","contour",2024,"pre_buffer","49",-10.6868408765718,,,,,,,29.376,,,,
"F1","contour",2024,"pre_buffer","50",-10.68,,,,,,,29.443437522361,,,,
"F1","contour",2024,"pre_buffer","51",-10.6723097876172,,,,,,,29.52,,,,
"F1","contour",2024,"pre_buffer","52",-10.6575193366398,,,,,,,29.664,,,,
"F1","contour",2024,"pre_buffer","53",-10.642554284275,,,,,,,29.808,,,,
"F1","contour",2024,"pre_buffer","54",-10.6275003619621,,,,,,,29.952,,,,
"F1","contour",2024,"pre_buffer","55",-10.6124133779212,,,,,,,30.096,,,,
"F1","contour",2024,"pre_buffer","56",-10.5973534884509,,,,,,,30.24,,,,
"F1","contour",2024,"pre_buffer","57",-10.5823904382066,,,,,,,30.384,,,,
"F1","contour",2024,"pre_buffer","58",-10.5676088115515,,,,,,,30.528,,,,
"F1","contour",2024,"pre_buffer","59",-10.56,,,,,,,30.6037249086542,,,,
"F1","contour",2024,"pre_buffer","60",-10.5532031193903,,,,,,,30.672,,,,
"F1","contour",2024,"pre_buffer","61",-10.5393036056357,,,,,,,30.816,,,,
"F1","contour",2024,"pre_buffer","62",-10.5259251238081,,,,,,,30.96,,,,
"F1","contour",2024,"pre_buffer","63",-10.5131929937698,,,,,,,31.104,,,,
"F1","contour",2024,"pre_buffer","64",-10.5012472168836,,,,,,,31.248,,,,
"F1","contour",2024,"pre_buffer","65",-10.4902411780479,,,,,,,31.392,,,,
"F1","contour",2024,"pre_buffer","66",-10.4802921125151,,,,,,,31.536,,,,
"F1","contour",2024,"pre_buffer","67",-10.4712928809005,,,,,,,31.68,,,,
"F1","contour",2024,"pre_buffer","68",-10.4630619051229,,,,,,,31.824,,,,
"F1","contour",2024,"pre_buffer","69",-10.4554113107183,,,,,,,31.968,,,,
"F1","contour",2024,"pre_buffer","70",-10.4481480620337,,,,,,,32.112,,,,
"F1","contour",2024,"pre_buffer","71",-10.4410749252602,,,,,,,32.256,,,,
"F1","contour",2024,"pre_buffer","72",-10.44,,,,,,,32.2778825028373,,,,
"F1","contour",2024,"pre_buffer","73",-10.4339985677734,,,,,,,32.4,,,,
"F1","contour",2024,"pre_buffer","74",-10.4266921787117,,,,,,,32.544,,,,
"F1","contour",2024,"pre_buffer","75",-10.418952406933,,,,,,,32.688,,,,
"F1","contour",2024,"pre_buffer","76",-10.410577055968,,,,,,,32.832,,,,
"F1","contour",2024,"pre_buffer","77",-10.4013624987348,,,,,,,32.976,,,,
"F1","contour",2024,"pre_buffer","78",-10.3911327377637,,,,,,,33.12,,,,
"F1","contour",2024,"pre_buffer","79",-10.379856426484,,,,,,,33.264,,,,
"F1","contour",2024,"pre_buffer","80",-10.3675439400627,,,,,,,33.408,,,,
"F1","contour",2024,"pre_buffer","81",-10.3541987283088,,,,,,,33.552,,,,
"F1","contour",2024,"pre_buffer","82",-10.3398157373463,,,,,,,33.696,,,,
"F1","contour",2024,"pre_buffer","83",-10.3243797992487,,,,,,,33.84,,,,
"F1","contour",2024,"pre_buffer","84",-10.32,,,,,,,33.8782964485328,,,,
"F1","contour",2024,"pre_buffer","85",-10.3077578962893,,,,,,,33.984,,,,
"F1","contour",2024,"pre_buffer","86",-10.2899697097327,,,,,,,34.128,,,,
"F1","contour",2024,"pre_buffer","87",-10.271022500252,,,,,,,34.272,,,,
"F1","contour",2024,"pre_buffer","88",-10.2508731438977,,,,,,,34.416,,,,
"F1","contour",2024,"pre_buffer","89",-10.2294577245361,,,,,,,34.56,,,,
"F1","contour",2024,"pre_buffer","90",-10.2066935202698,,,,,,,34.704,,,,
"F1","contour",2024,"pre_buffer","91",-10.2,,,,,,,34.7441534072933,,,,
"F1","contour",2024,"pre_buffer","92",-10.1823963609667,,,,,,,34.848,,,,
"F1","contour",2024,"pre_buffer","93",-10.1565876463754,,,,,,,34.992,,,,
"F1","contour",2024,"pre_buffer","94",-10.1292937955342,,,,,,,35.136,,,,
"F1","contour",2024,"pre_buffer","95",-10.1005354790838,,,,,,,35.28,,,,
"F1","contour",2024,"pre_buffer","96",-10.08,,,,,,,35.3784103249955,,,,
"F1","contour",2024,"pre_buffer","97",-10.0703536031478,,,,,,,35.424,,,,
"F1","contour",2024,"pre_buffer","98",-10.0388404484046,,,,,,,35.568,,,,
"F1","contour",2024,"pre_buffer","99",-10.0062224588184,,,,,,,35.712,,,,
"F1","contour",2024,"pre_buffer","100",-9.97272842788459,,,,,,,35.856,,,,
"F1","contour",2024,"pre_buffer","101",-9.96,,,,,,,35.9099959549199,,,,
"F1","contour",2024,"pre_buffer","102",-9.93863887186708,,,,,,,36,,,,
"F1","contour",2024,"pre_buffer","103",-9.90426492459009,,,,,,,36.144,,,,
"F1","contour",2024,"pre_buffer","104",-9.86993782898881,,,,,,,36.288,,,,
"F1","contour",2024,"pre_buffer","105",-9.84,,,,,,,36.4139782492449,,,,
"F1","contour",2024,"pre_buffer","106",-9.83570227296638,,,,,,,36.432,,,,
"F1","contour",2024,"pre_buffer","107",-9.80129031567957,,,,,,,36.576,,,,
"F1","contour",2024,"pre_buffer","108",-9.76648977334821,,,,,,,36.72,,,,
"F1","contour",2024,"pre_buffer","109",-9.73098613322253,,,,,,,36.864,,,,
"F1","contour",2024,"pre_buffer","110",-9.72,,,,,,,36.9072937950537,,,,
"F1","contour",2024,"pre_buffer","111",-9.69409450442589,,,,,,,37.008,,,,
"F1","contour",2024,"pre_buffer","112",-9.65533244990112,,,,,,,37.152,,,,
"F1","contour",2024,"pre_buffer","113",-9.61425771286741,,,,,,,37.296,,,,
"F1","contour",2024,"pre_buffer","114",-9.6,,,,,,,37.3429073129323,,,,
"F1","contour",2024,"pre_buffer","115",-9.56968949974734,,,,,,,37.44,,,,
"F1","contour",2024,"pre_buffer","116",-9.52098630865321,,,,,,,37.584,,,,
"F1","contour",2024,"pre_buffer","117",-9.48,,,,,,,37.6948321627245,,,,
"F1","contour",2024,"pre_buffer","118",-9.46732932750998,,,,,,,37.728,,,,
"F1","contour",2024,"pre_buffer","119",-9.40729389735999,,,,,,,37.872,,,,
"F1","contour",2024,"pre_buffer","120",-9.36,,,,,,,37.9759295716366,,,,
"F1","contour",2024,"pre_buffer","121",-9.34125511587746,,,,,,,38.016,,,,
"F1","contour",2024,"pre_buffer","122",-9.26917990422902,,,,,,,38.16,,,,
"F1","contour",2024,"pre_buffer","123",-9.24,,,,,,,38.2149149260734,,,,
"F1","contour",2024,"pre_buffer","124",-9.19203727894333,,,,,,,38.304,,,,
"F1","contour",2024,"pre_buffer","125",-9.12,,,,,,,38.4319370344704,,,,
"F1","contour",2024,"pre_buffer","126",-9.11090867941738,,,,,,,38.448,,,,
"F1","contour",2024,"pre_buffer","127",-9.026717515301,,,,,,,38.592,,,,
"F1","contour",2024,"pre_buffer","128",-9,,,,,,,38.6364132158341,,,,
"F1","contour",2024,"pre_buffer","129",-8.94023655218847,,,,,,,38.736,,,,
"F1","contour",2024,"pre_buffer","130",-8.88,,,,,,,38.8340159449745,,,,
"F1","contour",2024,"pre_buffer","131",-8.85175031273373,,,,,,,38.88,,,,
"F1","contour",2024,"pre_buffer","132",-8.76096088104753,,,,,,,39.024,,,,
"F1","contour",2024,"pre_buffer","133",-8.76,,,,,,,39.0254779922521,,,,
"F1","contour",2024,"pre_buffer","134",-8.66640805182283,,,,,,,39.168,,,,
"F1","contour",2024,"pre_buffer","135",-8.64,,,,,,,39.2065966334623,,,,
"F1","contour",2024,"pre_buffer","136",-8.56615960669237,,,,,,,39.312,,,,
"F1","contour",2024,"pre_buffer","137",-8.52,,,,,,,39.3743113118777,,,,
"F1","contour",2024,"pre_buffer","138",-8.45699686727773,,,,,,,39.456,,,,
"F1","contour",2024,"pre_buffer","139",-8.4,,,,,,,39.5252322615436,,,,
"F1","contour",2024,"pre_buffer","140",-8.33480772209472,,,,,,,39.6,,,,
"F1","contour",2024,"pre_buffer","141",-8.28,,,,,,,39.6587915062041,,,,
"F1","contour",2024,"pre_buffer","142",-8.1945508621929,,,,,,,39.744,,,,
"F1","contour",2024,"pre_buffer","143",-8.16,,,,,,,39.7763565588583,,,,
"F1","contour",2024,"pre_buffer","144",-8.04,,,,,,,39.8796982195325,,,,
"F1","contour",2024,"pre_buffer","145",-8.02946576697063,,,,,,,39.888,,,,
"F1","contour",2024,"pre_buffer","146",-7.92,,,,,,,39.9700345193952,,,,
"F1","contour",2024,"pre_buffer","147",-7.82866804662038,,,,,,,40.032,,,,
"F1","contour",2024,"pre_buffer","148",-7.8,,,,,,,40.0507460332734,,,,
"F1","contour",2024,"pre_buffer","149",-7.68,,,,,,,40.1228664689015,,,,
"F1","contour",2024,"pre_buffer","150",-7.58435248152114,,,,,,,40.176,,,,
"F1","contour",2024,"pre_buffer","151",-7.56,,,,,,,40.1892876977805,,,,
"F1","contour",2024,"pre_buffer","152",-7.44,,,,,,,40.2507091703676,,,,
"F1","contour",2024,"pre_buffer","153",-7.32,,,,,,,40.3089815162626,,,,
"F1","contour",2024,"pre_buffer","154",-7.2961791593909,,,,,,,40.32,,,,
"F1","contour",2024,"pre_buffer","155",-7.2,,,,,,,40.3644972868075,,,,
"F1","contour",2024,"pre_buffer","156",-7.08,,,,,,,40.4182091523363,,,,
"F1","contour",2024,"pre_buffer","157",-6.97511665411493,,,,,,,40.464,,,,
"F1","contour",2024,"pre_buffer","158",-6.96,,,,,,,40.470648926189,,,,
"F1","contour",2024,"pre_buffer","159",-6.84,,,,,,,40.5219476345706,,,,
"F1","contour",2024,"pre_buffer","160",-6.72,,,,,,,40.5725374709555,,,,
"F1","contour",2024,"pre_buffer","161",-6.6345922461972,,,,,,,40.608,,,,
"F1","contour",2024,"pre_buffer","162",-6.6,,,,,,,40.6224449117097,,,,
"F1","contour",2024,"pre_buffer","163",-6.48,,,,,,,40.6714630171162,,,,
"F1","contour",2024,"pre_buffer","164",-6.36,,,,,,,40.7196928834358,,,,
"F1","contour",2024,"pre_buffer","165",-6.27755742958874,,,,,,,40.752,,,,
"F1","contour",2024,"pre_buffer","166",-6.24,,,,,,,40.7666419256078,,,,
"F1","contour",2024,"pre_buffer","167",-6.12,,,,,,,40.811659789948,,,,
"F1","contour",2024,"pre_buffer","168",-6,,,,,,,40.8547966117456,,,,
"F1","contour",2024,"pre_buffer","169",-5.88,,,,,,,40.8957722339015,,,,
"F1","contour",2024,"pre_buffer","170",-5.87928973126142,,,,,,,40.896,,,,
"F1","contour",2024,"pre_buffer","171",-5.76,,,,,,,40.9336067281376,,,,
"F1","contour",2024,"pre_buffer","172",-5.64,,,,,,,40.9688200834471,,,,
"F1","contour",2024,"pre_buffer","173",-5.52,,,,,,,41.0012475555996,,,,
"F1","contour",2024,"pre_buffer","174",-5.4,,,,,,,41.030733939758,,,,
"F1","contour",2024,"pre_buffer","175",-5.35787820547121,,,,,,,41.04,,,,
"F1","contour",2024,"pre_buffer","176",-5.28,,,,,,,41.0568168222089,,,,
"F1","contour",2024,"pre_buffer","177",-5.16,,,,,,,41.0796093233942,,,,
"F1","contour",2024,"pre_buffer","178",-5.04,,,,,,,41.0991780352783,,,,
"F1","contour",2024,"pre_buffer","179",-4.92,,,,,,,41.1154568353594,,,,
"F1","contour",2024,"pre_buffer","180",-4.8,,,,,,,41.1286743078152,,,,
"F1","contour",2024,"pre_buffer","181",-4.68,,,,,,,41.1391701618577,,,,
"F1","contour",2024,"pre_buffer","182",-4.56,,,,,,,41.1472810126125,,,,
"F1","contour",2024,"pre_buffer","183",-4.44,,,,,,,41.153341438058,,,,
"F1","contour",2024,"pre_buffer","184",-4.32,,,,,,,41.1576750842248,,,,
"F1","contour",2024,"pre_buffer","185",-4.2,,,,,,,41.1605958564874,,,,
"F1","contour",2024,"pre_buffer","186",-4.08,,,,,,,41.1624194358515,,,,
"F1","contour",2024,"pre_buffer","187",-3.96,,,,,,,41.1634641194204,,,,
"F1","contour",2024,"pre_buffer","188",-3.84,,,,,,,41.1640505769881,,,,
"F1","contour",2024,"pre_buffer","189",-3.72,,,,,,,41.1645009963489,,,,
"F1","contour",2024,"pre_buffer","190",-3.6,,,,,,,41.1651376166045,,,,
"F1","contour",2024,"pre_buffer","191",-3.48,,,,,,,41.1662348416727,,,,
"F1","contour",2024,"pre_buffer","192",-3.36,,,,,,,41.1678095443727,,,,
"F1","contour",2024,"pre_buffer","193",-3.24,,,,,,,41.1697895482758,,,,
"F1","contour",2024,"pre_buffer","194",-3.12,,,,,,,41.1721025298095,,,,
"F1","contour",2024,"pre_buffer","195",-3,,,,,,,41.1746768295307,,,,
"F1","contour",2024,"pre_buffer","196",-2.88,,,,,,,41.1774420244536,,,,
"F1","contour",2024,"pre_buffer","197",-2.76,,,,,,,41.1803281067269,,,,
"F1","contour",2024,"pre_buffer","198",-2.64,,,,,,,41.1832647023995,,,,
"F1","contour",2024,"pre_buffer","199",-2.60987867374211,,,,,,,41.184,,,,
"F1","contour",2024,"pre_buffer","200",-2.52,,,,,,,41.1861710577643,,,,
"F1","contour",2024,"pre_buffer","201",-2.4,,,,,,,41.1889864328,,,,
"F1","contour",2024,"pre_buffer","202",-2.28,,,,,,,41.1916518521409,,,,
"F1","contour",2024,"pre_buffer","203",-2.16,,,,,,,41.1941071793283,,,,
"F1","contour",2024,"pre_buffer","204",-2.04,,,,,,,41.1963073334182,,,,
"F1","contour",2024,"pre_buffer","205",-1.92,,,,,,,41.1982713943423,,,,
"F1","contour",2024,"pre_buffer","206",-1.8,,,,,,,41.2000371688862,,,,
"F1","contour",2024,"pre_buffer","207",-1.68,,,,,,,41.2016418269772,,,,
"F1","contour",2024,"pre_buffer","208",-1.56,,,,,,,41.2031219855567,,,,
"F1","contour",2024,"pre_buffer","209",-1.44,,,,,,,41.204514115225,,,,
"F1","contour",2024,"pre_buffer","210",-1.32,,,,,,,41.2058605804226,,,,
"F1","contour",2024,"pre_buffer","211",-1.2,,,,,,,41.2072099418803,,,,
"F1","contour",2024,"pre_buffer","212",-1.08,,,,,,,41.2086115469555,,,,
"F1","contour",2024,"pre_buffer","213",-0.96,,,,,,,41.2101157941224,,,,
"F1","contour",2024,"pre_buffer","214",-0.84,,,,,,,41.2117737772731,,,,
"F1","contour",2024,"pre_buffer","215",-0.72,,,,,,,41.2136359598618,,,,
"F1","contour",2024,"pre_buffer","216",-0.6,,,,,,,41.2157515459408,,,,
"F1","contour",2024,"pre_buffer","217",-0.48,,,,,,,41.2181554755698,,,,
"F1","contour",2024,"pre_buffer","218",-0.36,,,,,,,41.220878127996,,,,
"F1","contour",2024,"pre_buffer","219",-0.24,,,,,,,41.223948636094,,,,
"F1","contour",2024,"pre_buffer","220",-0.12,,,,,,,41.2273937785438,,,,
"F1","contour",2024,"pre_buffer","221",0,,,,,,,41.2312365908824,,,,
"F1","contour",2024,"pre_buffer","222",0.12,,,,,,,41.2354947113372,,,,
"F1","contour",2024,"pre_buffer","223",0.24,,,,,,,41.2401785102792,,,,
"F1","contour",2024,"pre_buffer","224",0.36,,,,,,,41.2452890950555,,,,
"F1","contour",2024,"pre_buffer","225",0.48,,,,,,,41.2508163317761,,,,
"F1","contour",2024,"pre_buffer","226",0.6,,,,,,,41.2567370758903,,,,
"F1","contour",2024,"pre_buffer","227",0.72,,,,,,,41.2630138435594,,,,
"F1","contour",2024,"pre_buffer","228",0.84,,,,,,,41.2695525226115,,,,
"F1","contour",2024,"pre_buffer","229",0.96,,,,,,,41.2760979695817,,,,
"F1","contour",2024,"pre_buffer","230",1.08,,,,,,,41.2823745446631,,,,
"F1","contour",2024,"pre_buffer","231",1.2,,,,,,,41.288134586358,,,,
"F1","contour",2024,"pre_buffer","232",1.32,,,,,,,41.2931559716914,,,,
"F1","contour",2024,"pre_buffer","233",1.44,,,,,,,41.2972393767632,,,,
"F1","contour",2024,"pre_buffer","234",1.56,,,,,,,41.3002054297731,,,,
"F1","contour",2024,"pre_buffer","235",1.68,,,,,,,41.3018889824916,,,,
"F1","contour",2024,"pre_buffer","236",1.8,,,,,,,41.3021335818518,,,,
"F1","contour",2024,"pre_buffer","237",1.92,,,,,,,41.3007863400777,,,,
"F1","contour",2024,"pre_buffer","238",2.04,,,,,,,41.2976906856175,,,,
"F1","contour",2024,"pre_buffer","239",2.16,,,,,,,41.2926782007319,,,,
"F1","contour",2024,"pre_buffer","240",2.28,,,,,,,41.285645731765,,,,
"F1","contour",2024,"pre_buffer","241",2.4,,,,,,,41.2767492293387,,,,
"F1","contour",2024,"pre_buffer","242",2.52,,,,,,,41.2661859907923,,,,
"F1","contour",2024,"pre_buffer","243",2.64,,,,,,,41.2541440397109,,,,
"F1","contour",2024,"pre_buffer","244",2.76,,,,,,,41.2408083599537,,,,
"F1","contour",2024,"pre_buffer","245",2.88,,,,,,,41.226366250941,,,,
"F1","contour",2024,"pre_buffer","246",3,,,,,,,41.2110116644251,,,,
"F1","contour",2024,"pre_buffer","247",3.12,,,,,,,41.1949467699901,,,,
"F1","contour",2024,"pre_buffer","248",3.1994338929128,,,,,,,41.184,,,,
"F1","contour",2024,"pre_buffer","249",3.24,,,,,,,41.1782939130458,,,,
"F1","contour",2024,"pre_buffer","250",3.36,,,,,,,41.1611890227187,,,,
"F1","contour",2024,"pre_buffer","251",3.48,,,,,,,41.1440775884968,,,,
"F1","contour",2024,"pre_buffer","252",3.6,,,,,,,41.127251340789,,,,
"F1","contour",2024,"pre_buffer","253",3.72,,,,,,,41.1109388445363,,,,
"F1","contour",2024,"pre_buffer","254",3.84,,,,,,,41.0951349364561,,,,
"F1","contour",2024,"pre_buffer","255",3.96,,,,,,,41.0797837366791,,,,
"F1","contour",2024,"pre_buffer","256",4.08,,,,,,,41.0648212275131,,,,
"F1","contour",2024,"pre_buffer","257",4.2,,,,,,,41.050175998239,,,,
"F1","contour",2024,"pre_buffer","258",4.28475348328535,,,,,,,41.04,,,,
"F1","contour",2024,"pre_buffer","259",4.32,,,,,,,41.0357552517923,,,,
"F1","contour",2024,"pre_buffer","260",4.44,,,,,,,41.0214931260808,,,,
"F1","contour",2024,"pre_buffer","261",4.56,,,,,,,41.0073505325025,,,,
"F1","contour",2024,"pre_buffer","262",4.68,,,,,,,40.9932276390351,,,,
"F1","contour",2024,"pre_buffer","263",4.8,,,,,,,40.9790211737885,,,,
"F1","contour",2024,"pre_buffer","264",4.92,,,,,,,40.9646191963387,,,,
"F1","contour",2024,"pre_buffer","265",5.04,,,,,,,40.9499037350088,,,,
"F1","contour",2024,"pre_buffer","266",5.16,,,,,,,40.9347285589313,,,,
"F1","contour",2024,"pre_buffer","267",5.28,,,,,,,40.9188895163387,,,,
"F1","contour",2024,"pre_buffer","268",5.4,,,,,,,40.9021767282782,,,,
"F1","contour",2024,"pre_buffer","269",5.44168131636143,,,,,,,40.896,,,,
"F1","contour",2024,"pre_buffer","270",5.52,,,,,,,40.8844434179331,,,,
"F1","contour",2024,"pre_buffer","271",5.64,,,,,,,40.8654154060974,,,,
"F1","contour",2024,"pre_buffer","272",5.76,,,,,,,40.8448291550255,,,,
"F1","contour",2024,"pre_buffer","273",5.88,,,,,,,40.822464123315,,,,
"F1","contour",2024,"pre_buffer","274",6,,,,,,,40.7981045746729,,,,
"F1","contour",2024,"pre_buffer","275",6.12,,,,,,,40.7715418145038,,,,
"F1","contour",2024,"pre_buffer","276",6.20107272313608,,,,,,,40.752,,,,
"F1","contour",2024,"pre_buffer","277",6.24,,,,,,,40.742510572227,,,,
"F1","contour",2024,"pre_buffer","278",6.36,,,,,,,40.7106455650677,,,,
"F1","contour",2024,"pre_buffer","279",6.48,,,,,,,40.6758544514196,,,,
"F1","contour",2024,"pre_buffer","280",6.6,,,,,,,40.6380772991142,,,,
"F1","contour",2024,"pre_buffer","281",6.68906873309688,,,,,,,40.608,,,,
"F1","contour",2024,"pre_buffer","282",6.72,,,,,,,40.5973604739616,,,,
"F1","contour",2024,"pre_buffer","283",6.84,,,,,,,40.5535342715571,,,,
"F1","contour",2024,"pre_buffer","284",6.96,,,,,,,40.5071534495639,,,,
"F1","contour",2024,"pre_buffer","285",7.06631795548391,,,,,,,40.464,,,,
"F1","contour",2024,"pre_buffer","286",7.08,,,,,,,40.4583307761835,,,,
"F1","contour",2024,"pre_buffer","287",7.2,,,,,,,40.4066020241355,,,,
"F1","contour",2024,"pre_buffer","288",7.32,,,,,,,40.3527197050094,,,,
"F1","contour",2024,"pre_buffer","289",7.39049153150185,,,,,,,40.32,,,,
"F1","contour",2024,"pre_buffer","290",7.44,,,,,,,40.2965407229983,,,,
"F1","contour",2024,"pre_buffer","291",7.56,,,,,,,40.237986418415,,,,
"F1","contour",2024,"pre_buffer","292",7.68,,,,,,,40.1775715559487,,,,
"F1","contour",2024,"pre_buffer","293",7.68305847393319,,,,,,,40.176,,,,
"F1","contour",2024,"pre_buffer","294",7.8,,,,,,,40.1147125476814,,,,
"F1","contour",2024,"pre_buffer","295",7.92,,,,,,,40.0499429464766,,,,
"F1","contour",2024,"pre_buffer","296",7.95248573777802,,,,,,,40.032,,,,
"F1","contour",2024,"pre_buffer","297",8.04,,,,,,,39.9827883561667,,,,
"F1","contour",2024,"pre_buffer","298",8.16,,,,,,,39.9128263236024,,,,
"F1","contour",2024,"pre_buffer","299",8.20106317743878,,,,,,,39.888,,,,
"F1","contour",2024,"pre_buffer","300",8.28,,,,,,,39.8394772495744,,,,
"F1","contour",2024,"pre_buffer","301",8.4,,,,,,,39.7621334816658,,,,
"F1","contour",2024,"pre_buffer","302",8.42692382909487,,,,,,,39.744,,,,
"F1","contour",2024,"pre_buffer","303",8.52,,,,,,,39.6802888991493,,,,
"F1","contour",2024,"pre_buffer","304",8.63086949299259,,,,,,,39.6,,,,
"F1","contour",2024,"pre_buffer","305",8.64,,,,,,,39.5932887234492,,,,
"F1","contour",2024,"pre_buffer","306",8.76,,,,,,,39.5006190397994,,,,
"F1","contour",2024,"pre_buffer","307",8.81461706690579,,,,,,,39.456,,,,
"F1","contour",2024,"pre_buffer","308",8.88,,,,,,,39.4016601503397,,,,
"F1","contour",2024,"pre_buffer","309",8.98185193705687,,,,,,,39.312,,,,
"F1","contour",2024,"pre_buffer","310",9,,,,,,,39.2956951548747,,,,
"F1","contour",2024,"pre_buffer","311",9.12,,,,,,,39.1819890177305,,,,
"F1","contour",2024,"pre_buffer","312",9.13405212312723,,,,,,,39.168,,,,
"F1","contour",2024,"pre_buffer","313",9.24,,,,,,,39.0593188356015,,,,
"F1","contour",2024,"pre_buffer","314",9.27281839078987,,,,,,,39.024,,,,
"F1","contour",2024,"pre_buffer","315",9.36,,,,,,,38.9267183614242,,,,
"F1","contour",2024,"pre_buffer","316",9.40012710077908,,,,,,,38.88,,,,
"F1","contour",2024,"pre_buffer","317",9.48,,,,,,,38.7831308071863,,,,
"F1","contour",2024,"pre_buffer","318",9.51738589136212,,,,,,,38.736,,,,
"F1","contour",2024,"pre_buffer","319",9.6,,,,,,,38.6271048483408,,,,
"F1","contour",2024,"pre_buffer","320",9.62569413222221,,,,,,,38.592,,,,
"F1","contour",2024,"pre_buffer","321",9.72,,,,,,,38.456872235522,,,,
"F1","contour",2024,"pre_buffer","322",9.72598676809766,,,,,,,38.448,,,,
"F1","contour",2024,"pre_buffer","323",9.81879731773673,,,,,,,38.304,,,,
"F1","contour",2024,"pre_buffer","324",9.84,,,,,,,38.2693760223972,,,,
"F1","contour",2024,"pre_buffer","325",9.90499330174814,,,,,,,38.16,,,,
"F1","contour",2024,"pre_buffer","326",9.96,,,,,,,38.0623756334109,,,,
"F1","contour",2024,"pre_buffer","327",9.98538612189898,,,,,,,38.016,,,,
"F1","contour",2024,"pre_buffer","328",10.0604085927721,,,,,,,37.872,,,,
"F1","contour",2024,"pre_buffer","329",10.08,,,,,,,37.8325091476262,,,,
"F1","contour",2024,"pre_buffer","330",10.1305276596262,,,,,,,37.728,,,,
"F1","contour",2024,"pre_buffer","331",10.1966931103282,,,,,,,37.584,,,,
"F1","contour",2024,"pre_buffer","332",10.2,,,,,,,37.5764881652944,,,,
"F1","contour",2024,"pre_buffer","333",10.258741090371,,,,,,,37.44,,,,
"F1","contour",2024,"pre_buffer","334",10.3177888615562,,,,,,,37.296,,,,
"F1","contour",2024,"pre_buffer","335",10.32,,,,,,,37.2903895573856,,,,
"F1","contour",2024,"pre_buffer","336",10.3734811033934,,,,,,,37.152,,,,
"F1","contour",2024,"pre_buffer","337",10.4267494421082,,,,,,,37.008,,,,
"F1","contour",2024,"pre_buffer","338",10.44,,,,,,,36.9707811577864,,,,
"F1","contour",2024,"pre_buffer","339",10.4773821991346,,,,,,,36.864,,,,
"F1","contour",2024,"pre_buffer","340",10.5258720215261,,,,,,,36.72,,,,
"F1","contour",2024,"pre_buffer","341",10.56,,,,,,,36.6146133557583,,,,
"F1","contour",2024,"pre_buffer","342",10.5723208674142,,,,,,,36.576,,,,
"F1","contour",2024,"pre_buffer","343",10.6166578112163,,,,,,,36.432,,,,
"F1","contour",2024,"pre_buffer","344",10.6592058349051,,,,,,,36.288,,,,
"F1","contour",2024,"pre_buffer","345",10.68,,,,,,,36.2147242006997,,,,
"F1","contour",2024,"pre_buffer","346",10.6997655904028,,,,,,,36.144,,,,
"F1","contour",2024,"pre_buffer","347",10.7382860882072,,,,,,,36,,,,
"F1","contour",2024,"pre_buffer","348",10.7748453369206,,,,,,,35.856,,,,
"F1","contour",2024,"pre_buffer","349",10.8,,,,,,,35.7514353493788,,,,
"F1","contour",2024,"pre_buffer","350",10.8092879391612,,,,,,,35.712,,,,
"F1","contour",2024,"pre_buffer","351",10.8414182122046,,,,,,,35.568,,,,
"F1","contour",2024,"pre_buffer","352",10.8715072930332,,,,,,,35.424,,,,
"F1","contour",2024,"pre_buffer","353",10.8996122223198,,,,,,,35.28,,,,
"F1","contour",2024,"pre_buffer","354",10.92,,,,,,,35.168311462624,,,,
"F1","contour",2024,"pre_buffer","355",10.9257400039986,,,,,,,35.136,,,,
"F1","contour",2024,"pre_buffer","356",10.9498074700092,,,,,,,34.992,,,,
"F1","contour",2024,"pre_buffer","357",10.9722303187474,,,,,,,34.848,,,,
"F1","contour",2024,"pre_buffer","358",10.9931646223308,,,,,,,34.704,,,,
"F1","contour",2024,"pre_buffer","359",11.0127775823805,,,,,,,34.56,,,,
"F1","contour",2024,"pre_buffer","360",11.031227208721,,,,,,,34.416,,,,
"F1","contour",2024,"pre_buffer","361",11.04,,,,,,,34.3436736573051,,,,
"F1","contour",2024,"pre_buffer","362",11.0485078448202,,,,,,,34.272,,,,
"F1","contour",2024,"pre_buffer","363",11.0647332142382,,,,,,,34.128,,,,
"F1","contour",2024,"pre_buffer","364",11.0801070653196,,,,,,,33.984,,,,
"F1","contour",2024,"pre_buffer","365",11.0947073953832,,,,,,,33.84,,,,
"F1","contour",2024,"pre_buffer","366",11.1086099067893,,,,,,,33.696,,,,
"F1","contour",2024,"pre_buffer","367",11.1218847711232,,,,,,,33.552,,,,
"F1","contour",2024,"pre_buffer","368",11.1345966164619,,,,,,,33.408,,,,
"F1","contour",2024,"pre_buffer","369",11.1468054122803,,,,,,,33.264,,,,
"F1","contour",2024,"pre_buffer","370",11.1585672561459,,,,,,,33.12,,,,
"F1","contour",2024,"pre_buffer","371",11.16,,,,,,,33.101794274923,,,,
"F1","contour",2024,"pre_buffer","372",11.1698829919394,,,,,,,32.976,,,,
"F1","contour",2024,"pre_buffer","373",11.1808684304543,,,,,,,32.832,,,,
"F1","contour",2024,"pre_buffer","374",11.1915931413749,,,,,,,32.688,,,,
"F1","contour",2024,"pre_buffer","375",11.2021093345741,,,,,,,32.544,,,,
"F1","contour",2024,"pre_buffer","376",11.2124576909869,,,,,,,32.4,,,,
"F1","contour",2024,"pre_buffer","377",11.2226677249959,,,,,,,32.256,,,,
"F1","contour",2024,"pre_buffer","378",11.2327577729525,,,,,,,32.112,,,,
"F1","contour",2024,"pre_buffer","379",11.2427344522784,,,,,,,31.968,,,,
"F1","contour",2024,"pre_buffer","380",11.2525930102827,,,,,,,31.824,,,,
"F1","contour",2024,"pre_buffer","381",11.2623174974793,,,,,,,31.68,,,,
"F1","contour",2024,"pre_buffer","382",11.2718809023792,,,,,,,31.536,,,,
"F1","contour",2024,"pre_buffer","383",11.28,,,,,,,31.4111054486815,,,,
"F1","contour",2024,"pre_buffer","384",11.2812478433934,,,,,,,31.392,,,,
"F1","contour",2024,"pre_buffer","385",11.29039125416,,,,,,,31.248,,,,
"F1","contour",2024,"pre_buffer","386",11.2992645981708,,,,,,,31.104,,,,
"F1","contour",2024,"pre_buffer","387",11.3078445044739,,,,,,,30.96,,,,
"F1","contour",2024,"pre_buffer","388",11.3161191379246,,,,,,,30.816,,,,
"F1","contour",2024,"pre_buffer","389",11.3240874975879,,,,,,,30.672,,,,
"F1","contour",2024,"pre_buffer","390",11.3317569706336,,,,,,,30.528,,,,
"F1","contour",2024,"pre_buffer","391",11.3391386150277,,,,,,,30.384,,,,
"F1","contour",2024,"pre_buffer","392",11.3462503670722,,,,,,,30.24,,,,
"F1","contour",2024,"pre_buffer","393",11.353117283648,,,,,,,30.096,,,,
"F1","contour",2024,"pre_buffer","394",11.3597716303436,,,,,,,29.952,,,,
"F1","contour",2024,"pre_buffer","395",11.3662549925284,,,,,,,29.808,,,,
"F1","contour",2024,"pre_buffer","396",11.3725825039622,,,,,,,29.664,,,,
"F1","contour",2024,"pre_buffer","397",11.3786556929182,,,,,,,29.52,,,,
"F1","contour",2024,"pre_buffer","398",11.384347792499,,,,,,,29.376,,,,
"F1","contour",2024,"pre_buffer","399",11.3895282072376,,,,,,,29.232,,,,
"F1","contour",2024,"pre_buffer","400",11.3940621223226,,,,,,,29.088,,,,
"F1","contour",2024,"pre_buffer","401",11.3978103542607,,,,,,,28.944,,,,
"F1","contour",2024,"pre_buffer","402",11.4,,,,,,,28.8321113129006,,,,
"F1","contour",2024,"pre_buffer","403",11.4006305844438,,,,,,,28.8,,,,
"F1","contour",2024,"pre_buffer","404",11.4023756211717,,,,,,,28.656,,,,
"F1","contour",2024,"pre_buffer","405",11.4028913018771,,,,,,,28.512,,,,
"F1","contour",2024,"pre_buffer","406",11.4020257753054,,,,,,,28.368,,,,
"F1","contour",2024,"pre_buffer","407",11.4,,,,,,,28.246418549547,,,,
"F1","contour",2024,"pre_buffer","408",11.399626169617,,,,,,,28.224,,,,
"F1","contour",2024,"pre_buffer","409",11.3956184510944,,,,,,,28.08,,,,
"F1","contour",2024,"pre_buffer","410",11.3902121422224,,,,,,,27.936,,,,
"F1","contour",2024,"pre_buffer","411",11.3836884093087,,,,,,,27.792,,,,
"F1","contour",2024,"pre_buffer","412",11.3763295651546,,,,,,,27.648,,,,
"F1","contour",2024,"pre_buffer","413",11.3684182831119,,,,,,,27.504,,,,
"F1","contour",2024,"pre_buffer","414",11.3602370747863,,,,,,,27.36,,,,
"F1","contour",2024,"pre_buffer","415",11.3520669752769,,,,,,,27.216,,,,
"F1","contour",2024,"pre_buffer","416",11.3441844947521,,,,,,,27.072,,,,
"F1","contour",2024,"pre_buffer","417",11.3368650622695,,,,,,,26.928,,,,
"F1","contour",2024,"pre_buffer","418",11.3303846538815,,,,,,,26.784,,,,
"F1","contour",2024,"pre_buffer","419",11.3250207222299,,,,,,,26.64,,,,
"F1","contour",2024,"pre_buffer","420",11.3209444174606,,,,,,,26.496,,,,
"F1","contour",2024,"pre_buffer","421",11.3178932695098,,,,,,,26.352,,,,
"F1","contour",2024,"pre_buffer","422",11.3154955606684,,,,,,,26.208,,,,
"F1","contour",2024,"pre_buffer","423",11.3133776277433,,,,,,,26.064,,,,
"F1","contour",2024,"pre_buffer","424",11.3111632205096,,,,,,,25.92,,,,
"F1","contour",2024,"pre_buffer","425",11.3084739032889,,,,,,,25.776,,,,
"F1","contour",2024,"pre_buffer","426",11.3049285763575,,,,,,,25.632,,,,
"F1","contour",2024,"pre_buffer","427",11.3001432289211,,,,,,,25.488,,,,
"F1","contour",2024,"pre_buffer","428",11.2937388675425,,,,,,,25.344,,,,
"F1","contour",2024,"pre_buffer","429",11.2853471697961,,,,,,,25.2,,,,
"F1","contour",2024,"pre_buffer","430",11.28,,,,,,,25.1283114612706,,,,
"F1","contour",2024,"pre_buffer","431",11.2745819243117,,,,,,,25.056,,,,
"F1","contour",2024,"pre_buffer","432",11.2612204070877,,,,,,,24.912,,,,
"F1","contour",2024,"pre_buffer","433",11.2456221763963,,,,,,,24.768,,,,
"F1","contour",2024,"pre_buffer","434",11.228241211895,,,,,,,24.624,,,,
"F1","contour",2024,"pre_buffer","435",11.2095105549316,,,,,,,24.48,,,,
"F1","contour",2024,"pre_buffer","436",11.189834436691,,,,,,,24.336,,,,
"F1","contour",2024,"pre_buffer","437",11.1695836054635,,,,,,,24.192,,,,
"F1","contour",2024,"pre_buffer","438",11.16,,,,,,,24.1248529330249,,,,
"F1","contour",2024,"pre_buffer","439",11.1490908568652,,,,,,,24.048,,,,
"F1","contour",2024,"pre_buffer","440",11.1286830728987,,,,,,,23.904,,,,
"F1","contour",2024,"pre_buffer","441",11.1086343859287,,,,,,,23.76,,,,
"F1","contour",2024,"pre_buffer","442",11.0891753873998,,,,,,,23.616,,,,
"F1","contour",2024,"pre_buffer","443",11.0705106712554,,,,,,,23.472,,,,
"F1","contour",2024,"pre_buffer","444",11.0527338810457,,,,,,,23.328,,,,
"F1","contour",2024,"pre_buffer","445",11.04,,,,,,,23.2214310624118,,,,
"F1","contour",2024,"pre_buffer","446",11.0355244972963,,,,,,,23.184,,,,
"F1","contour",2024,"pre_buffer","447",11.0184565582087,,,,,,,23.04,,,,
"F1","contour",2024,"pre_buffer","448",11.0010588973178,,,,,,,22.896,,,,
"F1","contour",2024,"pre_buffer","449",10.9829033386962,,,,,,,22.752,,,,
"F1","contour",2024,"pre_buffer","450",10.9635615054827,,,,,,,22.608,,,,
"F1","contour",2024,"pre_buffer","451",10.942601646372,,,,,,,22.464,,,,
"F1","contour",2024,"pre_buffer","452",10.92,,,,,,,22.3225475865448,,,,
"F1","contour",2024,"pre_buffer","453",10.9195878999242,,,,,,,22.32,,,,
"F1","contour",2024,"pre_buffer","454",10.8940803390066,,,,,,,22.176,,,,
"F1","contour",2024,"pre_buffer","455",10.8656562972011,,,,,,,22.032,,,,
"F1","contour",2024,"pre_buffer","456",10.8339297444865,,,,,,,21.888,,,,
"F1","contour",2024,"pre_buffer","457",10.8,,,,,,,21.7494359117241,,,,
"F1","contour",2024,"pre_buffer","458",10.798658365024,,,,,,,21.744,,,,
"F1","contour",2024,"pre_buffer","459",10.7603097039007,,,,,,,21.6,,,,
"F1","contour",2024,"pre_buffer","460",10.7193086202346,,,,,,,21.456,,,,
"F1","contour",2024,"pre_buffer","461",10.68,,,,,,,21.3247489865836,,,,
"F1","contour",2024,"pre_buffer","462",10.6761968813098,,,,,,,21.312,,,,
"F1","contour",2024,"pre_buffer","463",10.6319537999206,,,,,,,21.168,,,,
"F1","contour",2024,"pre_buffer","464",10.5867392150385,,,,,,,21.024,,,,
"F1","contour",2024,"pre_buffer","465",10.56,,,,,,,20.9397983558036,,,,
"F1","contour",2024,"pre_buffer","466",10.5412147539458,,,,,,,20.88,,,,
"F1","contour",2024,"pre_buffer","467",10.4958859638781,,,,,,,20.736,,,,
"F1","contour",2024,"pre_buffer","468",10.4506461911303,,,,,,,20.592,,,,
"F1","contour",2024,"pre_buffer","469",10.44,,,,,,,20.5578379241054,,,,
"F1","contour",2024,"pre_buffer","470",10.4059597901779,,,,,,,20.448,,,,
"F1","contour",2024,"pre_buffer","471",10.3615122395501,,,,,,,20.304,,,,
"F1","contour",2024,"pre_buffer","472",10.32,,,,,,,20.1698541662415,,,,
"F1","contour",2024,"pre_buffer","473",10.31692434704,,,,,,,20.16,,,,
"F1","contour",2024,"pre_buffer","474",10.2712579052532,,,,,,,20.016,,,,
"F1","contour",2024,"pre_buffer","475",10.2231296913046,,,,,,,19.872,,,,
"F1","contour",2024,"pre_buffer","476",10.2,,,,,,,19.8068146636729,,,,
"F1","contour",2024,"pre_buffer","477",10.1710842935279,,,,,,,19.728,,,,
"F1","contour",2024,"pre_buffer","478",10.1136470264772,,,,,,,19.584,,,,
"F1","contour",2024,"pre_buffer","479",10.08,,,,,,,19.507102952428,,,,
"F1","contour",2024,"pre_buffer","480",10.0490832228013,,,,,,,19.44,,,,
"F1","contour",2024,"pre_buffer","481",9.9755790225438,,,,,,,19.296,,,,
"F1","contour",2024,"pre_buffer","482",9.96,,,,,,,19.2682098017416,,,,
"F1","contour",2024,"pre_buffer","483",9.89039535402988,,,,,,,19.152,,,,
"F1","contour",2024,"pre_buffer","484",9.84,,,,,,,19.075833251449,,,,
"F1","contour",2024,"pre_buffer","485",9.79165344890397,,,,,,,19.008,,,,
"F1","contour",2024,"pre_buffer","486",9.72,,,,,,,18.915721390025,,,,
"F1","contour",2024,"pre_buffer","487",9.67649496046263,,,,,,,18.864,,,,
"F1","contour",2024,"pre_buffer","488",9.6,,,,,,,18.7790936073402,,,,
"F1","contour",2024,"pre_buffer","489",9.54217927595252,,,,,,,18.72,,,,
"F1","contour",2024,"pre_buffer","490",9.48,,,,,,,18.6595403620734,,,,
"F1","contour",2024,"pre_buffer","491",9.38670408584119,,,,,,,18.576,,,,
"F1","contour",2024,"pre_buffer","492",9.36,,,,,,,18.552882732549,,,,
"F1","contour",2024,"pre_buffer","493",9.24,,,,,,,18.4568524625545,,,,
"F1","contour",2024,"pre_buffer","494",9.2063378108727,,,,,,,18.432,,,,
"F1","contour",2024,"pre_buffer","495",9.12,,,,,,,18.3693992671817,,,,
"F1","contour",2024,"pre_buffer","496",9,,,,,,,18.2886653926623,,,,
"F1","contour",2024,"pre_buffer","497",8.99894439401072,,,,,,,18.288,,,,
"F1","contour",2024,"pre_buffer","498",8.88,,,,,,,18.2137985331131,,,,
"F1","contour",2024,"pre_buffer","499",8.7609005825799,,,,,,,18.144,,,,
"F1","contour",2024,"pre_buffer","500",8.76,,,,,,,18.1434778412433,,,,
"F1","contour",2024,"pre_buffer","501",8.64,,,,,,,18.0772420391932,,,,
"F1","contour",2024,"pre_buffer","502",8.52,,,,,,,18.0140872544873,,,,
"F1","contour",2024,"pre_buffer","503",8.49224819643502,,,,,,,18,,,,
"F1","contour",2024,"pre_buffer","504",8.4,,,,,,,17.9537821486881,,,,
"F1","contour",2024,"pre_buffer","505",8.28,,,,,,,17.8955008341967,,,,
"F1","contour",2024,"pre_buffer","506",8.19674865642778,,,,,,,17.856,,,,
"F1","contour",2024,"pre_buffer","507",8.16,,,,,,,17.8389183904641,,,,
"F1","contour",2024,"pre_buffer","508",8.04,,,,,,,17.7837960304308,,,,
"F1","contour",2024,"pre_buffer","509",7.92,,,,,,,17.7293208521165,,,,
"F1","contour",2024,"pre_buffer","510",7.88193720745393,,,,,,,17.712,,,,
"F1","contour",2024,"pre_buffer","511",7.8,,,,,,,17.6758448974524,,,,
"F1","contour",2024,"pre_buffer","512",7.68,,,,,,,17.623337524336,,,,
"F1","contour",2024,"pre_buffer","513",7.56,,,,,,,17.5720812331987,,,,
"F1","contour",2024,"pre_buffer","514",7.55028071586653,,,,,,,17.568,,,,
"F1","contour",2024,"pre_buffer","515",7.44,,,,,,,17.5233976608304,,,,
"F1","contour",2024,"pre_buffer","516",7.32,,,,,,,17.4766953396212,,,,
"F1","contour",2024,"pre_buffer","517",7.2,,,,,,,17.43217531655,,,,
"F1","contour",2024,"pre_buffer","518",7.1770495277875,,,,,,,17.424,,,,
"F1","contour",2024,"pre_buffer","519",7.08,,,,,,,17.3906980444067,,,,
"F1","contour",2024,"pre_buffer","520",6.96,,,,,,,17.3517212119006,,,,
"F1","contour",2024,"pre_buffer","521",6.84,,,,,,,17.3151618900731,,,,
"F1","contour",2024,"pre_buffer","522",6.72,,,,,,,17.2810665682861,,,,
"F1","contour",2024,"pre_buffer","523",6.71600293869787,,,,,,,17.28,,,,
"F1","contour",2024,"pre_buffer","524",6.6,,,,,,,17.2499486944154,,,,
"F1","contour",2024,"pre_buffer","525",6.48,,,,,,,17.2212129976423,,,,
"F1","contour",2024,"pre_buffer","526",6.36,,,,,,,17.194830637762,,,,
"F1","contour",2024,"pre_buffer","527",6.24,,,,,,,17.1706200164206,,,,
"F1","contour",2024,"pre_buffer","528",6.12,,,,,,,17.1483456785772,,,,
"F1","contour",2024,"pre_buffer","529",6.04808835007148,,,,,,,17.136,,,,
"F1","contour",2024,"pre_buffer","530",6,,,,,,,17.1279106594692,,,,
"F1","contour",2024,"pre_buffer","531",5.88,,,,,,,17.1091566570597,,,,
"F1","contour",2024,"pre_buffer","532",5.76,,,,,,,17.0917402357274,,,,
"F1","contour",2024,"pre_buffer","533",5.64,,,,,,,17.0755045433272,,,,
"F1","contour",2024,"pre_buffer","534",5.52,,,,,,,17.0603006251301,,,,
"F1","contour",2024,"pre_buffer","535",5.4,,,,,,,17.0459861647698,,,,
"F1","contour",2024,"pre_buffer","536",5.28,,,,,,,17.0324243322684,,,,
"F1","contour",2024,"pre_buffer","537",5.16,,,,,,,17.0194827189124,,,,
"F1","contour",2024,"pre_buffer","538",5.04,,,,,,,17.0070323410645,,,,
"F1","contour",2024,"pre_buffer","539",4.92,,,,,,,16.9949602475861,,,,
"F1","contour",2024,"pre_buffer","540",4.88965222291354,,,,,,,16.992,,,,
"F1","contour",2024,"pre_buffer","541",4.8,,,,,,,16.9833836454135,,,,
"F1","contour",2024,"pre_buffer","542",4.68,,,,,,,16.9722167370787,,,,
"F1","contour",2024,"pre_buffer","543",4.56,,,,,,,16.9614303562059,,,,
"F1","contour",2024,"pre_buffer","544",4.44,,,,,,,16.9510512512414,,,,
"F1","contour",2024,"pre_buffer","545",4.32,,,,,,,16.9411144742326,,,,
"F1","contour",2024,"pre_buffer","546",4.2,,,,,,,16.9316628135847,,,,
"F1","contour",2024,"pre_buffer","547",4.08,,,,,,,16.92274570689,,,,
"F1","contour",2024,"pre_buffer","548",3.96,,,,,,,16.9144182480876,,,,
"F1","contour",2024,"pre_buffer","549",3.84,,,,,,,16.906739984058,,,,
"F1","contour",2024,"pre_buffer","550",3.72,,,,,,,16.8997734645066,,,,
"F1","contour",2024,"pre_buffer","551",3.6,,,,,,,16.893582540058,,,,
"F1","contour",2024,"pre_buffer","552",3.48,,,,,,,16.8882077605078,,,,
"F1","contour",2024,"pre_buffer","553",3.36,,,,,,,16.8835596407586,,,,
"F1","contour",2024,"pre_buffer","554",3.24,,,,,,,16.8794983898904,,,,
"F1","contour",2024,"pre_buffer","555",3.12,,,,,,,16.8758794708434,,,,
"F1","contour",2024,"pre_buffer","556",3,,,,,,,16.8725559371114,,,,
"F1","contour",2024,"pre_buffer","557",2.88,,,,,,,16.869379975158,,,,
"F1","contour",2024,"pre_buffer","558",2.76,,,,,,,16.8662014355139,,,,
"F1","contour",2024,"pre_buffer","559",2.64,,,,,,,16.862865978436,,,,
"F1","contour",2024,"pre_buffer","560",2.52,,,,,,,16.8592183662993,,,,
"F1","contour",2024,"pre_buffer","561",2.4,,,,,,,16.8551016057724,,,,
"F1","contour",2024,"pre_buffer","562",2.28,,,,,,,16.8503548953522,,,,
"F1","contour",2024,"pre_buffer","563",2.22905222429738,,,,,,,16.848,,,,
"F1","contour",2024,"pre_buffer","564",2.16,,,,,,,16.8447833637974,,,,
"F1","contour",2024,"pre_buffer","565",2.04,,,,,,,16.8382604082568,,,,
"F1","contour",2024,"pre_buffer","566",1.92,,,,,,,16.8309156468626,,,,
"F1","contour",2024,"pre_buffer","567",1.8,,,,,,,16.8229310146226,,,,
"F1","contour",2024,"pre_buffer","568",1.68,,,,,,,16.8144913994895,,,,
"F1","contour",2024,"pre_buffer","569",1.56,,,,,,,16.8057869075902,,,,
"F1","contour",2024,"pre_buffer","570",1.44,,,,,,,16.7970144462618,,,,
"F1","contour",2024,"pre_buffer","571",1.32,,,,,,,16.7883749579904,,,,
"F1","contour",2024,"pre_buffer","572",1.2,,,,,,,16.7800738977609,,,,
"F1","contour",2024,"pre_buffer","573",1.08,,,,,,,16.7723251366629,,,,
"F1","contour",2024,"pre_buffer","574",0.96,,,,,,,16.7653504981908,,,,
"F1","contour",2024,"pre_buffer","575",0.84,,,,,,,16.7593814286677,,,,
"F1","contour",2024,"pre_buffer","576",0.72,,,,,,,16.7546632181945,,,,
"F1","contour",2024,"pre_buffer","577",0.6,,,,,,,16.7513812344917,,,,
"F1","contour",2024,"pre_buffer","578",0.48,,,,,,,16.7494470795378,,,,
"F1","contour",2024,"pre_buffer","579",0.36,,,,,,,16.7486933976768,,,,
"F1","contour",2024,"pre_buffer","580",0.24,,,,,,,16.748947605431,,,,
"F1","contour",2024,"pre_buffer","581",0.12,,,,,,,16.7500338291799,,,,
"F1","contour",2024,"pre_buffer","582",0,,,,,,,16.7517745433189,,,,
"F1","contour",2024,"pre_buffer","583",-0.12,,,,,,,16.7539918861824,,,,
"F1","contour",2024,"pre_buffer","584",-0.24,,,,,,,16.7565086414091,,,,
"F1","contour",2024,"pre_buffer","585",-0.36,,,,,,,16.7591488811277,,,,
"F1","contour",2024,"pre_buffer","586",-0.48,,,,,,,16.7617382734434,,,,
"F1","contour",2024,"pre_buffer","587",-0.6,,,,,,,16.7641040601542,,,,
"F1","contour",2024,"pre_buffer","588",-0.72,,,,,,,16.7660747119147,,,,
"F1","contour",2024,"pre_buffer","589",-0.84,,,,,,,16.7675270367479,,,,
"F1","contour",2024,"pre_buffer","590",-0.96,,,,,,,16.7685164842348,,,,
"F1","contour",2024,"pre_buffer","591",-1.08,,,,,,,16.7691383930058,,,,
"F1","contour",2024,"pre_buffer","592",-1.2,,,,,,,16.7694817983592,,,,
"F1","contour",2024,"pre_buffer","593",-1.32,,,,,,,16.7696336370012,,,,
"F1","contour",2024,"pre_buffer","594",-1.44,,,,,,,16.769680864313,,,,
"F1","contour",2024,"pre_buffer","595",-1.56,,,,,,,16.7697106530227,,,,
"F1","contour",2024,"pre_buffer","596",-1.68,,,,,,,16.7698112821441,,,,
"F1","contour",2024,"pre_buffer","597",-1.8,,,,,,,16.7700720710455,,,,
"F1","contour",2024,"pre_buffer","598",-1.92,,,,,,,16.770582349497,,,,
"F1","contour",2024,"pre_buffer","599",-2.04,,,,,,,16.7714311082642,,,,
"F1","contour",2024,"pre_buffer","600",-2.16,,,,,,,16.7727065612282,,,,
"F1","contour",2024,"pre_buffer","601",-2.28,,,,,,,16.7744679796024,,,,
"F1","contour",2024,"pre_buffer","602",-2.4,,,,,,,16.7766822498391,,,,
"F1","contour",2024,"pre_buffer","603",-2.52,,,,,,,16.7792968186184,,,,
"F1","contour",2024,"pre_buffer","604",-2.64,,,,,,,16.7822587699991,,,,
"F1","contour",2024,"pre_buffer","605",-2.76,,,,,,,16.7855151095933,,,,
"F1","contour",2024,"pre_buffer","606",-2.88,,,,,,,16.7890130204286,,,,
"F1","contour",2024,"pre_buffer","607",-3,,,,,,,16.7926999160806,,,,
"F1","contour",2024,"pre_buffer","608",-3.12,,,,,,,16.7965222497787,,,,
"F1","contour",2024,"pre_buffer","609",-3.24,,,,,,,16.8004264828586,,,,
"F1","contour",2024,"pre_buffer","610",-3.36,,,,,,,16.8043600823593,,,,
"F1","contour",2024,"pre_buffer","611",-3.48,,,,,,,16.8082716329579,,,,
"F1","contour",2024,"pre_buffer","612",-3.6,,,,,,,16.8121109502888,,,,
"F1","contour",2024,"pre_buffer","613",-3.72,,,,,,,16.8158762589109,,,,
"F1","contour",2024,"pre_buffer","614",-3.84,,,,,,,16.8197031865503,,,,
"F1","contour",2024,"pre_buffer","615",-3.96,,,,,,,16.8237519120028,,,,
"F1","contour",2024,"pre_buffer","616",-4.08,,,,,,,16.8281828620809,,,,
"F1","contour",2024,"pre_buffer","617",-4.2,,,,,,,16.833157565433,,,,
"F1","contour",2024,"pre_buffer","618",-4.32,,,,,,,16.8388399492241,,,,
"F1","contour",2024,"pre_buffer","619",-4.44,,,,,,,16.8453980896198,,,,
"F1","contour",2024,"pre_buffer","620",-4.4810252515562,,,,,,,16.848,,,,
"F1","contour",2024,"pre_buffer","621",-4.56,,,,,,,16.8530395889568,,,,
"F1","contour",2024,"pre_buffer","622",-4.68,,,,,,,16.8619298814101,,,,
"F1","contour",2024,"pre_buffer","623",-4.8,,,,,,,16.8722359659102,,,,
"F1","contour",2024,"pre_buffer","624",-4.92,,,,,,,16.8841592727775,,,,
"F1","contour",2024,"pre_buffer","625",-5.04,,,,,,,16.8979260387033,,,,
"F1","contour",2024,"pre_buffer","626",-5.16,,,,,,,16.9136818856633,,,,
"F1","contour",2024,"pre_buffer","627",-5.28,,,,,,,16.9313068662743,,,,
"F1","contour",2024,"pre_buffer","628",-5.4,,,,,,,16.9506345362602,,,,
"F1","contour",2024,"pre_buffer","629",-5.52,,,,,,,16.971489063743,,,,
"F1","contour",2024,"pre_buffer","630",-5.63100141882002,,,,,,,16.992,,,,
"F1","contour",2024,"pre_buffer","631",-5.64,,,,,,,16.9936781950585,,,,
"F1","contour",2024,"pre_buffer","632",-5.76,,,,,,,17.0169565502186,,,,
"F1","contour",2024,"pre_buffer","633",-5.88,,,,,,,17.0410800312101,,,,
"F1","contour",2024,"pre_buffer","634",-6,,,,,,,17.0657727267103,,,,
"F1","contour",2024,"pre_buffer","635",-6.12,,,,,,,17.0907243332852,,,,
"F1","contour",2024,"pre_buffer","636",-6.24,,,,,,,17.1155877356396,,,,
"F1","contour",2024,"pre_buffer","637",-6.34057826886144,,,,,,,17.136,,,,
"F1","contour",2024,"pre_buffer","638",-6.36,,,,,,,17.1399412554416,,,,
"F1","contour",2024,"pre_buffer","639",-6.48,,,,,,,17.1631800352824,,,,
"F1","contour",2024,"pre_buffer","640",-6.6,,,,,,,17.1851984769643,,,,
"F1","contour",2024,"pre_buffer","641",-6.72,,,,,,,17.2061459895062,,,,
"F1","contour",2024,"pre_buffer","642",-6.84,,,,,,,17.2262566203727,,,,
"F1","contour",2024,"pre_buffer","643",-6.96,,,,,,,17.2457887246818,,,,
"F1","contour",2024,"pre_buffer","644",-7.08,,,,,,,17.2650213895713,,,,
"F1","contour",2024,"pre_buffer","645",-7.17351608568018,,,,,,,17.28,,,,
"F1","contour",2024,"pre_buffer","646",-7.2,,,,,,,17.2841826440146,,,,
"F1","contour",2024,"pre_buffer","647",-7.32,,,,,,,17.3033851814883,,,,
"F1","contour",2024,"pre_buffer","648",-7.44,,,,,,,17.3232178653898,,,,
"F1","contour",2024,"pre_buffer","649",-7.56,,,,,,,17.3440546963118,,,,
"F1","contour",2024,"pre_buffer","650",-7.68,,,,,,,17.366306605628,,,,
"F1","contour",2024,"pre_buffer","651",-7.8,,,,,,,17.3904292476627,,,,
"F1","contour",2024,"pre_buffer","652",-7.92,,,,,,,17.4169279694532,,,,
"F1","contour",2024,"pre_buffer","653",-7.94908457227318,,,,,,,17.424,,,,
"F1","contour",2024,"pre_buffer","654",-8.04,,,,,,,17.4460388074491,,,,
"F1","contour",2024,"pre_buffer","655",-8.16,,,,,,,17.4784335799222,,,,
"F1","contour",2024,"pre_buffer","656",-8.28,,,,,,,17.514716447853,,,,
"F1","contour",2024,"pre_buffer","657",-8.4,,,,,,,17.555429014053,,,,
"F1","contour",2024,"pre_buffer","658",-8.43340627909296,,,,,,,17.568,,,,
"F1","contour",2024,"pre_buffer","659",-8.52,,,,,,,17.6010664543518,,,,
"F1","contour",2024,"pre_buffer","660",-8.64,,,,,,,17.6524105282311,,,,
"F1","contour",2024,"pre_buffer","661",-8.76,,,,,,,17.7101980248136,,,,
"F1","contour",2024,"pre_buffer","662",-8.76340161901217,,,,,,,17.712,,,,
"F1","contour",2024,"pre_buffer","663",-8.88,,,,,,,17.7755970429286,,,,
"F1","contour",2024,"pre_buffer","664",-9,,,,,,,17.8492137931504,,,,
"F1","contour",2024,"pre_buffer","665",-9.01008481002843,,,,,,,17.856,,,,
"F1","contour",2024,"pre_buffer","666",-9.12,,,,,,,17.9329418910258,,,,
"F1","contour",2024,"pre_buffer","667",-9.20618323951935,,,,,,,18,,,,
"F1","contour",2024,"pre_buffer","668",-9.24,,,,,,,18.027556482075,,,,
"F1","contour",2024,"pre_buffer","669",-9.36,,,,,,,18.1350072456395,,,,
"F1","contour",2024,"pre_buffer","670",-9.36924599099759,,,,,,,18.144,,,,
"F1","contour",2024,"pre_buffer","671",-9.48,,,,,,,18.257570845436,,,,
"F1","contour",2024,"pre_buffer","672",-9.50742510768596,,,,,,,18.288,,,,
"F1","contour",2024,"pre_buffer","673",-9.6,,,,,,,18.3967183939788,,,,
"F1","contour",2024,"pre_buffer","674",-9.62805925408357,,,,,,,18.432,,,,
"F1","contour",2024,"pre_buffer","675",-9.72,,,,,,,18.5546820043031,,,,
"F1","contour",2024,"pre_buffer","676",-9.73506404356375,,,,,,,18.576,,,,
"F1","contour",2024,"pre_buffer","677",-9.83105306775287,,,,,,,18.72,,,,
"F1","contour",2024,"pre_buffer","678",-9.84,,,,,,,18.7342256898136,,,,
"F1","contour",2024,"pre_buffer","679",-9.91785497523871,,,,,,,18.864,,,,
"F1","contour",2024,"pre_buffer","680",-9.96,,,,,,,18.9388935870083,,,,
"F1","contour",2024,"pre_buffer","681",-9.9973499678891,,,,,,,19.008,,,,
"F1","contour",2024,"pre_buffer","682",-10.0702975481876,,,,,,,19.152,,,,
"F1","contour",2024,"pre_buffer","683",-10.08,,,,,,,19.1723810781976,,,,
"F1","contour",2024,"pre_buffer","684",-10.1369513185938,,,,,,,19.296,,,,
"F1","contour",2024,"pre_buffer","685",-10.198521383261,,,,,,,19.44,,,,
"F1","contour",2024,"pre_buffer","686",-10.2,,,,,,,19.4436949043352,,,,
"F1","contour",2024,"pre_buffer","687",-10.2546749196735,,,,,,,19.584,,,,
"F1","contour",2024,"pre_buffer","688",-10.3064642487563,,,,,,,19.728,,,,
"F1","contour",2024,"pre_buffer","689",-10.32,,,,,,,19.7685992502638,,,,
"F1","contour",2024,"pre_buffer","690",-10.3537555687093,,,,,,,19.872,,,,
"F1","contour",2024,"pre_buffer","691",-10.3970482915934,,,,,,,20.016,,,,
"F1","contour",2024,"pre_buffer","692",-10.4367110804742,,,,,,,20.16,,,,
"F1","contour",2024,"pre_buffer","693",-10.44,,,,,,,20.173022916103,,,,
"F1","contour",2024,"pre_buffer","694",-10.4726318106276,,,,,,,20.304,,,,
"F1","contour",2024,"pre_buffer","695",-10.5053944435798,,,,,,,20.448,,,,
"F1","contour",2024,"pre_buffer","696",-10.5354603193291,,,,,,,20.592,,,,
"F1","contour",2024,"pre_buffer","697",-10.56,,,,,,,20.7193364313085,,,,
"F1","contour",2024,"pre_buffer","698",-10.5631897419611,,,,,,,20.736,,,,
"F1","contour",2024,"pre_buffer","699",-10.5887318931314,,,,,,,20.88,,,,
"F1","contour",2024,"pre_buffer","700",-10.6125532041126,,,,,,,21.024,,,,
"F1","contour",2024,"pre_buffer","701",-10.6348557377882,,,,,,,21.168,,,,
"F1","contour",2024,"pre_buffer","702",-10.6558004031259,,,,,,,21.312,,,,
"F1","contour",2024,"pre_buffer","703",-10.6755128029929,,,,,,,21.456,,,,
"F1","contour",2024,"pre_buffer","704",-10.68,,,,,,,21.4908606848857,,,,
"F1","contour",2024,"pre_buffer","705",-10.6939588636993,,,,,,,21.6,,,,
"F1","contour",2024,"pre_buffer","706",-10.7113138452078,,,,,,,21.744,,,,
"F1","contour",2024,"pre_buffer","707",-10.7276791458415,,,,,,,21.888,,,,
"F1","contour",2024,"pre_buffer","708",-10.7430590817624,,,,,,,22.032,,,,
"F1","contour",2024,"pre_buffer","709",-10.7573388352142,,,,,,,22.176,,,,
"F1","contour",2024,"pre_buffer","710",-10.7704107223809,,,,,,,22.32,,,,
"F1","contour",2024,"pre_buffer","711",-10.782199928861,,,,,,,22.464,,,,
"F1","contour",2024,"pre_buffer","712",-10.792659911801,,,,,,,22.608,,,,
"F1","contour",2024,"pre_buffer","713",-10.8,,,,,,,22.7238881029801,,,,
"F1","contour",2025,"buffer_2025","1",-10.32,,,,,,,22.1854814850193,,,,
"F1","contour",2025,"buffer_2025","2",-10.3339895547091,,,,,,,22.32,,,,
"F1","contour",2025,"buffer_2025","3",-10.34819752337,,,,,,,22.464,,,,
"F1","contour",2025,"buffer_2025","4",-10.3614204826157,,,,,,,22.608,,,,
"F1","contour",2025,"buffer_2025","5",-10.3734698535538,,,,,,,22.752,,,,
"F1","contour",2025,"buffer_2025","6",-10.3841788588137,,,,,,,22.896,,,,
"F1","contour",2025,"buffer_2025","7",-10.3933980846198,,,,,,,23.04,,,,
"F1","contour",2025,"buffer_2025","8",-10.4009901892868,,,,,,,23.184,,,,
"F1","contour",2025,"buffer_2025","9",-10.4068239226305,,,,,,,23.328,,,,
"F1","contour",2025,"buffer_2025","10",-10.4107675127273,,,,,,,23.472,,,,
"F1","contour",2025,"buffer_2025","11",-10.4127580077832,,,,,,,23.616,,,,
"F1","contour",2025,"buffer_2025","12",-10.4129880631698,,,,,,,23.76,,,,
"F1","contour",2025,"buffer_2025","13",-10.4116935271572,,,,,,,23.904,,,,
"F1","contour",2025,"buffer_2025","14",-10.4091022747418,,,,,,,24.048,,,,
"F1","contour",2025,"buffer_2025","15",-10.4054418767758,,,,,,,24.192,,,,
"F1","contour",2025,"buffer_2025","16",-10.4009442056924,,,,,,,24.336,,,,
"F1","contour",2025,"buffer_2025","17",-10.3958493813417,,,,,,,24.48,,,,
"F1","contour",2025,"buffer_2025","18",-10.3904078535075,,,,,,,24.624,,,,
"F1","contour",2025,"buffer_2025","19",-10.3848806490223,,,,,,,24.768,,,,
"F1","contour",2025,"buffer_2025","20",-10.379537765241,,,,,,,24.912,,,,
"F1","contour",2025,"buffer_2025","21",-10.3746546133487,,,,,,,25.056,,,,
"F1","contour",2025,"buffer_2025","22",-10.370458273032,,,,,,,25.2,,,,
"F1","contour",2025,"buffer_2025","23",-10.3669861497061,,,,,,,25.344,,,,
"F1","contour",2025,"buffer_2025","24",-10.3642204314755,,,,,,,25.488,,,,
"F1","contour",2025,"buffer_2025","25",-10.3621335133302,,,,,,,25.632,,,,
"F1","contour",2025,"buffer_2025","26",-10.3606914259328,,,,,,,25.776,,,,
"F1","contour",2025,"buffer_2025","27",-10.3598561832009,,,,,,,25.92,,,,
"F1","contour",2025,"buffer_2025","28",-10.3595842601393,,,,,,,26.064,,,,
"F1","contour",2025,"buffer_2025","29",-10.3598319897587,,,,,,,26.208,,,,
"F1","contour",2025,"buffer_2025","30",-10.3605594291065,,,,,,,26.352,,,,
"F1","contour",2025,"buffer_2025","31",-10.3617317913077,,,,,,,26.496,,,,
"F1","contour",2025,"buffer_2025","32",-10.363320623049,,,,,,,26.64,,,,
"F1","contour",2025,"buffer_2025","33",-10.3652833740321,,,,,,,26.784,,,,
"F1","contour",2025,"buffer_2025","34",-10.36749716259,,,,,,,26.928,,,,
"F1","contour",2025,"buffer_2025","35",-10.3698170246162,,,,,,,27.072,,,,
"F1","contour",2025,"buffer_2025","36",-10.3720936704494,,,,,,,27.216,,,,
"F1","contour",2025,"buffer_2025","37",-10.3741713411276,,,,,,,27.36,,,,
"F1","contour",2025,"buffer_2025","38",-10.3758882494471,,,,,,,27.504,,,,
"F1","contour",2025,"buffer_2025","39",-10.3770813502493,,,,,,,27.648,,,,
"F1","contour",2025,"buffer_2025","40",-10.3775838438995,,,,,,,27.792,,,,
"F1","contour",2025,"buffer_2025","41",-10.3772269429132,,,,,,,27.936,,,,
"F1","contour",2025,"buffer_2025","42",-10.3758458405774,,,,,,,28.08,,,,
"F1","contour",2025,"buffer_2025","43",-10.3732906510635,,,,,,,28.224,,,,
"F1","contour",2025,"buffer_2025","44",-10.3694617554677,,,,,,,28.368,,,,
"F1","contour",2025,"buffer_2025","45",-10.3644126129108,,,,,,,28.512,,,,
"F1","contour",2025,"buffer_2025","46",-10.3582402502705,,,,,,,28.656,,,,
"F1","contour",2025,"buffer_2025","47",-10.3510420427738,,,,,,,28.8,,,,
"F1","contour",2025,"buffer_2025","48",-10.3429102315614,,,,,,,28.944,,,,
"F1","contour",2025,"buffer_2025","49",-10.3339274419839,,,,,,,29.088,,,,
"F1","contour",2025,"buffer_2025","50",-10.3241631571072,,,,,,,29.232,,,,
"F1","contour",2025,"buffer_2025","51",-10.32,,,,,,,29.2888753154779,,,,
"F1","contour",2025,"buffer_2025","52",-10.3136575728339,,,,,,,29.376,,,,
"F1","contour",2025,"buffer_2025","53",-10.3024616456648,,,,,,,29.52,,,,
"F1","contour",2025,"buffer_2025","54",-10.2906051396911,,,,,,,29.664,,,,
"F1","contour",2025,"buffer_2025","55",-10.278084609816,,,,,,,29.808,,,,
"F1","contour",2025,"buffer_2025","56",-10.2648988591259,,,,,,,29.952,,,,
"F1","contour",2025,"buffer_2025","57",-10.2511457644954,,,,,,,30.096,,,,
"F1","contour",2025,"buffer_2025","58",-10.2369564804467,,,,,,,30.24,,,,
"F1","contour",2025,"buffer_2025","59",-10.2224710340523,,,,,,,30.384,,,,
"F1","contour",2025,"buffer_2025","60",-10.2078374565561,,,,,,,30.528,,,,
"F1","contour",2025,"buffer_2025","61",-10.2,,,,,,,30.6052724248844,,,,
"F1","contour",2025,"buffer_2025","62",-10.1932318263974,,,,,,,30.672,,,,
"F1","contour",2025,"buffer_2025","63",-10.1788305863488,,,,,,,30.816,,,,
"F1","contour",2025,"buffer_2025","64",-10.1647799154613,,,,,,,30.96,,,,
"F1","contour",2025,"buffer_2025","65",-10.1512536753002,,,,,,,31.104,,,,
"F1","contour",2025,"buffer_2025","66",-10.1384383469356,,,,,,,31.248,,,,
"F1","contour",2025,"buffer_2025","67",-10.1265334634265,,,,,,,31.392,,,,
"F1","contour",2025,"buffer_2025","68",-10.1156992250772,,,,,,,31.536,,,,
"F1","contour",2025,"buffer_2025","69",-10.105852989015,,,,,,,31.68,,,,
"F1","contour",2025,"buffer_2025","70",-10.096837982622,,,,,,,31.824,,,,
"F1","contour",2025,"buffer_2025","71",-10.0884969989764,,,,,,,31.968,,,,
"F1","contour",2025,"buffer_2025","72",-10.0806717885219,,,,,,,32.112,,,,
"F1","contour",2025,"buffer_2025","73",-10.08,,,,,,,32.1250182754425,,,,
"F1","contour",2025,"buffer_2025","74",-10.0731875280964,,,,,,,32.256,,,,
"F1","contour",2025,"buffer_2025","75",-10.0658785101612,,,,,,,32.4,,,,
"F1","contour",2025,"buffer_2025","76",-10.0585661996764,,,,,,,32.544,,,,
"F1","contour",2025,"buffer_2025","77",-10.0510678593743,,,,,,,32.688,,,,
"F1","contour",2025,"buffer_2025","78",-10.0432004580006,,,,,,,32.832,,,,
"F1","contour",2025,"buffer_2025","79",-10.0347820094865,,,,,,,32.976,,,,
"F1","contour",2025,"buffer_2025","80",-10.0256511584773,,,,,,,33.12,,,,
"F1","contour",2025,"buffer_2025","81",-10.0157396412108,,,,,,,33.264,,,,
"F1","contour",2025,"buffer_2025","82",-10.005005079933,,,,,,,33.408,,,,
"F1","contour",2025,"buffer_2025","83",-9.9933998580557,,,,,,,33.552,,,,
"F1","contour",2025,"buffer_2025","84",-9.98086972764214,,,,,,,33.696,,,,
"F1","contour",2025,"buffer_2025","85",-9.96735225926563,,,,,,,33.84,,,,
"F1","contour",2025,"buffer_2025","86",-9.96,,,,,,,33.9127036227803,,,,
"F1","contour",2025,"buffer_2025","87",-9.95272481914867,,,,,,,33.984,,,,
"F1","contour",2025,"buffer_2025","88",-9.93690276129503,,,,,,,34.128,,,,
"F1","contour",2025,"buffer_2025","89",-9.91986428602121,,,,,,,34.272,,,,
"F1","contour",2025,"buffer_2025","90",-9.90152404315819,,,,,,,34.416,,,,
"F1","contour",2025,"buffer_2025","91",-9.88177381628952,,,,,,,34.56,,,,
"F1","contour",2025,"buffer_2025","92",-9.86050004383709,,,,,,,34.704,,,,
"F1","contour",2025,"buffer_2025","93",-9.84,,,,,,,34.8336039886365,,,,
"F1","contour",2025,"buffer_2025","94",-9.83770371036587,,,,,,,34.848,,,,
"F1","contour",2025,"buffer_2025","95",-9.81342544025716,,,,,,,34.992,,,,
"F1","contour",2025,"buffer_2025","96",-9.78780877618257,,,,,,,35.136,,,,
"F1","contour",2025,"buffer_2025","97",-9.76096444906872,,,,,,,35.28,,,,
"F1","contour",2025,"buffer_2025","98",-9.73303027407676,,,,,,,35.424,,,,
"F1","contour",2025,"buffer_2025","99",-9.72,,,,,,,35.4892619891747,,,,
"F1","contour",2025,"buffer_2025","100",-9.70422405813281,,,,,,,35.568,,,,
"F1","contour",2025,"buffer_2025","101",-9.67473859459534,,,,,,,35.712,,,,
"F1","contour",2025,"buffer_2025","102",-9.64474507594324,,,,,,,35.856,,,,
"F1","contour",2025,"buffer_2025","103",-9.61448173240413,,,,,,,36,,,,
"F1","contour",2025,"buffer_2025","104",-9.6,,,,,,,36.0690512160154,,,,
"F1","contour",2025,"buffer_2025","105",-9.5842661280135,,,,,,,36.144,,,,
"F1","contour",2025,"buffer_2025","106",-9.55423006615304,,,,,,,36.288,,,,
"F1","contour",2025,"buffer_2025","107",-9.52410610601356,,,,,,,36.432,,,,
"F1","contour",2025,"buffer_2025","108",-9.49353187850454,,,,,,,36.576,,,,
"F1","contour",2025,"buffer_2025","109",-9.48,,,,,,,36.6382064910854,,,,
"F1","contour",2025,"buffer_2025","110",-9.46202366779925,,,,,,,36.72,,,,
"F1","contour",2025,"buffer_2025","111",-9.42903071149611,,,,,,,36.864,,,,
"F1","contour",2025,"buffer_2025","112",-9.39414933211612,,,,,,,37.008,,,,
"F1","contour",2025,"buffer_2025","113",-9.36,,,,,,,37.1402018092322,,,,
"F1","contour",2025,"buffer_2025","114",-9.35687930884712,,,,,,,37.152,,,,
"F1","contour",2025,"buffer_2025","115",-9.31610979665125,,,,,,,37.296,,,,
"F1","contour",2025,"buffer_2025","116",-9.27179309294499,,,,,,,37.44,,,,
"F1","contour",2025,"buffer_2025","117",-9.24,,,,,,,37.5351092934311,,,,
"F1","contour",2025,"buffer_2025","118",-9.22313972220794,,,,,,,37.584,,,,
"F1","contour",2025,"buffer_2025","119",-9.16932557318303,,,,,,,37.728,,,,
"F1","contour",2025,"buffer_2025","120",-9.12,,,,,,,37.8496753566964,,,,
"F1","contour",2025,"buffer_2025","121",-9.11070790255329,,,,,,,37.872,,,,
"F1","contour",2025,"buffer_2025","122",-9.04696561065045,,,,,,,38.016,,,,
"F1","contour",2025,"buffer_2025","123",-9,,,,,,,38.1167455320417,,,,
"F1","contour",2025,"buffer_2025","124",-8.97950555382317,,,,,,,38.16,,,,
"F1","contour",2025,"buffer_2025","125",-8.90867036716045,,,,,,,38.304,,,,
"F1","contour",2025,"buffer_2025","126",-8.88,,,,,,,38.3604899883647,,,,
"F1","contour",2025,"buffer_2025","127",-8.83519183924462,,,,,,,38.448,,,,
"F1","contour",2025,"buffer_2025","128",-8.76,,,,,,,38.591509630684,,,,
"F1","contour",2025,"buffer_2025","129",-8.75974064864771,,,,,,,38.592,,,,
"F1","contour",2025,"buffer_2025","130",-8.68150231630521,,,,,,,38.736,,,,
"F1","contour",2025,"buffer_2025","131",-8.64,,,,,,,38.8104528823615,,,,
"F1","contour",2025,"buffer_2025","132",-8.6006248814309,,,,,,,38.88,,,,
"F1","contour",2025,"buffer_2025","133",-8.52,,,,,,,39.0175146173997,,,,
"F1","contour",2025,"buffer_2025","134",-8.51609872875268,,,,,,,39.024,,,,
"F1","contour",2025,"buffer_2025","135",-8.42518375882807,,,,,,,39.168,,,,
"F1","contour",2025,"buffer_2025","136",-8.4,,,,,,,39.2056668847014,,,,
"F1","contour",2025,"buffer_2025","137",-8.32555611222678,,,,,,,39.312,,,,
"F1","contour",2025,"buffer_2025","138",-8.28,,,,,,,39.3725258518991,,,,
"F1","contour",2025,"buffer_2025","139",-8.2130545294773,,,,,,,39.456,,,,
"F1","contour",2025,"buffer_2025","140",-8.16,,,,,,,39.5173040993053,,,,
"F1","contour",2025,"buffer_2025","141",-8.08245108467847,,,,,,,39.6,,,,
"F1","contour",2025,"buffer_2025","142",-8.04,,,,,,,39.6421790290191,,,,
"F1","contour",2025,"buffer_2025","143",-7.9273856346574,,,,,,,39.744,,,,
"F1","contour",2025,"buffer_2025","144",-7.92,,,,,,,39.7502855634259,,,,
"F1","contour",2025,"buffer_2025","145",-7.8,,,,,,,39.8430627773487,,,,
"F1","contour",2025,"buffer_2025","146",-7.73569810422802,,,,,,,39.888,,,,
"F1","contour",2025,"buffer_2025","147",-7.68,,,,,,,39.9253243020665,,,,
"F1","contour",2025,"buffer_2025","148",-7.56,,,,,,,39.999113473513,,,,
"F1","contour",2025,"buffer_2025","149",-7.50223568746769,,,,,,,40.032,,,,
"F1","contour",2025,"buffer_2025","150",-7.44,,,,,,,40.0666272053006,,,,
"F1","contour",2025,"buffer_2025","151",-7.32,,,,,,,40.1294083074918,,,,
"F1","contour",2025,"buffer_2025","152",-7.22642411351991,,,,,,,40.176,,,,
"F1","contour",2025,"buffer_2025","153",-7.2,,,,,,,40.1890589582215,,,,
"F1","contour",2025,"buffer_2025","154",-7.08,,,,,,,40.2461006567454,,,,
"F1","contour",2025,"buffer_2025","155",-6.96,,,,,,,40.3019194041416,,,,
"F1","contour",2025,"buffer_2025","156",-6.92037642351202,,,,,,,40.32,,,,
"F1","contour",2025,"buffer_2025","157",-6.84,,,,,,,40.3568197207545,,,,
"F1","contour",2025,"buffer_2025","158",-6.72,,,,,,,40.4114576835862,,,,
"F1","contour",2025,"buffer_2025","159",-6.60485736350382,,,,,,,40.464,,,,
"F1","contour",2025,"buffer_2025","160",-6.6,,,,,,,40.4662280199101,,,,
"F1","contour",2025,"buffer_2025","161",-6.48,,,,,,,40.5208368581711,,,,
"F1","contour",2025,"buffer_2025","162",-6.36,,,,,,,40.5755418634478,,,,
"F1","contour",2025,"buffer_2025","163",-6.28821265803885,,,,,,,40.608,,,,
"F1","contour",2025,"buffer_2025","164",-6.24,,,,,,,40.6297479819606,,,,
"F1","contour",2025,"buffer_2025","165",-6.12,,,,,,,40.6828301766962,,,,
"F1","contour",2025,"buffer_2025","166",-6,,,,,,,40.7346596710472,,,,
"F1","contour",2025,"buffer_2025","167",-5.95843890300113,,,,,,,40.752,,,,
"F1","contour",2025,"buffer_2025","168",-5.88,,,,,,,40.78434853256,,,,
"F1","contour",2025,"buffer_2025","169",-5.76,,,,,,,40.8317468747861,,,,
"F1","contour",2025,"buffer_2025","170",-5.64,,,,,,,40.8767900121678,,,,
"F1","contour",2025,"buffer_2025","171",-5.58562133081476,,,,,,,40.896,,,,
"F1","contour",2025,"buffer_2025","172",-5.52,,,,,,,40.9187687812228,,,,
"F1","contour",2025,"buffer_2025","173",-5.4,,,,,,,40.9575724727197,,,,
"F1","contour",2025,"buffer_2025","174",-5.28,,,,,,,40.9933474137728,,,,
"F1","contour",2025,"buffer_2025","175",-5.16,,,,,,,41.0258995485416,,,,
"F1","contour",2025,"buffer_2025","176",-5.10194758818421,,,,,,,41.04,,,,
"F1","contour",2025,"buffer_2025","177",-5.04,,,,,,,41.0548012787845,,,,
"F1","contour",2025,"buffer_2025","178",-4.92,,,,,,,41.0800516495702,,,,
"F1","contour",2025,"buffer_2025","179",-4.8,,,,,,,41.1020662922876,,,,
"F1","contour",2025,"buffer_2025","180",-4.68,,,,,,,41.121134515045,,,,
"F1","contour",2025,"buffer_2025","181",-4.56,,,,,,,41.1375542506613,,,,
"F1","contour",2025,"buffer_2025","182",-4.44,,,,,,,41.1516194664595,,,,
"F1","contour",2025,"buffer_2025","183",-4.32,,,,,,,41.1636107677857,,,,
"F1","contour",2025,"buffer_2025","184",-4.2,,,,,,,41.1737965443227,,,,
"F1","contour",2025,"buffer_2025","185",-4.08,,,,,,,41.1824442726837,,,,
"F1","contour",2025,"buffer_2025","186",-4.0546866545467,,,,,,,41.184,,,,
"F1","contour",2025,"buffer_2025","187",-3.96,,,,,,,41.1897885440715,,,,
"F1","contour",2025,"buffer_2025","188",-3.84,,,,,,,41.1961397145375,,,,
"F1","contour",2025,"buffer_2025","189",-3.72,,,,,,,41.2017694280508,,,,
"F1","contour",2025,"buffer_2025","190",-3.6,,,,,,,41.2069393482836,,,,
"F1","contour",2025,"buffer_2025","191",-3.48,,,,,,,41.2118677189436,,,,
"F1","contour",2025,"buffer_2025","192",-3.36,,,,,,,41.2165354410083,,,,
"F1","contour",2025,"buffer_2025","193",-3.24,,,,,,,41.2208455108853,,,,
"F1","contour",2025,"buffer_2025","194",-3.12,,,,,,,41.2247058845854,,,,
"F1","contour",2025,"buffer_2025","195",-3,,,,,,,41.2280295811689,,,,
"F1","contour",2025,"buffer_2025","196",-2.88,,,,,,,41.2307346794521,,,,
"F1","contour",2025,"buffer_2025","197",-2.76,,,,,,,41.2327693215558,,,,
"F1","contour",2025,"buffer_2025","198",-2.64,,,,,,,41.2341324582689,,,,
"F1","contour",2025,"buffer_2025","199",-2.52,,,,,,,41.2348294723877,,,,
"F1","contour",2025,"buffer_2025","200",-2.4,,,,,,,41.2348661377121,,,,
"F1","contour",2025,"buffer_2025","201",-2.28,,,,,,,41.2342479175505,,,,
"F1","contour",2025,"buffer_2025","202",-2.16,,,,,,,41.2329792951393,,,,
"F1","contour",2025,"buffer_2025","203",-2.04,,,,,,,41.2310754809393,,,,
"F1","contour",2025,"buffer_2025","204",-1.92,,,,,,,41.2286092348133,,,,
"F1","contour",2025,"buffer_2025","205",-1.8,,,,,,,41.2256681678724,,,,
"F1","contour",2025,"buffer_2025","206",-1.68,,,,,,,41.2223365211658,,,,
"F1","contour",2025,"buffer_2025","207",-1.56,,,,,,,41.2186953936982,,,,
"F1","contour",2025,"buffer_2025","208",-1.44,,,,,,,41.2148233124682,,,,
"F1","contour",2025,"buffer_2025","209",-1.32,,,,,,,41.210802286344,,,,
"F1","contour",2025,"buffer_2025","210",-1.2,,,,,,,41.206718197476,,,,
"F1","contour",2025,"buffer_2025","211",-1.08,,,,,,,41.2026557045368,,,,
"F1","contour",2025,"buffer_2025","212",-0.96,,,,,,,41.1986987305493,,,,
"F1","contour",2025,"buffer_2025","213",-0.84,,,,,,,41.1949178772913,,,,
"F1","contour",2025,"buffer_2025","214",-0.72,,,,,,,41.1913429357174,,,,
"F1","contour",2025,"buffer_2025","215",-0.6,,,,,,,41.1879943793933,,,,
"F1","contour",2025,"buffer_2025","216",-0.48,,,,,,,41.1848870159831,,,,
"F1","contour",2025,"buffer_2025","217",-0.442413814285404,,,,,,,41.184,,,,
"F1","contour",2025,"buffer_2025","218",-0.36,,,,,,,41.1820453103997,,,,
"F1","contour",2025,"buffer_2025","219",-0.24,,,,,,,41.1794957335575,,,,
"F1","contour",2025,"buffer_2025","220",-0.12,,,,,,,41.1772643826102,,,,
"F1","contour",2025,"buffer_2025","221",0,,,,,,,41.1753826280445,,,,
"F1","contour",2025,"buffer_2025","222",0.12,,,,,,,41.1738846701771,,,,
"F1","contour",2025,"buffer_2025","223",0.24,,,,,,,41.1728063205225,,,,
"F1","contour",2025,"buffer_2025","224",0.36,,,,,,,41.1721835014056,,,,
"F1","contour",2025,"buffer_2025","225",0.48,,,,,,,41.1720504673322,,,,
"F1","contour",2025,"buffer_2025","226",0.6,,,,,,,41.172437788211,,,,
"F1","contour",2025,"buffer_2025","227",0.72,,,,,,,41.1733701773122,,,,
"F1","contour",2025,"buffer_2025","228",0.84,,,,,,,41.1748119206482,,,,
"F1","contour",2025,"buffer_2025","229",0.96,,,,,,,41.1765254698071,,,,
"F1","contour",2025,"buffer_2025","230",1.08,,,,,,,41.1782416213875,,,,
"F1","contour",2025,"buffer_2025","231",1.2,,,,,,,41.1797544782464,,,,
"F1","contour",2025,"buffer_2025","232",1.32,,,,,,,41.1808859501262,,,,
"F1","contour",2025,"buffer_2025","233",1.44,,,,,,,41.1814683301759,,,,
"F1","contour",2025,"buffer_2025","234",1.56,,,,,,,41.1813432045227,,,,
"F1","contour",2025,"buffer_2025","235",1.68,,,,,,,41.1803581448778,,,,
"F1","contour",2025,"buffer_2025","236",1.8,,,,,,,41.1783635126485,,,,
"F1","contour",2025,"buffer_2025","237",1.92,,,,,,,41.1752094233125,,,,
"F1","contour",2025,"buffer_2025","238",2.04,,,,,,,41.1707408120142,,,,
"F1","contour",2025,"buffer_2025","239",2.16,,,,,,,41.1647915599449,,,,
"F1","contour",2025,"buffer_2025","240",2.28,,,,,,,41.1572750083708,,,,
"F1","contour",2025,"buffer_2025","241",2.4,,,,,,,41.1484057449977,,,,
"F1","contour",2025,"buffer_2025","242",2.52,,,,,,,41.1384541892876,,,,
"F1","contour",2025,"buffer_2025","243",2.64,,,,,,,41.1276883596859,,,,
"F1","contour",2025,"buffer_2025","244",2.76,,,,,,,41.1163797164092,,,,
"F1","contour",2025,"buffer_2025","245",2.88,,,,,,,41.1048078941574,,,,
"F1","contour",2025,"buffer_2025","246",3,,,,,,,41.0932530599763,,,,
"F1","contour",2025,"buffer_2025","247",3.12,,,,,,,41.0819057211049,,,,
"F1","contour",2025,"buffer_2025","248",3.24,,,,,,,41.0709143866577,,,,
"F1","contour",2025,"buffer_2025","249",3.36,,,,,,,41.0604402054627,,,,
"F1","contour",2025,"buffer_2025","250",3.48,,,,,,,41.0506569159777,,,,
"F1","contour",2025,"buffer_2025","251",3.6,,,,,,,41.0417494041296,,,,
"F1","contour",2025,"buffer_2025","252",3.62655823671679,,,,,,,41.04,,,,
"F1","contour",2025,"buffer_2025","253",3.72,,,,,,,41.033740191003,,,,
"F1","contour",2025,"buffer_2025","254",3.84,,,,,,,41.026588742267,,,,
"F1","contour",2025,"buffer_2025","255",3.96,,,,,,,41.0201362977492,,,,
"F1","contour",2025,"buffer_2025","256",4.08,,,,,,,41.0141891129541,,,,
"F1","contour",2025,"buffer_2025","257",4.2,,,,,,,41.0085473328259,,,,
"F1","contour",2025,"buffer_2025","258",4.32,,,,,,,41.003006661332,,,,
"F1","contour",2025,"buffer_2025","259",4.44,,,,,,,40.997359379712,,,,
"F1","contour",2025,"buffer_2025","260",4.56,,,,,,,40.991394909863,,,,
"F1","contour",2025,"buffer_2025","261",4.68,,,,,,,40.9849043939725,,,,
"F1","contour",2025,"buffer_2025","262",4.8,,,,,,,40.9776795628947,,,,
"F1","contour",2025,"buffer_2025","263",4.92,,,,,,,40.9695099520255,,,,
"F1","contour",2025,"buffer_2025","264",5.04,,,,,,,40.9602466213414,,,,
"F1","contour",2025,"buffer_2025","265",5.16,,,,,,,40.9497689602533,,,,
"F1","contour",2025,"buffer_2025","266",5.28,,,,,,,40.9378960042354,,,,
"F1","contour",2025,"buffer_2025","267",5.4,,,,,,,40.9244341144757,,,,
"F1","contour",2025,"buffer_2025","268",5.52,,,,,,,40.9091859740687,,,,
"F1","contour",2025,"buffer_2025","269",5.61189957019744,,,,,,,40.896,,,,
"F1","contour",2025,"buffer_2025","270",5.64,,,,,,,40.8919552504744,,,,
"F1","contour",2025,"buffer_2025","271",5.76,,,,,,,40.8725070718605,,,,
"F1","contour",2025,"buffer_2025","272",5.88,,,,,,,40.8505752717034,,,,
"F1","contour",2025,"buffer_2025","273",6,,,,,,,40.825927044578,,,,
"F1","contour",2025,"buffer_2025","274",6.12,,,,,,,40.7983318112537,,,,
"F1","contour",2025,"buffer_2025","275",6.24,,,,,,,40.7675653288334,,,,
"F1","contour",2025,"buffer_2025","276",6.29492003102901,,,,,,,40.752,,,,
"F1","contour",2025,"buffer_2025","277",6.36,,,,,,,40.7331920947007,,,,
"F1","contour",2025,"buffer_2025","278",6.48,,,,,,,40.6948817094653,,,,
"F1","contour",2025,"buffer_2025","279",6.6,,,,,,,40.652691534494,,,,
"F1","contour",2025,"buffer_2025","280",6.71684550723088,,,,,,,40.608,,,,
"F1","contour",2025,"buffer_2025","281",6.72,,,,,,,40.6067628910718,,,,
"F1","contour",2025,"buffer_2025","282",6.84,,,,,,,40.5564403419873,,,,
"F1","contour",2025,"buffer_2025","283",6.96,,,,,,,40.5025417845138,,,,
"F1","contour",2025,"buffer_2025","284",7.04095058513379,,,,,,,40.464,,,,
"F1","contour",2025,"buffer_2025","285",7.08,,,,,,,40.4448899510676,,,,
"F1","contour",2025,"buffer_2025","286",7.2,,,,,,,40.38312460957,,,,
"F1","contour",2025,"buffer_2025","287",7.31637474086806,,,,,,,40.32,,,,
"F1","contour",2025,"buffer_2025","288",7.32,,,,,,,40.317980811695,,,,
"F1","contour",2025,"buffer_2025","289",7.44,,,,,,,40.248530427917,,,,
"F1","contour",2025,"buffer_2025","290",7.55966530629871,,,,,,,40.176,,,,
"F1","contour",2025,"buffer_2025","291",7.56,,,,,,,40.1757922093451,,,,
"F1","contour",2025,"buffer_2025","292",7.68,,,,,,,40.0988872204604,,,,
"F1","contour",2025,"buffer_2025","293",7.780219523407,,,,,,,40.032,,,,
"F1","contour",2025,"buffer_2025","294",7.8,,,,,,,40.0185186359098,,,,
"F1","contour",2025,"buffer_2025","295",7.92,,,,,,,39.9341603352479,,,,
"F1","contour",2025,"buffer_2025","296",7.983295533679,,,,,,,39.888,,,,
"F1","contour",2025,"buffer_2025","297",8.04,,,,,,,39.8458734231266,,,,
"F1","contour",2025,"buffer_2025","298",8.16,,,,,,,39.7528979363375,,,,
"F1","contour",2025,"buffer_2025","299",8.17105062264362,,,,,,,39.744,,,,
"F1","contour",2025,"buffer_2025","300",8.28,,,,,,,39.6547772585857,,,,
"F1","contour",2025,"buffer_2025","301",8.34365799307248,,,,,,,39.6,,,,
"F1","contour",2025,"buffer_2025","302",8.4,,,,,,,39.5508191231439,,,,
"F1","contour",2025,"buffer_2025","303",8.50315340259593,,,,,,,39.456,,,,
"F1","contour",2025,"buffer_2025","304",8.52,,,,,,,39.4403166951497,,,,
"F1","contour",2025,"buffer_2025","305",8.64,,,,,,,39.3227714524135,,,,
"F1","contour",2025,"buffer_2025","306",8.65047155544732,,,,,,,39.312,,,,
"F1","contour",2025,"buffer_2025","307",8.76,,,,,,,39.1972985020646,,,,
"F1","contour",2025,"buffer_2025","308",8.7865698721594,,,,,,,39.168,,,,
"F1","contour",2025,"buffer_2025","309",8.88,,,,,,,39.0621311300363,,,,
"F1","contour",2025,"buffer_2025","310",8.91203339789887,,,,,,,39.024,,,,
"F1","contour",2025,"buffer_2025","311",9,,,,,,,38.9154333306097,,,,
"F1","contour",2025,"buffer_2025","312",9.02744368858811,,,,,,,38.88,,,,
"F1","contour",2025,"buffer_2025","313",9.12,,,,,,,38.7551961726952,,,,
"F1","contour",2025,"buffer_2025","314",9.13368697192754,,,,,,,38.736,,,,
"F1","contour",2025,"buffer_2025","315",9.23168787892537,,,,,,,38.592,,,,
"F1","contour",2025,"buffer_2025","316",9.24,,,,,,,38.5791615934409,,,,
"F1","contour",2025,"buffer_2025","317",9.32247413529386,,,,,,,38.448,,,,
"F1","contour",2025,"buffer_2025","318",9.36,,,,,,,38.384878852431,,,,
"F1","contour",2025,"buffer_2025","319",9.40700099695397,,,,,,,38.304,,,,
"F1","contour",2025,"buffer_2025","320",9.48,,,,,,,38.1709889773221,,,,
"F1","contour",2025,"buffer_2025","321",9.48591225721516,,,,,,,38.16,,,,
"F1","contour",2025,"buffer_2025","322",9.5597377466373,,,,,,,38.016,,,,
"F1","contour",2025,"buffer_2025","323",9.6,,,,,,,37.9327688283126,,,,
"F1","contour",2025,"buffer_2025","324",9.6289441163166,,,,,,,37.872,,,,
"F1","contour",2025,"buffer_2025","325",9.69400522890529,,,,,,,37.728,,,,
"F1","contour",2025,"buffer_2025","326",9.72,,,,,,,37.6673568970455,,,,
"F1","contour",2025,"buffer_2025","327",9.75529114590379,,,,,,,37.584,,,,
"F1","contour",2025,"buffer_2025","328",9.81326739194358,,,,,,,37.44,,,,
"F1","contour",2025,"buffer_2025","329",9.84,,,,,,,37.3703414880846,,,,
"F1","contour",2025,"buffer_2025","330",9.86822328927124,,,,,,,37.296,,,,
"F1","contour",2025,"buffer_2025","331",9.92049091408763,,,,,,,37.152,,,,
"F1","contour",2025,"buffer_2025","332",9.96,,,,,,,37.0380590159017,,,,
"F1","contour",2025,"buffer_2025","333",9.97031881433586,,,,,,,37.008,,,,
"F1","contour",2025,"buffer_2025","334",10.0178856081125,,,,,,,36.864,,,,
"F1","contour",2025,"buffer_2025","335",10.0634770854277,,,,,,,36.72,,,,
"F1","contour",2025,"buffer_2025","336",10.08,,,,,,,36.6658471670438,,,,
"F1","contour",2025,"buffer_2025","337",10.1071724256213,,,,,,,36.576,,,,
"F1","contour",2025,"buffer_2025","338",10.1491778939098,,,,,,,36.432,,,,
"F1","contour",2025,"buffer_2025","339",10.1896575802891,,,,,,,36.288,,,,
"F1","contour",2025,"buffer_2025","340",10.2,,,,,,,36.2500185710284,,,,
"F1","contour",2025,"buffer_2025","341",10.2286042988771,,,,,,,36.144,,,,
"F1","contour",2025,"buffer_2025","342",10.2661639904165,,,,,,,36,,,,
"F1","contour",2025,"buffer_2025","343",10.3023644209271,,,,,,,35.856,,,,
"F1","contour",2025,"buffer_2025","344",10.32,,,,,,,35.7832680831453,,,,
"F1","contour",2025,"buffer_2025","345",10.337064651869,,,,,,,35.712,,,,
"F1","contour",2025,"buffer_2025","346",10.370213296645,,,,,,,35.568,,,,
"F1","contour",2025,"buffer_2025","347",10.4018902788794,,,,,,,35.424,,,,
"F1","contour",2025,"buffer_2025","348",10.4320721704554,,,,,,,35.28,,,,
"F1","contour",2025,"buffer_2025","349",10.44,,,,,,,35.2403933466902,,,,
"F1","contour",2025,"buffer_2025","350",10.4604842337725,,,,,,,35.136,,,,
"F1","contour",2025,"buffer_2025","351",10.4872514912628,,,,,,,34.992,,,,
"F1","contour",2025,"buffer_2025","352",10.5124706977742,,,,,,,34.848,,,,
"F1","contour",2025,"buffer_2025","353",10.5361557978544,,,,,,,34.704,,,,
"F1","contour",2025,"buffer_2025","354",10.5583276044305,,,,,,,34.56,,,,
"F1","contour",2025,"buffer_2025","355",10.56,,,,,,,34.548445091251,,,,
"F1","contour",2025,"buffer_2025","356",10.5786637860702,,,,,,,34.416,,,,
"F1","contour",2025,"buffer_2025","357",10.5975394113251,,,,,,,34.272,,,,
"F1","contour",2025,"buffer_2025","358",10.6150334978083,,,,,,,34.128,,,,
"F1","contour",2025,"buffer_2025","359",10.6311952355998,,,,,,,33.984,,,,
"F1","contour",2025,"buffer_2025","360",10.6460741899578,,,,,,,33.84,,,,
"F1","contour",2025,"buffer_2025","361",10.6597228128825,,,,,,,33.696,,,,
"F1","contour",2025,"buffer_2025","362",10.6721920914301,,,,,,,33.552,,,,
"F1","contour",2025,"buffer_2025","363",10.68,,,,,,,33.4529500484232,,,,
"F1","contour",2025,"buffer_2025","364",10.6834689558247,,,,,,,33.408,,,,
"F1","contour",2025,"buffer_2025","365",10.6935577106981,,,,,,,33.264,,,,
"F1","contour",2025,"buffer_2025","366",10.7026412448094,,,,,,,33.12,,,,
"F1","contour",2025,"buffer_2025","367",10.7107546140216,,,,,,,32.976,,,,
"F1","contour",2025,"buffer_2025","368",10.7179608314355,,,,,,,32.832,,,,
"F1","contour",2025,"buffer_2025","369",10.7244184667931,,,,,,,32.688,,,,
"F1","contour",2025,"buffer_2025","370",10.7302970110155,,,,,,,32.544,,,,
"F1","contour",2025,"buffer_2025","371",10.7357591725548,,,,,,,32.4,,,,
"F1","contour",2025,"buffer_2025","372",10.7409629615215,,,,,,,32.256,,,,
"F1","contour",2025,"buffer_2025","373",10.7460628368976,,,,,,,32.112,,,,
"F1","contour",2025,"buffer_2025","374",10.7512096343376,,,,,,,31.968,,,,
"F1","contour",2025,"buffer_2025","375",10.7565505649086,,,,,,,31.824,,,,
"F1","contour",2025,"buffer_2025","376",10.7622282865439,,,,,,,31.68,,,,
"F1","contour",2025,"buffer_2025","377",10.7683790229035,,,,,,,31.536,,,,
"F1","contour",2025,"buffer_2025","378",10.7751299819386,,,,,,,31.392,,,,
"F1","contour",2025,"buffer_2025","379",10.7825419263076,,,,,,,31.248,,,,
"F1","contour",2025,"buffer_2025","380",10.7904876020554,,,,,,,31.104,,,,
"F1","contour",2025,"buffer_2025","381",10.7988080571879,,,,,,,30.96,,,,
"F1","contour",2025,"buffer_2025","382",10.8,,,,,,,30.9400102484728,,,,
"F1","contour",2025,"buffer_2025","383",10.8073729958584,,,,,,,30.816,,,,
"F1","contour",2025,"buffer_2025","384",10.8160422564764,,,,,,,30.672,,,,
"F1","contour",2025,"buffer_2025","385",10.8246858671785,,,,,,,30.528,,,,
"F1","contour",2025,"buffer_2025","386",10.8331844133039,,,,,,,30.384,,,,
"F1","contour",2025,"buffer_2025","387",10.8414298644729,,,,,,,30.24,,,,
"F1","contour",2025,"buffer_2025","388",10.8493253633868,,,,,,,30.096,,,,
"F1","contour",2025,"buffer_2025","389",10.8567834854792,,,,,,,29.952,,,,
"F1","contour",2025,"buffer_2025","390",10.8637238357742,,,,,,,29.808,,,,
"F1","contour",2025,"buffer_2025","391",10.870079635282,,,,,,,29.664,,,,
"F1","contour",2025,"buffer_2025","392",10.8758124202618,,,,,,,29.52,,,,
"F1","contour",2025,"buffer_2025","393",10.8808808574288,,,,,,,29.376,,,,
"F1","contour",2025,"buffer_2025","394",10.8852340966322,,,,,,,29.232,,,,
"F1","contour",2025,"buffer_2025","395",10.8888128707566,,,,,,,29.088,,,,
"F1","contour",2025,"buffer_2025","396",10.8915507711337,,,,,,,28.944,,,,
"F1","contour",2025,"buffer_2025","397",10.8933757858066,,,,,,,28.8,,,,
"F1","contour",2025,"buffer_2025","398",10.8942121749181,,,,,,,28.656,,,,
"F1","contour",2025,"buffer_2025","399",10.8939827392206,,,,,,,28.512,,,,
"F1","contour",2025,"buffer_2025","400",10.8926115119221,,,,,,,28.368,,,,
"F1","contour",2025,"buffer_2025","401",10.8900268696036,,,,,,,28.224,,,,
"F1","contour",2025,"buffer_2025","402",10.8862141267977,,,,,,,28.08,,,,
"F1","contour",2025,"buffer_2025","403",10.8813515399768,,,,,,,27.936,,,,
"F1","contour",2025,"buffer_2025","404",10.8756611523707,,,,,,,27.792,,,,
"F1","contour",2025,"buffer_2025","405",10.8693566372936,,,,,,,27.648,,,,
"F1","contour",2025,"buffer_2025","406",10.8626456474894,,,,,,,27.504,,,,
"F1","contour",2025,"buffer_2025","407",10.8557292950335,,,,,,,27.36,,,,
"F1","contour",2025,"buffer_2025","408",10.8488003131709,,,,,,,27.216,,,,
"F1","contour",2025,"buffer_2025","409",10.8420402458454,,,,,,,27.072,,,,
"F1","contour",2025,"buffer_2025","410",10.8356232897361,,,,,,,26.928,,,,
"F1","contour",2025,"buffer_2025","411",10.8297188820837,,,,,,,26.784,,,,
"F1","contour",2025,"buffer_2025","412",10.8244940793654,,,,,,,26.64,,,,
"F1","contour",2025,"buffer_2025","413",10.8200461671819,,,,,,,26.496,,,,
"F1","contour",2025,"buffer_2025","414",10.8161950434429,,,,,,,26.352,,,,
"F1","contour",2025,"buffer_2025","415",10.8126954695176,,,,,,,26.208,,,,
"F1","contour",2025,"buffer_2025","416",10.8093044526558,,,,,,,26.064,,,,
"F1","contour",2025,"buffer_2025","417",10.805779193403,,,,,,,25.92,,,,
"F1","contour",2025,"buffer_2025","418",10.8018767735253,,,,,,,25.776,,,,
"F1","contour",2025,"buffer_2025","419",10.8,,,,,,,25.7160343449976,,,,
"F1","contour",2025,"buffer_2025","420",10.7973523148763,,,,,,,25.632,,,,
"F1","contour",2025,"buffer_2025","421",10.7919695957058,,,,,,,25.488,,,,
"F1","contour",2025,"buffer_2025","422",10.7855118144033,,,,,,,25.344,,,,
"F1","contour",2025,"buffer_2025","423",10.777778612644,,,,,,,25.2,,,,
"F1","contour",2025,"buffer_2025","424",10.7685973796966,,,,,,,25.056,,,,
"F1","contour",2025,"buffer_2025","425",10.757890162885,,,,,,,24.912,,,,
"F1","contour",2025,"buffer_2025","426",10.7458492296258,,,,,,,24.768,,,,
"F1","contour",2025,"buffer_2025","427",10.7327226595637,,,,,,,24.624,,,,
"F1","contour",2025,"buffer_2025","428",10.7187342945191,,,,,,,24.48,,,,
"F1","contour",2025,"buffer_2025","429",10.7040759780237,,,,,,,24.336,,,,
"F1","contour",2025,"buffer_2025","430",10.6889030598205,,,,,,,24.192,,,,
"F1","contour",2025,"buffer_2025","431",10.68,,,,,,,24.1100297743818,,,,
"F1","contour",2025,"buffer_2025","432",10.6733425949042,,,,,,,24.048,,,,
"F1","contour",2025,"buffer_2025","433",10.6574911067125,,,,,,,23.904,,,,
"F1","contour",2025,"buffer_2025","434",10.6413806925578,,,,,,,23.76,,,,
"F1","contour",2025,"buffer_2025","435",10.6250114961616,,,,,,,23.616,,,,
"F1","contour",2025,"buffer_2025","436",10.6083465347368,,,,,,,23.472,,,,
"F1","contour",2025,"buffer_2025","437",10.5912836984844,,,,,,,23.328,,,,
"F1","contour",2025,"buffer_2025","438",10.5735646719463,,,,,,,23.184,,,,
"F1","contour",2025,"buffer_2025","439",10.56,,,,,,,23.0791682875009,,,,
"F1","contour",2025,"buffer_2025","440",10.5549187848212,,,,,,,23.04,,,,
"F1","contour",2025,"buffer_2025","441",10.5350965620833,,,,,,,22.896,,,,
"F1","contour",2025,"buffer_2025","442",10.5138139772177,,,,,,,22.752,,,,
"F1","contour",2025,"buffer_2025","443",10.490844738295,,,,,,,22.608,,,,
"F1","contour",2025,"buffer_2025","444",10.4659917177415,,,,,,,22.464,,,,
"F1","contour",2025,"buffer_2025","445",10.44,,,,,,,22.3247899634864,,,,
"F1","contour",2025,"buffer_2025","446",10.4390982007967,,,,,,,22.32,,,,
"F1","contour",2025,"buffer_2025","447",10.4101170805964,,,,,,,22.176,,,,
"F1","contour",2025,"buffer_2025","448",10.3789873699012,,,,,,,22.032,,,,
"F1","contour",2025,"buffer_2025","449",10.3457754412551,,,,,,,21.888,,,,
"F1","contour",2025,"buffer_2025","450",10.32,,,,,,,21.7821598766139,,,,
"F1","contour",2025,"buffer_2025","451",10.3107152366402,,,,,,,21.744,,,,
"F1","contour",2025,"buffer_2025","452",10.2743111801959,,,,,,,21.6,,,,
"F1","contour",2025,"buffer_2025","453",10.2368668187692,,,,,,,21.456,,,,
"F1","contour",2025,"buffer_2025","454",10.2,,,,,,,21.3169400770194,,,,
"F1","contour",2025,"buffer_2025","455",10.1987007232261,,,,,,,21.312,,,,
"F1","contour",2025,"buffer_2025","456",10.1602515106836,,,,,,,21.168,,,,
"F1","contour",2025,"buffer_2025","457",10.1214512370853,,,,,,,21.024,,,,
"F1","contour",2025,"buffer_2025","458",10.082312508643,,,,,,,20.88,,,,
"F1","contour",2025,"buffer_2025","459",10.08,,,,,,,20.871586964091,,,,
"F1","contour",2025,"buffer_2025","460",10.0428404131835,,,,,,,20.736,,,,
"F1","contour",2025,"buffer_2025","461",10.0026849952888,,,,,,,20.592,,,,
"F1","contour",2025,"buffer_2025","462",9.96148950402697,,,,,,,20.448,,,,
"F1","contour",2025,"buffer_2025","463",9.96,,,,,,,20.4429314642467,,,,
"F1","contour",2025,"buffer_2025","464",9.91855363231947,,,,,,,20.304,,,,
"F1","contour",2025,"buffer_2025","465",9.87322407281831,,,,,,,20.16,,,,
"F1","contour",2025,"buffer_2025","466",9.84,,,,,,,20.061061805737,,,,
"F1","contour",2025,"buffer_2025","467",9.82433492442195,,,,,,,20.016,,,,
"F1","contour",2025,"buffer_2025","468",9.77041771478277,,,,,,,19.872,,,,
"F1","contour",2025,"buffer_2025","469",9.72,,,,,,,19.7496729239251,,,,
"F1","contour",2025,"buffer_2025","470",9.71057500337218,,,,,,,19.728,,,,
"F1","contour",2025,"buffer_2025","471",9.64245399153204,,,,,,,19.584,,,,
"F1","contour",2025,"buffer_2025","472",9.6,,,,,,,19.5026622160241,,,,
"F1","contour",2025,"buffer_2025","473",9.56491665838402,,,,,,,19.44,,,,
"F1","contour",2025,"buffer_2025","474",9.48,,,,,,,19.3019536340333,,,,
"F1","contour",2025,"buffer_2025","475",9.47603030349191,,,,,,,19.296,,,,
"F1","contour",2025,"buffer_2025","476",9.37244656491239,,,,,,,19.152,,,,
"F1","contour",2025,"buffer_2025","477",9.36,,,,,,,19.1358786075384,,,,
"F1","contour",2025,"buffer_2025","478",9.2520900432025,,,,,,,19.008,,,,
"F1","contour",2025,"buffer_2025","479",9.24,,,,,,,18.9944428986886,,,,
"F1","contour",2025,"buffer_2025","480",9.12,,,,,,,18.8711414542387,,,,
"F1","contour",2025,"buffer_2025","481",9.11243013460421,,,,,,,18.864,,,,
"F1","contour",2025,"buffer_2025","482",9,,,,,,,18.7610484779201,,,,
"F1","contour",2025,"buffer_2025","483",8.95128364052992,,,,,,,18.72,,,,
"F1","contour",2025,"buffer_2025","484",8.88,,,,,,,18.6606988597733,,,,
"F1","contour",2025,"buffer_2025","485",8.7702617380377,,,,,,,18.576,,,,
"F1","contour",2025,"buffer_2025","486",8.76,,,,,,,18.5681191034959,,,,
"F1","contour",2025,"buffer_2025","487",8.64,,,,,,,18.4811572643848,,,,
"F1","contour",2025,"buffer_2025","488",8.56796746948607,,,,,,,18.432,,,,
"F1","contour",2025,"buffer_2025","489",8.52,,,,,,,18.3992684074601,,,,
"F1","contour",2025,"buffer_2025","490",8.4,,,,,,,18.321089991292,,,,
"F1","contour",2025,"buffer_2025","491",8.34715731948263,,,,,,,18.288,,,,
"F1","contour",2025,"buffer_2025","492",8.28,,,,,,,18.2460050045803,,,,
"F1","contour",2025,"buffer_2025","493",8.16,,,,,,,18.1732994766618,,,,
"F1","contour",2025,"buffer_2025","494",8.11054918896071,,,,,,,18.144,,,,
"F1","contour",2025,"buffer_2025","495",8.04,,,,,,,18.1025183364303,,,,
"F1","contour",2025,"buffer_2025","496",7.92,,,,,,,18.0331660416348,,,,
"F1","contour",2025,"buffer_2025","497",7.86201983958202,,,,,,,18,,,,
"F1","contour",2025,"buffer_2025","498",7.8,,,,,,,17.9651254746779,,,,
"F1","contour",2025,"buffer_2025","499",7.68,,,,,,,17.8987634444056,,,,
"F1","contour",2025,"buffer_2025","500",7.60040630477794,,,,,,,17.856,,,,
"F1","contour",2025,"buffer_2025","501",7.56,,,,,,,17.8348576673273,,,,
"F1","contour",2025,"buffer_2025","502",7.44,,,,,,,17.7740584833596,,,,
"F1","contour",2025,"buffer_2025","503",7.32,,,,,,,17.7164098512996,,,,
"F1","contour",2025,"buffer_2025","504",7.3104060120662,,,,,,,17.712,,,,
"F1","contour",2025,"buffer_2025","505",7.2,,,,,,,17.6628626350411,,,,
"F1","contour",2025,"buffer_2025","506",7.08,,,,,,,17.61293130204,,,,
"F1","contour",2025,"buffer_2025","507",6.96347097284179,,,,,,,17.568,,,,
"F1","contour",2025,"buffer_2025","508",6.96,,,,,,,17.5667059340485,,,,
"F1","contour",2025,"buffer_2025","509",6.84,,,,,,,17.5248162755061,,,,
"F1","contour",2025,"buffer_2025","510",6.72,,,,,,,17.4865509365458,,,,
"F1","contour",2025,"buffer_2025","511",6.6,,,,,,,17.4518701134108,,,,
"F1","contour",2025,"buffer_2025","512",6.49289160020691,,,,,,,17.424,,,,
"F1","contour",2025,"buffer_2025","513",6.48,,,,,,,17.4207352824031,,,,
"F1","contour",2025,"buffer_2025","514",6.36,,,,,,,17.3932969100332,,,,
"F1","contour",2025,"buffer_2025","515",6.24,,,,,,,17.3688380409567,,,,
"F1","contour",2025,"buffer_2025","516",6.12,,,,,,,17.3470060758339,,,,
"F1","contour",2025,"buffer_2025","517",6,,,,,,,17.3274850777427,,,,
"F1","contour",2025,"buffer_2025","518",5.88,,,,,,,17.3099893879058,,,,
"F1","contour",2025,"buffer_2025","519",5.76,,,,,,,17.2942580397105,,,,
"F1","contour",2025,"buffer_2025","520",5.64,,,,,,,17.2800501540345,,,,
"F1","contour",2025,"buffer_2025","521",5.63953514122644,,,,,,,17.28,,,,
"F1","contour",2025,"buffer_2025","522",5.52,,,,,,,17.2673125311824,,,,
"F1","contour",2025,"buffer_2025","523",5.4,,,,,,,17.2556502048938,,,,
"F1","contour",2025,"buffer_2025","524",5.28,,,,,,,17.244863418284,,,,
"F1","contour",2025,"buffer_2025","525",5.16,,,,,,,17.2347600428824,,,,
"F1","contour",2025,"buffer_2025","526",5.04,,,,,,,17.2251533371543,,,,
"F1","contour",2025,"buffer_2025","527",4.92,,,,,,,17.2158705404502,,,,
"F1","contour",2025,"buffer_2025","528",4.8,,,,,,,17.2068077432558,,,,
"F1","contour",2025,"buffer_2025","529",4.68,,,,,,,17.1979349062164,,,,
"F1","contour",2025,"buffer_2025","530",4.56,,,,,,,17.1892782840244,,,,
"F1","contour",2025,"buffer_2025","531",4.44,,,,,,,17.1808730101866,,,,
"F1","contour",2025,"buffer_2025","532",4.32,,,,,,,17.1727599834009,,,,
"F1","contour",2025,"buffer_2025","533",4.2,,,,,,,17.1649853100771,,,,
"F1","contour",2025,"buffer_2025","534",4.08,,,,,,,17.157599432974,,,,
"F1","contour",2025,"buffer_2025","535",3.96,,,,,,,17.1506561772654,,,,
"F1","contour",2025,"buffer_2025","536",3.84,,,,,,,17.1442115959014,,,,
"F1","contour",2025,"buffer_2025","537",3.72,,,,,,,17.1383226129944,,,,
"F1","contour",2025,"buffer_2025","538",3.66735233357164,,,,,,,17.136,,,,
"F1","contour",2025,"buffer_2025","539",3.6,,,,,,,17.1330620478256,,,,
"F1","contour",2025,"buffer_2025","540",3.48,,,,,,,17.1284536326432,,,,
"F1","contour",2025,"buffer_2025","541",3.36,,,,,,,17.1244672564177,,,,
"F1","contour",2025,"buffer_2025","542",3.24,,,,,,,17.1210634497066,,,,
"F1","contour",2025,"buffer_2025","543",3.12,,,,,,,17.118196646931,,,,
"F1","contour",2025,"buffer_2025","544",3,,,,,,,17.1158173480817,,,,
"F1","contour",2025,"buffer_2025","545",2.88,,,,,,,17.1138735724321,,,,
"F1","contour",2025,"buffer_2025","546",2.76,,,,,,,17.112275871693,,,,
"F1","contour",2025,"buffer_2025","547",2.64,,,,,,,17.1108679308775,,,,
"F1","contour",2025,"buffer_2025","548",2.52,,,,,,,17.1094892393871,,,,
"F1","contour",2025,"buffer_2025","549",2.4,,,,,,,17.107981634549,,,,
"F1","contour",2025,"buffer_2025","550",2.28,,,,,,,17.1061874019608,,,,
"F1","contour",2025,"buffer_2025","551",2.16,,,,,,,17.1039465637203,,,,
"F1","contour",2025,"buffer_2025","552",2.04,,,,,,,17.1011228572725,,,,
"F1","contour",2025,"buffer_2025","553",1.92,,,,,,,17.0977167532145,,,,
"F1","contour",2025,"buffer_2025","554",1.8,,,,,,,17.0937694583749,,,,
"F1","contour",2025,"buffer_2025","555",1.68,,,,,,,17.0893219798033,,,,
"F1","contour",2025,"buffer_2025","556",1.56,,,,,,,17.0844171819643,,,,
"F1","contour",2025,"buffer_2025","557",1.44,,,,,,,17.0791015495001,,,,
"F1","contour",2025,"buffer_2025","558",1.32,,,,,,,17.0734235329099,,,,
"F1","contour",2025,"buffer_2025","559",1.2,,,,,,,17.0674349808554,,,,
"F1","contour",2025,"buffer_2025","560",1.08,,,,,,,17.0611958512896,,,,
"F1","contour",2025,"buffer_2025","561",0.96,,,,,,,17.0547755138202,,,,
"F1","contour",2025,"buffer_2025","562",0.84,,,,,,,17.0482894978411,,,,
"F1","contour",2025,"buffer_2025","563",0.72,,,,,,,17.0419760863206,,,,
"F1","contour",2025,"buffer_2025","564",0.6,,,,,,,17.0360598135927,,,,
"F1","contour",2025,"buffer_2025","565",0.48,,,,,,,17.0305660151446,,,,
"F1","contour",2025,"buffer_2025","566",0.36,,,,,,,17.0254599762203,,,,
"F1","contour",2025,"buffer_2025","567",0.24,,,,,,,17.0207007777811,,,,
"F1","contour",2025,"buffer_2025","568",0.12,,,,,,,17.016242220915,,,,
"F1","contour",2025,"buffer_2025","569",0,,,,,,,17.0120337031333,,,,
"F1","contour",2025,"buffer_2025","570",-0.12,,,,,,,17.0080210044786,,,,
"F1","contour",2025,"buffer_2025","571",-0.24,,,,,,,17.0041469496488,,,,
"F1","contour",2025,"buffer_2025","572",-0.36,,,,,,,17.0003519207313,,,,
"F1","contour",2025,"buffer_2025","573",-0.48,,,,,,,16.9965742023281,,,,
"F1","contour",2025,"buffer_2025","574",-0.6,,,,,,,16.9927501462594,,,,
"F1","contour",2025,"buffer_2025","575",-0.622849197565429,,,,,,,16.992,,,,
"F1","contour",2025,"buffer_2025","576",-0.72,,,,,,,16.9888234403521,,,,
"F1","contour",2025,"buffer_2025","577",-0.84,,,,,,,16.9847561513617,,,,
"F1","contour",2025,"buffer_2025","578",-0.96,,,,,,,16.9806703503722,,,,
"F1","contour",2025,"buffer_2025","579",-1.08,,,,,,,16.9767111358405,,,,
"F1","contour",2025,"buffer_2025","580",-1.2,,,,,,,16.9729408886045,,,,
"F1","contour",2025,"buffer_2025","581",-1.32,,,,,,,16.9693956858492,,,,
"F1","contour",2025,"buffer_2025","582",-1.44,,,,,,,16.9661124726252,,,,
"F1","contour",2025,"buffer_2025","583",-1.56,,,,,,,16.963129014487,,,,
"F1","contour",2025,"buffer_2025","584",-1.68,,,,,,,16.9604843255798,,,,
"F1","contour",2025,"buffer_2025","585",-1.8,,,,,,,16.9582185286617,,,,
"F1","contour",2025,"buffer_2025","586",-1.92,,,,,,,16.9563721103297,,,,
"F1","contour",2025,"buffer_2025","587",-2.04,,,,,,,16.9549856437572,,,,
"F1","contour",2025,"buffer_2025","588",-2.16,,,,,,,16.9540994886395,,,,
"F1","contour",2025,"buffer_2025","589",-2.28,,,,,,,16.953729098067,,,,
"F1","contour",2025,"buffer_2025","590",-2.4,,,,,,,16.953808934313,,,,
"F1","contour",2025,"buffer_2025","591",-2.52,,,,,,,16.9542564284553,,,,
"F1","contour",2025,"buffer_2025","592",-2.64,,,,,,,16.9549887835929,,,,
"F1","contour",2025,"buffer_2025","593",-2.76,,,,,,,16.955923244621,,,,
"F1","contour",2025,"buffer_2025","594",-2.88,,,,,,,16.9569773309536,,,,
"F1","contour",2025,"buffer_2025","595",-3,,,,,,,16.9580733598895,,,,
"F1","contour",2025,"buffer_2025","596",-3.12,,,,,,,16.9591737447378,,,,
"F1","contour",2025,"buffer_2025","597",-3.24,,,,,,,16.9602623566471,,,,
"F1","contour",2025,"buffer_2025","598",-3.36,,,,,,,16.9613234244365,,,,
"F1","contour",2025,"buffer_2025","599",-3.48,,,,,,,16.9623413532728,,,,
"F1","contour",2025,"buffer_2025","600",-3.6,,,,,,,16.9633007931292,,,,
"F1","contour",2025,"buffer_2025","601",-3.72,,,,,,,16.9642380766778,,,,
"F1","contour",2025,"buffer_2025","602",-3.84,,,,,,,16.9653381469577,,,,
"F1","contour",2025,"buffer_2025","603",-3.96,,,,,,,16.9668112999756,,,,
"F1","contour",2025,"buffer_2025","604",-4.08,,,,,,,16.9688667738598,,,,
"F1","contour",2025,"buffer_2025","605",-4.2,,,,,,,16.9717138835388,,,,
"F1","contour",2025,"buffer_2025","606",-4.32,,,,,,,16.975563718292,,,,
"F1","contour",2025,"buffer_2025","607",-4.44,,,,,,,16.9806314118284,,,,
"F1","contour",2025,"buffer_2025","608",-4.56,,,,,,,16.9871388073156,,,,
"F1","contour",2025,"buffer_2025","609",-4.6313940343902,,,,,,,16.992,,,,
"F1","contour",2025,"buffer_2025","610",-4.68,,,,,,,16.9953287645047,,,,
"F1","contour",2025,"buffer_2025","611",-4.8,,,,,,,17.0054500227252,,,,
"F1","contour",2025,"buffer_2025","612",-4.92,,,,,,,17.0177320385625,,,,
"F1","contour",2025,"buffer_2025","613",-5.04,,,,,,,17.0324358791989,,,,
"F1","contour",2025,"buffer_2025","614",-5.16,,,,,,,17.0497157744236,,,,
"F1","contour",2025,"buffer_2025","615",-5.28,,,,,,,17.069430011065,,,,
"F1","contour",2025,"buffer_2025","616",-5.4,,,,,,,17.0913852420971,,,,
"F1","contour",2025,"buffer_2025","617",-5.52,,,,,,,17.1153770552811,,,,
"F1","contour",2025,"buffer_2025","618",-5.61608996241158,,,,,,,17.136,,,,
"F1","contour",2025,"buffer_2025","619",-5.64,,,,,,,17.1411754009147,,,,
"F1","contour",2025,"buffer_2025","620",-5.76,,,,,,,17.1684792638024,,,,
"F1","contour",2025,"buffer_2025","621",-5.88,,,,,,,17.1970098113398,,,,
"F1","contour",2025,"buffer_2025","622",-6,,,,,,,17.2264381560061,,,,
"F1","contour",2025,"buffer_2025","623",-6.12,,,,,,,17.2563936244359,,,,
"F1","contour",2025,"buffer_2025","624",-6.21438849235371,,,,,,,17.28,,,,
"F1","contour",2025,"buffer_2025","625",-6.24,,,,,,,17.2864210696268,,,,
"F1","contour",2025,"buffer_2025","626",-6.36,,,,,,,17.3159081404967,,,,
"F1","contour",2025,"buffer_2025","627",-6.48,,,,,,,17.3444704981492,,,,
"F1","contour",2025,"buffer_2025","628",-6.6,,,,,,,17.3717833662408,,,,
"F1","contour",2025,"buffer_2025","629",-6.72,,,,,,,17.3979954983697,,,,
"F1","contour",2025,"buffer_2025","630",-6.84,,,,,,,17.4233551908962,,,,
"F1","contour",2025,"buffer_2025","631",-6.84312411560202,,,,,,,17.424,,,,
"F1","contour",2025,"buffer_2025","632",-6.96,,,,,,,17.4478842783773,,,,
"F1","contour",2025,"buffer_2025","633",-7.08,,,,,,,17.472172161027,,,,
"F1","contour",2025,"buffer_2025","634",-7.2,,,,,,,17.4966161952675,,,,
"F1","contour",2025,"buffer_2025","635",-7.32,,,,,,,17.5216358748844,,,,
"F1","contour",2025,"buffer_2025","636",-7.44,,,,,,,17.5476817701212,,,,
"F1","contour",2025,"buffer_2025","637",-7.52853248846376,,,,,,,17.568,,,,
"F1","contour",2025,"buffer_2025","638",-7.56,,,,,,,17.5751748462955,,,,
"F1","contour",2025,"buffer_2025","639",-7.68,,,,,,,17.6045280108188,,,,
"F1","contour",2025,"buffer_2025","640",-7.8,,,,,,,17.6365386796966,,,,
"F1","contour",2025,"buffer_2025","641",-7.92,,,,,,,17.6718902551911,,,,
"F1","contour",2025,"buffer_2025","642",-8.04,,,,,,,17.7112727578755,,,,
"F1","contour",2025,"buffer_2025","643",-8.04200725052657,,,,,,,17.712,,,,
"F1","contour",2025,"buffer_2025","644",-8.16,,,,,,,17.7552567289182,,,,
"F1","contour",2025,"buffer_2025","645",-8.28,,,,,,,17.8045698509735,,,,
"F1","contour",2025,"buffer_2025","646",-8.39167115091845,,,,,,,17.856,,,,
"F1","contour",2025,"buffer_2025","647",-8.4,,,,,,,17.8599293006237,,,,
"F1","contour",2025,"buffer_2025","648",-8.52,,,,,,,17.9225388971778,,,,
"F1","contour",2025,"buffer_2025","649",-8.64,,,,,,,17.9929323870533,,,,
"F1","contour",2025,"buffer_2025","650",-8.6509508394647,,,,,,,18,,,,
"F1","contour",2025,"buffer_2025","651",-8.76,,,,,,,18.0731153513313,,,,
"F1","contour",2025,"buffer_2025","652",-8.8547744744905,,,,,,,18.144,,,,
"F1","contour",2025,"buffer_2025","653",-8.88,,,,,,,18.1637524991259,,,,
"F1","contour",2025,"buffer_2025","654",-9,,,,,,,18.2671272929033,,,,
"F1","contour",2025,"buffer_2025","655",-9.02213894276252,,,,,,,18.288,,,,
"F1","contour",2025,"buffer_2025","656",-9.12,,,,,,,18.3853746585127,,,,
"F1","contour",2025,"buffer_2025","657",-9.16296302861358,,,,,,,18.432,,,,
"F1","contour",2025,"buffer_2025","658",-9.24,,,,,,,18.5206748869743,,,,
"F1","contour",2025,"buffer_2025","659",-9.28444924445533,,,,,,,18.576,,,,
"F1","contour",2025,"buffer_2025","660",-9.36,,,,,,,18.6760931336592,,,,
"F1","contour",2025,"buffer_2025","661",-9.39092548735356,,,,,,,18.72,,,,
"F1","contour",2025,"buffer_2025","662",-9.48,,,,,,,18.8548752766261,,,,
"F1","contour",2025,"buffer_2025","663",-9.48567652172521,,,,,,,18.864,,,,
"F1","contour",2025,"buffer_2025","664",-9.57011593836386,,,,,,,19.008,,,,
"F1","contour",2025,"buffer_2025","665",-9.6,,,,,,,19.0625269150832,,,,
"F1","contour",2025,"buffer_2025","666",-9.64668755429688,,,,,,,19.152,,,,
"F1","contour",2025,"buffer_2025","667",-9.71668049037426,,,,,,,19.296,,,,
"F1","contour",2025,"buffer_2025","668",-9.72,,,,,,,19.3032960946559,,,,
"F1","contour",2025,"buffer_2025","669",-9.77972588791834,,,,,,,19.44,,,,
"F1","contour",2025,"buffer_2025","670",-9.83784861167996,,,,,,,19.584,,,,
"F1","contour",2025,"buffer_2025","671",-9.84,,,,,,,19.5897354016275,,,,
"F1","contour",2025,"buffer_2025","672",-9.89017215850209,,,,,,,19.728,,,,
"F1","contour",2025,"buffer_2025","673",-9.93814566525963,,,,,,,19.872,,,,
"F1","contour",2025,"buffer_2025","674",-9.96,,,,,,,19.9435971728725,,,,
"F1","contour",2025,"buffer_2025","675",-9.98152501037769,,,,,,,20.016,,,,
"F1","contour",2025,"buffer_2025","676",-10.0205376513568,,,,,,,20.16,,,,
"F1","contour",2025,"buffer_2025","677",-10.0557012630708,,,,,,,20.304,,,,
"F1","contour",2025,"buffer_2025","678",-10.08,,,,,,,20.4151091146113,,,,
"F1","contour",2025,"buffer_2025","679",-10.0870699967985,,,,,,,20.448,,,,
"F1","contour",2025,"buffer_2025","680",-10.1149243828535,,,,,,,20.592,,,,
"F1","contour",2025,"buffer_2025","681",-10.1401195465751,,,,,,,20.736,,,,
"F1","contour",2025,"buffer_2025","682",-10.1630642994573,,,,,,,20.88,,,,
"F1","contour",2025,"buffer_2025","683",-10.1841221730124,,,,,,,21.024,,,,
"F1","contour",2025,"buffer_2025","684",-10.2,,,,,,,21.1413056893738,,,,
"F1","contour",2025,"buffer_2025","685",-10.2035893429798,,,,,,,21.168,,,,
"F1","contour",2025,"buffer_2025","686",-10.2216876650951,,,,,,,21.312,,,,
"F1","contour",2025,"buffer_2025","687",-10.2388711691821,,,,,,,21.456,,,,
"F1","contour",2025,"buffer_2025","688",-10.2554030295724,,,,,,,21.6,,,,
"F1","contour",2025,"buffer_2025","689",-10.271531166038,,,,,,,21.744,,,,
"F1","contour",2025,"buffer_2025","690",-10.2874869668124,,,,,,,21.888,,,,
"F1","contour",2025,"buffer_2025","691",-10.3033838725966,,,,,,,22.032,,,,
"F1","contour",2025,"buffer_2025","692",-10.3190035777062,,,,,,,22.176,,,,
"F1","contour",2025,"buffer_2025","693",-10.32,,,,,,,22.1854814850193,,,,
"F1","contour",2026,"abs_2026","1",-10.08,,,,,,,22.5501411554424,,,,
"F1","contour",2026,"abs_2026","2",-10.0884677112838,,,,,,,22.608,,,,
"F1","contour",2026,"abs_2026","3",-10.1081416018262,,,,,,,22.752,,,,
"F1","contour",2026,"abs_2026","4",-10.1260490900505,,,,,,,22.896,,,,
"F1","contour",2026,"abs_2026","5",-10.1419125605911,,,,,,,23.04,,,,
"F1","contour",2026,"abs_2026","6",-10.1554683510965,,,,,,,23.184,,,,
"F1","contour",2026,"abs_2026","7",-10.1664585668584,,,,,,,23.328,,,,
"F1","contour",2026,"abs_2026","8",-10.174621760501,,,,,,,23.472,,,,
"F1","contour",2026,"abs_2026","9",-10.1797816128506,,,,,,,23.616,,,,
"F1","contour",2026,"abs_2026","10",-10.1820980174361,,,,,,,23.76,,,,
"F1","contour",2026,"abs_2026","11",-10.1818780105926,,,,,,,23.904,,,,
"F1","contour",2026,"abs_2026","12",-10.1794645498697,,,,,,,24.048,,,,
"F1","contour",2026,"abs_2026","13",-10.1751979754688,,,,,,,24.192,,,,
"F1","contour",2026,"abs_2026","14",-10.1694235171993,,,,,,,24.336,,,,
"F1","contour",2026,"abs_2026","15",-10.1624991364962,,,,,,,24.48,,,,
"F1","contour",2026,"abs_2026","16",-10.1548004147197,,,,,,,24.624,,,,
"F1","contour",2026,"abs_2026","17",-10.1467226515521,,,,,,,24.768,,,,
"F1","contour",2026,"abs_2026","18",-10.1386801640053,,,,,,,24.912,,,,
"F1","contour",2026,"abs_2026","19",-10.1311024935201,,,,,,,25.056,,,,
"F1","contour",2026,"abs_2026","20",-10.1243489911038,,,,,,,25.2,,,,
"F1","contour",2026,"abs_2026","21",-10.1184789855362,,,,,,,25.344,,,,
"F1","contour",2026,"abs_2026","22",-10.113466737995,,,,,,,25.488,,,,
"F1","contour",2026,"abs_2026","23",-10.1092728024665,,,,,,,25.632,,,,
"F1","contour",2026,"abs_2026","24",-10.1058476302819,,,,,,,25.776,,,,
"F1","contour",2026,"abs_2026","25",-10.1031273080772,,,,,,,25.92,,,,
"F1","contour",2026,"abs_2026","26",-10.1009940950861,,,,,,,26.064,,,,
"F1","contour",2026,"abs_2026","27",-10.0993095240749,,,,,,,26.208,,,,
"F1","contour",2026,"abs_2026","28",-10.0979364555235,,,,,,,26.352,,,,
"F1","contour",2026,"abs_2026","29",-10.0967395257948,,,,,,,26.496,,,,
"F1","contour",2026,"abs_2026","30",-10.0955845059062,,,,,,,26.64,,,,
"F1","contour",2026,"abs_2026","31",-10.0943519842084,,,,,,,26.784,,,,
"F1","contour",2026,"abs_2026","32",-10.0929825667199,,,,,,,26.928,,,,
"F1","contour",2026,"abs_2026","33",-10.0914323924743,,,,,,,27.072,,,,
"F1","contour",2026,"abs_2026","34",-10.0896581829485,,,,,,,27.216,,,,
"F1","contour",2026,"abs_2026","35",-10.0876176678326,,,,,,,27.36,,,,
"F1","contour",2026,"abs_2026","36",-10.0852718348822,,,,,,,27.504,,,,
"F1","contour",2026,"abs_2026","37",-10.0825906453529,,,,,,,27.648,,,,
"F1","contour",2026,"abs_2026","38",-10.08,,,,,,,27.7707770358358,,,,
"F1","contour",2026,"abs_2026","39",-10.0795509825225,,,,,,,27.792,,,,
"F1","contour",2026,"abs_2026","40",-10.076139623974,,,,,,,27.936,,,,
"F1","contour",2026,"abs_2026","41",-10.072348698753,,,,,,,28.08,,,,
"F1","contour",2026,"abs_2026","42",-10.068207835876,,,,,,,28.224,,,,
"F1","contour",2026,"abs_2026","43",-10.0637566517485,,,,,,,28.368,,,,
"F1","contour",2026,"abs_2026","44",-10.0590054956605,,,,,,,28.512,,,,
"F1","contour",2026,"abs_2026","45",-10.0539530680113,,,,,,,28.656,,,,
"F1","contour",2026,"abs_2026","46",-10.0485937465666,,,,,,,28.8,,,,
"F1","contour",2026,"abs_2026","47",-10.0429166729728,,,,,,,28.944,,,,
"F1","contour",2026,"abs_2026","48",-10.0369049245545,,,,,,,29.088,,,,
"F1","contour",2026,"abs_2026","49",-10.0305347132211,,,,,,,29.232,,,,
"F1","contour",2026,"abs_2026","50",-10.0237745395057,,,,,,,29.376,,,,
"F1","contour",2026,"abs_2026","51",-10.0165842187203,,,,,,,29.52,,,,
"F1","contour",2026,"abs_2026","52",-10.0089136845551,,,,,,,29.664,,,,
"F1","contour",2026,"abs_2026","53",-10.0007014595259,,,,,,,29.808,,,,
"F1","contour",2026,"abs_2026","54",-9.99191665725106,,,,,,,29.952,,,,
"F1","contour",2026,"abs_2026","55",-9.98271497909266,,,,,,,30.096,,,,
"F1","contour",2026,"abs_2026","56",-9.97328279045569,,,,,,,30.24,,,,
"F1","contour",2026,"abs_2026","57",-9.9637291678497,,,,,,,30.384,,,,
"F1","contour",2026,"abs_2026","58",-9.96,,,,,,,30.4400387091462,,,,
"F1","contour",2026,"abs_2026","59",-9.954145493353,,,,,,,30.528,,,,
"F1","contour",2026,"abs_2026","60",-9.9446305484471,,,,,,,30.672,,,,
"F1","contour",2026,"abs_2026","61",-9.93528486245978,,,,,,,30.816,,,,
"F1","contour",2026,"abs_2026","62",-9.92620504524003,,,,,,,30.96,,,,
"F1","contour",2026,"abs_2026","63",-9.91749125576111,,,,,,,31.104,,,,
"F1","contour",2026,"abs_2026","64",-9.90925000024382,,,,,,,31.248,,,,
"F1","contour",2026,"abs_2026","65",-9.9015946872596,,,,,,,31.392,,,,
"F1","contour",2026,"abs_2026","66",-9.89459603186725,,,,,,,31.536,,,,
"F1","contour",2026,"abs_2026","67",-9.88808948229662,,,,,,,31.68,,,,
"F1","contour",2026,"abs_2026","68",-9.88183864797262,,,,,,,31.824,,,,
"F1","contour",2026,"abs_2026","69",-9.87560557477712,,,,,,,31.968,,,,
"F1","contour",2026,"abs_2026","70",-9.86915001723975,,,,,,,32.112,,,,
"F1","contour",2026,"abs_2026","71",-9.86222941226431,,,,,,,32.256,,,,
"F1","contour",2026,"abs_2026","72",-9.85463587700666,,,,,,,32.4,,,,
"F1","contour",2026,"abs_2026","73",-9.84626923517477,,,,,,,32.544,,,,
"F1","contour",2026,"abs_2026","74",-9.84,,,,,,,32.642115013178,,,,
"F1","contour",2026,"abs_2026","75",-9.83703414834631,,,,,,,32.688,,,,
"F1","contour",2026,"abs_2026","76",-9.82682749135588,,,,,,,32.832,,,,
"F1","contour",2026,"abs_2026","77",-9.81562651337625,,,,,,,32.976,,,,
"F1","contour",2026,"abs_2026","78",-9.80339096597946,,,,,,,33.12,,,,
"F1","contour",2026,"abs_2026","79",-9.79013148075552,,,,,,,33.264,,,,
"F1","contour",2026,"abs_2026","80",-9.77587085991126,,,,,,,33.408,,,,
"F1","contour",2026,"abs_2026","81",-9.76062705936457,,,,,,,33.552,,,,
"F1","contour",2026,"abs_2026","82",-9.74441122735211,,,,,,,33.696,,,,
"F1","contour",2026,"abs_2026","83",-9.72722585514634,,,,,,,33.84,,,,
"F1","contour",2026,"abs_2026","84",-9.72,,,,,,,33.8972667236795,,,,
"F1","contour",2026,"abs_2026","85",-9.70900501457266,,,,,,,33.984,,,,
"F1","contour",2026,"abs_2026","86",-9.68975951981367,,,,,,,34.128,,,,
"F1","contour",2026,"abs_2026","87",-9.66951941940134,,,,,,,34.272,,,,
"F1","contour",2026,"abs_2026","88",-9.6482623126964,,,,,,,34.416,,,,
"F1","contour",2026,"abs_2026","89",-9.62591604561721,,,,,,,34.56,,,,
"F1","contour",2026,"abs_2026","90",-9.602351005687,,,,,,,34.704,,,,
"F1","contour",2026,"abs_2026","91",-9.6,,,,,,,34.7177019819031,,,,
"F1","contour",2026,"abs_2026","92",-9.5776070045839,,,,,,,34.848,,,,
"F1","contour",2026,"abs_2026","93",-9.55182754822417,,,,,,,34.992,,,,
"F1","contour",2026,"abs_2026","94",-9.52513209429719,,,,,,,35.136,,,,
"F1","contour",2026,"abs_2026","95",-9.49764631169532,,,,,,,35.28,,,,
"F1","contour",2026,"abs_2026","96",-9.48,,,,,,,35.3703893355553,,,,
"F1","contour",2026,"abs_2026","97",-9.46955021689249,,,,,,,35.424,,,,
"F1","contour",2026,"abs_2026","98",-9.44102480504457,,,,,,,35.568,,,,
"F1","contour",2026,"abs_2026","99",-9.41212952253771,,,,,,,35.712,,,,
"F1","contour",2026,"abs_2026","100",-9.38299820166482,,,,,,,35.856,,,,
"F1","contour",2026,"abs_2026","101",-9.36,,,,,,,35.9694071434623,,,,
"F1","contour",2026,"abs_2026","102",-9.35379384309165,,,,,,,36,,,,
"F1","contour",2026,"abs_2026","103",-9.32466185100296,,,,,,,36.144,,,,
"F1","contour",2026,"abs_2026","104",-9.29552009221203,,,,,,,36.288,,,,
"F1","contour",2026,"abs_2026","105",-9.26604230880212,,,,,,,36.432,,,,
"F1","contour",2026,"abs_2026","106",-9.24,,,,,,,36.5560441303885,,,,
"F1","contour",2026,"abs_2026","107",-9.23573965696571,,,,,,,36.576,,,,
"F1","contour",2026,"abs_2026","108",-9.20385195628454,,,,,,,36.72,,,,
"F1","contour",2026,"abs_2026","109",-9.17000985271808,,,,,,,36.864,,,,
"F1","contour",2026,"abs_2026","110",-9.13374253322896,,,,,,,37.008,,,,
"F1","contour",2026,"abs_2026","111",-9.12,,,,,,,37.0590125205239,,,,
"F1","contour",2026,"abs_2026","112",-9.09403140228348,,,,,,,37.152,,,,
"F1","contour",2026,"abs_2026","113",-9.05046866782231,,,,,,,37.296,,,,
"F1","contour",2026,"abs_2026","114",-9.00298827073108,,,,,,,37.44,,,,
"F1","contour",2026,"abs_2026","115",-9,,,,,,,37.4484321390738,,,,
"F1","contour",2026,"abs_2026","116",-8.94992776947355,,,,,,,37.584,,,,
"F1","contour",2026,"abs_2026","117",-8.89235731639502,,,,,,,37.728,,,,
"F1","contour",2026,"abs_2026","118",-8.88,,,,,,,37.7569756118227,,,,
"F1","contour",2026,"abs_2026","119",-8.82910508813513,,,,,,,37.872,,,,
"F1","contour",2026,"abs_2026","120",-8.76187862666939,,,,,,,38.016,,,,
"F1","contour",2026,"abs_2026","121",-8.76,,,,,,,38.0198506403724,,,,
"F1","contour",2026,"abs_2026","122",-8.6895671706341,,,,,,,38.16,,,,
"F1","contour",2026,"abs_2026","123",-8.64,,,,,,,38.2553688771363,,,,
"F1","contour",2026,"abs_2026","124",-8.61401699293589,,,,,,,38.304,,,,
"F1","contour",2026,"abs_2026","125",-8.5347560419563,,,,,,,38.448,,,,
"F1","contour",2026,"abs_2026","126",-8.52,,,,,,,38.4739769764244,,,,
"F1","contour",2026,"abs_2026","127",-8.45106495450284,,,,,,,38.592,,,,
"F1","contour",2026,"abs_2026","128",-8.4,,,,,,,38.6766141821025,,,,
"F1","contour",2026,"abs_2026","129",-8.36290706693516,,,,,,,38.736,,,,
"F1","contour",2026,"abs_2026","130",-8.28,,,,,,,38.8634042885606,,,,
"F1","contour",2026,"abs_2026","131",-8.26870002171219,,,,,,,38.88,,,,
"F1","contour",2026,"abs_2026","132",-8.16538919581572,,,,,,,39.024,,,,
"F1","contour",2026,"abs_2026","133",-8.16,,,,,,,39.0310812599917,,,,
"F1","contour",2026,"abs_2026","134",-8.04873348336871,,,,,,,39.168,,,,
"F1","contour",2026,"abs_2026","135",-8.04,,,,,,,39.1780168370028,,,,
"F1","contour",2026,"abs_2026","136",-7.92,,,,,,,39.3045035846306,,,,
"F1","contour",2026,"abs_2026","137",-7.91213462409457,,,,,,,39.312,,,,
"F1","contour",2026,"abs_2026","138",-7.8,,,,,,,39.4108302657664,,,,
"F1","contour",2026,"abs_2026","139",-7.74271738384863,,,,,,,39.456,,,,
"F1","contour",2026,"abs_2026","140",-7.68,,,,,,,39.5022076713601,,,,
"F1","contour",2026,"abs_2026","141",-7.56,,,,,,,39.5815425736123,,,,
"F1","contour",2026,"abs_2026","142",-7.52896608986976,,,,,,,39.6,,,,
"F1","contour",2026,"abs_2026","143",-7.44,,,,,,,39.6504352194894,,,,
"F1","contour",2026,"abs_2026","144",-7.32,,,,,,,39.7121859093276,,,,
"F1","contour",2026,"abs_2026","145",-7.25222558869174,,,,,,,39.744,,,,
"F1","contour",2026,"abs_2026","146",-7.2,,,,,,,39.7678254048895,,,,
"F1","contour",2026,"abs_2026","147",-7.08,,,,,,,39.8183523051438,,,,
"F1","contour",2026,"abs_2026","148",-6.96,,,,,,,39.8655125938162,,,,
"F1","contour",2026,"abs_2026","149",-6.89894824429212,,,,,,,39.888,,,,
"F1","contour",2026,"abs_2026","150",-6.84,,,,,,,39.9094948378244,,,,
"F1","contour",2026,"abs_2026","151",-6.72,,,,,,,39.9510267568184,,,,
"F1","contour",2026,"abs_2026","152",-6.6,,,,,,,39.9910102397782,,,,
"F1","contour",2026,"abs_2026","153",-6.48,,,,,,,40.0298633007225,,,,
"F1","contour",2026,"abs_2026","154",-6.47322355213047,,,,,,,40.032,,,,
"F1","contour",2026,"abs_2026","155",-6.36,,,,,,,40.0676415075414,,,,
"F1","contour",2026,"abs_2026","156",-6.24,,,,,,,40.1046176766606,,,,
"F1","contour",2026,"abs_2026","157",-6.12,,,,,,,40.1404971038231,,,,
"F1","contour",2026,"abs_2026","158",-6,,,,,,,40.1749913335523,,,,
"F1","contour",2026,"abs_2026","159",-5.99631655963049,,,,,,,40.176,,,,
"F1","contour",2026,"abs_2026","160",-5.88,,,,,,,40.2077216236962,,,,
"F1","contour",2026,"abs_2026","161",-5.76,,,,,,,40.238679185189,,,,
"F1","contour",2026,"abs_2026","162",-5.64,,,,,,,40.2676746082198,,,,
"F1","contour",2026,"abs_2026","163",-5.52,,,,,,,40.2945488192583,,,,
"F1","contour",2026,"abs_2026","164",-5.4,,,,,,,40.3191776213152,,,,
"F1","contour",2026,"abs_2026","165",-5.3955988518776,,,,,,,40.32,,,,
"F1","contour",2026,"abs_2026","166",-5.28,,,,,,,40.3414358688397,,,,
"F1","contour",2026,"abs_2026","167",-5.16,,,,,,,40.3613587915812,,,,
"F1","contour",2026,"abs_2026","168",-5.04,,,,,,,40.378906859723,,,,
"F1","contour",2026,"abs_2026","169",-4.92,,,,,,,40.3941055347398,,,,
"F1","contour",2026,"abs_2026","170",-4.8,,,,,,,40.4072811107127,,,,
"F1","contour",2026,"abs_2026","171",-4.68,,,,,,,40.4188043055408,,,,
"F1","contour",2026,"abs_2026","172",-4.56,,,,,,,40.4289620440069,,,,
"F1","contour",2026,"abs_2026","173",-4.44,,,,,,,40.4380358337337,,,,
"F1","contour",2026,"abs_2026","174",-4.32,,,,,,,40.4462973544332,,,,
"F1","contour",2026,"abs_2026","175",-4.2,,,,,,,40.4540074703631,,,,
"F1","contour",2026,"abs_2026","176",-4.08,,,,,,,40.4614232220534,,,,
"F1","contour",2026,"abs_2026","177",-4.0382304048169,,,,,,,40.464,,,,
"F1","contour",2026,"abs_2026","178",-3.96,,,,,,,40.46885235993,,,,
"F1","contour",2026,"abs_2026","179",-3.84,,,,,,,40.4765354325486,,,,
"F1","contour",2026,"abs_2026","180",-3.72,,,,,,,40.4846979483547,,,,
"F1","contour",2026,"abs_2026","181",-3.6,,,,,,,40.4935944113266,,,,
"F1","contour",2026,"abs_2026","182",-3.48,,,,,,,40.5034483186667,,,,
"F1","contour",2026,"abs_2026","183",-3.36,,,,,,,40.5142849137586,,,,
"F1","contour",2026,"abs_2026","184",-3.24,,,,,,,40.5260612462507,,,,
"F1","contour",2026,"abs_2026","185",-3.12,,,,,,,40.5387347125636,,,,
"F1","contour",2026,"abs_2026","186",-3,,,,,,,40.5522618268252,,,,
"F1","contour",2026,"abs_2026","187",-2.88,,,,,,,40.5665966482319,,,,
"F1","contour",2026,"abs_2026","188",-2.76,,,,,,,40.5816528394816,,,,
"F1","contour",2026,"abs_2026","189",-2.64,,,,,,,40.597267480509,,,,
"F1","contour",2026,"abs_2026","190",-2.55936015331875,,,,,,,40.608,,,,
"F1","contour",2026,"abs_2026","191",-2.52,,,,,,,40.6132666833853,,,,
"F1","contour",2026,"abs_2026","192",-2.4,,,,,,,40.6294242607287,,,,
"F1","contour",2026,"abs_2026","193",-2.28,,,,,,,40.6454942301184,,,,
"F1","contour",2026,"abs_2026","194",-2.16,,,,,,,40.6612586852274,,,,
"F1","contour",2026,"abs_2026","195",-2.04,,,,,,,40.6764984279019,,,,
"F1","contour",2026,"abs_2026","196",-1.92,,,,,,,40.6910242185202,,,,
"F1","contour",2026,"abs_2026","197",-1.8,,,,,,,40.704660108249,,,,
"F1","contour",2026,"abs_2026","198",-1.68,,,,,,,40.7172344142862,,,,
"F1","contour",2026,"abs_2026","199",-1.56,,,,,,,40.7285797291064,,,,
"F1","contour",2026,"abs_2026","200",-1.44,,,,,,,40.7385329048478,,,,
"F1","contour",2026,"abs_2026","201",-1.32,,,,,,,40.7469383875341,,,,
"F1","contour",2026,"abs_2026","202",-1.22948087697666,,,,,,,40.752,,,,
"F1","contour",2026,"abs_2026","203",-1.2,,,,,,,40.7536266359601,,,,
"F1","contour",2026,"abs_2026","204",-1.08,,,,,,,40.7584358412694,,,,
"F1","contour",2026,"abs_2026","205",-0.96,,,,,,,40.7612916868002,,,,
"F1","contour",2026,"abs_2026","206",-0.84,,,,,,,40.7621147684873,,,,
"F1","contour",2026,"abs_2026","207",-0.72,,,,,,,40.7610211721707,,,,
"F1","contour",2026,"abs_2026","208",-0.6,,,,,,,40.7581799538107,,,,
"F1","contour",2026,"abs_2026","209",-0.48,,,,,,,40.7538436207787,,,,
"F1","contour",2026,"abs_2026","210",-0.44008539428059,,,,,,,40.752,,,,
"F1","contour",2026,"abs_2026","211",-0.36,,,,,,,40.7482834174849,,,,
"F1","contour",2026,"abs_2026","212",-0.24,,,,,,,40.7418082166501,,,,
"F1","contour",2026,"abs_2026","213",-0.12,,,,,,,40.7347202842571,,,,
"F1","contour",2026,"abs_2026","214",0,,,,,,,40.7273185745884,,,,
"F1","contour",2026,"abs_2026","215",0.12,,,,,,,40.7199061217114,,,,
"F1","contour",2026,"abs_2026","216",0.24,,,,,,,40.7127895764883,,,,
"F1","contour",2026,"abs_2026","217",0.36,,,,,,,40.7062780806646,,,,
"F1","contour",2026,"abs_2026","218",0.48,,,,,,,40.7006814756149,,,,
"F1","contour",2026,"abs_2026","219",0.6,,,,,,,40.696307858461,,,,
"F1","contour",2026,"abs_2026","220",0.72,,,,,,,40.6934605177761,,,,
"F1","contour",2026,"abs_2026","221",0.84,,,,,,,40.6923423421572,,,,
"F1","contour",2026,"abs_2026","222",0.96,,,,,,,40.692802644425,,,,
"F1","contour",2026,"abs_2026","223",1.08,,,,,,,40.6945785866089,,,,
"F1","contour",2026,"abs_2026","224",1.2,,,,,,,40.697263891706,,,,
"F1","contour",2026,"abs_2026","225",1.32,,,,,,,40.7004129859417,,,,
"F1","contour",2026,"abs_2026","226",1.44,,,,,,,40.7035906531051,,,,
"F1","contour",2026,"abs_2026","227",1.56,,,,,,,40.7063722732737,,,,
"F1","contour",2026,"abs_2026","228",1.68,,,,,,,40.7083422154217,,,,
"F1","contour",2026,"abs_2026","229",1.8,,,,,,,40.7090909700111,,,,
"F1","contour",2026,"abs_2026","230",1.92,,,,,,,40.708211131269,,,,
"F1","contour",2026,"abs_2026","231",2.04,,,,,,,40.7052917861443,,,,
"F1","contour",2026,"abs_2026","232",2.16,,,,,,,40.6999114823946,,,,
"F1","contour",2026,"abs_2026","233",2.28,,,,,,,40.6917721080297,,,,
"F1","contour",2026,"abs_2026","234",2.4,,,,,,,40.6810242875058,,,,
"F1","contour",2026,"abs_2026","235",2.52,,,,,,,40.66790759133,,,,
"F1","contour",2026,"abs_2026","236",2.64,,,,,,,40.6526635974415,,,,
"F1","contour",2026,"abs_2026","237",2.76,,,,,,,40.6355433187843,,,,
"F1","contour",2026,"abs_2026","238",2.88,,,,,,,40.6168136062581,,,,
"F1","contour",2026,"abs_2026","239",2.93287401421574,,,,,,,40.608,,,,
"F1","contour",2026,"abs_2026","240",3,,,,,,,40.5966547974081,,,,
"F1","contour",2026,"abs_2026","241",3.12,,,,,,,40.5754592489809,,,,
"F1","contour",2026,"abs_2026","242",3.24,,,,,,,40.5537872117901,,,,
"F1","contour",2026,"abs_2026","243",3.36,,,,,,,40.5321463969595,,,,
"F1","contour",2026,"abs_2026","244",3.48,,,,,,,40.511072222999,,,,
"F1","contour",2026,"abs_2026","245",3.6,,,,,,,40.4911202136177,,,,
"F1","contour",2026,"abs_2026","246",3.72,,,,,,,40.4727088082452,,,,
"F1","contour",2026,"abs_2026","247",3.78172438942794,,,,,,,40.464,,,,
"F1","contour",2026,"abs_2026","248",3.84,,,,,,,40.4557695196935,,,,
"F1","contour",2026,"abs_2026","249",3.96,,,,,,,40.4401851246328,,,,
"F1","contour",2026,"abs_2026","250",4.08,,,,,,,40.4258523383606,,,,
"F1","contour",2026,"abs_2026","251",4.2,,,,,,,40.4125920450598,,,,
"F1","contour",2026,"abs_2026","252",4.32,,,,,,,40.4002087653863,,,,
"F1","contour",2026,"abs_2026","253",4.44,,,,,,,40.3884951787615,,,,
"F1","contour",2026,"abs_2026","254",4.56,,,,,,,40.3772354160823,,,,
"F1","contour",2026,"abs_2026","255",4.68,,,,,,,40.366210097116,,,,
"F1","contour",2026,"abs_2026","256",4.8,,,,,,,40.355196338007,,,,
"F1","contour",2026,"abs_2026","257",4.92,,,,,,,40.3439589391062,,,,
"F1","contour",2026,"abs_2026","258",5.04,,,,,,,40.3321782508902,,,,
"F1","contour",2026,"abs_2026","259",5.15530933494097,,,,,,,40.32,,,,
"F1","contour",2026,"abs_2026","260",5.16,,,,,,,40.3195020574737,,,,
"F1","contour",2026,"abs_2026","261",5.28,,,,,,,40.305600014529,,,,
"F1","contour",2026,"abs_2026","262",5.4,,,,,,,40.2903280384709,,,,
"F1","contour",2026,"abs_2026","263",5.52,,,,,,,40.2734629979903,,,,
"F1","contour",2026,"abs_2026","264",5.64,,,,,,,40.2547807197452,,,,
"F1","contour",2026,"abs_2026","265",5.76,,,,,,,40.2340569321483,,,,
"F1","contour",2026,"abs_2026","266",5.88,,,,,,,40.211069135433,,,,
"F1","contour",2026,"abs_2026","267",6,,,,,,,40.1855994578909,,,,
"F1","contour",2026,"abs_2026","268",6.04106480949393,,,,,,,40.176,,,,
"F1","contour",2026,"abs_2026","269",6.12,,,,,,,40.1572527826668,,,,
"F1","contour",2026,"abs_2026","270",6.24,,,,,,,40.1258928248548,,,,
"F1","contour",2026,"abs_2026","271",6.36,,,,,,,40.0914361304221,,,,
"F1","contour",2026,"abs_2026","272",6.48,,,,,,,40.053728480673,,,,
"F1","contour",2026,"abs_2026","273",6.54368807356185,,,,,,,40.032,,,,
"F1","contour",2026,"abs_2026","274",6.6,,,,,,,40.0125329651948,,,,
"F1","contour",2026,"abs_2026","275",6.72,,,,,,,39.9678654821654,,,,
"F1","contour",2026,"abs_2026","276",6.84,,,,,,,39.9199707075323,,,,
"F1","contour",2026,"abs_2026","277",6.91528171044683,,,,,,,39.888,,,,
"F1","contour",2026,"abs_2026","278",6.96,,,,,,,39.8688552497764,,,,
"F1","contour",2026,"abs_2026","279",7.08,,,,,,,39.8146076276518,,,,
"F1","contour",2026,"abs_2026","280",7.2,,,,,,,39.7574906359861,,,,
"F1","contour",2026,"abs_2026","281",7.22709338026601,,,,,,,39.744,,,,
"F1","contour",2026,"abs_2026","282",7.32,,,,,,,39.6976018170826,,,,
"F1","contour",2026,"abs_2026","283",7.44,,,,,,,39.6350030313614,,,,
"F1","contour",2026,"abs_2026","284",7.50442423285415,,,,,,,39.6,,,,
"F1","contour",2026,"abs_2026","285",7.56,,,,,,,39.5698310910496,,,,
"F1","contour",2026,"abs_2026","286",7.68,,,,,,,39.5020394272462,,,,
"F1","contour",2026,"abs_2026","287",7.75823725822447,,,,,,,39.456,,,,
"F1","contour",2026,"abs_2026","288",7.8,,,,,,,39.4314953497614,,,,
"F1","contour",2026,"abs_2026","289",7.92,,,,,,,39.3581065545643,,,,
"F1","contour",2026,"abs_2026","290",7.99203948855518,,,,,,,39.312,,,,
"F1","contour",2026,"abs_2026","291",8.04,,,,,,,39.281287686176,,,,
"F1","contour",2026,"abs_2026","292",8.16,,,,,,,39.2004921248451,,,,
"F1","contour",2026,"abs_2026","293",8.20579975868498,,,,,,,39.168,,,,
"F1","contour",2026,"abs_2026","294",8.28,,,,,,,39.114710881606,,,,
"F1","contour",2026,"abs_2026","295",8.39880417027532,,,,,,,39.024,,,,
"F1","contour",2026,"abs_2026","296",8.4,,,,,,,39.0230665389861,,,,
"F1","contour",2026,"abs_2026","297",8.52,,,,,,,38.9241591840718,,,,
"F1","contour",2026,"abs_2026","298",8.570376838776,,,,,,,38.88,,,,
"F1","contour",2026,"abs_2026","299",8.64,,,,,,,38.8168470995807,,,,
"F1","contour",2026,"abs_2026","300",8.72392729450271,,,,,,,38.736,,,,
"F1","contour",2026,"abs_2026","301",8.76,,,,,,,38.699735364153,,,,
"F1","contour",2026,"abs_2026","302",8.86130611842937,,,,,,,38.592,,,,
"F1","contour",2026,"abs_2026","303",8.88,,,,,,,38.5711008250113,,,,
"F1","contour",2026,"abs_2026","304",8.98472721472729,,,,,,,38.448,,,,
"F1","contour",2026,"abs_2026","305",9,,,,,,,38.4290150611832,,,,
"F1","contour",2026,"abs_2026","306",9.09634379713814,,,,,,,38.304,,,,
"F1","contour",2026,"abs_2026","307",9.12,,,,,,,38.2713849188586,,,,
"F1","contour",2026,"abs_2026","308",9.19800098405537,,,,,,,38.16,,,,
"F1","contour",2026,"abs_2026","309",9.24,,,,,,,38.0960553472509,,,,
"F1","contour",2026,"abs_2026","310",9.29117586629808,,,,,,,38.016,,,,
"F1","contour",2026,"abs_2026","311",9.36,,,,,,,37.9009391303854,,,,
"F1","contour",2026,"abs_2026","312",9.37694927825288,,,,,,,37.872,,,,
"F1","contour",2026,"abs_2026","313",9.45606441181049,,,,,,,37.728,,,,
"F1","contour",2026,"abs_2026","314",9.48,,,,,,,37.6813601072997,,,,
"F1","contour",2026,"abs_2026","315",9.52914585112623,,,,,,,37.584,,,,
"F1","contour",2026,"abs_2026","316",9.59688906364201,,,,,,,37.44,,,,
"F1","contour",2026,"abs_2026","317",9.6,,,,,,,37.4329393254059,,,,
"F1","contour",2026,"abs_2026","318",9.6594796939358,,,,,,,37.296,,,,
"F1","contour",2026,"abs_2026","319",9.71757070985807,,,,,,,37.152,,,,
"F1","contour",2026,"abs_2026","320",9.72,,,,,,,37.145548472723,,,,
"F1","contour",2026,"abs_2026","321",9.7711229653207,,,,,,,37.008,,,,
"F1","contour",2026,"abs_2026","322",9.82066906338074,,,,,,,36.864,,,,
"F1","contour",2026,"abs_2026","323",9.84,,,,,,,36.8033074722018,,,,
"F1","contour",2026,"abs_2026","324",9.86622013030841,,,,,,,36.72,,,,
"F1","contour",2026,"abs_2026","325",9.90800864927847,,,,,,,36.576,,,,
"F1","contour",2026,"abs_2026","326",9.94627390237894,,,,,,,36.432,,,,
"F1","contour",2026,"abs_2026","327",9.96,,,,,,,36.3757170293627,,,,
"F1","contour",2026,"abs_2026","328",9.98118688373796,,,,,,,36.288,,,,
"F1","contour",2026,"abs_2026","329",10.0131919489047,,,,,,,36.144,,,,
"F1","contour",2026,"abs_2026","330",10.0426850647959,,,,,,,36,,,,
"F1","contour",2026,"abs_2026","331",10.0699248134863,,,,,,,35.856,,,,
"F1","contour",2026,"abs_2026","332",10.08,,,,,,,35.7985967860921,,,,
"F1","contour",2026,"abs_2026","333",10.0950870187172,,,,,,,35.712,,,,
"F1","contour",2026,"abs_2026","334",10.1184356520937,,,,,,,35.568,,,,
"F1","contour",2026,"abs_2026","335",10.1402226998772,,,,,,,35.424,,,,
"F1","contour",2026,"abs_2026","336",10.1606487615992,,,,,,,35.28,,,,
"F1","contour",2026,"abs_2026","337",10.1799079786258,,,,,,,35.136,,,,
"F1","contour",2026,"abs_2026","338",10.1981885080585,,,,,,,34.992,,,,
"F1","contour",2026,"abs_2026","339",10.2,,,,,,,34.97713426115,,,,
"F1","contour",2026,"abs_2026","340",10.2155974358169,,,,,,,34.848,,,,
"F1","contour",2026,"abs_2026","341",10.2323822277111,,,,,,,34.704,,,,
"F1","contour",2026,"abs_2026","342",10.2487236211726,,,,,,,34.56,,,,
"F1","contour",2026,"abs_2026","343",10.264785288037,,,,,,,34.416,,,,
"F1","contour",2026,"abs_2026","344",10.2806935066021,,,,,,,34.272,,,,
"F1","contour",2026,"abs_2026","345",10.2963988543724,,,,,,,34.128,,,,
"F1","contour",2026,"abs_2026","346",10.3117820687889,,,,,,,33.984,,,,
"F1","contour",2026,"abs_2026","347",10.32,,,,,,,33.9050549948854,,,,
"F1","contour",2026,"abs_2026","348",10.3266961305645,,,,,,,33.84,,,,
"F1","contour",2026,"abs_2026","349",10.3410480076438,,,,,,,33.696,,,,
"F1","contour",2026,"abs_2026","350",10.3548011275598,,,,,,,33.552,,,,
"F1","contour",2026,"abs_2026","351",10.3678763457204,,,,,,,33.408,,,,
"F1","contour",2026,"abs_2026","352",10.3801998900969,,,,,,,33.264,,,,
"F1","contour",2026,"abs_2026","353",10.3917022300466,,,,,,,33.12,,,,
"F1","contour",2026,"abs_2026","354",10.4023168768289,,,,,,,32.976,,,,
"F1","contour",2026,"abs_2026","355",10.4120285519644,,,,,,,32.832,,,,
"F1","contour",2026,"abs_2026","356",10.4209733951559,,,,,,,32.688,,,,
"F1","contour",2026,"abs_2026","357",10.4293085200159,,,,,,,32.544,,,,
"F1","contour",2026,"abs_2026","358",10.4371828493505,,,,,,,32.4,,,,
"F1","contour",2026,"abs_2026","359",10.44,,,,,,,32.3463392653598,,,,
"F1","contour",2026,"abs_2026","360",10.4447458558019,,,,,,,32.256,,,,
"F1","contour",2026,"abs_2026","361",10.4521520600625,,,,,,,32.112,,,,
"F1","contour",2026,"abs_2026","362",10.4595857711769,,,,,,,31.968,,,,
"F1","contour",2026,"abs_2026","363",10.4672423067892,,,,,,,31.824,,,,
"F1","contour",2026,"abs_2026","364",10.4753094864217,,,,,,,31.68,,,,
"F1","contour",2026,"abs_2026","365",10.4839657661394,,,,,,,31.536,,,,
"F1","contour",2026,"abs_2026","366",10.4933777118498,,,,,,,31.392,,,,
"F1","contour",2026,"abs_2026","367",10.5036190320938,,,,,,,31.248,,,,
"F1","contour",2026,"abs_2026","368",10.5144971988939,,,,,,,31.104,,,,
"F1","contour",2026,"abs_2026","369",10.525777210994,,,,,,,30.96,,,,
"F1","contour",2026,"abs_2026","370",10.5372406123395,,,,,,,30.816,,,,
"F1","contour",2026,"abs_2026","371",10.5486871397435,,,,,,,30.672,,,,
"F1","contour",2026,"abs_2026","372",10.5599340221729,,,,,,,30.528,,,,
"F1","contour",2026,"abs_2026","373",10.56,,,,,,,30.5271323679306,,,,
"F1","contour",2026,"abs_2026","374",10.5708914396109,,,,,,,30.384,,,,
"F1","contour",2026,"abs_2026","375",10.5813220005872,,,,,,,30.24,,,,
"F1","contour",2026,"abs_2026","376",10.5910814618593,,,,,,,30.096,,,,
"F1","contour",2026,"abs_2026","377",10.6000343924747,,,,,,,29.952,,,,
"F1","contour",2026,"abs_2026","378",10.6080422974472,,,,,,,29.808,,,,
"F1","contour",2026,"abs_2026","379",10.6150000840204,,,,,,,29.664,,,,
"F1","contour",2026,"abs_2026","380",10.6209123971721,,,,,,,29.52,,,,
"F1","contour",2026,"abs_2026","381",10.6257946640772,,,,,,,29.376,,,,
"F1","contour",2026,"abs_2026","382",10.6296492544286,,,,,,,29.232,,,,
"F1","contour",2026,"abs_2026","383",10.6324683752124,,,,,,,29.088,,,,
"F1","contour",2026,"abs_2026","384",10.6342368858409,,,,,,,28.944,,,,
"F1","contour",2026,"abs_2026","385",10.6349351631204,,,,,,,28.8,,,,
"F1","contour",2026,"abs_2026","386",10.634542102062,,,,,,,28.656,,,,
"F1","contour",2026,"abs_2026","387",10.6330382932139,,,,,,,28.512,,,,
"F1","contour",2026,"abs_2026","388",10.6304093671928,,,,,,,28.368,,,,
"F1","contour",2026,"abs_2026","389",10.6266494419913,,,,,,,28.224,,,,
"F1","contour",2026,"abs_2026","390",10.6217843396958,,,,,,,28.08,,,,
"F1","contour",2026,"abs_2026","391",10.615924170971,,,,,,,27.936,,,,
"F1","contour",2026,"abs_2026","392",10.6092112962143,,,,,,,27.792,,,,
"F1","contour",2026,"abs_2026","393",10.6018291176973,,,,,,,27.648,,,,
"F1","contour",2026,"abs_2026","394",10.5939616166626,,,,,,,27.504,,,,
"F1","contour",2026,"abs_2026","395",10.5857818686206,,,,,,,27.36,,,,
"F1","contour",2026,"abs_2026","396",10.5774500237019,,,,,,,27.216,,,,
"F1","contour",2026,"abs_2026","397",10.5691107058267,,,,,,,27.072,,,,
"F1","contour",2026,"abs_2026","398",10.560896201114,,,,,,,26.928,,,,
"F1","contour",2026,"abs_2026","399",10.56,,,,,,,26.9118118116228,,,,
"F1","contour",2026,"abs_2026","400",10.5529792710968,,,,,,,26.784,,,,
"F1","contour",2026,"abs_2026","401",10.5454299414413,,,,,,,26.64,,,,
"F1","contour",2026,"abs_2026","402",10.5383145155722,,,,,,,26.496,,,,
"F1","contour",2026,"abs_2026","403",10.531588611814,,,,,,,26.352,,,,
"F1","contour",2026,"abs_2026","404",10.525191462154,,,,,,,26.208,,,,
"F1","contour",2026,"abs_2026","405",10.5190753481833,,,,,,,26.064,,,,
"F1","contour",2026,"abs_2026","406",10.5132040885984,,,,,,,25.92,,,,
"F1","contour",2026,"abs_2026","407",10.5075519041961,,,,,,,25.776,,,,
"F1","contour",2026,"abs_2026","408",10.5020740362818,,,,,,,25.632,,,,
"F1","contour",2026,"abs_2026","409",10.4966632957298,,,,,,,25.488,,,,
"F1","contour",2026,"abs_2026","410",10.4912091048347,,,,,,,25.344,,,,
"F1","contour",2026,"abs_2026","411",10.485609603694,,,,,,,25.2,,,,
"F1","contour",2026,"abs_2026","412",10.4797740124558,,,,,,,25.056,,,,
"F1","contour",2026,"abs_2026","413",10.4736320128119,,,,,,,24.912,,,,
"F1","contour",2026,"abs_2026","414",10.4671490082024,,,,,,,24.768,,,,
"F1","contour",2026,"abs_2026","415",10.4602909017498,,,,,,,24.624,,,,
"F1","contour",2026,"abs_2026","416",10.4530134867234,,,,,,,24.48,,,,
"F1","contour",2026,"abs_2026","417",10.4452612666554,,,,,,,24.336,,,,
"F1","contour",2026,"abs_2026","418",10.44,,,,,,,24.2450044266065,,,,
"F1","contour",2026,"abs_2026","419",10.4369691757991,,,,,,,24.192,,,,
"F1","contour",2026,"abs_2026","420",10.4280516729389,,,,,,,24.048,,,,
"F1","contour",2026,"abs_2026","421",10.4184000516741,,,,,,,23.904,,,,
"F1","contour",2026,"abs_2026","422",10.4078949212361,,,,,,,23.76,,,,
"F1","contour",2026,"abs_2026","423",10.3963909840632,,,,,,,23.616,,,,
"F1","contour",2026,"abs_2026","424",10.3837219674056,,,,,,,23.472,,,,
"F1","contour",2026,"abs_2026","425",10.3697097609681,,,,,,,23.328,,,,
"F1","contour",2026,"abs_2026","426",10.3541729604319,,,,,,,23.184,,,,
"F1","contour",2026,"abs_2026","427",10.3369355601016,,,,,,,23.04,,,,
"F1","contour",2026,"abs_2026","428",10.32,,,,,,,22.9122488661148,,,,
"F1","contour",2026,"abs_2026","429",10.31781948502,,,,,,,22.896,,,,
"F1","contour",2026,"abs_2026","430",10.2965906075736,,,,,,,22.752,,,,
"F1","contour",2026,"abs_2026","431",10.273171890818,,,,,,,22.608,,,,
"F1","contour",2026,"abs_2026","432",10.2474623210518,,,,,,,22.464,,,,
"F1","contour",2026,"abs_2026","433",10.219408431133,,,,,,,22.32,,,,
"F1","contour",2026,"abs_2026","434",10.2,,,,,,,22.2277061275064,,,,
"F1","contour",2026,"abs_2026","435",10.1889645698476,,,,,,,22.176,,,,
"F1","contour",2026,"abs_2026","436",10.1561715911118,,,,,,,22.032,,,,
"F1","contour",2026,"abs_2026","437",10.1213231453547,,,,,,,21.888,,,,
"F1","contour",2026,"abs_2026","438",10.0847129582799,,,,,,,21.744,,,,
"F1","contour",2026,"abs_2026","439",10.08,,,,,,,21.7261549426107,,,,
"F1","contour",2026,"abs_2026","440",10.0464986751633,,,,,,,21.6,,,,
"F1","contour",2026,"abs_2026","441",10.0070537450523,,,,,,,21.456,,,,
"F1","contour",2026,"abs_2026","442",9.9665560042805,,,,,,,21.312,,,,
"F1","contour",2026,"abs_2026","443",9.96,,,,,,,21.2892972459807,,,,
"F1","contour",2026,"abs_2026","444",9.92483972199629,,,,,,,21.168,,,,
"F1","contour",2026,"abs_2026","445",9.88196813619048,,,,,,,21.024,,,,
"F1","contour",2026,"abs_2026","446",9.84,,,,,,,20.887207535263,,,,
"F1","contour",2026,"abs_2026","447",9.83776728125999,,,,,,,20.88,,,,
"F1","contour",2026,"abs_2026","448",9.79143723035903,,,,,,,20.736,,,,
"F1","contour",2026,"abs_2026","449",9.74287673275417,,,,,,,20.592,,,,
"F1","contour",2026,"abs_2026","450",9.72,,,,,,,20.5276794380045,,,,
"F1","contour",2026,"abs_2026","451",9.69090034163727,,,,,,,20.448,,,,
"F1","contour",2026,"abs_2026","452",9.63451039113777,,,,,,,20.304,,,,
"F1","contour",2026,"abs_2026","453",9.6,,,,,,,20.2226417206365,,,,
"F1","contour",2026,"abs_2026","454",9.57218724690845,,,,,,,20.16,,,,
"F1","contour",2026,"abs_2026","455",9.50214800725291,,,,,,,20.016,,,,
"F1","contour",2026,"abs_2026","456",9.48,,,,,,,19.9743360572968,,,,
"F1","contour",2026,"abs_2026","457",9.42191053713672,,,,,,,19.872,,,,
"F1","contour",2026,"abs_2026","458",9.36,,,,,,,19.7730821730998,,,,
"F1","contour",2026,"abs_2026","459",9.32948042607429,,,,,,,19.728,,,,
"F1","contour",2026,"abs_2026","460",9.24,,,,,,,19.6073110376266,,,,
"F1","contour",2026,"abs_2026","461",9.22115229402576,,,,,,,19.584,,,,
"F1","contour",2026,"abs_2026","462",9.12,,,,,,,19.4686047484129,,,,
"F1","contour",2026,"abs_2026","463",9.09254726681914,,,,,,,19.44,,,,
"F1","contour",2026,"abs_2026","464",9,,,,,,,19.349982761784,,,,
"F1","contour",2026,"abs_2026","465",8.93915942443538,,,,,,,19.296,,,,
"F1","contour",2026,"abs_2026","466",8.88,,,,,,,19.2463342020792,,,,
"F1","contour",2026,"abs_2026","467",8.76,,,,,,,19.1541888929129,,,,
"F1","contour",2026,"abs_2026","468",8.75693320343039,,,,,,,19.152,,,,
"F1","contour",2026,"abs_2026","469",8.64,,,,,,,19.071474270768,,,,
"F1","contour",2026,"abs_2026","470",8.54028002494045,,,,,,,19.008,,,,
"F1","contour",2026,"abs_2026","471",8.52,,,,,,,18.9953670535122,,,,
"F1","contour",2026,"abs_2026","472",8.4,,,,,,,18.9244446582642,,,,
"F1","contour",2026,"abs_2026","473",8.29200458074079,,,,,,,18.864,,,,
"F1","contour",2026,"abs_2026","474",8.28,,,,,,,18.8573089066754,,,,
"F1","contour",2026,"abs_2026","475",8.16,,,,,,,18.7923530527308,,,,
"F1","contour",2026,"abs_2026","476",8.04,,,,,,,18.7291985467921,,,,
"F1","contour",2026,"abs_2026","477",8.02236780095728,,,,,,,18.72,,,,
"F1","contour",2026,"abs_2026","478",7.92,,,,,,,18.6660414069617,,,,
"F1","contour",2026,"abs_2026","479",7.8,,,,,,,18.6030046410122,,,,
"F1","contour",2026,"abs_2026","480",7.7485353402278,,,,,,,18.576,,,,
"F1","contour",2026,"abs_2026","481",7.68,,,,,,,18.5397388084962,,,,
"F1","contour",2026,"abs_2026","482",7.56,,,,,,,18.4768234807409,,,,
"F1","contour",2026,"abs_2026","483",7.47303852457011,,,,,,,18.432,,,,
"F1","contour",2026,"abs_2026","484",7.44,,,,,,,18.4149673271525,,,,
"F1","contour",2026,"abs_2026","485",7.32,,,,,,,18.3544920272099,,,,
"F1","contour",2026,"abs_2026","486",7.2,,,,,,,18.2962058719703,,,,
"F1","contour",2026,"abs_2026","487",7.18244404418411,,,,,,,18.288,,,,
"F1","contour",2026,"abs_2026","488",7.08,,,,,,,18.2405664576713,,,,
"F1","contour",2026,"abs_2026","489",6.96,,,,,,,18.1879933312617,,,,
"F1","contour",2026,"abs_2026","490",6.85279858648695,,,,,,,18.144,,,,
"F1","contour",2026,"abs_2026","491",6.84,,,,,,,18.1388298751926,,,,
"F1","contour",2026,"abs_2026","492",6.72,,,,,,,18.0936256185072,,,,
"F1","contour",2026,"abs_2026","493",6.6,,,,,,,18.0523001472231,,,,
"F1","contour",2026,"abs_2026","494",6.48,,,,,,,18.0150054455901,,,,
"F1","contour",2026,"abs_2026","495",6.42590526533864,,,,,,,18,,,,
"F1","contour",2026,"abs_2026","496",6.36,,,,,,,17.9820302716361,,,,
"F1","contour",2026,"abs_2026","497",6.24,,,,,,,17.9530518343782,,,,
"F1","contour",2026,"abs_2026","498",6.12,,,,,,,17.9275498026665,,,,
"F1","contour",2026,"abs_2026","499",6,,,,,,,17.9052106568426,,,,
"F1","contour",2026,"abs_2026","500",5.88,,,,,,,17.8857541233696,,,,
"F1","contour",2026,"abs_2026","501",5.76,,,,,,,17.868926506061,,,,
"F1","contour",2026,"abs_2026","502",5.65252504161771,,,,,,,17.856,,,,
"F1","contour",2026,"abs_2026","503",5.64,,,,,,,17.8545123877536,,,,
"F1","contour",2026,"abs_2026","504",5.52,,,,,,,17.8423941207868,,,,
"F1","contour",2026,"abs_2026","505",5.4,,,,,,,17.8322162146628,,,,
"F1","contour",2026,"abs_2026","506",5.28,,,,,,,17.8237868333065,,,,
"F1","contour",2026,"abs_2026","507",5.16,,,,,,,17.8169205818664,,,,
"F1","contour",2026,"abs_2026","508",5.04,,,,,,,17.8114362273183,,,,
"F1","contour",2026,"abs_2026","509",4.92,,,,,,,17.8071602820715,,,,
"F1","contour",2026,"abs_2026","510",4.8,,,,,,,17.8039537577573,,,,
"F1","contour",2026,"abs_2026","511",4.68,,,,,,,17.8016656733894,,,,
"F1","contour",2026,"abs_2026","512",4.56,,,,,,,17.800114618806,,,,
"F1","contour",2026,"abs_2026","513",4.44,,,,,,,17.7991167001812,,,,
"F1","contour",2026,"abs_2026","514",4.32,,,,,,,17.7984880804475,,,,
"F1","contour",2026,"abs_2026","515",4.2,,,,,,,17.798045819445,,,,
"F1","contour",2026,"abs_2026","516",4.08,,,,,,,17.7976086803049,,,,
"F1","contour",2026,"abs_2026","517",3.96,,,,,,,17.7969985481177,,,,
"F1","contour",2026,"abs_2026","518",3.84,,,,,,,17.796042097047,,,,
"F1","contour",2026,"abs_2026","519",3.72,,,,,,,17.7945726378955,,,,
"F1","contour",2026,"abs_2026","520",3.6,,,,,,,17.7924320831566,,,,
"F1","contour",2026,"abs_2026","521",3.48,,,,,,,17.7895022285652,,,,
"F1","contour",2026,"abs_2026","522",3.36,,,,,,,17.7858351737241,,,,
"F1","contour",2026,"abs_2026","523",3.24,,,,,,,17.7815358039722,,,,
"F1","contour",2026,"abs_2026","524",3.12,,,,,,,17.7767010172236,,,,
"F1","contour",2026,"abs_2026","525",3,,,,,,,17.771417640063,,,,
"F1","contour",2026,"abs_2026","526",2.88,,,,,,,17.7657616362988,,,,
"F1","contour",2026,"abs_2026","527",2.76,,,,,,,17.7598420151964,,,,
"F1","contour",2026,"abs_2026","528",2.64,,,,,,,17.7538377160362,,,,
"F1","contour",2026,"abs_2026","529",2.52,,,,,,,17.7479222622803,,,,
"F1","contour",2026,"abs_2026","530",2.4,,,,,,,17.7422572459797,,,,
"F1","contour",2026,"abs_2026","531",2.28,,,,,,,17.7369958573902,,,,
"F1","contour",2026,"abs_2026","532",2.16,,,,,,,17.7322870820356,,,,
"F1","contour",2026,"abs_2026","533",2.04,,,,,,,17.7282509291489,,,,
"F1","contour",2026,"abs_2026","534",1.92,,,,,,,17.7248706402276,,,,
"F1","contour",2026,"abs_2026","535",1.8,,,,,,,17.7220984683653,,,,
"F1","contour",2026,"abs_2026","536",1.68,,,,,,,17.7198977245432,,,,
"F1","contour",2026,"abs_2026","537",1.56,,,,,,,17.7182403025342,,,,
"F1","contour",2026,"abs_2026","538",1.44,,,,,,,17.7171044289508,,,,
"F1","contour",2026,"abs_2026","539",1.32,,,,,,,17.7164700106691,,,,
"F1","contour",2026,"abs_2026","540",1.2,,,,,,,17.7163166324233,,,,
"F1","contour",2026,"abs_2026","541",1.08,,,,,,,17.7166243614157,,,,
"F1","contour",2026,"abs_2026","542",0.96,,,,,,,17.7173720522309,,,,
"F1","contour",2026,"abs_2026","543",0.84,,,,,,,17.7185136616224,,,,
"F1","contour",2026,"abs_2026","544",0.72,,,,,,,17.7199291991034,,,,
"F1","contour",2026,"abs_2026","545",0.6,,,,,,,17.721492697869,,,,
"F1","contour",2026,"abs_2026","546",0.48,,,,,,,17.7231434803489,,,,
"F1","contour",2026,"abs_2026","547",0.36,,,,,,,17.7248383210304,,,,
"F1","contour",2026,"abs_2026","548",0.24,,,,,,,17.7265334550815,,,,
"F1","contour",2026,"abs_2026","549",0.12,,,,,,,17.7281851957448,,,,
"F1","contour",2026,"abs_2026","550",0,,,,,,,17.7297504301739,,,,
"F1","contour",2026,"abs_2026","551",-0.12,,,,,,,17.73118697808,,,,
"F1","contour",2026,"abs_2026","552",-0.24,,,,,,,17.7324538053975,,,,
"F1","contour",2026,"abs_2026","553",-0.36,,,,,,,17.7335110914937,,,,
"F1","contour",2026,"abs_2026","554",-0.48,,,,,,,17.7343201530177,,,,
"F1","contour",2026,"abs_2026","555",-0.6,,,,,,,17.7348432300855,,,,
"F1","contour",2026,"abs_2026","556",-0.72,,,,,,,17.7350431411582,,,,
"F1","contour",2026,"abs_2026","557",-0.84,,,,,,,17.7348879453922,,,,
"F1","contour",2026,"abs_2026","558",-0.96,,,,,,,17.7343646907111,,,,
"F1","contour",2026,"abs_2026","559",-1.08,,,,,,,17.733473245531,,,,
"F1","contour",2026,"abs_2026","560",-1.2,,,,,,,17.7322575960951,,,,
"F1","contour",2026,"abs_2026","561",-1.32,,,,,,,17.7307763782745,,,,
"F1","contour",2026,"abs_2026","562",-1.44,,,,,,,17.7290886525117,,,,
"F1","contour",2026,"abs_2026","563",-1.56,,,,,,,17.7272538759577,,,,
"F1","contour",2026,"abs_2026","564",-1.68,,,,,,,17.7253309988132,,,,
"F1","contour",2026,"abs_2026","565",-1.8,,,,,,,17.7233784445672,,,,
"F1","contour",2026,"abs_2026","566",-1.92,,,,,,,17.7214549488193,,,,
"F1","contour",2026,"abs_2026","567",-2.04,,,,,,,17.7196194970031,,,,
"F1","contour",2026,"abs_2026","568",-2.16,,,,,,,17.717931181345,,,,
"F1","contour",2026,"abs_2026","569",-2.28,,,,,,,17.7164328784685,,,,
"F1","contour",2026,"abs_2026","570",-2.4,,,,,,,17.7151140488428,,,,
"F1","contour",2026,"abs_2026","571",-2.52,,,,,,,17.713952987819,,,,
"F1","contour",2026,"abs_2026","572",-2.64,,,,,,,17.7129278186987,,,,
"F1","contour",2026,"abs_2026","573",-2.76,,,,,,,17.7120165529666,,,,
"F1","contour",2026,"abs_2026","574",-2.76241928964003,,,,,,,17.712,,,,
"F1","contour",2026,"abs_2026","575",-2.88,,,,,,,17.711196629549,,,,
"F1","contour",2026,"abs_2026","576",-3,,,,,,,17.7104433430904,,,,
"F1","contour",2026,"abs_2026","577",-3.12,,,,,,,17.7097002880425,,,,
"F1","contour",2026,"abs_2026","578",-3.24,,,,,,,17.7088948756687,,,,
"F1","contour",2026,"abs_2026","579",-3.36,,,,,,,17.7079552415833,,,,
"F1","contour",2026,"abs_2026","580",-3.48,,,,,,,17.7068105899591,,,,
"F1","contour",2026,"abs_2026","581",-3.6,,,,,,,17.7053914090931,,,,
"F1","contour",2026,"abs_2026","582",-3.72,,,,,,,17.7037028610173,,,,
"F1","contour",2026,"abs_2026","583",-3.84,,,,,,,17.7019616067857,,,,
"F1","contour",2026,"abs_2026","584",-3.96,,,,,,,17.7004179631524,,,,
"F1","contour",2026,"abs_2026","585",-4.08,,,,,,,17.699317465303,,,,
"F1","contour",2026,"abs_2026","586",-4.2,,,,,,,17.6989017518794,,,,
"F1","contour",2026,"abs_2026","587",-4.32,,,,,,,17.6994101019896,,,,
"F1","contour",2026,"abs_2026","588",-4.44,,,,,,,17.7010816024284,,,,
"F1","contour",2026,"abs_2026","589",-4.56,,,,,,,17.7041577657705,,,,
"F1","contour",2026,"abs_2026","590",-4.68,,,,,,,17.7088820652049,,,,
"F1","contour",2026,"abs_2026","591",-4.73650930587244,,,,,,,17.712,,,,
"F1","contour",2026,"abs_2026","592",-4.8,,,,,,,17.7155270135083,,,,
"F1","contour",2026,"abs_2026","593",-4.92,,,,,,,17.7243724179234,,,,
"F1","contour",2026,"abs_2026","594",-5.04,,,,,,,17.7357219351693,,,,
"F1","contour",2026,"abs_2026","595",-5.16,,,,,,,17.7497796753701,,,,
"F1","contour",2026,"abs_2026","596",-5.28,,,,,,,17.7663219307605,,,,
"F1","contour",2026,"abs_2026","597",-5.4,,,,,,,17.7850539906119,,,,
"F1","contour",2026,"abs_2026","598",-5.52,,,,,,,17.8056720835631,,,,
"F1","contour",2026,"abs_2026","599",-5.64,,,,,,,17.8278571757313,,,,
"F1","contour",2026,"abs_2026","600",-5.76,,,,,,,17.8512695828479,,,,
"F1","contour",2026,"abs_2026","601",-5.78351884921384,,,,,,,17.856,,,,
"F1","contour",2026,"abs_2026","602",-5.88,,,,,,,17.8755964084609,,,,
"F1","contour",2026,"abs_2026","603",-6,,,,,,,17.9003675227046,,,,
"F1","contour",2026,"abs_2026","604",-6.12,,,,,,,17.9251447340611,,,,
"F1","contour",2026,"abs_2026","605",-6.24,,,,,,,17.949480952986,,,,
"F1","contour",2026,"abs_2026","606",-6.36,,,,,,,17.9729044835719,,,,
"F1","contour",2026,"abs_2026","607",-6.48,,,,,,,17.9949228732944,,,,
"F1","contour",2026,"abs_2026","608",-6.50999115746481,,,,,,,18,,,,
"F1","contour",2026,"abs_2026","609",-6.6,,,,,,,18.0152886553114,,,,
"F1","contour",2026,"abs_2026","610",-6.72,,,,,,,18.0343782297881,,,,
"F1","contour",2026,"abs_2026","611",-6.84,,,,,,,18.0526739613253,,,,
"F1","contour",2026,"abs_2026","612",-6.96,,,,,,,18.0706791295241,,,,
"F1","contour",2026,"abs_2026","613",-7.08,,,,,,,18.0889226119341,,,,
"F1","contour",2026,"abs_2026","614",-7.2,,,,,,,18.107956069839,,,,
"F1","contour",2026,"abs_2026","615",-7.32,,,,,,,18.128356341724,,,,
"F1","contour",2026,"abs_2026","616",-7.40402320580682,,,,,,,18.144,,,,
"F1","contour",2026,"abs_2026","617",-7.44,,,,,,,18.1507878661301,,,,
"F1","contour",2026,"abs_2026","618",-7.56,,,,,,,18.1760448165467,,,,
"F1","contour",2026,"abs_2026","619",-7.68,,,,,,,18.204739429983,,,,
"F1","contour",2026,"abs_2026","620",-7.8,,,,,,,18.2376630845366,,,,
"F1","contour",2026,"abs_2026","621",-7.92,,,,,,,18.275691178627,,,,
"F1","contour",2026,"abs_2026","622",-7.95393487498504,,,,,,,18.288,,,,
"F1","contour",2026,"abs_2026","623",-8.04,,,,,,,18.3202719667945,,,,
"F1","contour",2026,"abs_2026","624",-8.16,,,,,,,18.3718024470394,,,,
"F1","contour",2026,"abs_2026","625",-8.28,,,,,,,18.4306328216706,,,,
"F1","contour",2026,"abs_2026","626",-8.28250264282945,,,,,,,18.432,,,,
"F1","contour",2026,"abs_2026","627",-8.4,,,,,,,18.4992159147106,,,,
"F1","contour",2026,"abs_2026","628",-8.51882862729511,,,,,,,18.576,,,,
"F1","contour",2026,"abs_2026","629",-8.52,,,,,,,18.5767982478685,,,,
"F1","contour",2026,"abs_2026","630",-8.64,,,,,,,18.6669471704903,,,,
"F1","contour",2026,"abs_2026","631",-8.70373296643472,,,,,,,18.72,,,,
"F1","contour",2026,"abs_2026","632",-8.76,,,,,,,18.7696659799693,,,,
"F1","contour",2026,"abs_2026","633",-8.85748584113399,,,,,,,18.864,,,,
"F1","contour",2026,"abs_2026","634",-8.88,,,,,,,18.887122440983,,,,
"F1","contour",2026,"abs_2026","635",-8.98842570070141,,,,,,,19.008,,,,
"F1","contour",2026,"abs_2026","636",-9,,,,,,,19.0217084940771,,,,
"F1","contour",2026,"abs_2026","637",-9.10217485591836,,,,,,,19.152,,,,
"F1","contour",2026,"abs_2026","638",-9.12,,,,,,,19.1761987008582,,,,
"F1","contour",2026,"abs_2026","639",-9.20251558595557,,,,,,,19.296,,,,
"F1","contour",2026,"abs_2026","640",-9.24,,,,,,,19.3541392808325,,,,
"F1","contour",2026,"abs_2026","641",-9.29205055652331,,,,,,,19.44,,,,
"F1","contour",2026,"abs_2026","642",-9.36,,,,,,,19.5603707459853,,,,
"F1","contour",2026,"abs_2026","643",-9.3726129135503,,,,,,,19.584,,,,
"F1","contour",2026,"abs_2026","644",-9.44427526307847,,,,,,,19.728,,,,
"F1","contour",2026,"abs_2026","645",-9.48,,,,,,,19.8058964033421,,,,
"F1","contour",2026,"abs_2026","646",-9.50890004745969,,,,,,,19.872,,,,
"F1","contour",2026,"abs_2026","647",-9.56674552643507,,,,,,,20.016,,,,
"F1","contour",2026,"abs_2026","648",-9.6,,,,,,,20.1070054297369,,,,
"F1","contour",2026,"abs_2026","649",-9.61861265984092,,,,,,,20.16,,,,
"F1","contour",2026,"abs_2026","650",-9.66448730041242,,,,,,,20.304,,,,
"F1","contour",2026,"abs_2026","651",-9.70551292652967,,,,,,,20.448,,,,
"F1","contour",2026,"abs_2026","652",-9.72,,,,,,,20.5044048658565,,,,
"F1","contour",2026,"abs_2026","653",-9.74187095942831,,,,,,,20.592,,,,
"F1","contour",2026,"abs_2026","654",-9.774531238964,,,,,,,20.736,,,,
"F1","contour",2026,"abs_2026","655",-9.80436266981431,,,,,,,20.88,,,,
"F1","contour",2026,"abs_2026","656",-9.83189567257362,,,,,,,21.024,,,,
"F1","contour",2026,"abs_2026","657",-9.84,,,,,,,21.0691751790522,,,,
"F1","contour",2026,"abs_2026","658",-9.85747006874211,,,,,,,21.168,,,,
"F1","contour",2026,"abs_2026","659",-9.88174517506726,,,,,,,21.312,,,,
"F1","contour",2026,"abs_2026","660",-9.90524652806127,,,,,,,21.456,,,,
"F1","contour",2026,"abs_2026","661",-9.92838294607297,,,,,,,21.6,,,,
"F1","contour",2026,"abs_2026","662",-9.9514717566861,,,,,,,21.744,,,,
"F1","contour",2026,"abs_2026","663",-9.96,,,,,,,21.796591471063,,,,
"F1","contour",2026,"abs_2026","664",-9.97473162437703,,,,,,,21.888,,,,
"F1","contour",2026,"abs_2026","665",-9.99830091643469,,,,,,,22.032,,,,
"F1","contour",2026,"abs_2026","666",-10.021855299474,,,,,,,22.176,,,,
"F1","contour",2026,"abs_2026","667",-10.0449839741866,,,,,,,22.32,,,,
"F1","contour",2026,"abs_2026","668",-10.0673078735936,,,,,,,22.464,,,,
"F1","contour",2026,"abs_2026","669",-10.08,,,,,,,22.5501411554424,,,,
"F1","abs_rectangle",,,"1",-8.5,,,,,,,19.44,,,,
"F1","abs_rectangle",,,"2",8.5,,,,,,,19.44,,,,
"F1","abs_rectangle",,,"3",8.5,,,,,,,38.52,,,,
"F1","abs_rectangle",,,"4",-8.5,,,,,,,38.52,,,,
"F1","abs_rectangle",,,"5",-8.5,,,,,,,19.44,,,,
"F1","ball_boundary",,,"1",9.95,,,,,,,38.52,,,,
"F1","ball_boundary",,,"2",9.942056748284,,,,,,,38.6715662717381,,,,
"F1","ball_boundary",,,"3",9.91831402106402,,,,,,,38.8214719516858,,,,
"F1","ball_boundary",,,"4",9.87903194862797,,,,,,,38.9680746418437,,,,
"F1","ball_boundary",,,"5",9.82464091358177,,,,,,,39.1097681324599,,,,
"F1","ball_boundary",,,"6",9.75573683548744,,,,,,,39.245,,,,
"F1","ball_boundary",,,"7",9.67307464184367,,,,,,,39.3722886158241,,,,
"F1","ball_boundary",,,"8",9.57755999694222,,,,,,,39.4902393792203,,,,
"F1","ball_boundary",,,"9",9.47023937922035,,,,,,,39.5975599969422,,,,
"F1","ball_boundary",,,"10",9.35228861582409,,,,,,,39.6930746418437,,,,
"F1","ball_boundary",,,"11",9.225,,,,,,,39.7757368354874,,,,
"F1","ball_boundary",,,"12",9.08976813245991,,,,,,,39.8446409135818,,,,
"F1","ball_boundary",,,"13",8.94807464184367,,,,,,,39.899031948628,,,,
"F1","ball_boundary",,,"14",8.80147195168575,,,,,,,39.938314021064,,,,
"F1","ball_boundary",,,"15",8.6515662717381,,,,,,,39.962056748284,,,,
"F1","ball_boundary",,,"16",8.5,,,,,,,39.97,,,,
"F1","ball_boundary",,,"17",-8.5,,,,,,,39.97,,,,
"F1","ball_boundary",,,"18",-8.6515662717381,,,,,,,39.962056748284,,,,
"F1","ball_boundary",,,"19",-8.80147195168575,,,,,,,39.938314021064,,,,
"F1","ball_boundary",,,"20",-8.94807464184367,,,,,,,39.899031948628,,,,
"F1","ball_boundary",,,"21",-9.08976813245991,,,,,,,39.8446409135818,,,,
"F1","ball_boundary",,,"22",-9.225,,,,,,,39.7757368354874,,,,
"F1","ball_boundary",,,"23",-9.35228861582409,,,,,,,39.6930746418437,,,,
"F1","ball_boundary",,,"24",-9.47023937922034,,,,,,,39.5975599969422,,,,
"F1","ball_boundary",,,"25",-9.57755999694222,,,,,,,39.4902393792203,,,,
"F1","ball_boundary",,,"26",-9.67307464184367,,,,,,,39.3722886158241,,,,
"F1","ball_boundary",,,"27",-9.75573683548744,,,,,,,39.245,,,,
"F1","ball_boundary",,,"28",-9.82464091358177,,,,,,,39.1097681324599,,,,
"F1","ball_boundary",,,"29",-9.87903194862797,,,,,,,38.9680746418437,,,,
"F1","ball_boundary",,,"30",-9.91831402106402,,,,,,,38.8214719516858,,,,
"F1","ball_boundary",,,"31",-9.942056748284,,,,,,,38.6715662717381,,,,
"F1","ball_boundary",,,"32",-9.95,,,,,,,38.52,,,,
"F1","ball_boundary",,,"33",-9.95,,,,,,,19.44,,,,
"F1","ball_boundary",,,"34",-9.942056748284,,,,,,,19.2884337282619,,,,
"F1","ball_boundary",,,"35",-9.91831402106402,,,,,,,19.1385280483142,,,,
"F1","ball_boundary",,,"36",-9.87903194862797,,,,,,,18.9919253581563,,,,
"F1","ball_boundary",,,"37",-9.82464091358177,,,,,,,18.8502318675401,,,,
"F1","ball_boundary",,,"38",-9.75573683548744,,,,,,,18.715,,,,
"F1","ball_boundary",,,"39",-9.67307464184367,,,,,,,18.5877113841759,,,,
"F1","ball_boundary",,,"40",-9.57755999694222,,,,,,,18.4697606207797,,,,
"F1","ball_boundary",,,"41",-9.47023937922035,,,,,,,18.3624400030578,,,,
"F1","ball_boundary",,,"42",-9.35228861582409,,,,,,,18.2669253581563,,,,
"F1","ball_boundary",,,"43",-9.225,,,,,,,18.1842631645126,,,,
"F1","ball_boundary",,,"44",-9.08976813245991,,,,,,,18.1153590864182,,,,
"F1","ball_boundary",,,"45",-8.94807464184367,,,,,,,18.060968051372,,,,
"F1","ball_boundary",,,"46",-8.80147195168575,,,,,,,18.021685978936,,,,
"F1","ball_boundary",,,"47",-8.6515662717381,,,,,,,17.997943251716,,,,
"F1","ball_boundary",,,"48",-8.5,,,,,,,17.99,,,,
"F1","ball_boundary",,,"49",8.5,,,,,,,17.99,,,,
"F1","ball_boundary",,,"50",8.6515662717381,,,,,,,17.997943251716,,,,
"F1","ball_boundary",,,"51",8.80147195168575,,,,,,,18.021685978936,,,,
"F1","ball_boundary",,,"52",8.94807464184367,,,,,,,18.060968051372,,,,
"F1","ball_boundary",,,"53",9.08976813245991,,,,,,,18.1153590864182,,,,
"F1","ball_boundary",,,"54",9.225,,,,,,,18.1842631645126,,,,
"F1","ball_boundary",,,"55",9.35228861582409,,,,,,,18.2669253581563,,,,
"F1","ball_boundary",,,"56",9.47023937922034,,,,,,,18.3624400030578,,,,
"F1","ball_boundary",,,"57",9.57755999694222,,,,,,,18.4697606207797,,,,
"F1","ball_boundary",,,"58",9.67307464184367,,,,,,,18.5877113841759,,,,
"F1","ball_boundary",,,"59",9.75573683548744,,,,,,,18.715,,,,
"F1","ball_boundary",,,"60",9.82464091358177,,,,,,,18.8502318675401,,,,
"F1","ball_boundary",,,"61",9.87903194862797,,,,,,,18.9919253581563,,,,
"F1","ball_boundary",,,"62",9.91831402106402,,,,,,,19.1385280483142,,,,
"F1","ball_boundary",,,"63",9.942056748284,,,,,,,19.2884337282619,,,,
"F1","ball_boundary",,,"64",9.95,,,,,,,19.44,,,,
"F1","ball_boundary",,,"65",9.95,,,,,,,38.52,,,,
"F1","zoom_window",,,"top",,,,,,,,,-6,6,39.4921833121008,42.4358720155319
"F1","zoom_window",,,"bottom",,,,,,,,,-6,6,15.5880411914683,18.9279061482442
"F1","zoom_window",,,"side",,,,,,,,,9.1376700971713,12.2604631658076,22.98,34.98
"F1","edge",2024,"pre_buffer","top_in",,41.2358720155319,41.135874741213,41.3275274296221,,,,,,,,
"F1","edge",2024,"pre_buffer","bot_in",,16.7880411914683,16.7197813975155,16.8631322183005,,,,,,,,
"F1","edge",2024,"pre_buffer","half_width_in",,11.0604631658076,10.9912370207161,11.12573976627,,,,,,,,
"F1","edge",2024,"pre_buffer","area_sqin",,495.095379572909,490.814981032057,499.120907599294,,,,,,,,
"F1","edge",2024,"pre_buffer","shadow_rate",,58.867943814745,58.2398125736549,59.4618637361017,,,,,,,,
"F1","edge",2024,"pre_buffer","count_bias",,4.50876087351409,4.26523281065264,4.77867607283205,,,,,,,,
"F1","edge",2025,"buffer_2025","top_in",,41.1870881074834,41.0893446596712,41.280284076983,,,,,,,,
"F1","edge",2025,"buffer_2025","bot_in",,17.0233401559305,16.9496192328114,17.0988023306226,,,,,,,,
"F1","edge",2025,"buffer_2025","half_width_in",,10.6158451689125,10.5475746390709,10.6812413368375,,,,,,,,
"F1","edge",2025,"buffer_2025","area_sqin",,471.918904060984,468.008368249086,475.722053906828,,,,,,,,
"F1","edge",2025,"buffer_2025","shadow_rate",,54.318928495256,53.7176520670407,54.9368107504993,,,,,,,,
"F1","edge",2025,"buffer_2025","count_bias",,5.0322918450223,4.74639265873956,5.3311166985544,,,,,,,,
"F1","edge",2026,"abs_2026","top_in",,40.6921833121008,40.5928663118606,40.7909424619069,,,,,,,,
"F1","edge",2026,"abs_2026","bot_in",,17.7279061482442,17.6540439187618,17.8021939033253,,,,,,,,
"F1","edge",2026,"abs_2026","half_width_in",,10.3376700971713,10.2707896541298,10.4043981032669,,,,,,,,
"F1","edge",2026,"abs_2026","area_sqin",,439.072873641492,435.25673165123,442.383231215663,,,,,,,,
"F1","edge",2026,"abs_2026","shadow_rate",,48.1828531879371,47.5470010108348,48.7479159684311,,,,,,,,
"F1","edge",2026,"abs_2026","count_bias",,5.73248736322258,5.42797841046855,6.04066309700977,,,,,,,,
"F1","constant",,,"contour_pct",,50,,,,,,,,,,
"F1","constant",,,"batter_height_in",,72,,,,,,,,,,
"F1","constant",,,"ci_pct",,95,,,,,,,,,,
"F1","constant",,,"n_rays",,120,,,,,,,,,,
"F1","constant",,,"n_draws",,1000,,,,,,,,,,
"F1","constant",,,"plate_width_in",,17,,,,,,,,,,
"F1","constant",,,"abs_bot_pct",,27,,,,,,,,,,
"F1","constant",,,"abs_top_pct",,53.5,,,,,,,,,,
"F1","constant",,,"ball_radius_in",,1.45,,,,,,,,,,
"F1","constant",,,"ray_window_in",,0.6,,,,,,,,,,
"F1","constant",,,"top_cover_hits",,91,,,,,,,,,,
"F1","constant",,,"top_cover_n",,100,,,,,,,,,,
"F1","constant",,,"top_cover_bound",,93,,,,,,,,,,
"F1","constant",,,"top_null_margin_in",,0.1,,,,,,,,,,
"F1","constant",,,"top_null_hits",,44,,,,,,,,,,
"F1","constant",,,"top_null_n",,50,,,,,,,,,,
"F1","constant",,,"top_null_bound",,47,,,,,,,,,,
"F1","constant",,,"hw_null_hits",,42,,,,,,,,,,
"F1","constant",,,"hw_null_n",,50,,,,,,,,,,
"F1","constant",,,"hw_null_bound",,43,,,,,,,,,,
"F1","constant",,,"recovery_ci_pct",,95,,,,,,,,,,
"F1","constant",,,"recovery_null_ci_pct",,90,,,,,,,,,,
"F1","constant",,,"annex_section",,8.7,,,,,,,,,,
