game_pk,level,season,official_date,n_api,n_csv,n_matched,n_api_only,n_csv_only,n_no_pitch_events,max_coord_err_ft,status
,aaa,2023,,0,0,0,0,0,0,,no_inputs
,aaa,2024,,0,0,0,0,0,0,,no_inputs
,aaa,2025,,0,0,0,0,0,0,,no_inputs
,mlb,2022,,0,0,0,0,0,0,,no_feed_pitch
,mlb,2023,,0,0,0,0,0,0,,no_feed_pitch
,mlb,2024,,0,0,0,0,0,0,,no_feed_pitch
,mlb,2025,,0,0,0,0,0,0,,no_feed_pitch
823244,mlb,2026,2026-03-25,258,258,258,0,0,0,8.881784197001252e-16,ok
823081,mlb,2026,2026-03-26,317,317,317,0,0,4,8.881784197001252e-16,ok
823163,mlb,2026,2026-03-26,296,296,296,0,0,0,8.881784197001252e-16,ok
823325,mlb,2026,2026-03-26,294,294,294,0,0,0,8.881784197001252e-16,ok
823486,mlb,2026,2026-03-26,291,291,291,0,0,0,8.881784197001252e-16,ok
823649,mlb,2026,2026-03-26,331,331,331,0,0,0,8.881784197001252e-16,ok
823812,mlb,2026,2026-03-26,346,346,346,0,0,5,8.881784197001252e-16,ok
823974,mlb,2026,2026-03-26,280,280,280,0,0,1,8.881784197001252e-16,ok
824218,mlb,2026,2026-03-26,327,327,327,0,0,4,8.881784197001252e-16,ok
824541,mlb,2026,2026-03-26,257,257,257,0,0,0,8.881784197001252e-16,ok
824704,mlb,2026,2026-03-26,320,320,320,0,0,0,8.881784197001252e-16,ok
824865,mlb,2026,2026-03-26,251,251,251,0,0,0,8.881784197001252e-16,ok
822839,mlb,2026,2026-03-27,265,265,265,0,0,0,8.881784197001252e-16,ok
823162,mlb,2026,2026-03-27,278,278,278,0,0,0,8.881784197001252e-16,ok
823243,mlb,2026,2026-03-27,276,276,276,0,0,1,8.881784197001252e-16,ok
823324,mlb,2026,2026-03-27,288,288,288,0,0,0,8.881784197001252e-16,ok
823893,mlb,2026,2026-03-27,233,233,233,0,0,0,8.881784197001252e-16,ok
823971,mlb,2026,2026-03-27,310,310,310,0,0,0,8.881784197001252e-16,ok
824216,mlb,2026,2026-03-27,321,321,321,0,0,0,8.881784197001252e-16,ok
824946,mlb,2026,2026-03-27,276,276,276,0,0,0,8.881784197001252e-16,ok
822838,mlb,2026,2026-03-28,366,366,366,0,0,8,8.881784197001252e-16,ok
823082,mlb,2026,2026-03-28,307,307,307,0,0,0,8.881784197001252e-16,ok
823161,mlb,2026,2026-03-28,375,375,375,0,0,4,8.881784197001252e-16,ok
823241,mlb,2026,2026-03-28,295,295,295,0,0,1,8.881784197001252e-16,ok
823323,mlb,2026,2026-03-28,287,287,287,0,0,0,8.881784197001252e-16,ok
823488,mlb,2026,2026-03-28,341,341,341,0,0,0,8.881784197001252e-16,ok
823651,mlb,2026,2026-03-28,335,335,335,0,0,0,8.881784197001252e-16,ok
823811,mlb,2026,2026-03-28,335,335,335,0,0,1,8.881784197001252e-16,ok
823892,mlb,2026,2026-03-28,272,272,272,0,0,0,8.881784197001252e-16,ok
823973,mlb,2026,2026-03-28,266,266,266,0,0,1,8.881784197001252e-16,ok
824213,mlb,2026,2026-03-28,351,351,351,0,0,3,8.881784197001252e-16,ok
824540,mlb,2026,2026-03-28,383,383,383,0,0,0,8.881784197001252e-16,ok
824701,mlb,2026,2026-03-28,274,274,274,0,0,0,8.881784197001252e-16,ok
824862,mlb,2026,2026-03-28,318,318,318,0,0,0,8.881784197001252e-16,ok
824945,mlb,2026,2026-03-28,270,270,270,0,0,0,8.881784197001252e-16,ok
822837,mlb,2026,2026-03-29,250,250,250,0,0,1,8.881784197001252e-16,ok
823079,mlb,2026,2026-03-29,310,310,310,0,0,0,8.881784197001252e-16,ok
823160,mlb,2026,2026-03-29,307,307,307,0,0,0,8.881784197001252e-16,ok
823487,mlb,2026,2026-03-29,322,322,322,0,0,0,8.881784197001252e-16,ok
823647,mlb,2026,2026-03-29,339,339,339,0,0,0,8.881784197001252e-16,ok
823810,mlb,2026,2026-03-29,348,348,348,0,0,0,8.881784197001252e-16,ok
823891,mlb,2026,2026-03-29,268,268,268,0,0,0,8.881784197001252e-16,ok
824215,mlb,2026,2026-03-29,362,362,362,0,0,9,8.881784197001252e-16,ok
824538,mlb,2026,2026-03-29,302,302,302,0,0,1,8.881784197001252e-16,ok
824700,mlb,2026,2026-03-29,281,281,281,0,0,0,8.881784197001252e-16,ok
824864,mlb,2026,2026-03-29,325,325,325,0,0,4,8.881784197001252e-16,ok
824944,mlb,2026,2026-03-29,248,248,248,0,0,0,8.881784197001252e-16,ok
822834,mlb,2026,2026-03-30,333,333,333,0,0,2,1.7763568394002505e-15,ok
823080,mlb,2026,2026-03-30,273,273,273,0,0,5,8.881784197001252e-16,ok
823159,mlb,2026,2026-03-30,291,291,291,0,0,0,8.881784197001252e-16,ok
823320,mlb,2026,2026-03-30,277,277,277,0,0,4,8.881784197001252e-16,ok
823484,mlb,2026,2026-03-30,340,340,340,0,0,0,1.7763568394002505e-15,ok
823809,mlb,2026,2026-03-30,275,275,275,0,0,2,8.881784197001252e-16,ok
823890,mlb,2026,2026-03-30,299,299,299,0,0,0,8.881784197001252e-16,ok
823972,mlb,2026,2026-03-30,291,291,291,0,0,0,8.881784197001252e-16,ok
824135,mlb,2026,2026-03-30,240,240,240,0,0,0,8.881784197001252e-16,ok
824214,mlb,2026,2026-03-30,277,277,277,0,0,0,8.881784197001252e-16,ok
824539,mlb,2026,2026-03-30,269,269,269,0,0,0,8.881784197001252e-16,ok
824702,mlb,2026,2026-03-30,272,272,272,0,0,1,8.881784197001252e-16,ok
824863,mlb,2026,2026-03-30,304,304,304,0,0,0,8.881784197001252e-16,ok
824943,mlb,2026,2026-03-30,263,263,263,0,0,0,8.881784197001252e-16,ok
825108,mlb,2026,2026-03-30,342,342,342,0,0,2,8.881784197001252e-16,ok
822836,mlb,2026,2026-03-31,301,301,301,0,0,4,8.881784197001252e-16,ok
823077,mlb,2026,2026-03-31,262,262,262,0,0,4,8.881784197001252e-16,ok
823158,mlb,2026,2026-03-31,251,251,251,0,0,0,8.881784197001252e-16,ok
823322,mlb,2026,2026-03-31,305,305,305,0,0,0,8.881784197001252e-16,ok
823485,mlb,2026,2026-03-31,263,263,263,0,0,0,8.881784197001252e-16,ok
823807,mlb,2026,2026-03-31,282,282,282,0,0,4,8.881784197001252e-16,ok
823888,mlb,2026,2026-03-31,286,286,286,0,0,1,8.881784197001252e-16,ok
823969,mlb,2026,2026-03-31,307,307,307,0,0,0,8.881784197001252e-16,ok
824212,mlb,2026,2026-03-31,273,273,273,0,0,0,8.881784197001252e-16,ok
824537,mlb,2026,2026-03-31,321,321,321,0,0,0,8.881784197001252e-16,ok
824699,mlb,2026,2026-03-31,306,306,306,0,0,4,8.881784197001252e-16,ok
824861,mlb,2026,2026-03-31,293,293,293,0,0,0,8.881784197001252e-16,ok
824942,mlb,2026,2026-03-31,288,288,288,0,0,1,8.881784197001252e-16,ok
825107,mlb,2026,2026-03-31,274,274,274,0,0,1,8.881784197001252e-16,ok
822835,mlb,2026,2026-04-01,320,320,320,0,0,5,8.881784197001252e-16,ok
823078,mlb,2026,2026-04-01,323,323,323,0,0,4,8.881784197001252e-16,ok
823157,mlb,2026,2026-04-01,282,282,282,0,0,0,8.881784197001252e-16,ok
823321,mlb,2026,2026-04-01,278,278,278,0,0,0,8.881784197001252e-16,ok
823483,mlb,2026,2026-04-01,324,324,324,0,0,0,8.881784197001252e-16,ok
823806,mlb,2026,2026-04-01,291,291,291,0,0,0,8.881784197001252e-16,ok
823889,mlb,2026,2026-04-01,247,247,247,0,0,0,8.881784197001252e-16,ok
823970,mlb,2026,2026-04-01,274,274,274,0,0,0,8.881784197001252e-16,ok
824136,mlb,2026,2026-04-01,381,381,381,0,0,0,8.881784197001252e-16,ok
824211,mlb,2026,2026-04-01,302,302,302,0,0,0,8.881784197001252e-16,ok
824536,mlb,2026,2026-04-01,305,305,305,0,0,0,8.881784197001252e-16,ok
824698,mlb,2026,2026-04-01,296,296,296,0,0,0,8.881784197001252e-16,ok
824860,mlb,2026,2026-04-01,296,296,296,0,0,0,8.881784197001252e-16,ok
824940,mlb,2026,2026-04-01,274,274,274,0,0,0,8.881784197001252e-16,ok
825106,mlb,2026,2026-04-01,240,240,240,0,0,0,8.881784197001252e-16,ok
823242,mlb,2026,2026-04-02,287,287,287,0,0,0,4.440892098500626e-16,ok
824133,mlb,2026,2026-04-02,307,307,307,0,0,2,8.881784197001252e-16,ok
825105,mlb,2026,2026-04-02,329,329,329,0,0,1,1.7763568394002505e-15,ok
822758,mlb,2026,2026-04-03,322,322,322,0,0,1,8.881784197001252e-16,ok
822919,mlb,2026,2026-04-03,279,279,279,0,0,0,8.881784197001252e-16,ok
823240,mlb,2026,2026-04-03,372,372,372,0,0,0,8.881784197001252e-16,ok
823406,mlb,2026,2026-04-03,297,297,297,0,0,0,8.881784197001252e-16,ok
823568,mlb,2026,2026-04-03,291,291,291,0,0,1,8.881784197001252e-16,ok
823732,mlb,2026,2026-04-03,342,342,342,0,0,1,8.881784197001252e-16,ok
824056,mlb,2026,2026-04-03,300,300,300,0,0,5,8.881784197001252e-16,ok
824299,mlb,2026,2026-04-03,264,264,264,0,0,0,8.881784197001252e-16,ok
824377,mlb,2026,2026-04-03,288,288,288,0,0,0,8.881784197001252e-16,ok
824458,mlb,2026,2026-04-03,277,277,277,0,0,0,8.881784197001252e-16,ok
824621,mlb,2026,2026-04-03,317,317,317,0,0,4,8.881784197001252e-16,ok
824786,mlb,2026,2026-04-03,245,245,245,0,0,0,8.881784197001252e-16,ok
825026,mlb,2026,2026-04-03,327,327,327,0,0,1,8.881784197001252e-16,ok
825103,mlb,2026,2026-04-03,235,235,235,0,0,1,4.440892098500626e-16,ok
822757,mlb,2026,2026-04-04,334,334,334,0,0,1,8.881784197001252e-16,ok
822920,mlb,2026,2026-04-04,270,270,270,0,0,0,8.881784197001252e-16,ok
823239,mlb,2026,2026-04-04,281,281,281,0,0,0,1.7763568394002505e-15,ok
823404,mlb,2026,2026-04-04,332,332,332,0,0,4,8.881784197001252e-16,ok
823569,mlb,2026,2026-04-04,382,382,382,0,0,3,8.881784197001252e-16,ok
823730,mlb,2026,2026-04-04,311,311,311,0,0,0,8.881784197001252e-16,ok
824054,mlb,2026,2026-04-04,247,247,247,0,0,0,4.440892098500626e-16,ok
824132,mlb,2026,2026-04-04,338,338,338,0,0,0,8.881784197001252e-16,ok
824134,mlb,2026,2026-04-04,326,326,326,0,0,7,8.881784197001252e-16,ok
824295,mlb,2026,2026-04-04,331,331,331,0,0,0,8.881784197001252e-16,ok
824378,mlb,2026,2026-04-04,279,279,279,0,0,0,8.881784197001252e-16,ok
824622,mlb,2026,2026-04-04,303,303,303,0,0,5,8.881784197001252e-16,ok
824782,mlb,2026,2026-04-04,300,300,300,0,0,0,8.881784197001252e-16,ok
825027,mlb,2026,2026-04-04,344,344,344,0,0,1,8.881784197001252e-16,ok
825104,mlb,2026,2026-04-04,244,244,244,0,0,0,4.440892098500626e-16,ok
822756,mlb,2026,2026-04-05,334,334,334,0,0,1,8.881784197001252e-16,ok
822917,mlb,2026,2026-04-05,308,308,308,0,0,0,8.881784197001252e-16,ok
823238,mlb,2026,2026-04-05,274,274,274,0,0,0,8.881784197001252e-16,ok
823405,mlb,2026,2026-04-05,299,299,299,0,0,0,8.881784197001252e-16,ok
823566,mlb,2026,2026-04-05,343,343,343,0,0,5,8.881784197001252e-16,ok
823729,mlb,2026,2026-04-05,289,289,289,0,0,1,8.881784197001252e-16,ok
824053,mlb,2026,2026-04-05,379,379,379,0,0,4,8.881784197001252e-16,ok
824131,mlb,2026,2026-04-05,340,340,340,0,0,4,4.440892098500626e-16,ok
824296,mlb,2026,2026-04-05,303,303,303,0,0,0,8.881784197001252e-16,ok
824379,mlb,2026,2026-04-05,244,244,244,0,0,0,8.881784197001252e-16,ok
824459,mlb,2026,2026-04-05,288,288,288,0,0,0,8.881784197001252e-16,ok
824460,mlb,2026,2026-04-05,347,347,347,0,0,0,8.881784197001252e-16,ok
824620,mlb,2026,2026-04-05,280,280,280,0,0,0,8.881784197001252e-16,ok
824781,mlb,2026,2026-04-05,308,308,308,0,0,2,8.881784197001252e-16,ok
825025,mlb,2026,2026-04-05,414,414,414,0,0,4,8.881784197001252e-16,ok
825102,mlb,2026,2026-04-05,302,302,302,0,0,4,8.881784197001252e-16,ok
822755,mlb,2026,2026-04-06,321,321,321,0,0,0,8.881784197001252e-16,ok
822832,mlb,2026,2026-04-06,335,335,335,0,0,0,1.7763568394002505e-15,ok
822918,mlb,2026,2026-04-06,268,268,268,0,0,5,8.881784197001252e-16,ok
823002,mlb,2026,2026-04-06,250,250,250,0,0,0,8.881784197001252e-16,ok
823237,mlb,2026,2026-04-06,324,324,324,0,0,0,8.881784197001252e-16,ok
823401,mlb,2026,2026-04-06,323,323,323,0,0,0,8.881784197001252e-16,ok
823728,mlb,2026,2026-04-06,326,326,326,0,0,0,8.881784197001252e-16,ok
823886,mlb,2026,2026-04-06,237,237,237,0,0,0,8.881784197001252e-16,ok
824052,mlb,2026,2026-04-06,242,242,242,0,0,1,4.440892098500626e-16,ok
824376,mlb,2026,2026-04-06,279,279,279,0,0,4,8.881784197001252e-16,ok
824456,mlb,2026,2026-04-06,301,301,301,0,0,4,8.881784197001252e-16,ok
824619,mlb,2026,2026-04-06,255,255,255,0,0,0,8.881784197001252e-16,ok
824783,mlb,2026,2026-04-06,339,339,339,0,0,0,8.881784197001252e-16,ok
822754,mlb,2026,2026-04-07,367,367,367,0,0,4,8.881784197001252e-16,ok
822831,mlb,2026,2026-04-07,290,290,290,0,0,5,8.881784197001252e-16,ok
822916,mlb,2026,2026-04-07,222,222,222,0,0,1,8.881784197001252e-16,ok
822999,mlb,2026,2026-04-07,299,299,299,0,0,0,8.881784197001252e-16,ok
823235,mlb,2026,2026-04-07,294,294,294,0,0,0,8.881784197001252e-16,ok
823402,mlb,2026,2026-04-07,266,266,266,0,0,0,8.881784197001252e-16,ok
823567,mlb,2026,2026-04-07,298,298,298,0,0,0,8.881784197001252e-16,ok
823648,mlb,2026,2026-04-07,339,339,339,0,0,0,8.881784197001252e-16,ok
823727,mlb,2026,2026-04-07,308,308,308,0,0,1,8.881784197001252e-16,ok
823887,mlb,2026,2026-04-07,318,318,318,0,0,4,8.881784197001252e-16,ok
824051,mlb,2026,2026-04-07,340,340,340,0,0,0,8.881784197001252e-16,ok
824375,mlb,2026,2026-04-07,229,229,229,0,0,0,4.440892098500626e-16,ok
824457,mlb,2026,2026-04-07,316,316,316,0,0,0,8.881784197001252e-16,ok
824618,mlb,2026,2026-04-07,348,348,348,0,0,0,8.881784197001252e-16,ok
824780,mlb,2026,2026-04-07,282,282,282,0,0,0,8.881784197001252e-16,ok
822753,mlb,2026,2026-04-08,315,315,315,0,0,0,8.881784197001252e-16,ok
822833,mlb,2026,2026-04-08,308,308,308,0,0,4,8.881784197001252e-16,ok
822915,mlb,2026,2026-04-08,247,247,247,0,0,0,8.881784197001252e-16,ok
823000,mlb,2026,2026-04-08,281,281,281,0,0,0,8.881784197001252e-16,ok
823234,mlb,2026,2026-04-08,275,275,275,0,0,1,8.881784197001252e-16,ok
823403,mlb,2026,2026-04-08,274,274,274,0,0,0,8.881784197001252e-16,ok
823564,mlb,2026,2026-04-08,309,309,309,0,0,0,8.881784197001252e-16,ok
823646,mlb,2026,2026-04-08,294,294,294,0,0,1,8.881784197001252e-16,ok
823726,mlb,2026,2026-04-08,324,324,324,0,0,0,8.881784197001252e-16,ok
823885,mlb,2026,2026-04-08,307,307,307,0,0,0,4.440892098500626e-16,ok
824050,mlb,2026,2026-04-08,311,311,311,0,0,0,8.881784197001252e-16,ok
824374,mlb,2026,2026-04-08,319,319,319,0,0,0,8.881784197001252e-16,ok
824455,mlb,2026,2026-04-08,309,309,309,0,0,0,8.881784197001252e-16,ok
824617,mlb,2026,2026-04-08,331,331,331,0,0,0,8.881784197001252e-16,ok
824779,mlb,2026,2026-04-08,279,279,279,0,0,1,8.881784197001252e-16,ok
823319,mlb,2026,2026-04-09,363,363,363,0,0,9,8.881784197001252e-16,ok
823565,mlb,2026,2026-04-09,248,248,248,0,0,0,4.440892098500626e-16,ok
823645,mlb,2026,2026-04-09,288,288,288,0,0,0,8.881784197001252e-16,ok
823724,mlb,2026,2026-04-09,299,299,299,0,0,0,8.881784197001252e-16,ok
823884,mlb,2026,2026-04-09,283,283,283,0,0,1,8.881784197001252e-16,ok
824130,mlb,2026,2026-04-09,285,285,285,0,0,1,8.881784197001252e-16,ok
822829,mlb,2026,2026-04-10,311,311,311,0,0,0,8.881784197001252e-16,ok
822997,mlb,2026,2026-04-10,308,308,308,0,0,0,8.881784197001252e-16,ok
823076,mlb,2026,2026-04-10,279,279,279,0,0,4,8.881784197001252e-16,ok
823156,mlb,2026,2026-04-10,355,355,355,0,0,0,8.881784197001252e-16,ok
823318,mlb,2026,2026-04-10,252,252,252,0,0,0,8.881784197001252e-16,ok
823482,mlb,2026,2026-04-10,282,282,282,0,0,0,8.881784197001252e-16,ok
823643,mlb,2026,2026-04-10,260,260,260,0,0,0,8.881784197001252e-16,ok
823808,mlb,2026,2026-04-10,302,302,302,0,0,0,8.881784197001252e-16,ok
823968,mlb,2026,2026-04-10,322,322,322,0,0,7,8.881784197001252e-16,ok
824128,mlb,2026,2026-04-10,201,201,201,0,0,0,4.440892098500626e-16,ok
824297,mlb,2026,2026-04-10,245,245,245,0,0,1,8.881784197001252e-16,ok
824534,mlb,2026,2026-04-10,303,303,303,0,0,0,8.881784197001252e-16,ok
824695,mlb,2026,2026-04-10,298,298,298,0,0,0,8.881784197001252e-16,ok
824858,mlb,2026,2026-04-10,290,290,290,0,0,0,8.881784197001252e-16,ok
824941,mlb,2026,2026-04-10,305,305,305,0,0,1,8.881784197001252e-16,ok
822830,mlb,2026,2026-04-11,268,268,268,0,0,0,8.881784197001252e-16,ok
822996,mlb,2026,2026-04-11,292,292,292,0,0,9,8.881784197001252e-16,ok
823074,mlb,2026,2026-04-11,295,295,295,0,0,0,8.881784197001252e-16,ok
823155,mlb,2026,2026-04-11,360,360,360,0,0,1,8.881784197001252e-16,ok
823316,mlb,2026,2026-04-11,329,329,329,0,0,4,8.881784197001252e-16,ok
823480,mlb,2026,2026-04-11,293,293,293,0,0,1,8.881784197001252e-16,ok
823644,mlb,2026,2026-04-11,329,329,329,0,0,0,4.440892098500626e-16,ok
823805,mlb,2026,2026-04-11,297,297,297,0,0,5,8.881784197001252e-16,ok
823967,mlb,2026,2026-04-11,292,292,292,0,0,0,8.881784197001252e-16,ok
824129,mlb,2026,2026-04-11,224,224,224,0,0,0,8.881784197001252e-16,ok
824294,mlb,2026,2026-04-11,280,280,280,0,0,0,8.881784197001252e-16,ok
824535,mlb,2026,2026-04-11,348,348,348,0,0,1,4.440892098500626e-16,ok
824697,mlb,2026,2026-04-11,396,396,396,0,0,12,8.881784197001252e-16,ok
824857,mlb,2026,2026-04-11,287,287,287,0,0,0,8.881784197001252e-16,ok
824939,mlb,2026,2026-04-11,312,312,312,0,0,0,8.881784197001252e-16,ok
822828,mlb,2026,2026-04-12,330,330,330,0,0,0,8.881784197001252e-16,ok
822998,mlb,2026,2026-04-12,259,259,259,0,0,4,8.881784197001252e-16,ok
823075,mlb,2026,2026-04-12,280,280,280,0,0,0,8.881784197001252e-16,ok
823154,mlb,2026,2026-04-12,260,260,260,0,0,0,8.881784197001252e-16,ok
823317,mlb,2026,2026-04-12,285,285,285,0,0,0,4.440892098500626e-16,ok
823479,mlb,2026,2026-04-12,293,293,293,0,0,0,8.881784197001252e-16,ok
823642,mlb,2026,2026-04-12,256,256,256,0,0,0,8.881784197001252e-16,ok
823804,mlb,2026,2026-04-12,272,272,272,0,0,4,4.440892098500626e-16,ok
823966,mlb,2026,2026-04-12,332,332,332,0,0,5,8.881784197001252e-16,ok
824126,mlb,2026,2026-04-12,286,286,286,0,0,6,8.881784197001252e-16,ok
824293,mlb,2026,2026-04-12,262,262,262,0,0,0,8.881784197001252e-16,ok
824533,mlb,2026,2026-04-12,343,343,343,0,0,0,8.881784197001252e-16,ok
824696,mlb,2026,2026-04-12,324,324,324,0,0,0,8.881784197001252e-16,ok
824859,mlb,2026,2026-04-12,298,298,298,0,0,0,8.881784197001252e-16,ok
824938,mlb,2026,2026-04-12,296,296,296,0,0,0,8.881784197001252e-16,ok
823073,mlb,2026,2026-04-13,341,341,341,0,0,0,8.881784197001252e-16,ok
823153,mlb,2026,2026-04-13,240,240,240,0,0,0,8.881784197001252e-16,ok
823400,mlb,2026,2026-04-13,334,334,334,0,0,0,3.552713678800501e-15,ok
823481,mlb,2026,2026-04-13,316,316,316,0,0,0,8.881784197001252e-16,ok
823563,mlb,2026,2026-04-13,390,390,390,0,0,0,8.881784197001252e-16,ok
823725,mlb,2026,2026-04-13,293,293,293,0,0,0,8.881784197001252e-16,ok
823964,mlb,2026,2026-04-13,248,248,248,0,0,1,8.881784197001252e-16,ok
824856,mlb,2026,2026-04-13,283,283,283,0,0,0,8.881784197001252e-16,ok
824937,mlb,2026,2026-04-13,328,328,328,0,0,0,8.881784197001252e-16,ok
825024,mlb,2026,2026-04-13,266,266,266,0,0,0,8.881784197001252e-16,ok
823072,mlb,2026,2026-04-14,316,316,316,0,0,1,8.881784197001252e-16,ok
823315,mlb,2026,2026-04-14,240,240,240,0,0,1,8.881784197001252e-16,ok
823398,mlb,2026,2026-04-14,324,324,324,0,0,0,8.881784197001252e-16,ok
823478,mlb,2026,2026-04-14,322,322,322,0,0,0,8.881784197001252e-16,ok
823562,mlb,2026,2026-04-14,324,324,324,0,0,0,8.881784197001252e-16,ok
823723,mlb,2026,2026-04-14,294,294,294,0,0,1,8.881784197001252e-16,ok
823802,mlb,2026,2026-04-14,342,342,342,0,0,7,8.881784197001252e-16,ok
823965,mlb,2026,2026-04-14,235,235,235,0,0,4,8.881784197001252e-16,ok
824210,mlb,2026,2026-04-14,308,308,308,0,0,1,8.881784197001252e-16,ok
824292,mlb,2026,2026-04-14,250,250,250,0,0,0,8.881784197001252e-16,ok
824531,mlb,2026,2026-04-14,256,256,256,0,0,0,8.881784197001252e-16,ok
824616,mlb,2026,2026-04-14,312,312,312,0,0,1,8.881784197001252e-16,ok
824853,mlb,2026,2026-04-14,302,302,302,0,0,0,8.881784197001252e-16,ok
824935,mlb,2026,2026-04-14,280,280,280,0,0,0,8.881784197001252e-16,ok
825022,mlb,2026,2026-04-14,285,285,285,0,0,0,8.881784197001252e-16,ok
823071,mlb,2026,2026-04-15,300,300,300,0,0,4,8.881784197001252e-16,ok
823314,mlb,2026,2026-04-15,338,338,338,0,0,0,8.881784197001252e-16,ok
823399,mlb,2026,2026-04-15,252,252,252,0,0,0,8.881784197001252e-16,ok
823477,mlb,2026,2026-04-15,297,297,297,0,0,1,8.881784197001252e-16,ok
823561,mlb,2026,2026-04-15,251,251,251,0,0,0,4.440892098500626e-16,ok
823722,mlb,2026,2026-04-15,311,311,311,0,0,0,8.881784197001252e-16,ok
823803,mlb,2026,2026-04-15,266,266,266,0,0,4,8.881784197001252e-16,ok
823963,mlb,2026,2026-04-15,292,292,292,0,0,0,8.881784197001252e-16,ok
824209,mlb,2026,2026-04-15,291,291,291,0,0,1,8.881784197001252e-16,ok
824291,mlb,2026,2026-04-15,263,263,263,0,0,1,8.881784197001252e-16,ok
824532,mlb,2026,2026-04-15,280,280,280,0,0,1,8.881784197001252e-16,ok
824615,mlb,2026,2026-04-15,304,304,304,0,0,0,8.881784197001252e-16,ok
824855,mlb,2026,2026-04-15,301,301,301,0,0,1,8.881784197001252e-16,ok
824936,mlb,2026,2026-04-15,276,276,276,0,0,1,8.881784197001252e-16,ok
825021,mlb,2026,2026-04-15,321,321,321,0,0,0,8.881784197001252e-16,ok
823313,mlb,2026,2026-04-16,279,279,279,0,0,0,8.881784197001252e-16,ok
823396,mlb,2026,2026-04-16,339,339,339,0,0,4,8.881784197001252e-16,ok
823560,mlb,2026,2026-04-16,334,334,334,0,0,3,8.881784197001252e-16,ok
823801,mlb,2026,2026-04-16,226,226,226,0,0,0,4.440892098500626e-16,ok
824208,mlb,2026,2026-04-16,340,340,340,0,0,4,8.881784197001252e-16,ok
824289,mlb,2026,2026-04-16,303,303,303,0,0,0,8.881784197001252e-16,ok
824453,mlb,2026,2026-04-16,278,278,278,0,0,0,8.881784197001252e-16,ok
824530,mlb,2026,2026-04-16,287,287,287,0,0,1,8.881784197001252e-16,ok
824614,mlb,2026,2026-04-16,365,365,365,0,0,1,8.881784197001252e-16,ok
825023,mlb,2026,2026-04-16,349,349,349,0,0,8,8.881784197001252e-16,ok
822752,mlb,2026,2026-04-17,308,308,308,0,0,0,8.881784197001252e-16,ok
823152,mlb,2026,2026-04-17,337,337,337,0,0,0,4.440892098500626e-16,ok
823397,mlb,2026,2026-04-17,280,280,280,0,0,1,8.881784197001252e-16,ok
823476,mlb,2026,2026-04-17,310,310,310,0,0,0,8.881784197001252e-16,ok
823559,mlb,2026,2026-04-17,279,279,279,0,0,1,8.881784197001252e-16,ok
823720,mlb,2026,2026-04-17,277,277,277,0,0,0,8.881784197001252e-16,ok
823883,mlb,2026,2026-04-17,358,358,358,0,0,1,8.881784197001252e-16,ok
824048,mlb,2026,2026-04-17,322,322,322,0,0,1,8.881784197001252e-16,ok
824207,mlb,2026,2026-04-17,305,305,305,0,0,0,8.881784197001252e-16,ok
824373,mlb,2026,2026-04-17,281,281,281,0,0,1,8.881784197001252e-16,ok
824454,mlb,2026,2026-04-17,329,329,329,0,0,5,8.881784197001252e-16,ok
824693,mlb,2026,2026-04-17,291,291,291,0,0,1,8.881784197001252e-16,ok
824778,mlb,2026,2026-04-17,260,260,260,0,0,0,8.881784197001252e-16,ok
825019,mlb,2026,2026-04-17,326,326,326,0,0,4,8.881784197001252e-16,ok
825101,mlb,2026,2026-04-17,257,257,257,0,0,0,8.881784197001252e-16,ok
822751,mlb,2026,2026-04-18,386,386,386,0,0,15,8.881784197001252e-16,ok
823151,mlb,2026,2026-04-18,341,341,341,0,0,0,8.881784197001252e-16,ok
823394,mlb,2026,2026-04-18,445,445,445,0,0,13,8.881784197001252e-16,ok
823474,mlb,2026,2026-04-18,287,287,287,0,0,0,8.881784197001252e-16,ok
823558,mlb,2026,2026-04-18,283,283,283,0,0,0,8.881784197001252e-16,ok
823721,mlb,2026,2026-04-18,324,324,324,0,0,0,8.881784197001252e-16,ok
823882,mlb,2026,2026-04-18,302,302,302,0,0,0,8.881784197001252e-16,ok
824049,mlb,2026,2026-04-18,306,306,306,0,0,0,8.881784197001252e-16,ok
824206,mlb,2026,2026-04-18,332,332,332,0,0,0,8.881784197001252e-16,ok
824372,mlb,2026,2026-04-18,265,265,265,0,0,0,8.881784197001252e-16,ok
824451,mlb,2026,2026-04-18,268,268,268,0,0,1,8.881784197001252e-16,ok
824694,mlb,2026,2026-04-18,276,276,276,0,0,0,8.881784197001252e-16,ok
824775,mlb,2026,2026-04-18,287,287,287,0,0,0,8.881784197001252e-16,ok
825020,mlb,2026,2026-04-18,373,373,373,0,0,9,8.881784197001252e-16,ok
825098,mlb,2026,2026-04-18,238,238,238,0,0,0,8.881784197001252e-16,ok
822750,mlb,2026,2026-04-19,260,260,260,0,0,0,8.881784197001252e-16,ok
823150,mlb,2026,2026-04-19,266,266,266,0,0,1,8.881784197001252e-16,ok
823393,mlb,2026,2026-04-19,263,263,263,0,0,4,8.881784197001252e-16,ok
823475,mlb,2026,2026-04-19,320,320,320,0,0,0,8.881784197001252e-16,ok
823556,mlb,2026,2026-04-19,284,284,284,0,0,0,8.881784197001252e-16,ok
823718,mlb,2026,2026-04-19,366,366,366,0,0,4,8.881784197001252e-16,ok
823881,mlb,2026,2026-04-19,292,292,292,0,0,2,4.440892098500626e-16,ok
824047,mlb,2026,2026-04-19,310,310,310,0,0,2,8.881784197001252e-16,ok
824205,mlb,2026,2026-04-19,349,349,349,0,0,0,8.881784197001252e-16,ok
824371,mlb,2026,2026-04-19,321,321,321,0,0,0,8.881784197001252e-16,ok
824452,mlb,2026,2026-04-19,307,307,307,0,0,0,8.881784197001252e-16,ok
824691,mlb,2026,2026-04-19,285,285,285,0,0,0,8.881784197001252e-16,ok
824777,mlb,2026,2026-04-19,301,301,301,0,0,0,8.881784197001252e-16,ok
825018,mlb,2026,2026-04-19,319,319,319,0,0,0,8.881784197001252e-16,ok
825100,mlb,2026,2026-04-19,270,270,270,0,0,0,8.881784197001252e-16,ok
822749,mlb,2026,2026-04-20,271,271,271,0,0,0,4.440892098500626e-16,ok
822994,mlb,2026,2026-04-20,277,277,277,0,0,0,8.881784197001252e-16,ok
823149,mlb,2026,2026-04-20,297,297,297,0,0,0,8.881784197001252e-16,ok
823879,mlb,2026,2026-04-20,272,272,272,0,0,0,8.881784197001252e-16,ok
824046,mlb,2026,2026-04-20,296,296,296,0,0,0,8.881784197001252e-16,ok
824125,mlb,2026,2026-04-20,412,412,412,0,0,1,8.881784197001252e-16,ok
824370,mlb,2026,2026-04-20,315,315,315,0,0,5,8.881784197001252e-16,ok
824450,mlb,2026,2026-04-20,320,320,320,0,0,1,8.881784197001252e-16,ok
824692,mlb,2026,2026-04-20,289,289,289,0,0,0,8.881784197001252e-16,ok
824776,mlb,2026,2026-04-20,321,321,321,0,0,0,8.881784197001252e-16,ok
822747,mlb,2026,2026-04-21,358,358,358,0,0,5,8.881784197001252e-16,ok
822914,mlb,2026,2026-04-21,289,289,289,0,0,1,8.881784197001252e-16,ok
822995,mlb,2026,2026-04-21,385,385,385,0,0,0,8.881784197001252e-16,ok
823148,mlb,2026,2026-04-21,326,326,326,0,0,4,8.881784197001252e-16,ok
823236,mlb,2026,2026-04-21,293,293,293,0,0,0,8.881784197001252e-16,ok
823640,mlb,2026,2026-04-21,303,303,303,0,0,2,8.881784197001252e-16,ok
823880,mlb,2026,2026-04-21,328,328,328,0,0,0,8.881784197001252e-16,ok
824045,mlb,2026,2026-04-21,257,257,257,0,0,4,8.881784197001252e-16,ok
824127,mlb,2026,2026-04-21,310,310,310,0,0,1,8.881784197001252e-16,ok
824290,mlb,2026,2026-04-21,345,345,345,0,0,0,1.7763568394002505e-15,ok
824369,mlb,2026,2026-04-21,261,261,261,0,0,0,4.440892098500626e-16,ok
824448,mlb,2026,2026-04-21,330,330,330,0,0,4,8.881784197001252e-16,ok
824690,mlb,2026,2026-04-21,311,311,311,0,0,0,8.881784197001252e-16,ok
824773,mlb,2026,2026-04-21,271,271,271,0,0,4,8.881784197001252e-16,ok
825099,mlb,2026,2026-04-21,352,352,352,0,0,0,1.7763568394002505e-15,ok
822748,mlb,2026,2026-04-22,301,301,301,0,0,4,8.881784197001252e-16,ok
822913,mlb,2026,2026-04-22,278,278,278,0,0,0,4.440892098500626e-16,ok
822993,mlb,2026,2026-04-22,239,239,239,0,0,0,8.881784197001252e-16,ok
823147,mlb,2026,2026-04-22,285,285,285,0,0,1,8.881784197001252e-16,ok
823231,mlb,2026,2026-04-22,240,240,240,0,0,0,8.881784197001252e-16,ok
823641,mlb,2026,2026-04-22,292,292,292,0,0,1,8.881784197001252e-16,ok
823878,mlb,2026,2026-04-22,244,244,244,0,0,1,8.881784197001252e-16,ok
824044,mlb,2026,2026-04-22,300,300,300,0,0,0,8.881784197001252e-16,ok
824123,mlb,2026,2026-04-22,284,284,284,0,0,0,8.881784197001252e-16,ok
824286,mlb,2026,2026-04-22,300,300,300,0,0,0,8.881784197001252e-16,ok
824367,mlb,2026,2026-04-22,341,341,341,0,0,1,8.881784197001252e-16,ok
824449,mlb,2026,2026-04-22,289,289,289,0,0,1,8.881784197001252e-16,ok
824688,mlb,2026,2026-04-22,276,276,276,0,0,0,8.881784197001252e-16,ok
824774,mlb,2026,2026-04-22,249,249,249,0,0,0,8.881784197001252e-16,ok
825097,mlb,2026,2026-04-22,362,362,362,0,0,1,4.440892098500626e-16,ok
822745,mlb,2026,2026-04-23,272,272,272,0,0,1,4.440892098500626e-16,ok
822912,mlb,2026,2026-04-23,275,275,275,0,0,2,8.881784197001252e-16,ok
823233,mlb,2026,2026-04-23,242,242,242,0,0,1,8.881784197001252e-16,ok
823639,mlb,2026,2026-04-23,317,317,317,0,0,1,8.881784197001252e-16,ok
824288,mlb,2026,2026-04-23,276,276,276,0,0,0,8.881784197001252e-16,ok
824368,mlb,2026,2026-04-23,332,332,332,0,0,0,8.881784197001252e-16,ok
824689,mlb,2026,2026-04-23,325,325,325,0,0,8,8.881784197001252e-16,ok
824770,mlb,2026,2026-04-23,269,269,269,0,0,4,8.881784197001252e-16,ok
825096,mlb,2026,2026-04-23,291,291,291,0,0,0,8.881784197001252e-16,ok
822827,mlb,2026,2026-04-24,303,303,303,0,0,1,8.881784197001252e-16,ok
822909,mlb,2026,2026-04-24,266,266,266,0,0,1,8.881784197001252e-16,ok
822992,mlb,2026,2026-04-24,263,263,263,0,0,0,8.881784197001252e-16,ok
823069,mlb,2026,2026-04-24,267,267,267,0,0,0,8.881784197001252e-16,ok
823232,mlb,2026,2026-04-24,326,326,326,0,0,0,8.881784197001252e-16,ok
823638,mlb,2026,2026-04-24,268,268,268,0,0,0,8.881784197001252e-16,ok
823800,mlb,2026,2026-04-24,258,258,258,0,0,0,8.881784197001252e-16,ok
823962,mlb,2026,2026-04-24,290,290,290,0,0,0,8.881784197001252e-16,ok
824124,mlb,2026,2026-04-24,286,286,286,0,0,1,8.881784197001252e-16,ok
824204,mlb,2026,2026-04-24,329,329,329,0,0,6,8.881784197001252e-16,ok
824529,mlb,2026,2026-04-24,371,371,371,0,0,0,8.881784197001252e-16,ok
824611,mlb,2026,2026-04-24,276,276,276,0,0,1,8.881784197001252e-16,ok
824854,mlb,2026,2026-04-24,304,304,304,0,0,1,8.881784197001252e-16,ok
824932,mlb,2026,2026-04-24,285,285,285,0,0,5,8.881784197001252e-16,ok
822826,mlb,2026,2026-04-25,296,296,296,0,0,0,8.881784197001252e-16,ok
822910,mlb,2026,2026-04-25,267,267,267,0,0,0,8.881784197001252e-16,ok
822989,mlb,2026,2026-04-25,271,271,271,0,0,0,8.881784197001252e-16,ok
823070,mlb,2026,2026-04-25,322,322,322,0,0,0,8.881784197001252e-16,ok
823229,mlb,2026,2026-04-25,311,311,311,0,0,0,4.440892098500626e-16,ok
823799,mlb,2026,2026-04-25,304,304,304,0,0,1,8.881784197001252e-16,ok
823960,mlb,2026,2026-04-25,355,355,355,0,0,0,8.881784197001252e-16,ok
824121,mlb,2026,2026-04-25,343,343,343,0,0,1,1.7763568394002505e-15,ok
824203,mlb,2026,2026-04-25,320,320,320,0,0,0,8.881784197001252e-16,ok
824527,mlb,2026,2026-04-25,318,318,318,0,0,0,8.881784197001252e-16,ok
824613,mlb,2026,2026-04-25,328,328,328,0,0,4,8.881784197001252e-16,ok
824851,mlb,2026,2026-04-25,339,339,339,0,0,0,1.7763568394002505e-15,ok
824933,mlb,2026,2026-04-25,326,326,326,0,0,0,8.881784197001252e-16,ok
825093,mlb,2026,2026-04-25,297,297,297,0,0,4,8.881784197001252e-16,ok
822824,mlb,2026,2026-04-26,278,278,278,0,0,3,8.881784197001252e-16,ok
822911,mlb,2026,2026-04-26,274,274,274,0,0,6,8.881784197001252e-16,ok
822991,mlb,2026,2026-04-26,269,269,269,0,0,0,8.881784197001252e-16,ok
823068,mlb,2026,2026-04-26,289,289,289,0,0,0,8.881784197001252e-16,ok
823230,mlb,2026,2026-04-26,242,242,242,0,0,0,8.881784197001252e-16,ok
823635,mlb,2026,2026-04-26,299,299,299,0,0,2,8.881784197001252e-16,ok
823637,mlb,2026,2026-04-26,264,264,264,0,0,0,8.881784197001252e-16,ok
823797,mlb,2026,2026-04-26,313,313,313,0,0,0,8.881784197001252e-16,ok
823959,mlb,2026,2026-04-26,280,280,280,0,0,0,8.881784197001252e-16,ok
824122,mlb,2026,2026-04-26,371,371,371,0,0,0,8.881784197001252e-16,ok
824202,mlb,2026,2026-04-26,268,268,268,0,0,0,8.881784197001252e-16,ok
824528,mlb,2026,2026-04-26,316,316,316,0,0,0,4.440892098500626e-16,ok
824612,mlb,2026,2026-04-26,252,252,252,0,0,5,8.881784197001252e-16,ok
824852,mlb,2026,2026-04-26,279,279,279,0,0,2,8.881784197001252e-16,ok
824934,mlb,2026,2026-04-26,289,289,289,0,0,0,8.881784197001252e-16,ok
825094,mlb,2026,2026-04-26,323,323,323,0,0,1,4.440892098500626e-16,ok
822825,mlb,2026,2026-04-27,271,271,271,0,0,0,8.881784197001252e-16,ok
822906,mlb,2026,2026-04-27,296,296,296,0,0,0,8.881784197001252e-16,ok
823311,mlb,2026,2026-04-27,348,348,348,0,0,0,8.881784197001252e-16,ok
823395,mlb,2026,2026-04-27,268,268,268,0,0,0,8.881784197001252e-16,ok
823719,mlb,2026,2026-04-27,317,317,317,0,0,0,8.881784197001252e-16,ok
823961,mlb,2026,2026-04-27,305,305,305,0,0,2,8.881784197001252e-16,ok
824446,mlb,2026,2026-04-27,290,290,290,0,0,0,8.881784197001252e-16,ok
824609,mlb,2026,2026-04-27,312,312,312,0,0,0,8.881784197001252e-16,ok
822823,mlb,2026,2026-04-28,240,240,240,0,0,0,8.881784197001252e-16,ok
822908,mlb,2026,2026-04-28,290,290,290,0,0,1,4.440892098500626e-16,ok
823310,mlb,2026,2026-04-28,325,325,325,0,0,0,8.881784197001252e-16,ok
823390,mlb,2026,2026-04-28,307,307,307,0,0,0,8.881784197001252e-16,ok
823473,mlb,2026,2026-04-28,274,274,274,0,0,0,8.881784197001252e-16,ok
823636,mlb,2026,2026-04-28,276,276,276,0,0,0,8.881784197001252e-16,ok
823716,mlb,2026,2026-04-28,287,287,287,0,0,0,8.881784197001252e-16,ok
823798,mlb,2026,2026-04-28,313,313,313,0,0,2,3.552713678800501e-15,ok
823956,mlb,2026,2026-04-28,277,277,277,0,0,2,8.881784197001252e-16,ok
824447,mlb,2026,2026-04-28,263,263,263,0,0,6,8.881784197001252e-16,ok
824526,mlb,2026,2026-04-28,272,272,272,0,0,0,8.881784197001252e-16,ok
824610,mlb,2026,2026-04-28,309,309,309,0,0,0,8.881784197001252e-16,ok
824849,mlb,2026,2026-04-28,280,280,280,0,0,5,8.881784197001252e-16,ok
824931,mlb,2026,2026-04-28,266,266,266,0,0,1,4.440892098500626e-16,ok
825017,mlb,2026,2026-04-28,345,345,345,0,0,1,8.881784197001252e-16,ok
822821,mlb,2026,2026-04-29,258,258,258,0,0,0,8.881784197001252e-16,ok
822907,mlb,2026,2026-04-29,270,270,270,0,0,0,8.881784197001252e-16,ok
823312,mlb,2026,2026-04-29,293,293,293,0,0,0,8.881784197001252e-16,ok
823392,mlb,2026,2026-04-29,325,325,325,0,0,4,8.881784197001252e-16,ok
823633,mlb,2026,2026-04-29,340,340,340,0,0,0,1.7763568394002505e-15,ok
823717,mlb,2026,2026-04-29,345,345,345,0,0,0,8.881784197001252e-16,ok
823796,mlb,2026,2026-04-29,327,327,327,0,0,0,8.881784197001252e-16,ok
823958,mlb,2026,2026-04-29,286,286,286,0,0,11,8.881784197001252e-16,ok
824445,mlb,2026,2026-04-29,251,251,251,0,0,1,8.881784197001252e-16,ok
824525,mlb,2026,2026-04-29,305,305,305,0,0,1,1.7763568394002505e-15,ok
824608,mlb,2026,2026-04-29,312,312,312,0,0,4,8.881784197001252e-16,ok
824930,mlb,2026,2026-04-29,273,273,273,0,0,0,8.881784197001252e-16,ok
825015,mlb,2026,2026-04-29,305,305,305,0,0,0,8.881784197001252e-16,ok
823391,mlb,2026,2026-04-30,355,355,355,0,0,1,8.881784197001252e-16,ok
823471,mlb,2026,2026-04-30,346,346,346,0,0,5,8.881784197001252e-16,ok
823472,mlb,2026,2026-04-30,265,265,265,0,0,0,4.440892098500626e-16,ok
823634,mlb,2026,2026-04-30,276,276,276,0,0,0,8.881784197001252e-16,ok
823714,mlb,2026,2026-04-30,277,277,277,0,0,0,8.881784197001252e-16,ok
823795,mlb,2026,2026-04-30,300,300,300,0,0,0,3.552713678800501e-15,ok
824524,mlb,2026,2026-04-30,255,255,255,0,0,4,8.881784197001252e-16,ok
824848,mlb,2026,2026-04-30,276,276,276,0,0,1,8.881784197001252e-16,ok
824850,mlb,2026,2026-04-30,323,323,323,0,0,0,8.881784197001252e-16,ok
824929,mlb,2026,2026-04-30,326,326,326,0,0,2,8.881784197001252e-16,ok
825016,mlb,2026,2026-04-30,290,290,290,0,0,4,8.881784197001252e-16,ok
822744,mlb,2026,2026-05-01,327,327,327,0,0,0,8.881784197001252e-16,ok
822990,mlb,2026,2026-05-01,232,232,232,0,0,0,4.440892098500626e-16,ok
823066,mlb,2026,2026-05-01,308,308,308,0,0,1,8.881784197001252e-16,ok
823146,mlb,2026,2026-05-01,295,295,295,0,0,0,8.881784197001252e-16,ok
823309,mlb,2026,2026-05-01,309,309,309,0,0,1,8.881784197001252e-16,ok
823389,mlb,2026,2026-05-01,307,307,307,0,0,0,1.7763568394002505e-15,ok
823557,mlb,2026,2026-05-01,298,298,298,0,0,1,8.881784197001252e-16,ok
823713,mlb,2026,2026-05-01,278,278,278,0,0,0,8.881784197001252e-16,ok
823877,mlb,2026,2026-05-01,348,348,348,0,0,0,8.881784197001252e-16,ok
824041,mlb,2026,2026-05-01,259,259,259,0,0,0,4.440892098500626e-16,ok
824287,mlb,2026,2026-05-01,345,345,345,0,0,0,8.881784197001252e-16,ok
824366,mlb,2026,2026-05-01,299,299,299,0,0,5,8.881784197001252e-16,ok
824686,mlb,2026,2026-05-01,322,322,322,0,0,0,8.881784197001252e-16,ok
824772,mlb,2026,2026-05-01,264,264,264,0,0,0,8.881784197001252e-16,ok
825012,mlb,2026,2026-05-01,339,339,339,0,0,0,8.881784197001252e-16,ok
822746,mlb,2026,2026-05-02,307,307,307,0,0,1,8.881784197001252e-16,ok
822988,mlb,2026,2026-05-02,269,269,269,0,0,0,8.881784197001252e-16,ok
823067,mlb,2026,2026-05-02,288,288,288,0,0,0,4.440892098500626e-16,ok
823144,mlb,2026,2026-05-02,290,290,290,0,0,1,8.881784197001252e-16,ok
823308,mlb,2026,2026-05-02,258,258,258,0,0,0,8.881784197001252e-16,ok
823388,mlb,2026,2026-05-02,340,340,340,0,0,1,1.7763568394002505e-15,ok
823554,mlb,2026,2026-05-02,327,327,327,0,0,2,8.881784197001252e-16,ok
823715,mlb,2026,2026-05-02,296,296,296,0,0,0,8.881784197001252e-16,ok
823876,mlb,2026,2026-05-02,254,254,254,0,0,0,4.440892098500626e-16,ok
824042,mlb,2026,2026-05-02,308,308,308,0,0,8,8.881784197001252e-16,ok
824284,mlb,2026,2026-05-02,263,263,263,0,0,0,8.881784197001252e-16,ok
824365,mlb,2026,2026-05-02,289,289,289,0,0,0,8.881784197001252e-16,ok
824685,mlb,2026,2026-05-02,251,251,251,0,0,4,8.881784197001252e-16,ok
824771,mlb,2026,2026-05-02,289,289,289,0,0,0,8.881784197001252e-16,ok
825014,mlb,2026,2026-05-02,330,330,330,0,0,1,8.881784197001252e-16,ok
822742,mlb,2026,2026-05-03,225,225,225,0,0,1,4.440892098500626e-16,ok
822987,mlb,2026,2026-05-03,283,283,283,0,0,4,8.881784197001252e-16,ok
823065,mlb,2026,2026-05-03,260,260,260,0,0,4,8.881784197001252e-16,ok
823145,mlb,2026,2026-05-03,278,278,278,0,0,0,8.881784197001252e-16,ok
823307,mlb,2026,2026-05-03,277,277,277,0,0,1,4.440892098500626e-16,ok
823387,mlb,2026,2026-05-03,214,214,214,0,0,0,8.881784197001252e-16,ok
823555,mlb,2026,2026-05-03,320,320,320,0,0,0,8.881784197001252e-16,ok
823711,mlb,2026,2026-05-03,282,282,282,0,0,0,8.881784197001252e-16,ok
823875,mlb,2026,2026-05-03,282,282,282,0,0,0,8.881784197001252e-16,ok
824043,mlb,2026,2026-05-03,284,284,284,0,0,0,8.881784197001252e-16,ok
824285,mlb,2026,2026-05-03,262,262,262,0,0,0,8.881784197001252e-16,ok
824364,mlb,2026,2026-05-03,344,344,344,0,0,1,8.881784197001252e-16,ok
824687,mlb,2026,2026-05-03,316,316,316,0,0,0,8.881784197001252e-16,ok
824769,mlb,2026,2026-05-03,345,345,345,0,0,0,8.881784197001252e-16,ok
825013,mlb,2026,2026-05-03,269,269,269,0,0,1,8.881784197001252e-16,ok
822984,mlb,2026,2026-05-04,260,260,260,0,0,0,8.881784197001252e-16,ok
823064,mlb,2026,2026-05-04,298,298,298,0,0,4,8.881784197001252e-16,ok
823143,mlb,2026,2026-05-04,279,279,279,0,0,0,8.881784197001252e-16,ok
823228,mlb,2026,2026-05-04,229,229,229,0,0,0,4.440892098500626e-16,ok
823552,mlb,2026,2026-05-04,287,287,287,0,0,6,8.881784197001252e-16,ok
823874,mlb,2026,2026-05-04,276,276,276,0,0,0,8.881784197001252e-16,ok
824039,mlb,2026,2026-05-04,274,274,274,0,0,0,8.881784197001252e-16,ok
824120,mlb,2026,2026-05-04,245,245,245,0,0,0,8.881784197001252e-16,ok
824201,mlb,2026,2026-05-04,316,316,316,0,0,0,8.881784197001252e-16,ok
824283,mlb,2026,2026-05-04,292,292,292,0,0,0,8.881784197001252e-16,ok
824363,mlb,2026,2026-05-04,233,233,233,0,0,1,4.440892098500626e-16,ok
824684,mlb,2026,2026-05-04,273,273,273,0,0,1,8.881784197001252e-16,ok
822743,mlb,2026,2026-05-05,312,312,312,0,0,0,8.881784197001252e-16,ok
822986,mlb,2026,2026-05-05,270,270,270,0,0,4,8.881784197001252e-16,ok
823142,mlb,2026,2026-05-05,265,265,265,0,0,0,8.881784197001252e-16,ok
823227,mlb,2026,2026-05-05,277,277,277,0,0,1,8.881784197001252e-16,ok
823469,mlb,2026,2026-05-05,282,282,282,0,0,0,4.440892098500626e-16,ok
823553,mlb,2026,2026-05-05,297,297,297,0,0,5,8.881784197001252e-16,ok
823873,mlb,2026,2026-05-05,325,325,325,0,0,0,8.881784197001252e-16,ok
824040,mlb,2026,2026-05-05,269,269,269,0,0,1,8.881784197001252e-16,ok
824119,mlb,2026,2026-05-05,243,243,243,0,0,0,8.881784197001252e-16,ok
824200,mlb,2026,2026-05-05,242,242,242,0,0,1,8.881784197001252e-16,ok
824281,mlb,2026,2026-05-05,273,273,273,0,0,0,8.881784197001252e-16,ok
824682,mlb,2026,2026-05-05,335,335,335,0,0,0,8.881784197001252e-16,ok
825092,mlb,2026,2026-05-05,291,291,291,0,0,1,8.881784197001252e-16,ok
822740,mlb,2026,2026-05-06,270,270,270,0,0,0,8.881784197001252e-16,ok
822985,mlb,2026,2026-05-06,237,237,237,0,0,4,8.881784197001252e-16,ok
823063,mlb,2026,2026-05-06,316,316,316,0,0,0,8.881784197001252e-16,ok
823141,mlb,2026,2026-05-06,284,284,284,0,0,1,8.881784197001252e-16,ok
823226,mlb,2026,2026-05-06,251,251,251,0,0,1,8.881784197001252e-16,ok
823470,mlb,2026,2026-05-06,276,276,276,0,0,4,8.881784197001252e-16,ok
823550,mlb,2026,2026-05-06,295,295,295,0,0,0,8.881784197001252e-16,ok
823872,mlb,2026,2026-05-06,296,296,296,0,0,0,8.881784197001252e-16,ok
824036,mlb,2026,2026-05-06,286,286,286,0,0,0,8.881784197001252e-16,ok
824118,mlb,2026,2026-05-06,307,307,307,0,0,0,8.881784197001252e-16,ok
824198,mlb,2026,2026-05-06,296,296,296,0,0,1,8.881784197001252e-16,ok
824282,mlb,2026,2026-05-06,315,315,315,0,0,1,8.881784197001252e-16,ok
824361,mlb,2026,2026-05-06,318,318,318,0,0,0,8.881784197001252e-16,ok
824683,mlb,2026,2026-05-06,336,336,336,0,0,8,8.881784197001252e-16,ok
825091,mlb,2026,2026-05-06,241,241,241,0,0,1,8.881784197001252e-16,ok
822741,mlb,2026,2026-05-07,311,311,311,0,0,5,8.881784197001252e-16,ok
823306,mlb,2026,2026-05-07,250,250,250,0,0,0,8.881784197001252e-16,ok
823467,mlb,2026,2026-05-07,293,293,293,0,0,0,1.7763568394002505e-15,ok
823551,mlb,2026,2026-05-07,319,319,319,0,0,0,8.881784197001252e-16,ok
823870,mlb,2026,2026-05-07,273,273,273,0,0,0,8.881784197001252e-16,ok
824117,mlb,2026,2026-05-07,366,366,366,0,0,0,8.881784197001252e-16,ok
824362,mlb,2026,2026-05-07,279,279,279,0,0,0,8.881784197001252e-16,ok
824681,mlb,2026,2026-05-07,330,330,330,0,0,1,8.881784197001252e-16,ok
824767,mlb,2026,2026-05-07,282,282,282,0,0,0,8.881784197001252e-16,ok
825090,mlb,2026,2026-05-07,274,274,274,0,0,1,8.881784197001252e-16,ok
822822,mlb,2026,2026-05-08,290,290,290,0,0,2,8.881784197001252e-16,ok
822904,mlb,2026,2026-05-08,303,303,303,0,0,0,8.881784197001252e-16,ok
823225,mlb,2026,2026-05-08,267,267,267,0,0,0,8.881784197001252e-16,ok
823303,mlb,2026,2026-05-08,268,268,268,0,0,0,8.881784197001252e-16,ok
823466,mlb,2026,2026-05-08,388,388,388,0,0,4,8.881784197001252e-16,ok
823794,mlb,2026,2026-05-08,258,258,258,0,0,1,8.881784197001252e-16,ok
823871,mlb,2026,2026-05-08,287,287,287,0,0,0,8.881784197001252e-16,ok
823957,mlb,2026,2026-05-08,275,275,275,0,0,0,8.881784197001252e-16,ok
824116,mlb,2026,2026-05-08,274,274,274,0,0,0,8.881784197001252e-16,ok
824443,mlb,2026,2026-05-08,307,307,307,0,0,0,8.881784197001252e-16,ok
824522,mlb,2026,2026-05-08,280,280,280,0,0,0,1.7763568394002505e-15,ok
824607,mlb,2026,2026-05-08,299,299,299,0,0,0,8.881784197001252e-16,ok
824768,mlb,2026,2026-05-08,262,262,262,0,0,1,8.881784197001252e-16,ok
824846,mlb,2026,2026-05-08,284,284,284,0,0,0,8.881784197001252e-16,ok
825088,mlb,2026,2026-05-08,285,285,285,0,0,0,8.881784197001252e-16,ok
822820,mlb,2026,2026-05-09,326,326,326,0,0,0,1.7763568394002505e-15,ok
822905,mlb,2026,2026-05-09,299,299,299,0,0,0,8.881784197001252e-16,ok
823224,mlb,2026,2026-05-09,356,356,356,0,0,0,1.7763568394002505e-15,ok
823304,mlb,2026,2026-05-09,291,291,291,0,0,0,8.881784197001252e-16,ok
823468,mlb,2026,2026-05-09,286,286,286,0,0,0,8.881784197001252e-16,ok
823792,mlb,2026,2026-05-09,336,336,336,0,0,5,8.881784197001252e-16,ok
823869,mlb,2026,2026-05-09,288,288,288,0,0,1,8.881784197001252e-16,ok
823955,mlb,2026,2026-05-09,323,323,323,0,0,0,8.881784197001252e-16,ok
824115,mlb,2026,2026-05-09,233,233,233,0,0,0,8.881784197001252e-16,ok
824444,mlb,2026,2026-05-09,366,366,366,0,0,10,8.881784197001252e-16,ok
824523,mlb,2026,2026-05-09,243,243,243,0,0,1,8.881784197001252e-16,ok
824606,mlb,2026,2026-05-09,308,308,308,0,0,0,8.881784197001252e-16,ok
824847,mlb,2026,2026-05-09,327,327,327,0,0,1,8.881784197001252e-16,ok
825089,mlb,2026,2026-05-09,266,266,266,0,0,2,8.881784197001252e-16,ok
822819,mlb,2026,2026-05-10,249,249,249,0,0,0,8.881784197001252e-16,ok
822902,mlb,2026,2026-05-10,243,243,243,0,0,0,8.881784197001252e-16,ok
823221,mlb,2026,2026-05-10,404,404,404,0,0,13,8.881784197001252e-16,ok
823305,mlb,2026,2026-05-10,321,321,321,0,0,4,8.881784197001252e-16,ok
823463,mlb,2026,2026-05-10,258,258,258,0,0,0,8.881784197001252e-16,ok
823793,mlb,2026,2026-05-10,279,279,279,0,0,0,8.881784197001252e-16,ok
823868,mlb,2026,2026-05-10,279,279,279,0,0,0,8.881784197001252e-16,ok
823954,mlb,2026,2026-05-10,250,250,250,0,0,1,8.881784197001252e-16,ok
824113,mlb,2026,2026-05-10,310,310,310,0,0,0,8.881784197001252e-16,ok
824440,mlb,2026,2026-05-10,305,305,305,0,0,4,8.881784197001252e-16,ok
824520,mlb,2026,2026-05-10,280,280,280,0,0,0,8.881784197001252e-16,ok
824605,mlb,2026,2026-05-10,283,283,283,0,0,5,8.881784197001252e-16,ok
824765,mlb,2026,2026-05-10,283,283,283,0,0,0,8.881784197001252e-16,ok
824845,mlb,2026,2026-05-10,284,284,284,0,0,0,8.881784197001252e-16,ok
825085,mlb,2026,2026-05-10,248,248,248,0,0,1,4.440892098500626e-16,ok
822818,mlb,2026,2026-05-11,313,313,313,0,0,0,8.881784197001252e-16,ok
822901,mlb,2026,2026-05-11,232,232,232,0,0,1,8.881784197001252e-16,ok
823953,mlb,2026,2026-05-11,333,333,333,0,0,2,8.881784197001252e-16,ok
824199,mlb,2026,2026-05-11,280,280,280,0,0,0,8.881784197001252e-16,ok
824441,mlb,2026,2026-05-11,346,346,346,0,0,0,8.881784197001252e-16,ok
824844,mlb,2026,2026-05-11,268,268,268,0,0,0,8.881784197001252e-16,ok
822817,mlb,2026,2026-05-12,378,378,378,0,0,0,8.881784197001252e-16,ok
822903,mlb,2026,2026-05-12,275,275,275,0,0,0,8.881784197001252e-16,ok
823385,mlb,2026,2026-05-12,269,269,269,0,0,0,8.881784197001252e-16,ok
823632,mlb,2026,2026-05-12,361,361,361,0,0,0,8.881784197001252e-16,ok
823712,mlb,2026,2026-05-12,221,221,221,0,0,0,4.440892098500626e-16,ok
823790,mlb,2026,2026-05-12,271,271,271,0,0,0,8.881784197001252e-16,ok
823951,mlb,2026,2026-05-12,296,296,296,0,0,4,8.881784197001252e-16,ok
824197,mlb,2026,2026-05-12,318,318,318,0,0,0,8.881784197001252e-16,ok
824442,mlb,2026,2026-05-12,326,326,326,0,0,0,8.881784197001252e-16,ok
824521,mlb,2026,2026-05-12,344,344,344,0,0,0,8.881784197001252e-16,ok
824604,mlb,2026,2026-05-12,294,294,294,0,0,0,8.881784197001252e-16,ok
824764,mlb,2026,2026-05-12,250,250,250,0,0,0,8.881784197001252e-16,ok
824843,mlb,2026,2026-05-12,287,287,287,0,0,0,4.440892098500626e-16,ok
824927,mlb,2026,2026-05-12,274,274,274,0,0,0,4.440892098500626e-16,ok
825011,mlb,2026,2026-05-12,321,321,321,0,0,1,8.881784197001252e-16,ok
822815,mlb,2026,2026-05-13,311,311,311,0,0,1,8.881784197001252e-16,ok
822900,mlb,2026,2026-05-13,322,322,322,0,0,0,8.881784197001252e-16,ok
823386,mlb,2026,2026-05-13,253,253,253,0,0,0,8.881784197001252e-16,ok
823631,mlb,2026,2026-05-13,313,313,313,0,0,2,8.881784197001252e-16,ok
823710,mlb,2026,2026-05-13,311,311,311,0,0,0,8.881784197001252e-16,ok
823791,mlb,2026,2026-05-13,273,273,273,0,0,0,8.881784197001252e-16,ok
823952,mlb,2026,2026-05-13,277,277,277,0,0,1,4.440892098500626e-16,ok
824195,mlb,2026,2026-05-13,325,325,325,0,0,4,8.881784197001252e-16,ok
824438,mlb,2026,2026-05-13,285,285,285,0,0,0,8.881784197001252e-16,ok
824519,mlb,2026,2026-05-13,357,357,357,0,0,0,8.881784197001252e-16,ok
824603,mlb,2026,2026-05-13,293,293,293,0,0,0,8.881784197001252e-16,ok
824763,mlb,2026,2026-05-13,237,237,237,0,0,0,8.881784197001252e-16,ok
824841,mlb,2026,2026-05-13,296,296,296,0,0,0,8.881784197001252e-16,ok
824928,mlb,2026,2026-05-13,260,260,260,0,0,0,8.881784197001252e-16,ok
825010,mlb,2026,2026-05-13,275,275,275,0,0,0,8.881784197001252e-16,ok
823383,mlb,2026,2026-05-14,265,265,265,0,0,0,8.881784197001252e-16,ok
823630,mlb,2026,2026-05-14,264,264,264,0,0,0,8.881784197001252e-16,ok
823709,mlb,2026,2026-05-14,271,271,271,0,0,0,8.881784197001252e-16,ok
823789,mlb,2026,2026-05-14,337,337,337,0,0,0,8.881784197001252e-16,ok
823950,mlb,2026,2026-05-14,297,297,297,0,0,1,8.881784197001252e-16,ok
824196,mlb,2026,2026-05-14,326,326,326,0,0,0,8.881784197001252e-16,ok
824517,mlb,2026,2026-05-14,300,300,300,0,0,1,8.881784197001252e-16,ok
824602,mlb,2026,2026-05-14,275,275,275,0,0,2,8.881784197001252e-16,ok
824762,mlb,2026,2026-05-14,284,284,284,0,0,0,8.881784197001252e-16,ok
824926,mlb,2026,2026-05-14,282,282,282,0,0,0,8.881784197001252e-16,ok
825008,mlb,2026,2026-05-14,292,292,292,0,0,1,8.881784197001252e-16,ok
822739,mlb,2026,2026-05-15,272,272,272,0,0,0,8.881784197001252e-16,ok
822983,mlb,2026,2026-05-15,242,242,242,0,0,0,8.881784197001252e-16,ok
823061,mlb,2026,2026-05-15,323,323,323,0,0,9,8.881784197001252e-16,ok
823140,mlb,2026,2026-05-15,271,271,271,0,0,0,8.881784197001252e-16,ok
823384,mlb,2026,2026-05-15,373,373,373,0,0,0,8.881784197001252e-16,ok
823629,mlb,2026,2026-05-15,312,312,312,0,0,0,8.881784197001252e-16,ok
823707,mlb,2026,2026-05-15,270,270,270,0,0,0,8.881784197001252e-16,ok
824037,mlb,2026,2026-05-15,282,282,282,0,0,0,8.881784197001252e-16,ok
824194,mlb,2026,2026-05-15,241,241,241,0,0,0,8.881784197001252e-16,ok
824280,mlb,2026,2026-05-15,269,269,269,0,0,2,8.881784197001252e-16,ok
824360,mlb,2026,2026-05-15,263,263,263,0,0,0,8.881784197001252e-16,ok
824439,mlb,2026,2026-05-15,329,329,329,0,0,3,8.881784197001252e-16,ok
824601,mlb,2026,2026-05-15,355,355,355,0,0,0,8.881784197001252e-16,ok
824925,mlb,2026,2026-05-15,295,295,295,0,0,0,8.881784197001252e-16,ok
825009,mlb,2026,2026-05-15,266,266,266,0,0,0,8.881784197001252e-16,ok
822737,mlb,2026,2026-05-16,308,308,308,0,0,0,8.881784197001252e-16,ok
822981,mlb,2026,2026-05-16,324,324,324,0,0,0,8.881784197001252e-16,ok
823060,mlb,2026,2026-05-16,234,234,234,0,0,0,8.881784197001252e-16,ok
823139,mlb,2026,2026-05-16,292,292,292,0,0,0,8.881784197001252e-16,ok
823382,mlb,2026,2026-05-16,295,295,295,0,0,4,4.440892098500626e-16,ok
823627,mlb,2026,2026-05-16,328,328,328,0,0,0,8.881784197001252e-16,ok
823706,mlb,2026,2026-05-16,259,259,259,0,0,0,8.881784197001252e-16,ok
824038,mlb,2026,2026-05-16,345,345,345,0,0,0,8.881784197001252e-16,ok
824193,mlb,2026,2026-05-16,271,271,271,0,0,0,8.881784197001252e-16,ok
824278,mlb,2026,2026-05-16,267,267,267,0,0,1,8.881784197001252e-16,ok
824359,mlb,2026,2026-05-16,318,318,318,0,0,1,8.881784197001252e-16,ok
824435,mlb,2026,2026-05-16,301,301,301,0,0,5,8.881784197001252e-16,ok
824600,mlb,2026,2026-05-16,290,290,290,0,0,0,8.881784197001252e-16,ok
824924,mlb,2026,2026-05-16,222,222,222,0,0,0,8.881784197001252e-16,ok
825007,mlb,2026,2026-05-16,275,275,275,0,0,0,8.881784197001252e-16,ok
822738,mlb,2026,2026-05-17,326,326,326,0,0,0,8.881784197001252e-16,ok
822982,mlb,2026,2026-05-17,299,299,299,0,0,0,8.881784197001252e-16,ok
823058,mlb,2026,2026-05-17,262,262,262,0,0,0,8.881784197001252e-16,ok
823138,mlb,2026,2026-05-17,308,308,308,0,0,1,8.881784197001252e-16,ok
823381,mlb,2026,2026-05-17,272,272,272,0,0,0,4.440892098500626e-16,ok
823628,mlb,2026,2026-05-17,331,331,331,0,0,0,8.881784197001252e-16,ok
823708,mlb,2026,2026-05-17,296,296,296,0,0,0,8.881784197001252e-16,ok
824034,mlb,2026,2026-05-17,276,276,276,0,0,0,8.881784197001252e-16,ok
824192,mlb,2026,2026-05-17,255,255,255,0,0,0,8.881784197001252e-16,ok
824279,mlb,2026,2026-05-17,285,285,285,0,0,0,8.881784197001252e-16,ok
824358,mlb,2026,2026-05-17,315,315,315,0,0,0,8.881784197001252e-16,ok
824436,mlb,2026,2026-05-17,288,288,288,0,0,0,8.881784197001252e-16,ok
824599,mlb,2026,2026-05-17,376,376,376,0,0,12,8.881784197001252e-16,ok
824923,mlb,2026,2026-05-17,275,275,275,0,0,1,8.881784197001252e-16,ok
825006,mlb,2026,2026-05-17,311,311,311,0,0,5,8.881784197001252e-16,ok
822734,mlb,2026,2026-05-18,429,429,429,0,0,10,1.7763568394002505e-15,ok
822980,mlb,2026,2026-05-18,343,343,343,0,0,1,8.881784197001252e-16,ok
823137,mlb,2026,2026-05-18,294,294,294,0,0,0,8.881784197001252e-16,ok
823301,mlb,2026,2026-05-18,260,260,260,0,0,0,8.881784197001252e-16,ok
823465,mlb,2026,2026-05-18,254,254,254,0,0,0,8.881784197001252e-16,ok
823549,mlb,2026,2026-05-18,325,325,325,0,0,0,8.881784197001252e-16,ok
823705,mlb,2026,2026-05-18,283,283,283,0,0,1,8.881784197001252e-16,ok
823867,mlb,2026,2026-05-18,315,315,315,0,0,1,8.881784197001252e-16,ok
824035,mlb,2026,2026-05-18,249,249,249,0,0,0,4.440892098500626e-16,ok
824114,mlb,2026,2026-05-18,255,255,255,0,0,0,8.881784197001252e-16,ok
824277,mlb,2026,2026-05-18,296,296,296,0,0,1,8.881784197001252e-16,ok
824357,mlb,2026,2026-05-18,283,283,283,0,0,0,4.440892098500626e-16,ok
824680,mlb,2026,2026-05-18,257,257,257,0,0,0,8.881784197001252e-16,ok
825087,mlb,2026,2026-05-18,267,267,267,0,0,0,8.881784197001252e-16,ok
822736,mlb,2026,2026-05-19,275,275,275,0,0,0,8.881784197001252e-16,ok
822979,mlb,2026,2026-05-19,272,272,272,0,0,0,8.881784197001252e-16,ok
823059,mlb,2026,2026-05-19,307,307,307,0,0,0,8.881784197001252e-16,ok
823136,mlb,2026,2026-05-19,284,284,284,0,0,0,8.881784197001252e-16,ok
823302,mlb,2026,2026-05-19,285,285,285,0,0,2,8.881784197001252e-16,ok
823464,mlb,2026,2026-05-19,281,281,281,0,0,0,4.440892098500626e-16,ok
823548,mlb,2026,2026-05-19,302,302,302,0,0,0,8.881784197001252e-16,ok
823704,mlb,2026,2026-05-19,275,275,275,0,0,0,4.440892098500626e-16,ok
823865,mlb,2026,2026-05-19,341,341,341,0,0,1,8.881784197001252e-16,ok
824033,mlb,2026,2026-05-19,322,322,322,0,0,1,8.881784197001252e-16,ok
824112,mlb,2026,2026-05-19,296,296,296,0,0,0,8.881784197001252e-16,ok
824276,mlb,2026,2026-05-19,284,284,284,0,0,1,8.881784197001252e-16,ok
824356,mlb,2026,2026-05-19,263,263,263,0,0,0,8.881784197001252e-16,ok
824677,mlb,2026,2026-05-19,284,284,284,0,0,0,8.881784197001252e-16,ok
825086,mlb,2026,2026-05-19,270,270,270,0,0,0,8.881784197001252e-16,ok
822735,mlb,2026,2026-05-20,250,250,250,0,0,0,8.881784197001252e-16,ok
822977,mlb,2026,2026-05-20,279,279,279,0,0,1,8.881784197001252e-16,ok
823057,mlb,2026,2026-05-20,337,337,337,0,0,0,8.881784197001252e-16,ok
823134,mlb,2026,2026-05-20,285,285,285,0,0,0,8.881784197001252e-16,ok
823299,mlb,2026,2026-05-20,292,292,292,0,0,0,8.881784197001252e-16,ok
823462,mlb,2026,2026-05-20,306,306,306,0,0,0,8.881784197001252e-16,ok
823547,mlb,2026,2026-05-20,276,276,276,0,0,0,8.881784197001252e-16,ok
823703,mlb,2026,2026-05-20,258,258,258,0,0,1,8.881784197001252e-16,ok
823866,mlb,2026,2026-05-20,263,263,263,0,0,0,8.881784197001252e-16,ok
824032,mlb,2026,2026-05-20,307,307,307,0,0,12,8.881784197001252e-16,ok
824111,mlb,2026,2026-05-20,310,310,310,0,0,0,8.881784197001252e-16,ok
824273,mlb,2026,2026-05-20,283,283,283,0,0,1,8.881784197001252e-16,ok
824355,mlb,2026,2026-05-20,296,296,296,0,0,0,8.881784197001252e-16,ok
824678,mlb,2026,2026-05-20,276,276,276,0,0,0,8.881784197001252e-16,ok
825084,mlb,2026,2026-05-20,240,240,240,0,0,0,8.881784197001252e-16,ok
822733,mlb,2026,2026-05-21,262,262,262,0,0,0,8.881784197001252e-16,ok
823056,mlb,2026,2026-05-21,271,271,271,0,0,0,8.881784197001252e-16,ok
823545,mlb,2026,2026-05-21,277,277,277,0,0,0,8.881784197001252e-16,ok
823864,mlb,2026,2026-05-21,295,295,295,0,0,0,8.881784197001252e-16,ok
824031,mlb,2026,2026-05-21,319,319,319,0,0,5,8.881784197001252e-16,ok
824274,mlb,2026,2026-05-21,301,301,301,0,0,0,8.881784197001252e-16,ok
825083,mlb,2026,2026-05-21,299,299,299,0,0,5,8.881784197001252e-16,ok
822816,mlb,2026,2026-05-22,303,303,303,0,0,0,8.881784197001252e-16,ok
823223,mlb,2026,2026-05-22,304,304,304,0,0,0,4.440892098500626e-16,ok
823298,mlb,2026,2026-05-22,261,261,261,0,0,1,8.881784197001252e-16,ok
823461,mlb,2026,2026-05-22,217,217,217,0,0,0,8.881784197001252e-16,ok
823546,mlb,2026,2026-05-22,279,279,279,0,0,4,8.881784197001252e-16,ok
823788,mlb,2026,2026-05-22,309,309,309,0,0,1,8.881784197001252e-16,ok
823863,mlb,2026,2026-05-22,245,245,245,0,0,0,8.881784197001252e-16,ok
824029,mlb,2026,2026-05-22,270,270,270,0,0,0,8.881784197001252e-16,ok
824110,mlb,2026,2026-05-22,301,301,301,0,0,0,8.881784197001252e-16,ok
824679,mlb,2026,2026-05-22,312,312,312,0,0,0,8.881784197001252e-16,ok
824761,mlb,2026,2026-05-22,313,313,313,0,0,0,8.881784197001252e-16,ok
824842,mlb,2026,2026-05-22,301,301,301,0,0,5,8.881784197001252e-16,ok
824922,mlb,2026,2026-05-22,351,351,351,0,0,0,8.881784197001252e-16,ok
825082,mlb,2026,2026-05-22,278,278,278,0,0,0,8.881784197001252e-16,ok
822814,mlb,2026,2026-05-23,267,267,267,0,0,0,8.881784197001252e-16,ok
823222,mlb,2026,2026-05-23,308,308,308,0,0,0,8.881784197001252e-16,ok
823300,mlb,2026,2026-05-23,292,292,292,0,0,0,8.881784197001252e-16,ok
823458,mlb,2026,2026-05-23,299,299,299,0,0,0,8.881784197001252e-16,ok
823787,mlb,2026,2026-05-23,353,353,353,0,0,4,8.881784197001252e-16,ok
823862,mlb,2026,2026-05-23,247,247,247,0,0,0,8.881784197001252e-16,ok
824030,mlb,2026,2026-05-23,295,295,295,0,0,0,8.881784197001252e-16,ok
824109,mlb,2026,2026-05-23,234,234,234,0,0,0,8.881784197001252e-16,ok
824516,mlb,2026,2026-05-23,345,345,345,0,0,4,8.881784197001252e-16,ok
824518,mlb,2026,2026-05-23,310,310,310,0,0,0,8.881784197001252e-16,ok
824674,mlb,2026,2026-05-23,258,258,258,0,0,1,8.881784197001252e-16,ok
824760,mlb,2026,2026-05-23,294,294,294,0,0,0,8.881784197001252e-16,ok
824920,mlb,2026,2026-05-23,266,266,266,0,0,0,8.881784197001252e-16,ok
825080,mlb,2026,2026-05-23,281,281,281,0,0,0,4.440892098500626e-16,ok
822813,mlb,2026,2026-05-24,298,298,298,0,0,1,8.881784197001252e-16,ok
823220,mlb,2026,2026-05-24,312,312,312,0,0,0,8.881784197001252e-16,ok
823297,mlb,2026,2026-05-24,340,340,340,0,0,0,8.881784197001252e-16,ok
823459,mlb,2026,2026-05-24,262,262,262,0,0,0,4.440892098500626e-16,ok
823544,mlb,2026,2026-05-24,236,236,236,0,0,2,8.881784197001252e-16,ok
823786,mlb,2026,2026-05-24,290,290,290,0,0,0,8.881784197001252e-16,ok
823861,mlb,2026,2026-05-24,283,283,283,0,0,4,8.881784197001252e-16,ok
824028,mlb,2026,2026-05-24,273,273,273,0,0,0,8.881784197001252e-16,ok
824108,mlb,2026,2026-05-24,294,294,294,0,0,3,8.881784197001252e-16,ok
824676,mlb,2026,2026-05-24,303,303,303,0,0,0,8.881784197001252e-16,ok
824759,mlb,2026,2026-05-24,316,316,316,0,0,1,8.881784197001252e-16,ok
824839,mlb,2026,2026-05-24,289,289,289,0,0,0,8.881784197001252e-16,ok
824840,mlb,2026,2026-05-24,288,288,288,0,0,0,8.881784197001252e-16,ok
824921,mlb,2026,2026-05-24,284,284,284,0,0,1,8.881784197001252e-16,ok
825081,mlb,2026,2026-05-24,236,236,236,0,0,1,4.440892098500626e-16,ok
822812,mlb,2026,2026-05-25,303,303,303,0,0,0,8.881784197001252e-16,ok
822899,mlb,2026,2026-05-25,278,278,278,0,0,0,4.440892098500626e-16,ok
823219,mlb,2026,2026-05-25,275,275,275,0,0,1,8.881784197001252e-16,ok
823296,mlb,2026,2026-05-25,283,283,283,0,0,0,4.440892098500626e-16,ok
823380,mlb,2026,2026-05-25,268,268,268,0,0,1,8.881784197001252e-16,ok
823625,mlb,2026,2026-05-25,326,326,326,0,0,0,8.881784197001252e-16,ok
823784,mlb,2026,2026-05-25,277,277,277,0,0,0,8.881784197001252e-16,ok
823948,mlb,2026,2026-05-25,262,262,262,0,0,0,8.881784197001252e-16,ok
824107,mlb,2026,2026-05-25,247,247,247,0,0,1,8.881784197001252e-16,ok
824437,mlb,2026,2026-05-25,304,304,304,0,0,0,8.881784197001252e-16,ok
824598,mlb,2026,2026-05-25,262,262,262,0,0,0,8.881784197001252e-16,ok
824838,mlb,2026,2026-05-25,415,415,415,0,0,10,8.881784197001252e-16,ok
825005,mlb,2026,2026-05-25,291,291,291,0,0,0,8.881784197001252e-16,ok
822811,mlb,2026,2026-05-26,257,257,257,0,0,1,8.881784197001252e-16,ok
822898,mlb,2026,2026-05-26,257,257,257,0,0,0,8.881784197001252e-16,ok
823216,mlb,2026,2026-05-26,302,302,302,0,0,1,4.440892098500626e-16,ok
823294,mlb,2026,2026-05-26,286,286,286,0,0,0,8.881784197001252e-16,ok
823379,mlb,2026,2026-05-26,285,285,285,0,0,1,8.881784197001252e-16,ok
823624,mlb,2026,2026-05-26,311,311,311,0,0,0,4.440892098500626e-16,ok
823785,mlb,2026,2026-05-26,284,284,284,0,0,0,8.881784197001252e-16,ok
823949,mlb,2026,2026-05-26,302,302,302,0,0,0,1.7763568394002505e-15,ok
824106,mlb,2026,2026-05-26,332,332,332,0,0,0,1.7763568394002505e-15,ok
824275,mlb,2026,2026-05-26,316,316,316,0,0,1,4.440892098500626e-16,ok
824434,mlb,2026,2026-05-26,308,308,308,0,0,1,8.881784197001252e-16,ok
824597,mlb,2026,2026-05-26,323,323,323,0,0,0,8.881784197001252e-16,ok
824758,mlb,2026,2026-05-26,311,311,311,0,0,1,8.881784197001252e-16,ok
824837,mlb,2026,2026-05-26,249,249,249,0,0,0,8.881784197001252e-16,ok
825004,mlb,2026,2026-05-26,257,257,257,0,0,0,8.881784197001252e-16,ok
822809,mlb,2026,2026-05-27,289,289,289,0,0,5,8.881784197001252e-16,ok
822897,mlb,2026,2026-05-27,286,286,286,0,0,4,8.881784197001252e-16,ok
823217,mlb,2026,2026-05-27,234,234,234,0,0,0,8.881784197001252e-16,ok
823295,mlb,2026,2026-05-27,246,246,246,0,0,0,8.881784197001252e-16,ok
823376,mlb,2026,2026-05-27,325,325,325,0,0,0,8.881784197001252e-16,ok
823626,mlb,2026,2026-05-27,323,323,323,0,0,0,8.881784197001252e-16,ok
823783,mlb,2026,2026-05-27,233,233,233,0,0,0,8.881784197001252e-16,ok
823947,mlb,2026,2026-05-27,274,274,274,0,0,0,8.881784197001252e-16,ok
824104,mlb,2026,2026-05-27,280,280,280,0,0,0,8.881784197001252e-16,ok
824270,mlb,2026,2026-05-27,269,269,269,0,0,0,8.881784197001252e-16,ok
824432,mlb,2026,2026-05-27,257,257,257,0,0,1,8.881784197001252e-16,ok
824596,mlb,2026,2026-05-27,263,263,263,0,0,0,1.7763568394002505e-15,ok
824756,mlb,2026,2026-05-27,257,257,257,0,0,0,8.881784197001252e-16,ok
824836,mlb,2026,2026-05-27,289,289,289,0,0,0,8.881784197001252e-16,ok
825003,mlb,2026,2026-05-27,294,294,294,0,0,0,8.881784197001252e-16,ok
822896,mlb,2026,2026-05-28,271,271,271,0,0,0,8.881784197001252e-16,ok
823378,mlb,2026,2026-05-28,343,343,343,0,0,0,8.881784197001252e-16,ok
824272,mlb,2026,2026-05-28,312,312,312,0,0,6,8.881784197001252e-16,ok
824595,mlb,2026,2026-05-28,272,272,272,0,0,0,8.881784197001252e-16,ok
824757,mlb,2026,2026-05-28,327,327,327,0,0,0,8.881784197001252e-16,ok
824834,mlb,2026,2026-05-28,282,282,282,0,0,4,8.881784197001252e-16,ok
822732,mlb,2026,2026-05-29,353,353,353,0,0,2,8.881784197001252e-16,ok
822894,mlb,2026,2026-05-29,294,294,294,0,0,0,8.881784197001252e-16,ok
822978,mlb,2026,2026-05-29,279,279,279,0,0,0,8.881784197001252e-16,ok
823055,mlb,2026,2026-05-29,268,268,268,0,0,0,8.881784197001252e-16,ok
823135,mlb,2026,2026-05-29,349,349,349,0,0,4,8.881784197001252e-16,ok
823377,mlb,2026,2026-05-29,305,305,305,0,0,1,8.881784197001252e-16,ok
823623,mlb,2026,2026-05-29,302,302,302,0,0,0,1.7763568394002505e-15,ok
823946,mlb,2026,2026-05-29,232,232,232,0,0,1,8.881784197001252e-16,ok
824191,mlb,2026,2026-05-29,318,318,318,0,0,3,8.881784197001252e-16,ok
824353,mlb,2026,2026-05-29,318,318,318,0,0,0,8.881784197001252e-16,ok
824433,mlb,2026,2026-05-29,221,221,221,0,0,1,8.881784197001252e-16,ok
824515,mlb,2026,2026-05-29,293,293,293,0,0,4,8.881784197001252e-16,ok
824594,mlb,2026,2026-05-29,271,271,271,0,0,0,8.881784197001252e-16,ok
824835,mlb,2026,2026-05-29,278,278,278,0,0,0,8.881784197001252e-16,ok
825002,mlb,2026,2026-05-29,309,309,309,0,0,1,8.881784197001252e-16,ok
822731,mlb,2026,2026-05-30,294,294,294,0,0,0,8.881784197001252e-16,ok
822893,mlb,2026,2026-05-30,298,298,298,0,0,0,8.881784197001252e-16,ok
822975,mlb,2026,2026-05-30,360,360,360,0,0,1,8.881784197001252e-16,ok
823054,mlb,2026,2026-05-30,277,277,277,0,0,0,8.881784197001252e-16,ok
823132,mlb,2026,2026-05-30,264,264,264,0,0,0,8.881784197001252e-16,ok
823375,mlb,2026,2026-05-30,329,329,329,0,0,0,8.881784197001252e-16,ok
823622,mlb,2026,2026-05-30,274,274,274,0,0,2,8.881784197001252e-16,ok
823945,mlb,2026,2026-05-30,292,292,292,0,0,0,8.881784197001252e-16,ok
824190,mlb,2026,2026-05-30,321,321,321,0,0,0,8.881784197001252e-16,ok
824352,mlb,2026,2026-05-30,289,289,289,0,0,0,8.881784197001252e-16,ok
824431,mlb,2026,2026-05-30,328,328,328,0,0,4,8.881784197001252e-16,ok
824513,mlb,2026,2026-05-30,278,278,278,0,0,0,8.881784197001252e-16,ok
824593,mlb,2026,2026-05-30,259,259,259,0,0,0,8.881784197001252e-16,ok
824833,mlb,2026,2026-05-30,307,307,307,0,0,0,8.881784197001252e-16,ok
825000,mlb,2026,2026-05-30,303,303,303,0,0,0,0.06362500000000004,coord
822729,mlb,2026,2026-05-31,262,262,262,0,0,0,8.881784197001252e-16,ok
822895,mlb,2026,2026-05-31,277,277,277,0,0,1,8.881784197001252e-16,ok
822976,mlb,2026,2026-05-31,291,291,291,0,0,0,8.881784197001252e-16,ok
823053,mlb,2026,2026-05-31,293,293,293,0,0,0,8.881784197001252e-16,ok
823133,mlb,2026,2026-05-31,297,297,297,0,0,4,8.881784197001252e-16,ok
823373,mlb,2026,2026-05-31,278,278,278,0,0,0,8.881784197001252e-16,ok
823621,mlb,2026,2026-05-31,315,315,315,0,0,0,8.881784197001252e-16,ok
823944,mlb,2026,2026-05-31,336,336,336,0,0,1,8.881784197001252e-16,ok
824187,mlb,2026,2026-05-31,257,257,257,0,0,1,8.881784197001252e-16,ok
824354,mlb,2026,2026-05-31,400,400,400,0,0,4,8.881784197001252e-16,ok
824430,mlb,2026,2026-05-31,319,319,319,0,0,0,8.881784197001252e-16,ok
824512,mlb,2026,2026-05-31,286,286,286,0,0,0,8.881784197001252e-16,ok
824592,mlb,2026,2026-05-31,252,252,252,0,0,0,8.881784197001252e-16,ok
824832,mlb,2026,2026-05-31,284,284,284,0,0,0,8.881784197001252e-16,ok
825001,mlb,2026,2026-05-31,312,312,312,0,0,1,8.881784197001252e-16,ok
822730,mlb,2026,2026-06-01,289,289,289,0,0,0,8.881784197001252e-16,ok
822974,mlb,2026,2026-06-01,342,342,342,0,0,0,8.881784197001252e-16,ok
823050,mlb,2026,2026-06-01,279,279,279,0,0,0,8.881784197001252e-16,ok
823131,mlb,2026,2026-06-01,292,292,292,0,0,0,8.881784197001252e-16,ok
823702,mlb,2026,2026-06-01,280,280,280,0,0,0,8.881784197001252e-16,ok
823781,mlb,2026,2026-06-01,346,346,346,0,0,1,8.881784197001252e-16,ok
824027,mlb,2026,2026-06-01,335,335,335,0,0,0,4.440892098500626e-16,ok
824510,mlb,2026,2026-06-01,310,310,310,0,0,1,8.881784197001252e-16,ok
825078,mlb,2026,2026-06-01,241,241,241,0,0,0,8.881784197001252e-16,ok
822728,mlb,2026,2026-06-02,292,292,292,0,0,0,8.881784197001252e-16,ok
822971,mlb,2026,2026-06-02,295,295,295,0,0,3,8.881784197001252e-16,ok
823052,mlb,2026,2026-06-02,287,287,287,0,0,0,8.881784197001252e-16,ok
823129,mlb,2026,2026-06-02,298,298,298,0,0,0,8.881784197001252e-16,ok
823460,mlb,2026,2026-06-02,282,282,282,0,0,4,8.881784197001252e-16,ok
823541,mlb,2026,2026-06-02,349,349,349,0,0,2,8.881784197001252e-16,ok
823700,mlb,2026,2026-06-02,285,285,285,0,0,2,4.440892098500626e-16,ok
823782,mlb,2026,2026-06-02,337,337,337,0,0,0,8.881784197001252e-16,ok
824026,mlb,2026,2026-06-02,331,331,331,0,0,0,8.881784197001252e-16,ok
824189,mlb,2026,2026-06-02,335,335,335,0,0,1,8.881784197001252e-16,ok
824511,mlb,2026,2026-06-02,321,321,321,0,0,0,8.881784197001252e-16,ok
824675,mlb,2026,2026-06-02,240,240,240,0,0,0,8.881784197001252e-16,ok
824754,mlb,2026,2026-06-02,274,274,274,0,0,0,8.881784197001252e-16,ok
824918,mlb,2026,2026-06-02,259,259,259,0,0,0,8.881784197001252e-16,ok
825079,mlb,2026,2026-06-02,320,320,320,0,0,4,8.881784197001252e-16,ok
822727,mlb,2026,2026-06-03,335,335,335,0,0,0,8.881784197001252e-16,ok
822973,mlb,2026,2026-06-03,246,246,246,0,0,0,8.881784197001252e-16,ok
823051,mlb,2026,2026-06-03,290,290,290,0,0,0,8.881784197001252e-16,ok
823130,mlb,2026,2026-06-03,282,282,282,0,0,1,8.881784197001252e-16,ok
823456,mlb,2026,2026-06-03,245,245,245,0,0,4,8.881784197001252e-16,ok
823540,mlb,2026,2026-06-03,271,271,271,0,0,0,8.881784197001252e-16,ok
823701,mlb,2026,2026-06-03,303,303,303,0,0,0,8.881784197001252e-16,ok
823780,mlb,2026,2026-06-03,253,253,253,0,0,0,4.440892098500626e-16,ok
824024,mlb,2026,2026-06-03,316,316,316,0,0,0,8.881784197001252e-16,ok
824188,mlb,2026,2026-06-03,406,406,406,0,0,1,8.881784197001252e-16,ok
824509,mlb,2026,2026-06-03,302,302,302,0,0,3,8.881784197001252e-16,ok
824671,mlb,2026,2026-06-03,323,323,323,0,0,0,8.881784197001252e-16,ok
824755,mlb,2026,2026-06-03,301,301,301,0,0,1,8.881784197001252e-16,ok
824917,mlb,2026,2026-06-03,274,274,274,0,0,1,8.881784197001252e-16,ok
825077,mlb,2026,2026-06-03,322,322,322,0,0,0,8.881784197001252e-16,ok
823457,mlb,2026,2026-06-04,299,299,299,0,0,1,8.881784197001252e-16,ok
823542,mlb,2026,2026-06-04,261,261,261,0,0,0,8.881784197001252e-16,ok
823698,mlb,2026,2026-06-04,324,324,324,0,0,0,8.881784197001252e-16,ok
823779,mlb,2026,2026-06-04,372,372,372,0,0,0,8.881784197001252e-16,ok
824185,mlb,2026,2026-06-04,287,287,287,0,0,1,8.881784197001252e-16,ok
824672,mlb,2026,2026-06-04,275,275,275,0,0,0,8.881784197001252e-16,ok
824753,mlb,2026,2026-06-04,300,300,300,0,0,0,8.881784197001252e-16,ok
824919,mlb,2026,2026-06-04,317,317,317,0,0,0,8.881784197001252e-16,ok
825076,mlb,2026,2026-06-04,250,250,250,0,0,0,8.881784197001252e-16,ok
822810,mlb,2026,2026-06-05,302,302,302,0,0,0,8.881784197001252e-16,ok
822892,mlb,2026,2026-06-05,273,273,273,0,0,0,8.881784197001252e-16,ok
823049,mlb,2026,2026-06-05,355,355,355,0,0,0,8.881784197001252e-16,ok
823293,mlb,2026,2026-06-05,283,283,283,0,0,0,8.881784197001252e-16,ok
823455,mlb,2026,2026-06-05,288,288,288,0,0,0,8.881784197001252e-16,ok
823538,mlb,2026,2026-06-05,231,231,231,0,0,0,8.881784197001252e-16,ok
823699,mlb,2026,2026-06-05,238,238,238,0,0,0,8.881784197001252e-16,ok
823860,mlb,2026,2026-06-05,266,266,266,0,0,0,8.881784197001252e-16,ok
823943,mlb,2026,2026-06-05,262,262,262,0,0,0,8.881784197001252e-16,ok
824186,mlb,2026,2026-06-05,283,283,283,0,0,0,8.881784197001252e-16,ok
824271,mlb,2026,2026-06-05,287,287,287,0,0,0,8.881784197001252e-16,ok
824350,mlb,2026,2026-06-05,342,342,342,0,0,0,8.881784197001252e-16,ok
824673,mlb,2026,2026-06-05,331,331,331,0,0,0,1.7763568394002505e-15,ok
824914,mlb,2026,2026-06-05,294,294,294,0,0,1,8.881784197001252e-16,ok
825073,mlb,2026,2026-06-05,302,302,302,0,0,1,8.881784197001252e-16,ok
822808,mlb,2026,2026-06-06,277,277,277,0,0,0,8.881784197001252e-16,ok
822891,mlb,2026,2026-06-06,263,263,263,0,0,0,8.881784197001252e-16,ok
823048,mlb,2026,2026-06-06,293,293,293,0,0,4,8.881784197001252e-16,ok
823292,mlb,2026,2026-06-06,271,271,271,0,0,0,8.881784197001252e-16,ok
823454,mlb,2026,2026-06-06,300,300,300,0,0,0,8.881784197001252e-16,ok
823697,mlb,2026,2026-06-06,290,290,290,0,0,1,8.881784197001252e-16,ok
823859,mlb,2026,2026-06-06,296,296,296,0,0,0,8.881784197001252e-16,ok
823942,mlb,2026,2026-06-06,274,274,274,0,0,0,8.881784197001252e-16,ok
824184,mlb,2026,2026-06-06,341,341,341,0,0,1,8.881784197001252e-16,ok
824269,mlb,2026,2026-06-06,276,276,276,0,0,0,8.881784197001252e-16,ok
824351,mlb,2026,2026-06-06,319,319,319,0,0,0,8.881784197001252e-16,ok
824669,mlb,2026,2026-06-06,334,334,334,0,0,0,8.881784197001252e-16,ok
824915,mlb,2026,2026-06-06,298,298,298,0,0,0,4.440892098500626e-16,ok
825075,mlb,2026,2026-06-06,259,259,259,0,0,0,8.881784197001252e-16,ok
822807,mlb,2026,2026-06-07,283,283,283,0,0,0,8.881784197001252e-16,ok
822890,mlb,2026,2026-06-07,277,277,277,0,0,0,8.881784197001252e-16,ok
823047,mlb,2026,2026-06-07,296,296,296,0,0,0,8.881784197001252e-16,ok
823291,mlb,2026,2026-06-07,316,316,316,0,0,1,8.881784197001252e-16,ok
823453,mlb,2026,2026-06-07,361,361,361,0,0,2,8.881784197001252e-16,ok
823537,mlb,2026,2026-06-07,267,267,267,0,0,1,8.881784197001252e-16,ok
823696,mlb,2026,2026-06-07,318,318,318,0,0,2,8.881784197001252e-16,ok
823857,mlb,2026,2026-06-07,273,273,273,0,0,5,8.881784197001252e-16,ok
823941,mlb,2026,2026-06-07,357,357,357,0,0,0,8.881784197001252e-16,ok
824183,mlb,2026,2026-06-07,294,294,294,0,0,0,8.881784197001252e-16,ok
824268,mlb,2026,2026-06-07,331,331,331,0,0,6,8.881784197001252e-16,ok
824349,mlb,2026,2026-06-07,280,280,280,0,0,0,8.881784197001252e-16,ok
824670,mlb,2026,2026-06-07,301,301,301,0,0,0,8.881784197001252e-16,ok
824916,mlb,2026,2026-06-07,291,291,291,0,0,0,8.881784197001252e-16,ok
825074,mlb,2026,2026-06-07,268,268,268,0,0,0,8.881784197001252e-16,ok
822806,mlb,2026,2026-06-08,294,294,294,0,0,1,8.881784197001252e-16,ok
822972,mlb,2026,2026-06-08,275,275,275,0,0,0,8.881784197001252e-16,ok
823218,mlb,2026,2026-06-08,256,256,256,0,0,0,8.881784197001252e-16,ok
823289,mlb,2026,2026-06-08,299,299,299,0,0,0,8.881784197001252e-16,ok
824025,mlb,2026,2026-06-08,330,330,330,0,0,4,8.881784197001252e-16,ok
824427,mlb,2026,2026-06-08,386,386,386,0,0,5,8.881784197001252e-16,ok
824829,mlb,2026,2026-06-08,307,307,307,0,0,1,8.881784197001252e-16,ok
824998,mlb,2026,2026-06-08,453,453,453,0,0,12,8.881784197001252e-16,ok
822805,mlb,2026,2026-06-09,270,270,270,0,0,0,8.881784197001252e-16,ok
822969,mlb,2026,2026-06-09,218,218,218,0,0,0,4.440892098500626e-16,ok
823214,mlb,2026,2026-06-09,367,367,367,0,0,0,8.881784197001252e-16,ok
823290,mlb,2026,2026-06-09,403,403,403,0,0,8,8.881784197001252e-16,ok
823374,mlb,2026,2026-06-09,374,374,374,0,0,0,4.440892098500626e-16,ok
823620,mlb,2026,2026-06-09,259,259,259,0,0,0,8.881784197001252e-16,ok
823858,mlb,2026,2026-06-09,337,337,337,0,0,4,8.881784197001252e-16,ok
824023,mlb,2026,2026-06-09,314,314,314,0,0,1,8.881784197001252e-16,ok
824105,mlb,2026,2026-06-09,262,262,262,0,0,0,8.881784197001252e-16,ok
824267,mlb,2026,2026-06-09,334,334,334,0,0,0,8.881784197001252e-16,ok
824347,mlb,2026,2026-06-09,285,285,285,0,0,4,8.881784197001252e-16,ok
824429,mlb,2026,2026-06-09,306,306,306,0,0,1,8.881784197001252e-16,ok
824591,mlb,2026,2026-06-09,331,331,331,0,0,0,8.881784197001252e-16,ok
824830,mlb,2026,2026-06-09,339,339,339,0,0,1,8.881784197001252e-16,ok
824999,mlb,2026,2026-06-09,287,287,287,0,0,4,8.881784197001252e-16,ok
822804,mlb,2026,2026-06-10,347,347,347,0,0,0,8.881784197001252e-16,ok
822970,mlb,2026,2026-06-10,283,283,283,0,0,4,4.440892098500626e-16,ok
823215,mlb,2026,2026-06-10,345,345,345,0,0,1,8.881784197001252e-16,ok
823287,mlb,2026,2026-06-10,304,304,304,0,0,1,8.881784197001252e-16,ok
823372,mlb,2026,2026-06-10,314,314,314,0,0,0,8.881784197001252e-16,ok
823618,mlb,2026,2026-06-10,279,279,279,0,0,1,8.881784197001252e-16,ok
823856,mlb,2026,2026-06-10,274,274,274,0,0,0,8.881784197001252e-16,ok
824022,mlb,2026,2026-06-10,267,267,267,0,0,8,8.881784197001252e-16,ok
824103,mlb,2026,2026-06-10,362,362,362,0,0,0,8.881784197001252e-16,ok
824266,mlb,2026,2026-06-10,347,347,347,0,0,1,8.881784197001252e-16,ok
824348,mlb,2026,2026-06-10,300,300,300,0,0,0,8.881784197001252e-16,ok
824428,mlb,2026,2026-06-10,311,311,311,0,0,0,8.881784197001252e-16,ok
824590,mlb,2026,2026-06-10,296,296,296,0,0,1,8.881784197001252e-16,ok
824831,mlb,2026,2026-06-10,264,264,264,0,0,0,8.881784197001252e-16,ok
824996,mlb,2026,2026-06-10,280,280,280,0,0,0,8.881784197001252e-16,ok
823371,mlb,2026,2026-06-11,359,359,359,0,0,0,8.881784197001252e-16,ok
823619,mlb,2026,2026-06-11,287,287,287,0,0,0,8.881784197001252e-16,ok
823855,mlb,2026,2026-06-11,234,234,234,0,0,0,8.881784197001252e-16,ok
824101,mlb,2026,2026-06-11,259,259,259,0,0,1,8.881784197001252e-16,ok
824265,mlb,2026,2026-06-11,257,257,257,0,0,0,1.7763568394002505e-15,ok
824346,mlb,2026,2026-06-11,291,291,291,0,0,0,8.881784197001252e-16,ok
824827,mlb,2026,2026-06-11,281,281,281,0,0,0,4.440892098500626e-16,ok
822726,mlb,2026,2026-06-12,267,267,267,0,0,0,8.881784197001252e-16,ok
822803,mlb,2026,2026-06-12,298,298,298,0,0,0,8.881784197001252e-16,ok
823211,mlb,2026,2026-06-12,288,288,288,0,0,0,8.881784197001252e-16,ok
823370,mlb,2026,2026-06-12,281,281,281,0,0,1,8.881784197001252e-16,ok
823617,mlb,2026,2026-06-12,327,327,327,0,0,4,8.881784197001252e-16,ok
823695,mlb,2026,2026-06-12,294,294,294,0,0,0,8.881784197001252e-16,ok
823778,mlb,2026,2026-06-12,235,235,235,0,0,0,8.881784197001252e-16,ok
824020,mlb,2026,2026-06-12,290,290,290,0,0,4,8.881784197001252e-16,ok
824102,mlb,2026,2026-06-12,372,372,372,0,0,0,8.881784197001252e-16,ok
824425,mlb,2026,2026-06-12,265,265,265,0,0,0,8.881784197001252e-16,ok
824507,mlb,2026,2026-06-12,368,368,368,0,0,8,8.881784197001252e-16,ok
824588,mlb,2026,2026-06-12,300,300,300,0,0,0,8.881784197001252e-16,ok
824752,mlb,2026,2026-06-12,291,291,291,0,0,0,8.881784197001252e-16,ok
824826,mlb,2026,2026-06-12,306,306,306,0,0,5,4.440892098500626e-16,ok
824997,mlb,2026,2026-06-12,287,287,287,0,0,0,8.881784197001252e-16,ok
822725,mlb,2026,2026-06-13,276,276,276,0,0,0,4.440892098500626e-16,ok
822802,mlb,2026,2026-06-13,278,278,278,0,0,0,8.881784197001252e-16,ok
823213,mlb,2026,2026-06-13,337,337,337,0,0,0,8.881784197001252e-16,ok
823369,mlb,2026,2026-06-13,281,281,281,0,0,0,8.881784197001252e-16,ok
823616,mlb,2026,2026-06-13,258,258,258,0,0,0,8.881784197001252e-16,ok
823694,mlb,2026,2026-06-13,302,302,302,0,0,0,8.881784197001252e-16,ok
823776,mlb,2026,2026-06-13,346,346,346,0,0,4,8.881784197001252e-16,ok
824019,mlb,2026,2026-06-13,283,283,283,0,0,0,8.881784197001252e-16,ok
824100,mlb,2026,2026-06-13,315,315,315,0,0,1,8.881784197001252e-16,ok
824426,mlb,2026,2026-06-13,265,265,265,0,0,0,8.881784197001252e-16,ok
824508,mlb,2026,2026-06-13,264,264,264,0,0,1,8.881784197001252e-16,ok
824587,mlb,2026,2026-06-13,305,305,305,0,0,0,8.881784197001252e-16,ok
824749,mlb,2026,2026-06-13,309,309,309,0,0,0,8.881784197001252e-16,ok
824828,mlb,2026,2026-06-13,295,295,295,0,0,0,4.440892098500626e-16,ok
824995,mlb,2026,2026-06-13,295,295,295,0,0,4,8.881784197001252e-16,ok
822722,mlb,2026,2026-06-14,232,232,232,0,0,0,8.881784197001252e-16,ok
822801,mlb,2026,2026-06-14,333,333,333,0,0,1,8.881784197001252e-16,ok
823212,mlb,2026,2026-06-14,275,275,275,0,0,0,4.440892098500626e-16,ok
823368,mlb,2026,2026-06-14,319,319,319,0,0,1,8.881784197001252e-16,ok
823615,mlb,2026,2026-06-14,303,303,303,0,0,0,8.881784197001252e-16,ok
823693,mlb,2026,2026-06-14,281,281,281,0,0,0,8.881784197001252e-16,ok
823777,mlb,2026,2026-06-14,269,269,269,0,0,0,8.881784197001252e-16,ok
824021,mlb,2026,2026-06-14,306,306,306,0,0,0,8.881784197001252e-16,ok
824099,mlb,2026,2026-06-14,247,247,247,0,0,1,8.881784197001252e-16,ok
824506,mlb,2026,2026-06-14,314,314,314,0,0,0,8.881784197001252e-16,ok
824586,mlb,2026,2026-06-14,292,292,292,0,0,4,8.881784197001252e-16,ok
824751,mlb,2026,2026-06-14,283,283,283,0,0,1,8.881784197001252e-16,ok
824823,mlb,2026,2026-06-14,294,294,294,0,0,0,8.881784197001252e-16,ok
824994,mlb,2026,2026-06-14,360,360,360,0,0,1,8.881784197001252e-16,ok
822724,mlb,2026,2026-06-15,271,271,271,0,0,0,8.881784197001252e-16,ok
822887,mlb,2026,2026-06-15,221,221,221,0,0,1,8.881784197001252e-16,ok
823046,mlb,2026,2026-06-15,222,222,222,0,0,3,8.881784197001252e-16,ok
823452,mlb,2026,2026-06-15,299,299,299,0,0,0,8.881784197001252e-16,ok
823938,mlb,2026,2026-06-15,264,264,264,0,0,1,8.881784197001252e-16,ok
824181,mlb,2026,2026-06-15,322,322,322,0,0,0,8.881784197001252e-16,ok
824505,mlb,2026,2026-06-15,317,317,317,0,0,0,8.881784197001252e-16,ok
824666,mlb,2026,2026-06-15,335,335,335,0,0,0,8.881784197001252e-16,ok
824993,mlb,2026,2026-06-15,311,311,311,0,0,0,8.881784197001252e-16,ok
825071,mlb,2026,2026-06-15,229,229,229,0,0,0,8.881784197001252e-16,ok
822723,mlb,2026,2026-06-16,306,306,306,0,0,0,8.881784197001252e-16,ok
822888,mlb,2026,2026-06-16,291,291,291,0,0,5,1.7763568394002505e-15,ok
823045,mlb,2026,2026-06-16,275,275,275,0,0,0,8.881784197001252e-16,ok
823128,mlb,2026,2026-06-16,240,240,240,0,0,0,8.881784197001252e-16,ok
823451,mlb,2026,2026-06-16,270,270,270,0,0,0,8.881784197001252e-16,ok
823535,mlb,2026,2026-06-16,310,310,310,0,0,0,1.7763568394002505e-15,ok
823775,mlb,2026,2026-06-16,269,269,269,0,0,0,8.881784197001252e-16,ok
823939,mlb,2026,2026-06-16,209,209,209,0,0,0,8.881784197001252e-16,ok
824182,mlb,2026,2026-06-16,266,266,266,0,0,1,8.881784197001252e-16,ok
824504,mlb,2026,2026-06-16,322,322,322,0,0,0,8.881784197001252e-16,ok
824667,mlb,2026,2026-06-16,305,305,305,0,0,1,8.881784197001252e-16,ok
824750,mlb,2026,2026-06-16,324,324,324,0,0,0,8.881784197001252e-16,ok
824912,mlb,2026,2026-06-16,310,310,310,0,0,0,8.881784197001252e-16,ok
824991,mlb,2026,2026-06-16,319,319,319,0,0,4,8.881784197001252e-16,ok
825070,mlb,2026,2026-06-16,268,268,268,0,0,0,8.881784197001252e-16,ok
822721,mlb,2026,2026-06-17,311,311,311,0,0,0,8.881784197001252e-16,ok
823044,mlb,2026,2026-06-17,280,280,280,0,0,0,8.881784197001252e-16,ok
823127,mlb,2026,2026-06-17,265,265,265,0,0,0,8.881784197001252e-16,ok
823450,mlb,2026,2026-06-17,305,305,305,0,0,1,1.7763568394002505e-15,ok
823536,mlb,2026,2026-06-17,319,319,319,0,0,0,8.881784197001252e-16,ok
823774,mlb,2026,2026-06-17,278,278,278,0,0,0,8.881784197001252e-16,ok
823940,mlb,2026,2026-06-17,307,307,307,0,0,4,8.881784197001252e-16,ok
824178,mlb,2026,2026-06-17,251,251,251,0,0,0,8.881784197001252e-16,ok
824503,mlb,2026,2026-06-17,282,282,282,0,0,0,8.881784197001252e-16,ok
824668,mlb,2026,2026-06-17,308,308,308,0,0,1,8.881784197001252e-16,ok
824746,mlb,2026,2026-06-17,292,292,292,0,0,0,8.881784197001252e-16,ok
824913,mlb,2026,2026-06-17,307,307,307,0,0,0,8.881784197001252e-16,ok
824992,mlb,2026,2026-06-17,309,309,309,0,0,0,8.881784197001252e-16,ok
825072,mlb,2026,2026-06-17,274,274,274,0,0,0,8.881784197001252e-16,ok
822889,mlb,2026,2026-06-18,326,326,326,0,0,0,8.881784197001252e-16,ok
823125,mlb,2026,2026-06-18,230,230,230,0,0,0,8.881784197001252e-16,ok
823448,mlb,2026,2026-06-18,335,335,335,0,0,0,8.881784197001252e-16,ok
823533,mlb,2026,2026-06-18,240,240,240,0,0,1,8.881784197001252e-16,ok
823772,mlb,2026,2026-06-18,351,351,351,0,0,2,8.881784197001252e-16,ok
824098,mlb,2026,2026-06-18,351,351,351,0,0,1,8.881784197001252e-16,ok
824748,mlb,2026,2026-06-18,239,239,239,0,0,1,8.881784197001252e-16,ok
824989,mlb,2026,2026-06-18,300,300,300,0,0,0,8.881784197001252e-16,ok
822886,mlb,2026,2026-06-19,298,298,298,0,0,4,8.881784197001252e-16,ok
822966,mlb,2026,2026-06-19,234,234,234,0,0,0,8.881784197001252e-16,ok
823124,mlb,2026,2026-06-19,258,258,258,0,0,0,8.881784197001252e-16,ok
823534,mlb,2026,2026-06-19,281,281,281,0,0,0,8.881784197001252e-16,ok
823853,mlb,2026,2026-06-19,291,291,291,0,0,4,8.881784197001252e-16,ok
823936,mlb,2026,2026-06-19,308,308,308,0,0,0,8.881784197001252e-16,ok
824097,mlb,2026,2026-06-19,276,276,276,0,0,0,8.881784197001252e-16,ok
824179,mlb,2026,2026-06-19,280,280,280,0,0,0,8.881784197001252e-16,ok
824264,mlb,2026,2026-06-19,276,276,276,0,0,0,8.881784197001252e-16,ok
824345,mlb,2026,2026-06-19,214,214,214,0,0,0,8.881784197001252e-16,ok
824663,mlb,2026,2026-06-19,320,320,320,0,0,0,1.7763568394002505e-15,ok
824910,mlb,2026,2026-06-19,266,266,266,0,0,2,8.881784197001252e-16,ok
824990,mlb,2026,2026-06-19,377,377,377,0,0,2,8.881784197001252e-16,ok
825069,mlb,2026,2026-06-19,270,270,270,0,0,1,8.881784197001252e-16,ok
822885,mlb,2026,2026-06-20,348,348,348,0,0,0,8.881784197001252e-16,ok
822967,mlb,2026,2026-06-20,302,302,302,0,0,4,8.881784197001252e-16,ok
823126,mlb,2026,2026-06-20,279,279,279,0,0,0,8.881784197001252e-16,ok
823447,mlb,2026,2026-06-20,297,297,297,0,0,0,1.7763568394002505e-15,ok
823532,mlb,2026,2026-06-20,310,310,310,0,0,1,1.7763568394002505e-15,ok
823854,mlb,2026,2026-06-20,324,324,324,0,0,1,8.881784197001252e-16,ok
823937,mlb,2026,2026-06-20,285,285,285,0,0,0,8.881784197001252e-16,ok
824180,mlb,2026,2026-06-20,256,256,256,0,0,2,8.881784197001252e-16,ok
824263,mlb,2026,2026-06-20,264,264,264,0,0,0,8.881784197001252e-16,ok
824342,mlb,2026,2026-06-20,275,275,275,0,0,0,4.440892098500626e-16,ok
824665,mlb,2026,2026-06-20,340,340,340,0,0,0,8.881784197001252e-16,ok
824909,mlb,2026,2026-06-20,265,265,265,0,0,0,4.440892098500626e-16,ok
824988,mlb,2026,2026-06-20,322,322,322,0,0,0,8.881784197001252e-16,ok
825068,mlb,2026,2026-06-20,363,363,363,0,0,0,1.7763568394002505e-15,ok
822883,mlb,2026,2026-06-21,252,252,252,0,0,0,8.881784197001252e-16,ok
822968,mlb,2026,2026-06-21,278,278,278,0,0,0,8.881784197001252e-16,ok
823123,mlb,2026,2026-06-21,238,238,238,0,0,0,4.440892098500626e-16,ok
823449,mlb,2026,2026-06-21,301,301,301,0,0,0,8.881784197001252e-16,ok
823531,mlb,2026,2026-06-21,296,296,296,0,0,0,8.881784197001252e-16,ok
823852,mlb,2026,2026-06-21,220,220,220,0,0,0,8.881784197001252e-16,ok
823934,mlb,2026,2026-06-21,330,330,330,0,0,1,1.7763568394002505e-15,ok
824095,mlb,2026,2026-06-21,314,314,314,0,0,3,8.881784197001252e-16,ok
824177,mlb,2026,2026-06-21,230,230,230,0,0,4,8.881784197001252e-16,ok
824260,mlb,2026,2026-06-21,272,272,272,0,0,0,8.881784197001252e-16,ok
824343,mlb,2026,2026-06-21,291,291,291,0,0,0,4.440892098500626e-16,ok
824908,mlb,2026,2026-06-21,290,290,290,0,0,0,8.881784197001252e-16,ok
824987,mlb,2026,2026-06-21,295,295,295,0,0,0,8.881784197001252e-16,ok
825067,mlb,2026,2026-06-21,270,270,270,0,0,1,4.440892098500626e-16,ok
822720,mlb,2026,2026-06-22,261,261,261,0,0,4,8.881784197001252e-16,ok
822800,mlb,2026,2026-06-22,316,316,316,0,0,0,8.881784197001252e-16,ok
822964,mlb,2026,2026-06-22,258,258,258,0,0,0,8.881784197001252e-16,ok
823040,mlb,2026,2026-06-22,254,254,254,0,0,0,8.881784197001252e-16,ok
823288,mlb,2026,2026-06-22,281,281,281,0,0,0,8.881784197001252e-16,ok
823692,mlb,2026,2026-06-22,293,293,293,0,0,4,8.881784197001252e-16,ok
823851,mlb,2026,2026-06-22,300,300,300,0,0,4,8.881784197001252e-16,ok
824016,mlb,2026,2026-06-22,275,275,275,0,0,0,8.881784197001252e-16,ok
824261,mlb,2026,2026-06-22,269,269,269,0,0,0,8.881784197001252e-16,ok
824344,mlb,2026,2026-06-22,240,240,240,0,0,0,8.881784197001252e-16,ok
824502,mlb,2026,2026-06-22,276,276,276,0,0,0,8.881784197001252e-16,ok
824585,mlb,2026,2026-06-22,335,335,335,0,0,0,8.881784197001252e-16,ok
822718,mlb,2026,2026-06-23,317,317,317,0,0,1,8.881784197001252e-16,ok
822799,mlb,2026,2026-06-23,395,395,395,0,0,8,8.881784197001252e-16,ok
822963,mlb,2026,2026-06-23,295,295,295,0,0,0,1.7763568394002505e-15,ok
823043,mlb,2026,2026-06-23,307,307,307,0,0,0,8.881784197001252e-16,ok
823210,mlb,2026,2026-06-23,283,283,283,0,0,4,8.881784197001252e-16,ok
823286,mlb,2026,2026-06-23,348,348,348,0,0,4,8.881784197001252e-16,ok
823365,mlb,2026,2026-06-23,280,280,280,0,0,0,8.881784197001252e-16,ok
823614,mlb,2026,2026-06-23,356,356,356,0,0,0,8.881784197001252e-16,ok
823690,mlb,2026,2026-06-23,333,333,333,0,0,0,8.881784197001252e-16,ok
823849,mlb,2026,2026-06-23,285,285,285,0,0,0,8.881784197001252e-16,ok
824017,mlb,2026,2026-06-23,258,258,258,0,0,0,8.881784197001252e-16,ok
824262,mlb,2026,2026-06-23,289,289,289,0,0,0,8.881784197001252e-16,ok
824340,mlb,2026,2026-06-23,259,259,259,0,0,1,8.881784197001252e-16,ok
824501,mlb,2026,2026-06-23,281,281,281,0,0,0,8.881784197001252e-16,ok
824584,mlb,2026,2026-06-23,236,236,236,0,0,0,8.881784197001252e-16,ok
822719,mlb,2026,2026-06-24,319,319,319,0,0,0,8.881784197001252e-16,ok
822798,mlb,2026,2026-06-24,295,295,295,0,0,4,8.881784197001252e-16,ok
822965,mlb,2026,2026-06-24,291,291,291,0,0,2,8.881784197001252e-16,ok
823041,mlb,2026,2026-06-24,303,303,303,0,0,0,8.881784197001252e-16,ok
823208,mlb,2026,2026-06-24,269,269,269,0,0,1,8.881784197001252e-16,ok
823284,mlb,2026,2026-06-24,274,274,274,0,0,0,4.440892098500626e-16,ok
823367,mlb,2026,2026-06-24,283,283,283,0,0,0,8.881784197001252e-16,ok
823611,mlb,2026,2026-06-24,332,332,332,0,0,1,8.881784197001252e-16,ok
823613,mlb,2026,2026-06-24,308,308,308,0,0,0,8.881784197001252e-16,ok
823691,mlb,2026,2026-06-24,290,290,290,0,0,0,8.881784197001252e-16,ok
823850,mlb,2026,2026-06-24,246,246,246,0,0,0,8.881784197001252e-16,ok
824018,mlb,2026,2026-06-24,350,350,350,0,0,0,8.881784197001252e-16,ok
824259,mlb,2026,2026-06-24,270,270,270,0,0,0,4.440892098500626e-16,ok
824341,mlb,2026,2026-06-24,276,276,276,0,0,0,8.881784197001252e-16,ok
824500,mlb,2026,2026-06-24,372,372,372,0,0,4,8.881784197001252e-16,ok
824583,mlb,2026,2026-06-24,358,358,358,0,0,0,8.881784197001252e-16,ok
822717,mlb,2026,2026-06-25,306,306,306,0,0,0,4.440892098500626e-16,ok
822797,mlb,2026,2026-06-25,283,283,283,0,0,0,8.881784197001252e-16,ok
822961,mlb,2026,2026-06-25,282,282,282,0,0,0,1.7763568394002505e-15,ok
823209,mlb,2026,2026-06-25,330,330,330,0,0,0,8.881784197001252e-16,ok
823366,mlb,2026,2026-06-25,262,262,262,0,0,0,8.881784197001252e-16,ok
823612,mlb,2026,2026-06-25,332,332,332,0,0,0,8.881784197001252e-16,ok
824258,mlb,2026,2026-06-25,265,265,265,0,0,0,8.881784197001252e-16,ok
824747,mlb,2026,2026-06-25,292,292,292,0,0,0,8.881784197001252e-16,ok
822796,mlb,2026,2026-06-26,315,315,315,0,0,1,8.881784197001252e-16,ok
822962,mlb,2026,2026-06-26,245,245,245,0,0,2,8.881784197001252e-16,ok
823039,mlb,2026,2026-06-26,280,280,280,0,0,3,8.881784197001252e-16,ok
823206,mlb,2026,2026-06-26,296,296,296,0,0,1,4.440892098500626e-16,ok
823285,mlb,2026,2026-06-26,273,273,273,0,0,7,8.881784197001252e-16,ok
823363,mlb,2026,2026-06-26,317,317,317,0,0,0,8.881784197001252e-16,ok
823610,mlb,2026,2026-06-26,243,243,243,0,0,0,8.881784197001252e-16,ok
823688,mlb,2026,2026-06-26,307,307,307,0,0,4,8.881784197001252e-16,ok
823773,mlb,2026,2026-06-26,310,310,310,0,0,0,8.881784197001252e-16,ok
824014,mlb,2026,2026-06-26,307,307,307,0,0,0,8.881784197001252e-16,ok
824255,mlb,2026,2026-06-26,283,283,283,0,0,0,1.7763568394002505e-15,ok
824423,mlb,2026,2026-06-26,283,283,283,0,0,0,8.881784197001252e-16,ok
824582,mlb,2026,2026-06-26,319,319,319,0,0,1,8.881784197001252e-16,ok
824743,mlb,2026,2026-06-26,250,250,250,0,0,0,8.881784197001252e-16,ok
824824,mlb,2026,2026-06-26,286,286,286,0,0,0,8.881784197001252e-16,ok
822794,mlb,2026,2026-06-27,336,336,336,0,0,0,8.881784197001252e-16,ok
822960,mlb,2026,2026-06-27,248,248,248,0,0,0,8.881784197001252e-16,ok
823038,mlb,2026,2026-06-27,267,267,267,0,0,0,8.881784197001252e-16,ok
823207,mlb,2026,2026-06-27,242,242,242,0,0,0,8.881784197001252e-16,ok
823283,mlb,2026,2026-06-27,341,341,341,0,0,0,1.7763568394002505e-15,ok
823364,mlb,2026,2026-06-27,309,309,309,0,0,1,8.881784197001252e-16,ok
823609,mlb,2026,2026-06-27,292,292,292,0,0,0,8.881784197001252e-16,ok
823689,mlb,2026,2026-06-27,306,306,306,0,0,4,8.881784197001252e-16,ok
823770,mlb,2026,2026-06-27,297,297,297,0,0,0,4.440892098500626e-16,ok
824015,mlb,2026,2026-06-27,285,285,285,0,0,0,8.881784197001252e-16,ok
824257,mlb,2026,2026-06-27,281,281,281,0,0,0,8.881784197001252e-16,ok
824421,mlb,2026,2026-06-27,260,260,260,0,0,0,8.881784197001252e-16,ok
824581,mlb,2026,2026-06-27,265,265,265,0,0,0,8.881784197001252e-16,ok
824745,mlb,2026,2026-06-27,245,245,245,0,0,0,8.881784197001252e-16,ok
824825,mlb,2026,2026-06-27,351,351,351,0,0,0,8.881784197001252e-16,ok
822795,mlb,2026,2026-06-28,294,294,294,0,0,0,8.881784197001252e-16,ok
822959,mlb,2026,2026-06-28,258,258,258,0,0,0,8.881784197001252e-16,ok
823037,mlb,2026,2026-06-28,245,245,245,0,0,0,8.881784197001252e-16,ok
823204,mlb,2026,2026-06-28,242,242,242,0,0,0,8.881784197001252e-16,ok
823281,mlb,2026,2026-06-28,301,301,301,0,0,0,8.881784197001252e-16,ok
823362,mlb,2026,2026-06-28,323,323,323,0,0,0,8.881784197001252e-16,ok
823608,mlb,2026,2026-06-28,343,343,343,0,0,0,4.440892098500626e-16,ok
823686,mlb,2026,2026-06-28,243,243,243,0,0,1,8.881784197001252e-16,ok
823769,mlb,2026,2026-06-28,319,319,319,0,0,4,8.881784197001252e-16,ok
824011,mlb,2026,2026-06-28,271,271,271,0,0,0,8.881784197001252e-16,ok
824256,mlb,2026,2026-06-28,358,358,358,0,0,0,8.881784197001252e-16,ok
824422,mlb,2026,2026-06-28,338,338,338,0,0,0,8.881784197001252e-16,ok
824580,mlb,2026,2026-06-28,297,297,297,0,0,1,4.440892098500626e-16,ok
824744,mlb,2026,2026-06-28,299,299,299,0,0,1,8.881784197001252e-16,ok
824821,mlb,2026,2026-06-28,289,289,289,0,0,0,8.881784197001252e-16,ok
822792,mlb,2026,2026-06-29,261,261,261,0,0,4,8.881784197001252e-16,ok
823121,mlb,2026,2026-06-29,246,246,246,0,0,0,8.881784197001252e-16,ok
823444,mlb,2026,2026-06-29,335,335,335,0,0,0,8.881784197001252e-16,ok
823529,mlb,2026,2026-06-29,269,269,269,0,0,0,4.440892098500626e-16,ok
823771,mlb,2026,2026-06-29,300,300,300,0,0,0,8.881784197001252e-16,ok
824176,mlb,2026,2026-06-29,281,281,281,0,0,2,8.881784197001252e-16,ok
824339,mlb,2026,2026-06-29,299,299,299,0,0,0,8.881784197001252e-16,ok
824420,mlb,2026,2026-06-29,254,254,254,0,0,5,8.881784197001252e-16,ok
824662,mlb,2026,2026-06-29,304,304,304,0,0,2,8.881784197001252e-16,ok
824741,mlb,2026,2026-06-29,256,256,256,0,0,0,8.881784197001252e-16,ok
824822,mlb,2026,2026-06-29,308,308,308,0,0,0,8.881784197001252e-16,ok
824986,mlb,2026,2026-06-29,327,327,327,0,0,0,8.881784197001252e-16,ok
825065,mlb,2026,2026-06-29,272,272,272,0,0,1,4.440892098500626e-16,ok
822793,mlb,2026,2026-06-30,275,275,275,0,0,0,8.881784197001252e-16,ok
823122,mlb,2026,2026-06-30,318,318,318,0,0,0,8.881784197001252e-16,ok
823445,mlb,2026,2026-06-30,276,276,276,0,0,0,8.881784197001252e-16,ok
823528,mlb,2026,2026-06-30,286,286,286,0,0,0,8.881784197001252e-16,ok
823768,mlb,2026,2026-06-30,286,286,286,0,0,0,8.881784197001252e-16,ok
824096,mlb,2026,2026-06-30,296,296,296,0,0,0,8.881784197001252e-16,ok
824175,mlb,2026,2026-06-30,276,276,276,0,0,2,8.881784197001252e-16,ok
824338,mlb,2026,2026-06-30,317,317,317,0,0,0,8.881784197001252e-16,ok
824418,mlb,2026,2026-06-30,243,243,243,0,0,0,8.881784197001252e-16,ok
824661,mlb,2026,2026-06-30,308,308,308,0,0,0,8.881784197001252e-16,ok
824742,mlb,2026,2026-06-30,283,283,283,0,0,0,8.881784197001252e-16,ok
824819,mlb,2026,2026-06-30,302,302,302,0,0,0,8.881784197001252e-16,ok
824907,mlb,2026,2026-06-30,329,329,329,0,0,0,8.881784197001252e-16,ok
824984,mlb,2026,2026-06-30,294,294,294,0,0,0,4.440892098500626e-16,ok
825066,mlb,2026,2026-06-30,274,274,274,0,0,0,8.881784197001252e-16,ok
822791,mlb,2026,2026-07-01,285,285,285,0,0,1,8.881784197001252e-16,ok
823446,mlb,2026,2026-07-01,355,355,355,0,0,0,8.881784197001252e-16,ok
823530,mlb,2026,2026-07-01,304,304,304,0,0,8,8.881784197001252e-16,ok
823767,mlb,2026,2026-07-01,276,276,276,0,0,1,8.881784197001252e-16,ok
824094,mlb,2026,2026-07-01,247,247,247,0,0,0,8.881784197001252e-16,ok
824174,mlb,2026,2026-07-01,359,359,359,0,0,0,8.881784197001252e-16,ok
824337,mlb,2026,2026-07-01,229,229,229,0,0,0,4.440892098500626e-16,ok
824419,mlb,2026,2026-07-01,291,291,291,0,0,0,8.881784197001252e-16,ok
824660,mlb,2026,2026-07-01,297,297,297,0,0,3,1.7763568394002505e-15,ok
824740,mlb,2026,2026-07-01,356,356,356,0,0,0,8.881784197001252e-16,ok
824818,mlb,2026,2026-07-01,276,276,276,0,0,0,8.881784197001252e-16,ok
824905,mlb,2026,2026-07-01,256,256,256,0,0,0,8.881784197001252e-16,ok
824985,mlb,2026,2026-07-01,258,258,258,0,0,0,8.881784197001252e-16,ok
825064,mlb,2026,2026-07-01,302,302,302,0,0,0,8.881784197001252e-16,ok
822884,mlb,2026,2026-07-02,322,322,322,0,0,1,8.881784197001252e-16,ok
823119,mlb,2026,2026-07-02,254,254,254,0,0,0,4.440892098500626e-16,ok
823442,mlb,2026,2026-07-02,329,329,329,0,0,0,8.881784197001252e-16,ok
823765,mlb,2026,2026-07-02,292,292,292,0,0,0,4.440892098500626e-16,ok
823935,mlb,2026,2026-07-02,341,341,341,0,0,0,8.881784197001252e-16,ok
824093,mlb,2026,2026-07-02,268,268,268,0,0,0,8.881784197001252e-16,ok
824335,mlb,2026,2026-07-02,293,293,293,0,0,0,8.881784197001252e-16,ok
824416,mlb,2026,2026-07-02,316,316,316,0,0,1,8.881784197001252e-16,ok
824906,mlb,2026,2026-07-02,297,297,297,0,0,0,8.881784197001252e-16,ok
822714,mlb,2026,2026-07-03,317,317,317,0,0,0,8.881784197001252e-16,ok
823120,mlb,2026,2026-07-03,298,298,298,0,0,0,8.881784197001252e-16,ok
823527,mlb,2026,2026-07-03,288,288,288,0,0,0,8.881784197001252e-16,ok
823933,mlb,2026,2026-07-03,271,271,271,0,0,1,8.881784197001252e-16,ok
824013,mlb,2026,2026-07-03,278,278,278,0,0,0,8.881784197001252e-16,ok
824173,mlb,2026,2026-07-03,232,232,232,0,0,0,8.881784197001252e-16,ok
824336,mlb,2026,2026-07-03,332,332,332,0,0,0,8.881784197001252e-16,ok
824417,mlb,2026,2026-07-03,292,292,292,0,0,1,8.881784197001252e-16,ok
824498,mlb,2026,2026-07-03,275,275,275,0,0,0,8.881784197001252e-16,ok
824659,mlb,2026,2026-07-03,340,340,340,0,0,0,8.881784197001252e-16,ok
824904,mlb,2026,2026-07-03,306,306,306,0,0,1,8.881784197001252e-16,ok
824982,mlb,2026,2026-07-03,335,335,335,0,0,0,8.881784197001252e-16,ok
825062,mlb,2026,2026-07-03,362,362,362,0,0,9,8.881784197001252e-16,ok
822716,mlb,2026,2026-07-04,309,309,309,0,0,0,8.881784197001252e-16,ok
822882,mlb,2026,2026-07-04,254,254,254,0,0,0,8.881784197001252e-16,ok
823118,mlb,2026,2026-07-04,273,273,273,0,0,0,1.7763568394002505e-15,ok
823526,mlb,2026,2026-07-04,350,350,350,0,0,1,8.881784197001252e-16,ok
823932,mlb,2026,2026-07-04,264,264,264,0,0,2,8.881784197001252e-16,ok
824012,mlb,2026,2026-07-04,284,284,284,0,0,0,8.881784197001252e-16,ok
824092,mlb,2026,2026-07-04,305,305,305,0,0,0,8.881784197001252e-16,ok
824171,mlb,2026,2026-07-04,320,320,320,0,0,0,8.881784197001252e-16,ok
824334,mlb,2026,2026-07-04,279,279,279,0,0,0,8.881784197001252e-16,ok
824415,mlb,2026,2026-07-04,292,292,292,0,0,0,8.881784197001252e-16,ok
824499,mlb,2026,2026-07-04,326,326,326,0,0,5,8.881784197001252e-16,ok
824658,mlb,2026,2026-07-04,288,288,288,0,0,1,8.881784197001252e-16,ok
824903,mlb,2026,2026-07-04,336,336,336,0,0,0,1.7763568394002505e-15,ok
824983,mlb,2026,2026-07-04,296,296,296,0,0,0,8.881784197001252e-16,ok
825063,mlb,2026,2026-07-04,262,262,262,0,0,2,8.881784197001252e-16,ok
822715,mlb,2026,2026-07-05,350,350,350,0,0,0,8.881784197001252e-16,ok
822879,mlb,2026,2026-07-05,298,298,298,0,0,3,8.881784197001252e-16,ok
823117,mlb,2026,2026-07-05,248,248,248,0,0,1,8.881784197001252e-16,ok
823525,mlb,2026,2026-07-05,311,311,311,0,0,0,8.881784197001252e-16,ok
823931,mlb,2026,2026-07-05,344,344,344,0,0,4,8.881784197001252e-16,ok
824010,mlb,2026,2026-07-05,315,315,315,0,0,0,8.881784197001252e-16,ok
824091,mlb,2026,2026-07-05,252,252,252,0,0,0,8.881784197001252e-16,ok
824172,mlb,2026,2026-07-05,276,276,276,0,0,0,8.881784197001252e-16,ok
824333,mlb,2026,2026-07-05,303,303,303,0,0,1,8.881784197001252e-16,ok
824413,mlb,2026,2026-07-05,328,328,328,0,0,4,8.881784197001252e-16,ok
824497,mlb,2026,2026-07-05,269,269,269,0,0,0,8.881784197001252e-16,ok
824656,mlb,2026,2026-07-05,282,282,282,0,0,3,8.881784197001252e-16,ok
824902,mlb,2026,2026-07-05,325,325,325,0,0,1,8.881784197001252e-16,ok
824980,mlb,2026,2026-07-05,360,360,360,0,0,4,8.881784197001252e-16,ok
825061,mlb,2026,2026-07-05,307,307,307,0,0,1,8.881784197001252e-16,ok
822712,mlb,2026,2026-07-06,303,303,303,0,0,0,8.881784197001252e-16,ok
822958,mlb,2026,2026-07-06,258,258,258,0,0,0,8.881784197001252e-16,ok
823036,mlb,2026,2026-07-06,278,278,278,0,0,1,8.881784197001252e-16,ok
823205,mlb,2026,2026-07-06,243,243,243,0,0,3,8.881784197001252e-16,ok
823282,mlb,2026,2026-07-06,285,285,285,0,0,1,8.881784197001252e-16,ok
823930,mlb,2026,2026-07-06,336,336,336,0,0,12,8.881784197001252e-16,ok
824089,mlb,2026,2026-07-06,362,362,362,0,0,1,1.7763568394002505e-15,ok
824900,mlb,2026,2026-07-06,392,392,392,0,0,5,8.881784197001252e-16,ok
822713,mlb,2026,2026-07-07,328,328,328,0,0,1,8.881784197001252e-16,ok
822881,mlb,2026,2026-07-07,303,303,303,0,0,0,8.881784197001252e-16,ok
822956,mlb,2026,2026-07-07,269,269,269,0,0,1,8.881784197001252e-16,ok
823035,mlb,2026,2026-07-07,281,281,281,0,0,2,3.552713678800501e-15,ok
823062,mlb,2026,2026-07-07,282,282,282,0,0,4,8.881784197001252e-16,ok
823203,mlb,2026,2026-07-07,278,278,278,0,0,0,8.881784197001252e-16,ok
823280,mlb,2026,2026-07-07,260,260,260,0,0,0,8.881784197001252e-16,ok
823361,mlb,2026,2026-07-07,302,302,302,0,0,0,1.7763568394002505e-15,ok
823607,mlb,2026,2026-07-07,378,378,378,0,0,1,8.881784197001252e-16,ok
823687,mlb,2026,2026-07-07,269,269,269,0,0,0,8.881784197001252e-16,ok
823847,mlb,2026,2026-07-07,331,331,331,0,0,0,8.881784197001252e-16,ok
823929,mlb,2026,2026-07-07,273,273,273,0,0,0,8.881784197001252e-16,ok
824254,mlb,2026,2026-07-07,305,305,305,0,0,0,8.881784197001252e-16,ok
824495,mlb,2026,2026-07-07,329,329,329,0,0,0,8.881784197001252e-16,ok
824579,mlb,2026,2026-07-07,318,318,318,0,0,0,8.881784197001252e-16,ok
824820,mlb,2026,2026-07-07,297,297,297,0,0,0,8.881784197001252e-16,ok
822710,mlb,2026,2026-07-08,318,318,318,0,0,1,8.881784197001252e-16,ok
822880,mlb,2026,2026-07-08,320,320,320,0,0,0,1.7763568394002505e-15,ok
822957,mlb,2026,2026-07-08,250,250,250,0,0,0,8.881784197001252e-16,ok
823032,mlb,2026,2026-07-08,269,269,269,0,0,1,8.881784197001252e-16,ok
823202,mlb,2026,2026-07-08,287,287,287,0,0,0,8.881784197001252e-16,ok
823279,mlb,2026,2026-07-08,292,292,292,0,0,2,8.881784197001252e-16,ok
823360,mlb,2026,2026-07-08,268,268,268,0,0,0,4.440892098500626e-16,ok
823605,mlb,2026,2026-07-08,332,332,332,0,0,4,8.881784197001252e-16,ok
823684,mlb,2026,2026-07-08,358,358,358,0,0,0,8.881784197001252e-16,ok
823848,mlb,2026,2026-07-08,226,226,226,0,0,0,8.881784197001252e-16,ok
823928,mlb,2026,2026-07-08,251,251,251,0,0,4,8.881784197001252e-16,ok
824253,mlb,2026,2026-07-08,303,303,303,0,0,0,8.881784197001252e-16,ok
824496,mlb,2026,2026-07-08,355,355,355,0,0,1,8.881784197001252e-16,ok
824578,mlb,2026,2026-07-08,297,297,297,0,0,0,8.881784197001252e-16,ok
824815,mlb,2026,2026-07-08,316,316,316,0,0,0,8.881784197001252e-16,ok
822877,mlb,2026,2026-07-09,320,320,320,0,0,0,8.881784197001252e-16,ok
822954,mlb,2026,2026-07-09,299,299,299,0,0,5,8.881784197001252e-16,ok
823034,mlb,2026,2026-07-09,308,308,308,0,0,1,8.881784197001252e-16,ok
823201,mlb,2026,2026-07-09,308,308,308,0,0,1,8.881784197001252e-16,ok
823277,mlb,2026,2026-07-09,268,268,268,0,0,0,8.881784197001252e-16,ok
823359,mlb,2026,2026-07-09,364,364,364,0,0,4,8.881784197001252e-16,ok
823606,mlb,2026,2026-07-09,270,270,270,0,0,0,8.881784197001252e-16,ok
823683,mlb,2026,2026-07-09,275,275,275,0,0,0,8.881784197001252e-16,ok
823846,mlb,2026,2026-07-09,268,268,268,0,0,1,8.881784197001252e-16,ok
824251,mlb,2026,2026-07-09,261,261,261,0,0,0,8.881784197001252e-16,ok
824494,mlb,2026,2026-07-09,244,244,244,0,0,0,4.440892098500626e-16,ok
824577,mlb,2026,2026-07-09,253,253,253,0,0,0,8.881784197001252e-16,ok
824816,mlb,2026,2026-07-09,269,269,269,0,0,0,8.881784197001252e-16,ok
822709,mlb,2026,2026-07-10,313,313,313,0,0,0,8.881784197001252e-16,ok
822878,mlb,2026,2026-07-10,251,251,251,0,0,0,8.881784197001252e-16,ok
822955,mlb,2026,2026-07-10,249,249,249,0,0,2,8.881784197001252e-16,ok
823033,mlb,2026,2026-07-10,264,264,264,0,0,0,8.881784197001252e-16,ok
823200,mlb,2026,2026-07-10,371,371,371,0,0,5,8.881784197001252e-16,ok
823278,mlb,2026,2026-07-10,307,307,307,0,0,0,4.440892098500626e-16,ok
823604,mlb,2026,2026-07-10,309,309,309,0,0,0,8.881784197001252e-16,ok
823685,mlb,2026,2026-07-10,286,286,286,0,0,1,8.881784197001252e-16,ok
823845,mlb,2026,2026-07-10,264,264,264,0,0,0,4.440892098500626e-16,ok
823927,mlb,2026,2026-07-10,314,314,314,0,0,1,8.881784197001252e-16,ok
824252,mlb,2026,2026-07-10,270,270,270,0,0,1,8.881784197001252e-16,ok
824493,mlb,2026,2026-07-10,272,272,272,0,0,0,8.881784197001252e-16,ok
824575,mlb,2026,2026-07-10,282,282,282,0,0,0,8.881784197001252e-16,ok
824817,mlb,2026,2026-07-10,254,254,254,0,0,0,8.881784197001252e-16,ok
822711,mlb,2026,2026-07-11,298,298,298,0,0,0,8.881784197001252e-16,ok
822875,mlb,2026,2026-07-11,315,315,315,0,0,1,8.881784197001252e-16,ok
822953,mlb,2026,2026-07-11,257,257,257,0,0,4,8.881784197001252e-16,ok
823030,mlb,2026,2026-07-11,249,249,249,0,0,0,8.881784197001252e-16,ok
823198,mlb,2026,2026-07-11,246,246,246,0,0,1,4.440892098500626e-16,ok
823276,mlb,2026,2026-07-11,362,362,362,0,0,1,8.881784197001252e-16,ok
823356,mlb,2026,2026-07-11,302,302,302,0,0,0,8.881784197001252e-16,ok
823357,mlb,2026,2026-07-11,335,335,335,0,0,2,8.881784197001252e-16,ok
823603,mlb,2026,2026-07-11,305,305,305,0,0,0,8.881784197001252e-16,ok
823682,mlb,2026,2026-07-11,291,291,291,0,0,0,8.881784197001252e-16,ok
823844,mlb,2026,2026-07-11,281,281,281,0,0,0,8.881784197001252e-16,ok
823926,mlb,2026,2026-07-11,280,280,280,0,0,4,8.881784197001252e-16,ok
824249,mlb,2026,2026-07-11,258,258,258,0,0,0,8.881784197001252e-16,ok
824492,mlb,2026,2026-07-11,293,293,293,0,0,1,8.881784197001252e-16,ok
824576,mlb,2026,2026-07-11,239,239,239,0,0,0,8.881784197001252e-16,ok
824813,mlb,2026,2026-07-11,241,241,241,0,0,0,8.881784197001252e-16,ok
822708,mlb,2026,2026-07-12,281,281,281,0,0,0,8.881784197001252e-16,ok
822876,mlb,2026,2026-07-12,311,311,311,0,0,6,8.881784197001252e-16,ok
822951,mlb,2026,2026-07-12,315,315,315,0,0,0,4.440892098500626e-16,ok
823029,mlb,2026,2026-07-12,323,323,323,0,0,0,8.881784197001252e-16,ok
823199,mlb,2026,2026-07-12,249,249,249,0,0,0,8.881784197001252e-16,ok
823274,mlb,2026,2026-07-12,292,292,292,0,0,5,8.881784197001252e-16,ok
823358,mlb,2026,2026-07-12,328,328,328,0,0,0,8.881784197001252e-16,ok
823602,mlb,2026,2026-07-12,273,273,273,0,0,0,4.440892098500626e-16,ok
823681,mlb,2026,2026-07-12,273,273,273,0,0,0,8.881784197001252e-16,ok
823842,mlb,2026,2026-07-12,303,303,303,0,0,1,8.881784197001252e-16,ok
823925,mlb,2026,2026-07-12,300,300,300,0,0,1,8.881784197001252e-16,ok
824250,mlb,2026,2026-07-12,311,311,311,0,0,1,8.881784197001252e-16,ok
824491,mlb,2026,2026-07-12,295,295,295,0,0,0,8.881784197001252e-16,ok
824574,mlb,2026,2026-07-12,260,260,260,0,0,3,8.881784197001252e-16,ok
824814,mlb,2026,2026-07-12,330,330,330,0,0,1,8.881784197001252e-16,ok
823440,mlb,2026,2026-07-16,262,262,262,0,0,4,8.881784197001252e-16,ok
822789,mlb,2026,2026-07-17,337,337,337,0,0,4,8.881784197001252e-16,ok
823115,mlb,2026,2026-07-17,295,295,295,0,0,0,8.881784197001252e-16,ok
823524,mlb,2026,2026-07-17,289,289,289,0,0,4,8.881784197001252e-16,ok
823766,mlb,2026,2026-07-17,328,328,328,0,0,0,8.881784197001252e-16,ok
824009,mlb,2026,2026-07-17,281,281,281,0,0,0,8.881784197001252e-16,ok
824090,mlb,2026,2026-07-17,330,330,330,0,0,8,8.881784197001252e-16,ok
824170,mlb,2026,2026-07-17,342,342,342,0,0,0,8.881784197001252e-16,ok
824332,mlb,2026,2026-07-17,264,264,264,0,0,0,8.881784197001252e-16,ok
824655,mlb,2026,2026-07-17,293,293,293,0,0,0,8.881784197001252e-16,ok
824737,mlb,2026,2026-07-17,263,263,263,0,0,0,8.881784197001252e-16,ok
824766,mlb,2026,2026-07-17,250,250,250,0,0,2,1.7763568394002505e-15,ok
824901,mlb,2026,2026-07-17,321,321,321,0,0,0,1.7763568394002505e-15,ok
824981,mlb,2026,2026-07-17,371,371,371,0,0,0,8.881784197001252e-16,ok
825060,mlb,2026,2026-07-17,301,301,301,0,0,0,8.881784197001252e-16,ok
822790,mlb,2026,2026-07-18,226,226,226,0,0,4,8.881784197001252e-16,ok
823116,mlb,2026,2026-07-18,303,303,303,0,0,5,4.440892098500626e-16,ok
823441,mlb,2026,2026-07-18,309,309,309,0,0,0,8.881784197001252e-16,ok
823763,mlb,2026,2026-07-18,327,327,327,0,0,4,8.881784197001252e-16,ok
824008,mlb,2026,2026-07-18,285,285,285,0,0,0,8.881784197001252e-16,ok
824088,mlb,2026,2026-07-18,267,267,267,0,0,1,8.881784197001252e-16,ok
824169,mlb,2026,2026-07-18,347,347,347,0,0,4,8.881784197001252e-16,ok
824331,mlb,2026,2026-07-18,252,252,252,0,0,0,8.881784197001252e-16,ok
824412,mlb,2026,2026-07-18,303,303,303,0,0,0,4.440892098500626e-16,ok
824414,mlb,2026,2026-07-18,265,265,265,0,0,0,8.881784197001252e-16,ok
824657,mlb,2026,2026-07-18,285,285,285,0,0,0,8.881784197001252e-16,ok
824738,mlb,2026,2026-07-18,277,277,277,0,0,0,8.881784197001252e-16,ok
824899,mlb,2026,2026-07-18,297,297,297,0,0,0,8.881784197001252e-16,ok
824979,mlb,2026,2026-07-18,288,288,288,0,0,0,1.7763568394002505e-15,ok
825059,mlb,2026,2026-07-18,288,288,288,0,0,0,8.881784197001252e-16,ok
822786,mlb,2026,2026-07-19,256,256,256,0,0,0,8.881784197001252e-16,ok
823113,mlb,2026,2026-07-19,278,278,278,0,0,1,8.881784197001252e-16,ok
823439,mlb,2026,2026-07-19,355,355,355,0,0,0,8.881784197001252e-16,ok
823521,mlb,2026,2026-07-19,278,278,278,0,0,0,8.881784197001252e-16,ok
823523,mlb,2026,2026-07-19,310,310,310,0,0,2,8.881784197001252e-16,ok
823764,mlb,2026,2026-07-19,296,296,296,0,0,0,8.881784197001252e-16,ok
824007,mlb,2026,2026-07-19,304,304,304,0,0,0,8.881784197001252e-16,ok
824086,mlb,2026,2026-07-19,328,328,328,0,0,1,1.7763568394002505e-15,ok
824168,mlb,2026,2026-07-19,296,296,296,0,0,0,8.881784197001252e-16,ok
824330,mlb,2026,2026-07-19,291,291,291,0,0,0,8.881784197001252e-16,ok
824411,mlb,2026,2026-07-19,273,273,273,0,0,0,8.881784197001252e-16,ok
824653,mlb,2026,2026-07-19,311,311,311,0,0,0,8.881784197001252e-16,ok
824739,mlb,2026,2026-07-19,262,262,262,0,0,0,8.881784197001252e-16,ok
824897,mlb,2026,2026-07-19,293,293,293,0,0,0,8.881784197001252e-16,ok
824978,mlb,2026,2026-07-19,300,300,300,0,0,0,8.881784197001252e-16,ok
825057,mlb,2026,2026-07-19,360,360,360,0,0,0,8.881784197001252e-16,ok
822788,mlb,2026,2026-07-20,271,271,271,0,0,5,8.881784197001252e-16,ok
822874,mlb,2026,2026-07-20,352,352,352,0,0,4,8.881784197001252e-16,ok
823112,mlb,2026,2026-07-20,273,273,273,0,0,5,8.881784197001252e-16,ok
823436,mlb,2026,2026-07-20,297,297,297,0,0,8,8.881784197001252e-16,ok
823522,mlb,2026,2026-07-20,309,309,309,0,0,0,4.440892098500626e-16,ok
823762,mlb,2026,2026-07-20,302,302,302,0,0,0,8.881784197001252e-16,ok
824006,mlb,2026,2026-07-20,277,277,277,0,0,5,4.440892098500626e-16,ok
824087,mlb,2026,2026-07-20,268,268,268,0,0,1,8.881784197001252e-16,ok
824167,mlb,2026,2026-07-20,310,310,310,0,0,0,4.440892098500626e-16,ok
824328,mlb,2026,2026-07-20,261,261,261,0,0,0,8.881784197001252e-16,ok
824410,mlb,2026,2026-07-20,317,317,317,0,0,0,1.7763568394002505e-15,ok
824654,mlb,2026,2026-07-20,378,378,378,0,0,8,8.881784197001252e-16,ok
824736,mlb,2026,2026-07-20,249,249,249,0,0,1,8.881784197001252e-16,ok
824898,mlb,2026,2026-07-20,233,233,233,0,0,0,8.881784197001252e-16,ok
825058,mlb,2026,2026-07-20,299,299,299,0,0,0,8.881784197001252e-16,ok
822787,mlb,2026,2026-07-21,344,344,344,0,0,0,1.7763568394002505e-15,ok
822871,mlb,2026,2026-07-21,287,287,287,0,0,0,1.7763568394002505e-15,ok
823114,mlb,2026,2026-07-21,306,306,306,0,0,0,8.881784197001252e-16,ok
823437,mlb,2026,2026-07-21,238,238,238,0,0,0,8.881784197001252e-16,ok
823760,mlb,2026,2026-07-21,302,302,302,0,0,0,8.881784197001252e-16,ok
824005,mlb,2026,2026-07-21,288,288,288,0,0,0,8.881784197001252e-16,ok
824085,mlb,2026,2026-07-21,275,275,275,0,0,4,8.881784197001252e-16,ok
824165,mlb,2026,2026-07-21,261,261,261,0,0,1,8.881784197001252e-16,ok
824329,mlb,2026,2026-07-21,292,292,292,0,0,0,8.881784197001252e-16,ok
824409,mlb,2026,2026-07-21,273,273,273,0,0,0,4.440892098500626e-16,ok
824652,mlb,2026,2026-07-21,337,337,337,0,0,0,3.552713678800501e-15,ok
824895,mlb,2026,2026-07-21,324,324,324,0,0,1,8.881784197001252e-16,ok
825056,mlb,2026,2026-07-21,343,343,343,0,0,1,8.881784197001252e-16,ok
822784,mlb,2026,2026-07-22,278,278,278,0,0,0,8.881784197001252e-16,ok
822873,mlb,2026,2026-07-22,289,289,289,0,0,0,8.881784197001252e-16,ok
823110,mlb,2026,2026-07-22,273,273,273,0,0,0,4.440892098500626e-16,ok
823438,mlb,2026,2026-07-22,309,309,309,0,0,4,8.881784197001252e-16,ok
823518,mlb,2026,2026-07-22,324,324,324,0,0,2,8.881784197001252e-16,ok
823519,mlb,2026,2026-07-22,233,233,233,0,0,0,8.881784197001252e-16,ok
823761,mlb,2026,2026-07-22,319,319,319,0,0,0,8.881784197001252e-16,ok
824004,mlb,2026,2026-07-22,280,280,280,0,0,0,8.881784197001252e-16,ok
824083,mlb,2026,2026-07-22,243,243,243,0,0,0,8.881784197001252e-16,ok
824166,mlb,2026,2026-07-22,253,253,253,0,0,0,8.881784197001252e-16,ok
824327,mlb,2026,2026-07-22,299,299,299,0,0,0,8.881784197001252e-16,ok
824408,mlb,2026,2026-07-22,339,339,339,0,0,0,8.881784197001252e-16,ok
824650,mlb,2026,2026-07-22,282,282,282,0,0,0,8.881784197001252e-16,ok
824732,mlb,2026,2026-07-22,296,296,296,0,0,0,8.881784197001252e-16,ok
824735,mlb,2026,2026-07-22,241,241,241,0,0,0,8.881784197001252e-16,ok
824896,mlb,2026,2026-07-22,325,325,325,0,0,3,4.440892098500626e-16,ok
825055,mlb,2026,2026-07-22,329,329,329,0,0,0,1.7763568394002505e-15,ok
822785,mlb,2026,2026-07-23,237,237,237,0,0,0,8.881784197001252e-16,ok
823042,mlb,2026,2026-07-23,310,310,310,0,0,0,8.881784197001252e-16,ok
824247,mlb,2026,2026-07-23,293,293,293,0,0,0,8.881784197001252e-16,ok
824406,mlb,2026,2026-07-23,377,377,377,0,0,13,8.881784197001252e-16,ok
824893,mlb,2026,2026-07-23,273,273,273,0,0,0,8.881784197001252e-16,ok
822707,mlb,2026,2026-07-24,280,280,280,0,0,1,8.881784197001252e-16,ok
822872,mlb,2026,2026-07-24,281,281,281,0,0,0,8.881784197001252e-16,ok
822952,mlb,2026,2026-07-24,292,292,292,0,0,0,8.881784197001252e-16,ok
823031,mlb,2026,2026-07-24,271,271,271,0,0,0,8.881784197001252e-16,ok
823196,mlb,2026,2026-07-24,346,346,346,0,0,6,8.881784197001252e-16,ok
823352,mlb,2026,2026-07-24,284,284,284,0,0,2,8.881784197001252e-16,ok
823434,mlb,2026,2026-07-24,257,257,257,0,0,0,4.440892098500626e-16,ok
823601,mlb,2026,2026-07-24,264,264,264,0,0,0,4.440892098500626e-16,ok
823680,mlb,2026,2026-07-24,276,276,276,0,0,0,8.881784197001252e-16,ok
823759,mlb,2026,2026-07-24,309,309,309,0,0,0,8.881784197001252e-16,ok
823843,mlb,2026,2026-07-24,303,303,303,0,0,2,8.881784197001252e-16,ok
824248,mlb,2026,2026-07-24,234,234,234,0,0,0,8.881784197001252e-16,ok
824573,mlb,2026,2026-07-24,351,351,351,0,0,4,8.881784197001252e-16,ok
824733,mlb,2026,2026-07-24,339,339,339,0,0,4,8.881784197001252e-16,ok
824812,mlb,2026,2026-07-24,342,342,342,0,0,8,4.440892098500626e-16,ok
822704,mlb,2026,2026-07-25,269,269,269,0,0,1,8.881784197001252e-16,ok
822869,mlb,2026,2026-07-25,267,267,267,0,0,2,8.881784197001252e-16,ok
822948,mlb,2026,2026-07-25,262,262,262,0,0,0,8.881784197001252e-16,ok
823027,mlb,2026,2026-07-25,257,257,257,0,0,0,8.881784197001252e-16,ok
823197,mlb,2026,2026-07-25,278,278,278,0,0,0,8.881784197001252e-16,ok
823355,mlb,2026,2026-07-25,313,313,313,0,0,1,8.881784197001252e-16,ok
823435,mlb,2026,2026-07-25,276,276,276,0,0,0,4.440892098500626e-16,ok
823600,mlb,2026,2026-07-25,286,286,286,0,0,4,8.881784197001252e-16,ok
823679,mlb,2026,2026-07-25,253,253,253,0,0,0,8.881784197001252e-16,ok
823758,mlb,2026,2026-07-25,286,286,286,0,0,1,8.881784197001252e-16,ok
823841,mlb,2026,2026-07-25,296,296,296,0,0,0,8.881784197001252e-16,ok
824244,mlb,2026,2026-07-25,251,251,251,0,0,0,8.881784197001252e-16,ok
824571,mlb,2026,2026-07-25,288,288,288,0,0,0,8.881784197001252e-16,ok
824734,mlb,2026,2026-07-25,258,258,258,0,0,0,8.881784197001252e-16,ok
824811,mlb,2026,2026-07-25,291,291,291,0,0,0,8.881784197001252e-16,ok
822706,mlb,2026,2026-07-26,305,305,305,0,0,6,8.881784197001252e-16,ok
822870,mlb,2026,2026-07-26,303,303,303,0,0,0,4.440892098500626e-16,ok
822950,mlb,2026,2026-07-26,224,224,224,0,0,0,8.881784197001252e-16,ok
823028,mlb,2026,2026-07-26,341,341,341,0,0,4,8.881784197001252e-16,ok
823194,mlb,2026,2026-07-26,286,286,286,0,0,0,8.881784197001252e-16,ok
823354,mlb,2026,2026-07-26,289,289,289,0,0,0,8.881784197001252e-16,ok
823433,mlb,2026,2026-07-26,307,307,307,0,0,2,8.881784197001252e-16,ok
823599,mlb,2026,2026-07-26,335,335,335,0,0,0,8.881784197001252e-16,ok
823678,mlb,2026,2026-07-26,303,303,303,0,0,1,8.881784197001252e-16,ok
823755,mlb,2026,2026-07-26,288,288,288,0,0,0,4.440892098500626e-16,ok
823840,mlb,2026,2026-07-26,274,274,274,0,0,0,8.881784197001252e-16,ok
824246,mlb,2026,2026-07-26,337,337,337,0,0,0,8.881784197001252e-16,ok
824572,mlb,2026,2026-07-26,309,309,309,0,0,0,8.881784197001252e-16,ok
824730,mlb,2026,2026-07-26,269,269,269,0,0,0,8.881784197001252e-16,ok
824810,mlb,2026,2026-07-26,378,378,378,0,0,12,8.881784197001252e-16,ok
822705,mlb,2026,2026-07-27,280,280,280,0,0,0,8.881784197001252e-16,ok
822868,mlb,2026,2026-07-27,257,257,257,0,0,0,8.881784197001252e-16,ok
823025,mlb,2026,2026-07-27,292,292,292,0,0,2,8.881784197001252e-16,ok
823195,mlb,2026,2026-07-27,264,264,264,0,0,0,8.881784197001252e-16,ok
823353,mlb,2026,2026-07-27,321,321,321,0,0,5,8.881784197001252e-16,ok
823597,mlb,2026,2026-07-27,293,293,293,0,0,0,8.881784197001252e-16,ok
823839,mlb,2026,2026-07-27,320,320,320,0,0,0,8.881784197001252e-16,ok
824001,mlb,2026,2026-07-27,349,349,349,0,0,5,8.881784197001252e-16,ok
824245,mlb,2026,2026-07-27,301,301,301,0,0,0,8.881784197001252e-16,ok
824570,mlb,2026,2026-07-27,327,327,327,0,0,1,4.440892098500626e-16,ok
824977,mlb,2026,2026-07-27,273,273,273,0,0,0,4.440892098500626e-16,ok
822703,mlb,2026,2026-07-28,326,326,326,0,0,0,8.881784197001252e-16,ok
822949,mlb,2026,2026-07-28,271,271,271,0,0,0,8.881784197001252e-16,ok
823026,mlb,2026,2026-07-28,323,323,323,0,0,0,8.881784197001252e-16,ok
823193,mlb,2026,2026-07-28,348,348,348,0,0,0,8.881784197001252e-16,ok
823275,mlb,2026,2026-07-28,356,356,356,0,0,0,8.881784197001252e-16,ok
823350,mlb,2026,2026-07-28,419,419,419,0,0,8,8.881784197001252e-16,ok
823676,mlb,2026,2026-07-28,291,291,291,0,0,0,8.881784197001252e-16,ok
823838,mlb,2026,2026-07-28,250,250,250,0,0,0,8.881784197001252e-16,ok
823923,mlb,2026,2026-07-28,301,301,301,0,0,1,8.881784197001252e-16,ok
824003,mlb,2026,2026-07-28,308,308,308,0,0,0,8.881784197001252e-16,ok
824243,mlb,2026,2026-07-28,287,287,287,0,0,0,1.7763568394002505e-15,ok
824489,mlb,2026,2026-07-28,256,256,256,0,0,1,8.881784197001252e-16,ok
824490,mlb,2026,2026-07-28,320,320,320,0,0,0,8.881784197001252e-16,ok
824569,mlb,2026,2026-07-28,285,285,285,0,0,4,8.881784197001252e-16,ok
824976,mlb,2026,2026-07-28,259,259,259,0,0,0,8.881784197001252e-16,ok
822702,mlb,2026,2026-07-29,309,309,309,0,0,0,8.881784197001252e-16,ok
822947,mlb,2026,2026-07-29,249,249,249,0,0,0,8.881784197001252e-16,ok
823022,mlb,2026,2026-07-29,301,301,301,0,0,3,8.881784197001252e-16,ok
823192,mlb,2026,2026-07-29,344,344,344,0,0,2,1.7763568394002505e-15,ok
823273,mlb,2026,2026-07-29,241,241,241,0,0,0,8.881784197001252e-16,ok
823351,mlb,2026,2026-07-29,229,229,229,0,0,0,8.881784197001252e-16,ok
823596,mlb,2026,2026-07-29,275,275,275,0,0,0,8.881784197001252e-16,ok
823598,mlb,2026,2026-07-29,289,289,289,0,0,0,8.881784197001252e-16,ok
823677,mlb,2026,2026-07-29,262,262,262,0,0,0,4.440892098500626e-16,ok
823837,mlb,2026,2026-07-29,267,267,267,0,0,0,8.881784197001252e-16,ok
823924,mlb,2026,2026-07-29,274,274,274,0,0,4,8.881784197001252e-16,ok
824002,mlb,2026,2026-07-29,318,318,318,0,0,4,4.440892098500626e-16,ok
824242,mlb,2026,2026-07-29,365,365,365,0,0,8,8.881784197001252e-16,ok
824487,mlb,2026,2026-07-29,350,350,350,0,0,0,8.881784197001252e-16,ok
824567,mlb,2026,2026-07-29,369,369,369,0,0,1,8.881784197001252e-16,ok
824973,mlb,2026,2026-07-29,339,339,339,0,0,1,8.881784197001252e-16,ok
822946,mlb,2026,2026-07-30,305,305,305,0,0,3,8.881784197001252e-16,ok
823023,mlb,2026,2026-07-30,324,324,324,0,0,0,8.881784197001252e-16,ok
823271,mlb,2026,2026-07-30,300,300,300,0,0,0,8.881784197001252e-16,ok
823595,mlb,2026,2026-07-30,275,275,275,0,0,2,8.881784197001252e-16,ok
823674,mlb,2026,2026-07-30,261,261,261,0,0,0,8.881784197001252e-16,ok
823921,mlb,2026,2026-07-30,307,307,307,0,0,0,8.881784197001252e-16,ok
824488,mlb,2026,2026-07-30,341,341,341,0,0,4,8.881784197001252e-16,ok
824568,mlb,2026,2026-07-30,329,329,329,0,0,8,8.881784197001252e-16,ok
824894,mlb,2026,2026-07-30,239,239,239,0,0,1,4.440892098500626e-16,ok
824974,mlb,2026,2026-07-30,242,242,242,0,0,0,8.881784197001252e-16,ok
822782,mlb,2026,2026-07-31,282,282,282,0,0,0,8.881784197001252e-16,ok
822945,mlb,2026,2026-07-31,273,273,273,0,0,0,8.881784197001252e-16,ok
823111,mlb,2026,2026-07-31,300,300,300,0,0,0,4.440892098500626e-16,ok
823272,mlb,2026,2026-07-31,271,271,271,0,0,1,4.440892098500626e-16,ok
823593,mlb,2026,2026-07-31,257,257,257,0,0,0,8.881784197001252e-16,ok
823922,mlb,2026,2026-07-31,314,314,314,0,0,8,8.881784197001252e-16,ok
823999,mlb,2026,2026-07-31,306,306,306,0,0,0,4.440892098500626e-16,ok
824164,mlb,2026,2026-07-31,325,325,325,0,0,5,8.881784197001252e-16,ok
824325,mlb,2026,2026-07-31,227,227,227,0,0,0,8.881784197001252e-16,ok
824407,mlb,2026,2026-07-31,258,258,258,0,0,4,8.881784197001252e-16,ok
824486,mlb,2026,2026-07-31,320,320,320,0,0,4,4.440892098500626e-16,ok
824651,mlb,2026,2026-07-31,261,261,261,0,0,0,8.881784197001252e-16,ok
824809,mlb,2026,2026-07-31,292,292,292,0,0,4,8.881784197001252e-16,ok
824892,mlb,2026,2026-07-31,296,296,296,0,0,0,8.881784197001252e-16,ok
824975,mlb,2026,2026-07-31,299,299,299,0,0,1,8.881784197001252e-16,ok
822781,mlb,2026,2026-08-01,299,299,299,0,0,0,8.881784197001252e-16,ok
822944,mlb,2026,2026-08-01,242,242,242,0,0,0,4.440892098500626e-16,ok
823109,mlb,2026,2026-08-01,285,285,285,0,0,8,8.881784197001252e-16,ok
823269,mlb,2026,2026-08-01,309,309,309,0,0,5,8.881784197001252e-16,ok
823594,mlb,2026,2026-08-01,284,284,284,0,0,1,8.881784197001252e-16,ok
823920,mlb,2026,2026-08-01,228,228,228,0,0,4,8.881784197001252e-16,ok
824000,mlb,2026,2026-08-01,286,286,286,0,0,0,8.881784197001252e-16,ok
824162,mlb,2026,2026-08-01,316,316,316,0,0,8,8.881784197001252e-16,ok
824326,mlb,2026,2026-08-01,316,316,316,0,0,0,8.881784197001252e-16,ok
824405,mlb,2026,2026-08-01,393,393,393,0,0,0,8.881784197001252e-16,ok
824485,mlb,2026,2026-08-01,299,299,299,0,0,0,8.881784197001252e-16,ok
824649,mlb,2026,2026-08-01,286,286,286,0,0,0,8.881784197001252e-16,ok
824808,mlb,2026,2026-08-01,310,310,310,0,0,0,4.440892098500626e-16,ok
824890,mlb,2026,2026-08-01,257,257,257,0,0,0,8.881784197001252e-16,ok
824972,mlb,2026,2026-08-01,328,328,328,0,0,0,1.7763568394002505e-15,ok
822783,mlb,2026,2026-08-02,284,284,284,0,0,4,8.881784197001252e-16,ok
822943,mlb,2026,2026-08-02,281,281,281,0,0,0,8.881784197001252e-16,ok
823107,mlb,2026,2026-08-02,308,308,308,0,0,0,4.440892098500626e-16,ok
823270,mlb,2026,2026-08-02,329,329,329,0,0,0,8.881784197001252e-16,ok
823592,mlb,2026,2026-08-02,277,277,277,0,0,1,8.881784197001252e-16,ok
823919,mlb,2026,2026-08-02,339,339,339,0,0,5,8.881784197001252e-16,ok
823996,mlb,2026,2026-08-02,248,248,248,0,0,0,8.881784197001252e-16,ok
824163,mlb,2026,2026-08-02,294,294,294,0,0,0,8.881784197001252e-16,ok
824323,mlb,2026,2026-08-02,259,259,259,0,0,0,8.881784197001252e-16,ok
824404,mlb,2026,2026-08-02,289,289,289,0,0,1,8.881784197001252e-16,ok
824483,mlb,2026,2026-08-02,309,309,309,0,0,1,8.881784197001252e-16,ok
824648,mlb,2026,2026-08-02,295,295,295,0,0,0,8.881784197001252e-16,ok
824807,mlb,2026,2026-08-02,208,208,208,0,0,0,8.881784197001252e-16,ok
824891,mlb,2026,2026-08-02,261,261,261,0,0,1,8.881784197001252e-16,ok
824971,mlb,2026,2026-08-02,340,340,340,0,0,0,8.881784197001252e-16,ok
822867,mlb,2026,2026-08-03,295,295,295,0,0,1,8.881784197001252e-16,ok
823431,mlb,2026,2026-08-03,269,269,269,0,0,0,8.881784197001252e-16,ok
823520,mlb,2026,2026-08-03,370,370,370,0,0,1,8.881784197001252e-16,ok
823757,mlb,2026,2026-08-03,316,316,316,0,0,0,8.881784197001252e-16,ok
824160,mlb,2026,2026-08-03,262,262,262,0,0,4,8.881784197001252e-16,ok
824324,mlb,2026,2026-08-03,275,275,275,0,0,0,8.881784197001252e-16,ok
824647,mlb,2026,2026-08-03,291,291,291,0,0,0,8.881784197001252e-16,ok
825095,mlb,2026,2026-08-03,278,278,278,0,0,0,4.440892098500626e-16,ok
822865,mlb,2026,2026-08-04,312,312,312,0,0,8,8.881784197001252e-16,ok
823108,mlb,2026,2026-08-04,292,292,292,0,0,1,8.881784197001252e-16,ok
823432,mlb,2026,2026-08-04,246,246,246,0,0,1,8.881784197001252e-16,ok
823517,mlb,2026,2026-08-04,250,250,250,0,0,2,8.881784197001252e-16,ok
823756,mlb,2026,2026-08-04,265,265,265,0,0,0,4.440892098500626e-16,ok
824084,mlb,2026,2026-08-04,293,293,293,0,0,0,8.881784197001252e-16,ok
824161,mlb,2026,2026-08-04,257,257,257,0,0,0,8.881784197001252e-16,ok
824321,mlb,2026,2026-08-04,344,344,344,0,0,8,8.881784197001252e-16,ok
824403,mlb,2026,2026-08-04,289,289,289,0,0,0,8.881784197001252e-16,ok
824484,mlb,2026,2026-08-04,282,282,282,0,0,1,8.881784197001252e-16,ok
824645,mlb,2026,2026-08-04,256,256,256,0,0,0,8.881784197001252e-16,ok
824731,mlb,2026,2026-08-04,277,277,277,0,0,1,8.881784197001252e-16,ok
824805,mlb,2026,2026-08-04,264,264,264,0,0,0,8.881784197001252e-16,ok
824888,mlb,2026,2026-08-04,247,247,247,0,0,0,8.881784197001252e-16,ok
825054,mlb,2026,2026-08-04,293,293,293,0,0,0,8.881784197001252e-16,ok
822866,mlb,2026,2026-08-05,282,282,282,0,0,0,4.440892098500626e-16,ok
823106,mlb,2026,2026-08-05,228,228,228,0,0,4,8.881784197001252e-16,ok
823429,mlb,2026,2026-08-05,374,374,374,0,0,0,8.881784197001252e-16,ok
823516,mlb,2026,2026-08-05,345,345,345,0,0,0,8.881784197001252e-16,ok
823753,mlb,2026,2026-08-05,283,283,283,0,0,0,4.440892098500626e-16,ok
824082,mlb,2026,2026-08-05,240,240,240,0,0,0,8.881784197001252e-16,ok
824158,mlb,2026,2026-08-05,312,312,312,0,0,0,8.881784197001252e-16,ok
824322,mlb,2026,2026-08-05,257,257,257,0,0,1,8.881784197001252e-16,ok
824402,mlb,2026,2026-08-05,361,361,361,0,0,0,8.881784197001252e-16,ok
824482,mlb,2026,2026-08-05,259,259,259,0,0,1,8.881784197001252e-16,ok
824646,mlb,2026,2026-08-05,315,315,315,0,0,0,8.881784197001252e-16,ok
824728,mlb,2026,2026-08-05,271,271,271,0,0,1,8.881784197001252e-16,ok
824806,mlb,2026,2026-08-05,285,285,285,0,0,0,8.881784197001252e-16,ok
824889,mlb,2026,2026-08-05,254,254,254,0,0,0,8.881784197001252e-16,ok
825052,mlb,2026,2026-08-05,310,310,310,0,0,0,8.881784197001252e-16,ok
823105,mlb,2026,2026-08-06,306,306,306,0,0,0,1.7763568394002505e-15,ok
823430,mlb,2026,2026-08-06,301,301,301,0,0,1,8.881784197001252e-16,ok
823754,mlb,2026,2026-08-06,267,267,267,0,0,1,8.881784197001252e-16,ok
824080,mlb,2026,2026-08-06,296,296,296,0,0,0,8.881784197001252e-16,ok
824401,mlb,2026,2026-08-06,366,366,366,0,0,0,8.881784197001252e-16,ok
824481,mlb,2026,2026-08-06,287,287,287,0,0,1,8.881784197001252e-16,ok
824664,mlb,2026,2026-08-06,342,342,342,0,0,13,8.881784197001252e-16,ok
824729,mlb,2026,2026-08-06,456,456,456,0,0,14,8.881784197001252e-16,ok
824804,mlb,2026,2026-08-06,315,315,315,0,0,1,8.881784197001252e-16,ok
824885,mlb,2026,2026-08-06,289,289,289,0,0,0,8.881784197001252e-16,ok
825053,mlb,2026,2026-08-06,305,305,305,0,0,0,8.881784197001252e-16,ok
822699,mlb,2026,2026-08-07,271,271,271,0,0,0,8.881784197001252e-16,ok
822863,mlb,2026,2026-08-07,232,232,232,0,0,0,8.881784197001252e-16,ok
823024,mlb,2026,2026-08-07,274,274,274,0,0,0,8.881784197001252e-16,ok
823103,mlb,2026,2026-08-07,250,250,250,0,0,0,8.881784197001252e-16,ok
823191,mlb,2026,2026-08-07,264,264,264,0,0,0,4.440892098500626e-16,ok
823266,mlb,2026,2026-08-07,308,308,308,0,0,0,8.881784197001252e-16,ok
823349,mlb,2026,2026-08-07,285,285,285,0,0,0,4.440892098500626e-16,ok
823428,mlb,2026,2026-08-07,360,360,360,0,0,0,8.881784197001252e-16,ok
823515,mlb,2026,2026-08-07,343,343,343,0,0,4,8.881784197001252e-16,ok
823750,mlb,2026,2026-08-07,308,308,308,0,0,0,8.881784197001252e-16,ok
823836,mlb,2026,2026-08-07,306,306,306,0,0,0,4.440892098500626e-16,ok
824081,mlb,2026,2026-08-07,299,299,299,0,0,1,8.881784197001252e-16,ok
824566,mlb,2026,2026-08-07,300,300,300,0,0,0,8.881784197001252e-16,ok
824727,mlb,2026,2026-08-07,285,285,285,0,0,0,8.881784197001252e-16,ok
825051,mlb,2026,2026-08-07,270,270,270,0,0,4,8.881784197001252e-16,ok
822701,mlb,2026,2026-08-08,270,270,270,0,0,0,8.881784197001252e-16,ok
822864,mlb,2026,2026-08-08,285,285,285,0,0,4,8.881784197001252e-16,ok
823021,mlb,2026,2026-08-08,342,342,342,0,0,1,8.881784197001252e-16,ok
823102,mlb,2026,2026-08-08,280,280,280,0,0,1,8.881784197001252e-16,ok
823188,mlb,2026,2026-08-08,302,302,302,0,0,1,8.881784197001252e-16,ok
823267,mlb,2026,2026-08-08,288,288,288,0,0,0,8.881784197001252e-16,ok
823348,mlb,2026,2026-08-08,281,281,281,0,0,0,1.7763568394002505e-15,ok
823426,mlb,2026,2026-08-08,387,387,387,0,0,1,8.881784197001252e-16,ok
823514,mlb,2026,2026-08-08,298,298,298,0,0,3,8.881784197001252e-16,ok
823752,mlb,2026,2026-08-08,292,292,292,0,0,1,8.881784197001252e-16,ok
823834,mlb,2026,2026-08-08,285,285,285,0,0,0,4.440892098500626e-16,ok
824079,mlb,2026,2026-08-08,289,289,289,0,0,0,8.881784197001252e-16,ok
824565,mlb,2026,2026-08-08,282,282,282,0,0,0,8.881784197001252e-16,ok
824726,mlb,2026,2026-08-08,303,303,303,0,0,0,8.881784197001252e-16,ok
825049,mlb,2026,2026-08-08,359,359,359,0,0,4,8.881784197001252e-16,ok
822700,mlb,2026,2026-08-09,292,292,292,0,0,4,4.440892098500626e-16,ok
822862,mlb,2026,2026-08-09,335,335,335,0,0,0,8.881784197001252e-16,ok
823020,mlb,2026,2026-08-09,292,292,292,0,0,0,8.881784197001252e-16,ok
823104,mlb,2026,2026-08-09,291,291,291,0,0,4,8.881784197001252e-16,ok
823190,mlb,2026,2026-08-09,307,307,307,0,0,0,4.440892098500626e-16,ok
823268,mlb,2026,2026-08-09,233,233,233,0,0,0,8.881784197001252e-16,ok
823345,mlb,2026,2026-08-09,317,317,317,0,0,0,1.7763568394002505e-15,ok
823425,mlb,2026,2026-08-09,367,367,367,0,0,16,8.881784197001252e-16,ok
823513,mlb,2026,2026-08-09,252,252,252,0,0,0,8.881784197001252e-16,ok
823751,mlb,2026,2026-08-09,349,349,349,0,0,10,8.881784197001252e-16,ok
823835,mlb,2026,2026-08-09,319,319,319,0,0,0,1.7763568394002505e-15,ok
824078,mlb,2026,2026-08-09,292,292,292,0,0,0,8.881784197001252e-16,ok
824564,mlb,2026,2026-08-09,343,343,343,0,0,0,8.881784197001252e-16,ok
824724,mlb,2026,2026-08-09,279,279,279,0,0,0,8.881784197001252e-16,ok
825050,mlb,2026,2026-08-09,267,267,267,0,0,0,4.440892098500626e-16,ok
822780,mlb,2026,2026-08-10,266,266,266,0,0,0,8.881784197001252e-16,ok
823018,mlb,2026,2026-08-10,331,331,331,0,0,0,8.881784197001252e-16,ok
823189,mlb,2026,2026-08-10,292,292,292,0,0,4,4.440892098500626e-16,ok
823265,mlb,2026,2026-08-10,243,243,243,0,0,0,4.440892098500626e-16,ok
823675,mlb,2026,2026-08-10,307,307,307,0,0,0,8.881784197001252e-16,ok
823918,mlb,2026,2026-08-10,291,291,291,0,0,0,8.881784197001252e-16,ok
823998,mlb,2026,2026-08-10,345,345,345,0,0,4,8.881784197001252e-16,ok
824887,mlb,2026,2026-08-10,337,337,337,0,0,0,8.881784197001252e-16,ok
824969,mlb,2026,2026-08-10,297,297,297,0,0,0,4.440892098500626e-16,ok
825048,mlb,2026,2026-08-10,292,292,292,0,0,0,8.881784197001252e-16,ok
822697,mlb,2026,2026-08-11,342,342,342,0,0,0,8.881784197001252e-16,ok
822778,mlb,2026,2026-08-11,286,286,286,0,0,0,8.881784197001252e-16,ok
823019,mlb,2026,2026-08-11,281,281,281,0,0,0,8.881784197001252e-16,ok
823186,mlb,2026,2026-08-11,275,275,275,0,0,0,8.881784197001252e-16,ok
823264,mlb,2026,2026-08-11,296,296,296,0,0,1,1.7763568394002505e-15,ok
823512,mlb,2026,2026-08-11,310,310,310,0,0,0,8.881784197001252e-16,ok
823673,mlb,2026,2026-08-11,301,301,301,0,0,0,8.881784197001252e-16,ok
823832,mlb,2026,2026-08-11,237,237,237,0,0,0,4.440892098500626e-16,ok
823917,mlb,2026,2026-08-11,311,311,311,0,0,12,8.881784197001252e-16,ok
823997,mlb,2026,2026-08-11,234,234,234,0,0,0,4.440892098500626e-16,ok
824240,mlb,2026,2026-08-11,295,295,295,0,0,1,8.881784197001252e-16,ok
824563,mlb,2026,2026-08-11,293,293,293,0,0,0,8.881784197001252e-16,ok
824886,mlb,2026,2026-08-11,254,254,254,0,0,0,8.881784197001252e-16,ok
824970,mlb,2026,2026-08-11,261,261,261,0,0,0,8.881784197001252e-16,ok
825046,mlb,2026,2026-08-11,260,260,260,0,0,0,8.881784197001252e-16,ok
822698,mlb,2026,2026-08-12,352,352,352,0,0,0,8.881784197001252e-16,ok
822779,mlb,2026,2026-08-12,287,287,287,0,0,4,8.881784197001252e-16,ok
823017,mlb,2026,2026-08-12,272,272,272,0,0,0,8.881784197001252e-16,ok
823187,mlb,2026,2026-08-12,255,255,255,0,0,1,8.881784197001252e-16,ok
823263,mlb,2026,2026-08-12,383,383,383,0,0,9,8.881784197001252e-16,ok
823511,mlb,2026,2026-08-12,284,284,284,0,0,4,8.881784197001252e-16,ok
823672,mlb,2026,2026-08-12,293,293,293,0,0,0,8.881784197001252e-16,ok
823833,mlb,2026,2026-08-12,295,295,295,0,0,0,8.881784197001252e-16,ok
823916,mlb,2026,2026-08-12,272,272,272,0,0,1,8.881784197001252e-16,ok
823994,mlb,2026,2026-08-12,291,291,291,0,0,0,8.881784197001252e-16,ok
824241,mlb,2026,2026-08-12,333,333,333,0,0,0,8.881784197001252e-16,ok
824562,mlb,2026,2026-08-12,282,282,282,0,0,0,8.881784197001252e-16,ok
824883,mlb,2026,2026-08-12,267,267,267,0,0,0,4.440892098500626e-16,ok
824967,mlb,2026,2026-08-12,295,295,295,0,0,0,8.881784197001252e-16,ok
825047,mlb,2026,2026-08-12,326,326,326,0,0,0,8.881784197001252e-16,ok
822696,mlb,2026,2026-08-13,245,245,245,0,0,1,8.881784197001252e-16,ok
822776,mlb,2026,2026-08-13,287,287,287,0,0,4,8.881784197001252e-16,ok
823508,mlb,2026,2026-08-13,286,286,286,0,0,0,8.881784197001252e-16,ok
823669,mlb,2026,2026-08-13,305,305,305,0,0,0,8.881784197001252e-16,ok
823829,mlb,2026,2026-08-13,264,264,264,0,0,1,8.881784197001252e-16,ok
823915,mlb,2026,2026-08-13,321,321,321,0,0,0,8.881784197001252e-16,ok
823995,mlb,2026,2026-08-13,310,310,310,0,0,0,8.881784197001252e-16,ok
824238,mlb,2026,2026-08-13,270,270,270,0,0,0,8.881784197001252e-16,ok
824561,mlb,2026,2026-08-13,343,343,343,0,0,0,8.881784197001252e-16,ok
822777,mlb,2026,2026-08-14,235,235,235,0,0,0,8.881784197001252e-16,ok
822942,mlb,2026,2026-08-14,319,319,319,0,0,5,8.881784197001252e-16,ok
823185,mlb,2026,2026-08-14,271,271,271,0,0,0,8.881784197001252e-16,ok
823346,mlb,2026,2026-08-14,306,306,306,0,0,0,4.440892098500626e-16,ok
823591,mlb,2026,2026-08-14,257,257,257,0,0,0,8.881784197001252e-16,ok
823913,mlb,2026,2026-08-14,286,286,286,0,0,0,8.881784197001252e-16,ok
823993,mlb,2026,2026-08-14,324,324,324,0,0,0,8.881784197001252e-16,ok
824159,mlb,2026,2026-08-14,361,361,361,0,0,2,8.881784197001252e-16,ok
824237,mlb,2026,2026-08-14,280,280,280,0,0,0,8.881784197001252e-16,ok
824399,mlb,2026,2026-08-14,294,294,294,0,0,0,8.881784197001252e-16,ok
824479,mlb,2026,2026-08-14,245,245,245,0,0,0,4.440892098500626e-16,ok
824643,mlb,2026,2026-08-14,279,279,279,0,0,0,8.881784197001252e-16,ok
824882,mlb,2026,2026-08-14,284,284,284,0,0,4,8.881784197001252e-16,ok
824968,mlb,2026,2026-08-14,328,328,328,0,0,0,8.881784197001252e-16,ok
822775,mlb,2026,2026-08-15,280,280,280,0,0,8,8.881784197001252e-16,ok
822941,mlb,2026,2026-08-15,314,314,314,0,0,4,4.440892098500626e-16,ok
823184,mlb,2026,2026-08-15,275,275,275,0,0,1,8.881784197001252e-16,ok
823347,mlb,2026,2026-08-15,267,267,267,0,0,0,8.881784197001252e-16,ok
823588,mlb,2026,2026-08-15,302,302,302,0,0,0,8.881784197001252e-16,ok
823671,mlb,2026,2026-08-15,311,311,311,0,0,0,8.881784197001252e-16,ok
823914,mlb,2026,2026-08-15,286,286,286,0,0,4,8.881784197001252e-16,ok
823990,mlb,2026,2026-08-15,231,231,231,0,0,1,8.881784197001252e-16,ok
824157,mlb,2026,2026-08-15,286,286,286,0,0,0,8.881784197001252e-16,ok
824239,mlb,2026,2026-08-15,271,271,271,0,0,4,8.881784197001252e-16,ok
824400,mlb,2026,2026-08-15,264,264,264,0,0,1,8.881784197001252e-16,ok
824480,mlb,2026,2026-08-15,307,307,307,0,0,0,8.881784197001252e-16,ok
824644,mlb,2026,2026-08-15,282,282,282,0,0,0,8.881784197001252e-16,ok
824884,mlb,2026,2026-08-15,303,303,303,0,0,0,8.881784197001252e-16,ok
824966,mlb,2026,2026-08-15,286,286,286,0,0,0,8.881784197001252e-16,ok
822774,mlb,2026,2026-08-16,293,293,293,0,0,4,8.881784197001252e-16,ok
822940,mlb,2026,2026-08-16,343,343,343,0,0,0,8.881784197001252e-16,ok
823182,mlb,2026,2026-08-16,333,333,333,0,0,1,8.881784197001252e-16,ok
823344,mlb,2026,2026-08-16,280,280,280,0,0,0,8.881784197001252e-16,ok
823590,mlb,2026,2026-08-16,252,252,252,0,0,0,8.881784197001252e-16,ok
823670,mlb,2026,2026-08-16,322,322,322,0,0,4,8.881784197001252e-16,ok
823912,mlb,2026,2026-08-16,296,296,296,0,0,1,8.881784197001252e-16,ok
823991,mlb,2026,2026-08-16,267,267,267,0,0,4,8.881784197001252e-16,ok
824156,mlb,2026,2026-08-16,288,288,288,0,0,0,8.881784197001252e-16,ok
824236,mlb,2026,2026-08-16,299,299,299,0,0,0,8.881784197001252e-16,ok
824397,mlb,2026,2026-08-16,282,282,282,0,0,0,8.881784197001252e-16,ok
824477,mlb,2026,2026-08-16,326,326,326,0,0,2,8.881784197001252e-16,ok
824642,mlb,2026,2026-08-16,324,324,324,0,0,0,8.881784197001252e-16,ok
824880,mlb,2026,2026-08-16,253,253,253,0,0,2,8.881784197001252e-16,ok
824965,mlb,2026,2026-08-16,285,285,285,0,0,1,8.881784197001252e-16,ok
822939,mlb,2026,2026-08-17,319,319,319,0,0,4,8.881784197001252e-16,ok
823343,mlb,2026,2026-08-17,331,331,331,0,0,1,8.881784197001252e-16,ok
823427,mlb,2026,2026-08-17,323,323,323,0,0,7,8.881784197001252e-16,ok
823589,mlb,2026,2026-08-17,251,251,251,0,0,0,8.881784197001252e-16,ok
823668,mlb,2026,2026-08-17,293,293,293,0,0,0,8.881784197001252e-16,ok
824077,mlb,2026,2026-08-17,286,286,286,0,0,0,8.881784197001252e-16,ok
824320,mlb,2026,2026-08-17,306,306,306,0,0,0,8.881784197001252e-16,ok
824478,mlb,2026,2026-08-17,302,302,302,0,0,1,8.881784197001252e-16,ok
824514,mlb,2026,2026-08-17,320,320,320,0,0,0,8.881784197001252e-16,ok
824641,mlb,2026,2026-08-17,363,363,363,0,0,4,8.881784197001252e-16,ok
824725,mlb,2026,2026-08-17,290,290,290,0,0,0,1.7763568394002505e-15,ok
822859,mlb,2026,2026-08-18,283,283,283,0,0,0,8.881784197001252e-16,ok
822938,mlb,2026,2026-08-18,286,286,286,0,0,0,8.881784197001252e-16,ok
823341,mlb,2026,2026-08-18,214,214,214,0,0,1,8.881784197001252e-16,ok
823423,mlb,2026,2026-08-18,315,315,315,0,0,0,8.881784197001252e-16,ok
823586,mlb,2026,2026-08-18,318,318,318,0,0,0,8.881784197001252e-16,ok
823667,mlb,2026,2026-08-18,229,229,229,0,0,0,8.881784197001252e-16,ok
823749,mlb,2026,2026-08-18,339,339,339,0,0,1,1.7763568394002505e-15,ok
824075,mlb,2026,2026-08-18,268,268,268,0,0,0,8.881784197001252e-16,ok
824154,mlb,2026,2026-08-18,272,272,272,0,0,0,8.881784197001252e-16,ok
824319,mlb,2026,2026-08-18,295,295,295,0,0,0,8.881784197001252e-16,ok
824398,mlb,2026,2026-08-18,288,288,288,0,0,0,8.881784197001252e-16,ok
824475,mlb,2026,2026-08-18,276,276,276,0,0,0,8.881784197001252e-16,ok
824639,mlb,2026,2026-08-18,307,307,307,0,0,4,8.881784197001252e-16,ok
824723,mlb,2026,2026-08-18,308,308,308,0,0,1,8.881784197001252e-16,ok
824803,mlb,2026,2026-08-18,291,291,291,0,0,0,8.881784197001252e-16,ok
822860,mlb,2026,2026-08-19,287,287,287,0,0,0,8.881784197001252e-16,ok
822937,mlb,2026,2026-08-19,269,269,269,0,0,0,8.881784197001252e-16,ok
823342,mlb,2026,2026-08-19,313,313,313,0,0,0,8.881784197001252e-16,ok
823424,mlb,2026,2026-08-19,274,274,274,0,0,0,8.881784197001252e-16,ok
823587,mlb,2026,2026-08-19,284,284,284,0,0,0,4.440892098500626e-16,ok
823664,mlb,2026,2026-08-19,309,309,309,0,0,5,8.881784197001252e-16,ok
823748,mlb,2026,2026-08-19,341,341,341,0,0,0,8.881784197001252e-16,ok
824076,mlb,2026,2026-08-19,284,284,284,0,0,5,8.881784197001252e-16,ok
824155,mlb,2026,2026-08-19,319,319,319,0,0,0,8.881784197001252e-16,ok
824318,mlb,2026,2026-08-19,328,328,328,0,0,2,4.440892098500626e-16,ok
824394,mlb,2026,2026-08-19,265,265,265,0,0,0,8.881784197001252e-16,ok
824476,mlb,2026,2026-08-19,330,330,330,0,0,4,8.881784197001252e-16,ok
824640,mlb,2026,2026-08-19,280,280,280,0,0,5,8.881784197001252e-16,ok
824722,mlb,2026,2026-08-19,362,362,362,0,0,0,8.881784197001252e-16,ok
824801,mlb,2026,2026-08-19,323,323,323,0,0,1,8.881784197001252e-16,ok
822861,mlb,2026,2026-08-20,259,259,259,0,0,0,8.881784197001252e-16,ok
822934,mlb,2026,2026-08-20,298,298,298,0,0,4,4.440892098500626e-16,ok
823747,mlb,2026,2026-08-20,339,339,339,0,0,2,8.881784197001252e-16,ok
824074,mlb,2026,2026-08-20,327,327,327,0,0,2,8.881784197001252e-16,ok
824153,mlb,2026,2026-08-20,318,318,318,0,0,0,1.7763568394002505e-15,ok
824395,mlb,2026,2026-08-20,289,289,289,0,0,1,8.881784197001252e-16,ok
824474,mlb,2026,2026-08-20,345,345,345,0,0,5,8.881784197001252e-16,ok
824589,mlb,2026,2026-08-20,268,268,268,0,0,0,8.881784197001252e-16,ok
824802,mlb,2026,2026-08-20,292,292,292,0,0,0,8.881784197001252e-16,ok
822857,mlb,2026,2026-08-21,332,332,332,0,0,8,8.881784197001252e-16,ok
823101,mlb,2026,2026-08-21,308,308,308,0,0,9,8.881784197001252e-16,ok
823262,mlb,2026,2026-08-21,234,234,234,0,0,0,4.440892098500626e-16,ok
823420,mlb,2026,2026-08-21,337,337,337,0,0,4,8.881784197001252e-16,ok
823510,mlb,2026,2026-08-21,290,290,290,0,0,0,8.881784197001252e-16,ok
823746,mlb,2026,2026-08-21,263,263,263,0,0,0,8.881784197001252e-16,ok
823830,mlb,2026,2026-08-21,286,286,286,0,0,4,8.881784197001252e-16,ok
823911,mlb,2026,2026-08-21,371,371,371,0,0,8,8.881784197001252e-16,ok
824072,mlb,2026,2026-08-21,288,288,288,0,0,0,8.881784197001252e-16,ok
824152,mlb,2026,2026-08-21,311,311,311,0,0,1,8.881784197001252e-16,ok
824317,mlb,2026,2026-08-21,312,312,312,0,0,1,8.881784197001252e-16,ok
824559,mlb,2026,2026-08-21,265,265,265,0,0,0,8.881784197001252e-16,ok
824721,mlb,2026,2026-08-21,297,297,297,0,0,0,8.881784197001252e-16,ok
824800,mlb,2026,2026-08-21,236,236,236,0,0,0,8.881784197001252e-16,ok
825045,mlb,2026,2026-08-21,311,311,311,0,0,0,4.440892098500626e-16,ok
822858,mlb,2026,2026-08-22,246,246,246,0,0,4,8.881784197001252e-16,ok
823100,mlb,2026,2026-08-22,278,278,278,0,0,0,8.881784197001252e-16,ok
823261,mlb,2026,2026-08-22,294,294,294,0,0,0,8.881784197001252e-16,ok
823422,mlb,2026,2026-08-22,274,274,274,0,0,0,1.7763568394002505e-15,ok
823509,mlb,2026,2026-08-22,325,325,325,0,0,0,8.881784197001252e-16,ok
823743,mlb,2026,2026-08-22,311,311,311,0,0,0,8.881784197001252e-16,ok
823831,mlb,2026,2026-08-22,290,290,290,0,0,1,8.881784197001252e-16,ok
823910,mlb,2026,2026-08-22,294,294,294,0,0,1,8.881784197001252e-16,ok
824073,mlb,2026,2026-08-22,237,237,237,0,0,1,8.881784197001252e-16,ok
824151,mlb,2026,2026-08-22,299,299,299,0,0,4,8.881784197001252e-16,ok
824316,mlb,2026,2026-08-22,267,267,267,0,0,0,8.881784197001252e-16,ok
824560,mlb,2026,2026-08-22,362,362,362,0,0,0,8.881784197001252e-16,ok
824718,mlb,2026,2026-08-22,318,318,318,0,0,4,4.440892098500626e-16,ok
824798,mlb,2026,2026-08-22,266,266,266,0,0,0,8.881784197001252e-16,ok
825044,mlb,2026,2026-08-22,325,325,325,0,0,0,8.881784197001252e-16,ok
822856,mlb,2026,2026-08-23,289,289,289,0,0,3,8.881784197001252e-16,ok
823099,mlb,2026,2026-08-23,359,359,359,0,0,1,3.552713678800501e-15,ok
823258,mlb,2026,2026-08-23,304,304,304,0,0,0,4.440892098500626e-16,ok
823421,mlb,2026,2026-08-23,292,292,292,0,0,0,8.881784197001252e-16,ok
823507,mlb,2026,2026-08-23,308,308,308,0,0,0,8.881784197001252e-16,ok
823745,mlb,2026,2026-08-23,318,318,318,0,0,0,8.881784197001252e-16,ok
823827,mlb,2026,2026-08-23,302,302,302,0,0,0,8.881784197001252e-16,ok
823909,mlb,2026,2026-08-23,274,274,274,0,0,0,8.881784197001252e-16,ok
824071,mlb,2026,2026-08-23,327,327,327,0,0,0,8.881784197001252e-16,ok
824150,mlb,2026,2026-08-23,360,360,360,0,0,13,8.881784197001252e-16,ok
824315,mlb,2026,2026-08-23,361,361,361,0,0,2,8.881784197001252e-16,ok
824558,mlb,2026,2026-08-23,292,292,292,0,0,0,8.881784197001252e-16,ok
824720,mlb,2026,2026-08-23,248,248,248,0,0,0,8.881784197001252e-16,ok
824799,mlb,2026,2026-08-23,280,280,280,0,0,0,8.881784197001252e-16,ok
825043,mlb,2026,2026-08-23,284,284,284,0,0,0,8.881784197001252e-16,ok
822695,mlb,2026,2026-08-24,321,321,321,0,0,1,8.881784197001252e-16,ok
823097,mlb,2026,2026-08-24,308,308,308,0,0,0,8.881784197001252e-16,ok
823183,mlb,2026,2026-08-24,249,249,249,0,0,0,4.440892098500626e-16,ok
823260,mlb,2026,2026-08-24,417,417,417,0,0,5,8.881784197001252e-16,ok
823828,mlb,2026,2026-08-24,319,319,319,0,0,0,8.881784197001252e-16,ok
823992,mlb,2026,2026-08-24,287,287,287,0,0,0,8.881784197001252e-16,ok
824235,mlb,2026,2026-08-24,286,286,286,0,0,0,8.881784197001252e-16,ok
824557,mlb,2026,2026-08-24,350,350,350,0,0,4,1.7763568394002505e-15,ok
824964,mlb,2026,2026-08-24,301,301,301,0,0,0,8.881784197001252e-16,ok
825041,mlb,2026,2026-08-24,285,285,285,0,0,0,8.881784197001252e-16,ok
822693,mlb,2026,2026-08-25,298,298,298,0,0,0,8.881784197001252e-16,ok
822773,mlb,2026,2026-08-25,327,327,327,0,0,4,8.881784197001252e-16,ok
823016,mlb,2026,2026-08-25,310,310,310,0,0,0,1.7763568394002505e-15,ok
823098,mlb,2026,2026-08-25,259,259,259,0,0,0,8.881784197001252e-16,ok
823181,mlb,2026,2026-08-25,247,247,247,0,0,0,8.881784197001252e-16,ok
823259,mlb,2026,2026-08-25,257,257,257,0,0,0,8.881784197001252e-16,ok
823505,mlb,2026,2026-08-25,325,325,325,0,0,0,4.440892098500626e-16,ok
823585,mlb,2026,2026-08-25,318,318,318,0,0,4,8.881784197001252e-16,ok
823826,mlb,2026,2026-08-25,365,365,365,0,0,0,8.881784197001252e-16,ok
823989,mlb,2026,2026-08-25,399,399,399,0,0,4,8.881784197001252e-16,ok
824233,mlb,2026,2026-08-25,265,265,265,0,0,1,4.440892098500626e-16,ok
824556,mlb,2026,2026-08-25,366,366,366,0,0,0,8.881784197001252e-16,ok
824881,mlb,2026,2026-08-25,297,297,297,0,0,4,8.881784197001252e-16,ok
824962,mlb,2026,2026-08-25,249,249,249,0,0,0,8.881784197001252e-16,ok
825042,mlb,2026,2026-08-25,274,274,274,0,0,0,8.881784197001252e-16,ok
822692,mlb,2026,2026-08-26,303,303,303,0,0,0,1.7763568394002505e-15,ok
822772,mlb,2026,2026-08-26,252,252,252,0,0,2,8.881784197001252e-16,ok
823015,mlb,2026,2026-08-26,333,333,333,0,0,4,8.881784197001252e-16,ok
823096,mlb,2026,2026-08-26,291,291,291,0,0,0,4.440892098500626e-16,ok
823180,mlb,2026,2026-08-26,362,362,362,0,0,6,4.440892098500626e-16,ok
823255,mlb,2026,2026-08-26,291,291,291,0,0,1,8.881784197001252e-16,ok
823506,mlb,2026,2026-08-26,296,296,296,0,0,1,8.881784197001252e-16,ok
823584,mlb,2026,2026-08-26,293,293,293,0,0,0,4.440892098500626e-16,ok
823825,mlb,2026,2026-08-26,271,271,271,0,0,0,8.881784197001252e-16,ok
823988,mlb,2026,2026-08-26,289,289,289,0,0,5,8.881784197001252e-16,ok
824234,mlb,2026,2026-08-26,225,225,225,0,0,0,8.881784197001252e-16,ok
824555,mlb,2026,2026-08-26,371,371,371,0,0,3,8.881784197001252e-16,ok
824878,mlb,2026,2026-08-26,356,356,356,0,0,13,8.881784197001252e-16,ok
824963,mlb,2026,2026-08-26,242,242,242,0,0,0,8.881784197001252e-16,ok
825039,mlb,2026,2026-08-26,245,245,245,0,0,0,8.881784197001252e-16,ok
822694,mlb,2026,2026-08-27,332,332,332,0,0,6,8.881784197001252e-16,ok
822771,mlb,2026,2026-08-27,309,309,309,0,0,1,1.7763568394002505e-15,ok
823014,mlb,2026,2026-08-27,290,290,290,0,0,0,4.440892098500626e-16,ok
823179,mlb,2026,2026-08-27,281,281,281,0,0,1,8.881784197001252e-16,ok
823503,mlb,2026,2026-08-27,270,270,270,0,0,0,8.881784197001252e-16,ok
823581,mlb,2026,2026-08-27,305,305,305,0,0,1,8.881784197001252e-16,ok
824879,mlb,2026,2026-08-27,231,231,231,0,0,0,8.881784197001252e-16,ok
822691,mlb,2026,2026-08-28,281,281,281,0,0,0,8.881784197001252e-16,ok
822769,mlb,2026,2026-08-28,274,274,274,0,0,0,8.881784197001252e-16,ok
822935,mlb,2026,2026-08-28,267,267,267,0,0,0,8.881784197001252e-16,ok
823013,mlb,2026,2026-08-28,263,263,263,0,0,0,8.881784197001252e-16,ok
823178,mlb,2026,2026-08-28,344,344,344,0,0,0,8.881784197001252e-16,ok
823504,mlb,2026,2026-08-28,272,272,272,0,0,0,8.881784197001252e-16,ok
823583,mlb,2026,2026-08-28,284,284,284,0,0,0,8.881784197001252e-16,ok
823666,mlb,2026,2026-08-28,324,324,324,0,0,1,8.881784197001252e-16,ok
823744,mlb,2026,2026-08-28,282,282,282,0,0,0,8.881784197001252e-16,ok
823985,mlb,2026,2026-08-28,324,324,324,0,0,0,8.881784197001252e-16,ok
824231,mlb,2026,2026-08-28,298,298,298,0,0,1,8.881784197001252e-16,ok
824396,mlb,2026,2026-08-28,252,252,252,0,0,0,8.881784197001252e-16,ok
824638,mlb,2026,2026-08-28,352,352,352,0,0,0,8.881784197001252e-16,ok
824877,mlb,2026,2026-08-28,286,286,286,0,0,0,8.881784197001252e-16,ok
824960,mlb,2026,2026-08-28,314,314,314,0,0,8,8.881784197001252e-16,ok
822690,mlb,2026,2026-08-29,312,312,312,0,0,5,8.881784197001252e-16,ok
822770,mlb,2026,2026-08-29,282,282,282,0,0,0,8.881784197001252e-16,ok
822936,mlb,2026,2026-08-29,272,272,272,0,0,8,4.440892098500626e-16,ok
823011,mlb,2026,2026-08-29,287,287,287,0,0,1,8.881784197001252e-16,ok
823176,mlb,2026,2026-08-29,297,297,297,0,0,0,8.881784197001252e-16,ok
823177,mlb,2026,2026-08-29,282,282,282,0,0,0,8.881784197001252e-16,ok
823501,mlb,2026,2026-08-29,303,303,303,0,0,0,8.881784197001252e-16,ok
823539,mlb,2026,2026-08-29,300,300,300,0,0,0,8.881784197001252e-16,ok
823582,mlb,2026,2026-08-29,265,265,265,0,0,2,8.881784197001252e-16,ok
823665,mlb,2026,2026-08-29,289,289,289,0,0,0,8.881784197001252e-16,ok
823741,mlb,2026,2026-08-29,283,283,283,0,0,3,8.881784197001252e-16,ok
823986,mlb,2026,2026-08-29,311,311,311,0,0,5,4.440892098500626e-16,ok
824230,mlb,2026,2026-08-29,293,293,293,0,0,4,8.881784197001252e-16,ok
824392,mlb,2026,2026-08-29,287,287,287,0,0,1,8.881784197001252e-16,ok
824637,mlb,2026,2026-08-29,340,340,340,0,0,0,1.7763568394002505e-15,ok
824874,mlb,2026,2026-08-29,277,277,277,0,0,0,8.881784197001252e-16,ok
824961,mlb,2026,2026-08-29,281,281,281,0,0,0,4.440892098500626e-16,ok
822688,mlb,2026,2026-08-30,291,291,291,0,0,1,8.881784197001252e-16,ok
822766,mlb,2026,2026-08-30,270,270,270,0,0,1,8.881784197001252e-16,ok
822933,mlb,2026,2026-08-30,351,351,351,0,0,11,8.881784197001252e-16,ok
823010,mlb,2026,2026-08-30,298,298,298,0,0,1,8.881784197001252e-16,ok
823502,mlb,2026,2026-08-30,299,299,299,0,0,1,1.7763568394002505e-15,ok
823580,mlb,2026,2026-08-30,314,314,314,0,0,0,8.881784197001252e-16,ok
823662,mlb,2026,2026-08-30,248,248,248,0,0,0,8.881784197001252e-16,ok
823740,mlb,2026,2026-08-30,360,360,360,0,0,1,8.881784197001252e-16,ok
823987,mlb,2026,2026-08-30,311,311,311,0,0,1,8.881784197001252e-16,ok
824232,mlb,2026,2026-08-30,285,285,285,0,0,1,8.881784197001252e-16,ok
824393,mlb,2026,2026-08-30,302,302,302,0,0,0,8.881784197001252e-16,ok
824636,mlb,2026,2026-08-30,284,284,284,0,0,0,8.881784197001252e-16,ok
824876,mlb,2026,2026-08-30,274,274,274,0,0,0,8.881784197001252e-16,ok
824959,mlb,2026,2026-08-30,304,304,304,0,0,1,8.881784197001252e-16,ok
822689,mlb,2026,2026-08-31,276,276,276,0,0,0,4.440892098500626e-16,ok
822855,mlb,2026,2026-08-31,268,268,268,0,0,0,8.881784197001252e-16,ok
822932,mlb,2026,2026-08-31,273,273,273,0,0,0,8.881784197001252e-16,ok
823663,mlb,2026,2026-08-31,296,296,296,0,0,0,3.552713678800501e-15,ok
823982,mlb,2026,2026-08-31,308,308,308,0,0,1,8.881784197001252e-16,ok
824149,mlb,2026,2026-08-31,331,331,331,0,0,4,8.881784197001252e-16,ok
824314,mlb,2026,2026-08-31,263,263,263,0,0,0,8.881784197001252e-16,ok
824473,mlb,2026,2026-08-31,297,297,297,0,0,0,8.881784197001252e-16,ok
824635,mlb,2026,2026-08-31,334,334,334,0,0,0,3.552713678800501e-15,ok
824719,mlb,2026,2026-08-31,315,315,315,0,0,8,8.881784197001252e-16,ok
824911,mlb,2026,2026-08-31,261,261,261,0,0,1,4.440892098500626e-16,ok
825040,mlb,2026,2026-08-31,311,311,311,0,0,1,8.881784197001252e-16,ok
822687,mlb,2026,2026-09-01,322,322,322,0,0,0,8.881784197001252e-16,ok
822854,mlb,2026,2026-09-01,334,334,334,0,0,1,8.881784197001252e-16,ok
822929,mlb,2026,2026-09-01,255,255,255,0,0,0,8.881784197001252e-16,ok
823340,mlb,2026,2026-09-01,385,385,385,0,0,0,8.881784197001252e-16,ok
823661,mlb,2026,2026-09-01,319,319,319,0,0,0,4.440892098500626e-16,ok
823908,mlb,2026,2026-09-01,333,333,333,0,0,0,1.7763568394002505e-15,ok
823984,mlb,2026,2026-09-01,312,312,312,0,0,0,8.881784197001252e-16,ok
824070,mlb,2026,2026-09-01,253,253,253,0,0,0,8.881784197001252e-16,ok
824148,mlb,2026,2026-09-01,343,343,343,0,0,1,8.881784197001252e-16,ok
824313,mlb,2026,2026-09-01,295,295,295,0,0,1,8.881784197001252e-16,ok
824391,mlb,2026,2026-09-01,265,265,265,0,0,0,8.881784197001252e-16,ok
824472,mlb,2026,2026-09-01,301,301,301,0,0,8,8.881784197001252e-16,ok
824633,mlb,2026,2026-09-01,320,320,320,0,0,1,8.881784197001252e-16,ok
824716,mlb,2026,2026-09-01,334,334,334,0,0,0,8.881784197001252e-16,ok
825038,mlb,2026,2026-09-01,310,310,310,0,0,0,8.881784197001252e-16,ok
822686,mlb,2026,2026-09-02,283,283,283,0,0,4,1.7763568394002505e-15,ok
822851,mlb,2026,2026-09-02,328,328,328,0,0,0,8.881784197001252e-16,ok
822931,mlb,2026,2026-09-02,304,304,304,0,0,0,4.440892098500626e-16,ok
823339,mlb,2026,2026-09-02,313,313,313,0,0,8,8.881784197001252e-16,ok
823660,mlb,2026,2026-09-02,411,411,411,0,0,5,8.881784197001252e-16,ok
823906,mlb,2026,2026-09-02,327,327,327,0,0,0,8.881784197001252e-16,ok
823983,mlb,2026,2026-09-02,296,296,296,0,0,0,8.881784197001252e-16,ok
824068,mlb,2026,2026-09-02,321,321,321,0,0,0,8.881784197001252e-16,ok
824147,mlb,2026,2026-09-02,247,247,247,0,0,0,8.881784197001252e-16,ok
824312,mlb,2026,2026-09-02,347,347,347,0,0,8,8.881784197001252e-16,ok
824390,mlb,2026,2026-09-02,295,295,295,0,0,0,8.881784197001252e-16,ok
824470,mlb,2026,2026-09-02,306,306,306,0,0,0,8.881784197001252e-16,ok
824634,mlb,2026,2026-09-02,327,327,327,0,0,0,8.881784197001252e-16,ok
824717,mlb,2026,2026-09-02,293,293,293,0,0,0,8.881784197001252e-16,ok
825037,mlb,2026,2026-09-02,226,226,226,0,0,0,8.881784197001252e-16,ok
822853,mlb,2026,2026-09-03,244,244,244,0,0,0,8.881784197001252e-16,ok
823095,mlb,2026,2026-09-03,368,368,368,0,0,0,8.881784197001252e-16,ok
823337,mlb,2026,2026-09-03,292,292,292,0,0,0,8.881784197001252e-16,ok
823907,mlb,2026,2026-09-03,325,325,325,0,0,0,8.881784197001252e-16,ok
824069,mlb,2026,2026-09-03,265,265,265,0,0,1,8.881784197001252e-16,ok
824144,mlb,2026,2026-09-03,260,260,260,0,0,5,8.881784197001252e-16,ok
824388,mlb,2026,2026-09-03,373,373,373,0,0,0,8.881784197001252e-16,ok
824632,mlb,2026,2026-09-03,237,237,237,0,0,0,8.881784197001252e-16,ok
824796,mlb,2026,2026-09-03,259,259,259,0,0,0,8.881784197001252e-16,ok
822852,mlb,2026,2026-09-04,285,285,285,0,0,1,8.881784197001252e-16,ok
823093,mlb,2026,2026-09-04,294,294,294,0,0,4,8.881784197001252e-16,ok
823256,mlb,2026,2026-09-04,254,254,254,0,0,0,8.881784197001252e-16,ok
823338,mlb,2026,2026-09-04,271,271,271,0,0,0,8.881784197001252e-16,ok
823418,mlb,2026,2026-09-04,282,282,282,0,0,0,4.440892098500626e-16,ok
823579,mlb,2026,2026-09-04,297,297,297,0,0,1,8.881784197001252e-16,ok
823824,mlb,2026,2026-09-04,315,315,315,0,0,0,8.881784197001252e-16,ok
823905,mlb,2026,2026-09-04,282,282,282,0,0,2,8.881784197001252e-16,ok
824067,mlb,2026,2026-09-04,264,264,264,0,0,0,8.881784197001252e-16,ok
824146,mlb,2026,2026-09-04,265,265,265,0,0,0,8.881784197001252e-16,ok
824311,mlb,2026,2026-09-04,296,296,296,0,0,1,8.881784197001252e-16,ok
824387,mlb,2026,2026-09-04,295,295,295,0,0,1,8.881784197001252e-16,ok
824424,mlb,2026,2026-09-04,300,300,300,0,0,0,8.881784197001252e-16,ok
824471,mlb,2026,2026-09-04,373,373,373,0,0,1,8.881784197001252e-16,ok
824554,mlb,2026,2026-09-04,259,259,259,0,0,0,8.881784197001252e-16,ok
824797,mlb,2026,2026-09-04,258,258,258,0,0,0,8.881784197001252e-16,ok
822850,mlb,2026,2026-09-05,293,293,293,0,0,4,8.881784197001252e-16,ok
823094,mlb,2026,2026-09-05,255,255,255,0,0,1,8.881784197001252e-16,ok
823257,mlb,2026,2026-09-05,319,319,319,0,0,0,8.881784197001252e-16,ok
823335,mlb,2026,2026-09-05,273,273,273,0,0,1,8.881784197001252e-16,ok
823419,mlb,2026,2026-09-05,282,282,282,0,0,0,4.440892098500626e-16,ok
823577,mlb,2026,2026-09-05,303,303,303,0,0,0,8.881784197001252e-16,ok
823823,mlb,2026,2026-09-05,340,340,340,0,0,1,8.881784197001252e-16,ok
823904,mlb,2026,2026-09-05,306,306,306,0,0,0,8.881784197001252e-16,ok
824066,mlb,2026,2026-09-05,287,287,287,0,0,1,8.881784197001252e-16,ok
824145,mlb,2026,2026-09-05,329,329,329,0,0,4,8.881784197001252e-16,ok
824310,mlb,2026,2026-09-05,300,300,300,0,0,0,8.881784197001252e-16,ok
824389,mlb,2026,2026-09-05,276,276,276,0,0,0,8.881784197001252e-16,ok
824468,mlb,2026,2026-09-05,307,307,307,0,0,0,8.881784197001252e-16,ok
824553,mlb,2026,2026-09-05,281,281,281,0,0,0,8.881784197001252e-16,ok
824795,mlb,2026,2026-09-05,299,299,299,0,0,0,8.881784197001252e-16,ok
822848,mlb,2026,2026-09-06,332,332,332,0,0,8,8.881784197001252e-16,ok
823091,mlb,2026,2026-09-06,251,251,251,0,0,0,4.440892098500626e-16,ok
823253,mlb,2026,2026-09-06,251,251,251,0,0,1,4.440892098500626e-16,ok
823336,mlb,2026,2026-09-06,229,229,229,0,0,0,4.440892098500626e-16,ok
823417,mlb,2026,2026-09-06,270,270,270,0,0,0,8.881784197001252e-16,ok
823578,mlb,2026,2026-09-06,265,265,265,0,0,2,8.881784197001252e-16,ok
823822,mlb,2026,2026-09-06,305,305,305,0,0,0,8.881784197001252e-16,ok
823903,mlb,2026,2026-09-06,332,332,332,0,0,6,8.881784197001252e-16,ok
824065,mlb,2026,2026-09-06,287,287,287,0,0,2,8.881784197001252e-16,ok
824142,mlb,2026,2026-09-06,279,279,279,0,0,0,8.881784197001252e-16,ok
824309,mlb,2026,2026-09-06,334,334,334,0,0,0,8.881784197001252e-16,ok
824385,mlb,2026,2026-09-06,291,291,291,0,0,0,8.881784197001252e-16,ok
824469,mlb,2026,2026-09-06,365,365,365,0,0,0,8.881784197001252e-16,ok
824552,mlb,2026,2026-09-06,320,320,320,0,0,5,8.881784197001252e-16,ok
824794,mlb,2026,2026-09-06,288,288,288,0,0,0,8.881784197001252e-16,ok
823175,mlb,2026,2026-09-07,359,359,359,0,0,4,8.881784197001252e-16,ok
823254,mlb,2026,2026-09-07,257,257,257,0,0,0,8.881784197001252e-16,ok
823415,mlb,2026,2026-09-07,227,227,227,0,0,0,8.881784197001252e-16,ok
823742,mlb,2026,2026-09-07,277,277,277,0,0,0,8.881784197001252e-16,ok
823820,mlb,2026,2026-09-07,323,323,323,0,0,1,8.881784197001252e-16,ok
823902,mlb,2026,2026-09-07,269,269,269,0,0,4,8.881784197001252e-16,ok
824062,mlb,2026,2026-09-07,326,326,326,0,0,4,8.881784197001252e-16,ok
824229,mlb,2026,2026-09-07,282,282,282,0,0,0,8.881784197001252e-16,ok
824715,mlb,2026,2026-09-07,306,306,306,0,0,0,8.881784197001252e-16,ok
824793,mlb,2026,2026-09-07,314,314,314,0,0,0,8.881784197001252e-16,ok
824958,mlb,2026,2026-09-07,299,299,299,0,0,1,8.881784197001252e-16,ok
823092,mlb,2026,2026-09-08,334,334,334,0,0,0,4.440892098500626e-16,ok
823174,mlb,2026,2026-09-08,280,280,280,0,0,0,8.881784197001252e-16,ok
823250,mlb,2026,2026-09-08,262,262,262,0,0,0,8.881784197001252e-16,ok
823414,mlb,2026,2026-09-08,309,309,309,0,0,0,8.881784197001252e-16,ok
823500,mlb,2026,2026-09-08,273,273,273,0,0,1,8.881784197001252e-16,ok
823738,mlb,2026,2026-09-08,321,321,321,0,0,8,8.881784197001252e-16,ok
823821,mlb,2026,2026-09-08,287,287,287,0,0,0,8.881784197001252e-16,ok
823901,mlb,2026,2026-09-08,270,270,270,0,0,0,8.881784197001252e-16,ok
824063,mlb,2026,2026-09-08,367,367,367,0,0,6,8.881784197001252e-16,ok
824228,mlb,2026,2026-09-08,257,257,257,0,0,0,8.881784197001252e-16,ok
824551,mlb,2026,2026-09-08,300,300,300,0,0,0,8.881784197001252e-16,ok
824714,mlb,2026,2026-09-08,328,328,328,0,0,0,8.881784197001252e-16,ok
824792,mlb,2026,2026-09-08,311,311,311,0,0,1,8.881784197001252e-16,ok
824875,mlb,2026,2026-09-08,312,312,312,0,0,4,8.881784197001252e-16,ok
824957,mlb,2026,2026-09-08,261,261,261,0,0,0,8.881784197001252e-16,ok
823090,mlb,2026,2026-09-09,254,254,254,0,0,0,8.881784197001252e-16,ok
823172,mlb,2026,2026-09-09,282,282,282,0,0,2,8.881784197001252e-16,ok
823251,mlb,2026,2026-09-09,311,311,311,0,0,0,8.881784197001252e-16,ok
823416,mlb,2026,2026-09-09,306,306,306,0,0,0,8.881784197001252e-16,ok
823497,mlb,2026,2026-09-09,267,267,267,0,0,0,8.881784197001252e-16,ok
823739,mlb,2026,2026-09-09,324,324,324,0,0,0,8.881784197001252e-16,ok
823818,mlb,2026,2026-09-09,385,385,385,0,0,0,8.881784197001252e-16,ok
823900,mlb,2026,2026-09-09,285,285,285,0,0,0,1.7763568394002505e-15,ok
824064,mlb,2026,2026-09-09,283,283,283,0,0,0,8.881784197001252e-16,ok
824226,mlb,2026,2026-09-09,318,318,318,0,0,0,8.881784197001252e-16,ok
824549,mlb,2026,2026-09-09,298,298,298,0,0,0,8.881784197001252e-16,ok
824713,mlb,2026,2026-09-09,279,279,279,0,0,0,8.881784197001252e-16,ok
824791,mlb,2026,2026-09-09,288,288,288,0,0,0,8.881784197001252e-16,ok
824871,mlb,2026,2026-09-09,253,253,253,0,0,0,8.881784197001252e-16,ok
824956,mlb,2026,2026-09-09,249,249,249,0,0,1,8.881784197001252e-16,ok
823088,mlb,2026,2026-09-10,269,269,269,0,0,4,4.440892098500626e-16,ok
823413,mlb,2026,2026-09-10,258,258,258,0,0,2,4.440892098500626e-16,ok
823499,mlb,2026,2026-09-10,332,332,332,0,0,0,8.881784197001252e-16,ok
824550,mlb,2026,2026-09-10,258,258,258,0,0,0,8.881784197001252e-16,ok
824872,mlb,2026,2026-09-10,225,225,225,0,0,1,4.440892098500626e-16,ok
822684,mlb,2026,2026-09-11,295,295,295,0,0,0,8.881784197001252e-16,ok
822767,mlb,2026,2026-09-11,322,322,322,0,0,1,8.881784197001252e-16,ok
822930,mlb,2026,2026-09-11,232,232,232,0,0,0,8.881784197001252e-16,ok
823012,mlb,2026,2026-09-11,297,297,297,0,0,0,8.881784197001252e-16,ok
823173,mlb,2026,2026-09-11,326,326,326,0,0,1,8.881784197001252e-16,ok
823498,mlb,2026,2026-09-11,301,301,301,0,0,0,4.440892098500626e-16,ok
823659,mlb,2026,2026-09-11,300,300,300,0,0,0,8.881784197001252e-16,ok
823736,mlb,2026,2026-09-11,252,252,252,0,0,0,3.552713678800501e-15,ok
823817,mlb,2026,2026-09-11,310,310,310,0,0,4,8.881784197001252e-16,ok
824227,mlb,2026,2026-09-11,294,294,294,0,0,0,8.881784197001252e-16,ok
824631,mlb,2026,2026-09-11,279,279,279,0,0,0,8.881784197001252e-16,ok
824711,mlb,2026,2026-09-11,297,297,297,0,0,8,8.881784197001252e-16,ok
824873,mlb,2026,2026-09-11,312,312,312,0,0,0,8.881784197001252e-16,ok
824954,mlb,2026,2026-09-11,316,316,316,0,0,0,8.881784197001252e-16,ok
825036,mlb,2026,2026-09-11,300,300,300,0,0,4,8.881784197001252e-16,ok
822685,mlb,2026,2026-09-12,314,314,314,0,0,9,8.881784197001252e-16,ok
822768,mlb,2026,2026-09-12,303,303,303,0,0,2,8.881784197001252e-16,ok
822927,mlb,2026,2026-09-12,269,269,269,0,0,1,4.440892098500626e-16,ok
823009,mlb,2026,2026-09-12,336,336,336,0,0,0,8.881784197001252e-16,ok
823170,mlb,2026,2026-09-12,292,292,292,0,0,4,8.881784197001252e-16,ok
823496,mlb,2026,2026-09-12,267,267,267,0,0,1,8.881784197001252e-16,ok
823657,mlb,2026,2026-09-12,283,283,283,0,0,0,8.881784197001252e-16,ok
823737,mlb,2026,2026-09-12,340,340,340,0,0,1,8.881784197001252e-16,ok
823819,mlb,2026,2026-09-12,293,293,293,0,0,5,8.881784197001252e-16,ok
824224,mlb,2026,2026-09-12,342,342,342,0,0,1,8.881784197001252e-16,ok
824630,mlb,2026,2026-09-12,258,258,258,0,0,0,8.881784197001252e-16,ok
824712,mlb,2026,2026-09-12,255,255,255,0,0,0,8.881784197001252e-16,ok
824870,mlb,2026,2026-09-12,283,283,283,0,0,0,1.7763568394002505e-15,ok
824955,mlb,2026,2026-09-12,311,311,311,0,0,0,8.881784197001252e-16,ok
825035,mlb,2026,2026-09-12,286,286,286,0,0,0,8.881784197001252e-16,ok
822682,mlb,2026,2026-09-13,301,301,301,0,0,0,8.881784197001252e-16,ok
822764,mlb,2026,2026-09-13,315,315,315,0,0,0,8.881784197001252e-16,ok
822928,mlb,2026,2026-09-13,306,306,306,0,0,0,8.881784197001252e-16,ok
823008,mlb,2026,2026-09-13,262,262,262,0,0,0,8.881784197001252e-16,ok
823171,mlb,2026,2026-09-13,297,297,297,0,0,0,8.881784197001252e-16,ok
823495,mlb,2026,2026-09-13,250,250,250,0,0,0,8.881784197001252e-16,ok
823658,mlb,2026,2026-09-13,293,293,293,0,0,0,8.881784197001252e-16,ok
823734,mlb,2026,2026-09-13,277,277,277,0,0,0,8.881784197001252e-16,ok
823815,mlb,2026,2026-09-13,310,310,310,0,0,1,8.881784197001252e-16,ok
824225,mlb,2026,2026-09-13,298,298,298,0,0,0,8.881784197001252e-16,ok
824628,mlb,2026,2026-09-13,298,298,298,0,0,2,8.881784197001252e-16,ok
824708,mlb,2026,2026-09-13,292,292,292,0,0,1,8.881784197001252e-16,ok
824869,mlb,2026,2026-09-13,313,313,313,0,0,0,8.881784197001252e-16,ok
824952,mlb,2026,2026-09-13,353,353,353,0,0,1,8.881784197001252e-16,ok
825033,mlb,2026,2026-09-13,261,261,261,0,0,4,8.881784197001252e-16,ok
822765,mlb,2026,2026-09-14,327,327,327,0,0,0,8.881784197001252e-16,ok
823006,mlb,2026,2026-09-14,297,297,297,0,0,0,8.881784197001252e-16,ok
823575,mlb,2026,2026-09-14,295,295,295,0,0,0,8.881784197001252e-16,ok
823656,mlb,2026,2026-09-14,309,309,309,0,0,0,8.881784197001252e-16,ok
823981,mlb,2026,2026-09-14,271,271,271,0,0,0,8.881784197001252e-16,ok
824308,mlb,2026,2026-09-14,302,302,302,0,0,0,8.881784197001252e-16,ok
824386,mlb,2026,2026-09-14,340,340,340,0,0,0,8.881784197001252e-16,ok
824465,mlb,2026,2026-09-14,259,259,259,0,0,0,4.440892098500626e-16,ok
824629,mlb,2026,2026-09-14,295,295,295,0,0,0,8.881784197001252e-16,ok
825034,mlb,2026,2026-09-14,331,331,331,0,0,0,8.881784197001252e-16,ok
822683,mlb,2026,2026-09-15,260,260,260,0,0,0,8.881784197001252e-16,ok
822762,mlb,2026,2026-09-15,337,337,337,0,0,0,8.881784197001252e-16,ok
822849,mlb,2026,2026-09-15,305,305,305,0,0,2,8.881784197001252e-16,ok
822925,mlb,2026,2026-09-15,225,225,225,0,0,0,8.881784197001252e-16,ok
823007,mlb,2026,2026-09-15,320,320,320,0,0,0,8.881784197001252e-16,ok
823333,mlb,2026,2026-09-15,295,295,295,0,0,1,8.881784197001252e-16,ok
823574,mlb,2026,2026-09-15,326,326,326,0,0,8,8.881784197001252e-16,ok
823654,mlb,2026,2026-09-15,296,296,296,0,0,0,8.881784197001252e-16,ok
823980,mlb,2026,2026-09-15,252,252,252,0,0,0,8.881784197001252e-16,ok
824143,mlb,2026,2026-09-15,270,270,270,0,0,0,8.881784197001252e-16,ok
824307,mlb,2026,2026-09-15,271,271,271,0,0,0,8.881784197001252e-16,ok
824384,mlb,2026,2026-09-15,319,319,319,0,0,0,8.881784197001252e-16,ok
824466,mlb,2026,2026-09-15,281,281,281,0,0,0,8.881784197001252e-16,ok
824627,mlb,2026,2026-09-15,294,294,294,0,0,0,8.881784197001252e-16,ok
825030,mlb,2026,2026-09-15,376,376,376,0,0,8,8.881784197001252e-16,ok
822680,mlb,2026,2026-09-16,304,304,304,0,0,0,8.881784197001252e-16,ok
822763,mlb,2026,2026-09-16,275,275,275,0,0,1,8.881784197001252e-16,ok
822846,mlb,2026,2026-09-16,274,274,274,0,0,1,8.881784197001252e-16,ok
822926,mlb,2026,2026-09-16,232,232,232,0,0,0,8.881784197001252e-16,ok
823004,mlb,2026,2026-09-16,314,314,314,0,0,1,8.881784197001252e-16,ok
823332,mlb,2026,2026-09-16,296,296,296,0,0,0,8.881784197001252e-16,ok
823576,mlb,2026,2026-09-16,279,279,279,0,0,1,8.881784197001252e-16,ok
823655,mlb,2026,2026-09-16,402,402,402,0,0,4,8.881784197001252e-16,ok
823979,mlb,2026,2026-09-16,329,329,329,0,0,4,8.881784197001252e-16,ok
824140,mlb,2026,2026-09-16,289,289,289,0,0,4,8.881784197001252e-16,ok
824306,mlb,2026,2026-09-16,287,287,287,0,0,0,8.881784197001252e-16,ok
824382,mlb,2026,2026-09-16,276,276,276,0,0,0,8.881784197001252e-16,ok
824467,mlb,2026,2026-09-16,338,338,338,0,0,1,8.881784197001252e-16,ok
824626,mlb,2026,2026-09-16,305,305,305,0,0,0,8.881784197001252e-16,ok
825031,mlb,2026,2026-09-16,301,301,301,0,0,0,8.881784197001252e-16,ok
822845,mlb,2026,2026-09-17,301,301,301,0,0,1,8.881784197001252e-16,ok
822924,mlb,2026,2026-09-17,303,303,303,0,0,0,8.881784197001252e-16,ok
823334,mlb,2026,2026-09-17,315,315,315,0,0,0,8.881784197001252e-16,ok
823573,mlb,2026,2026-09-17,246,246,246,0,0,0,8.881784197001252e-16,ok
823978,mlb,2026,2026-09-17,302,302,302,0,0,8,8.881784197001252e-16,ok
824141,mlb,2026,2026-09-17,251,251,251,0,0,0,8.881784197001252e-16,ok
824305,mlb,2026,2026-09-17,324,324,324,0,0,0,8.881784197001252e-16,ok
824464,mlb,2026,2026-09-17,299,299,299,0,0,0,8.881784197001252e-16,ok
824548,mlb,2026,2026-09-17,287,287,287,0,0,0,8.881784197001252e-16,ok
822847,mlb,2026,2026-09-18,316,316,316,0,0,1,8.881784197001252e-16,ok
822923,mlb,2026,2026-09-18,317,317,317,0,0,0,8.881784197001252e-16,ok
823005,mlb,2026,2026-09-18,283,283,283,0,0,0,8.881784197001252e-16,ok
823252,mlb,2026,2026-09-18,285,285,285,0,0,0,8.881784197001252e-16,ok
823331,mlb,2026,2026-09-18,297,297,297,0,0,1,8.881784197001252e-16,ok
823572,mlb,2026,2026-09-18,267,267,267,0,0,0,8.881784197001252e-16,ok
823898,mlb,2026,2026-09-18,292,292,292,0,0,1,8.881784197001252e-16,ok
823977,mlb,2026,2026-09-18,253,253,253,0,0,1,8.881784197001252e-16,ok
824138,mlb,2026,2026-09-18,297,297,297,0,0,0,8.881784197001252e-16,ok
824303,mlb,2026,2026-09-18,300,300,300,0,0,1,8.881784197001252e-16,ok
824383,mlb,2026,2026-09-18,277,277,277,0,0,0,8.881784197001252e-16,ok
824463,mlb,2026,2026-09-18,310,310,310,0,0,1,8.881784197001252e-16,ok
824547,mlb,2026,2026-09-18,349,349,349,0,0,0,8.881784197001252e-16,ok
824790,mlb,2026,2026-09-18,377,377,377,0,0,0,8.881784197001252e-16,ok
825032,mlb,2026,2026-09-18,321,321,321,0,0,0,8.881784197001252e-16,ok
822843,mlb,2026,2026-09-19,254,254,254,0,0,9,8.881784197001252e-16,ok
822921,mlb,2026,2026-09-19,260,260,260,0,0,0,4.440892098500626e-16,ok
823003,mlb,2026,2026-09-19,412,412,412,0,0,3,8.881784197001252e-16,ok
823249,mlb,2026,2026-09-19,386,386,386,0,0,5,8.881784197001252e-16,ok
823330,mlb,2026,2026-09-19,295,295,295,0,0,0,8.881784197001252e-16,ok
823571,mlb,2026,2026-09-19,341,341,341,0,0,0,8.881784197001252e-16,ok
823899,mlb,2026,2026-09-19,322,322,322,0,0,0,8.881784197001252e-16,ok
823976,mlb,2026,2026-09-19,381,381,381,0,0,8,8.881784197001252e-16,ok
824137,mlb,2026,2026-09-19,296,296,296,0,0,0,8.881784197001252e-16,ok
824304,mlb,2026,2026-09-19,275,275,275,0,0,0,8.881784197001252e-16,ok
824380,mlb,2026,2026-09-19,293,293,293,0,0,0,8.881784197001252e-16,ok
824461,mlb,2026,2026-09-19,267,267,267,0,0,0,8.881784197001252e-16,ok
824545,mlb,2026,2026-09-19,280,280,280,0,0,1,8.881784197001252e-16,ok
824788,mlb,2026,2026-09-19,241,241,241,0,0,0,8.881784197001252e-16,ok
825029,mlb,2026,2026-09-19,269,269,269,0,0,0,8.881784197001252e-16,ok
822844,mlb,2026,2026-09-20,305,305,305,0,0,0,8.881784197001252e-16,ok
822922,mlb,2026,2026-09-20,238,238,238,0,0,0,8.881784197001252e-16,ok
823001,mlb,2026,2026-09-20,269,269,269,0,0,0,8.881784197001252e-16,ok
823247,mlb,2026,2026-09-20,242,242,242,0,0,0,8.881784197001252e-16,ok
823329,mlb,2026,2026-09-20,322,322,322,0,0,2,8.881784197001252e-16,ok
823570,mlb,2026,2026-09-20,326,326,326,0,0,0,8.881784197001252e-16,ok
823896,mlb,2026,2026-09-20,287,287,287,0,0,0,8.881784197001252e-16,ok
823975,mlb,2026,2026-09-20,290,290,290,0,0,0,8.881784197001252e-16,ok
824139,mlb,2026,2026-09-20,312,312,312,0,0,0,8.881784197001252e-16,ok
824300,mlb,2026,2026-09-20,268,268,268,0,0,0,8.881784197001252e-16,ok
824381,mlb,2026,2026-09-20,237,237,237,0,0,3,8.881784197001252e-16,ok
824462,mlb,2026,2026-09-20,277,277,277,0,0,0,8.881784197001252e-16,ok
824546,mlb,2026,2026-09-20,323,323,323,0,0,1,4.440892098500626e-16,ok
824789,mlb,2026,2026-09-20,279,279,279,0,0,0,8.881784197001252e-16,ok
825028,mlb,2026,2026-09-20,290,290,290,0,0,0,8.881784197001252e-16,ok
823169,mlb,2026,2026-09-21,279,279,279,0,0,0,8.881784197001252e-16,ok
824221,mlb,2026,2026-09-21,268,268,268,0,0,0,8.881784197001252e-16,ok
824787,mlb,2026,2026-09-21,251,251,251,0,0,1,8.881784197001252e-16,ok
