"cell_id","factor","factor_value","estimator","is_primary","status","status_note","estimand","units","component","point","lo95","hi95","flag_status","flag_sign","flag_crosses_zero","flag_excludes_primary","flag_excludes_bam_primary","flag_verifier","flagged","flag_reasons","recovery_disclosure","block","key","value","note"
"primary","primary","pre-registered primary","binned",TRUE,"ok","","area_sqin","sq in","delta_buffer",-29.4537647768059,-32.6496338506582,-26.4141108702056,FALSE,FALSE,FALSE,FALSE,TRUE,FALSE,TRUE,"excludes_bam_primary","","grid",,,
"r_0","r","0","binned",FALSE,"ok","","area_sqin","sq in","delta_buffer",-29.4537647768059,-32.6496338506582,-26.4141108702056,FALSE,FALSE,FALSE,FALSE,TRUE,FALSE,TRUE,"excludes_bam_primary","","grid",,,
"r_1.0","r","1.0","binned",FALSE,"ok","","area_sqin","sq in","delta_buffer",-29.4537647768059,-32.6496338506582,-26.4141108702056,FALSE,FALSE,FALSE,FALSE,TRUE,FALSE,TRUE,"excludes_bam_primary","","grid",,,
"r_1.45","r","1.45","binned",FALSE,"ok","the primary's configuration: the primary row's numbers, computed once","area_sqin","sq in","delta_buffer",-29.4537647768059,-32.6496338506582,-26.4141108702056,FALSE,FALSE,FALSE,FALSE,TRUE,FALSE,TRUE,"excludes_bam_primary","","grid",,,
"r_fitted","r","fitted","binned",FALSE,"ok","fitted r = 1.45 in (maximal run 1.45 to 1.45 in, 1 run(s)); 10,164 of 10,168 2026 challenges consistent at it, 10,164 at r = 1.45","area_sqin","sq in","delta_buffer",-29.4537647768059,-32.6496338506582,-26.4141108702056,FALSE,FALSE,FALSE,FALSE,TRUE,FALSE,TRUE,"excludes_bam_primary","","grid",,,
"height_abs_cohort","height source","ABS-measured cohort","binned",FALSE,"ok","","area_sqin","sq in","delta_buffer",-28.9272293230174,-32.0394021409119,-25.789069162365,FALSE,FALSE,FALSE,FALSE,TRUE,FALSE,TRUE,"excludes_bam_primary","","grid",,,
"height_roster_offset","height source","roster+offset","binned",FALSE,"ok","the primary's configuration: the primary row's numbers, computed once","area_sqin","sq in","delta_buffer",-29.4537647768059,-32.6496338506582,-26.4141108702056,FALSE,FALSE,FALSE,FALSE,TRUE,FALSE,TRUE,"excludes_bam_primary","","grid",,,
"height_ml_offset","height source","per-batter ML offset","binned",FALSE,"ok","336 batters with >= 150 near-edge 2022-2024 pitches, 3 on the grid bound kept the primary rule; median delta +0.00 in, IQR 1.80 in; 69.6% of rows re-heighted","area_sqin","sq in","delta_buffer",-29.7201406098809,-32.8847884402937,-26.8243696425262,FALSE,FALSE,FALSE,FALSE,TRUE,FALSE,TRUE,"excludes_bam_primary","","grid",,,
"shadow_2","shadow band","2","binned",FALSE,"ok","","area_sqin","sq in","delta_buffer",-29.4537647768059,-32.6496338506582,-26.4141108702056,FALSE,FALSE,FALSE,FALSE,TRUE,FALSE,TRUE,"excludes_bam_primary","","grid",,,
"shadow_3","shadow band","3","binned",FALSE,"ok","the primary's configuration: the primary row's numbers, computed once","area_sqin","sq in","delta_buffer",-29.4537647768059,-32.6496338506582,-26.4141108702056,FALSE,FALSE,FALSE,FALSE,TRUE,FALSE,TRUE,"excludes_bam_primary","","grid",,,
"shadow_4","shadow band","4","binned",FALSE,"ok","","area_sqin","sq in","delta_buffer",-29.4537647768059,-32.6496338506582,-26.4141108702056,FALSE,FALSE,FALSE,FALSE,TRUE,FALSE,TRUE,"excludes_bam_primary","","grid",,,
"band_6","band restriction","6","binned",FALSE,"ok","","area_sqin","sq in","delta_buffer",-28.9700734062048,-32.2324313373464,-25.7797830508715,FALSE,FALSE,FALSE,FALSE,TRUE,FALSE,TRUE,"excludes_bam_primary","","grid",,,
"band_8","band restriction","8","binned",FALSE,"ok","the primary's configuration: the primary row's numbers, computed once","area_sqin","sq in","delta_buffer",-29.4537647768059,-32.6496338506582,-26.4141108702056,FALSE,FALSE,FALSE,FALSE,TRUE,FALSE,TRUE,"excludes_bam_primary","","grid",,,
"band_unrestricted","band restriction","unrestricted","binned",FALSE,"ok","","area_sqin","sq in","delta_buffer",-29.6730915690205,-32.5473041088658,-26.8159216059883,FALSE,FALSE,FALSE,FALSE,TRUE,FALSE,TRUE,"excludes_bam_primary","","grid",,,
"plane_mid","plane","mid","binned",FALSE,"ok","the primary's configuration: the primary row's numbers, computed once","area_sqin","sq in","delta_buffer",-29.4537647768059,-32.6496338506582,-26.4141108702056,FALSE,FALSE,FALSE,FALSE,TRUE,FALSE,TRUE,"excludes_bam_primary","","grid",,,
"plane_front","plane","front","binned",FALSE,"ok","d, zn and edge on the front-of-plate pair","area_sqin","sq in","delta_buffer",-27.9735535680905,-30.6819455338458,-25.3934632696372,FALSE,FALSE,FALSE,FALSE,TRUE,FALSE,TRUE,"excludes_bam_primary","","grid",,,
"blocked_ball_in","blocked_ball","in","binned",FALSE,"ok","the primary's configuration: the primary row's numbers, computed once","area_sqin","sq in","delta_buffer",-29.4537647768059,-32.6496338506582,-26.4141108702056,FALSE,FALSE,FALSE,FALSE,TRUE,FALSE,TRUE,"excludes_bam_primary","","grid",,,
"blocked_ball_out","blocked_ball","out","binned",FALSE,"ok","76,240 blocked_ball rows dropped","area_sqin","sq in","delta_buffer",-29.4726689797475,-32.5609553474635,-26.472194239472,FALSE,FALSE,FALSE,FALSE,TRUE,FALSE,TRUE,"excludes_bam_primary","","grid",,,
"pp_in","position-player pitchers","in","binned",FALSE,"ok","5,039 position-player pitches added","area_sqin","sq in","delta_buffer",-28.8715642819503,-31.9859923963371,-25.9869125349018,FALSE,FALSE,FALSE,FALSE,TRUE,FALSE,TRUE,"excludes_bam_primary","","grid",,,
"pp_out","position-player pitchers","out","binned",FALSE,"ok","the primary's configuration: the primary row's numbers, computed once","area_sqin","sq in","delta_buffer",-29.4537647768059,-32.6496338506582,-26.4141108702056,FALSE,FALSE,FALSE,FALSE,TRUE,FALSE,TRUE,"excludes_bam_primary","","grid",,,
"postseason_in","postseason","in","binned",FALSE,"deferred","the warehouse's open view holds no 2022-2025 postseason called pitch (game_type F, D, L, W): the Statcast and schedule pulls cover game_type R only; the cell runs on the first pass that finds rows","area_sqin","sq in","delta_buffer",,,,TRUE,FALSE,FALSE,FALSE,FALSE,FALSE,TRUE,"status","","grid",,,
"postseason_out","postseason","out","binned",FALSE,"ok","the primary's configuration: the primary row's numbers, computed once","area_sqin","sq in","delta_buffer",-29.4537647768059,-32.6496338506582,-26.4141108702056,FALSE,FALSE,FALSE,FALSE,TRUE,FALSE,TRUE,"excludes_bam_primary","","grid",,,
"k_0.75x","k","0.75x","binned",FALSE,"ok","","area_sqin","sq in","delta_buffer",-29.4442926725133,-32.2984140485656,-26.5938721531145,FALSE,FALSE,FALSE,FALSE,TRUE,FALSE,TRUE,"excludes_bam_primary","","grid",,,
"k_1.5x","k","1.5x","binned",FALSE,"ok","","area_sqin","sq in","delta_buffer",-29.2016883448546,-32.2539187139937,-25.8385454506131,FALSE,FALSE,FALSE,FALSE,TRUE,FALSE,TRUE,"excludes_bam_primary","","grid",,,
"mix_2024","standardisation mix","2024","binned",FALSE,"ok","the primary's configuration: the primary row's numbers, computed once","area_sqin","sq in","delta_buffer",-29.4537647768059,-32.6496338506582,-26.4141108702056,FALSE,FALSE,FALSE,FALSE,TRUE,FALSE,TRUE,"excludes_bam_primary","","grid",,,
"mix_2025","standardisation mix","2025","binned",FALSE,"ok","","area_sqin","sq in","delta_buffer",-29.4551535173597,-32.6595954859362,-26.4193034572546,FALSE,FALSE,FALSE,FALSE,TRUE,FALSE,TRUE,"excludes_bam_primary","","grid",,,
"mix_unweighted","standardisation mix","unweighted","binned",FALSE,"ok","","area_sqin","sq in","delta_buffer",-29.5790687647587,-32.4086104449215,-26.8866832068423,FALSE,FALSE,FALSE,FALSE,TRUE,FALSE,TRUE,"excludes_bam_primary","","grid",,,
"primary","primary","pre-registered primary","bam",TRUE,"ok","","area_sqin","sq in","delta_buffer",-23.431579551808,-28.3180170876189,-18.5724894168008,FALSE,FALSE,FALSE,FALSE,FALSE,FALSE,FALSE,"","","grid",,,
"height_abs_cohort","height source","ABS-measured cohort","bam",FALSE,"ok","","area_sqin","sq in","delta_buffer",-23.839987399793,-29.3291380940688,-18.4002067972452,FALSE,FALSE,FALSE,FALSE,FALSE,FALSE,FALSE,"","","grid",,,
"plane_front","plane","front","bam",FALSE,"ok","d, zn and edge on the front-of-plate pair","area_sqin","sq in","delta_buffer",-22.2221426173177,-27.3180600668145,-16.829679726515,FALSE,FALSE,FALSE,FALSE,FALSE,FALSE,FALSE,"","","grid",,,
"k_0.75x","k","0.75x","bam",FALSE,"ok","","area_sqin","sq in","delta_buffer",-23.3952489865021,-28.5206295335997,-18.4712248318548,FALSE,FALSE,FALSE,FALSE,FALSE,FALSE,FALSE,"","","grid",,,
"mix_unweighted","standardisation mix","unweighted","bam",FALSE,"ok","","area_sqin","sq in","delta_buffer",-22.4698061311312,-27.2758044226175,-17.327160427779,FALSE,FALSE,FALSE,FALSE,FALSE,FALSE,FALSE,"","","grid",,,
"primary","primary","pre-registered primary","binned",TRUE,"ok","","area_sqin","sq in","delta_abs",-40.7239957987056,-43.5635402447867,-38.0237350378015,FALSE,FALSE,FALSE,FALSE,TRUE,FALSE,TRUE,"excludes_bam_primary","","grid",,,
"r_0","r","0","binned",FALSE,"ok","","area_sqin","sq in","delta_abs",-40.7239957987056,-43.5635402447867,-38.0237350378015,FALSE,FALSE,FALSE,FALSE,TRUE,FALSE,TRUE,"excludes_bam_primary","","grid",,,
"r_1.0","r","1.0","binned",FALSE,"ok","","area_sqin","sq in","delta_abs",-40.7239957987056,-43.5635402447867,-38.0237350378015,FALSE,FALSE,FALSE,FALSE,TRUE,FALSE,TRUE,"excludes_bam_primary","","grid",,,
"r_1.45","r","1.45","binned",FALSE,"ok","the primary's configuration: the primary row's numbers, computed once","area_sqin","sq in","delta_abs",-40.7239957987056,-43.5635402447867,-38.0237350378015,FALSE,FALSE,FALSE,FALSE,TRUE,FALSE,TRUE,"excludes_bam_primary","","grid",,,
"r_fitted","r","fitted","binned",FALSE,"ok","fitted r = 1.45 in (maximal run 1.45 to 1.45 in, 1 run(s)); 10,164 of 10,168 2026 challenges consistent at it, 10,164 at r = 1.45","area_sqin","sq in","delta_abs",-40.7239957987056,-43.5635402447867,-38.0237350378015,FALSE,FALSE,FALSE,FALSE,TRUE,FALSE,TRUE,"excludes_bam_primary","","grid",,,
"height_abs_cohort","height source","ABS-measured cohort","binned",FALSE,"ok","","area_sqin","sq in","delta_abs",-38.609333310111,-41.5944057696358,-35.7858984434972,FALSE,FALSE,FALSE,FALSE,TRUE,FALSE,TRUE,"excludes_bam_primary","","grid",,,
"height_roster_offset","height source","roster+offset","binned",FALSE,"ok","the primary's configuration: the primary row's numbers, computed once","area_sqin","sq in","delta_abs",-40.7239957987056,-43.5635402447867,-38.0237350378015,FALSE,FALSE,FALSE,FALSE,TRUE,FALSE,TRUE,"excludes_bam_primary","","grid",,,
"height_ml_offset","height source","per-batter ML offset","binned",FALSE,"ok","336 batters with >= 150 near-edge 2022-2024 pitches, 3 on the grid bound kept the primary rule; median delta +0.00 in, IQR 1.80 in; 69.6% of rows re-heighted","area_sqin","sq in","delta_abs",-40.501063382534,-43.4934292567983,-37.9696188890935,FALSE,FALSE,FALSE,FALSE,TRUE,FALSE,TRUE,"excludes_bam_primary","","grid",,,
"shadow_2","shadow band","2","binned",FALSE,"ok","","area_sqin","sq in","delta_abs",-40.7239957987056,-43.5635402447867,-38.0237350378015,FALSE,FALSE,FALSE,FALSE,TRUE,FALSE,TRUE,"excludes_bam_primary","","grid",,,
"shadow_3","shadow band","3","binned",FALSE,"ok","the primary's configuration: the primary row's numbers, computed once","area_sqin","sq in","delta_abs",-40.7239957987056,-43.5635402447867,-38.0237350378015,FALSE,FALSE,FALSE,FALSE,TRUE,FALSE,TRUE,"excludes_bam_primary","","grid",,,
"shadow_4","shadow band","4","binned",FALSE,"ok","","area_sqin","sq in","delta_abs",-40.7239957987056,-43.5635402447867,-38.0237350378015,FALSE,FALSE,FALSE,FALSE,TRUE,FALSE,TRUE,"excludes_bam_primary","","grid",,,
"band_6","band restriction","6","binned",FALSE,"ok","","area_sqin","sq in","delta_abs",-40.4729416190713,-43.2625019117281,-37.6763968090962,FALSE,FALSE,FALSE,FALSE,TRUE,FALSE,TRUE,"excludes_bam_primary","","grid",,,
"band_8","band restriction","8","binned",FALSE,"ok","the primary's configuration: the primary row's numbers, computed once","area_sqin","sq in","delta_abs",-40.7239957987056,-43.5635402447867,-38.0237350378015,FALSE,FALSE,FALSE,FALSE,TRUE,FALSE,TRUE,"excludes_bam_primary","","grid",,,
"band_unrestricted","band restriction","unrestricted","binned",FALSE,"ok","","area_sqin","sq in","delta_abs",-40.6021315699922,-43.4909396032018,-38.0350183081963,FALSE,FALSE,FALSE,FALSE,TRUE,FALSE,TRUE,"excludes_bam_primary","","grid",,,
"plane_mid","plane","mid","binned",FALSE,"ok","the primary's configuration: the primary row's numbers, computed once","area_sqin","sq in","delta_abs",-40.7239957987056,-43.5635402447867,-38.0237350378015,FALSE,FALSE,FALSE,FALSE,TRUE,FALSE,TRUE,"excludes_bam_primary","","grid",,,
"plane_front","plane","front","binned",FALSE,"ok","d, zn and edge on the front-of-plate pair","area_sqin","sq in","delta_abs",-37.5593497159977,-40.4375406061575,-35.0223838075028,FALSE,FALSE,FALSE,TRUE,TRUE,FALSE,TRUE,"excludes_primary;excludes_bam_primary","","grid",,,
"blocked_ball_in","blocked_ball","in","binned",FALSE,"ok","the primary's configuration: the primary row's numbers, computed once","area_sqin","sq in","delta_abs",-40.7239957987056,-43.5635402447867,-38.0237350378015,FALSE,FALSE,FALSE,FALSE,TRUE,FALSE,TRUE,"excludes_bam_primary","","grid",,,
"blocked_ball_out","blocked_ball","out","binned",FALSE,"ok","76,240 blocked_ball rows dropped","area_sqin","sq in","delta_abs",-40.7432082673064,-43.6348378782506,-37.8062629664436,FALSE,FALSE,FALSE,FALSE,TRUE,FALSE,TRUE,"excludes_bam_primary","","grid",,,
"pp_in","position-player pitchers","in","binned",FALSE,"ok","5,039 position-player pitches added","area_sqin","sq in","delta_abs",-40.1999938415619,-43.1019342346238,-37.4069242052919,FALSE,FALSE,FALSE,FALSE,TRUE,FALSE,TRUE,"excludes_bam_primary","","grid",,,
"pp_out","position-player pitchers","out","binned",FALSE,"ok","the primary's configuration: the primary row's numbers, computed once","area_sqin","sq in","delta_abs",-40.7239957987056,-43.5635402447867,-38.0237350378015,FALSE,FALSE,FALSE,FALSE,TRUE,FALSE,TRUE,"excludes_bam_primary","","grid",,,
"postseason_in","postseason","in","binned",FALSE,"deferred","the warehouse's open view holds no 2022-2025 postseason called pitch (game_type F, D, L, W): the Statcast and schedule pulls cover game_type R only; the cell runs on the first pass that finds rows","area_sqin","sq in","delta_abs",,,,TRUE,FALSE,FALSE,FALSE,FALSE,FALSE,TRUE,"status","","grid",,,
"postseason_out","postseason","out","binned",FALSE,"ok","the primary's configuration: the primary row's numbers, computed once","area_sqin","sq in","delta_abs",-40.7239957987056,-43.5635402447867,-38.0237350378015,FALSE,FALSE,FALSE,FALSE,TRUE,FALSE,TRUE,"excludes_bam_primary","","grid",,,
"k_0.75x","k","0.75x","binned",FALSE,"ok","","area_sqin","sq in","delta_abs",-39.9175131632339,-42.477225334888,-37.6052484209335,FALSE,FALSE,FALSE,FALSE,TRUE,FALSE,TRUE,"excludes_bam_primary","","grid",,,
"k_1.5x","k","1.5x","binned",FALSE,"ok","","area_sqin","sq in","delta_abs",-41.0535814549016,-44.3470742455043,-37.2801936542476,FALSE,FALSE,FALSE,FALSE,TRUE,FALSE,TRUE,"excludes_bam_primary","","grid",,,
"mix_2024","standardisation mix","2024","binned",FALSE,"ok","the primary's configuration: the primary row's numbers, computed once","area_sqin","sq in","delta_abs",-40.7239957987056,-43.5635402447867,-38.0237350378015,FALSE,FALSE,FALSE,FALSE,TRUE,FALSE,TRUE,"excludes_bam_primary","","grid",,,
"mix_2025","standardisation mix","2025","binned",FALSE,"ok","","area_sqin","sq in","delta_abs",-40.7264454888467,-43.5813662099872,-37.9938176249923,FALSE,FALSE,FALSE,FALSE,TRUE,FALSE,TRUE,"excludes_bam_primary","","grid",,,
"mix_unweighted","standardisation mix","unweighted","binned",FALSE,"ok","","area_sqin","sq in","delta_abs",-39.8026065677263,-42.7395473045867,-36.9520484202689,FALSE,FALSE,FALSE,FALSE,TRUE,FALSE,TRUE,"excludes_bam_primary","","grid",,,
"primary","primary","pre-registered primary","bam",TRUE,"ok","","area_sqin","sq in","delta_abs",-33.101134459375,-37.4559952260529,-28.740883241359,FALSE,FALSE,FALSE,FALSE,FALSE,FALSE,FALSE,"","","grid",,,
"height_abs_cohort","height source","ABS-measured cohort","bam",FALSE,"ok","","area_sqin","sq in","delta_abs",-32.201700726187,-36.7698796539122,-27.901587495131,FALSE,FALSE,FALSE,FALSE,FALSE,FALSE,FALSE,"","","grid",,,
"plane_front","plane","front","bam",FALSE,"ok","d, zn and edge on the front-of-plate pair","area_sqin","sq in","delta_abs",-31.8112961979447,-35.7091590918393,-27.7730505160678,FALSE,FALSE,FALSE,FALSE,FALSE,FALSE,FALSE,"","","grid",,,
"k_0.75x","k","0.75x","bam",FALSE,"ok","","area_sqin","sq in","delta_abs",-33.1466552841034,-37.1991233132699,-29.1478515506387,FALSE,FALSE,FALSE,FALSE,FALSE,FALSE,FALSE,"","","grid",,,
"mix_unweighted","standardisation mix","unweighted","bam",FALSE,"ok","","area_sqin","sq in","delta_abs",-31.5743329469442,-35.6276336795106,-27.5773696818738,FALSE,FALSE,FALSE,FALSE,FALSE,FALSE,FALSE,"","","grid",,,
"primary","primary","pre-registered primary","binned",TRUE,"ok","","top_in","in","delta_buffer",-0.186733201958326,-0.270849281301474,-0.109468135278828,FALSE,FALSE,FALSE,FALSE,FALSE,FALSE,FALSE,"","annex 8.7, D-R0-04: in the synthetic recovery the top edge's 95% interval covered the truth in 91 of 100 injected replicates (bound 93), and its null 90% interval lay inside +/-0.10 in in 44 of 50 (bound 47), so an equivalence reading of the top edge is underpowered","grid",,,
"r_0","r","0","binned",FALSE,"ok","","top_in","in","delta_buffer",-0.186733201958326,-0.270849281301474,-0.109468135278828,FALSE,FALSE,FALSE,FALSE,FALSE,FALSE,FALSE,"","annex 8.7, D-R0-04: in the synthetic recovery the top edge's 95% interval covered the truth in 91 of 100 injected replicates (bound 93), and its null 90% interval lay inside +/-0.10 in in 44 of 50 (bound 47), so an equivalence reading of the top edge is underpowered","grid",,,
"r_1.0","r","1.0","binned",FALSE,"ok","","top_in","in","delta_buffer",-0.186733201958326,-0.270849281301474,-0.109468135278828,FALSE,FALSE,FALSE,FALSE,FALSE,FALSE,FALSE,"","annex 8.7, D-R0-04: in the synthetic recovery the top edge's 95% interval covered the truth in 91 of 100 injected replicates (bound 93), and its null 90% interval lay inside +/-0.10 in in 44 of 50 (bound 47), so an equivalence reading of the top edge is underpowered","grid",,,
"r_1.45","r","1.45","binned",FALSE,"ok","the primary's configuration: the primary row's numbers, computed once","top_in","in","delta_buffer",-0.186733201958326,-0.270849281301474,-0.109468135278828,FALSE,FALSE,FALSE,FALSE,FALSE,FALSE,FALSE,"","annex 8.7, D-R0-04: in the synthetic recovery the top edge's 95% interval covered the truth in 91 of 100 injected replicates (bound 93), and its null 90% interval lay inside +/-0.10 in in 44 of 50 (bound 47), so an equivalence reading of the top edge is underpowered","grid",,,
"r_fitted","r","fitted","binned",FALSE,"ok","fitted r = 1.45 in (maximal run 1.45 to 1.45 in, 1 run(s)); 10,164 of 10,168 2026 challenges consistent at it, 10,164 at r = 1.45","top_in","in","delta_buffer",-0.186733201958326,-0.270849281301474,-0.109468135278828,FALSE,FALSE,FALSE,FALSE,FALSE,FALSE,FALSE,"","annex 8.7, D-R0-04: in the synthetic recovery the top edge's 95% interval covered the truth in 91 of 100 injected replicates (bound 93), and its null 90% interval lay inside +/-0.10 in in 44 of 50 (bound 47), so an equivalence reading of the top edge is underpowered","grid",,,
"height_abs_cohort","height source","ABS-measured cohort","binned",FALSE,"ok","","top_in","in","delta_buffer",-0.213080351957949,-0.306703660498952,-0.135439051001678,FALSE,FALSE,FALSE,FALSE,FALSE,FALSE,FALSE,"","annex 8.7, D-R0-04: in the synthetic recovery the top edge's 95% interval covered the truth in 91 of 100 injected replicates (bound 93), and its null 90% interval lay inside +/-0.10 in in 44 of 50 (bound 47), so an equivalence reading of the top edge is underpowered","grid",,,
"height_roster_offset","height source","roster+offset","binned",FALSE,"ok","the primary's configuration: the primary row's numbers, computed once","top_in","in","delta_buffer",-0.186733201958326,-0.270849281301474,-0.109468135278828,FALSE,FALSE,FALSE,FALSE,FALSE,FALSE,FALSE,"","annex 8.7, D-R0-04: in the synthetic recovery the top edge's 95% interval covered the truth in 91 of 100 injected replicates (bound 93), and its null 90% interval lay inside +/-0.10 in in 44 of 50 (bound 47), so an equivalence reading of the top edge is underpowered","grid",,,
"height_ml_offset","height source","per-batter ML offset","binned",FALSE,"ok","336 batters with >= 150 near-edge 2022-2024 pitches, 3 on the grid bound kept the primary rule; median delta +0.00 in, IQR 1.80 in; 69.6% of rows re-heighted","top_in","in","delta_buffer",-0.213875343173555,-0.294964987909485,-0.141089315675476,FALSE,FALSE,FALSE,FALSE,FALSE,FALSE,FALSE,"","annex 8.7, D-R0-04: in the synthetic recovery the top edge's 95% interval covered the truth in 91 of 100 injected replicates (bound 93), and its null 90% interval lay inside +/-0.10 in in 44 of 50 (bound 47), so an equivalence reading of the top edge is underpowered","grid",,,
"shadow_2","shadow band","2","binned",FALSE,"ok","","top_in","in","delta_buffer",-0.186733201958326,-0.270849281301474,-0.109468135278828,FALSE,FALSE,FALSE,FALSE,FALSE,FALSE,FALSE,"","annex 8.7, D-R0-04: in the synthetic recovery the top edge's 95% interval covered the truth in 91 of 100 injected replicates (bound 93), and its null 90% interval lay inside +/-0.10 in in 44 of 50 (bound 47), so an equivalence reading of the top edge is underpowered","grid",,,
"shadow_3","shadow band","3","binned",FALSE,"ok","the primary's configuration: the primary row's numbers, computed once","top_in","in","delta_buffer",-0.186733201958326,-0.270849281301474,-0.109468135278828,FALSE,FALSE,FALSE,FALSE,FALSE,FALSE,FALSE,"","annex 8.7, D-R0-04: in the synthetic recovery the top edge's 95% interval covered the truth in 91 of 100 injected replicates (bound 93), and its null 90% interval lay inside +/-0.10 in in 44 of 50 (bound 47), so an equivalence reading of the top edge is underpowered","grid",,,
"shadow_4","shadow band","4","binned",FALSE,"ok","","top_in","in","delta_buffer",-0.186733201958326,-0.270849281301474,-0.109468135278828,FALSE,FALSE,FALSE,FALSE,FALSE,FALSE,FALSE,"","annex 8.7, D-R0-04: in the synthetic recovery the top edge's 95% interval covered the truth in 91 of 100 injected replicates (bound 93), and its null 90% interval lay inside +/-0.10 in in 44 of 50 (bound 47), so an equivalence reading of the top edge is underpowered","grid",,,
"band_6","band restriction","6","binned",FALSE,"ok","","top_in","in","delta_buffer",-0.175265141893725,-0.256883917602623,-0.0982954230326673,FALSE,FALSE,FALSE,FALSE,FALSE,FALSE,FALSE,"","annex 8.7, D-R0-04: in the synthetic recovery the top edge's 95% interval covered the truth in 91 of 100 injected replicates (bound 93), and its null 90% interval lay inside +/-0.10 in in 44 of 50 (bound 47), so an equivalence reading of the top edge is underpowered","grid",,,
"band_8","band restriction","8","binned",FALSE,"ok","the primary's configuration: the primary row's numbers, computed once","top_in","in","delta_buffer",-0.186733201958326,-0.270849281301474,-0.109468135278828,FALSE,FALSE,FALSE,FALSE,FALSE,FALSE,FALSE,"","annex 8.7, D-R0-04: in the synthetic recovery the top edge's 95% interval covered the truth in 91 of 100 injected replicates (bound 93), and its null 90% interval lay inside +/-0.10 in in 44 of 50 (bound 47), so an equivalence reading of the top edge is underpowered","grid",,,
"band_unrestricted","band restriction","unrestricted","binned",FALSE,"ok","","top_in","in","delta_buffer",-0.204585771745833,-0.292674301947036,-0.128635344670298,FALSE,FALSE,FALSE,FALSE,FALSE,FALSE,FALSE,"","annex 8.7, D-R0-04: in the synthetic recovery the top edge's 95% interval covered the truth in 91 of 100 injected replicates (bound 93), and its null 90% interval lay inside +/-0.10 in in 44 of 50 (bound 47), so an equivalence reading of the top edge is underpowered","grid",,,
"plane_mid","plane","mid","binned",FALSE,"ok","the primary's configuration: the primary row's numbers, computed once","top_in","in","delta_buffer",-0.186733201958326,-0.270849281301474,-0.109468135278828,FALSE,FALSE,FALSE,FALSE,FALSE,FALSE,FALSE,"","annex 8.7, D-R0-04: in the synthetic recovery the top edge's 95% interval covered the truth in 91 of 100 injected replicates (bound 93), and its null 90% interval lay inside +/-0.10 in in 44 of 50 (bound 47), so an equivalence reading of the top edge is underpowered","grid",,,
"plane_front","plane","front","binned",FALSE,"ok","d, zn and edge on the front-of-plate pair","top_in","in","delta_buffer",-0.199192502396919,-0.271813583438836,-0.124603862017301,FALSE,FALSE,FALSE,FALSE,FALSE,FALSE,FALSE,"","annex 8.7, D-R0-04: in the synthetic recovery the top edge's 95% interval covered the truth in 91 of 100 injected replicates (bound 93), and its null 90% interval lay inside +/-0.10 in in 44 of 50 (bound 47), so an equivalence reading of the top edge is underpowered","grid",,,
"blocked_ball_in","blocked_ball","in","binned",FALSE,"ok","the primary's configuration: the primary row's numbers, computed once","top_in","in","delta_buffer",-0.186733201958326,-0.270849281301474,-0.109468135278828,FALSE,FALSE,FALSE,FALSE,FALSE,FALSE,FALSE,"","annex 8.7, D-R0-04: in the synthetic recovery the top edge's 95% interval covered the truth in 91 of 100 injected replicates (bound 93), and its null 90% interval lay inside +/-0.10 in in 44 of 50 (bound 47), so an equivalence reading of the top edge is underpowered","grid",,,
"blocked_ball_out","blocked_ball","out","binned",FALSE,"ok","76,240 blocked_ball rows dropped","top_in","in","delta_buffer",-0.185045456314697,-0.262030148916977,-0.110168724109757,FALSE,FALSE,FALSE,FALSE,FALSE,FALSE,FALSE,"","annex 8.7, D-R0-04: in the synthetic recovery the top edge's 95% interval covered the truth in 91 of 100 injected replicates (bound 93), and its null 90% interval lay inside +/-0.10 in in 44 of 50 (bound 47), so an equivalence reading of the top edge is underpowered","grid",,,
"pp_in","position-player pitchers","in","binned",FALSE,"ok","5,039 position-player pitches added","top_in","in","delta_buffer",-0.168635374240502,-0.247298741443285,-0.0943281723284589,FALSE,FALSE,FALSE,FALSE,FALSE,FALSE,FALSE,"","annex 8.7, D-R0-04: in the synthetic recovery the top edge's 95% interval covered the truth in 91 of 100 injected replicates (bound 93), and its null 90% interval lay inside +/-0.10 in in 44 of 50 (bound 47), so an equivalence reading of the top edge is underpowered","grid",,,
"pp_out","position-player pitchers","out","binned",FALSE,"ok","the primary's configuration: the primary row's numbers, computed once","top_in","in","delta_buffer",-0.186733201958326,-0.270849281301474,-0.109468135278828,FALSE,FALSE,FALSE,FALSE,FALSE,FALSE,FALSE,"","annex 8.7, D-R0-04: in the synthetic recovery the top edge's 95% interval covered the truth in 91 of 100 injected replicates (bound 93), and its null 90% interval lay inside +/-0.10 in in 44 of 50 (bound 47), so an equivalence reading of the top edge is underpowered","grid",,,
"postseason_in","postseason","in","binned",FALSE,"deferred","the warehouse's open view holds no 2022-2025 postseason called pitch (game_type F, D, L, W): the Statcast and schedule pulls cover game_type R only; the cell runs on the first pass that finds rows","top_in","in","delta_buffer",,,,TRUE,FALSE,FALSE,FALSE,FALSE,FALSE,TRUE,"status","annex 8.7, D-R0-04: in the synthetic recovery the top edge's 95% interval covered the truth in 91 of 100 injected replicates (bound 93), and its null 90% interval lay inside +/-0.10 in in 44 of 50 (bound 47), so an equivalence reading of the top edge is underpowered","grid",,,
"postseason_out","postseason","out","binned",FALSE,"ok","the primary's configuration: the primary row's numbers, computed once","top_in","in","delta_buffer",-0.186733201958326,-0.270849281301474,-0.109468135278828,FALSE,FALSE,FALSE,FALSE,FALSE,FALSE,FALSE,"","annex 8.7, D-R0-04: in the synthetic recovery the top edge's 95% interval covered the truth in 91 of 100 injected replicates (bound 93), and its null 90% interval lay inside +/-0.10 in in 44 of 50 (bound 47), so an equivalence reading of the top edge is underpowered","grid",,,
"k_0.75x","k","0.75x","binned",FALSE,"ok","","top_in","in","delta_buffer",-0.188330545705149,-0.264253397086443,-0.10692964296869,FALSE,FALSE,FALSE,FALSE,FALSE,FALSE,FALSE,"","annex 8.7, D-R0-04: in the synthetic recovery the top edge's 95% interval covered the truth in 91 of 100 injected replicates (bound 93), and its null 90% interval lay inside +/-0.10 in in 44 of 50 (bound 47), so an equivalence reading of the top edge is underpowered","grid",,,
"k_1.5x","k","1.5x","binned",FALSE,"ok","","top_in","in","delta_buffer",-0.188613335514418,-0.266816457751446,-0.111583308069089,FALSE,FALSE,FALSE,FALSE,FALSE,FALSE,FALSE,"","annex 8.7, D-R0-04: in the synthetic recovery the top edge's 95% interval covered the truth in 91 of 100 injected replicates (bound 93), and its null 90% interval lay inside +/-0.10 in in 44 of 50 (bound 47), so an equivalence reading of the top edge is underpowered","grid",,,
"mix_2024","standardisation mix","2024","binned",FALSE,"ok","the primary's configuration: the primary row's numbers, computed once","top_in","in","delta_buffer",-0.186733201958326,-0.270849281301474,-0.109468135278828,FALSE,FALSE,FALSE,FALSE,FALSE,FALSE,FALSE,"","annex 8.7, D-R0-04: in the synthetic recovery the top edge's 95% interval covered the truth in 91 of 100 injected replicates (bound 93), and its null 90% interval lay inside +/-0.10 in in 44 of 50 (bound 47), so an equivalence reading of the top edge is underpowered","grid",,,
"mix_2025","standardisation mix","2025","binned",FALSE,"ok","","top_in","in","delta_buffer",-0.186683692482859,-0.270807845531989,-0.109420943213433,FALSE,FALSE,FALSE,FALSE,FALSE,FALSE,FALSE,"","annex 8.7, D-R0-04: in the synthetic recovery the top edge's 95% interval covered the truth in 91 of 100 injected replicates (bound 93), and its null 90% interval lay inside +/-0.10 in in 44 of 50 (bound 47), so an equivalence reading of the top edge is underpowered","grid",,,
"mix_unweighted","standardisation mix","unweighted","binned",FALSE,"ok","","top_in","in","delta_buffer",-0.210076181310768,-0.288650032001286,-0.132845019705118,FALSE,FALSE,FALSE,FALSE,FALSE,FALSE,FALSE,"","annex 8.7, D-R0-04: in the synthetic recovery the top edge's 95% interval covered the truth in 91 of 100 injected replicates (bound 93), and its null 90% interval lay inside +/-0.10 in in 44 of 50 (bound 47), so an equivalence reading of the top edge is underpowered","grid",,,
"primary","primary","pre-registered primary","bam",TRUE,"ok","","top_in","in","delta_buffer",-0.183386971048307,-0.321007409298702,-0.0484866882402617,FALSE,FALSE,FALSE,FALSE,FALSE,FALSE,FALSE,"","annex 8.7, D-R0-04: in the synthetic recovery the top edge's 95% interval covered the truth in 91 of 100 injected replicates (bound 93), and its null 90% interval lay inside +/-0.10 in in 44 of 50 (bound 47), so an equivalence reading of the top edge is underpowered","grid",,,
"height_abs_cohort","height source","ABS-measured cohort","bam",FALSE,"ok","","top_in","in","delta_buffer",-0.23603484009827,-0.376450088453283,-0.0872739718835087,FALSE,FALSE,FALSE,FALSE,FALSE,FALSE,FALSE,"","annex 8.7, D-R0-04: in the synthetic recovery the top edge's 95% interval covered the truth in 91 of 100 injected replicates (bound 93), and its null 90% interval lay inside +/-0.10 in in 44 of 50 (bound 47), so an equivalence reading of the top edge is underpowered","grid",,,
"plane_front","plane","front","bam",FALSE,"ok","d, zn and edge on the front-of-plate pair","top_in","in","delta_buffer",-0.163085599505983,-0.30374413652922,-0.0252314042077746,FALSE,FALSE,FALSE,FALSE,FALSE,FALSE,FALSE,"","annex 8.7, D-R0-04: in the synthetic recovery the top edge's 95% interval covered the truth in 91 of 100 injected replicates (bound 93), and its null 90% interval lay inside +/-0.10 in in 44 of 50 (bound 47), so an equivalence reading of the top edge is underpowered","grid",,,
"k_0.75x","k","0.75x","bam",FALSE,"ok","","top_in","in","delta_buffer",-0.177960457846602,-0.318282805700153,-0.0341985353189459,FALSE,FALSE,FALSE,FALSE,FALSE,FALSE,FALSE,"","annex 8.7, D-R0-04: in the synthetic recovery the top edge's 95% interval covered the truth in 91 of 100 injected replicates (bound 93), and its null 90% interval lay inside +/-0.10 in in 44 of 50 (bound 47), so an equivalence reading of the top edge is underpowered","grid",,,
"mix_unweighted","standardisation mix","unweighted","bam",FALSE,"ok","","top_in","in","delta_buffer",-0.165686942820784,-0.30236613932004,-0.0299638644655753,FALSE,FALSE,FALSE,FALSE,FALSE,FALSE,FALSE,"","annex 8.7, D-R0-04: in the synthetic recovery the top edge's 95% interval covered the truth in 91 of 100 injected replicates (bound 93), and its null 90% interval lay inside +/-0.10 in in 44 of 50 (bound 47), so an equivalence reading of the top edge is underpowered","grid",,,
"primary","primary","pre-registered primary","binned",TRUE,"ok","","top_in","in","delta_abs",-0.724100843849641,-0.814209312625135,-0.637148395644974,FALSE,FALSE,FALSE,FALSE,TRUE,FALSE,TRUE,"excludes_bam_primary","annex 8.7, D-R0-04: in the synthetic recovery the top edge's 95% interval covered the truth in 91 of 100 injected replicates (bound 93), and its null 90% interval lay inside +/-0.10 in in 44 of 50 (bound 47), so an equivalence reading of the top edge is underpowered","grid",,,
"r_0","r","0","binned",FALSE,"ok","","top_in","in","delta_abs",-0.724100843849641,-0.814209312625135,-0.637148395644974,FALSE,FALSE,FALSE,FALSE,TRUE,FALSE,TRUE,"excludes_bam_primary","annex 8.7, D-R0-04: in the synthetic recovery the top edge's 95% interval covered the truth in 91 of 100 injected replicates (bound 93), and its null 90% interval lay inside +/-0.10 in in 44 of 50 (bound 47), so an equivalence reading of the top edge is underpowered","grid",,,
"r_1.0","r","1.0","binned",FALSE,"ok","","top_in","in","delta_abs",-0.724100843849641,-0.814209312625135,-0.637148395644974,FALSE,FALSE,FALSE,FALSE,TRUE,FALSE,TRUE,"excludes_bam_primary","annex 8.7, D-R0-04: in the synthetic recovery the top edge's 95% interval covered the truth in 91 of 100 injected replicates (bound 93), and its null 90% interval lay inside +/-0.10 in in 44 of 50 (bound 47), so an equivalence reading of the top edge is underpowered","grid",,,
"r_1.45","r","1.45","binned",FALSE,"ok","the primary's configuration: the primary row's numbers, computed once","top_in","in","delta_abs",-0.724100843849641,-0.814209312625135,-0.637148395644974,FALSE,FALSE,FALSE,FALSE,TRUE,FALSE,TRUE,"excludes_bam_primary","annex 8.7, D-R0-04: in the synthetic recovery the top edge's 95% interval covered the truth in 91 of 100 injected replicates (bound 93), and its null 90% interval lay inside +/-0.10 in in 44 of 50 (bound 47), so an equivalence reading of the top edge is underpowered","grid",,,
"r_fitted","r","fitted","binned",FALSE,"ok","fitted r = 1.45 in (maximal run 1.45 to 1.45 in, 1 run(s)); 10,164 of 10,168 2026 challenges consistent at it, 10,164 at r = 1.45","top_in","in","delta_abs",-0.724100843849641,-0.814209312625135,-0.637148395644974,FALSE,FALSE,FALSE,FALSE,TRUE,FALSE,TRUE,"excludes_bam_primary","annex 8.7, D-R0-04: in the synthetic recovery the top edge's 95% interval covered the truth in 91 of 100 injected replicates (bound 93), and its null 90% interval lay inside +/-0.10 in in 44 of 50 (bound 47), so an equivalence reading of the top edge is underpowered","grid",,,
"height_abs_cohort","height source","ABS-measured cohort","binned",FALSE,"ok","","top_in","in","delta_abs",-0.667127956763593,-0.754833792053898,-0.577883404158754,FALSE,FALSE,FALSE,FALSE,FALSE,FALSE,FALSE,"","annex 8.7, D-R0-04: in the synthetic recovery the top edge's 95% interval covered the truth in 91 of 100 injected replicates (bound 93), and its null 90% interval lay inside +/-0.10 in in 44 of 50 (bound 47), so an equivalence reading of the top edge is underpowered","grid",,,
"height_roster_offset","height source","roster+offset","binned",FALSE,"ok","the primary's configuration: the primary row's numbers, computed once","top_in","in","delta_abs",-0.724100843849641,-0.814209312625135,-0.637148395644974,FALSE,FALSE,FALSE,FALSE,TRUE,FALSE,TRUE,"excludes_bam_primary","annex 8.7, D-R0-04: in the synthetic recovery the top edge's 95% interval covered the truth in 91 of 100 injected replicates (bound 93), and its null 90% interval lay inside +/-0.10 in in 44 of 50 (bound 47), so an equivalence reading of the top edge is underpowered","grid",,,
"height_ml_offset","height source","per-batter ML offset","binned",FALSE,"ok","336 batters with >= 150 near-edge 2022-2024 pitches, 3 on the grid bound kept the primary rule; median delta +0.00 in, IQR 1.80 in; 69.6% of rows re-heighted","top_in","in","delta_abs",-0.707790012037421,-0.802585012230848,-0.624923150562547,FALSE,FALSE,FALSE,FALSE,FALSE,FALSE,FALSE,"","annex 8.7, D-R0-04: in the synthetic recovery the top edge's 95% interval covered the truth in 91 of 100 injected replicates (bound 93), and its null 90% interval lay inside +/-0.10 in in 44 of 50 (bound 47), so an equivalence reading of the top edge is underpowered","grid",,,
"shadow_2","shadow band","2","binned",FALSE,"ok","","top_in","in","delta_abs",-0.724100843849641,-0.814209312625135,-0.637148395644974,FALSE,FALSE,FALSE,FALSE,TRUE,FALSE,TRUE,"excludes_bam_primary","annex 8.7, D-R0-04: in the synthetic recovery the top edge's 95% interval covered the truth in 91 of 100 injected replicates (bound 93), and its null 90% interval lay inside +/-0.10 in in 44 of 50 (bound 47), so an equivalence reading of the top edge is underpowered","grid",,,
"shadow_3","shadow band","3","binned",FALSE,"ok","the primary's configuration: the primary row's numbers, computed once","top_in","in","delta_abs",-0.724100843849641,-0.814209312625135,-0.637148395644974,FALSE,FALSE,FALSE,FALSE,TRUE,FALSE,TRUE,"excludes_bam_primary","annex 8.7, D-R0-04: in the synthetic recovery the top edge's 95% interval covered the truth in 91 of 100 injected replicates (bound 93), and its null 90% interval lay inside +/-0.10 in in 44 of 50 (bound 47), so an equivalence reading of the top edge is underpowered","grid",,,
"shadow_4","shadow band","4","binned",FALSE,"ok","","top_in","in","delta_abs",-0.724100843849641,-0.814209312625135,-0.637148395644974,FALSE,FALSE,FALSE,FALSE,TRUE,FALSE,TRUE,"excludes_bam_primary","annex 8.7, D-R0-04: in the synthetic recovery the top edge's 95% interval covered the truth in 91 of 100 injected replicates (bound 93), and its null 90% interval lay inside +/-0.10 in in 44 of 50 (bound 47), so an equivalence reading of the top edge is underpowered","grid",,,
"band_6","band restriction","6","binned",FALSE,"ok","","top_in","in","delta_abs",-0.707302461462625,-0.794661876540375,-0.610966299489177,FALSE,FALSE,FALSE,FALSE,FALSE,FALSE,FALSE,"","annex 8.7, D-R0-04: in the synthetic recovery the top edge's 95% interval covered the truth in 91 of 100 injected replicates (bound 93), and its null 90% interval lay inside +/-0.10 in in 44 of 50 (bound 47), so an equivalence reading of the top edge is underpowered","grid",,,
"band_8","band restriction","8","binned",FALSE,"ok","the primary's configuration: the primary row's numbers, computed once","top_in","in","delta_abs",-0.724100843849641,-0.814209312625135,-0.637148395644974,FALSE,FALSE,FALSE,FALSE,TRUE,FALSE,TRUE,"excludes_bam_primary","annex 8.7, D-R0-04: in the synthetic recovery the top edge's 95% interval covered the truth in 91 of 100 injected replicates (bound 93), and its null 90% interval lay inside +/-0.10 in in 44 of 50 (bound 47), so an equivalence reading of the top edge is underpowered","grid",,,
"band_unrestricted","band restriction","unrestricted","binned",FALSE,"ok","","top_in","in","delta_abs",-0.752343341835697,-0.847288101906414,-0.67196233399539,FALSE,FALSE,FALSE,FALSE,TRUE,FALSE,TRUE,"excludes_bam_primary","annex 8.7, D-R0-04: in the synthetic recovery the top edge's 95% interval covered the truth in 91 of 100 injected replicates (bound 93), and its null 90% interval lay inside +/-0.10 in in 44 of 50 (bound 47), so an equivalence reading of the top edge is underpowered","grid",,,
"plane_mid","plane","mid","binned",FALSE,"ok","the primary's configuration: the primary row's numbers, computed once","top_in","in","delta_abs",-0.724100843849641,-0.814209312625135,-0.637148395644974,FALSE,FALSE,FALSE,FALSE,TRUE,FALSE,TRUE,"excludes_bam_primary","annex 8.7, D-R0-04: in the synthetic recovery the top edge's 95% interval covered the truth in 91 of 100 injected replicates (bound 93), and its null 90% interval lay inside +/-0.10 in in 44 of 50 (bound 47), so an equivalence reading of the top edge is underpowered","grid",,,
"plane_front","plane","front","binned",FALSE,"ok","d, zn and edge on the front-of-plate pair","top_in","in","delta_abs",-0.682095067600578,-0.77016096725375,-0.592623586069702,FALSE,FALSE,FALSE,FALSE,FALSE,FALSE,FALSE,"","annex 8.7, D-R0-04: in the synthetic recovery the top edge's 95% interval covered the truth in 91 of 100 injected replicates (bound 93), and its null 90% interval lay inside +/-0.10 in in 44 of 50 (bound 47), so an equivalence reading of the top edge is underpowered","grid",,,
"blocked_ball_in","blocked_ball","in","binned",FALSE,"ok","the primary's configuration: the primary row's numbers, computed once","top_in","in","delta_abs",-0.724100843849641,-0.814209312625135,-0.637148395644974,FALSE,FALSE,FALSE,FALSE,TRUE,FALSE,TRUE,"excludes_bam_primary","annex 8.7, D-R0-04: in the synthetic recovery the top edge's 95% interval covered the truth in 91 of 100 injected replicates (bound 93), and its null 90% interval lay inside +/-0.10 in in 44 of 50 (bound 47), so an equivalence reading of the top edge is underpowered","grid",,,
"blocked_ball_out","blocked_ball","out","binned",FALSE,"ok","76,240 blocked_ball rows dropped","top_in","in","delta_abs",-0.72237898738954,-0.815716047933736,-0.636088811373103,FALSE,FALSE,FALSE,FALSE,TRUE,FALSE,TRUE,"excludes_bam_primary","annex 8.7, D-R0-04: in the synthetic recovery the top edge's 95% interval covered the truth in 91 of 100 injected replicates (bound 93), and its null 90% interval lay inside +/-0.10 in in 44 of 50 (bound 47), so an equivalence reading of the top edge is underpowered","grid",,,
"pp_in","position-player pitchers","in","binned",FALSE,"ok","5,039 position-player pitches added","top_in","in","delta_abs",-0.710253863627514,-0.800452146366494,-0.618404447762521,FALSE,FALSE,FALSE,FALSE,FALSE,FALSE,FALSE,"","annex 8.7, D-R0-04: in the synthetic recovery the top edge's 95% interval covered the truth in 91 of 100 injected replicates (bound 93), and its null 90% interval lay inside +/-0.10 in in 44 of 50 (bound 47), so an equivalence reading of the top edge is underpowered","grid",,,
"pp_out","position-player pitchers","out","binned",FALSE,"ok","the primary's configuration: the primary row's numbers, computed once","top_in","in","delta_abs",-0.724100843849641,-0.814209312625135,-0.637148395644974,FALSE,FALSE,FALSE,FALSE,TRUE,FALSE,TRUE,"excludes_bam_primary","annex 8.7, D-R0-04: in the synthetic recovery the top edge's 95% interval covered the truth in 91 of 100 injected replicates (bound 93), and its null 90% interval lay inside +/-0.10 in in 44 of 50 (bound 47), so an equivalence reading of the top edge is underpowered","grid",,,
"postseason_in","postseason","in","binned",FALSE,"deferred","the warehouse's open view holds no 2022-2025 postseason called pitch (game_type F, D, L, W): the Statcast and schedule pulls cover game_type R only; the cell runs on the first pass that finds rows","top_in","in","delta_abs",,,,TRUE,FALSE,FALSE,FALSE,FALSE,FALSE,TRUE,"status","annex 8.7, D-R0-04: in the synthetic recovery the top edge's 95% interval covered the truth in 91 of 100 injected replicates (bound 93), and its null 90% interval lay inside +/-0.10 in in 44 of 50 (bound 47), so an equivalence reading of the top edge is underpowered","grid",,,
"postseason_out","postseason","out","binned",FALSE,"ok","the primary's configuration: the primary row's numbers, computed once","top_in","in","delta_abs",-0.724100843849641,-0.814209312625135,-0.637148395644974,FALSE,FALSE,FALSE,FALSE,TRUE,FALSE,TRUE,"excludes_bam_primary","annex 8.7, D-R0-04: in the synthetic recovery the top edge's 95% interval covered the truth in 91 of 100 injected replicates (bound 93), and its null 90% interval lay inside +/-0.10 in in 44 of 50 (bound 47), so an equivalence reading of the top edge is underpowered","grid",,,
"k_0.75x","k","0.75x","binned",FALSE,"ok","","top_in","in","delta_abs",-0.708906205397639,-0.797474838002897,-0.636341499127249,FALSE,FALSE,FALSE,FALSE,TRUE,FALSE,TRUE,"excludes_bam_primary","annex 8.7, D-R0-04: in the synthetic recovery the top edge's 95% interval covered the truth in 91 of 100 injected replicates (bound 93), and its null 90% interval lay inside +/-0.10 in in 44 of 50 (bound 47), so an equivalence reading of the top edge is underpowered","grid",,,
"k_1.5x","k","1.5x","binned",FALSE,"ok","","top_in","in","delta_abs",-0.753952400821319,-0.85691725248081,-0.645638595104839,FALSE,FALSE,FALSE,FALSE,TRUE,FALSE,TRUE,"excludes_bam_primary","annex 8.7, D-R0-04: in the synthetic recovery the top edge's 95% interval covered the truth in 91 of 100 injected replicates (bound 93), and its null 90% interval lay inside +/-0.10 in in 44 of 50 (bound 47), so an equivalence reading of the top edge is underpowered","grid",,,
"mix_2024","standardisation mix","2024","binned",FALSE,"ok","the primary's configuration: the primary row's numbers, computed once","top_in","in","delta_abs",-0.724100843849641,-0.814209312625135,-0.637148395644974,FALSE,FALSE,FALSE,FALSE,TRUE,FALSE,TRUE,"excludes_bam_primary","annex 8.7, D-R0-04: in the synthetic recovery the top edge's 95% interval covered the truth in 91 of 100 injected replicates (bound 93), and its null 90% interval lay inside +/-0.10 in in 44 of 50 (bound 47), so an equivalence reading of the top edge is underpowered","grid",,,
"mix_2025","standardisation mix","2025","binned",FALSE,"ok","","top_in","in","delta_abs",-0.72393107261248,-0.814032549024991,-0.636759432221096,FALSE,FALSE,FALSE,FALSE,TRUE,FALSE,TRUE,"excludes_bam_primary","annex 8.7, D-R0-04: in the synthetic recovery the top edge's 95% interval covered the truth in 91 of 100 injected replicates (bound 93), and its null 90% interval lay inside +/-0.10 in in 44 of 50 (bound 47), so an equivalence reading of the top edge is underpowered","grid",,,
"mix_unweighted","standardisation mix","unweighted","binned",FALSE,"ok","","top_in","in","delta_abs",-0.755948639307512,-0.84427930915017,-0.662584194759839,FALSE,FALSE,FALSE,FALSE,TRUE,FALSE,TRUE,"excludes_bam_primary","annex 8.7, D-R0-04: in the synthetic recovery the top edge's 95% interval covered the truth in 91 of 100 injected replicates (bound 93), and its null 90% interval lay inside +/-0.10 in in 44 of 50 (bound 47), so an equivalence reading of the top edge is underpowered","grid",,,
"primary","primary","pre-registered primary","bam",TRUE,"ok","","top_in","in","delta_abs",-0.629507858382397,-0.757709363312923,-0.504192135932619,FALSE,FALSE,FALSE,FALSE,FALSE,FALSE,FALSE,"","annex 8.7, D-R0-04: in the synthetic recovery the top edge's 95% interval covered the truth in 91 of 100 injected replicates (bound 93), and its null 90% interval lay inside +/-0.10 in in 44 of 50 (bound 47), so an equivalence reading of the top edge is underpowered","grid",,,
"height_abs_cohort","height source","ABS-measured cohort","bam",FALSE,"ok","","top_in","in","delta_abs",-0.618723557960372,-0.743698071989462,-0.494093926252418,FALSE,FALSE,FALSE,FALSE,FALSE,FALSE,FALSE,"","annex 8.7, D-R0-04: in the synthetic recovery the top edge's 95% interval covered the truth in 91 of 100 injected replicates (bound 93), and its null 90% interval lay inside +/-0.10 in in 44 of 50 (bound 47), so an equivalence reading of the top edge is underpowered","grid",,,
"plane_front","plane","front","bam",FALSE,"ok","d, zn and edge on the front-of-plate pair","top_in","in","delta_abs",-0.608217859620204,-0.728034011252831,-0.492052849067012,FALSE,FALSE,FALSE,FALSE,FALSE,FALSE,FALSE,"","annex 8.7, D-R0-04: in the synthetic recovery the top edge's 95% interval covered the truth in 91 of 100 injected replicates (bound 93), and its null 90% interval lay inside +/-0.10 in in 44 of 50 (bound 47), so an equivalence reading of the top edge is underpowered","grid",,,
"k_0.75x","k","0.75x","bam",FALSE,"ok","","top_in","in","delta_abs",-0.625533795485971,-0.753605477360636,-0.503925835961374,FALSE,FALSE,FALSE,FALSE,FALSE,FALSE,FALSE,"","annex 8.7, D-R0-04: in the synthetic recovery the top edge's 95% interval covered the truth in 91 of 100 injected replicates (bound 93), and its null 90% interval lay inside +/-0.10 in in 44 of 50 (bound 47), so an equivalence reading of the top edge is underpowered","grid",,,
"mix_unweighted","standardisation mix","unweighted","bam",FALSE,"ok","","top_in","in","delta_abs",-0.616435879243689,-0.742635940351381,-0.492410949784187,FALSE,FALSE,FALSE,FALSE,FALSE,FALSE,FALSE,"","annex 8.7, D-R0-04: in the synthetic recovery the top edge's 95% interval covered the truth in 91 of 100 injected replicates (bound 93), and its null 90% interval lay inside +/-0.10 in in 44 of 50 (bound 47), so an equivalence reading of the top edge is underpowered","grid",,,
"primary","primary","pre-registered primary","binned",TRUE,"ok","","bot_in","in","delta_buffer",0.204977184557595,0.146878772434687,0.263141111511829,FALSE,FALSE,FALSE,FALSE,FALSE,FALSE,FALSE,"","","grid",,,
"r_0","r","0","binned",FALSE,"ok","","bot_in","in","delta_buffer",0.204977184557595,0.146878772434687,0.263141111511829,FALSE,FALSE,FALSE,FALSE,FALSE,FALSE,FALSE,"","","grid",,,
"r_1.0","r","1.0","binned",FALSE,"ok","","bot_in","in","delta_buffer",0.204977184557595,0.146878772434687,0.263141111511829,FALSE,FALSE,FALSE,FALSE,FALSE,FALSE,FALSE,"","","grid",,,
"r_1.45","r","1.45","binned",FALSE,"ok","the primary's configuration: the primary row's numbers, computed once","bot_in","in","delta_buffer",0.204977184557595,0.146878772434687,0.263141111511829,FALSE,FALSE,FALSE,FALSE,FALSE,FALSE,FALSE,"","","grid",,,
"r_fitted","r","fitted","binned",FALSE,"ok","fitted r = 1.45 in (maximal run 1.45 to 1.45 in, 1 run(s)); 10,164 of 10,168 2026 challenges consistent at it, 10,164 at r = 1.45","bot_in","in","delta_buffer",0.204977184557595,0.146878772434687,0.263141111511829,FALSE,FALSE,FALSE,FALSE,FALSE,FALSE,FALSE,"","","grid",,,
"height_abs_cohort","height source","ABS-measured cohort","binned",FALSE,"ok","","bot_in","in","delta_buffer",0.159543560209315,0.101021086901447,0.221016504877165,FALSE,FALSE,FALSE,FALSE,FALSE,FALSE,FALSE,"","","grid",,,
"height_roster_offset","height source","roster+offset","binned",FALSE,"ok","the primary's configuration: the primary row's numbers, computed once","bot_in","in","delta_buffer",0.204977184557595,0.146878772434687,0.263141111511829,FALSE,FALSE,FALSE,FALSE,FALSE,FALSE,FALSE,"","","grid",,,
"height_ml_offset","height source","per-batter ML offset","binned",FALSE,"ok","336 batters with >= 150 near-edge 2022-2024 pitches, 3 on the grid bound kept the primary rule; median delta +0.00 in, IQR 1.80 in; 69.6% of rows re-heighted","bot_in","in","delta_buffer",0.196458399455715,0.14079974796169,0.256601229923577,FALSE,FALSE,FALSE,FALSE,FALSE,FALSE,FALSE,"","","grid",,,
"shadow_2","shadow band","2","binned",FALSE,"ok","","bot_in","in","delta_buffer",0.204977184557595,0.146878772434687,0.263141111511829,FALSE,FALSE,FALSE,FALSE,FALSE,FALSE,FALSE,"","","grid",,,
"shadow_3","shadow band","3","binned",FALSE,"ok","the primary's configuration: the primary row's numbers, computed once","bot_in","in","delta_buffer",0.204977184557595,0.146878772434687,0.263141111511829,FALSE,FALSE,FALSE,FALSE,FALSE,FALSE,FALSE,"","","grid",,,
"shadow_4","shadow band","4","binned",FALSE,"ok","","bot_in","in","delta_buffer",0.204977184557595,0.146878772434687,0.263141111511829,FALSE,FALSE,FALSE,FALSE,FALSE,FALSE,FALSE,"","","grid",,,
"band_6","band restriction","6","binned",FALSE,"ok","","bot_in","in","delta_buffer",0.196411833092682,0.137701397718286,0.250028774298508,FALSE,FALSE,FALSE,FALSE,FALSE,FALSE,FALSE,"","","grid",,,
"band_8","band restriction","8","binned",FALSE,"ok","the primary's configuration: the primary row's numbers, computed once","bot_in","in","delta_buffer",0.204977184557595,0.146878772434687,0.263141111511829,FALSE,FALSE,FALSE,FALSE,FALSE,FALSE,FALSE,"","","grid",,,
"band_unrestricted","band restriction","unrestricted","binned",FALSE,"ok","","bot_in","in","delta_buffer",0.216954192735212,0.151929972242154,0.274228378910762,FALSE,FALSE,FALSE,FALSE,FALSE,FALSE,FALSE,"","","grid",,,
"plane_mid","plane","mid","binned",FALSE,"ok","the primary's configuration: the primary row's numbers, computed once","bot_in","in","delta_buffer",0.204977184557595,0.146878772434687,0.263141111511829,FALSE,FALSE,FALSE,FALSE,FALSE,FALSE,FALSE,"","","grid",,,
"plane_front","plane","front","binned",FALSE,"ok","d, zn and edge on the front-of-plate pair","bot_in","in","delta_buffer",0.195737466233439,0.139791094908075,0.2577842263257,FALSE,FALSE,FALSE,FALSE,FALSE,FALSE,FALSE,"","","grid",,,
"blocked_ball_in","blocked_ball","in","binned",FALSE,"ok","the primary's configuration: the primary row's numbers, computed once","bot_in","in","delta_buffer",0.204977184557595,0.146878772434687,0.263141111511829,FALSE,FALSE,FALSE,FALSE,FALSE,FALSE,FALSE,"","","grid",,,
"blocked_ball_out","blocked_ball","out","binned",FALSE,"ok","76,240 blocked_ball rows dropped","bot_in","in","delta_buffer",0.2059833203237,0.150282604161502,0.263522322787326,FALSE,FALSE,FALSE,FALSE,FALSE,FALSE,FALSE,"","","grid",,,
"pp_in","position-player pitchers","in","binned",FALSE,"ok","5,039 position-player pitches added","bot_in","in","delta_buffer",0.207760707899695,0.151275105300753,0.264126136886124,FALSE,FALSE,FALSE,FALSE,FALSE,FALSE,FALSE,"","","grid",,,
"pp_out","position-player pitchers","out","binned",FALSE,"ok","the primary's configuration: the primary row's numbers, computed once","bot_in","in","delta_buffer",0.204977184557595,0.146878772434687,0.263141111511829,FALSE,FALSE,FALSE,FALSE,FALSE,FALSE,FALSE,"","","grid",,,
"postseason_in","postseason","in","binned",FALSE,"deferred","the warehouse's open view holds no 2022-2025 postseason called pitch (game_type F, D, L, W): the Statcast and schedule pulls cover game_type R only; the cell runs on the first pass that finds rows","bot_in","in","delta_buffer",,,,TRUE,FALSE,FALSE,FALSE,FALSE,FALSE,TRUE,"status","","grid",,,
"postseason_out","postseason","out","binned",FALSE,"ok","the primary's configuration: the primary row's numbers, computed once","bot_in","in","delta_buffer",0.204977184557595,0.146878772434687,0.263141111511829,FALSE,FALSE,FALSE,FALSE,FALSE,FALSE,FALSE,"","","grid",,,
"k_0.75x","k","0.75x","binned",FALSE,"ok","","bot_in","in","delta_buffer",0.199114039336177,0.142202378935097,0.254776846109758,FALSE,FALSE,FALSE,FALSE,FALSE,FALSE,FALSE,"","","grid",,,
"k_1.5x","k","1.5x","binned",FALSE,"ok","","bot_in","in","delta_buffer",0.193950568097907,0.137305003300124,0.253090878508983,FALSE,FALSE,FALSE,FALSE,FALSE,FALSE,FALSE,"","","grid",,,
"mix_2024","standardisation mix","2024","binned",FALSE,"ok","the primary's configuration: the primary row's numbers, computed once","bot_in","in","delta_buffer",0.204977184557595,0.146878772434687,0.263141111511829,FALSE,FALSE,FALSE,FALSE,FALSE,FALSE,FALSE,"","","grid",,,
"mix_2025","standardisation mix","2025","binned",FALSE,"ok","","bot_in","in","delta_buffer",0.204823823815481,0.146790432513059,0.26296431845223,FALSE,FALSE,FALSE,FALSE,FALSE,FALSE,FALSE,"","","grid",,,
"mix_unweighted","standardisation mix","unweighted","binned",FALSE,"ok","","bot_in","in","delta_buffer",0.202608452128381,0.141102852119489,0.269081802884665,FALSE,FALSE,FALSE,FALSE,FALSE,FALSE,FALSE,"","","grid",,,
"primary","primary","pre-registered primary","bam",TRUE,"ok","","bot_in","in","delta_buffer",0.179700380305668,0.0767631909846226,0.287209568825735,FALSE,FALSE,FALSE,FALSE,FALSE,FALSE,FALSE,"","","grid",,,
"height_abs_cohort","height source","ABS-measured cohort","bam",FALSE,"ok","","bot_in","in","delta_buffer",0.141410774819057,0.0334129904358803,0.249949105978298,FALSE,FALSE,FALSE,FALSE,FALSE,FALSE,FALSE,"","","grid",,,
"plane_front","plane","front","bam",FALSE,"ok","d, zn and edge on the front-of-plate pair","bot_in","in","delta_buffer",0.189801109603046,0.0858745746117409,0.288898231861851,FALSE,FALSE,FALSE,FALSE,FALSE,FALSE,FALSE,"","","grid",,,
"k_0.75x","k","0.75x","bam",FALSE,"ok","","bot_in","in","delta_buffer",0.183127469737709,0.0799686202129065,0.287459391507147,FALSE,FALSE,FALSE,FALSE,FALSE,FALSE,FALSE,"","","grid",,,
"mix_unweighted","standardisation mix","unweighted","bam",FALSE,"ok","","bot_in","in","delta_buffer",0.180431408120914,0.076164900164778,0.283306219481829,FALSE,FALSE,FALSE,FALSE,FALSE,FALSE,FALSE,"","","grid",,,
"primary","primary","pre-registered primary","binned",TRUE,"ok","","bot_in","in","delta_abs",0.624235426698256,0.566955636275279,0.685695533940511,FALSE,FALSE,FALSE,FALSE,FALSE,FALSE,FALSE,"","","grid",,,
"r_0","r","0","binned",FALSE,"ok","","bot_in","in","delta_abs",0.624235426698256,0.566955636275279,0.685695533940511,FALSE,FALSE,FALSE,FALSE,FALSE,FALSE,FALSE,"","","grid",,,
"r_1.0","r","1.0","binned",FALSE,"ok","","bot_in","in","delta_abs",0.624235426698256,0.566955636275279,0.685695533940511,FALSE,FALSE,FALSE,FALSE,FALSE,FALSE,FALSE,"","","grid",,,
"r_1.45","r","1.45","binned",FALSE,"ok","the primary's configuration: the primary row's numbers, computed once","bot_in","in","delta_abs",0.624235426698256,0.566955636275279,0.685695533940511,FALSE,FALSE,FALSE,FALSE,FALSE,FALSE,FALSE,"","","grid",,,
"r_fitted","r","fitted","binned",FALSE,"ok","fitted r = 1.45 in (maximal run 1.45 to 1.45 in, 1 run(s)); 10,164 of 10,168 2026 challenges consistent at it, 10,164 at r = 1.45","bot_in","in","delta_abs",0.624235426698256,0.566955636275279,0.685695533940511,FALSE,FALSE,FALSE,FALSE,FALSE,FALSE,FALSE,"","","grid",,,
"height_abs_cohort","height source","ABS-measured cohort","binned",FALSE,"ok","","bot_in","in","delta_abs",0.584540326976992,0.52315664141862,0.653914062686031,FALSE,FALSE,FALSE,FALSE,FALSE,FALSE,FALSE,"","","grid",,,
"height_roster_offset","height source","roster+offset","binned",FALSE,"ok","the primary's configuration: the primary row's numbers, computed once","bot_in","in","delta_abs",0.624235426698256,0.566955636275279,0.685695533940511,FALSE,FALSE,FALSE,FALSE,FALSE,FALSE,FALSE,"","","grid",,,
"height_ml_offset","height source","per-batter ML offset","binned",FALSE,"ok","336 batters with >= 150 near-edge 2022-2024 pitches, 3 on the grid bound kept the primary rule; median delta +0.00 in, IQR 1.80 in; 69.6% of rows re-heighted","bot_in","in","delta_abs",0.637074943614309,0.577825037891806,0.70050017418816,FALSE,FALSE,FALSE,FALSE,FALSE,FALSE,FALSE,"","","grid",,,
"shadow_2","shadow band","2","binned",FALSE,"ok","","bot_in","in","delta_abs",0.624235426698256,0.566955636275279,0.685695533940511,FALSE,FALSE,FALSE,FALSE,FALSE,FALSE,FALSE,"","","grid",,,
"shadow_3","shadow band","3","binned",FALSE,"ok","the primary's configuration: the primary row's numbers, computed once","bot_in","in","delta_abs",0.624235426698256,0.566955636275279,0.685695533940511,FALSE,FALSE,FALSE,FALSE,FALSE,FALSE,FALSE,"","","grid",,,
"shadow_4","shadow band","4","binned",FALSE,"ok","","bot_in","in","delta_abs",0.624235426698256,0.566955636275279,0.685695533940511,FALSE,FALSE,FALSE,FALSE,FALSE,FALSE,FALSE,"","","grid",,,
"band_6","band restriction","6","binned",FALSE,"ok","","bot_in","in","delta_abs",0.625839082122756,0.567021043502726,0.686076129319881,FALSE,FALSE,FALSE,FALSE,FALSE,FALSE,FALSE,"","","grid",,,
"band_8","band restriction","8","binned",FALSE,"ok","the primary's configuration: the primary row's numbers, computed once","bot_in","in","delta_abs",0.624235426698256,0.566955636275279,0.685695533940511,FALSE,FALSE,FALSE,FALSE,FALSE,FALSE,FALSE,"","","grid",,,
"band_unrestricted","band restriction","unrestricted","binned",FALSE,"ok","","bot_in","in","delta_abs",0.613867743662244,0.554552345996481,0.680044581439796,FALSE,FALSE,FALSE,FALSE,FALSE,FALSE,FALSE,"","","grid",,,
"plane_mid","plane","mid","binned",FALSE,"ok","the primary's configuration: the primary row's numbers, computed once","bot_in","in","delta_abs",0.624235426698256,0.566955636275279,0.685695533940511,FALSE,FALSE,FALSE,FALSE,FALSE,FALSE,FALSE,"","","grid",,,
"plane_front","plane","front","binned",FALSE,"ok","d, zn and edge on the front-of-plate pair","bot_in","in","delta_abs",0.579415584756539,0.522176004627267,0.648132023081605,FALSE,FALSE,FALSE,FALSE,TRUE,FALSE,TRUE,"excludes_bam_primary","","grid",,,
"blocked_ball_in","blocked_ball","in","binned",FALSE,"ok","the primary's configuration: the primary row's numbers, computed once","bot_in","in","delta_abs",0.624235426698256,0.566955636275279,0.685695533940511,FALSE,FALSE,FALSE,FALSE,FALSE,FALSE,FALSE,"","","grid",,,
"blocked_ball_out","blocked_ball","out","binned",FALSE,"ok","76,240 blocked_ball rows dropped","bot_in","in","delta_abs",0.624722717876654,0.566405137541052,0.690136033290257,FALSE,FALSE,FALSE,FALSE,FALSE,FALSE,FALSE,"","","grid",,,
"pp_in","position-player pitchers","in","binned",FALSE,"ok","5,039 position-player pitches added","bot_in","in","delta_abs",0.618625095426282,0.554305734775887,0.681395555892342,FALSE,FALSE,FALSE,FALSE,FALSE,FALSE,FALSE,"","","grid",,,
"pp_out","position-player pitchers","out","binned",FALSE,"ok","the primary's configuration: the primary row's numbers, computed once","bot_in","in","delta_abs",0.624235426698256,0.566955636275279,0.685695533940511,FALSE,FALSE,FALSE,FALSE,FALSE,FALSE,FALSE,"","","grid",,,
"postseason_in","postseason","in","binned",FALSE,"deferred","the warehouse's open view holds no 2022-2025 postseason called pitch (game_type F, D, L, W): the Statcast and schedule pulls cover game_type R only; the cell runs on the first pass that finds rows","bot_in","in","delta_abs",,,,TRUE,FALSE,FALSE,FALSE,FALSE,FALSE,TRUE,"status","","grid",,,
"postseason_out","postseason","out","binned",FALSE,"ok","the primary's configuration: the primary row's numbers, computed once","bot_in","in","delta_abs",0.624235426698256,0.566955636275279,0.685695533940511,FALSE,FALSE,FALSE,FALSE,FALSE,FALSE,FALSE,"","","grid",,,
"k_0.75x","k","0.75x","binned",FALSE,"ok","","bot_in","in","delta_abs",0.621615652253961,0.571701937625747,0.678725491894169,FALSE,FALSE,FALSE,FALSE,FALSE,FALSE,FALSE,"","","grid",,,
"k_1.5x","k","1.5x","binned",FALSE,"ok","","bot_in","in","delta_abs",0.611903653373826,0.534846336940386,0.695287318630657,FALSE,FALSE,FALSE,FALSE,FALSE,FALSE,FALSE,"","","grid",,,
"mix_2024","standardisation mix","2024","binned",FALSE,"ok","the primary's configuration: the primary row's numbers, computed once","bot_in","in","delta_abs",0.624235426698256,0.566955636275279,0.685695533940511,FALSE,FALSE,FALSE,FALSE,FALSE,FALSE,FALSE,"","","grid",,,
"mix_2025","standardisation mix","2025","binned",FALSE,"ok","","bot_in","in","delta_abs",0.624343477197002,0.567083023715175,0.685875094613042,FALSE,FALSE,FALSE,FALSE,FALSE,FALSE,FALSE,"","","grid",,,
"mix_unweighted","standardisation mix","unweighted","binned",FALSE,"ok","","bot_in","in","delta_abs",0.586121229704656,0.507677750775109,0.658235780059462,FALSE,FALSE,FALSE,FALSE,FALSE,FALSE,FALSE,"","","grid",,,
"primary","primary","pre-registered primary","bam",TRUE,"ok","","bot_in","in","delta_abs",0.648967408157166,0.554485562466021,0.743204939123051,FALSE,FALSE,FALSE,FALSE,FALSE,FALSE,FALSE,"","","grid",,,
"height_abs_cohort","height source","ABS-measured cohort","bam",FALSE,"ok","","bot_in","in","delta_abs",0.640088846731157,0.541264508430556,0.74528054565204,FALSE,FALSE,FALSE,FALSE,FALSE,FALSE,FALSE,"","","grid",,,
"plane_front","plane","front","bam",FALSE,"ok","d, zn and edge on the front-of-plate pair","bot_in","in","delta_abs",0.635073103211397,0.542008233632244,0.723572326350656,FALSE,FALSE,FALSE,FALSE,FALSE,FALSE,FALSE,"","","grid",,,
"k_0.75x","k","0.75x","bam",FALSE,"ok","","bot_in","in","delta_abs",0.660503904828648,0.572134897319591,0.748821587392061,FALSE,FALSE,FALSE,FALSE,FALSE,FALSE,FALSE,"","","grid",,,
"mix_unweighted","standardisation mix","unweighted","bam",FALSE,"ok","","bot_in","in","delta_abs",0.64973577653609,0.551148956399227,0.748497681021741,FALSE,FALSE,FALSE,FALSE,FALSE,FALSE,FALSE,"","","grid",,,
"primary","primary","pre-registered primary","binned",TRUE,"ok","","half_width_in","in","delta_buffer",-0.449850626825524,-0.501410855265442,-0.40495010018474,FALSE,FALSE,FALSE,FALSE,FALSE,FALSE,FALSE,"","annex 8.7, D-R0-04: in the synthetic recovery the half-width's null 90% interval covered zero in 42 of 50 replicates (bound 43)","grid",,,
"r_0","r","0","binned",FALSE,"ok","","half_width_in","in","delta_buffer",-0.449850626825524,-0.501410855265442,-0.40495010018474,FALSE,FALSE,FALSE,FALSE,FALSE,FALSE,FALSE,"","annex 8.7, D-R0-04: in the synthetic recovery the half-width's null 90% interval covered zero in 42 of 50 replicates (bound 43)","grid",,,
"r_1.0","r","1.0","binned",FALSE,"ok","","half_width_in","in","delta_buffer",-0.449850626825524,-0.501410855265442,-0.40495010018474,FALSE,FALSE,FALSE,FALSE,FALSE,FALSE,FALSE,"","annex 8.7, D-R0-04: in the synthetic recovery the half-width's null 90% interval covered zero in 42 of 50 replicates (bound 43)","grid",,,
"r_1.45","r","1.45","binned",FALSE,"ok","the primary's configuration: the primary row's numbers, computed once","half_width_in","in","delta_buffer",-0.449850626825524,-0.501410855265442,-0.40495010018474,FALSE,FALSE,FALSE,FALSE,FALSE,FALSE,FALSE,"","annex 8.7, D-R0-04: in the synthetic recovery the half-width's null 90% interval covered zero in 42 of 50 replicates (bound 43)","grid",,,
"r_fitted","r","fitted","binned",FALSE,"ok","fitted r = 1.45 in (maximal run 1.45 to 1.45 in, 1 run(s)); 10,164 of 10,168 2026 challenges consistent at it, 10,164 at r = 1.45","half_width_in","in","delta_buffer",-0.449850626825524,-0.501410855265442,-0.40495010018474,FALSE,FALSE,FALSE,FALSE,FALSE,FALSE,FALSE,"","annex 8.7, D-R0-04: in the synthetic recovery the half-width's null 90% interval covered zero in 42 of 50 replicates (bound 43)","grid",,,
"height_abs_cohort","height source","ABS-measured cohort","binned",FALSE,"ok","","half_width_in","in","delta_buffer",-0.450197070717113,-0.497973837029882,-0.399080792861326,FALSE,FALSE,FALSE,FALSE,FALSE,FALSE,FALSE,"","annex 8.7, D-R0-04: in the synthetic recovery the half-width's null 90% interval covered zero in 42 of 50 replicates (bound 43)","grid",,,
"height_roster_offset","height source","roster+offset","binned",FALSE,"ok","the primary's configuration: the primary row's numbers, computed once","half_width_in","in","delta_buffer",-0.449850626825524,-0.501410855265442,-0.40495010018474,FALSE,FALSE,FALSE,FALSE,FALSE,FALSE,FALSE,"","annex 8.7, D-R0-04: in the synthetic recovery the half-width's null 90% interval covered zero in 42 of 50 replicates (bound 43)","grid",,,
"height_ml_offset","height source","per-batter ML offset","binned",FALSE,"ok","336 batters with >= 150 near-edge 2022-2024 pitches, 3 on the grid bound kept the primary rule; median delta +0.00 in, IQR 1.80 in; 69.6% of rows re-heighted","half_width_in","in","delta_buffer",-0.451072420245143,-0.498161862705489,-0.40439139798478,FALSE,FALSE,FALSE,FALSE,FALSE,FALSE,FALSE,"","annex 8.7, D-R0-04: in the synthetic recovery the half-width's null 90% interval covered zero in 42 of 50 replicates (bound 43)","grid",,,
"shadow_2","shadow band","2","binned",FALSE,"ok","","half_width_in","in","delta_buffer",-0.449850626825524,-0.501410855265442,-0.40495010018474,FALSE,FALSE,FALSE,FALSE,FALSE,FALSE,FALSE,"","annex 8.7, D-R0-04: in the synthetic recovery the half-width's null 90% interval covered zero in 42 of 50 replicates (bound 43)","grid",,,
"shadow_3","shadow band","3","binned",FALSE,"ok","the primary's configuration: the primary row's numbers, computed once","half_width_in","in","delta_buffer",-0.449850626825524,-0.501410855265442,-0.40495010018474,FALSE,FALSE,FALSE,FALSE,FALSE,FALSE,FALSE,"","annex 8.7, D-R0-04: in the synthetic recovery the half-width's null 90% interval covered zero in 42 of 50 replicates (bound 43)","grid",,,
"shadow_4","shadow band","4","binned",FALSE,"ok","","half_width_in","in","delta_buffer",-0.449850626825524,-0.501410855265442,-0.40495010018474,FALSE,FALSE,FALSE,FALSE,FALSE,FALSE,FALSE,"","annex 8.7, D-R0-04: in the synthetic recovery the half-width's null 90% interval covered zero in 42 of 50 replicates (bound 43)","grid",,,
"band_6","band restriction","6","binned",FALSE,"ok","","half_width_in","in","delta_buffer",-0.449293995640868,-0.496963257055886,-0.405902998104889,FALSE,FALSE,FALSE,FALSE,FALSE,FALSE,FALSE,"","annex 8.7, D-R0-04: in the synthetic recovery the half-width's null 90% interval covered zero in 42 of 50 replicates (bound 43)","grid",,,
"band_8","band restriction","8","binned",FALSE,"ok","the primary's configuration: the primary row's numbers, computed once","half_width_in","in","delta_buffer",-0.449850626825524,-0.501410855265442,-0.40495010018474,FALSE,FALSE,FALSE,FALSE,FALSE,FALSE,FALSE,"","annex 8.7, D-R0-04: in the synthetic recovery the half-width's null 90% interval covered zero in 42 of 50 replicates (bound 43)","grid",,,
"band_unrestricted","band restriction","unrestricted","binned",FALSE,"ok","","half_width_in","in","delta_buffer",-0.45360370678018,-0.502373991447822,-0.409556125964878,FALSE,FALSE,FALSE,FALSE,FALSE,FALSE,FALSE,"","annex 8.7, D-R0-04: in the synthetic recovery the half-width's null 90% interval covered zero in 42 of 50 replicates (bound 43)","grid",,,
"plane_mid","plane","mid","binned",FALSE,"ok","the primary's configuration: the primary row's numbers, computed once","half_width_in","in","delta_buffer",-0.449850626825524,-0.501410855265442,-0.40495010018474,FALSE,FALSE,FALSE,FALSE,FALSE,FALSE,FALSE,"","annex 8.7, D-R0-04: in the synthetic recovery the half-width's null 90% interval covered zero in 42 of 50 replicates (bound 43)","grid",,,
"plane_front","plane","front","binned",FALSE,"ok","d, zn and edge on the front-of-plate pair","half_width_in","in","delta_buffer",-0.436245914377265,-0.47575609303256,-0.396690124584142,FALSE,FALSE,FALSE,FALSE,FALSE,FALSE,FALSE,"","annex 8.7, D-R0-04: in the synthetic recovery the half-width's null 90% interval covered zero in 42 of 50 replicates (bound 43)","grid",,,
"blocked_ball_in","blocked_ball","in","binned",FALSE,"ok","the primary's configuration: the primary row's numbers, computed once","half_width_in","in","delta_buffer",-0.449850626825524,-0.501410855265442,-0.40495010018474,FALSE,FALSE,FALSE,FALSE,FALSE,FALSE,FALSE,"","annex 8.7, D-R0-04: in the synthetic recovery the half-width's null 90% interval covered zero in 42 of 50 replicates (bound 43)","grid",,,
"blocked_ball_out","blocked_ball","out","binned",FALSE,"ok","76,240 blocked_ball rows dropped","half_width_in","in","delta_buffer",-0.449909330465772,-0.500263588037407,-0.404673981737829,FALSE,FALSE,FALSE,FALSE,FALSE,FALSE,FALSE,"","annex 8.7, D-R0-04: in the synthetic recovery the half-width's null 90% interval covered zero in 42 of 50 replicates (bound 43)","grid",,,
"pp_in","position-player pitchers","in","binned",FALSE,"ok","5,039 position-player pitches added","half_width_in","in","delta_buffer",-0.448286937946484,-0.495366221928199,-0.401779322446728,FALSE,FALSE,FALSE,FALSE,FALSE,FALSE,FALSE,"","annex 8.7, D-R0-04: in the synthetic recovery the half-width's null 90% interval covered zero in 42 of 50 replicates (bound 43)","grid",,,
"pp_out","position-player pitchers","out","binned",FALSE,"ok","the primary's configuration: the primary row's numbers, computed once","half_width_in","in","delta_buffer",-0.449850626825524,-0.501410855265442,-0.40495010018474,FALSE,FALSE,FALSE,FALSE,FALSE,FALSE,FALSE,"","annex 8.7, D-R0-04: in the synthetic recovery the half-width's null 90% interval covered zero in 42 of 50 replicates (bound 43)","grid",,,
"postseason_in","postseason","in","binned",FALSE,"deferred","the warehouse's open view holds no 2022-2025 postseason called pitch (game_type F, D, L, W): the Statcast and schedule pulls cover game_type R only; the cell runs on the first pass that finds rows","half_width_in","in","delta_buffer",,,,TRUE,FALSE,FALSE,FALSE,FALSE,FALSE,TRUE,"status","annex 8.7, D-R0-04: in the synthetic recovery the half-width's null 90% interval covered zero in 42 of 50 replicates (bound 43)","grid",,,
"postseason_out","postseason","out","binned",FALSE,"ok","the primary's configuration: the primary row's numbers, computed once","half_width_in","in","delta_buffer",-0.449850626825524,-0.501410855265442,-0.40495010018474,FALSE,FALSE,FALSE,FALSE,FALSE,FALSE,FALSE,"","annex 8.7, D-R0-04: in the synthetic recovery the half-width's null 90% interval covered zero in 42 of 50 replicates (bound 43)","grid",,,
"k_0.75x","k","0.75x","binned",FALSE,"ok","","half_width_in","in","delta_buffer",-0.458482469290242,-0.499732268818395,-0.417128714883629,FALSE,FALSE,FALSE,FALSE,TRUE,FALSE,TRUE,"excludes_bam_primary","annex 8.7, D-R0-04: in the synthetic recovery the half-width's null 90% interval covered zero in 42 of 50 replicates (bound 43)","grid",,,
"k_1.5x","k","1.5x","binned",FALSE,"ok","","half_width_in","in","delta_buffer",-0.4520392661898,-0.499694919989212,-0.397807842247783,FALSE,FALSE,FALSE,FALSE,FALSE,FALSE,FALSE,"","annex 8.7, D-R0-04: in the synthetic recovery the half-width's null 90% interval covered zero in 42 of 50 replicates (bound 43)","grid",,,
"mix_2024","standardisation mix","2024","binned",FALSE,"ok","the primary's configuration: the primary row's numbers, computed once","half_width_in","in","delta_buffer",-0.449850626825524,-0.501410855265442,-0.40495010018474,FALSE,FALSE,FALSE,FALSE,FALSE,FALSE,FALSE,"","annex 8.7, D-R0-04: in the synthetic recovery the half-width's null 90% interval covered zero in 42 of 50 replicates (bound 43)","grid",,,
"mix_2025","standardisation mix","2025","binned",FALSE,"ok","","half_width_in","in","delta_buffer",-0.449971076675192,-0.501736190218344,-0.405103424736449,FALSE,FALSE,FALSE,FALSE,FALSE,FALSE,FALSE,"","annex 8.7, D-R0-04: in the synthetic recovery the half-width's null 90% interval covered zero in 42 of 50 replicates (bound 43)","grid",,,
"mix_unweighted","standardisation mix","unweighted","binned",FALSE,"ok","","half_width_in","in","delta_buffer",-0.457558776791073,-0.495880313374208,-0.419192426419331,FALSE,FALSE,FALSE,FALSE,TRUE,FALSE,TRUE,"excludes_bam_primary","annex 8.7, D-R0-04: in the synthetic recovery the half-width's null 90% interval covered zero in 42 of 50 replicates (bound 43)","grid",,,
"primary","primary","pre-registered primary","bam",TRUE,"ok","","half_width_in","in","delta_buffer",-0.412230344505286,-0.494715651711566,-0.325737908954912,FALSE,FALSE,FALSE,FALSE,FALSE,FALSE,FALSE,"","annex 8.7, D-R0-04: in the synthetic recovery the half-width's null 90% interval covered zero in 42 of 50 replicates (bound 43)","grid",,,
"height_abs_cohort","height source","ABS-measured cohort","bam",FALSE,"ok","","half_width_in","in","delta_buffer",-0.414641013726634,-0.501662423177375,-0.322693031671387,FALSE,FALSE,FALSE,FALSE,FALSE,FALSE,FALSE,"","annex 8.7, D-R0-04: in the synthetic recovery the half-width's null 90% interval covered zero in 42 of 50 replicates (bound 43)","grid",,,
"plane_front","plane","front","bam",FALSE,"ok","d, zn and edge on the front-of-plate pair","half_width_in","in","delta_buffer",-0.407290711641462,-0.490550321465587,-0.320724981347971,FALSE,FALSE,FALSE,FALSE,FALSE,FALSE,FALSE,"","annex 8.7, D-R0-04: in the synthetic recovery the half-width's null 90% interval covered zero in 42 of 50 replicates (bound 43)","grid",,,
"k_0.75x","k","0.75x","bam",FALSE,"ok","","half_width_in","in","delta_buffer",-0.415863712721615,-0.497606644225238,-0.335986502649624,FALSE,FALSE,FALSE,FALSE,FALSE,FALSE,FALSE,"","annex 8.7, D-R0-04: in the synthetic recovery the half-width's null 90% interval covered zero in 42 of 50 replicates (bound 43)","grid",,,
"mix_unweighted","standardisation mix","unweighted","bam",FALSE,"ok","","half_width_in","in","delta_buffer",-0.411530345551295,-0.4974729612271,-0.32811556759819,FALSE,FALSE,FALSE,FALSE,FALSE,FALSE,FALSE,"","annex 8.7, D-R0-04: in the synthetic recovery the half-width's null 90% interval covered zero in 42 of 50 replicates (bound 43)","grid",,,
"primary","primary","pre-registered primary","binned",TRUE,"ok","","half_width_in","in","delta_abs",-0.292790339808997,-0.333986109284865,-0.257159434145711,FALSE,FALSE,FALSE,FALSE,TRUE,FALSE,TRUE,"excludes_bam_primary","annex 8.7, D-R0-04: in the synthetic recovery the half-width's null 90% interval covered zero in 42 of 50 replicates (bound 43)","grid",,,
"r_0","r","0","binned",FALSE,"ok","","half_width_in","in","delta_abs",-0.292790339808997,-0.333986109284865,-0.257159434145711,FALSE,FALSE,FALSE,FALSE,TRUE,FALSE,TRUE,"excludes_bam_primary","annex 8.7, D-R0-04: in the synthetic recovery the half-width's null 90% interval covered zero in 42 of 50 replicates (bound 43)","grid",,,
"r_1.0","r","1.0","binned",FALSE,"ok","","half_width_in","in","delta_abs",-0.292790339808997,-0.333986109284865,-0.257159434145711,FALSE,FALSE,FALSE,FALSE,TRUE,FALSE,TRUE,"excludes_bam_primary","annex 8.7, D-R0-04: in the synthetic recovery the half-width's null 90% interval covered zero in 42 of 50 replicates (bound 43)","grid",,,
"r_1.45","r","1.45","binned",FALSE,"ok","the primary's configuration: the primary row's numbers, computed once","half_width_in","in","delta_abs",-0.292790339808997,-0.333986109284865,-0.257159434145711,FALSE,FALSE,FALSE,FALSE,TRUE,FALSE,TRUE,"excludes_bam_primary","annex 8.7, D-R0-04: in the synthetic recovery the half-width's null 90% interval covered zero in 42 of 50 replicates (bound 43)","grid",,,
"r_fitted","r","fitted","binned",FALSE,"ok","fitted r = 1.45 in (maximal run 1.45 to 1.45 in, 1 run(s)); 10,164 of 10,168 2026 challenges consistent at it, 10,164 at r = 1.45","half_width_in","in","delta_abs",-0.292790339808997,-0.333986109284865,-0.257159434145711,FALSE,FALSE,FALSE,FALSE,TRUE,FALSE,TRUE,"excludes_bam_primary","annex 8.7, D-R0-04: in the synthetic recovery the half-width's null 90% interval covered zero in 42 of 50 replicates (bound 43)","grid",,,
"height_abs_cohort","height source","ABS-measured cohort","binned",FALSE,"ok","","half_width_in","in","delta_abs",-0.292131475167782,-0.330563920496313,-0.252450387792158,FALSE,FALSE,FALSE,FALSE,TRUE,FALSE,TRUE,"excludes_bam_primary","annex 8.7, D-R0-04: in the synthetic recovery the half-width's null 90% interval covered zero in 42 of 50 replicates (bound 43)","grid",,,
"height_roster_offset","height source","roster+offset","binned",FALSE,"ok","the primary's configuration: the primary row's numbers, computed once","half_width_in","in","delta_abs",-0.292790339808997,-0.333986109284865,-0.257159434145711,FALSE,FALSE,FALSE,FALSE,TRUE,FALSE,TRUE,"excludes_bam_primary","annex 8.7, D-R0-04: in the synthetic recovery the half-width's null 90% interval covered zero in 42 of 50 replicates (bound 43)","grid",,,
"height_ml_offset","height source","per-batter ML offset","binned",FALSE,"ok","336 batters with >= 150 near-edge 2022-2024 pitches, 3 on the grid bound kept the primary rule; median delta +0.00 in, IQR 1.80 in; 69.6% of rows re-heighted","half_width_in","in","delta_abs",-0.293520303938317,-0.328031978207859,-0.255431441012536,FALSE,FALSE,FALSE,FALSE,TRUE,FALSE,TRUE,"excludes_bam_primary","annex 8.7, D-R0-04: in the synthetic recovery the half-width's null 90% interval covered zero in 42 of 50 replicates (bound 43)","grid",,,
"shadow_2","shadow band","2","binned",FALSE,"ok","","half_width_in","in","delta_abs",-0.292790339808997,-0.333986109284865,-0.257159434145711,FALSE,FALSE,FALSE,FALSE,TRUE,FALSE,TRUE,"excludes_bam_primary","annex 8.7, D-R0-04: in the synthetic recovery the half-width's null 90% interval covered zero in 42 of 50 replicates (bound 43)","grid",,,
"shadow_3","shadow band","3","binned",FALSE,"ok","the primary's configuration: the primary row's numbers, computed once","half_width_in","in","delta_abs",-0.292790339808997,-0.333986109284865,-0.257159434145711,FALSE,FALSE,FALSE,FALSE,TRUE,FALSE,TRUE,"excludes_bam_primary","annex 8.7, D-R0-04: in the synthetic recovery the half-width's null 90% interval covered zero in 42 of 50 replicates (bound 43)","grid",,,
"shadow_4","shadow band","4","binned",FALSE,"ok","","half_width_in","in","delta_abs",-0.292790339808997,-0.333986109284865,-0.257159434145711,FALSE,FALSE,FALSE,FALSE,TRUE,FALSE,TRUE,"excludes_bam_primary","annex 8.7, D-R0-04: in the synthetic recovery the half-width's null 90% interval covered zero in 42 of 50 replicates (bound 43)","grid",,,
"band_6","band restriction","6","binned",FALSE,"ok","","half_width_in","in","delta_abs",-0.294399264466557,-0.334898846786285,-0.25718033408362,FALSE,FALSE,FALSE,FALSE,TRUE,FALSE,TRUE,"excludes_bam_primary","annex 8.7, D-R0-04: in the synthetic recovery the half-width's null 90% interval covered zero in 42 of 50 replicates (bound 43)","grid",,,
"band_8","band restriction","8","binned",FALSE,"ok","the primary's configuration: the primary row's numbers, computed once","half_width_in","in","delta_abs",-0.292790339808997,-0.333986109284865,-0.257159434145711,FALSE,FALSE,FALSE,FALSE,TRUE,FALSE,TRUE,"excludes_bam_primary","annex 8.7, D-R0-04: in the synthetic recovery the half-width's null 90% interval covered zero in 42 of 50 replicates (bound 43)","grid",,,
"band_unrestricted","band restriction","unrestricted","binned",FALSE,"ok","","half_width_in","in","delta_abs",-0.296123447386407,-0.335498577197658,-0.258925063643476,FALSE,FALSE,FALSE,FALSE,TRUE,FALSE,TRUE,"excludes_bam_primary","annex 8.7, D-R0-04: in the synthetic recovery the half-width's null 90% interval covered zero in 42 of 50 replicates (bound 43)","grid",,,
"plane_mid","plane","mid","binned",FALSE,"ok","the primary's configuration: the primary row's numbers, computed once","half_width_in","in","delta_abs",-0.292790339808997,-0.333986109284865,-0.257159434145711,FALSE,FALSE,FALSE,FALSE,TRUE,FALSE,TRUE,"excludes_bam_primary","annex 8.7, D-R0-04: in the synthetic recovery the half-width's null 90% interval covered zero in 42 of 50 replicates (bound 43)","grid",,,
"plane_front","plane","front","binned",FALSE,"ok","d, zn and edge on the front-of-plate pair","half_width_in","in","delta_abs",-0.283564733811827,-0.317805759015073,-0.247301555647042,FALSE,FALSE,FALSE,FALSE,TRUE,FALSE,TRUE,"excludes_bam_primary","annex 8.7, D-R0-04: in the synthetic recovery the half-width's null 90% interval covered zero in 42 of 50 replicates (bound 43)","grid",,,
"blocked_ball_in","blocked_ball","in","binned",FALSE,"ok","the primary's configuration: the primary row's numbers, computed once","half_width_in","in","delta_abs",-0.292790339808997,-0.333986109284865,-0.257159434145711,FALSE,FALSE,FALSE,FALSE,TRUE,FALSE,TRUE,"excludes_bam_primary","annex 8.7, D-R0-04: in the synthetic recovery the half-width's null 90% interval covered zero in 42 of 50 replicates (bound 43)","grid",,,
"blocked_ball_out","blocked_ball","out","binned",FALSE,"ok","76,240 blocked_ball rows dropped","half_width_in","in","delta_abs",-0.293108013296035,-0.32851682626219,-0.258051943044483,FALSE,FALSE,FALSE,FALSE,TRUE,FALSE,TRUE,"excludes_bam_primary","annex 8.7, D-R0-04: in the synthetic recovery the half-width's null 90% interval covered zero in 42 of 50 replicates (bound 43)","grid",,,
"pp_in","position-player pitchers","in","binned",FALSE,"ok","5,039 position-player pitches added","half_width_in","in","delta_abs",-0.29393775867573,-0.329174145980689,-0.258137003523556,FALSE,FALSE,FALSE,FALSE,TRUE,FALSE,TRUE,"excludes_bam_primary","annex 8.7, D-R0-04: in the synthetic recovery the half-width's null 90% interval covered zero in 42 of 50 replicates (bound 43)","grid",,,
"pp_out","position-player pitchers","out","binned",FALSE,"ok","the primary's configuration: the primary row's numbers, computed once","half_width_in","in","delta_abs",-0.292790339808997,-0.333986109284865,-0.257159434145711,FALSE,FALSE,FALSE,FALSE,TRUE,FALSE,TRUE,"excludes_bam_primary","annex 8.7, D-R0-04: in the synthetic recovery the half-width's null 90% interval covered zero in 42 of 50 replicates (bound 43)","grid",,,
"postseason_in","postseason","in","binned",FALSE,"deferred","the warehouse's open view holds no 2022-2025 postseason called pitch (game_type F, D, L, W): the Statcast and schedule pulls cover game_type R only; the cell runs on the first pass that finds rows","half_width_in","in","delta_abs",,,,TRUE,FALSE,FALSE,FALSE,FALSE,FALSE,TRUE,"status","annex 8.7, D-R0-04: in the synthetic recovery the half-width's null 90% interval covered zero in 42 of 50 replicates (bound 43)","grid",,,
"postseason_out","postseason","out","binned",FALSE,"ok","the primary's configuration: the primary row's numbers, computed once","half_width_in","in","delta_abs",-0.292790339808997,-0.333986109284865,-0.257159434145711,FALSE,FALSE,FALSE,FALSE,TRUE,FALSE,TRUE,"excludes_bam_primary","annex 8.7, D-R0-04: in the synthetic recovery the half-width's null 90% interval covered zero in 42 of 50 replicates (bound 43)","grid",,,
"k_0.75x","k","0.75x","binned",FALSE,"ok","","half_width_in","in","delta_abs",-0.289771693267459,-0.323579162507493,-0.256526739617647,FALSE,FALSE,FALSE,FALSE,TRUE,FALSE,TRUE,"excludes_bam_primary","annex 8.7, D-R0-04: in the synthetic recovery the half-width's null 90% interval covered zero in 42 of 50 replicates (bound 43)","grid",,,
"k_1.5x","k","1.5x","binned",FALSE,"ok","","half_width_in","in","delta_abs",-0.295775181894149,-0.345153075433133,-0.246588223514563,FALSE,FALSE,FALSE,FALSE,TRUE,FALSE,TRUE,"excludes_bam_primary","annex 8.7, D-R0-04: in the synthetic recovery the half-width's null 90% interval covered zero in 42 of 50 replicates (bound 43)","grid",,,
"mix_2024","standardisation mix","2024","binned",FALSE,"ok","the primary's configuration: the primary row's numbers, computed once","half_width_in","in","delta_abs",-0.292790339808997,-0.333986109284865,-0.257159434145711,FALSE,FALSE,FALSE,FALSE,TRUE,FALSE,TRUE,"excludes_bam_primary","annex 8.7, D-R0-04: in the synthetic recovery the half-width's null 90% interval covered zero in 42 of 50 replicates (bound 43)","grid",,,
"mix_2025","standardisation mix","2025","binned",FALSE,"ok","","half_width_in","in","delta_abs",-0.293127600806857,-0.334343604967298,-0.25688469578245,FALSE,FALSE,FALSE,FALSE,TRUE,FALSE,TRUE,"excludes_bam_primary","annex 8.7, D-R0-04: in the synthetic recovery the half-width's null 90% interval covered zero in 42 of 50 replicates (bound 43)","grid",,,
"mix_unweighted","standardisation mix","unweighted","binned",FALSE,"ok","","half_width_in","in","delta_abs",-0.294967287355362,-0.337153882864695,-0.257979180454038,FALSE,FALSE,FALSE,FALSE,TRUE,FALSE,TRUE,"excludes_bam_primary","annex 8.7, D-R0-04: in the synthetic recovery the half-width's null 90% interval covered zero in 42 of 50 replicates (bound 43)","grid",,,
"primary","primary","pre-registered primary","bam",TRUE,"ok","","half_width_in","in","delta_abs",-0.245787419351387,-0.320535870010747,-0.160432844876458,FALSE,FALSE,FALSE,FALSE,FALSE,FALSE,FALSE,"","annex 8.7, D-R0-04: in the synthetic recovery the half-width's null 90% interval covered zero in 42 of 50 replicates (bound 43)","grid",,,
"height_abs_cohort","height source","ABS-measured cohort","bam",FALSE,"ok","","half_width_in","in","delta_abs",-0.244545949014633,-0.319331712403054,-0.164708159101225,FALSE,FALSE,FALSE,FALSE,FALSE,FALSE,FALSE,"","annex 8.7, D-R0-04: in the synthetic recovery the half-width's null 90% interval covered zero in 42 of 50 replicates (bound 43)","grid",,,
"plane_front","plane","front","bam",FALSE,"ok","d, zn and edge on the front-of-plate pair","half_width_in","in","delta_abs",-0.247709564452931,-0.329463919829017,-0.162562777889269,FALSE,FALSE,FALSE,FALSE,FALSE,FALSE,FALSE,"","annex 8.7, D-R0-04: in the synthetic recovery the half-width's null 90% interval covered zero in 42 of 50 replicates (bound 43)","grid",,,
"k_0.75x","k","0.75x","bam",FALSE,"ok","","half_width_in","in","delta_abs",-0.241873437189819,-0.319618980760204,-0.16919566476391,FALSE,FALSE,FALSE,FALSE,FALSE,FALSE,FALSE,"","annex 8.7, D-R0-04: in the synthetic recovery the half-width's null 90% interval covered zero in 42 of 50 replicates (bound 43)","grid",,,
"mix_unweighted","standardisation mix","unweighted","bam",FALSE,"ok","","half_width_in","in","delta_abs",-0.239798696567856,-0.32080113589835,-0.153242157774462,FALSE,FALSE,FALSE,FALSE,FALSE,FALSE,FALSE,"","annex 8.7, D-R0-04: in the synthetic recovery the half-width's null 90% interval covered zero in 42 of 50 replicates (bound 43)","grid",,,
"primary","primary","pre-registered primary","binned",TRUE,"ok","","shadow_rate","pct","delta_buffer",-4.95588885394089,-5.35966528291229,-4.52832663675177,FALSE,FALSE,FALSE,FALSE,TRUE,FALSE,TRUE,"excludes_bam_primary","","grid",,,
"r_0","r","0","binned",FALSE,"ok","","shadow_rate","pct","delta_buffer",-4.31439107720358,-4.65210237322969,-3.95521992767444,FALSE,FALSE,FALSE,TRUE,FALSE,FALSE,TRUE,"excludes_primary","","grid",,,
"r_1.0","r","1.0","binned",FALSE,"ok","","shadow_rate","pct","delta_buffer",-4.88732324005098,-5.27907177159757,-4.46787324096945,FALSE,FALSE,FALSE,FALSE,TRUE,FALSE,TRUE,"excludes_bam_primary","","grid",,,
"r_1.45","r","1.45","binned",FALSE,"ok","the primary's configuration: the primary row's numbers, computed once","shadow_rate","pct","delta_buffer",-4.95588885394089,-5.35966528291229,-4.52832663675177,FALSE,FALSE,FALSE,FALSE,TRUE,FALSE,TRUE,"excludes_bam_primary","","grid",,,
"r_fitted","r","fitted","binned",FALSE,"ok","fitted r = 1.45 in (maximal run 1.45 to 1.45 in, 1 run(s)); 10,164 of 10,168 2026 challenges consistent at it, 10,164 at r = 1.45","shadow_rate","pct","delta_buffer",-4.95588885394089,-5.35966528291229,-4.52832663675177,FALSE,FALSE,FALSE,FALSE,TRUE,FALSE,TRUE,"excludes_bam_primary","","grid",,,
"height_abs_cohort","height source","ABS-measured cohort","binned",FALSE,"ok","","shadow_rate","pct","delta_buffer",-4.96474871375526,-5.37320300494211,-4.52743728200666,FALSE,FALSE,FALSE,FALSE,TRUE,FALSE,TRUE,"excludes_bam_primary","","grid",,,
"height_roster_offset","height source","roster+offset","binned",FALSE,"ok","the primary's configuration: the primary row's numbers, computed once","shadow_rate","pct","delta_buffer",-4.95588885394089,-5.35966528291229,-4.52832663675177,FALSE,FALSE,FALSE,FALSE,TRUE,FALSE,TRUE,"excludes_bam_primary","","grid",,,
"height_ml_offset","height source","per-batter ML offset","binned",FALSE,"ok","336 batters with >= 150 near-edge 2022-2024 pitches, 3 on the grid bound kept the primary rule; median delta +0.00 in, IQR 1.80 in; 69.6% of rows re-heighted","shadow_rate","pct","delta_buffer",-4.98264037730436,-5.37672540944377,-4.58864209012511,FALSE,FALSE,FALSE,FALSE,TRUE,FALSE,TRUE,"excludes_bam_primary","","grid",,,
"shadow_2","shadow band","2","binned",FALSE,"ok","","shadow_rate","pct","delta_buffer",-6.11898385788905,-6.60414164563124,-5.60004770303903,FALSE,FALSE,FALSE,TRUE,TRUE,FALSE,TRUE,"excludes_primary;excludes_bam_primary","","grid",,,
"shadow_3","shadow band","3","binned",FALSE,"ok","the primary's configuration: the primary row's numbers, computed once","shadow_rate","pct","delta_buffer",-4.95588885394089,-5.35966528291229,-4.52832663675177,FALSE,FALSE,FALSE,FALSE,TRUE,FALSE,TRUE,"excludes_bam_primary","","grid",,,
"shadow_4","shadow band","4","binned",FALSE,"ok","","shadow_rate","pct","delta_buffer",-4.01605483374806,-4.3482078803317,-3.6697276780894,FALSE,FALSE,FALSE,TRUE,TRUE,FALSE,TRUE,"excludes_primary;excludes_bam_primary","","grid",,,
"band_6","band restriction","6","binned",FALSE,"ok","","shadow_rate","pct","delta_buffer",-4.89493602224074,-5.29148788563768,-4.48111314272051,FALSE,FALSE,FALSE,FALSE,TRUE,FALSE,TRUE,"excludes_bam_primary","","grid",,,
"band_8","band restriction","8","binned",FALSE,"ok","the primary's configuration: the primary row's numbers, computed once","shadow_rate","pct","delta_buffer",-4.95588885394089,-5.35966528291229,-4.52832663675177,FALSE,FALSE,FALSE,FALSE,TRUE,FALSE,TRUE,"excludes_bam_primary","","grid",,,
"band_unrestricted","band restriction","unrestricted","binned",FALSE,"ok","","shadow_rate","pct","delta_buffer",-4.92583136122078,-5.32504619726482,-4.51632336378495,FALSE,FALSE,FALSE,FALSE,TRUE,FALSE,TRUE,"excludes_bam_primary","","grid",,,
"plane_mid","plane","mid","binned",FALSE,"ok","the primary's configuration: the primary row's numbers, computed once","shadow_rate","pct","delta_buffer",-4.95588885394089,-5.35966528291229,-4.52832663675177,FALSE,FALSE,FALSE,FALSE,TRUE,FALSE,TRUE,"excludes_bam_primary","","grid",,,
"plane_front","plane","front","binned",FALSE,"ok","d, zn and edge on the front-of-plate pair","shadow_rate","pct","delta_buffer",-4.73033806200354,-5.13424828152099,-4.35512200176709,FALSE,FALSE,FALSE,FALSE,FALSE,FALSE,FALSE,"","","grid",,,
"blocked_ball_in","blocked_ball","in","binned",FALSE,"ok","the primary's configuration: the primary row's numbers, computed once","shadow_rate","pct","delta_buffer",-4.95588885394089,-5.35966528291229,-4.52832663675177,FALSE,FALSE,FALSE,FALSE,TRUE,FALSE,TRUE,"excludes_bam_primary","","grid",,,
"blocked_ball_out","blocked_ball","out","binned",FALSE,"ok","76,240 blocked_ball rows dropped","shadow_rate","pct","delta_buffer",-4.96155895997153,-5.37775323065997,-4.55688272639227,FALSE,FALSE,FALSE,FALSE,TRUE,FALSE,TRUE,"excludes_bam_primary","","grid",,,
"pp_in","position-player pitchers","in","binned",FALSE,"ok","5,039 position-player pitches added","shadow_rate","pct","delta_buffer",-4.88682267783194,-5.29169346005959,-4.47390243314319,FALSE,FALSE,FALSE,FALSE,TRUE,FALSE,TRUE,"excludes_bam_primary","","grid",,,
"pp_out","position-player pitchers","out","binned",FALSE,"ok","the primary's configuration: the primary row's numbers, computed once","shadow_rate","pct","delta_buffer",-4.95588885394089,-5.35966528291229,-4.52832663675177,FALSE,FALSE,FALSE,FALSE,TRUE,FALSE,TRUE,"excludes_bam_primary","","grid",,,
"postseason_in","postseason","in","binned",FALSE,"deferred","the warehouse's open view holds no 2022-2025 postseason called pitch (game_type F, D, L, W): the Statcast and schedule pulls cover game_type R only; the cell runs on the first pass that finds rows","shadow_rate","pct","delta_buffer",,,,TRUE,FALSE,FALSE,FALSE,FALSE,FALSE,TRUE,"status","","grid",,,
"postseason_out","postseason","out","binned",FALSE,"ok","the primary's configuration: the primary row's numbers, computed once","shadow_rate","pct","delta_buffer",-4.95588885394089,-5.35966528291229,-4.52832663675177,FALSE,FALSE,FALSE,FALSE,TRUE,FALSE,TRUE,"excludes_bam_primary","","grid",,,
"k_0.75x","k","0.75x","binned",FALSE,"ok","","shadow_rate","pct","delta_buffer",-4.88000923676817,-5.26123357188349,-4.44734352057475,FALSE,FALSE,FALSE,FALSE,FALSE,FALSE,FALSE,"","","grid",,,
"k_1.5x","k","1.5x","binned",FALSE,"ok","","shadow_rate","pct","delta_buffer",-4.91851779480493,-5.30145328106251,-4.52218719742966,FALSE,FALSE,FALSE,FALSE,TRUE,FALSE,TRUE,"excludes_bam_primary","","grid",,,
"mix_2024","standardisation mix","2024","binned",FALSE,"ok","the primary's configuration: the primary row's numbers, computed once","shadow_rate","pct","delta_buffer",-4.95588885394089,-5.35966528291229,-4.52832663675177,FALSE,FALSE,FALSE,FALSE,TRUE,FALSE,TRUE,"excludes_bam_primary","","grid",,,
"mix_2025","standardisation mix","2025","binned",FALSE,"ok","","shadow_rate","pct","delta_buffer",-4.92827708840255,-5.33235284161816,-4.50194684017635,FALSE,FALSE,FALSE,FALSE,TRUE,FALSE,TRUE,"excludes_bam_primary","","grid",,,
"mix_unweighted","standardisation mix","unweighted","binned",FALSE,"ok","","shadow_rate","pct","delta_buffer",-5.01156202561329,-5.42369974508439,-4.57857717669768,FALSE,FALSE,FALSE,FALSE,TRUE,FALSE,TRUE,"excludes_bam_primary","","grid",,,
"primary","primary","pre-registered primary","bam",TRUE,"ok","","shadow_rate","pct","delta_buffer",-4.46182739340374,-5.27694113113898,-3.63309561829487,FALSE,FALSE,FALSE,FALSE,FALSE,FALSE,FALSE,"","","grid",,,
"height_abs_cohort","height source","ABS-measured cohort","bam",FALSE,"ok","","shadow_rate","pct","delta_buffer",-4.44772042884964,-5.33554882610367,-3.56668458277305,FALSE,FALSE,FALSE,FALSE,FALSE,FALSE,FALSE,"","","grid",,,
"plane_front","plane","front","bam",FALSE,"ok","d, zn and edge on the front-of-plate pair","shadow_rate","pct","delta_buffer",-4.31150477652342,-5.21054146277671,-3.42075328364513,FALSE,FALSE,FALSE,FALSE,FALSE,FALSE,FALSE,"","","grid",,,
"k_0.75x","k","0.75x","bam",FALSE,"ok","","shadow_rate","pct","delta_buffer",-4.47904636829819,-5.33225293416646,-3.67411454225766,FALSE,FALSE,FALSE,FALSE,FALSE,FALSE,FALSE,"","","grid",,,
"mix_unweighted","standardisation mix","unweighted","bam",FALSE,"ok","","shadow_rate","pct","delta_buffer",-4.45797017156627,-5.2392656590096,-3.56830846379469,FALSE,FALSE,FALSE,FALSE,FALSE,FALSE,FALSE,"","","grid",,,
"primary","primary","pre-registered primary","binned",TRUE,"ok","","shadow_rate","pct","delta_abs",-6.44533574122279,-6.79987011939786,-6.11310244797235,FALSE,FALSE,FALSE,FALSE,TRUE,FALSE,TRUE,"excludes_bam_primary","","grid",,,
"r_0","r","0","binned",FALSE,"ok","","shadow_rate","pct","delta_abs",-5.90148591384728,-6.22180266527458,-5.59769822026124,FALSE,FALSE,FALSE,TRUE,FALSE,FALSE,TRUE,"excludes_primary","","grid",,,
"r_1.0","r","1.0","binned",FALSE,"ok","","shadow_rate","pct","delta_abs",-6.42519420892058,-6.77703127144297,-6.09331186070514,FALSE,FALSE,FALSE,FALSE,TRUE,FALSE,TRUE,"excludes_bam_primary","","grid",,,
"r_1.45","r","1.45","binned",FALSE,"ok","the primary's configuration: the primary row's numbers, computed once","shadow_rate","pct","delta_abs",-6.44533574122279,-6.79987011939786,-6.11310244797235,FALSE,FALSE,FALSE,FALSE,TRUE,FALSE,TRUE,"excludes_bam_primary","","grid",,,
"r_fitted","r","fitted","binned",FALSE,"ok","fitted r = 1.45 in (maximal run 1.45 to 1.45 in, 1 run(s)); 10,164 of 10,168 2026 challenges consistent at it, 10,164 at r = 1.45","shadow_rate","pct","delta_abs",-6.44533574122279,-6.79987011939786,-6.11310244797235,FALSE,FALSE,FALSE,FALSE,TRUE,FALSE,TRUE,"excludes_bam_primary","","grid",,,
"height_abs_cohort","height source","ABS-measured cohort","binned",FALSE,"ok","","shadow_rate","pct","delta_abs",-6.36011982920892,-6.74017233532836,-5.98910156422343,FALSE,FALSE,FALSE,FALSE,FALSE,FALSE,FALSE,"","","grid",,,
"height_roster_offset","height source","roster+offset","binned",FALSE,"ok","the primary's configuration: the primary row's numbers, computed once","shadow_rate","pct","delta_abs",-6.44533574122279,-6.79987011939786,-6.11310244797235,FALSE,FALSE,FALSE,FALSE,TRUE,FALSE,TRUE,"excludes_bam_primary","","grid",,,
"height_ml_offset","height source","per-batter ML offset","binned",FALSE,"ok","336 batters with >= 150 near-edge 2022-2024 pitches, 3 on the grid bound kept the primary rule; median delta +0.00 in, IQR 1.80 in; 69.6% of rows re-heighted","shadow_rate","pct","delta_abs",-6.45190584099927,-6.80378950862667,-6.09118230708498,FALSE,FALSE,FALSE,FALSE,TRUE,FALSE,TRUE,"excludes_bam_primary","","grid",,,
"shadow_2","shadow band","2","binned",FALSE,"ok","","shadow_rate","pct","delta_abs",-8.01777896234646,-8.45517911362583,-7.60093280144444,FALSE,FALSE,FALSE,TRUE,TRUE,FALSE,TRUE,"excludes_primary;excludes_bam_primary","","grid",,,
"shadow_3","shadow band","3","binned",FALSE,"ok","the primary's configuration: the primary row's numbers, computed once","shadow_rate","pct","delta_abs",-6.44533574122279,-6.79987011939786,-6.11310244797235,FALSE,FALSE,FALSE,FALSE,TRUE,FALSE,TRUE,"excludes_bam_primary","","grid",,,
"shadow_4","shadow band","4","binned",FALSE,"ok","","shadow_rate","pct","delta_abs",-5.20979832933665,-5.49757017375685,-4.93983298994449,FALSE,FALSE,FALSE,TRUE,TRUE,FALSE,TRUE,"excludes_primary;excludes_bam_primary","","grid",,,
"band_6","band restriction","6","binned",FALSE,"ok","","shadow_rate","pct","delta_abs",-6.41996332396688,-6.79015423323906,-6.06266277973454,FALSE,FALSE,FALSE,FALSE,TRUE,FALSE,TRUE,"excludes_bam_primary","","grid",,,
"band_8","band restriction","8","binned",FALSE,"ok","the primary's configuration: the primary row's numbers, computed once","shadow_rate","pct","delta_abs",-6.44533574122279,-6.79987011939786,-6.11310244797235,FALSE,FALSE,FALSE,FALSE,TRUE,FALSE,TRUE,"excludes_bam_primary","","grid",,,
"band_unrestricted","band restriction","unrestricted","binned",FALSE,"ok","","shadow_rate","pct","delta_abs",-6.41443040326511,-6.74056374009218,-6.07973990009054,FALSE,FALSE,FALSE,FALSE,TRUE,FALSE,TRUE,"excludes_bam_primary","","grid",,,
"plane_mid","plane","mid","binned",FALSE,"ok","the primary's configuration: the primary row's numbers, computed once","shadow_rate","pct","delta_abs",-6.44533574122279,-6.79987011939786,-6.11310244797235,FALSE,FALSE,FALSE,FALSE,TRUE,FALSE,TRUE,"excludes_bam_primary","","grid",,,
"plane_front","plane","front","binned",FALSE,"ok","d, zn and edge on the front-of-plate pair","shadow_rate","pct","delta_abs",-6.04155582427484,-6.36783603630312,-5.72614491515524,FALSE,FALSE,FALSE,TRUE,FALSE,FALSE,TRUE,"excludes_primary","","grid",,,
"blocked_ball_in","blocked_ball","in","binned",FALSE,"ok","the primary's configuration: the primary row's numbers, computed once","shadow_rate","pct","delta_abs",-6.44533574122279,-6.79987011939786,-6.11310244797235,FALSE,FALSE,FALSE,FALSE,TRUE,FALSE,TRUE,"excludes_bam_primary","","grid",,,
"blocked_ball_out","blocked_ball","out","binned",FALSE,"ok","76,240 blocked_ball rows dropped","shadow_rate","pct","delta_abs",-6.44303592537332,-6.77567538674955,-6.07016953545607,FALSE,FALSE,FALSE,FALSE,TRUE,FALSE,TRUE,"excludes_bam_primary","","grid",,,
"pp_in","position-player pitchers","in","binned",FALSE,"ok","5,039 position-player pitches added","shadow_rate","pct","delta_abs",-6.37746572740928,-6.71479478543511,-6.01799197919175,FALSE,FALSE,FALSE,FALSE,FALSE,FALSE,FALSE,"","","grid",,,
"pp_out","position-player pitchers","out","binned",FALSE,"ok","the primary's configuration: the primary row's numbers, computed once","shadow_rate","pct","delta_abs",-6.44533574122279,-6.79987011939786,-6.11310244797235,FALSE,FALSE,FALSE,FALSE,TRUE,FALSE,TRUE,"excludes_bam_primary","","grid",,,
"postseason_in","postseason","in","binned",FALSE,"deferred","the warehouse's open view holds no 2022-2025 postseason called pitch (game_type F, D, L, W): the Statcast and schedule pulls cover game_type R only; the cell runs on the first pass that finds rows","shadow_rate","pct","delta_abs",,,,TRUE,FALSE,FALSE,FALSE,FALSE,FALSE,TRUE,"status","","grid",,,
"postseason_out","postseason","out","binned",FALSE,"ok","the primary's configuration: the primary row's numbers, computed once","shadow_rate","pct","delta_abs",-6.44533574122279,-6.79987011939786,-6.11310244797235,FALSE,FALSE,FALSE,FALSE,TRUE,FALSE,TRUE,"excludes_bam_primary","","grid",,,
"k_0.75x","k","0.75x","binned",FALSE,"ok","","shadow_rate","pct","delta_abs",-6.38111308673157,-6.74282651335851,-6.01547081005917,FALSE,FALSE,FALSE,FALSE,FALSE,FALSE,FALSE,"","","grid",,,
"k_1.5x","k","1.5x","binned",FALSE,"ok","","shadow_rate","pct","delta_abs",-6.43010537108044,-6.78941275001729,-6.05858856671442,FALSE,FALSE,FALSE,FALSE,TRUE,FALSE,TRUE,"excludes_bam_primary","","grid",,,
"mix_2024","standardisation mix","2024","binned",FALSE,"ok","the primary's configuration: the primary row's numbers, computed once","shadow_rate","pct","delta_abs",-6.44533574122279,-6.79987011939786,-6.11310244797235,FALSE,FALSE,FALSE,FALSE,TRUE,FALSE,TRUE,"excludes_bam_primary","","grid",,,
"mix_2025","standardisation mix","2025","binned",FALSE,"ok","","shadow_rate","pct","delta_abs",-6.46067048109336,-6.81237749969015,-6.13312431479889,FALSE,FALSE,FALSE,FALSE,TRUE,FALSE,TRUE,"excludes_bam_primary","","grid",,,
"mix_unweighted","standardisation mix","unweighted","binned",FALSE,"ok","","shadow_rate","pct","delta_abs",-6.33690857959034,-6.68826325999272,-6.00322258490059,FALSE,FALSE,FALSE,FALSE,FALSE,FALSE,FALSE,"","","grid",,,
"primary","primary","pre-registered primary","bam",TRUE,"ok","","shadow_rate","pct","delta_abs",-6.04888738123365,-6.81313584522308,-5.30951091780609,FALSE,FALSE,FALSE,FALSE,FALSE,FALSE,FALSE,"","","grid",,,
"height_abs_cohort","height source","ABS-measured cohort","bam",FALSE,"ok","","shadow_rate","pct","delta_abs",-5.90612037538914,-6.65282673484729,-5.16970677013087,FALSE,FALSE,FALSE,FALSE,FALSE,FALSE,FALSE,"","","grid",,,
"plane_front","plane","front","bam",FALSE,"ok","d, zn and edge on the front-of-plate pair","shadow_rate","pct","delta_abs",-5.71098870953035,-6.36571475993658,-5.04144516427562,FALSE,FALSE,FALSE,FALSE,FALSE,FALSE,FALSE,"","","grid",,,
"k_0.75x","k","0.75x","bam",FALSE,"ok","","shadow_rate","pct","delta_abs",-6.06759205620245,-6.78115697992173,-5.34482165391802,FALSE,FALSE,FALSE,FALSE,FALSE,FALSE,FALSE,"","","grid",,,
"mix_unweighted","standardisation mix","unweighted","bam",FALSE,"ok","","shadow_rate","pct","delta_abs",-5.87721839797388,-6.5960860439202,-5.18560670166784,FALSE,FALSE,FALSE,FALSE,FALSE,FALSE,FALSE,"","","grid",,,
,,,,,,,,,,,,,,,,,,,,,,"summary","n_grid_rows",32,""
,,,,,,,,,,,,,,,,,,,,,,"summary","n_binned_cells",27,""
,,,,,,,,,,,,,,,,,,,,,,"summary","n_binned_ran",26,""
,,,,,,,,,,,,,,,,,,,,,,"summary","n_binned_not_run",1,""
,,,,,,,,,,,,,,,,,,,,,,"summary","n_bam_cells",5,""
,,,,,,,,,,,,,,,,,,,,,,"summary","n_bam_ran",5,""
,,,,,,,,,,,,,,,,,,,,,,"summary","n_computed",31,""
,,,,,,,,,,,,,,,,,,,,,,"summary","sign_flips_delta_buffer",0,""
,,,,,,,,,,,,,,,,,,,,,,"summary","sign_flips_delta_abs",0,""
,,,,,,,,,,,,,,,,,,,,,,"summary","n_intervals_crossing_zero",0,""
,,,,,,,,,,,,,,,,,,,,,,"summary","area_sum_lo95",-62.7822406828654,""
,,,,,,,,,,,,,,,,,,,,,,"summary","area_sum_hi95",-49.7466322542741,""
,,,,,,,,,,,,,,,,,,,,,,"summary","ch1_a9",,"not met: the multiverse is incomplete; not run: postseason_in"
