"window","season","regime","catcher","games","innings","called_pitches","challenged_pitches","qual_innings","qualified","first_date","through_date","runs_cnt","runs_cnt_uncentred","runs_cnt_per100","se_noise_cnt_per100","odd_cnt_per1000","even_cnt_per1000","runs_cnt_per100_draw_lo95","runs_cnt_per100_draw_hi95","runs_flat","runs_flat_uncentred","runs_flat_per100","se_noise_flat_per100","odd_flat_per1000","even_flat_per1000","runs_cnt_sis","runs_cnt_sis_uncentred","runs_cnt_sis_per100","se_noise_cnt_sis_per100","odd_cnt_sis_per1000","even_cnt_sis_per1000","runs_flat_sis","runs_flat_sis_uncentred","runs_flat_sis_per100","se_noise_flat_sis_per100","odd_flat_sis_per1000","even_flat_sis_per1000","runs_cnt_season_table"
"season",2022,"pre_buffer",425877,77,628.333333333333,5391,0,358.769444444445,TRUE,"2022-04-07","2022-10-02",2.77301274845239,5.66817516746534,0.441328288878365,0.437355978492774,0.296785108221321,0.71874346434767,0.355183638748096,0.7830139707019,4.00355597744634,3.9643957671736,0.63717071259093,0.325781367663515,0.878951792924671,0.614608937453247,2.77301274845239,5.66817516746534,0.441328288878365,0.437355978492774,0.296785108221321,0.71874346434767,4.00355597744634,3.9643957671736,0.63717071259093,0.325781367663515,0.878951792924671,0.614608937453247,5.58718205288675
"season",2022,"pre_buffer",435559,44,350.666666666667,3056,0,358.769444444445,FALSE,"2022-04-08","2022-10-04",-5.6932486127203,-4.05206583540559,-1.62354998461606,0.595407840015356,-1.54690852734117,-2.17697777271996,-1.73292387741799,-0.998457112273567,-7.4388550738731,-7.46105385009152,-2.12134650395621,0.421181776699182,-1.82993941891808,-3.03447967309907,-5.6932486127203,-4.05206583540559,-1.62354998461606,0.595407840015356,-1.54690852734117,-2.17697777271996,-7.4388550738731,-7.46105385009152,-2.12134650395621,0.421181776699182,-1.82993941891808,-3.03447967309907,-3.98149867470631
"season",2022,"pre_buffer",444489,5,44,414,0,358.769444444445,FALSE,"2022-04-11","2022-04-24",-0.848806252105493,-0.626473244969272,-1.92910511842157,1.793327096976,-0.758488595373699,-4.6059128660268,-3.76653746626031,-1.56323181380656,-0.261880229101087,-0.264887524046906,-0.595182338866106,1.28481640482307,1.20317936537299,-4.26442125596157,-0.848806252105493,-0.626473244969272,-1.92910511842157,1.793327096976,-0.758488595373699,-4.6059128660268,-0.261880229101087,-0.264887524046906,-0.595182338866106,1.28481640482307,1.20317936537299,-4.26442125596157,-0.611296095471903
"season",2022,"pre_buffer",455117,113,948.666666666667,7630,0,358.769444444445,TRUE,"2022-04-07","2022-10-05",-1.34550120421166,2.75208537658389,-0.141830766431307,0.33876501779391,-0.46361666056731,0.101450087542231,-0.292141608378109,-0.0628826174316166,1.36554310653039,1.31011880595888,0.143943405467013,0.251461534007035,0.0907112400848425,0.264316897389056,-1.34550120421166,2.75208537658389,-0.141830766431307,0.33876501779391,-0.46361666056731,0.101450087542231,1.36554310653039,1.31011880595888,0.143943405467013,0.251461534007035,0.0907112400848425,0.264316897389056,2.70418269507349
"season",2022,"pre_buffer",455139,66,528.333333333333,4526,0,358.769444444445,TRUE,"2022-04-08","2022-10-05",-13.6195728606429,-11.1889467971199,-2.57783713450654,0.463995620875743,-3.18791016504564,-2.83924268816905,-3.06150331428857,-2.49649250771583,-15.1509961327516,-15.1838729852269,-2.86769642891197,0.343218310324771,-3.33461685698843,-3.35984109751513,-13.6195728606429,-11.1889467971199,-2.57783713450654,0.463995620875743,-3.18791016504564,-2.83924268816905,-15.1509961327516,-15.1838729852269,-2.86769642891197,0.343218310324771,-3.33461685698843,-3.35984109751513,-11.0253674089356
"season",2022,"pre_buffer",488771,30,201,1602,0,358.769444444445,FALSE,"2022-04-09","2022-06-29",-1.38690503885,-0.526572967757673,-0.690002506890549,0.686670666382592,-0.153692259216847,-1.46483023575089,-1.02949606509754,-0.545714482870149,-0.866396807605828,-0.878033731526609,-0.431043187863596,0.540703976488656,-0.41765948174181,-0.644448352840027,-1.38690503885,-0.526572967757673,-0.690002506890549,0.686670666382592,-0.153692259216847,-1.46483023575089,-0.866396807605828,-0.878033731526609,-0.431043187863596,0.540703976488656,-0.41765948174181,-0.644448352840027,-0.51096885578222
"season",2022,"pre_buffer",506702,33,230.666666666667,1890,0,358.769444444445,FALSE,"2022-06-28","2022-09-21",-0.396360167175644,0.618638343663622,-0.171832442417187,0.672109208185511,-0.244127207378023,-0.170883677232956,-0.750306043273825,-0.0333868904544239,0.43266702583123,0.418938070643791,0.187572410042441,0.509240139592626,0.545800934506497,-0.128632331694009,-0.396360167175644,0.618638343663622,-0.171832442417187,0.672109208185511,-0.244127207378023,-0.170883677232956,0.43266702583123,0.418938070643791,0.187572410042441,0.509240139592626,0.545800934506497,-0.128632331694009,0.600601792285911
"season",2022,"pre_buffer",518595,99,876.333333333333,7367,0,358.769444444445,TRUE,"2022-04-07","2022-10-04",5.31258640466779,9.26893245194444,0.606228954507546,0.346994536138782,0.589627143517026,0.863223087707329,0.476527769373219,0.929707291571451,5.30905116732822,5.25553729808703,0.605825542106682,0.26175327675907,0.653699294459715,0.792995669789706,5.31258640466779,9.26893245194444,0.606228954507546,0.346994536138782,0.589627143517026,0.863223087707329,5.30905116732822,5.25553729808703,0.605825542106682,0.26175327675907,0.653699294459715,0.792995669789706,9.13255495469951
"season",2022,"pre_buffer",518735,71,554,4653,0,358.769444444445,TRUE,"2022-04-08","2022-10-04",8.05385594575334,10.5526856129148,1.45376461114681,0.44009788548021,1.64106898050687,1.81839693106048,1.04002342171228,1.54627034968141,8.05863606932824,8.0248366891763,1.45462744933723,0.323146499808623,1.33559699365071,2.11799124815707,8.05385594575334,10.5526856129148,1.45376461114681,0.44009788548021,1.64106898050687,1.81839693106048,8.05863606932824,8.0248366891763,1.45462744933723,0.323146499808623,1.33559699365071,2.11799124815707,10.4033584043002
"season",2022,"pre_buffer",519222,49,342.666666666667,3075,0,358.769444444445,FALSE,"2022-05-11","2022-10-05",-3.43757779489147,-1.78619132884346,-1.00318418138856,0.64363355166616,-1.3597059020511,-0.843732374004143,-1.50779307408197,-0.87623803984144,-2.18240534036287,-2.20474213253291,-0.636888718004729,0.438290350320438,-1.51858303348836,0.207466576236714,-3.43757779489147,-1.78619132884346,-1.00318418138856,0.64363355166616,-1.3597059020511,-0.843732374004143,-2.18240534036287,-2.20474213253291,-0.636888718004729,0.438290350320438,-1.51858303348836,0.207466576236714,-1.74684856347301
"season",2022,"pre_buffer",519390,19,144,1098,0,358.769444444445,FALSE,"2022-04-11","2022-10-05",-2.32975445502036,-1.74008865348517,-1.61788503820858,0.806556190203408,-0.934415042305662,-3.22977901865909,-1.77883860269077,-1.25490326343784,-1.95743661862532,-1.96541248782945,-1.35933098515647,0.627436804693818,-0.784431923562248,-2.71423890693192,-2.32975445502036,-1.74008865348517,-1.61788503820858,0.806556190203408,-0.934415042305662,-3.22977901865909,-1.95743661862532,-1.96541248782945,-1.35933098515647,0.627436804693818,-0.784431923562248,-2.71423890693192,-1.71167635857506
"season",2022,"pre_buffer",521692,77,621.666666666667,5743,0,358.769444444445,TRUE,"2022-04-07","2022-10-01",-15.844118516514,-12.7599193378103,-2.5486517720934,0.424241074641743,-3.60178730891569,-1.90914884787064,-2.68362397676939,-2.43623755890371,-12.9528405109402,-12.9945576483166,-2.08356683822094,0.330326327979224,-2.68049667945997,-1.82691209232764,-15.844118516514,-12.7599193378103,-2.5486517720934,0.424241074641743,-3.60178730891569,-1.90914884787064,-12.9528405109402,-12.9945576483166,-2.08356683822094,0.330326327979224,-2.68049667945997,-1.82691209232764,-12.5648196164786
"season",2022,"pre_buffer",542194,49,406,3300,0,358.769444444445,TRUE,"2022-04-17","2022-10-04",-2.11947266422266,-0.347253042122359,-0.522037602025287,0.490765352061989,-1.22648926541009,-0.0465982546202337,-0.643062812846064,-0.239036676622634,1.56809146192666,1.54412027032954,0.386229424119866,0.382940951052462,0.0827582487545914,0.875285324052331,-2.11947266422266,-0.347253042122359,-0.522037602025287,0.490765352061989,-1.22648926541009,-0.0465982546202337,1.56809146192666,1.54412027032954,0.386229424119866,0.382940951052462,0.0827582487545914,0.875285324052331,-0.292074466102596
"season",2022,"pre_buffer",542963,1,9,53,0,358.769444444445,FALSE,"2022-05-22","2022-05-22",0.125008856572146,0.153471777775575,1.38898729524606,2.34212625552002,2.35865767117256,,0.564435223745196,2.07281370016605,0.0636801864462653,0.0632951945812208,0.707557627180726,2.02432694132252,1.20151295181633,,0.125008856572146,0.153471777775575,1.38898729524606,2.34212625552002,2.35865767117256,,0.0636801864462653,0.0632951945812208,0.707557627180726,2.02432694132252,1.20151295181633,,0.151838167694636
"season",2022,"pre_buffer",543228,69,582.333333333333,5063,0,358.769444444445,TRUE,"2022-04-10","2022-10-03",-2.02274414958937,0.696270379711794,-0.347351599815004,0.458701825790408,0.0578828659673818,-0.905029857517951,-0.476210275139234,-0.193551278018658,-2.75757075567265,-2.79434837478058,-0.473538195021061,0.337528497568904,-0.124769224937642,-1.00870443068124,-2.02274414958937,0.696270379711794,-0.347351599815004,0.458701825790408,0.0578828659673818,-0.905029857517951,-2.75757075567265,-2.79434837478058,-0.473538195021061,0.337528497568904,-0.124769224937642,-1.00870443068124,0.687758008555138
"season",2022,"pre_buffer",543309,82,622,5090,0,358.769444444445,TRUE,"2022-04-08","2022-10-05",11.9914866215923,14.7250011296197,1.92789173980583,0.411718152546853,2.41217265515452,2.30739131164894,1.82168159174448,2.04584611971079,8.2770009660336,8.24002721899442,1.33070755080926,0.303986889944956,1.44315309249194,1.78380844188829,11.9914866215923,14.7250011296197,1.92789173980583,0.411718152546853,2.41217265515452,2.30739131164894,8.2770009660336,8.24002721899442,1.33070755080926,0.303986889944956,1.44315309249194,1.78380844188829,14.4972647376651
"season",2022,"pre_buffer",543510,60,460.333333333333,3773,0,358.769444444445,TRUE,"2022-04-07","2022-10-04",1.49819925285304,3.52443702078772,0.325459649424991,0.466768707927623,-0.0921890706074587,0.940843171281172,-0.215315612009885,0.417451804998621,1.68885962911404,1.66145256672134,0.366877544340487,0.356419019792906,0.262103554120518,0.653789575059147,1.49819925285304,3.52443702078772,0.325459649424991,0.466768707927623,-0.0921890706074587,0.940843171281172,1.68885962911404,1.66145256672134,0.366877544340487,0.356419019792906,0.262103554120518,0.653789575059147,3.47558165335969
"season",2022,"pre_buffer",543592,101,834.666666666667,7014,0,358.769444444445,TRUE,"2022-04-07","2022-10-04",-13.6473465546823,-9.88057430334548,-1.63506548179101,0.371887500104608,-1.82177543417638,-2.07591564445676,-1.86786916289812,-1.5554081754344,-10.3515291634487,-10.4024788415887,-1.24019918092437,0.272726038864979,-1.27042589245556,-1.69157817359131,-13.6473465546823,-9.88057430334548,-1.63506548179101,0.371887500104608,-1.82177543417638,-2.07591564445676,-10.3515291634487,-10.4024788415887,-1.24019918092437,0.272726038864979,-1.27042589245556,-1.69157817359131,-9.70713339447055
"season",2022,"pre_buffer",543877,108,869.666666666667,7410,0,358.769444444445,TRUE,"2022-04-08","2022-10-05",2.97954401886508,6.95898262485395,0.342607591283835,0.380596472197012,0.284694417530427,0.513510405159207,0.260729827813911,0.51771384077453,4.01430327779236,3.96047705666066,0.461591024659911,0.265675827215602,0.0956886179911627,0.965033862198908,2.97954401886508,6.95898262485395,0.342607591283835,0.380596472197012,0.284694417530427,0.513510405159207,4.01430327779236,3.96047705666066,0.461591024659911,0.265675827215602,0.0956886179911627,0.965033862198908,6.84664598477166
"season",2022,"pre_buffer",545358,97,829,6830,0,358.769444444445,TRUE,"2022-04-07","2022-10-05",-0.203886722352561,3.46407085914595,-0.0245942970268469,0.351518651804975,0.687241492592169,-0.690464869364814,-0.111467176295232,0.153220399108071,-2.25048780792645,-2.30010091053502,-0.271470181897039,0.262280714645932,-0.326625819197145,-0.332148593545936,-0.203886722352561,3.46407085914595,-0.0245942970268469,0.351518651804975,0.687241492592169,-0.690464869364814,-2.25048780792645,-2.30010091053502,-0.271470181897039,0.262280714645932,-0.326625819197145,-0.332148593545936,3.40199554193069
"season",2022,"pre_buffer",547172,1,8,48,0,358.769444444445,FALSE,"2022-08-14","2022-08-14",-0.040257674449686,-0.0144799344918633,-0.503220930621075,1.32016998373907,-0.838701551035124,,-0.637805165795472,0.391068789353829,0.0299222150927405,0.0295735432149643,0.374027688659256,1.57838101062757,0.62337948109876,,-0.040257674449686,-0.0144799344918633,-0.503220930621075,1.32016998373907,-0.838701551035124,,0.0299222150927405,0.0295735432149643,0.374027688659256,1.57838101062757,0.62337948109876,,-0.0143582252023836
"season",2022,"pre_buffer",547379,20,159,1453,0,358.769444444445,FALSE,"2022-04-07","2022-05-07",3.11760464244359,3.89791831241684,1.96075763675697,0.832046510118507,2.61530150074119,1.5372155005305,1.23369980084667,2.12527675686845,3.20803700973142,3.19748242143124,2.01763333945372,0.639493781782567,2.8223570180155,1.41185506312592,3.11760464244359,3.89791831241684,1.96075763675697,0.832046510118507,2.61530150074119,1.5372155005305,3.20803700973142,3.19748242143124,2.01763333945372,0.639493781782567,2.8223570180155,1.41185506312592,3.84236310520489
"season",2022,"pre_buffer",553869,104,833.333333333333,7461,0,358.769444444445,TRUE,"2022-04-08","2022-10-04",-17.0098121959366,-13.0029847412425,-2.04117746351239,0.375628765449828,-1.61410351066298,-2.93230571418742,-2.1188770647073,-1.85287349030742,-14.333075300655,-14.3872719856568,-1.7199690360786,0.287506868264353,-1.79657088086556,-2.04308360870979,-17.0098121959366,-13.0029847412425,-2.04117746351239,0.375628765449828,-1.61410351066298,-2.93230571418742,-14.333075300655,-14.3872719856568,-1.7199690360786,0.287506868264353,-1.79657088086556,-2.04308360870979,-12.7728503158603
"season",2022,"pre_buffer",553882,83,680.666666666667,6249,0,358.769444444445,TRUE,"2022-04-07","2022-10-04",6.64668760902957,10.0026271297886,0.976496710435294,0.429515945350017,1.24144653675095,0.886572119910605,0.883355045259709,1.54402396710598,8.29492250798391,8.24952978789592,1.21864679353339,0.312942413393985,1.13727930171019,1.51673128241825,6.64668760902957,10.0026271297886,0.976496710435294,0.429515945350017,1.24144653675095,0.886572119910605,8.29492250798391,8.24952978789592,1.21864679353339,0.312942413393985,1.13727930171019,1.51673128241825,9.87014588570702
"season",2022,"pre_buffer",571466,92,778,6691,0,358.769444444445,TRUE,"2022-04-08","2022-10-04",-2.89730829854065,0.69600124433,-0.372404665622191,0.406929323726604,-0.191272964631636,-0.672242602511616,-0.464486245204897,-0.278112180359942,-3.07701584429928,-3.1256192512618,-0.395503321889368,0.283248096943571,-0.494725305551611,-0.425385081006103,-2.89730829854065,0.69600124433,-0.372404665622191,0.406929323726604,-0.191272964631636,-0.672242602511616,-3.07701584429928,-3.1256192512618,-0.395503321889368,0.283248096943571,-0.494725305551611,-0.425385081006103,0.691685868328686
"season",2022,"pre_buffer",571912,76,513,4102,0,358.769444444445,TRUE,"2022-04-27","2022-10-05",-0.109924404588712,2.09299828930688,-0.0214277591790861,0.445678641516743,-0.618486663353914,0.64104000425846,-0.185259623066921,0.0920897276427007,-0.575591610201116,-0.605388527756074,-0.112201093606455,0.328968184264765,-0.401337204630731,0.154289989554086,-0.109924404588712,2.09299828930688,-0.0214277591790861,0.445678641516743,-0.618486663353914,0.64104000425846,-0.575591610201116,-0.605388527756074,-0.112201093606455,0.328968184264765,-0.401337204630731,0.154289989554086,2.08481733918056
"season",2022,"pre_buffer",572287,35,299.333333333333,2262,0,358.769444444445,FALSE,"2022-04-08","2022-06-09",3.98789643965666,5.20267243516905,1.33225938964031,0.521407909486088,1.9002059488884,1.62554274824336,1.23744967501738,1.91794811056092,2.63312882588782,2.61669766364762,0.879664418448048,0.413398848985603,1.36526526492133,0.962520837165376,3.98789643965666,5.20267243516905,1.33225938964031,0.521407909486088,1.9002059488884,1.62554274824336,2.63312882588782,2.61669766364762,0.879664418448048,0.413398848985603,1.36526526492133,0.962520837165376,5.11074572982593
"season",2022,"pre_buffer",572863,7,33,268,0,358.769444444445,FALSE,"2022-04-12","2022-04-30",-0.437317374411505,-0.293391659646995,-1.32520416488335,2.11587410625938,-0.885838585323643,-6.59762811517417,-1.78240840858423,-0.833868368466597,-0.626613742606043,-0.628560493923627,-1.89882952304862,1.40806217933122,-1.63440921083448,-7.02275418518883,-0.437317374411505,-0.293391659646995,-1.32520416488335,2.11587410625938,-0.885838585323643,-6.59762811517417,-0.626613742606043,-0.628560493923627,-1.89882952304862,1.40806217933122,-1.63440921083448,-7.02275418518883,-0.293883983132582
"season",2022,"pre_buffer",575929,71,616.333333333333,5502,0,358.769444444445,TRUE,"2022-04-07","2022-10-04",-7.34386273320486,-4.38908929053944,-1.19154073551188,0.45716418631107,-2.16169708436633,-0.474713537841049,-1.29873157212053,-1.00005727794879,-5.97831799181872,-6.01828450580882,-0.969981285854849,0.325937891888885,-1.45888430406843,-0.699350210940596,-7.34386273320486,-4.38908929053944,-1.19154073551188,0.45716418631107,-2.16169708436633,-0.474713537841049,-5.97831799181872,-6.01828450580882,-0.969981285854849,0.325937891888885,-1.45888430406843,-0.699350210940596,-4.32491174875538
"season",2022,"pre_buffer",592200,54,421,3321,0,358.769444444445,TRUE,"2022-04-10","2022-10-05",-5.14938000268944,-3.36588261935759,-1.22313064196899,0.503473247582377,-0.776330943426618,-2.40160587362235,-1.31363329915304,-1.02824112192718,-4.51418709741487,-4.53831083295851,-1.07225346731945,0.378836516168405,-0.810426469366959,-1.96261407533864,-5.14938000268944,-3.36588261935759,-1.22313064196899,0.503473247582377,-0.776330943426618,-2.40160587362235,-4.51418709741487,-4.53831083295851,-1.07225346731945,0.378836516168405,-0.810426469366959,-1.96261407533864,-3.29636538502638
"season",2022,"pre_buffer",592663,133,1131.66666666667,9553,0,358.769444444445,TRUE,"2022-04-08","2022-10-03",5.47217192615686,10.6024792140127,0.483549802016807,0.328852039503584,0.881676433372848,0.25203856699343,0.193484596538867,0.548906500335454,4.17063986099092,4.101246893316,0.368539604800376,0.236856924837029,0.655934659605767,0.208750719737441,5.47217192615686,10.6024792140127,0.483549802016807,0.328852039503584,0.881676433372848,0.25203856699343,4.17063986099092,4.101246893316,0.368539604800376,0.236856924837029,0.655934659605767,0.208750719737441,10.4120862394134
"season",2022,"pre_buffer",595284,16,115,991,0,358.769444444445,FALSE,"2022-04-13","2022-09-04",-4.61556647349663,-4.08336355061741,-4.01353606391011,0.975273296627967,-4.87682219592442,-4.41236851501742,-4.22469678905794,-3.51924580737529,-3.56708895459336,-3.57428757606994,-3.10181648225509,0.758832517360834,-3.14369955525068,-4.10883351965225,-4.61556647349663,-4.08336355061741,-4.01353606391011,0.975273296627967,-4.87682219592442,-4.41236851501742,-3.56708895459336,-3.57428757606994,-3.10181648225509,0.758832517360834,-3.14369955525068,-4.10883351965225,-4.02450248379645
"season",2022,"pre_buffer",595453,12,93,739,0,358.769444444445,FALSE,"2022-05-09","2022-09-06",-0.575089654305196,-0.178219866204551,-0.618375972371178,0.940420146800527,-0.921646652339562,-0.626361912022736,-0.822742946376161,-0.22791334378821,-0.0692377585441297,-0.0746058526623926,-0.0744492027356234,0.813646832570905,0.332799846351388,-0.545130084004616,-0.575089654305196,-0.178219866204551,-0.618375972371178,0.940420146800527,-0.921646652339562,-0.626361912022736,-0.0692377585441297,-0.0746058526623926,-0.0744492027356234,0.813646832570905,0.332799846351388,-0.545130084004616,-0.1669798561086
"season",2022,"pre_buffer",595751,65,530.333333333333,4540,0,358.769444444445,TRUE,"2022-04-08","2022-10-04",-4.44190074507988,-2.00375617406916,-0.837567708060317,0.462594207909815,-0.788355278536615,-1.15611648080586,-0.950407496335727,-0.398497268150418,-3.57837882748985,-3.61135737592952,-0.674741450815183,0.352881012944758,-1.04548431363761,-0.547564468614213,-4.44190074507988,-2.00375617406916,-0.837567708060317,0.462594207909815,-0.788355278536615,-1.15611648080586,-3.57837882748985,-3.61135737592952,-0.674741450815183,0.352881012944758,-1.04548431363761,-0.547564468614213,-1.95432339223473
"season",2022,"pre_buffer",595956,18,124,1041,0,358.769444444445,FALSE,"2022-04-10","2022-07-27",-1.60424269595771,-1.04518796062243,-1.29374410964331,1.02562512851129,-0.855648373519316,-2.21991747318299,-1.97423782791517,-1.08540353192346,-0.399934287231725,-0.407496108580996,-0.322527650993326,0.681496675925027,0.331870810661624,-1.09339075937753,-1.60424269595771,-1.04518796062243,-1.29374410964331,1.02562512851129,-0.855648373519316,-2.21991747318299,-0.399934287231725,-0.407496108580996,-0.322527650993326,0.681496675925027,0.331870810661624,-1.09339075937753,-1.01952260469073
"season",2022,"pre_buffer",595978,105,839.666666666667,6412,0,358.769444444445,TRUE,"2022-04-07","2022-10-04",6.57176567329638,10.0152421026622,0.782663637153202,0.333197394759704,1.4146241046156,0.617811577351939,-0.0854076780240409,0.83956413274723,5.68546644673811,5.63888969506517,0.677109938079172,0.255299757063088,1.22083759015924,0.5376283486532,6.57176567329638,10.0152421026622,0.782663637153202,0.333197394759704,1.4146241046156,0.617811577351939,5.68546644673811,5.63888969506517,0.677109938079172,0.255299757063088,1.22083759015924,0.5376283486532,9.86836686115628
"season",2022,"pre_buffer",596117,41,294.666666666667,2486,0,358.769444444445,FALSE,"2022-04-10","2022-10-05",-4.6308155193984,-3.29574340408284,-1.57154372830262,0.600756886314889,-1.19568577868445,-2.63772114702258,-1.73015597720648,-1.25383592653944,-4.3893219248285,-4.40738022249832,-1.48958888851646,0.464702315758843,-1.42246091207184,-2.16427317069611,-4.6308155193984,-3.29574340408284,-1.57154372830262,0.600756886314889,-1.19568577868445,-2.63772114702258,-4.3893219248285,-4.40738022249832,-1.48958888851646,0.464702315758843,-1.42246091207184,-2.16427317069611,-3.25657934716978
"season",2022,"pre_buffer",596142,91,713.333333333333,6012,0,358.769444444445,TRUE,"2022-04-10","2022-10-05",3.28749656905102,6.51615849876831,0.460864005007153,0.38524999672978,0.77474261774962,0.312286981954921,-0.0216566599656414,0.548071769864721,3.36914300767317,3.3254718549817,0.472309767430819,0.287646467735104,0.362053045753725,0.764510047644301,3.28749656905102,6.51615849876831,0.460864005007153,0.38524999672978,0.77474261774962,0.312286981954921,3.36914300767317,3.3254718549817,0.472309767430819,0.287646467735104,0.362053045753725,0.764510047644301,6.43457298410941
"season",2022,"pre_buffer",600474,4,33.3333333333333,325,0,358.769444444445,FALSE,"2022-07-04","2022-07-25",-1.22472382155913,-1.0501870405947,-3.67417146467739,2.1885391327174,-9.52244579356067,0.809438523279602,-4.19441738315418,-2.93230970325505,-0.530781224614311,-0.533142023786754,-1.59234367384293,1.45730794495353,-4.64878270083176,0.765986101135152,-1.22472382155913,-1.0501870405947,-3.67417146467739,2.1885391327174,-9.52244579356067,0.809438523279602,-0.530781224614311,-0.533142023786754,-1.59234367384293,1.45730794495353,-4.64878270083176,0.765986101135152,-1.03349077913357
"season",2022,"pre_buffer",605131,55,487,3670,0,358.769444444445,TRUE,"2022-04-09","2022-10-04",4.24801393079211,6.2189369650673,0.872282121312549,0.444791835991246,0.260743475802381,2.13600579751029,0.786253963751491,1.1525947196823,4.2882324566071,4.26157358595213,0.880540545504538,0.341835145560019,0.354289772828025,2.05684760207489,4.24801393079211,6.2189369650673,0.872282121312549,0.444791835991246,0.260743475802381,2.13600579751029,4.2882324566071,4.26157358595213,0.880540545504538,0.341835145560019,0.354289772828025,2.05684760207489,6.12814084403719
"season",2022,"pre_buffer",605170,90,690.666666666667,6293,0,358.769444444445,TRUE,"2022-04-07","2022-10-05",5.50006520750703,8.8796343232274,0.796341487573412,0.417861061451954,0.37099854507884,1.34316419720596,0.707001741998508,1.14818666724997,5.38648246744547,5.34077013146952,0.779896110151371,0.313374919622813,0.458739147204758,1.22644093285768,5.50006520750703,8.8796343232274,0.796341487573412,0.417861061451954,0.37099854507884,1.34316419720596,5.38648246744547,5.34077013146952,0.779896110151371,0.313374919622813,0.458739147204758,1.22644093285768,8.75814599568342
"season",2022,"pre_buffer",605244,41,294.333333333333,2851,0,358.769444444445,FALSE,"2022-04-09","2022-07-07",2.40689487263397,3.93798521887881,0.817744577338835,0.679822750151262,0.877138095055661,0.80302606000849,0.541982742110478,0.989327572983504,2.93885554695351,2.9181458902131,0.998478668274127,0.478298764935283,1.34748656754173,0.634351767298478,2.40689487263397,3.93798521887881,0.817744577338835,0.679822750151262,0.877138095055661,0.80302606000849,2.93885554695351,2.9181458902131,0.998478668274127,0.478298764935283,1.34748656754173,0.634351767298478,3.89559439941116
"season",2022,"pre_buffer",605421,44,331.666666666667,2985,0,358.769444444445,FALSE,"2022-05-08","2022-08-21",-1.95054209298003,-0.347488889352938,-0.58810314361207,0.627770657885959,-0.099182440168412,-1.22929344363653,-1.11993022428012,-0.43973150082617,-1.48802984028646,-1.50971287268567,-0.448652213151698,0.454996146743049,-0.100897408755321,-0.91158803385903,-1.95054209298003,-0.347488889352938,-0.58810314361207,0.627770657885959,-0.099182440168412,-1.22929344363653,-1.48802984028646,-1.50971287268567,-0.448652213151698,0.454996146743049,-0.100897408755321,-0.91158803385903,-0.33344526303582
"season",2022,"pre_buffer",606213,1,1,0,0,358.769444444445,FALSE,"2022-07-03","2022-07-03",0,0,0,0,,,0,0,0,0,0,0,,,0,0,0,0,,,0,0,0,0,,,0
"season",2022,"pre_buffer",606988,2,18,173,0,358.769444444445,FALSE,"2022-05-20","2022-05-23",0.851868737841713,0.944776008939699,4.73260409912063,3.64951214774665,2.79758924781025,6.7112679496245,3.87354821310858,5.95504837362566,0.0206820416429774,0.0194253700834923,0.114900231349875,2.23966555854746,-1.23741581356602,1.25997756292226,0.851868737841713,0.944776008939699,4.73260409912063,3.64951214774665,2.79758924781025,6.7112679496245,0.0206820416429774,0.0194253700834923,0.114900231349875,2.23966555854746,-1.23741581356602,1.25997756292226,0.930049051638422
"season",2022,"pre_buffer",606992,84,608,5108,0,358.769444444445,TRUE,"2022-04-08","2022-10-05",-6.58491758744897,-3.84173642693734,-1.08304565583042,0.420286536999915,-1.09306776263467,-1.45489126549272,-1.17604469174164,-0.949811693113072,-7.51178149120055,-7.5488859901939,-1.2354903768422,0.318344500342622,-1.65377441841132,-1.31573314744149,-6.58491758744897,-3.84173642693734,-1.08304565583042,0.420286536999915,-1.09306776263467,-1.45489126549272,-7.51178149120055,-7.5488859901939,-1.2354903768422,0.318344500342622,-1.65377441841132,-1.31573314744149,-3.77182568287459
"season",2022,"pre_buffer",607732,110,906,7464,0,358.769444444445,TRUE,"2022-04-08","2022-10-04",1.17385807254648,5.1822966359879,0.129564908669589,0.350638458004749,-0.311556540488707,0.608589683743264,0.0637663844072077,0.376664812316036,0.49817787524026,0.44395939824606,0.0549865204459448,0.258852648056637,-0.00726645919683706,0.137991160231365,1.17385807254648,5.1822966359879,0.129564908669589,0.350638458004749,-0.311556540488707,0.608589683743264,0.49817787524026,0.44395939824606,0.0549865204459448,0.258852648056637,-0.00726645919683706,0.137991160231365,5.1137217865526
"season",2022,"pre_buffer",608348,100,772,6483,0,358.769444444445,TRUE,"2022-04-07","2022-10-05",-2.00936347553102,1.4722425275224,-0.260280242944432,0.406173752437749,-0.708413451330121,0.116915919098683,-0.33085034446268,0.375254077562707,-2.19304559223718,-2.24013808772933,-0.284073263243158,0.293154464985284,-1.13455605213224,0.514735096026266,-2.00936347553102,1.4722425275224,-0.260280242944432,0.406173752437749,-0.708413451330121,0.116915919098683,-2.19304559223718,-2.24013808772933,-0.284073263243158,0.293154464985284,-1.13455605213224,0.514735096026266,1.44909613711593
"season",2022,"pre_buffer",608360,7,33.6666666666667,333,0,358.769444444445,FALSE,"2022-06-10","2022-06-25",-0.579875612001175,-0.40104254104378,-1.72240280792428,2.1379950439556,1.18741231250457,-3.54697561014202,-2.41543943719609,-1.23639731687613,-0.458302387199652,-0.460721298351725,-1.36129421940491,1.55605776943426,1.5087374873087,-3.15491285479542,-0.579875612001175,-0.40104254104378,-1.72240280792428,2.1379950439556,1.18741231250457,-3.54697561014202,-0.458302387199652,-0.460721298351725,-1.36129421940491,1.55605776943426,1.5087374873087,-3.15491285479542,-0.392378077679545
"season",2022,"pre_buffer",608422,10,59.3333333333333,491,0,358.769444444445,FALSE,"2022-04-24","2022-09-30",2.04643777144029,2.31012256975885,3.44905242377578,1.38299942641029,1.88681695659644,6.51496012085859,2.0011012329693,3.701904618782,0.977936345864583,0.974369723114831,1.64820732449087,0.953081494188342,0.223064863698146,3.8115421272882,2.04643777144029,2.31012256975885,3.44905242377578,1.38299942641029,1.88681695659644,6.51496012085859,0.977936345864583,0.974369723114831,1.64820732449087,0.953081494188342,0.223064863698146,3.8115421272882,2.26680314778523
"season",2022,"pre_buffer",608596,12,90.6666666666667,799,0,358.769444444445,FALSE,"2022-04-09","2022-05-06",0.620624442459351,1.04971640550727,0.68451225271252,1.21281317160537,-0.698915961603581,2.3398940790681,0.373290905526546,1.23006645059998,0.52088912491763,0.515085190952147,0.574510064247386,0.849635532619966,0.59745137069092,0.709630442174386,0.620624442459351,1.04971640550727,0.68451225271252,1.21281317160537,-0.698915961603581,2.3398940790681,0.52088912491763,0.515085190952147,0.574510064247386,0.849635532619966,0.59745137069092,0.709630442174386,1.04730338364458
"season",2022,"pre_buffer",608700,61,446.666666666667,3706,0,358.769444444445,TRUE,"2022-04-08","2022-10-04",1.53195243994466,3.52220877918822,0.342974426853283,0.556578473909629,1.1107677353636,-0.211254150729928,0.21290699642747,0.623847983766526,0.506324542477261,0.479404167913956,0.113356240853118,0.382163954188947,0.411426723099522,-0.109505703156011,1.53195243994466,3.52220877918822,0.342974426853283,0.556578473909629,1.1107677353636,-0.211254150729928,0.506324542477261,0.479404167913956,0.113356240853118,0.382163954188947,0.411426723099522,-0.109505703156011,3.48945161499718
"season",2022,"pre_buffer",620443,42,304.333333333333,2500,0,358.769444444445,FALSE,"2022-04-10","2022-10-04",-4.67105381951389,-3.32846319671063,-1.53484791440763,0.635630746325567,-1.55952413908287,-2.26476931881503,-1.6782440363614,-0.991307640846185,-5.01333709576012,-5.03149708939429,-1.64731777516762,0.439029609481023,-1.70963297826786,-2.38475138017696,-4.67105381951389,-3.32846319671063,-1.53484791440763,0.635630746325567,-1.55952413908287,-2.26476931881503,-5.01333709576012,-5.03149708939429,-1.64731777516762,0.439029609481023,-1.70963297826786,-2.38475138017696,-3.26138807082336
"season",2022,"pre_buffer",621512,96,766.333333333333,6271,0,358.769444444445,TRUE,"2022-04-08","2022-10-04",9.68323704088408,13.0509913591238,1.2635803011158,0.358225329650948,1.6499599013275,1.44817774859395,1.00357798536255,1.35285748004247,7.61080810170318,7.5652555736712,0.993145902788583,0.272477888087442,1.33591692245942,1.10279836999976,9.68323704088408,13.0509913591238,1.2635803011158,0.358225329650948,1.6499599013275,1.44817774859395,7.61080810170318,7.5652555736712,0.993145902788583,0.272477888087442,1.33591692245942,1.10279836999976,12.8359211432157
"season",2022,"pre_buffer",621532,21,143,1210,0,358.769444444445,FALSE,"2022-04-10","2022-05-20",0.0157259676322155,0.665539829068994,0.0109971801623884,0.852553010227314,-0.67547013447884,0.717581421293086,-0.152138635666461,0.674636294581285,0.111188127439727,0.102398690520785,0.0777539352725364,0.683326638130229,-0.15893105904132,0.348585176543503,0.0157259676322155,0.665539829068994,0.0109971801623884,0.852553010227314,-0.67547013447884,0.717581421293086,0.111188127439727,0.102398690520785,0.0777539352725364,0.683326638130229,-0.15893105904132,0.348585176543503,0.665181513763833
"season",2022,"pre_buffer",623168,59,436.333333333333,3866,0,358.769444444445,TRUE,"2022-04-12","2022-10-05",3.77050956920213,5.84669170830509,0.864135118992084,0.518454801735544,0.624876104025359,1.37750863238096,0.19314701136168,0.972636022725277,4.90899696087516,4.88091434671927,1.12505659913105,0.383201610616882,1.30874127317388,1.22507638360996,3.77050956920213,5.84669170830509,0.864135118992084,0.518454801735544,0.624876104025359,1.37750863238096,4.90899696087516,4.88091434671927,1.12505659913105,0.383201610616882,1.30874127317388,1.22507638360996,5.78017856029415
"season",2022,"pre_buffer",624431,112,820.333333333333,6849,0,358.769444444445,TRUE,"2022-04-08","2022-10-04",27.1535846176603,30.8317458878921,3.31006720247789,0.377597170672534,3.5517755425723,4.38633101086705,2.97154469997954,3.38639547266061,23.0359931102969,22.9862419917367,2.80812593786634,0.269817807121609,3.26939717489622,3.45944790082086,27.1535846176603,30.8317458878921,3.31006720247789,0.377597170672534,3.5517755425723,4.38633101086705,23.0359931102969,22.9862419917367,2.80812593786634,0.269817807121609,3.26939717489622,3.45944790082086,30.3925425209753
"season",2022,"pre_buffer",624512,84,628,5711,0,358.769444444445,TRUE,"2022-04-10","2022-10-05",1.85130341581774,4.91831743454951,0.294793537550595,0.466069321900151,0.496790741959199,0.156248941782603,-0.171480956577126,0.389573466831906,2.1324334482284,2.09094875877049,0.339559466278408,0.321951022081141,0.508882438879055,0.241596027753018,1.85130341581774,4.91831743454951,0.294793537550595,0.466069321900151,0.496790741959199,0.156248941782603,2.1324334482284,2.09094875877049,0.339559466278408,0.321951022081141,0.508882438879055,0.241596027753018,4.87681643332365
"season",2022,"pre_buffer",624513,14,108,870,0,358.769444444445,FALSE,"2022-04-09","2022-08-18",-2.01348413034297,-1.54626259360743,-1.86433715772497,0.971788633630203,-1.23084476888702,-3.38301184973464,-2.28120559497267,-1.63597403899544,-1.57363062309999,-1.57995030088469,-1.45706539175925,0.744602839413792,-0.981093590418476,-2.62511002748678,-2.01348413034297,-1.54626259360743,-1.86433715772497,0.971788633630203,-1.23084476888702,-3.38301184973464,-1.57363062309999,-1.57995030088469,-1.45706539175925,0.744602839413792,-0.981093590418476,-2.62511002748678,-1.52835575681297
"season",2022,"pre_buffer",641470,13,75.6666666666667,650,0,358.769444444445,FALSE,"2022-04-12","2022-09-30",-3.15615493254764,-2.8070813706188,-4.17112986680305,1.2461484402603,-3.85313747187653,-5.47407174010513,-4.40438489106366,-3.28590440045794,-1.34008359979503,-1.34480519813991,-1.77103559444277,0.893482924213078,-1.73323660774241,-2.26428089819629,-3.15615493254764,-2.8070813706188,-4.17112986680305,1.2461484402603,-3.85313747187653,-5.47407174010513,-1.34008359979503,-1.34480519813991,-1.77103559444277,0.893482924213078,-1.73323660774241,-2.26428089819629,-2.75702514617783
"season",2022,"pre_buffer",641511,57,436.666666666667,3939,0,358.769444444445,TRUE,"2022-06-14","2022-10-05",2.29740198248372,4.41278776777254,0.526122591408485,0.524796050984124,0.0423115007252599,1.14176298737486,0.0172081862594288,0.626864309529287,3.68830030967826,3.65968742370825,0.844648925880517,0.380788100124593,0.390836831335307,1.49960568120552,2.29740198248372,4.41278776777254,0.526122591408485,0.524796050984124,0.0423115007252599,1.14176298737486,3.68830030967826,3.65968742370825,0.844648925880517,0.380788100124593,0.390836831335307,1.49960568120552,4.35887072231049
"season",2022,"pre_buffer",641598,14,124,1161,0,358.769444444445,FALSE,"2022-04-08","2022-05-08",1.01657154016009,1.64007062538992,0.819815758193618,1.17730822483313,1.57169065780972,0.0497296153295015,0.491025314417156,1.23891320946528,0.577508780669624,0.569075279625912,0.465732887636793,0.76668260465832,0.262089926020589,0.776633008053961,1.01657154016009,1.64007062538992,0.819815758193618,1.17730822483313,1.57169065780972,0.0497296153295015,0.577508780669624,0.569075279625912,0.465732887636793,0.76668260465832,0.262089926020589,0.776633008053961,1.60808442970131
"season",2022,"pre_buffer",641680,111,900.666666666667,7743,0,358.769444444445,TRUE,"2022-04-09","2022-10-05",16.5660350106937,20.72430668764,1.83930810629464,0.36336743134792,1.8223504218225,2.49308948069224,1.42943795614389,1.93348666139763,14.353681035094,14.2974359028102,1.5936729498624,0.266161303065837,1.91812022964746,1.7820033481762,16.5660350106937,20.72430668764,1.83930810629464,0.36336743134792,1.8223504218225,2.49308948069224,14.353681035094,14.2974359028102,1.5936729498624,0.266161303065837,1.91812022964746,1.7820033481762,20.3833935401531
"season",2022,"pre_buffer",642020,25,169,1544,0,358.769444444445,FALSE,"2022-08-24","2022-10-04",-0.470518438010976,0.358665530632318,-0.278413276929572,0.803787193034698,0.745364982226475,-1.53824342702515,-0.65884437575085,-0.0883639627203335,-0.305739038066804,-0.316954650135272,-0.18091067341231,0.617734997075094,0.399722177936589,-0.900151175304111,-0.470518438010976,0.358665530632318,-0.278413276929572,0.803787193034698,0.745364982226475,-1.53824342702515,-0.305739038066804,-0.316954650135272,-0.18091067341231,0.617734997075094,0.399722177936589,-0.900151175304111,0.356136384414728
"season",2022,"pre_buffer",642136,14,99,933,0,358.769444444445,FALSE,"2022-07-01","2022-09-27",-1.87414731301777,-1.37309249258759,-1.89307809395734,1.06288909792412,-0.766770271749577,-3.1559468686061,-2.31245023798558,-1.62105174111227,-2.21248872084474,-2.21926603046901,-2.23483709176236,0.828996481060225,-2.04763335017662,-2.67041026797034,-1.87414731301777,-1.37309249258759,-1.89307809395734,1.06288909792412,-0.766770271749577,-3.1559468686061,-2.21248872084474,-2.21926603046901,-2.23483709176236,0.828996481060225,-2.04763335017662,-2.67041026797034,-1.35520888476157
"season",2022,"pre_buffer",642165,1,1,26,0,358.769444444445,FALSE,"2022-05-07","2022-05-07",-0.376568075211705,-0.362605132734551,-37.6568075211705,20.2054432536964,-14.4833875081425,,-40.1467946454799,-33.4396194653473,-0.198975615292639,-0.199164479226434,-19.8975615292639,13.6210677911847,-7.65290828048612,,-0.376568075211705,-0.362605132734551,-37.6568075211705,20.2054432536964,-14.4833875081425,,-0.198975615292639,-0.199164479226434,-19.8975615292639,13.6210677911847,-7.65290828048612,,-0.354171976264753
"season",2022,"pre_buffer",642336,83,639,5023,0,358.769444444445,TRUE,"2022-04-08","2022-10-01",-5.80287251203679,-3.10533943270048,-0.908117764012017,0.39409998119709,-1.67682802221496,-0.608815529940617,-0.974738372018515,-0.683646938330637,-6.20504027997918,-6.24152733918897,-0.97105481689815,0.299798087205752,-1.57185378070627,-0.882746051187958,-5.80287251203679,-3.10533943270048,-0.908117764012017,0.39409998119709,-1.67682802221496,-0.608815529940617,-6.20504027997918,-6.24152733918897,-0.97105481689815,0.299798087205752,-1.57185378070627,-0.882746051187958,-3.03678607438482
"season",2022,"pre_buffer",642851,57,390.666666666667,3460,0,358.769444444445,TRUE,"2022-06-09","2022-10-04",2.63847246381239,4.49661788577211,0.675376910532183,0.540564711235858,-0.718912082497003,2.25435257484176,0.564308388160651,1.29473682803243,1.03391070477315,1.00877727358345,0.26465291077811,0.402445700435898,-1.27008065333747,1.8786373079855,2.63847246381239,4.49661788577211,0.675376910532183,0.540564711235858,-0.718912082497003,2.25435257484176,1.03391070477315,1.00877727358345,0.26465291077811,0.402445700435898,-1.27008065333747,1.8786373079855,4.4161851902067
"season",2022,"pre_buffer",643348,11,38,334,0,358.769444444445,FALSE,"2022-07-17","2022-09-25",1.36047069711433,1.53984080432084,3.58018604503771,1.46205214595304,4.3363950399761,3.55864949804967,3.00247052957801,3.90680714564657,0.890730548422227,0.888304373272701,2.34402775900586,1.25228040509369,1.82247298943631,4.3182656438655,1.36047069711433,1.53984080432084,3.58018604503771,1.46205214595304,4.3363950399761,3.55864949804967,0.890730548422227,0.888304373272701,2.34402775900586,1.25228040509369,1.82247298943631,4.3182656438655,1.51355725082772
"season",2022,"pre_buffer",643376,63,524,4199,0,358.769444444445,TRUE,"2022-04-08","2022-10-05",-3.49989704609531,-1.24488183603495,-0.667919283605975,0.435695455935432,-1.22128975114337,-0.414002384283826,-0.760949859628746,-0.512130461365528,-1.18785306823779,-1.21835459354576,-0.226689516839273,0.32794279252089,-0.246919505877427,-0.321802035901461,-3.49989704609531,-1.24488183603495,-0.667919283605975,0.435695455935432,-1.22128975114337,-0.414002384283826,-1.18785306823779,-1.21835459354576,-0.226689516839273,0.32794279252089,-0.246919505877427,-0.321802035901461,-1.19981262656395
"season",2022,"pre_buffer",644433,1,9,58,0,358.769444444445,FALSE,"2022-08-13","2022-08-13",-0.0984127842115732,-0.0672646817625375,-1.09347538012859,3.46788713489132,-1.69677214157885,,-3.09873386133908,-0.454538583216803,-0.254805971266907,-0.25522728311922,-2.83117745852119,1.99956258523681,-4.39320640115357,,-0.0984127842115732,-0.0672646817625375,-1.09347538012859,3.46788713489132,-1.69677214157885,,-0.254805971266907,-0.25522728311922,-2.83117745852119,1.99956258523681,-4.39320640115357,,-0.0658373043651124
"season",2022,"pre_buffer",645444,46,346.666666666667,3059,0,358.769444444445,FALSE,"2022-04-09","2022-08-07",-1.61597569465693,0.0268181914051382,-0.466146834997192,0.572242767181989,-0.448444726990015,-0.606697011367511,-0.577995258187665,0.197514673523447,-2.11608205550825,-2.13830262371903,-0.610408285242764,0.441704708030869,-0.577224228364142,-0.80428394381608,-1.61597569465693,0.0268181914051382,-0.466146834997192,0.572242767181989,-0.448444726990015,-0.606697011367511,-2.11608205550825,-2.13830262371903,-0.610408285242764,0.441704708030869,-0.577224228364142,-0.80428394381608,0.0398281889662301
"season",2022,"pre_buffer",650619,20,156.333333333333,1410,0,358.769444444445,FALSE,"2022-06-25","2022-09-03",2.07166052508292,2.82888163634396,1.32515598619377,0.897825931941605,1.34970715766255,1.56722126447381,1.07552889867765,1.63943797488351,2.5240259830055,2.51378374659582,1.6145155541613,0.644142397266786,1.95250723251199,1.65701147143276,2.07166052508292,2.82888163634396,1.32515598619377,0.897825931941605,1.34970715766255,1.56722126447381,2.5240259830055,2.51378374659582,1.6145155541613,0.644142397266786,1.95250723251199,1.65701147143276,2.79977266953741
"season",2022,"pre_buffer",650907,25,203,1676,0,358.769444444445,FALSE,"2022-04-26","2022-10-05",-0.623243587454301,0.276829166073006,-0.30701654554399,0.71225045288097,-0.717614993545882,0.0310660681189728,-0.474217122649564,-0.105065172062969,0.25297164488211,0.240797185149758,0.124616573833552,0.541752976287848,0.0632949071063162,0.253074468568751,-0.623243587454301,0.276829166073006,-0.30701654554399,0.71225045288097,-0.717614993545882,0.0310660681189728,0.25297164488211,0.240797185149758,0.124616573833552,0.541752976287848,0.0632949071063162,0.253074468568751,0.274582158906049
"season",2022,"pre_buffer",656024,6,46,417,0,358.769444444445,FALSE,"2022-08-27","2022-10-05",-1.15258578490995,-0.928641669026364,-2.50562127154337,1.32669749577241,0.0678774151378537,-4.63686627817861,-4.55452128072745,-2.21962935262463,-0.925975986987907,-0.929005073926087,-2.01299127606067,1.18312511694763,0.63769198054562,-4.11088787154773,-1.15258578490995,-0.928641669026364,-2.50562127154337,1.32669749577241,0.0678774151378537,-4.63686627817861,-0.925975986987907,-0.929005073926087,-2.01299127606067,1.18312511694763,0.63769198054562,-4.11088787154773,-0.909814499569668
"season",2022,"pre_buffer",656180,44,366.333333333333,3189,0,358.769444444445,TRUE,"2022-04-09","2022-10-04",-9.13711799952877,-7.42450940108093,-2.4942087350852,0.611073752994183,-3.69598073604685,-1.93443514580441,-2.62661801918203,-2.32663980848195,-7.9253763417402,-7.94854122961996,-2.16343303232217,0.427885194317109,-2.9555711011528,-1.95827063583625,-9.13711799952877,-7.42450940108093,-2.4942087350852,0.611073752994183,-3.69598073604685,-1.93443514580441,-7.9253763417402,-7.94854122961996,-2.16343303232217,0.427885194317109,-2.9555711011528,-1.95827063583625,-7.29510931436875
"season",2022,"pre_buffer",656577,4,27,210,0,358.769444444445,FALSE,"2022-04-28","2022-06-04",-0.106215867616778,0.00656174469869564,-0.393392102284364,1.68020098389924,7.13455310019514,-5.20753935101838,-0.803101207344978,0.366444125360144,-0.42485357760784,-0.426379017073111,-1.57353176891793,1.39196386409811,2.87762341910173,-5.03894962412291,-0.106215867616778,0.00656174469869564,-0.393392102284364,1.68020098389924,7.13455310019514,-5.20753935101838,-0.42485357760784,-0.426379017073111,-1.57353176891793,1.39196386409811,2.87762341910173,-5.03894962412291,0.00945770152446768
"season",2022,"pre_buffer",656627,9,60,531,0,358.769444444445,FALSE,"2022-04-20","2022-08-02",-1.90056591843479,-1.61539967015137,-3.16760986405798,1.36454865116893,-3.84459019721259,-3.39149863359491,-3.41472064885161,-2.84744160540909,-0.979731993942276,-0.983589176590175,-1.63288665657046,1.02676377598467,-2.10255733891304,-1.6629240494579,-1.90056591843479,-1.61539967015137,-3.16760986405798,1.36454865116893,-3.84459019721259,-3.39149863359491,-0.979731993942276,-0.983589176590175,-1.63288665657046,1.02676377598467,-2.10255733891304,-1.6629240494579,-1.5829396598265
"season",2022,"pre_buffer",657136,20,137.666666666667,1255,0,358.769444444445,FALSE,"2022-04-19","2022-10-04",1.15878569777846,1.8327661904257,0.841732952381449,0.992310409173978,3.0600318160428,-1.3722892275196,0.62637508351608,1.10099726593555,0.476830647597949,0.467714330793592,0.346366087843546,0.716509693390431,2.51043354408828,-1.90901017530485,1.15878569777846,1.8327661904257,0.841732952381449,0.992310409173978,3.0600318160428,-1.3722892275196,0.476830647597949,0.467714330793592,0.346366087843546,0.716509693390431,2.51043354408828,-1.90901017530485,1.82659687835575
"season",2022,"pre_buffer",657247,1,1,12,0,358.769444444445,FALSE,"2022-10-02","2022-10-02",0.360071250874255,0.366515685863711,36.0071250874255,30.0839777320532,30.0059375728546,,32.603328128196,39.7680923363083,-0.0494404046704865,-0.0495275726399306,-4.94404046704866,14.5992161026752,-4.12003372254055,,0.360071250874255,0.366515685863711,36.0071250874255,30.0839777320532,30.0059375728546,,-0.0494404046704865,-0.0495275726399306,-4.94404046704866,14.5992161026752,-4.12003372254055,,0.35897939764043
"season",2022,"pre_buffer",657709,37,274.666666666667,2367,0,358.769444444445,FALSE,"2022-05-21","2022-08-21",-1.23419688818881,0.0369679134813153,-0.449343527253209,0.612020134604472,-2.11567941383275,1.18005533232734,-0.685144747009202,-0.290692724269213,-1.50681814583672,-1.52401202780956,-0.54859883950366,0.485622757704111,-0.97733613052721,-0.272937462299098,-1.23419688818881,0.0369679134813153,-0.449343527253209,0.612020134604472,-2.11567941383275,1.18005533232734,-1.50681814583672,-1.52401202780956,-0.54859883950366,0.485622757704111,-0.97733613052721,-0.272937462299098,0.0515893126952806
"season",2022,"pre_buffer",660688,106,865,8012,0,358.769444444445,TRUE,"2022-04-07","2022-09-08",-2.09455569435958,2.20817873360031,-0.242145166977986,0.370705989859644,-0.268734769440719,-0.254271508966544,-0.337158931732475,-0.0830220764646708,-1.97903971254698,-2.03723886014579,-0.228790718213524,0.281509255320952,0.0443484006740652,-0.532321337158838,-2.09455569435958,2.20817873360031,-0.242145166977986,0.370705989859644,-0.268734769440719,-0.254271508966544,-1.97903971254698,-2.03723886014579,-0.228790718213524,0.281509255320952,0.0443484006740652,-0.532321337158838,2.19135491894505
"season",2022,"pre_buffer",661388,60,518.666666666667,4321,0,358.769444444445,TRUE,"2022-04-09","2022-10-05",-2.87937459172993,-0.55884095927677,-0.555149342878521,0.449022207002972,-0.573504633018222,-0.760922228748344,-0.749660670752419,-0.44020739921179,-4.11289818149526,-4.14428591449258,-0.792975227794717,0.345254383989554,-0.70914790227178,-1.19895177699336,-2.87937459172993,-0.55884095927677,-0.555149342878521,0.449022207002972,-0.573504633018222,-0.760922228748344,-4.11289818149526,-4.14428591449258,-0.792975227794717,0.345254383989554,-0.70914790227178,-1.19895177699336,-0.561401653638824
"season",2022,"pre_buffer",661531,59,484,4148,0,358.769444444445,TRUE,"2022-05-18","2022-10-05",6.30584350776492,8.53346986912009,1.30286022887705,0.467439978199612,1.35338082958538,1.69194238860923,0.981278442259196,1.43344864088469,5.36624142668738,5.33611036524955,1.10872756749739,0.359728182767723,1.48419716703109,1.09759813466437,6.30584350776492,8.53346986912009,1.30286022887705,0.467439978199612,1.35338082958538,1.69194238860923,5.36624142668738,5.33611036524955,1.10872756749739,0.359728182767723,1.48419716703109,1.09759813466437,8.42987200756787
"season",2022,"pre_buffer",662139,31,175,1522,0,358.769444444445,FALSE,"2022-04-17","2022-07-24",-1.81124775147903,-0.9938785803164,-1.03499871513087,0.828595753766597,-0.292794709758498,-1.93811302689897,-1.24363738474459,-0.554695729098273,-1.75161072300007,-1.76266652712456,-1.0009204131429,0.644377459022626,-0.746336795693321,-1.48812730166301,-1.81124775147903,-0.9938785803164,-1.03499871513087,0.828595753766597,-0.292794709758498,-1.93811302689897,-1.75161072300007,-1.76266652712456,-1.0009204131429,0.644377459022626,-0.746336795693321,-1.48812730166301,-0.970443936699963
"season",2022,"pre_buffer",663698,93,699,5982,0,358.769444444445,TRUE,"2022-04-08","2022-10-05",-2.74140110978257,0.471149732461075,-0.392188999968894,0.416764864301801,-0.0136188012008753,-0.917743016360269,-0.48594550837877,0.144091539430196,-5.65319307821876,-5.69664631098662,-0.808754374566346,0.301585226206935,-0.423710632585938,-1.48372289434314,-2.74140110978257,0.471149732461075,-0.392188999968894,0.416764864301801,-0.0136188012008753,-0.917743016360269,-5.65319307821876,-5.69664631098662,-0.808754374566346,0.301585226206935,-0.423710632585938,-1.48372289434314,0.473566151607192
"season",2022,"pre_buffer",663728,115,917,7144,0,358.769444444445,TRUE,"2022-04-08","2022-10-03",7.40152917182085,11.2381161355435,0.807146038366505,0.312096991154101,1.6460996775985,0.383583187174731,0.750972664116665,1.24055249824825,8.73989575480016,8.68800175699113,0.953096592671773,0.243556678992436,1.52435404379905,0.901500760455992,7.40152917182085,11.2381161355435,0.807146038366505,0.312096991154101,1.6460996775985,0.383583187174731,8.73989575480016,8.68800175699113,0.953096592671773,0.243556678992436,1.52435404379905,0.901500760455992,11.099265386633
"season",2022,"pre_buffer",663743,59,440.666666666667,3897,0,358.769444444445,TRUE,"2022-05-29","2022-10-05",3.21472515050716,5.30755541333289,0.729514028102987,0.525706009095565,-0.491068044238075,2.10559895267481,0.619483225493853,1.60264970887887,3.40731296482315,3.37900516674619,0.773217768114178,0.377394773135571,-0.243350784258902,1.96204211249051,3.21472515050716,5.30755541333289,0.729514028102987,0.525706009095565,-0.491068044238075,2.10559895267481,3.40731296482315,3.37900516674619,0.773217768114178,0.377394773135571,-0.243350784258902,1.96204211249051,5.24752411872316
"season",2022,"pre_buffer",663886,45,351.666666666667,3378,0,358.769444444445,FALSE,"2022-04-07","2022-07-22",-3.17655804968539,-1.36244960015362,-0.903286649199636,0.585563619952238,0.145914030171219,-1.97884314620618,-1.25039874426029,-0.754027393786207,-1.28789731457672,-1.31243509797522,-0.366226724524185,0.450144735520127,0.542111815195509,-1.26399763836972,-3.17655804968539,-1.36244960015362,-0.903286649199636,0.585563619952238,0.145914030171219,-1.97884314620618,-1.28789731457672,-1.31243509797522,-0.366226724524185,0.450144735520127,0.542111815195509,-1.26399763836972,-1.3389371659867
"season",2022,"pre_buffer",664119,4,34,243,0,358.769444444445,FALSE,"2022-04-10","2022-04-30",-0.305842210182675,-0.175342401646198,-0.899535912301986,1.35733357251634,-2.20611352462125,-0.287418722118843,-1.60397634036728,-0.519540413672688,-0.322486916662755,-0.324252068043997,-0.948490931361044,1.23243153719799,-3.75036811202116,1.15673634263206,-0.305842210182675,-0.175342401646198,-0.899535912301986,1.35733357251634,-2.20611352462125,-0.287418722118843,-0.322486916662755,-0.324252068043997,-0.948490931361044,1.23243153719799,-3.75036811202116,1.15673634263206,-0.175016495099798
"season",2022,"pre_buffer",664731,34,236,2117,0,358.769444444445,FALSE,"2022-05-22","2022-10-05",-4.28906889047558,-3.15216315108578,-1.81740207223542,0.711429956473376,-1.97379733535438,-2.0762439818144,-2.46315338030447,-1.65550685118079,-3.26239968322985,-3.27777756583927,-1.38237274713129,0.515681910932128,-1.77604424517876,-1.31498216564809,-4.28906889047558,-3.15216315108578,-1.81740207223542,0.711429956473376,-1.97379733535438,-2.0762439818144,-3.26239968322985,-3.27777756583927,-1.38237274713129,0.515681910932128,-1.77604424517876,-1.31498216564809,-3.10555359746387
"season",2022,"pre_buffer",664848,1,2,4,0,358.769444444445,FALSE,"2022-09-02","2022-09-02",-0.096703174811936,-0.0945550298154508,-4.8351587405968,3.17332532447995,-24.175793702984,,-5.07165182744454,-4.46219456281741,-0.136470793211507,-0.136499849201322,-6.82353966057537,4.21734823607698,-34.1176983028768,,-0.096703174811936,-0.0945550298154508,-4.8351587405968,3.17332532447995,-24.175793702984,,-0.136470793211507,-0.136499849201322,-6.82353966057537,4.21734823607698,-34.1176983028768,,-0.0937699836543673
"season",2022,"pre_buffer",664850,22,161.666666666667,1555,0,358.769444444445,FALSE,"2022-05-14","2022-08-03",0.401285150737289,1.23637651812092,0.248217619012756,0.880150107797381,0.235419737178773,0.283649133650412,0.0617237813240856,0.590719936285965,0.319378345504841,0.308082829464383,0.19755361577619,0.615977883301621,0.132093352685016,0.288220999369456,0.401285150737289,1.23637651812092,0.248217619012756,0.880150107797381,0.235419737178773,0.283649133650412,0.319378345504841,0.308082829464383,0.19755361577619,0.615977883301621,0.132093352685016,0.288220999369456,1.21729352156262
"season",2022,"pre_buffer",664874,58,448.333333333333,3945,0,358.769444444445,TRUE,"2022-06-12","2022-09-25",10.7693867416774,12.887994744461,2.40209369702842,0.528952598579025,4.31014548518837,1.22699157945607,1.72102861144376,2.51026594734829,7.78177406797112,7.75311759801639,1.7357116880233,0.358626353670746,2.93405992366141,1.05814878079635,10.7693867416774,12.887994744461,2.40209369702842,0.528952598579025,4.31014548518837,1.22699157945607,7.78177406797112,7.75311759801639,1.7357116880233,0.358626353670746,2.93405992366141,1.05814878079635,12.688193827779
"season",2022,"pre_buffer",665154,1,1,9,0,358.769444444445,FALSE,"2022-10-04","2022-10-04",0.00880732457658499,0.0136406508186767,0.880732457658499,3.60257842522731,0.978591619620555,,0.6369380766762,1.67899676589175,0.0208407812181825,0.0207754052410994,2.08407812181825,4.97808701922746,2.31564235757583,,0.00880732457658499,0.0136406508186767,0.880732457658499,3.60257842522731,0.978591619620555,,0.0208407812181825,0.0207754052410994,2.08407812181825,4.97808701922746,2.31564235757583,,0.0134320262978201
"season",2022,"pre_buffer",665861,17,73,719,0,358.769444444445,FALSE,"2022-05-12","2022-10-05",1.09228855878739,1.47841762190561,1.49628569696903,1.3177696438443,1.606502594247,1.37735366550173,1.11710795738136,1.7957766687109,0.642902050609466,0.637679236440276,0.880687740560912,1.01545132600856,0.207096144324537,2.01001557074834,1.09228855878739,1.47841762190561,1.49628569696903,1.3177696438443,1.606502594247,1.37735366550173,0.642902050609466,0.637679236440276,0.880687740560912,1.01545132600856,0.207096144324537,2.01001557074834,1.45756476195328
"season",2022,"pre_buffer",666023,3,19,175,0,358.769444444445,FALSE,"2022-07-15","2022-07-17",-0.276128164323364,-0.182146820727135,-1.4533061280177,2.12801675618804,0.28626100345273,-3.14767415367981,-2.11126153466318,-0.440715287135345,-0.201124388979294,-0.202395588533686,-1.05854941568049,2.03640241154495,1.47278231219557,-3.35733656794673,-0.276128164323364,-0.182146820727135,-1.4533061280177,2.12801675618804,0.28626100345273,-3.14767415367981,-0.201124388979294,-0.202395588533686,-1.05854941568049,2.03640241154495,1.47278231219557,-3.35733656794673,-0.17971615804507
"season",2022,"pre_buffer",666128,2,14,113,0,358.769444444445,FALSE,"2022-08-14","2022-08-17",-0.0748366703256901,-0.0141515741749826,-0.534547645183501,2.33008246084115,-2.11717021141314,0.451635469274274,-0.893006726924666,0.638301667890877,0.00433166468172041,0.00351083296945558,0.0309404620122886,2.08566237938113,-0.500337981938334,0.450753528073419,-0.0748366703256901,-0.0141515741749826,-0.534547645183501,2.33008246084115,-2.11717021141314,0.451635469274274,0.00433166468172041,0.00351083296945558,0.0309404620122886,2.08566237938113,-0.500337981938334,0.450753528073419,-0.016012137609787
"season",2022,"pre_buffer",666310,4,14,112,0,358.769444444445,FALSE,"2022-10-01","2022-10-05",-0.463268008145891,-0.403119948244305,-3.30905720104208,1.99692788461633,-6.78815203221603,-0.600547460084692,-3.58195953391495,-2.08185808441982,-0.36840519814784,-0.369218765862652,-2.631465701056,1.93029867141388,-7.58388177646722,2.43673407387629,-0.463268008145891,-0.403119948244305,-3.30905720104208,1.99692788461633,-6.78815203221603,-0.600547460084692,-0.36840519814784,-0.369218765862652,-2.631465701056,1.93029867141388,-7.58388177646722,2.43673407387629,-0.399485118595127
"season",2022,"pre_buffer",668663,19,146,1376,0,358.769444444445,FALSE,"2022-07-02","2022-10-04",-0.77896950449067,-0.0400076256997551,-0.533540756500459,0.949929482700853,0.284149338242968,-1.52134293631412,-0.819421442596824,-0.287134656665669,0.054721476106441,0.0447262156101897,0.0374804630866035,0.665289962405162,0.621346980210385,-0.61360976155358,-0.77896950449067,-0.0400076256997551,-0.533540756500459,0.949929482700853,0.284149338242968,-1.52134293631412,0.054721476106441,0.0447262156101897,0.0374804630866035,0.665289962405162,0.621346980210385,-0.61360976155358,-0.0176282494787424
"season",2022,"pre_buffer",668721,15,90.3333333333333,820,0,358.769444444445,FALSE,"2022-04-08","2022-05-21",-0.488075577624526,-0.0477058533450562,-0.540305067481025,1.13995776568713,0.766390963737808,-1.50295084091571,-0.75108423262308,0.133488469334706,0.0839119725320403,0.0779554946200301,0.0928914825077937,0.834138366870268,-0.045870201967457,0.20113292434424,-0.488075577624526,-0.0477058533450562,-0.540305067481025,1.13995776568713,0.766390963737808,-1.50295084091571,0.0839119725320403,0.0779554946200301,0.0928914825077937,0.834138366870268,-0.045870201967457,0.20113292434424,-0.0347336048431202
"season",2022,"pre_buffer",668800,90,685.333333333333,5995,0,358.769444444445,TRUE,"2022-04-12","2022-10-05",-10.8879995649572,-7.66846725147497,-1.58871588982838,0.423354503054957,-1.02140604254133,-2.55099523673778,-1.83693988864804,-1.49919380350806,-9.97559600917958,-10.0191436739143,-1.45558307526939,0.31212648683031,-1.187940836432,-2.10411762448007,-10.8879995649572,-7.66846725147497,-1.58871588982838,0.423354503054957,-1.02140604254133,-2.55099523673778,-9.97559600917958,-10.0191436739143,-1.45558307526939,0.31212648683031,-1.187940836432,-2.10411762448007,-7.58878188098822
"season",2022,"pre_buffer",668939,93,762.333333333333,6204,0,358.769444444445,TRUE,"2022-05-21","2022-10-05",10.5297913409642,13.8615642305128,1.38125815578892,0.360997398893323,1.45769470701349,1.95097495216866,0.780217704584926,1.44895580678761,8.74897831915694,8.70391247895436,1.14765784685049,0.27594220049818,1.45881609957354,1.35874415712505,10.5297913409642,13.8615642305128,1.38125815578892,0.360997398893323,1.45769470701349,1.95097495216866,8.74897831915694,8.70391247895436,1.14765784685049,0.27594220049818,1.45881609957354,1.35874415712505,13.629161279713
"season",2022,"pre_buffer",669004,78,578.333333333333,5278,0,358.769444444445,TRUE,"2022-05-04","2022-10-04",-19.4173717104,-16.5828943875377,-3.35747061274927,0.479378264983389,-3.35809792226382,-3.99159245151616,-3.81187365492699,-3.24595194521335,-17.1869780889858,-17.2253174675463,-2.97181177331166,0.345394214760327,-2.98240782384332,-3.52330928091056,-19.4173717104,-16.5828943875377,-3.35747061274927,0.479378264983389,-3.35809792226382,-3.99159245151616,-17.1869780889858,-17.2253174675463,-2.97181177331166,0.345394214760327,-2.98240782384332,-3.52330928091056,-16.3447107835959
"season",2022,"pre_buffer",669087,29,227.666666666667,1999,0,358.769444444445,FALSE,"2022-04-30","2022-10-04",0.0796230542551537,1.15315851624864,0.0349735230988962,0.728323220742783,0.8674871072557,-1.01047392923578,-0.349922543352231,0.221424959765326,0.537026529064691,0.522505798154803,0.235882809252427,0.520272890518198,0.907965674433744,-0.542655045348734,0.0796230542551537,1.15315851624864,0.0349735230988962,0.728323220742783,0.8674871072557,-1.01047392923578,0.537026529064691,0.522505798154803,0.235882809252427,0.520272890518198,0.907965674433744,-0.542655045348734,1.14613548211784
"season",2022,"pre_buffer",669127,17,133.333333333333,1174,0,358.769444444445,FALSE,"2022-08-18","2022-10-05",-1.41470647271117,-0.784225916242759,-1.06102985453338,0.953035431200509,0.00476468492464093,-2.34283897261701,-1.24107241452062,-0.431192067227806,-1.54311763833636,-1.55164557134697,-1.15733822875227,0.705770877407771,-0.0930412242995617,-2.46310277968581,-1.41470647271117,-0.784225916242759,-1.06102985453338,0.953035431200509,0.00476468492464093,-2.34283897261701,-1.54311763833636,-1.55164557134697,-1.15733822875227,0.705770877407771,-0.0930412242995617,-2.46310277968581,-0.770407096168554
"season",2022,"pre_buffer",669134,10,78,698,0,358.769444444445,FALSE,"2022-08-28","2022-10-05",-0.355825734368872,0.0190255675177991,-0.456186838934451,1.45227067065467,-0.805032948350464,-0.163016550905752,-1.19135427266821,-0.158941084181453,-0.400764405262525,-0.405834675485187,-0.51380051956734,0.962007921670617,-1.0774090903867,0.0168810648388226,-0.355825734368872,0.0190255675177991,-0.456186838934451,1.45227067065467,-0.805032948350464,-0.163016550905752,-0.400764405262525,-0.405834675485187,-0.51380051956734,0.962007921670617,-1.0774090903867,0.0168810648388226,0.0276034190927883
"season",2022,"pre_buffer",669221,116,1003.66666666667,8579,0,358.769444444445,TRUE,"2022-04-08","2022-10-04",8.8212414769338,13.4284754581455,0.878901508827679,0.340761398162231,1.67100105011262,0.442603515699083,0.808057735414507,1.16726962017067,6.32292518535098,6.26060735119593,0.629982582399632,0.25069712686046,1.03417981724466,0.466279735535828,8.8212414769338,13.4284754581455,0.878901508827679,0.340761398162231,1.67100105011262,0.442603515699083,6.32292518535098,6.26060735119593,0.629982582399632,0.25069712686046,1.03417981724466,0.466279735535828,13.2295910275548
"season",2022,"pre_buffer",669257,109,956,7460,0,358.769444444445,TRUE,"2022-04-08","2022-10-05",6.08720077397184,10.0934911924168,0.636736482633037,0.323910717934771,1.82468455665032,-0.137491719396494,0.577339177614398,0.844735081675453,0.963552836885927,0.909363415881541,0.100790045699365,0.242257425974699,0.810275146036737,-0.514653081485591,6.08720077397184,10.0934911924168,0.636736482633037,0.323910717934771,1.82468455665032,-0.137491719396494,0.963552836885927,0.909363415881541,0.100790045699365,0.242257425974699,0.810275146036737,-0.514653081485591,9.92060630284569
"season",2022,"pre_buffer",669450,18,118.333333333333,1032,0,358.769444444445,FALSE,"2022-04-10","2022-10-03",-4.33893061723945,-3.78470920814626,-3.66670193006151,1.00034408319342,-3.67900862249604,-4.5635008228607,-4.10387122468015,-3.40963091318209,-4.44731423162063,-4.45481067699282,-3.7582937168625,0.748383065410845,-3.57928546546868,-4.80847246588785,-4.33893061723945,-3.78470920814626,-3.66670193006151,1.00034408319342,-3.67900862249604,-4.5635008228607,-4.44731423162063,-4.45481067699282,-3.7582937168625,0.748383065410845,-3.57928546546868,-4.80847246588785,-3.73930611163412
"season",2022,"pre_buffer",671056,11,59,523,0,358.769444444445,FALSE,"2022-05-24","2022-07-02",-0.299172503550785,-0.0183025452603423,-0.507072039916584,1.04115081271824,-1.59142085995072,1.54470035301071,-3.48308653586611,-0.308065659672027,0.0044122779103317,0.000613207242061764,0.00747843713615542,0.974945978719586,-0.187010490202256,0.414276358539576,-0.299172503550785,-0.0183025452603423,-0.507072039916584,1.04115081271824,-1.59142085995072,1.54470035301071,0.0044122779103317,0.000613207242061764,0.00747843713615542,0.974945978719586,-0.187010490202256,0.414276358539576,-0.0179558004452373
"season",2022,"pre_buffer",672386,78,654,5164,0,358.769444444445,TRUE,"2022-04-09","2022-10-05",9.24551715592793,12.0187723463903,1.41368763852109,0.402633263627965,1.52651972581065,2.07220226159028,1.21525726043014,1.49445824626228,9.12693889396705,9.0894276111163,1.39555640580536,0.294752664126187,1.54870457102871,2.00101874370585,9.24551715592793,12.0187723463903,1.41368763852109,0.402633263627965,1.52651972581065,2.07220226159028,9.12693889396705,9.0894276111163,1.39555640580536,0.294752664126187,1.54870457102871,2.00101874370585,11.8412271933635
"season",2022,"pre_buffer",672515,19,147.666666666667,1296,0,358.769444444445,FALSE,"2022-06-11","2022-10-05",1.79631377666045,2.49231275552166,1.21646531150821,1.02799814860236,1.9999217634635,0.439951510937528,0.959706148691963,1.43825113031243,1.66037602751351,1.65096188681356,1.12440814504301,0.652546661924398,1.25549624450154,1.32069799869667,1.79631377666045,2.49231275552166,1.21646531150821,1.02799814860236,1.9999217634635,0.439951510937528,1.66037602751351,1.65096188681356,1.12440814504301,0.652546661924398,1.25549624450154,1.32069799869667,2.45021127643227
"season",2022,"pre_buffer",672832,4,34,306,0,358.769444444445,FALSE,"2022-09-11","2022-10-05",0.349149496654495,0.513482588885615,1.02691028427793,1.75538278853968,0.977291217912792,1.31128044440067,0.684262781513917,1.80569089214881,-0.372699675248595,-0.374922458469419,-1.09617551543704,1.45778782887383,-2.56899407462917,0.187089335957031,0.349149496654495,0.513482588885615,1.02691028427793,1.75538278853968,0.977291217912792,1.31128044440067,-0.372699675248595,-0.374922458469419,-1.09617551543704,1.45778782887383,-2.56899407462917,0.187089335957031,0.500533388671544
"season",2022,"pre_buffer",673237,2,2,12,0,358.769444444445,FALSE,"2022-09-04","2022-09-27",-0.0276089344539876,-0.021164499464532,-1.38044672269938,2.94869950733363,-3.15493917902993,-0.592355255437053,-1.5506741582522,-0.475991780295284,-0.0153111780704165,-0.0153983460398606,-0.765558903520827,2.10696056446539,-1.8758884627,-0.0760175922041269,-0.0276089344539876,-0.021164499464532,-1.38044672269938,2.94869950733363,-3.15493917902993,-0.592355255437053,-0.0153111780704165,-0.0153983460398606,-0.765558903520827,2.10696056446539,-1.8758884627,-0.0760175922041269,-0.0206006423370244
"season",2022,"pre_buffer",680777,59,496.333333333333,4058,0,358.769444444445,TRUE,"2022-04-08","2022-10-04",4.91613728076881,7.09543037970306,0.990491057240189,0.472524502329513,1.56710288140733,0.830417729808489,0.690570201599298,1.09436477709955,5.3924613238867,5.3629840222197,1.08645963543721,0.347154748851119,1.44465401017037,1.20476393901945,4.91613728076881,7.09543037970306,0.990491057240189,0.472524502329513,1.56710288140733,0.830417729808489,5.3924613238867,5.3629840222197,1.08645963543721,0.347154748851119,1.44465401017037,1.20476393901945,6.99385191554287
"season",2022,"pre_buffer",681351,5,39.3333333333333,318,0,358.769444444445,FALSE,"2022-09-28","2022-10-05",-0.531460337592283,-0.360682810371708,-1.35117034981089,1.46502391393315,-3.51593910464484,0.529635362146722,-1.96907552733114,-0.730501306469114,-0.856566766594774,-0.858876717785042,-2.17771211846129,1.17736195847884,-2.91053557731954,-2.43478697736893,-0.531460337592283,-0.360682810371708,-1.35117034981089,1.46502391393315,-3.51593910464484,0.529635362146722,-0.856566766594774,-0.858876717785042,-2.17771211846129,1.17736195847884,-2.91053557731954,-2.43478697736893,-0.353403645988987
"season",2022,"pre_buffer",681526,6,36,329,0,358.769444444445,FALSE,"2022-04-10","2022-04-24",-0.79070433180707,-0.614019405846161,-2.19640092168631,1.548207529875,-1.42595406548873,-3.19279716582543,-2.49796564894886,-1.52699523129934,-0.826139777991818,-0.828529633154075,-2.29483271664394,1.29507442300528,-1.83976254705778,-3.05326749216661,-0.79070433180707,-0.614019405846161,-2.19640092168631,1.548207529875,-1.42595406548873,-3.19279716582543,-0.826139777991818,-0.828529633154075,-2.29483271664394,1.29507442300528,-1.83976254705778,-3.05326749216661,-0.605838494525419
"season",2022,"pre_buffer",682626,2,13,95,0,358.769444444445,FALSE,"2022-10-04","2022-10-05",-0.00429323275240615,0.0467252109141178,-0.0330248673262011,2.75240865106116,-1.62878571337513,0.759173175803144,-0.625930083902743,0.556530583418727,-0.07784866937312,-0.0785387491312187,-0.598835918254769,2.06299041658642,-2.11912049263572,-0.159314501726616,-0.00429323275240615,0.0467252109141178,-0.0330248673262011,2.75240865106116,-1.62878571337513,0.759173175803144,-0.07784866937312,-0.0785387491312187,-0.598835918254769,2.06299041658642,-2.11912049263572,-0.159314501726616,0.0451154949067031
"season",2022,"pre_buffer",686676,12,67,509,0,358.769444444445,FALSE,"2022-07-01","2022-07-31",-1.78239294117319,-1.50904149037045,-2.66028797190028,1.16270098763426,-4.13006346762669,-3.04962642759697,-2.83761496305385,-2.21446965660173,-1.62639317946304,-1.63009055416695,-2.42745250666125,0.876048113663243,-3.88671414460581,-2.6977130630473,-1.78239294117319,-1.50904149037045,-2.66028797190028,1.16270098763426,-4.13006346762669,-3.04962642759697,-1.62639317946304,-1.63009055416695,-2.42745250666125,0.876048113663243,-3.88671414460581,-2.6977130630473,-1.48373125668378
"season",2023,"pre_buffer",444489,2,13,128,0,359.016666666667,FALSE,"2023-07-06","2023-07-09",-0.72341842874502,-0.662974649716475,-5.56475714419246,2.98870017380399,-5.63906922640265,-5.6655867307548,-6.0777874155592,-4.30769386130007,-0.437708164213041,-0.438758688192179,-3.36698587856186,2.12829601355252,-1.99085820441782,-4.98886335273848,-0.72341842874502,-0.662974649716475,-5.56475714419246,2.98870017380399,-5.63906922640265,-5.6655867307548,-0.437708164213041,-0.438758688192179,-3.36698587856186,2.12829601355252,-1.99085820441782,-4.98886335273848,-0.675949415272511
"season",2023,"pre_buffer",455117,116,1006.66666666667,8543,0,359.016666666667,TRUE,"2023-03-30","2023-10-01",-16.1725226996975,-12.1383726665658,-1.60654199003618,0.337628752872424,-1.53728983026359,-2.25262418652522,-2.09669700809685,-1.54396289932016,-15.7368473328576,-15.8069616012464,-1.56326298008519,0.242722167792744,-1.71824775358598,-1.9672138100634,-16.1725226996975,-12.1383726665658,-1.60654199003618,0.337628752872424,-1.53728983026359,-2.25262418652522,-15.7368473328576,-15.8069616012464,-1.56326298008519,0.242722167792744,-1.71824775358598,-1.9672138100634,-12.3744284958461
"season",2023,"pre_buffer",506702,21,111,830,0,359.016666666667,FALSE,"2023-04-10","2023-06-13",-0.0844819334238644,0.307458196214356,-0.0761098499314094,0.914702624797717,1.96533429482555,-3.14094367579669,-0.549802593740032,0.0876116830673852,0.0996528479331598,0.0928408565059396,0.0897773404803242,0.654443343169746,1.37018722055592,-1.71791559232578,-0.0844819334238644,0.307458196214356,-0.0761098499314094,0.914702624797717,1.96533429482555,-3.14094367579669,0.0996528479331598,0.0928408565059396,0.0897773404803242,0.654443343169746,1.37018722055592,-1.71791559232578,0.296519948693753
"season",2023,"pre_buffer",518595,63,530,4612,0,359.016666666667,TRUE,"2023-04-01","2023-10-01",4.09078632112949,6.26865123425174,0.771846475684809,0.45741888506732,0.422661825969246,1.38081394219266,0.628375582712954,0.897258637813436,3.56085446780995,3.52300277568665,0.671859333549048,0.346075397741014,0.50598807898085,1.05508760808612,4.09078632112949,6.26865123425174,0.771846475684809,0.45741888506732,0.422661825969246,1.38081394219266,3.56085446780995,3.52300277568665,0.671859333549048,0.346075397741014,0.50598807898085,1.05508760808612,6.32710327629605
"season",2023,"pre_buffer",518735,92,680.666666666667,6428,0,359.016666666667,TRUE,"2023-03-30","2023-09-30",6.39478540601961,9.43019643410934,0.939488551325114,0.429409315739545,1.07083846852272,0.919392631683157,0.308704086984117,1.0320471294498,5.89707650300219,5.84432050192487,0.866367752644788,0.309278057009187,1.33656061666577,0.50136683460582,6.39478540601961,9.43019643410934,0.939488551325114,0.429409315739545,1.07083846852272,0.919392631683157,5.89707650300219,5.84432050192487,0.866367752644788,0.309278057009187,1.33656061666577,0.50136683460582,9.55113116635723
"season",2023,"pre_buffer",521692,91,738,6598,0,359.016666666667,TRUE,"2023-03-30","2023-10-01",-8.41720700971561,-5.30151908760359,-1.14054295524602,0.382718086861703,-1.18308756504404,-1.37565065753145,-1.3573742899121,-1.0701070864567,-7.87723335582249,-7.93138458405959,-1.06737579347188,0.289160948330034,-1.49681210166305,-0.867091594117265,-8.41720700971561,-5.30151908760359,-1.14054295524602,0.382718086861703,-1.18308756504404,-1.37565065753145,-7.87723335582249,-7.93138458405959,-1.06737579347188,0.289160948330034,-1.49681210166305,-0.867091594117265,-5.47144444561733
"season",2023,"pre_buffer",542194,102,797.666666666667,6408,0,359.016666666667,TRUE,"2023-03-30","2023-09-30",1.12871696122643,4.15468364884296,0.141502335297923,0.373663901194947,0.220844939812928,0.135615123361036,0.0507319551889814,0.295789634107635,-1.19100169483168,-1.24359355153726,-0.14931070139971,0.270880080182806,-0.0431878202795756,-0.315206309562576,1.12871696122643,4.15468364884296,0.141502335297923,0.373663901194947,0.220844939812928,0.135615123361036,-1.19100169483168,-1.24359355153726,-0.14931070139971,0.270880080182806,-0.0431878202795756,-0.315206309562576,4.17998626961624
"season",2023,"pre_buffer",542208,31,255,2439,0,359.016666666667,FALSE,"2023-04-04","2023-09-24",-6.66240472945321,-5.51066740874523,-2.61270773704047,0.731005660925344,-2.33784900760796,-3.12312374178407,-2.92368534401104,-2.40942484910583,-5.78644241851774,-5.80645982465147,-2.26919310530108,0.528019735725291,-2.16386859642275,-2.57986770667839,-6.66240472945321,-5.51066740874523,-2.61270773704047,0.731005660925344,-2.33784900760796,-3.12312374178407,-5.78644241851774,-5.80645982465147,-2.26919310530108,0.528019735725291,-2.16386859642275,-2.57986770667839,-5.64811701022793
"season",2023,"pre_buffer",543228,103,821.333333333333,7148,0,359.016666666667,TRUE,"2023-03-30","2023-09-30",-10.2175710485928,-6.84216376346746,-1.24402244909814,0.389714550591252,-1.23545678317067,-1.61668470796826,-1.64834184460108,-1.18208983169211,-7.80858481809351,-7.86725001655347,-0.950720554150995,0.275801308966065,-0.923356204193524,-1.25561759284302,-10.2175710485928,-6.84216376346746,-1.24402244909814,0.389714550591252,-1.23545678317067,-1.61668470796826,-7.80858481809351,-7.86725001655347,-0.950720554150995,0.275801308966065,-0.923356204193524,-1.25561759284302,-6.98350674973451
"season",2023,"pre_buffer",543309,90,641.666666666667,5473,0,359.016666666667,TRUE,"2023-04-02","2023-09-30",15.5080967657374,18.0925405362313,2.41684624920583,0.424024618601459,2.87369040920208,2.78733144584164,2.13379030850304,2.51121997518905,10.9163393507809,10.8714212434542,1.70124769103079,0.306859109198894,2.01877019986217,1.96670965992322,15.5080967657374,18.0925405362313,2.41684624920583,0.424024618601459,2.87369040920208,2.78733144584164,10.9163393507809,10.8714212434542,1.70124769103079,0.306859109198894,2.01877019986217,1.96670965992322,18.3558416128694
"season",2023,"pre_buffer",543510,59,479,4046,0,359.016666666667,TRUE,"2023-04-09","2023-10-01",-2.91660800157228,-1.00601792384187,-0.608895198658096,0.468470630476394,-0.175363079034968,-1.29913547404352,-0.719184152471997,-0.474641875680135,-2.14445022334114,-2.1776566297442,-0.447693157273725,0.355789525352613,-0.439629772402247,-0.625835558655635,-2.91660800157228,-1.00601792384187,-0.608895198658096,0.468470630476394,-0.175363079034968,-1.29913547404352,-2.14445022334114,-2.1776566297442,-0.447693157273725,0.355789525352613,-0.439629772402247,-0.625835558655635,-1.05957466236515
"season",2023,"pre_buffer",543592,52,387,3409,0,359.016666666667,TRUE,"2023-03-30","2023-07-15",-4.84483219772566,-3.235044364067,-1.25189462473531,0.537947592258321,-1.48140201236842,-1.34998891221587,-1.35747832152375,-0.963880261810926,-4.44757882647838,-4.47555723464151,-1.14924517480062,0.404842963576015,-0.936453720577134,-1.74004404902203,-4.84483219772566,-3.235044364067,-1.25189462473531,0.537947592258321,-1.48140201236842,-1.34998891221587,-4.44757882647838,-4.47555723464151,-1.14924517480062,0.404842963576015,-0.936453720577134,-1.74004404902203,-3.30034066466258
"season",2023,"pre_buffer",543877,94,793,6535,0,359.016666666667,TRUE,"2023-03-30","2023-09-30",11.3931903551146,14.479128604736,1.43672009522252,0.388568958012044,1.88089761803359,1.59986052740647,0.705160207678665,1.50378107972764,8.54148949052626,8.48785531706013,1.07711090674984,0.270225048651817,1.45665791715508,1.15081806789571,11.3931903551146,14.479128604736,1.43672009522252,0.388568958012044,1.88089761803359,1.59986052740647,8.54148949052626,8.48785531706013,1.07711090674984,0.270225048651817,1.45665791715508,1.15081806789571,14.6044700848952
"season",2023,"pre_buffer",547379,5,38.6666666666667,319,0,359.016666666667,FALSE,"2023-03-30","2023-04-07",1.02267914403135,1.17331637457905,2.64485985525349,1.86842180700778,0.299352074241065,5.85136304638746,2.24949178522842,3.21418765075381,0.839502554368374,0.836884451639117,2.17112729578028,1.34693392483893,1.17212412909778,3.96011788470366,1.02267914403135,1.17331637457905,2.64485985525349,1.86842180700778,0.299352074241065,5.85136304638746,0.839502554368374,0.836884451639117,2.17112729578028,1.34693392483893,1.17212412909778,3.96011788470366,1.19272019697719
"season",2023,"pre_buffer",553869,126,1004.66666666667,8913,0,359.016666666667,TRUE,"2023-03-30","2023-10-01",-19.1173066336602,-14.9084363017741,-1.90285069346319,0.34009430414635,-2.55648444656814,-1.74663031001147,-1.97298492604274,-1.32067787764624,-16.9819999879404,-17.0551509272065,-1.69031187670276,0.25728593884322,-2.21515801417,-1.60551046618836,-19.1173066336602,-14.9084363017741,-1.90285069346319,0.34009430414635,-2.55648444656814,-1.74663031001147,-16.9819999879404,-17.0551509272065,-1.69031187670276,0.25728593884322,-2.21515801417,-1.60551046618836,-15.193436784114
"season",2023,"pre_buffer",553882,47,352.666666666667,3184,0,359.016666666667,FALSE,"2023-03-30","2023-09-30",2.76409446797761,4.26763347131267,0.783769697914257,0.585054105383949,1.03588869407087,0.701611388724169,0.638618653323328,0.932014563964463,0.626859791609584,0.600728007628537,0.177748523140714,0.42021109776205,0.454065695867625,-0.0583782240528594,2.76409446797761,4.26763347131267,0.783769697914257,0.585054105383949,1.03588869407087,0.701611388724169,0.626859791609584,0.600728007628537,0.177748523140714,0.42021109776205,0.454065695867625,-0.0583782240528594,4.29413730482509
"season",2023,"pre_buffer",571466,42,312.666666666667,2611,0,359.016666666667,FALSE,"2023-04-01","2023-08-16",6.76280358936093,7.99576223813851,2.16294357868686,0.599972052172914,2.74193623093488,2.4621959983237,1.67275341129636,2.26028586493543,4.45378291174656,4.43235386401587,1.42445082465242,0.426698173778864,2.20452864732566,1.28551567172881,6.76280358936093,7.99576223813851,2.16294357868686,0.599972052172914,2.74193623093488,2.4621959983237,4.45378291174656,4.43235386401587,1.42445082465242,0.426698173778864,2.20452864732566,1.28551567172881,8.10802684053113
"season",2023,"pre_buffer",571912,71,500.333333333333,4484,0,359.016666666667,TRUE,"2023-04-03","2023-10-01",-6.89418029617815,-4.77675916208444,-1.37791744760389,0.495101274591112,-2.41204114625871,-0.536664673926859,-1.47674366664833,-0.919399281878413,-4.09127276889661,-4.12807393704077,-0.817709414169875,0.356360786558855,-1.85959038193022,0.171557635132673,-6.89418029617815,-4.77675916208444,-1.37791744760389,0.495101274591112,-2.41204114625871,-0.536664673926859,-4.09127276889661,-4.12807393704077,-0.817709414169875,0.356360786558855,-1.85959038193022,0.171557635132673,-4.89829995758075
"season",2023,"pre_buffer",572287,42,339.333333333333,2878,0,359.016666666667,FALSE,"2023-03-30","2023-06-14",-0.839996193436882,0.519044400658055,-0.24754308254525,0.600309804733415,-0.59538662255602,0.0091299907860865,-1.1740461554785,-0.0943899683551379,-0.581093310747897,-0.604713685841319,-0.171245572911954,0.41664043847362,-0.503304125653046,0.0969837379328147,-0.839996193436882,0.519044400658055,-0.24754308254525,0.600309804733415,-0.59538662255602,0.0091299907860865,-0.581093310747897,-0.604713685841319,-0.171245572911954,0.41664043847362,-0.503304125653046,0.0969837379328147,0.512341017418954
"season",2023,"pre_buffer",575929,97,764,7020,0,359.016666666667,TRUE,"2023-03-30","2023-09-20",-7.31344959421078,-3.99848608811402,-0.957257800289369,0.408949489865868,-0.635249044924153,-1.41142562878143,-1.1523143093949,-0.809158695036176,-7.52014114391726,-7.57775581839808,-0.984311668051997,0.302919080509593,-0.644957707883136,-1.45881085843457,-7.31344959421078,-3.99848608811402,-0.957257800289369,0.408949489865868,-0.635249044924153,-1.41142562878143,-7.52014114391726,-7.57775581839808,-0.984311668051997,0.302919080509593,-0.644957707883136,-1.45881085843457,-4.06906836332144
"season",2023,"pre_buffer",592200,38,236,2141,0,359.016666666667,FALSE,"2023-04-01","2023-07-18",-1.02175440495006,-0.0107377572929188,-0.432946781758501,0.74198507240303,-2.01544705527906,1.75696730944306,-0.590575967422504,-0.116008273986665,-0.616426547584514,-0.633998202579308,-0.261197689654455,0.521407333501322,-0.84364463439714,0.519260995224581,-1.02175440495006,-0.0107377572929188,-0.432946781758501,0.74198507240303,-2.01544705527906,1.75696730944306,-0.616426547584514,-0.633998202579308,-0.261197689654455,0.521407333501322,-0.84364463439714,0.519260995224581,-0.0487651240267278
"season",2023,"pre_buffer",592663,133,1142,9770,0,359.016666666667,TRUE,"2023-03-30","2023-09-30",-12.6545154842555,-8.04095516309232,-1.10810118075792,0.314232095200377,-1.23862657942043,-1.34971993216553,-1.24068782199434,-0.986222886860212,-12.5601373954225,-12.6403219210176,-1.0998368997743,0.236023304769926,-1.31613671682563,-1.25618123822271,-12.6545154842555,-8.04095516309232,-1.10810118075792,0.314232095200377,-1.23862657942043,-1.34971993216553,-12.5601373954225,-12.6403219210176,-1.0998368997743,0.236023304769926,-1.31613671682563,-1.25618123822271,-8.23892667487782
"season",2023,"pre_buffer",595453,59,414.333333333333,3514,0,359.016666666667,TRUE,"2023-04-21","2023-09-23",-1.45301864331607,0.206351977826952,-0.350688329038471,0.507502009262097,-0.76721751128792,-0.0202321198518127,-0.439817685946292,0.233334584328581,-2.10612151885099,-2.13496168496575,-0.508315732626949,0.368290859935866,-1.32946829152388,0.212376694992897,-1.45301864331607,0.206351977826952,-0.350688329038471,0.507502009262097,-0.76721751128792,-0.0202321198518127,-2.10612151885099,-2.13496168496575,-0.508315732626949,0.368290859935866,-1.32946829152388,0.212376694992897,0.179969811052839
"season",2023,"pre_buffer",595751,8,49,404,0,359.016666666667,FALSE,"2023-06-16","2023-07-30",0.349293373431733,0.540069050990578,0.712843619248435,1.67008237054744,2.84949091533324,-0.812157287237057,0.35574280479364,1.3660891578973,-0.236159732579891,-0.239475448889044,-0.481958637918144,1.08013298795352,0.0462027996109982,-1.11738470551564,0.349293373431733,0.540069050990578,0.712843619248435,1.67008237054744,2.84949091533324,-0.812157287237057,-0.236159732579891,-0.239475448889044,-0.481958637918144,1.08013298795352,0.0462027996109982,-1.11738470551564,0.537003717576237
"season",2023,"pre_buffer",595956,56,420.333333333333,3541,0,359.016666666667,TRUE,"2023-04-01","2023-09-30",2.45925756773532,4.13137804851717,0.585073172339886,0.528550241173228,-0.508083349840821,1.68469765403234,0.124926715656512,0.719547012947413,4.10893276485269,4.07987100383608,0.977541498378912,0.391439716318361,0.250322519037378,1.90971527132437,2.45925756773532,4.13137804851717,0.585073172339886,0.528550241173228,-0.508083349840821,1.68469765403234,4.10893276485269,4.07987100383608,0.977541498378912,0.391439716318361,0.250322519037378,1.90971527132437,4.17469550389608
"season",2023,"pre_buffer",595978,80,567,5131,0,359.016666666667,TRUE,"2023-03-30","2023-09-29",17.7048596810997,20.1278052295018,3.12255020830683,0.498129945795336,3.59442441300656,3.27776547605377,2.99543319344323,3.31810681968688,13.3930766458459,13.3509654072759,2.36209464653367,0.349303869783367,2.87985450308772,2.28635093830986,17.7048596810997,20.1278052295018,3.12255020830683,0.498129945795336,3.59442441300656,3.27776547605377,13.3930766458459,13.3509654072759,2.36209464653367,0.349303869783367,2.87985450308772,2.28635093830986,20.4078240567239
"season",2023,"pre_buffer",596117,40,300.333333333333,2402,0,359.016666666667,FALSE,"2023-04-01","2023-10-01",-2.2495394666047,-1.11527417577216,-0.749014250811776,0.589628808901109,-1.81181230945436,0.0670381826856477,-0.86311458563947,-0.304636939388512,-4.04556108930485,-4.06527482835086,-1.3470236701348,0.444352425058934,-2.5526781692275,-0.688538872373518,-2.2495394666047,-1.11527417577216,-0.749014250811776,0.589628808901109,-1.81181230945436,0.0670381826856477,-4.04556108930485,-4.06527482835086,-1.3470236701348,0.444352425058934,-2.5526781692275,-0.688538872373518,-1.14607034266457
"season",2023,"pre_buffer",596142,66,526,4886,0,359.016666666667,TRUE,"2023-05-21","2023-09-06",2.83011777205697,5.1373701496622,0.538045203813111,0.521150892614149,-0.489801102281431,1.55694104419351,0.414354351028117,0.880744821842705,0.368651712468947,0.328551242452805,0.0700858768952371,0.353468451258161,-0.446509902577171,0.552823599170871,2.83011777205697,5.1373701496622,0.538045203813111,0.521150892614149,-0.489801102281431,1.55694104419351,0.368651712468947,0.328551242452805,0.0700858768952371,0.353468451258161,-0.446509902577171,0.552823599170871,5.1609646003403
"season",2023,"pre_buffer",605131,53,452.333333333333,3598,0,359.016666666667,TRUE,"2023-04-01","2023-09-30",2.6465230408929,4.3455598920234,0.585082470352153,0.491590862006983,-0.80869028660599,2.2712380349579,0.478868574666143,0.780439842893179,1.98027245886116,1.95074288638509,0.437790521487361,0.366103837002318,0.12883586988941,0.969590303924369,2.6465230408929,4.3455598920234,0.585082470352153,0.491590862006983,-0.80869028660599,2.2712380349579,1.98027245886116,1.95074288638509,0.437790521487361,0.366103837002318,0.12883586988941,0.969590303924369,4.37939910720412
"season",2023,"pre_buffer",605170,58,500.333333333333,4348,0,359.016666666667,TRUE,"2023-04-02","2023-10-01",7.9173402970277,9.97053991590358,1.58241311732732,0.474252733259913,2.44018482559602,1.21349538383575,1.45451721818919,1.7104357697178,8.73911298070545,8.70342799428912,1.74665815736951,0.359933383505483,2.25857763006395,1.76601154586686,7.9173402970277,9.97053991590358,1.58241311732732,0.474252733259913,2.44018482559602,1.21349538383575,8.73911298070545,8.70342799428912,1.74665815736951,0.359933383505483,2.25857763006395,1.76601154586686,10.0948364171521
"season",2023,"pre_buffer",605421,3,19,137,0,359.016666666667,FALSE,"2023-05-13","2023-10-01",-0.480977264858115,-0.416283532616625,-2.53145928872692,1.76703947605028,-1.76884375407306,-6.18820802351946,-2.83484677601225,-1.64142781261897,-0.57482554653846,-0.575949935484881,-3.02539761336032,1.61117615784109,-2.56988835065722,-6.69490395247983,-0.480977264858115,-0.416283532616625,-2.53145928872692,1.76703947605028,-1.76884375407306,-6.18820802351946,-0.57482554653846,-0.575949935484881,-3.02539761336032,1.61117615784109,-2.56988835065722,-6.69490395247983,-0.42998421599657
"season",2023,"pre_buffer",606992,60,494,4228,0,359.016666666667,TRUE,"2023-03-30","2023-08-30",-1.13571970979517,0.86081386624145,-0.22990277526218,0.499061210600234,-0.747447407991037,0.252793664731758,-0.337064670233923,-0.0550044018142974,-0.455133079502373,-0.489833199688261,-0.0921322023284156,0.362624033569666,-0.51753313350646,0.338690685151119,-1.13571970979517,0.86081386624145,-0.22990277526218,0.499061210600234,-0.747447407991037,0.252793664731758,-0.455133079502373,-0.489833199688261,-0.0921322023284156,0.362624033569666,-0.51753313350646,0.338690685151119,0.857821051922723
"season",2023,"pre_buffer",607732,82,661.333333333333,5453,0,359.016666666667,TRUE,"2023-03-30","2023-09-30",-0.605236662504786,1.96976276751595,-0.0915176404997156,0.398370605926755,0.281967496290288,-0.472541454334968,-0.171687173079618,0.210629677586269,-0.950352475310972,-0.99510643826595,-0.143702491226457,0.295583535737936,0.324741222451825,-0.633415947034362,-0.605236662504786,1.96976276751595,-0.0915176404997156,0.398370605926755,0.281967496290288,-0.472541454334968,-0.950352475310972,-0.99510643826595,-0.143702491226457,0.295583535737936,0.324741222451825,-0.633415947034362,1.93861244731291
"season",2023,"pre_buffer",608348,47,379,3163,0,359.016666666667,TRUE,"2023-06-12","2023-09-30",-1.93003445914747,-0.436412013309293,-0.509243920619386,0.571172543999009,-1.15785807275495,-0.043140810865349,-0.621072383001581,-0.0996341083695871,-2.56539982527589,-2.59135925766661,-0.676886497434272,0.399798740530592,-1.06163840107055,-0.551623962646967,-1.93003445914747,-0.436412013309293,-0.509243920619386,0.571172543999009,-1.15785807275495,-0.043140810865349,-2.56539982527589,-2.59135925766661,-0.676886497434272,0.399798740530592,-1.06163840107055,-0.551623962646967,-0.472298008001705
"season",2023,"pre_buffer",608360,2,8,59,0,359.016666666667,FALSE,"2023-05-09","2023-05-14",-0.192143608640885,-0.164282804244915,-2.40179510801106,2.59263367153893,-3.70561819982044,-0.394635056255316,-4.19480177325764,-1.91616715515312,-0.102518138524184,-0.103002364420817,-1.2814767315523,2.2382555103621,-2.01984935573665,0.061772327298177,-0.192143608640885,-0.164282804244915,-2.40179510801106,2.59263367153893,-3.70561819982044,-0.394635056255316,-0.102518138524184,-0.103002364420817,-1.2814767315523,2.2382555103621,-2.01984935573665,0.061772327298177,-0.165754426990845
"season",2023,"pre_buffer",608596,41,351.333333333333,2581,0,359.016666666667,FALSE,"2023-04-01","2023-08-12",-5.62952241219416,-4.4107302741264,-1.60233085736077,0.543667779892503,-2.83477589901763,-1.46431758612539,-1.69797303153903,-1.13720924213835,-4.5695438968612,-4.59072672803428,-1.30062919265499,0.397494124380903,-2.01994959686487,-1.49684154434901,-5.62952241219416,-4.4107302741264,-1.60233085736077,0.543667779892503,-2.83477589901763,-1.46431758612539,-4.5695438968612,-4.59072672803428,-1.30062919265499,0.397494124380903,-2.01994959686487,-1.49684154434901,-4.52325998492479
"season",2023,"pre_buffer",620443,6,18,158,0,359.016666666667,FALSE,"2023-04-01","2023-10-01",-0.808463488962832,-0.733853199224472,-4.49146382757129,2.00821976398635,-5.46518328726699,-4.64375835554531,-7.66635588518151,-4.10905812616544,-0.983894889933527,-0.985191630470275,-5.46608272185293,1.88536666562171,-5.87779219385647,-6.70172836257595,-0.808463488962832,-0.733853199224472,-4.49146382757129,2.00821976398635,-5.46518328726699,-4.64375835554531,-0.983894889933527,-0.985191630470275,-5.46608272185293,1.88536666562171,-5.87779219385647,-6.70172836257595,-0.744671017633416
"season",2023,"pre_buffer",621512,21,153,1451,0,359.016666666667,FALSE,"2023-03-31","2023-06-03",2.46408418855799,3.14927108988939,1.61051254154117,0.903670611352319,1.76090577862387,1.63574746194541,0.806638728386972,1.91042526644452,1.34096515137108,1.32905647720132,0.876447811353646,0.6534578740437,0.814020387574414,1.03385748386135,2.46408418855799,3.14927108988939,1.61051254154117,0.903670611352319,1.76090577862387,1.63574746194541,1.34096515137108,1.32905647720132,0.876447811353646,0.6534578740437,0.814020387574414,1.03385748386135,3.1801527393451
"season",2023,"pre_buffer",621532,6,39,317,0,359.016666666667,FALSE,"2023-04-03","2023-07-02",0.161726293530134,0.311419090030515,0.414682803923421,1.23840767467069,1.42056372111863,-0.383138816784318,0.052271235953152,0.868467226205262,-0.275643688865881,-0.278245377157964,-0.706778689399694,1.31078741685286,-1.24626740546527,-0.499873163798962,0.161726293530134,0.311419090030515,0.414682803923421,1.23840767467069,1.42056372111863,-0.383138816784318,-0.275643688865881,-0.278245377157964,-0.706778689399694,1.31078741685286,-1.24626740546527,-0.499873163798962,0.315024696463994
"season",2023,"pre_buffer",623168,20,127,1049,0,359.016666666667,FALSE,"2023-04-04","2023-10-01",0.857237568235173,1.35259322605504,0.674990211208798,0.838255194178033,0.797843575282499,0.83248462948699,0.306436778132533,0.918829431442703,0.779528276117163,0.770918903819387,0.613801792218239,0.671226842877672,1.47818724485148,0.162333757254142,0.857237568235173,1.35259322605504,0.674990211208798,0.838255194178033,0.797843575282499,0.83248462948699,0.779528276117163,0.770918903819387,0.613801792218239,0.671226842877672,1.47818724485148,0.162333757254142,1.35949822628207
"season",2023,"pre_buffer",624431,54,427.333333333333,3752,0,359.016666666667,TRUE,"2023-03-30","2023-07-17",6.78416136669576,8.55591963946998,1.58755726209729,0.495777245139342,2.01519167528888,1.60285738707862,1.20507488502238,1.7047979382393,7.59233113746243,7.56153765332396,1.77667655322834,0.383476165747452,2.07457903664901,1.97293922346182,6.78416136669576,8.55591963946998,1.58755726209729,0.495777245139342,2.01519167528888,1.60285738707862,7.59233113746243,7.56153765332396,1.77667655322834,0.383476165747452,2.07457903664901,1.97293922346182,8.64774683352581
"season",2023,"pre_buffer",624512,62,433.333333333333,3781,0,359.016666666667,TRUE,"2023-03-30","2023-09-30",1.29282936094591,3.07828192740628,0.298345237141363,0.482579512281555,0.316244218698825,0.363316429094196,0.223385028044446,0.659264720825363,1.86090700203814,1.82987550856064,0.429440077393416,0.369192560705335,0.879877462302288,0.169305633447798,1.29282936094591,3.07828192740628,0.298345237141363,0.482579512281555,0.316244218698825,0.363316429094196,1.86090700203814,1.82987550856064,0.429440077393416,0.369192560705335,0.879877462302288,0.169305633447798,3.11405759828412
"season",2023,"pre_buffer",641470,2,16,135,0,359.016666666667,FALSE,"2023-08-18","2023-08-20",-0.089121020171354,-0.0253717219771857,-0.557006376070963,1.74570053907883,2.12297774338599,-2.88666246366018,-1.53453996197503,-0.159858322927723,-0.0901767465689094,-0.0912847210781561,-0.563604666055684,1.6434680243501,2.92426266814742,-3.54176675543673,-0.089121020171354,-0.0253717219771857,-0.557006376070963,1.74570053907883,2.12297774338599,-2.88666246366018,-0.0901767465689094,-0.0912847210781561,-0.563604666055684,1.6434680243501,2.92426266814742,-3.54176675543673,-0.0277516822611927
"season",2023,"pre_buffer",641511,68,484,4212,0,359.016666666667,TRUE,"2023-04-02","2023-10-01",6.84382331713253,8.83280142079059,1.41401308205218,0.480932629974594,1.43273916853671,1.82324396547489,0.637748757480688,1.50231696744482,7.72143889062733,7.68687008593884,1.59533861376598,0.363343082347678,1.45303646784151,2.2258401783043,6.84382331713253,8.83280142079059,1.41401308205218,0.480932629974594,1.43273916853671,1.82324396547489,7.72143889062733,7.68687008593884,1.59533861376598,0.363343082347678,1.45303646784151,2.2258401783043,8.94304812952591
"season",2023,"pre_buffer",641598,28,230,1887,0,359.016666666667,FALSE,"2023-04-01","2023-09-02",2.24096967316616,3.13204319681353,0.974334640507025,0.766668259592524,1.76667664021967,0.577613368262803,0.804376151552438,1.21054969034203,-0.1095920262206,-0.125079047694293,-0.0476487070524349,0.512978038856119,0.0907901608587306,-0.214882374245758,2.24096967316616,3.13204319681353,0.974334640507025,0.766668259592524,1.76667664021967,0.577613368262803,-0.1095920262206,-0.125079047694293,-0.0476487070524349,0.512978038856119,0.0907901608587306,-0.214882374245758,3.13808757288639
"season",2023,"pre_buffer",641680,124,993.333333333333,8270,0,359.016666666667,TRUE,"2023-03-30","2023-10-01",7.45194934915538,11.3571841348278,0.750196243203562,0.353359261710669,0.78018181807222,1.01846725984966,0.683267651842272,1.12394135123776,9.78053163264516,9.71265793493057,0.984617278454211,0.245007712759736,0.765779723282499,1.58740348903534,7.45194934915538,11.3571841348278,0.750196243203562,0.353359261710669,0.78018181807222,1.01846725984966,9.78053163264516,9.71265793493057,0.984617278454211,0.245007712759736,0.765779723282499,1.58740348903534,11.5162853138463
"season",2023,"pre_buffer",642136,82,584,5228,0,359.016666666667,TRUE,"2023-04-04","2023-08-23",-8.93682906865818,-6.46807846896105,-1.5302789501127,0.451710940803439,-1.96929108645511,-1.4503358796831,-1.62104705367976,-1.00960809806195,-4.85133383976849,-4.89424117854139,-0.830707849275426,0.329902110681567,-1.12561940829726,-0.730888916773355,-8.93682906865818,-6.46807846896105,-1.5302789501127,0.451710940803439,-1.96929108645511,-1.4503358796831,-4.85133383976849,-4.89424117854139,-0.830707849275426,0.329902110681567,-1.12561940829726,-0.730888916773355,-6.60991546287495
"season",2023,"pre_buffer",642336,50,381,3176,0,359.016666666667,TRUE,"2023-04-01","2023-07-20",-3.85355460790721,-2.35379334076144,-1.01143165561869,0.539476280389015,-1.87672157122966,-0.700332346038042,-1.13899997308536,-0.570653945612143,-5.26276769291891,-5.28883381915126,-1.38130385640916,0.402637328103009,-1.85128462775556,-1.50683332410802,-3.85355460790721,-2.35379334076144,-1.01143165561869,0.539476280389015,-1.87672157122966,-0.700332346038042,-5.26276769291891,-5.28883381915126,-1.38130385640916,0.402637328103009,-1.85128462775556,-1.50683332410802,-2.43707139490428
"season",2023,"pre_buffer",642851,51,374.333333333333,3464,0,359.016666666667,TRUE,"2023-04-09","2023-10-01",2.04213079314739,3.67789056310739,0.545538056940532,0.566835633799848,0.859391106304779,0.351071367809747,0.40510677385835,0.704680429375041,3.00833623991402,2.97990643472861,0.803651711464119,0.424671507401672,1.46405379948816,0.342169013456098,2.04213079314739,3.67789056310739,0.545538056940532,0.566835633799848,0.859391106304779,0.351071367809747,3.00833623991402,2.97990643472861,0.803651711464119,0.424671507401672,1.46405379948816,0.342169013456098,3.73442450036419
"season",2023,"pre_buffer",643348,4,16.6666666666667,148,0,359.016666666667,FALSE,"2023-06-24","2023-07-01",-0.257367192115299,-0.187479072613544,-1.54420315269179,3.09538992216378,-2.09193462369508,-1.64923011359701,-2.04210454339714,-0.602499068773376,0.0892908559735841,0.0880761876227062,0.535745135841504,2.10049681470616,-2.63487317002079,1.42658517859498,-0.257367192115299,-0.187479072613544,-1.54420315269179,3.09538992216378,-2.09193462369508,-1.64923011359701,0.0892908559735841,0.0880761876227062,0.535745135841504,2.10049681470616,-2.63487317002079,1.42658517859498,-0.1885092201323
"season",2023,"pre_buffer",643376,73,576.333333333333,4881,0,359.016666666667,TRUE,"2023-04-01","2023-09-01",-0.596622676947125,1.7082686155398,-0.103520418209449,0.435519159852392,-1.19764600705847,0.873817088247474,-0.177741987773778,0.137430382739627,1.08099832413395,1.04093889021075,0.187564775731744,0.324075586944141,-0.683018685844751,1.05921198887592,-0.596622676947125,1.7082686155398,-0.103520418209449,0.435519159852392,-1.19764600705847,0.873817088247474,1.08099832413395,1.04093889021075,0.187564775731744,0.324075586944141,-0.683018685844751,1.05921198887592,1.6800984851922
"season",2023,"pre_buffer",644433,6,44,354,0,359.016666666667,FALSE,"2023-04-16","2023-05-07",-0.29961445743179,-0.132449631055971,-0.680941948708614,1.51788544105809,-0.500051880323632,-1.05985138624703,-1.02015896584867,-0.255101753454104,0.0668065720779258,0.0639012166981234,0.151833118358922,1.10091317939801,-0.908968644557372,0.865375977594388,-0.29961445743179,-0.132449631055971,-0.680941948708614,1.51788544105809,-0.500051880323632,-1.05985138624703,0.0668065720779258,0.0639012166981234,0.151833118358922,1.10091317939801,-0.908968644557372,0.865375977594388,-0.136543719763957
"season",2023,"pre_buffer",645444,40,307.333333333333,2901,0,359.016666666667,FALSE,"2023-04-02","2023-09-12",-8.16250469872497,-6.79260311308584,-2.65591259177602,0.650350823807157,-3.00076100145412,-2.61668246890392,-2.78565477500946,-2.2299792129843,-7.58732920554955,-7.61113834667047,-2.46876221438705,0.487472242456719,-2.41308167056082,-2.82849517321659,-8.16250469872497,-6.79260311308584,-2.65591259177602,0.650350823807157,-3.00076100145412,-2.61668246890392,-7.58732920554955,-7.61113834667047,-2.46876221438705,0.487472242456719,-2.41308167056082,-2.82849517321659,-6.9352038866516
"season",2023,"pre_buffer",650619,10,21.6666666666667,202,0,359.016666666667,FALSE,"2023-04-02","2023-04-30",-1.18810605660303,-1.09271821782361,-5.48356641509092,2.03448300865076,-7.8910986460615,-2.61972371227721,-6.00345093985827,-4.89505443913125,-1.21300212255727,-1.21465998071185,-5.59847133487972,1.72873455658771,-6.77197308775063,-4.75981151413562,-1.18810605660303,-1.09271821782361,-5.48356641509092,2.03448300865076,-7.8910986460615,-2.61972371227721,-1.21300212255727,-1.21465998071185,-5.59847133487972,1.72873455658771,-6.77197308775063,-4.75981151413562,-1.11785440122773
"season",2023,"pre_buffer",650907,38,262.666666666667,2069,0,359.016666666667,FALSE,"2023-07-22","2023-10-01",0.661712807922741,1.63872982987633,0.251921119767541,0.665744155180847,1.35048357457107,-0.515166213587111,-0.211553959809244,0.447056751521634,2.02164127542372,2.00466054016719,0.769660384044562,0.46827816679235,1.16105754118274,0.828085732535866,0.661712807922741,1.63872982987633,0.251921119767541,0.665744155180847,1.35048357457107,-0.515166213587111,2.02164127542372,2.00466054016719,0.769660384044562,0.46827816679235,1.16105754118274,0.828085732535866,1.65546094596806
"season",2023,"pre_buffer",656024,20,99.3333333333333,1042,0,359.016666666667,FALSE,"2023-07-01","2023-10-01",-2.56503574149491,-2.07298560284066,-2.58225074647139,1.24465328404015,-3.51168325820764,-0.669765820396085,-2.91347327033376,-2.23265831486633,-1.79762664299996,-1.80617856476762,-1.80969125134224,0.889898172099133,-1.97137580460021,-1.30502010227952,-2.56503574149491,-2.07298560284066,-2.58225074647139,1.24465328404015,-3.51168325820764,-0.669765820396085,-1.79762664299996,-1.80617856476762,-1.80969125134224,0.889898172099133,-1.97137580460021,-1.30502010227952,-2.10565857035772
"season",2023,"pre_buffer",656180,40,336.666666666667,3023,0,359.016666666667,FALSE,"2023-04-04","2023-09-02",-8.37502296859375,-6.94751090606804,-2.48763058473082,0.583828547463656,-2.6987523138621,-2.847478960251,-2.64978838438723,-2.09594709018603,-7.85272773318346,-7.877538154972,-2.3324933860941,0.445819949948635,-2.41667573003683,-2.79218499653108,-8.37502296859375,-6.94751090606804,-2.48763058473082,0.583828547463656,-2.6987523138621,-2.847478960251,-7.85272773318346,-7.877538154972,-2.3324933860941,0.445819949948635,-2.41667573003683,-2.79218499653108,-7.07778075235207
"season",2023,"pre_buffer",656627,1,1,17,0,359.016666666667,FALSE,"2023-06-13","2023-06-13",0.0299320502700176,0.0379597396722462,2.99320502700176,20.2062261801343,1.7607088394128,,0.499118249958451,6.09638123941611,-0.0401948960819002,-0.0403344187978794,-4.01948960819002,10.8888361940154,-2.36440565187648,,0.0299320502700176,0.0379597396722462,2.99320502700176,20.2062261801343,1.7607088394128,,-0.0401948960819002,-0.0403344187978794,-4.01948960819002,10.8888361940154,-2.36440565187648,,0.0365347437268597
"season",2023,"pre_buffer",657136,121,944,8018,0,359.016666666667,TRUE,"2023-03-30","2023-10-01",-10.9789875711415,-7.19275147543153,-1.16302834440058,0.343512074751041,-0.996458911134449,-1.7005050773298,-1.22262690854449,-0.809381515132643,-9.14199323536289,-9.20779871399356,-0.968431486796916,0.25516989284532,-1.2074711289033,-1.08040794562875,-10.9789875711415,-7.19275147543153,-1.16302834440058,0.343512074751041,-0.996458911134449,-1.7005050773298,-9.14199323536289,-9.20779871399356,-0.968431486796916,0.25516989284532,-1.2074711289033,-1.08040794562875,-7.33460455127314
"season",2023,"pre_buffer",657247,8,48,373,0,359.016666666667,FALSE,"2023-08-17","2023-09-11",-0.989431102712827,-0.813294152887459,-2.06131479731839,1.44930838323993,-1.32268352835779,-4.00414378044088,-2.38079352174631,-1.74279216103809,-1.00752716889077,-1.01058846142373,-2.09901493518911,1.08440647190657,-0.857045651999795,-4.57514911521519,-0.989431102712827,-0.813294152887459,-2.06131479731839,1.44930838323993,-1.32268352835779,-4.00414378044088,-1.00752716889077,-1.01058846142373,-2.09901493518911,1.08440647190657,-0.857045651999795,-4.57514911521519,-0.82987877931906
"season",2023,"pre_buffer",660688,117,1014.33333333333,9431,0,359.016666666667,TRUE,"2023-03-30","2023-09-30",-12.0381230661481,-7.58464431600585,-1.18680148532515,0.347470233004464,-0.92647517603038,-1.60939172496594,-1.26805050836152,-0.906762932714004,-11.4935378022935,-11.5709400807876,-1.13311250104767,0.262082925232917,-0.987645582743982,-1.43851508645493,-12.0381230661481,-7.58464431600585,-1.18680148532515,0.347470233004464,-0.92647517603038,-1.60939172496594,-11.4935378022935,-11.5709400807876,-1.13311250104767,0.262082925232917,-0.987645582743982,-1.43851508645493,-7.80210404751297
"season",2023,"pre_buffer",661388,108,942.666666666667,8232,0,359.016666666667,TRUE,"2023-03-30","2023-10-01",11.8040042107486,15.6912947495219,1.25219280877814,0.375097522283371,0.512878115315104,2.2881044242532,1.12227308784231,1.32847605745773,12.4888982545169,12.4213364311086,1.32484776391622,0.259883612759114,1.35307434234531,1.66925094462354,11.8040042107486,15.6912947495219,1.25219280877814,0.375097522283371,0.512878115315104,2.2881044242532,12.4888982545169,12.4213364311086,1.32484776391622,0.259883612759114,1.35307434234531,1.66925094462354,15.9133972531174
"season",2023,"pre_buffer",661531,10,64,554,0,359.016666666667,FALSE,"2023-04-02","2023-06-14",1.19411403323104,1.45572226433896,1.86580317692349,1.36321476738628,1.90009767736654,2.53730452407813,1.60790584929588,2.23659546276407,1.00939420129318,1.00484740219597,1.57717843952059,1.04012628850294,2.35517337989482,1.02466954580224,1.19411403323104,1.45572226433896,1.86580317692349,1.36321476738628,1.90009767736654,2.53730452407813,1.00939420129318,1.00484740219597,1.57717843952059,1.04012628850294,2.35517337989482,1.02466954580224,1.46881814938428
"season",2023,"pre_buffer",663698,30,230,2038,0,359.016666666667,FALSE,"2023-03-30","2023-09-11",3.10767607966716,4.07005437388727,1.35116351289876,0.700060189428285,1.42372785431934,1.61230856114857,1.09708046123446,1.7312073581609,2.18818353905405,2.17145722757372,0.951384147414804,0.525509338525377,0.675186310466523,1.41823648276595,3.10767607966716,4.07005437388727,1.35116351289876,0.700060189428285,1.42372785431934,1.61230856114857,2.18818353905405,2.17145722757372,0.951384147414804,0.525509338525377,0.675186310466523,1.41823648276595,4.12328638281272
"season",2023,"pre_buffer",663728,128,1038,8383,0,359.016666666667,TRUE,"2023-03-30","2023-10-01",9.9140235467689,13.8726188561149,0.955108241499894,0.318880713408956,1.07039778340065,1.29007532916793,0.893496598328726,1.34793093175385,9.22230219413516,9.15350108072023,0.888468419473522,0.236454642667036,1.19416698081894,1.01009049095903,9.9140235467689,13.8726188561149,0.955108241499894,0.318880713408956,1.07039778340065,1.29007532916793,9.22230219413516,9.15350108072023,0.888468419473522,0.236454642667036,1.19416698081894,1.01009049095903,13.9850818277698
"season",2023,"pre_buffer",663743,104,773.666666666667,6858,0,359.016666666667,TRUE,"2023-03-31","2023-10-01",6.21242908554925,9.450893433813,0.802985232944754,0.396660155870718,0.873270224716726,0.937414237469075,0.717377720394711,1.37719888121854,7.0730690376586,7.01678393258886,0.914226932915803,0.284508810834064,0.957584561251106,1.10276508251323,6.21242908554925,9.450893433813,0.802985232944754,0.396660155870718,0.873270224716726,0.937414237469075,7.0730690376586,7.01678393258886,0.914226932915803,0.284508810834064,0.957584561251106,1.10276508251323,9.52431805125335
"season",2023,"pre_buffer",663886,92,703,6343,0,359.016666666667,TRUE,"2023-03-30","2023-09-30",-9.63577898786477,-6.64050640678618,-1.37066557437621,0.407133883326886,-1.17471315400946,-1.83550367185059,-1.5068971443111,-1.24338535138105,-9.11247216346132,-9.16453055095874,-1.29622648128895,0.301923751052141,-1.2763208806443,-1.58387345703103,-9.63577898786477,-6.64050640678618,-1.37066557437621,0.407133883326886,-1.17471315400946,-1.83550367185059,-9.11247216346132,-9.16453055095874,-1.29622648128895,0.301923751052141,-1.2763208806443,-1.58387345703103,-6.81529377828608
"season",2023,"pre_buffer",663967,9,39.6666666666667,372,0,359.016666666667,FALSE,"2023-04-05","2023-06-11",-0.118409002106167,0.0572557306955417,-0.298510089343277,1.6914193667898,-0.827693772479639,3.38326358877056,-1.13651709498938,0.0571764173847604,-0.519649900492801,-0.52270298580717,-1.31004176594824,1.26270156886186,-1.34808476430013,-1.75169294592577,-0.118409002106167,0.0572557306955417,-0.298510089343277,1.6914193667898,-0.827693772479639,3.38326358877056,-0.519649900492801,-0.52270298580717,-1.31004176594824,1.26270156886186,-1.34808476430013,-1.75169294592577,0.0543665973045565
"season",2023,"pre_buffer",664874,71,501.666666666667,4531,0,359.016666666667,TRUE,"2023-04-01","2023-10-01",10.6418576086471,12.7814729428529,2.1213005199961,0.494198931363002,2.31440113937068,2.38924742667601,1.61877992315755,2.24530654923315,10.0658535926882,10.0286666852704,2.00648244372522,0.349431541867026,2.10407358190669,2.36060186772307,10.6418576086471,12.7814729428529,2.1213005199961,0.494198931363002,2.31440113937068,2.38924742667601,10.0658535926882,10.0286666852704,2.00648244372522,0.349431541867026,2.10407358190669,2.36060186772307,12.9884998386878
"season",2023,"pre_buffer",664954,31,220,1952,0,359.016666666667,FALSE,"2023-04-18","2023-10-01",-2.63870112533793,-1.71693349515262,-1.19940960242633,0.809390487974907,-1.53250984740639,-1.17582825306934,-1.41959870843484,-0.889025056821738,-3.46533168718009,-3.48135217786193,-1.57515076690004,0.557816157055421,-2.44782451355867,-1.12040109264215,-2.63870112533793,-1.71693349515262,-1.19940960242633,0.809390487974907,-1.53250984740639,-1.17582825306934,-3.46533168718009,-3.48135217786193,-1.57515076690004,0.557816157055421,-2.44782451355867,-1.12040109264215,-1.75643226648831
"season",2023,"pre_buffer",665804,41,295,2558,0,359.016666666667,FALSE,"2023-05-04","2023-10-01",1.68275657151519,2.89068771803877,0.570425956445828,0.604645889424064,1.00053302675633,0.312458528383102,0.433428911564887,0.914567656325776,1.56704604354883,1.54605197840325,0.53120204866062,0.45885534246532,1.14758804292062,0.0734246439864593,1.68275657151519,2.89068771803877,0.570425956445828,0.604645889424064,1.00053302675633,0.312458528383102,1.56704604354883,1.54605197840325,0.53120204866062,0.45885534246532,1.14758804292062,0.0734246439864593,2.91250734996184
"season",2023,"pre_buffer",666023,65,499.666666666667,4394,0,359.016666666667,TRUE,"2023-04-23","2023-09-08",4.15109401437246,6.22601561633672,0.830772651308697,0.47728456874417,1.89603588290858,-0.126260999107796,0.512727177498418,0.916392047077393,3.01562617961519,2.97956366114386,0.603527587648137,0.352547759360283,1.61477303245646,-0.35895049197436,4.15109401437246,6.22601561633672,0.830772651308697,0.47728456874417,1.89603588290858,-0.126260999107796,3.01562617961519,2.97956366114386,0.603527587648137,0.352547759360283,1.61477303245646,-0.35895049197436,6.30494763024771
"season",2023,"pre_buffer",666163,31,212.333333333333,1714,0,359.016666666667,FALSE,"2023-05-20","2023-09-27",6.32814301693249,7.1375229954866,2.98028713513304,0.757729811035592,2.98959619230436,4.45965131235664,1.82723492004737,3.10113266800774,3.73379771687874,3.7197305442206,1.7584604632082,0.502666073345628,2.13656709819041,2.22413939438134,6.32814301693249,7.1375229954866,2.98028713513304,0.757729811035592,2.98959619230436,4.45965131235664,3.73379771687874,3.7197305442206,1.7584604632082,0.502666073345628,2.13656709819041,2.22413939438134,7.23446007339873
"season",2023,"pre_buffer",666165,55,393.333333333333,3345,0,359.016666666667,TRUE,"2023-04-02","2023-10-01",-0.453682204563586,1.12588373958081,-0.115342933363624,0.576681796823925,-0.562253209278843,0.346120298343145,-0.243253629791834,0.250634766407088,0.635072047457694,0.607618901284138,0.161458995116363,0.402141432741675,-0.183272584220934,0.611201535242285,-0.453682204563586,1.12588373958081,-0.115342933363624,0.576681796823925,-0.562253209278843,0.346120298343145,0.635072047457694,0.607618901284138,0.161458995116363,0.402141432741675,-0.183272584220934,0.611201535242285,1.14394292890584
"season",2023,"pre_buffer",666310,67,505.333333333333,4412,0,359.016666666667,TRUE,"2023-05-21","2023-10-01",0.455063339232336,2.53848484762249,0.0900521119852907,0.476021476754838,1.00236527606675,-0.697451458626553,-0.00335874799495139,0.503196842901975,1.93295800345193,1.89674775504603,0.382511478255659,0.353574954731104,0.738415272955867,0.170750242609098,0.455063339232336,2.53848484762249,0.0900521119852907,0.476021476754838,1.00236527606675,-0.697451458626553,1.93295800345193,1.89674775504603,0.382511478255659,0.353574954731104,0.738415272955867,0.170750242609098,2.5323349789979
"season",2023,"pre_buffer",668663,6,7,62,0,359.016666666667,FALSE,"2023-05-06","2023-05-24",0.109340194383983,0.138617649850935,1.56200277691405,4.64870346199404,1.34339130339146,2.47599711094419,0.662807525367249,2.25730402034144,0.0570103827670999,0.0565015352147051,0.814434039529998,3.08083145587579,-0.517374807397637,3.35600001111338,0.109340194383983,0.138617649850935,1.56200277691405,4.64870346199404,1.34339130339146,2.47599711094419,0.0570103827670999,0.0565015352147051,0.814434039529998,3.08083145587579,-0.517374807397637,3.35600001111338,0.136550303177852
"season",2023,"pre_buffer",668670,99,832.333333333333,6834,0,359.016666666667,TRUE,"2023-04-01","2023-10-01",6.66670377778028,9.89383491747618,0.800965612068115,0.37855495420315,1.30571630243717,0.620664258394871,0.740731507703121,1.01844287484822,6.72506563197214,6.6689775001485,0.807977448775187,0.269811233703647,1.01469604073464,0.951135897926997,6.66670377778028,9.89383491747618,0.800965612068115,0.37855495420315,1.30571630243717,0.620664258394871,6.72506563197214,6.6689775001485,0.807977448775187,0.269811233703647,1.01469604073464,0.951135897926997,9.98294616859288
"season",2023,"pre_buffer",668800,68,565,5075,0,359.016666666667,TRUE,"2023-03-30","2023-10-01",-11.7553814234078,-9.35888002833075,-2.08059848201908,0.455092438973281,-2.67686212391798,-1.98168968642713,-2.18649730510427,-1.79433394215407,-9.4021156112984,-9.44376724562749,-1.66409125863688,0.347678384855643,-1.92474093418197,-1.78570422077958,-11.7553814234078,-9.35888002833075,-2.08059848201908,0.455092438973281,-2.67686212391798,-1.98168968642713,-9.4021156112984,-9.44376724562749,-1.66409125863688,0.347678384855643,-1.92474093418197,-1.78570422077958,-9.51911105917643
"season",2023,"pre_buffer",668939,110,934.333333333333,7947,0,359.016666666667,TRUE,"2023-03-30","2023-09-30",6.45178006036822,10.2044887473983,0.690522303999453,0.344738719512055,0.488159474196195,1.13335052484356,0.293895811037004,0.756045349801511,6.99467591162198,6.929453145511,0.748627461108311,0.25095867724659,0.409611205757596,1.34753336765034,6.45178006036822,10.2044887473983,0.690522303999453,0.344738719512055,0.488159474196195,1.13335052484356,6.99467591162198,6.929453145511,0.748627461108311,0.25095867724659,0.409611205757596,1.34753336765034,10.2972861184759
"season",2023,"pre_buffer",669004,10,68.6666666666667,616,0,359.016666666667,FALSE,"2023-04-03","2023-04-30",1.43403732726708,1.72492301384196,2.0884038746608,1.43236537864771,1.19662375347321,3.87707411934854,1.72156940065872,2.73863375240714,0.213842533083536,0.208786886433937,0.311421164684762,0.958170892284231,-1.07599098140032,2.29575124023865,1.43403732726708,1.72492301384196,2.0884038746608,1.43236537864771,1.19662375347321,3.87707411934854,0.213842533083536,0.208786886433937,0.311421164684762,0.958170892284231,-1.07599098140032,2.29575124023865,1.73760086383983
"season",2023,"pre_buffer",669087,10,42,320,0,359.016666666667,FALSE,"2023-05-15","2023-09-15",-0.718657666452817,-0.567548218881455,-1.71108968203052,2.07522261852548,-3.03622292928726,-1.8260139775212,-2.35538120760718,-1.3200446453378,-0.640498485316747,-0.643124795264591,-1.5249963936113,1.27390716060975,-2.58357681672808,-1.69244717062168,-0.718657666452817,-0.567548218881455,-1.71108968203052,2.07522261852548,-3.03622292928726,-1.8260139775212,-0.640498485316747,-0.643124795264591,-1.5249963936113,1.27390716060975,-2.58357681672808,-1.69244717062168,-0.577169298980558
"season",2023,"pre_buffer",669127,123,1028,9727,0,359.016666666667,TRUE,"2023-03-30","2023-09-30",-11.4189193329978,-6.82566434385208,-1.110789818385,0.36351030353245,-1.41660181394946,-0.938794827858657,-1.20396225364484,-1.00279200525495,-10.5866907505707,-10.6665223657665,-1.02983373060026,0.255392431915889,-1.28698355923603,-0.895931265689838,-11.4189193329978,-6.82566434385208,-1.110789818385,0.36351030353245,-1.41660181394946,-0.938794827858657,-10.5866907505707,-10.6665223657665,-1.02983373060026,0.255392431915889,-1.28698355923603,-0.895931265689838,-7.05883186264669
"season",2023,"pre_buffer",669134,42,325.333333333333,2835,0,359.016666666667,FALSE,"2023-04-01","2023-09-24",-4.46540684955404,-3.1266715874765,-1.37256358080554,0.622503334060646,-1.79886188394659,-1.32651148079354,-1.6725132840058,-1.23042427134188,-2.49333444670886,-2.51660191140304,-0.766393784849034,0.449529911691442,-0.589264764184997,-1.20189979042803,-4.46540684955404,-3.1266715874765,-1.37256358080554,0.622503334060646,-1.79886188394659,-1.32651148079354,-2.49333444670886,-2.51660191140304,-0.766393784849034,0.449529911691442,-0.589264764184997,-1.20189979042803,-3.18828528716303
"season",2023,"pre_buffer",669221,102,866,7456,0,359.016666666667,TRUE,"2023-03-30","2023-09-30",4.54462997065623,8.06548009906896,0.524784061276701,0.357469964791528,0.245553531490557,1.00148189914032,-0.0440443960029469,0.599232571501358,6.03441496712054,5.97322194533578,0.696814661330317,0.266509804581843,0.671529018828198,0.957739214576805,4.54462997065623,8.06548009906896,0.524784061276701,0.357469964791528,0.245553531490557,1.00148189914032,6.03441496712054,5.97322194533578,0.696814661330317,0.266509804581843,0.671529018828198,0.957739214576805,8.15267162878072
"season",2023,"pre_buffer",669224,19,158,1423,0,359.016666666667,FALSE,"2023-09-01","2023-10-01",2.64032775100041,3.31229257566931,1.6710935132914,0.845613878637248,1.09856257348186,2.53084077685383,1.45389959588101,2.1230823953317,1.40477560894806,1.39309673689874,0.889098486675986,0.613644101235984,0.923655281551194,1.04388685508937,2.64032775100041,3.31229257566931,1.6710935132914,0.845613878637248,1.09856257348186,2.53084077685383,1.40477560894806,1.39309673689874,0.889098486675986,0.613644101235984,0.923655281551194,1.04388685508937,3.33853054927464
"season",2023,"pre_buffer",669257,111,958.666666666667,7839,0,359.016666666667,TRUE,"2023-03-30","2023-10-01",6.97886131001281,10.6805705584875,0.727975797289236,0.353518564666488,0.243925735494256,1.55791107508796,0.617090990911755,0.819582998142957,3.7468714175961,3.6825350310925,0.390841942030191,0.248416113641951,0.31513860488197,0.646181108493571,6.97886131001281,10.6805705584875,0.727975797289236,0.353518564666488,0.243925735494256,1.55791107508796,3.7468714175961,3.6825350310925,0.390841942030191,0.248416113641951,0.31513860488197,0.646181108493571,10.8314350814928
"season",2023,"pre_buffer",671056,13,92,841,0,359.016666666667,FALSE,"2023-07-07","2023-09-30",-0.466360940855725,-0.0692264239572393,-0.506914066147527,0.956488042013051,-2.02605821525734,1.65713826740842,-1.34954474680616,-0.301058072741059,-0.220773351787992,-0.22767562261967,-0.239971034552166,0.834677679307359,-1.00105479618342,0.847497977037609,-0.466360940855725,-0.0692264239572393,-0.506914066147527,0.956488042013051,-2.02605821525734,1.65713826740842,-0.220773351787992,-0.22767562261967,-0.239971034552166,0.834677679307359,-1.00105479618342,0.847497977037609,-0.0816334018290392
"season",2023,"pre_buffer",672275,94,765.666666666667,6289,0,359.016666666667,TRUE,"2023-05-19","2023-09-30",21.5943492973342,24.5641221591351,2.82033295132793,0.381627262832096,4.0614107842019,2.85448228389266,2.74608198871089,3.26150671105535,17.1645756920784,17.1129604943846,2.24178176213474,0.286940202988951,3.26229796721909,2.23752993794288,21.5943492973342,24.5641221591351,2.82033295132793,0.381627262832096,4.0614107842019,2.85448228389266,17.1645756920784,17.1129604943846,2.24178176213474,0.286940202988951,3.26229796721909,2.23752993794288,24.8968575683589
"season",2023,"pre_buffer",672386,99,775,6670,0,359.016666666667,TRUE,"2023-03-30","2023-09-30",10.5859628402355,13.7356503880511,1.36593068906265,0.393139193534127,1.58703126131747,1.58716445903634,1.02468351552906,1.44126235995174,8.234864230838,8.18012208286263,1.06256312655974,0.278947932107414,1.14049937435156,1.32057206623713,10.5859628402355,13.7356503880511,1.36593068906265,0.393139193534127,1.58703126131747,1.58716445903634,8.234864230838,8.18012208286263,1.06256312655974,0.278947932107414,1.14049937435156,1.32057206623713,13.8697993406007
"season",2023,"pre_buffer",672515,104,854,7163,0,359.016666666667,TRUE,"2023-03-30","2023-09-30",-5.95384124793293,-2.57135070745273,-0.697171106315332,0.363332808856333,-0.335380912125202,-1.33103770337278,-0.777772723469465,-0.527268367617901,-5.76559326988778,-5.82438157662655,-0.675128017551262,0.266494747257226,-0.452520913671669,-1.1601704693929,-5.95384124793293,-2.57135070745273,-0.697171106315332,0.363332808856333,-0.335380912125202,-1.33103770337278,-5.76559326988778,-5.82438157662655,-0.675128017551262,0.266494747257226,-0.452520913671669,-1.1601704693929,-2.63078701997946
"season",2023,"pre_buffer",673237,60,398.666666666667,3522,0,359.016666666667,TRUE,"2023-04-01","2023-10-01",-4.22080449257719,-2.55765613524489,-1.0587302238906,0.542598886568581,-1.53608147637058,-0.828180007799152,-1.49259306617597,-0.888647492442059,-3.20763193984546,-3.23653776370892,-0.804589951466253,0.380312321904864,-1.24341819929034,-0.545985486162291,-4.22080449257719,-2.55765613524489,-1.0587302238906,0.542598886568581,-1.53608147637058,-0.828180007799152,-3.20763193984546,-3.23653776370892,-0.804589951466253,0.380312321904864,-1.24341819929034,-0.545985486162291,-2.63772923318078
"season",2023,"pre_buffer",680418,2,17,200,0,359.016666666667,FALSE,"2023-09-19","2023-09-23",-0.0195966144327551,0.0748467902993461,-0.115274202545618,3.1338874284239,3.07424213808156,-3.82189962332135,-8.53386536831961,0.447009310666591,-0.0201781665298102,-0.0218196102472127,-0.118695097234178,2.07891360355932,2.58622609622386,-3.25533244480421,-0.0195966144327551,0.0748467902993461,-0.115274202545618,3.1338874284239,3.07424213808156,-3.82189962332135,-0.0201781665298102,-0.0218196102472127,-0.118695097234178,2.07891360355932,2.58622609622386,-3.25533244480421,0.0642236291508609
"season",2023,"pre_buffer",680777,82,658.333333333333,5128,0,359.016666666667,TRUE,"2023-04-02","2023-10-01",-2.98366804045821,-0.562139143127133,-0.453215398550614,0.400104784715321,-0.150645978364217,-1.08283630863677,-1.15862435513366,-0.379506007774283,-2.26011545809046,-2.30220207500466,-0.343308677178298,0.29510720727638,-0.15169171975503,-0.77658224217774,-2.98366804045821,-0.562139143127133,-0.453215398550614,0.400104784715321,-0.150645978364217,-1.08283630863677,-2.26011545809046,-2.30220207500466,-0.343308677178298,0.29510720727638,-0.15169171975503,-0.77658224217774,-0.60420737663135
"season",2023,"pre_buffer",680779,2,2,20,0,359.016666666667,FALSE,"2023-07-07","2023-08-03",0.0844797757010729,0.093924116174283,4.22398878505364,10.1559442482843,14.7160062830335,-6.26802871292617,3.67662401744382,5.83197596304483,0.0816528207982353,0.0814886764264951,4.08264103991177,5.01903012124752,9.2573624556826,-1.09208037585906,0.0844797757010729,0.093924116174283,4.22398878505364,10.1559442482843,14.7160062830335,-6.26802871292617,0.0816528207982353,0.0814886764264951,4.08264103991177,5.01903012124752,9.2573624556826,-1.09208037585906,0.0939119365397677
"season",2023,"pre_buffer",681351,49,425,3963,0,359.016666666667,TRUE,"2023-03-30","2023-10-01",-7.74209429090298,-5.8706982261364,-1.82166924491835,0.542988502855597,-2.87504921316291,-1.02326131211746,-1.93752856886267,-1.05559517905484,-6.80138737822114,-6.83391258548147,-1.60032644193439,0.388064464145394,-2.36128504620309,-1.06494363652677,-7.74209429090298,-5.8706982261364,-1.82166924491835,0.542988502855597,-2.87504921316291,-1.02326131211746,-6.80138737822114,-6.83391258548147,-1.60032644193439,0.388064464145394,-2.36128504620309,-1.06494363652677,-5.96423885815496
"season",2023,"pre_buffer",681807,28,114.666666666667,979,0,359.016666666667,FALSE,"2023-05-10","2023-09-24",-4.16921996405488,-3.70691949789125,-3.63594764307112,0.977348520110683,-5.81793989598679,-3.15845697940807,-3.8767251002112,-3.4233278860653,-3.3801084631323,-3.38814333012899,-2.94776900854561,0.725060668084616,-4.1285943377991,-2.97565811206214,-4.16921996405488,-3.70691949789125,-3.63594764307112,0.977348520110683,-5.81793989598679,-3.15845697940807,-3.3801084631323,-3.38814333012899,-2.94776900854561,0.725060668084616,-4.1285943377991,-2.97565811206214,-3.77479874377641
"season",2023,"pre_buffer",682515,11,85.3333333333333,723,0,359.016666666667,FALSE,"2023-09-12","2023-09-30",0.565842311273786,0.907255219380332,0.663096458523968,1.03803669561138,2.26631632909937,-1.1390944476151,-0.701695598662666,0.852457120330043,0.90886490818478,0.90293108914637,1.06507606427904,0.804986729574935,2.47720694505861,-0.323287382219477,0.565842311273786,0.907255219380332,0.663096458523968,1.03803669561138,2.26631632909937,-1.1390944476151,0.90886490818478,0.90293108914637,1.06507606427904,0.804986729574935,2.47720694505861,-0.323287382219477,0.915548609647485
"season",2023,"pre_buffer",682626,108,874,8053,0,359.016666666667,TRUE,"2023-04-09","2023-10-01",12.4887997621143,16.2915634536524,1.42892445790782,0.385943221885987,1.564681680078,1.53675830481429,0.713566266544823,1.5017086424312,11.7607662342374,11.6946735029562,1.34562542725828,0.270823384345693,1.27945310888612,1.64415039326487,12.4887997621143,16.2915634536524,1.42892445790782,0.385943221885987,1.564681680078,1.53675830481429,11.7607662342374,11.6946735029562,1.34562542725828,0.270823384345693,1.27945310888612,1.64415039326487,16.4390384437659
"season",2023,"pre_buffer",682848,52,410,3651,0,359.016666666667,TRUE,"2023-07-17","2023-09-30",-0.338378904033472,1.38568544935104,-0.0825314400081639,0.569156506953442,-0.946584416534608,0.872319201163398,-0.319059704568292,0.0261623059782096,1.60795431578654,1.57798976072535,0.392183979460131,0.398969932279503,-0.316134050758326,1.29539438279196,-0.338378904033472,1.38568544935104,-0.0825314400081639,0.569156506953442,-0.946584416534608,0.872319201163398,1.60795431578654,1.57798976072535,0.392183979460131,0.398969932279503,-0.316134050758326,1.29539438279196,1.3727335191744
"season",2023,"pre_buffer",686452,10,77,688,0,359.016666666667,FALSE,"2023-09-02","2023-10-01",-0.845105381149705,-0.520220068871277,-1.09753945603858,1.15803174703339,0.52718367925204,-2.08711881528283,-1.33475688233789,-0.380801330156642,-0.917552621495156,-0.923199187883021,-1.19162678116254,0.886706623976885,0.171885890633019,-2.0701273436758,-0.845105381149705,-0.520220068871277,-1.09753945603858,1.15803174703339,0.52718367925204,-2.08711881528283,-0.917552621495156,-0.923199187883021,-1.19162678116254,0.886706623976885,0.171885890633019,-2.0701273436758,-0.523940888261993
"season",2023,"pre_buffer",686676,23,187,1891,0,359.016666666667,FALSE,"2023-08-24","2023-09-29",-1.50391351360105,-0.610951121859036,-0.804231825455109,0.803920211356061,0.414246876172025,-2.20574665927168,-2.09456793555899,-0.622879121404491,-0.669105593197639,-0.68462544354568,-0.357810477645796,0.614197496113896,0.651494391311585,-1.52614763293566,-1.50391351360105,-0.610951121859036,-0.804231825455109,0.803920211356061,0.414246876172025,-2.20574665927168,-0.669105593197639,-0.68462544354568,-0.357810477645796,0.614197496113896,0.651494391311585,-1.52614763293566,-0.63744387100417
"season",2023,"pre_buffer",691016,15,123.666666666667,1149,0,359.016666666667,FALSE,"2023-07-15","2023-10-01",-3.29623281381792,-2.753655453632,-2.66541736966409,1.05015696564188,-2.69662303739728,-3.10197743052934,-2.88795664826605,-2.10153652056787,-2.17949503380106,-2.18892512795754,-1.76239490603859,0.753247656856554,-1.50534669752812,-2.4271739072438,-3.29623281381792,-2.753655453632,-2.66541736966409,1.05015696564188,-2.69662303739728,-3.10197743052934,-2.17949503380106,-2.18892512795754,-1.76239490603859,0.753247656856554,-1.50534669752812,-2.4271739072438,-2.81227894832437
"season",2024,"pre_buffer",455117,48,388.333333333333,3577,0,359.261111111111,TRUE,"2024-03-28","2024-07-13",-2.32928950088401,-0.648501753781964,-0.59981703885425,0.592376099223173,-1.18610015317316,-0.155733568888622,-0.908275322887017,-0.466898573147613,-3.9680583364598,-3.97904256139146,-1.02181759737162,0.414050183027727,-1.24329067821496,-0.98524414105012,-2.32928950088401,-0.648501753781964,-0.59981703885425,0.592376099223173,-1.18610015317316,-0.155733568888622,-3.9680583364598,-3.97904256139146,-1.02181759737162,0.414050183027727,-1.24329067821496,-0.98524414105012,-0.636580844006255
"season",2024,"pre_buffer",518595,89,706.666666666667,5814,0,359.261111111111,TRUE,"2024-03-29","2024-09-30",-2.09622040732209,0.63570577709258,-0.296634963300296,0.395655512685097,-0.0681785950477367,-0.64225156219213,-0.398977940506487,-0.178776102309019,-2.33842295700166,-2.35627654485535,-0.330908909009668,0.288183055070578,-0.152231213827602,-0.643062243820165,-2.09622040732209,0.63570577709258,-0.296634963300296,0.395655512685097,-0.0681785950477367,-0.64225156219213,-2.33842295700166,-2.35627654485535,-0.330908909009668,0.288183055070578,-0.152231213827602,-0.643062243820165,0.669021813957612
"season",2024,"pre_buffer",518735,71,560.333333333333,4670,0,359.261111111111,TRUE,"2024-05-04","2024-09-28",10.0064962439987,12.2008710773693,1.78581134634123,0.465420112859397,1.99770063033703,2.30581450673593,1.64364241915131,2.07326936825902,6.92834624549037,6.91400564430759,1.23646869342481,0.337298657932852,1.21800819945968,1.78227023495271,10.0064962439987,12.2008710773693,1.78581134634123,0.465420112859397,1.99770063033703,2.30581450673593,6.92834624549037,6.91400564430759,1.23646869342481,0.337298657932852,1.21800819945968,1.78227023495271,12.2335504058324
"season",2024,"pre_buffer",521692,91,765,6715,0,359.261111111111,TRUE,"2024-03-28","2024-09-27",1.66321743502173,4.81851229713809,0.217414043793691,0.402784901888463,0.475039102589052,0.00687898640881589,0.0209596199643922,0.291071974801485,0.299717448525518,0.279097076589241,0.0391787514412442,0.285563482813537,0.276804262406023,-0.201277054224129,1.66321743502173,4.81851229713809,0.217414043793691,0.402784901888463,0.475039102589052,0.00687898640881589,0.299717448525518,0.279097076589241,0.0391787514412442,0.285563482813537,0.276804262406023,-0.201277054224129,4.83897267126503
"season",2024,"pre_buffer",542194,60,384,3446,0,359.261111111111,TRUE,"2024-03-28","2024-09-29",-7.53360447241779,-5.91437199366083,-1.96187616469213,0.563454674921708,-2.57855484914025,-1.79609215370073,-2.09169966090853,-1.73845683672482,-3.99408377094119,-4.00466572204952,-1.04012598201594,0.408635364698517,-2.22512952217584,-0.0991384559277159,-7.53360447241779,-5.91437199366083,-1.96187616469213,0.563454674921708,-2.57855484914025,-1.79609215370073,-3.99408377094119,-4.00466572204952,-1.04012598201594,0.408635364698517,-2.22512952217584,-0.0991384559277159,-5.92420229915772
"season",2024,"pre_buffer",542963,3,25.6666666666667,199,0,359.261111111111,FALSE,"2024-08-20","2024-08-23",-0.0700885336302882,0.0234190877488861,-0.273072208949175,1.65284154370976,-0.195814175007357,-0.610767679058345,-0.56865854516973,0.795532709844436,-0.210647971704764,-0.211259059421118,-0.820706383265315,1.46435537347322,-0.0443157270079504,-2.73537095407704,-0.0700885336302882,0.0234190877488861,-0.273072208949175,1.65284154370976,-0.195814175007357,-0.610767679058345,-0.210647971704764,-0.211259059421118,-0.820706383265315,1.46435537347322,-0.0443157270079504,-2.73537095407704,0.0255952415300797
"season",2024,"pre_buffer",543228,34,244,2047,0,359.261111111111,FALSE,"2024-03-28","2024-06-18",-8.03014430850269,-7.06828450466767,-3.29104274938635,0.679309282312127,-4.42435023829105,-3.50537026579411,-3.69931244078103,-3.15890144435201,-7.66468415012389,-7.67097006246247,-3.14126399595241,0.500984193395781,-4.16903481225763,-3.39076255570662,-8.03014430850269,-7.06828450466767,-3.29104274938635,0.679309282312127,-4.42435023829105,-3.50537026579411,-7.66468415012389,-7.67097006246247,-3.14126399595241,0.500984193395781,-4.16903481225763,-3.39076255570662,-7.0566426000216
"season",2024,"pre_buffer",543309,83,665.666666666667,5605,0,359.261111111111,TRUE,"2024-03-30","2024-09-28",1.98656071882522,4.62028040641452,0.298431755456968,0.421412119067511,0.323572136986013,0.385624125152004,0.215947623215432,0.7360053909875,1.05225905015835,1.03504725794646,0.158075971480973,0.30308670536276,-0.0630253199843294,0.441286114773658,1.98656071882522,4.62028040641452,0.298431755456968,0.421412119067511,0.323572136986013,0.385624125152004,1.05225905015835,1.03504725794646,0.158075971480973,0.30308670536276,-0.0630253199843294,0.441286114773658,4.64380570389259
"season",2024,"pre_buffer",543510,65,559.333333333333,4637,0,359.261111111111,TRUE,"2024-03-30","2024-09-29",-3.66592955439163,-1.48706100999348,-0.655410528198742,0.437423100970422,-1.03606649180016,-0.55188496560462,-0.932960614281793,-0.554568485681502,-2.62960862892495,-2.64384789395376,-0.470132651178477,0.329116391227959,-0.572704714704215,-0.561635751216976,-3.66592955439163,-1.48706100999348,-0.655410528198742,0.437423100970422,-1.03606649180016,-0.55188496560462,-2.62960862892495,-2.64384789395376,-0.470132651178477,0.329116391227959,-0.572704714704215,-0.561635751216976,-1.49643035124755
"season",2024,"pre_buffer",543877,86,719,6019,0,359.261111111111,TRUE,"2024-03-30","2024-09-29",16.6128732988374,19.4411264298989,2.310552614581,0.420402966806735,3.04823650655787,2.46659256486289,1.89114727247793,2.3845022773888,12.5942956853089,12.5758125849836,1.75164056819317,0.286564531292081,1.67971321525964,2.51274535565573,16.6128732988374,19.4411264298989,2.310552614581,0.420402966806735,3.04823650655787,2.46659256486289,12.5942956853089,12.5758125849836,1.75164056819317,0.286564531292081,1.67971321525964,2.51274535565573,19.4566946855181
"season",2024,"pre_buffer",553869,79,604.333333333333,5335,0,359.261111111111,TRUE,"2024-03-28","2024-09-29",1.38854667681464,3.89539672735682,0.22976503201566,0.443667379599936,-0.38813648582168,0.992252512052742,0.139085326822879,0.3665056150164,-1.16319388945319,-1.17957656767806,-0.192475547068922,0.330907435081913,-0.774788482497161,0.410487920004502,1.38854667681464,3.89539672735682,0.22976503201566,0.443667379599936,-0.38813648582168,0.992252512052742,-1.16319388945319,-1.17957656767806,-0.192475547068922,0.330907435081913,-0.774788482497161,0.410487920004502,3.94243504945549
"season",2024,"pre_buffer",553882,28,186,1751,0,359.261111111111,FALSE,"2024-03-31","2024-05-30",-4.33171666569187,-3.50894357506406,-2.32887992779133,0.858712008261512,-2.13134179062338,-2.71588096246581,-2.56829091320222,-2.10207367762377,-3.96168115946573,-3.96705811721114,-2.12993610723964,0.614424485950166,-1.93953529848656,-2.49075835093857,-4.33171666569187,-3.50894357506406,-2.32887992779133,0.858712008261512,-2.13134179062338,-2.71588096246581,-3.96168115946573,-3.96705811721114,-2.12993610723964,0.614424485950166,-1.93953529848656,-2.49075835093857,-3.48988227441286
"season",2024,"pre_buffer",571466,31,248,2019,0,359.261111111111,FALSE,"2024-03-31","2024-06-30",-3.74405235752003,-2.79534940493434,-1.50969853125808,0.662857407234166,-0.996424947846889,-2.65568777142654,-1.63341328667816,-1.19017778762639,-4.87459699858111,-4.88079692872844,-1.96556330587948,0.493406065594689,-2.65411091780385,-2.19045867214785,-3.74405235752003,-2.79534940493434,-1.50969853125808,0.662857407234166,-0.996424947846889,-2.65568777142654,-4.87459699858111,-4.88079692872844,-1.96556330587948,0.493406065594689,-2.65411091780385,-2.19045867214785,-2.7679811978721
"season",2024,"pre_buffer",571912,49,378,3194,0,359.261111111111,TRUE,"2024-03-30","2024-09-29",-6.36828763065976,-4.86746681314678,-1.68473217742322,0.552998580885006,-3.44660188256471,-0.553734811335328,-1.82752449947072,-1.46138741785824,-7.03530239667495,-7.04511050806206,-1.86119111023147,0.399147789906677,-3.23256849906257,-1.18174469025278,-6.36828763065976,-4.86746681314678,-1.68473217742322,0.552998580885006,-3.44660188256471,-0.553734811335328,-7.03530239667495,-7.04511050806206,-1.86119111023147,0.399147789906677,-3.23256849906257,-1.18174469025278,-4.81817937511213
"season",2024,"pre_buffer",575929,51,431.666666666667,3589,0,359.261111111111,TRUE,"2024-03-28","2024-08-23",-3.94441442617061,-2.25798802853314,-0.913763959730643,0.535836652225262,-1.18638572791698,-1.00681874548661,-1.2098602672594,-0.78892830731535,-4.04985401120881,-4.060875085651,-0.938190118426752,0.370625891228484,-1.73183486549092,-0.49145610200976,-3.94441442617061,-2.25798802853314,-0.913763959730643,0.535836652225262,-1.18638572791698,-1.00681874548661,-4.04985401120881,-4.060875085651,-0.938190118426752,0.370625891228484,-1.73183486549092,-0.49145610200976,-2.24372455343944
"season",2024,"pre_buffer",592200,41,321,2948,0,359.261111111111,FALSE,"2024-05-15","2024-09-29",-2.41663261727343,-1.03140413573672,-0.752845052110103,0.626379063745317,-1.36001917928376,-0.270618410983425,-0.914738738601702,-0.55500767767209,-1.18864201053586,-1.19769470695703,-0.370293461226125,0.45897589743198,-0.861680908750861,0.0628015183775098,-2.41663261727343,-1.03140413573672,-0.752845052110103,0.626379063745317,-1.36001917928376,-0.270618410983425,-1.18864201053586,-1.19769470695703,-0.370293461226125,0.45897589743198,-0.861680908750861,0.0628015183775098,-1.0331281940341
"season",2024,"pre_buffer",592663,99,871,7210,0,359.261111111111,TRUE,"2024-03-29","2024-09-28",-7.85117471194265,-4.4632855152399,-0.901397785527284,0.385756939924954,-0.59095531192322,-1.57086440389272,-0.983080771097548,-0.724926412672523,-6.41371794616198,-6.43585836040778,-0.736362565575428,0.265252566345805,-0.653346973231101,-1.1181630947283,-7.85117471194265,-4.4632855152399,-0.901397785527284,0.385756939924954,-0.59095531192322,-1.57086440389272,-6.41371794616198,-6.43585836040778,-0.736362565575428,0.265252566345805,-0.653346973231101,-1.1181630947283,-4.42886875368026
"season",2024,"pre_buffer",595284,3,17,187,0,359.261111111111,FALSE,"2024-08-23","2024-08-28",-1.09378889040881,-1.00591991956507,-6.43405229652244,3.41193215310929,-5.55217388299423,-10.179871740402,-7.23822957550859,-5.39536901632456,-1.05885577641182,-1.05943001461764,-6.22856339065778,2.30531055583758,-5.43738091931024,-8.94284296104425,-1.09378889040881,-1.00591991956507,-6.43405229652244,3.41193215310929,-5.55217388299423,-10.179871740402,-1.05885577641182,-1.05943001461764,-6.22856339065778,2.30531055583758,-5.43738091931024,-8.94284296104425,-1.00350877149644
"season",2024,"pre_buffer",595978,65,396.666666666667,3432,0,359.261111111111,TRUE,"2024-03-28","2024-09-22",11.7129974513795,13.3256515045118,2.95285650034777,0.577616949410607,4.30795084694852,2.67309727837596,2.69784940715186,3.05665769915989,9.06474877760994,9.05420981759724,2.28523078427141,0.401741359724521,3.10328740860564,2.25936318895443,11.7129974513795,13.3256515045118,2.95285650034777,0.577616949410607,4.30795084694852,2.67309727837596,9.06474877760994,9.05420981759724,2.28523078427141,0.401741359724521,3.10328740860564,2.25936318895443,13.3485076574945
"season",2024,"pre_buffer",596117,52,424.333333333333,3527,0,359.261111111111,TRUE,"2024-04-02","2024-09-29",-0.438602086533054,1.21869128333804,-0.103362628405276,0.48962692335402,0.428033602622181,-0.62966270735691,-0.578379865894601,0.00503053646713155,-0.751809881233631,-0.762640566538061,-0.177174363212953,0.374373989508837,-0.080485403091603,-0.33452333171785,-0.438602086533054,1.21869128333804,-0.103362628405276,0.48962692335402,0.428033602622181,-0.62966270735691,-0.751809881233631,-0.762640566538061,-0.177174363212953,0.374373989508837,-0.080485403091603,-0.33452333171785,1.23427405163142
"season",2024,"pre_buffer",596142,28,234.666666666667,2035,0,359.261111111111,FALSE,"2024-04-06","2024-09-22",-1.39102434291121,-0.434803189611612,-0.592766055217844,0.753857088077777,-1.58287602908038,0.387122223091168,-0.801586222211499,-0.397114843307427,-0.257597873433877,-0.263846936261922,-0.109771821065573,0.522890206874737,-0.584710993329384,0.418829370493457,-1.39102434291121,-0.434803189611612,-0.592766055217844,0.753857088077777,-1.58287602908038,0.387122223091168,-0.257597873433877,-0.263846936261922,-0.109771821065573,0.522890206874737,-0.584710993329384,0.418829370493457,-0.417145512066793
"season",2024,"pre_buffer",605131,45,366.333333333333,3028,0,359.261111111111,TRUE,"2024-03-31","2024-09-29",1.20496822339774,2.62778770850396,0.328926721582639,0.568295310251361,0.926010432119251,-0.1266501110403,0.210011361684861,0.592460991716043,1.29209179326174,1.28279343343701,0.35270931572204,0.396400053322341,0.789922438895534,0.0658978492221054,1.20496822339774,2.62778770850396,0.328926721582639,0.568295310251361,0.926010432119251,-0.1266501110403,1.29209179326174,1.28279343343701,0.35270931572204,0.396400053322341,0.789922438895534,0.0658978492221054,2.64466774599599
"season",2024,"pre_buffer",605170,58,479.666666666667,4090,0,359.261111111111,TRUE,"2024-03-30","2024-09-28",1.80105887749531,3.72289893498688,0.375481350415978,0.492036863663791,0.99766721815954,-0.142602939307799,0.258402940383868,0.608709362774322,1.96085615551034,1.94829661400336,0.408795584887492,0.35876889547597,0.851982397070917,0.0897253442896695,1.80105887749531,3.72289893498688,0.375481350415978,0.492036863663791,0.99766721815954,-0.142602939307799,1.96085615551034,1.94829661400336,0.408795584887492,0.35876889547597,0.851982397070917,0.0897253442896695,3.73862047896252
"season",2024,"pre_buffer",605244,3,18,126,0,359.261111111111,FALSE,"2024-09-08","2024-09-13",0.0131767647925519,0.0723825954145416,0.0732042488475105,2.47599401439128,2.07581091459774,-1.99591712551314,-0.37058337383949,1.02494484861893,-0.0837785507353395,-0.0841654705959457,-0.465436392974108,1.72904606647044,2.29257309203934,-3.81632461832617,0.0131767647925519,0.0723825954145416,0.0732042488475105,2.47599401439128,2.07581091459774,-1.99591712551314,-0.0837785507353395,-0.0841654705959457,-0.465436392974108,1.72904606647044,2.29257309203934,-3.81632461832617,0.0749084417202264
"season",2024,"pre_buffer",606992,23,151.333333333333,1399,0,359.261111111111,FALSE,"2024-07-01","2024-09-29",0.564797477908752,1.22217015283069,0.373214192450717,0.961583375728167,0.423434257448432,0.390276747518619,0.180849256140411,0.920877771241825,0.011703554081422,0.0074075153116749,0.00773362604499249,0.671452293020535,-0.212697539791911,0.159018099932013,0.564797477908752,1.22217015283069,0.373214192450717,0.961583375728167,0.423434257448432,0.390276747518619,0.011703554081422,0.0074075153116749,0.00773362604499249,0.671452293020535,-0.212697539791911,0.159018099932013,1.2274161902003
"season",2024,"pre_buffer",607732,76,603.666666666667,5423,0,359.261111111111,TRUE,"2024-03-28","2024-09-27",-7.13763214215803,-4.58943198768937,-1.18237970328405,0.450675368989941,-1.56995171535031,-1.07668432818662,-1.54538057507569,-1.09142769032381,-6.97214136629827,-6.98879427426706,-1.15496543892296,0.329035604568242,-1.28460622228442,-1.28665705484709,-7.13763214215803,-4.58943198768937,-1.18237970328405,0.450675368989941,-1.56995171535031,-1.07668432818662,-6.97214136629827,-6.98879427426706,-1.15496543892296,0.329035604568242,-1.28460622228442,-1.28665705484709,-4.55849945581792
"season",2024,"pre_buffer",608348,84,672.666666666667,5803,0,359.261111111111,TRUE,"2024-03-30","2024-09-28",7.02378130668128,9.75053872810514,1.04416966898136,0.399649380612711,1.11889136626199,1.30450490061966,0.319862929923256,1.12497916715241,4.7816468335221,4.7638270243864,0.710849380602889,0.292684727620062,1.03001542574309,0.611997005440624,7.02378130668128,9.75053872810514,1.04416966898136,0.399649380612711,1.11889136626199,1.30450490061966,4.7816468335221,4.7638270243864,0.710849380602889,0.292684727620062,1.03001542574309,0.611997005440624,9.76163623770881
"season",2024,"pre_buffer",608596,12,84.6666666666667,778,0,359.261111111111,FALSE,"2024-03-30","2024-05-04",-1.83678461037929,-1.47121210066574,-2.16943064218027,1.15682708539352,-3.5045366460928,-0.872155284314968,-2.67413113951307,-1.93953821661847,-1.63654153857627,-1.63893061517589,-1.93292307705859,0.862808601183154,-2.52858148647253,-1.55019433292413,-1.83678461037929,-1.47121210066574,-2.16943064218027,1.15682708539352,-3.5045366460928,-0.872155284314968,-1.63654153857627,-1.63893061517589,-1.93292307705859,0.862808601183154,-2.52858148647253,-1.55019433292413,-1.4684633595369
"season",2024,"pre_buffer",620443,44,299,2624,0,359.261111111111,FALSE,"2024-06-02","2024-09-30",-0.182094274170009,1.05089064291016,-0.0609010950401368,0.632998655986103,-0.140695823742524,-0.00781829012720125,-0.189680635074506,0.490477077760705,0.568363496679472,0.560305737042719,0.190088125979756,0.456121360695554,0.652592408787285,-0.159935278697349,-0.182094274170009,1.05089064291016,-0.0609010950401368,0.632998655986103,-0.140695823742524,-0.00781829012720125,0.568363496679472,0.560305737042719,0.190088125979756,0.456121360695554,0.652592408787285,-0.159935278697349,1.07538440830325
"season",2024,"pre_buffer",621512,48,359,2963,0,359.261111111111,FALSE,"2024-04-20","2024-07-24",-0.520146254934119,0.872130539771877,-0.144887536193348,0.548668405521176,0.387644126688524,-0.756108993470637,-0.287664556148952,0.0620425534808301,-0.791827752452418,-0.800926510761753,-0.220564833552205,0.415570356977738,-0.325295797238486,-0.207390591779119,-0.520146254934119,0.872130539771877,-0.144887536193348,0.548668405521176,0.387644126688524,-0.756108993470637,-0.791827752452418,-0.800926510761753,-0.220564833552205,0.415570356977738,-0.325295797238486,-0.207390591779119,0.886265771292372
"season",2024,"pre_buffer",621529,1,1,10,0,359.261111111111,FALSE,"2024-06-21","2024-06-21",0.00506186903185938,0.00976074447804904,0.506186903185938,12.1813845958574,0.506186903185938,,-0.345016715255084,1.94326205458344,-0.0477300392840698,-0.0477607472095147,-4.77300392840698,9.43189425624508,-4.77300392840698,,0.00506186903185938,0.00976074447804904,0.506186903185938,12.1813845958574,0.506186903185938,,-0.0477300392840698,-0.0477607472095147,-4.77300392840698,9.43189425624508,-4.77300392840698,,0.0102860453110607
"season",2024,"pre_buffer",623168,6,38,270,0,359.261111111111,FALSE,"2024-06-24","2024-09-29",1.71146421829333,1.83833385534045,4.50385320603509,1.52116493132249,5.38378792589676,6.72671229204889,4.27457320607262,5.39828796945504,1.18574790402296,1.18491879003595,3.12038922111305,1.10810685978145,6.53578427127354,3.52060797324804,1.71146421829333,1.83833385534045,4.50385320603509,1.52116493132249,5.38378792589676,6.72671229204889,1.18574790402296,1.18491879003595,3.12038922111305,1.10810685978145,6.53578427127354,3.52060797324804,1.83865325393092
"season",2024,"pre_buffer",624431,71,544.333333333333,5058,0,359.261111111111,TRUE,"2024-03-28","2024-09-29",14.3867799276812,16.763471128364,2.64300917226232,0.464253587335275,2.50450192735502,3.14544494716096,1.52765294924842,2.72129204780786,13.3516836312056,13.3361515625155,2.45285063647378,0.342658250545018,2.1227819893284,3.097671000955,14.3867799276812,16.763471128364,2.64300917226232,0.464253587335275,2.50450192735502,3.14544494716096,13.3516836312056,13.3361515625155,2.45285063647378,0.342658250545018,2.1227819893284,3.097671000955,16.7771453568413
"season",2024,"pre_buffer",624512,48,361.333333333333,2968,0,359.261111111111,TRUE,"2024-03-29","2024-07-24",3.78341370402668,5.17803993645578,1.04707021329152,0.561855391600228,2.04575345795475,0.607423753879946,0.909030484441378,1.28956804662528,2.98986173096696,2.9807476186949,0.827452508570191,0.411707885861484,1.01059982920165,1.00456679205297,3.78341370402668,5.17803993645578,1.04707021329152,0.561855391600228,2.04575345795475,0.607423753879946,2.98986173096696,2.9807476186949,0.827452508570191,0.411707885861484,1.01059982920165,1.00456679205297,5.17509583945963
"season",2024,"pre_buffer",640902,18,99,926,0,359.261111111111,FALSE,"2024-04-17","2024-09-28",-1.5372392143486,-1.10212334803144,-1.5527668831804,1.23367073503714,-1.81687013454777,-1.47686420892099,-2.14984387426205,-1.25653177392871,-1.17393280049507,-1.17677635439127,-1.18579070757078,0.834343468321394,-1.98229944478367,-0.432705802220193,-1.5372392143486,-1.10212334803144,-1.5527668831804,1.23367073503714,-1.81687013454777,-1.47686420892099,-1.17393280049507,-1.17677635439127,-1.18579070757078,0.834343468321394,-1.98229944478367,-0.432705802220193,-1.10393018013882
"season",2024,"pre_buffer",641511,6,46,311,0,359.261111111111,FALSE,"2024-03-31","2024-06-26",-0.340029929133898,-0.193894902757399,-0.739195498117169,1.33397712623384,-1.11088119184499,-1.08058051667891,-1.10586510034926,-0.256013509125378,-0.628736792410738,-0.629691808892076,-1.36681911393639,1.10311060055946,-1.80119437509519,-2.18211294040705,-0.340029929133898,-0.193894902757399,-0.739195498117169,1.33397712623384,-1.11088119184499,-1.08058051667891,-0.628736792410738,-0.629691808892076,-1.36681911393639,1.10311060055946,-1.80119437509519,-2.18211294040705,-0.187569603364438
"season",2024,"pre_buffer",641598,25,190,1507,0,359.261111111111,FALSE,"2024-05-29","2024-09-29",-3.84181169058437,-3.13369116084359,-2.02200615293914,0.726490308136046,-2.35489844294169,-2.80702766681708,-2.42956379584921,-1.88612399865844,-2.93966527742125,-2.9442929617858,-1.54719225127434,0.53049133186639,-1.81884816464953,-2.12542392590633,-3.84181169058437,-3.13369116084359,-2.02200615293914,0.726490308136046,-2.35489844294169,-2.80702766681708,-2.93966527742125,-2.9442929617858,-1.54719225127434,0.53049133186639,-1.81884816464953,-2.12542392590633,-3.14444939201421
"season",2024,"pre_buffer",641680,119,977.333333333333,8421,0,359.261111111111,TRUE,"2024-03-28","2024-09-29",2.83852126779748,6.79544428103379,0.290435327537259,0.342926614891534,0.305155208779895,0.370638583849804,0.00254623780970682,0.375007458314096,2.98891171590546,2.96305257188827,0.305823163291827,0.247947579541258,0.301476918031687,0.41114186057995,2.83852126779748,6.79544428103379,0.290435327537259,0.342926614891534,0.305155208779895,0.370638583849804,2.98891171590546,2.96305257188827,0.305823163291827,0.247947579541258,0.301476918031687,0.41114186057995,6.85435300835388
"season",2024,"pre_buffer",642020,26,193,1830,0,359.261111111111,FALSE,"2024-07-20","2024-09-28",3.08965790906303,3.94955211571574,1.60085902023991,0.817735569644774,2.09452335651642,1.31454451773151,1.23539733000042,1.77943988988147,1.09094276128588,1.08532321092946,0.565255316728437,0.573861797132806,1.01055829016863,0.214777692348369,3.08965790906303,3.94955211571574,1.60085902023991,0.817735569644774,2.09452335651642,1.31454451773151,1.09094276128588,1.08532321092946,0.565255316728437,0.573861797132806,1.01055829016863,0.214777692348369,3.98086869513161
"season",2024,"pre_buffer",642136,46,366.666666666667,2901,0,359.261111111111,TRUE,"2024-04-01","2024-09-29",-3.65232405733174,-2.28918029039212,-0.996088379272293,0.515837606238079,-0.139532531162153,-2.4658507148515,-1.11316510425076,-0.735346914103096,-5.18433070186572,-5.1932390710373,-1.41390837323611,0.389936499821002,-0.786045914518423,-2.86628338145809,-3.65232405733174,-2.28918029039212,-0.996088379272293,0.515837606238079,-0.139532531162153,-2.4658507148515,-5.18433070186572,-5.1932390710373,-1.41390837323611,0.389936499821002,-0.786045914518423,-2.86628338145809,-2.24295933104073
"season",2024,"pre_buffer",642851,6,49,428,0,359.261111111111,FALSE,"2024-06-29","2024-07-28",0.403475097764908,0.604586966861825,0.823418566867159,1.81315397536665,2.73883677342359,-0.921863423054455,0.328591431986695,1.18136300759522,-0.411704933917245,-0.413019233126288,-0.84021415085152,1.1215063391732,-0.41368973815669,-1.53105033809089,0.403475097764908,0.604586966861825,0.823418566867159,1.81315397536665,2.73883677342359,-0.921863423054455,-0.411704933917245,-0.413019233126288,-0.84021415085152,1.1215063391732,-0.41368973815669,-1.53105033809089,0.61034872903672
"season",2024,"pre_buffer",643376,81,654.333333333333,5609,0,359.261111111111,TRUE,"2024-04-16","2024-09-28",-7.23692010740582,-4.60132086963804,-1.10599899756584,0.397859000461109,-0.775692570109539,-1.77502099173745,-1.20000520439843,-0.660749283613464,-4.55980027986467,-4.57702435524673,-0.696861988771982,0.307785847917538,-0.429109979183137,-1.17458172662997,-7.23692010740582,-4.60132086963804,-1.10599899756584,0.397859000461109,-0.775692570109539,-1.77502099173745,-4.55980027986467,-4.57702435524673,-0.696861988771982,0.307785847917538,-0.429109979183137,-1.17458172662997,-4.54549684170766
"season",2024,"pre_buffer",644433,19,142.666666666667,1157,0,359.261111111111,FALSE,"2024-03-31","2024-05-25",0.929064673141758,1.4727245622659,0.651213555940485,0.889594965128164,2.28082894571974,-0.641999117623819,0.379743676284832,0.896888345034535,0.516405458044395,0.512852551070415,0.361966442554482,0.66532640589522,1.45505330510189,-0.539974414485272,0.929064673141758,1.4727245622659,0.651213555940485,0.889594965128164,2.28082894571974,-0.641999117623819,0.516405458044395,0.512852551070415,0.361966442554482,0.66532640589522,1.45505330510189,-0.539974414485272,1.47428593655634
"season",2024,"pre_buffer",645305,30,244,2191,0,359.261111111111,FALSE,"2024-06-23","2024-08-31",-0.360898552254252,0.668625058005902,-0.147909242727153,0.681118315285272,0.0113197019340451,-0.33931667914936,-0.365807081383595,0.195905264636749,-0.581814494638065,-0.588542601103051,-0.238448563376256,0.507335612797414,-0.212597200529571,-0.318064498963911,-0.360898552254252,0.668625058005902,-0.147909242727153,0.681118315285272,0.0113197019340451,-0.33931667914936,-0.581814494638065,-0.588542601103051,-0.238448563376256,0.507335612797414,-0.212597200529571,-0.318064498963911,0.676798765903992
"season",2024,"pre_buffer",645444,40,283.666666666667,2545,0,359.261111111111,FALSE,"2024-06-22","2024-09-23",2.59874470979516,3.79460851085043,0.91612621966927,0.669628680352976,-0.0940859908248657,2.24187578402653,0.792123621903139,1.63864482908773,1.74262505295707,1.73480988593133,0.614321405272761,0.4806897536046,-0.290973257121665,1.75277323862459,2.59874470979516,3.79460851085043,0.91612621966927,0.669628680352976,-0.0940859908248657,2.24187578402653,1.74262505295707,1.73480988593133,0.614321405272761,0.4806897536046,-0.290973257121665,1.75277323862459,3.79462539274531
"season",2024,"pre_buffer",650907,19,135,1081,0,359.261111111111,FALSE,"2024-03-28","2024-04-29",-2.9743537926339,-2.4664053569008,-2.20322503158067,1.00525344473499,-4.95520143716973,-0.535500210923767,-2.45946102319056,-2.01189376088735,-1.66492115851676,-1.66824068525736,-1.23327493223464,0.66418198753995,-2.85204183308216,-0.220991623351088,-2.9743537926339,-2.4664053569008,-2.20322503158067,1.00525344473499,-4.95520143716973,-0.535500210923767,-1.66492115851676,-1.66824068525736,-1.23327493223464,0.66418198753995,-2.85204183308216,-0.220991623351088,-2.46488738689681
"season",2024,"pre_buffer",656180,40,314.333333333333,2750,0,359.261111111111,FALSE,"2024-04-01","2024-08-20",-2.65736033093251,-1.36516958323035,-0.845395651410131,0.614157091577432,-0.428867744330178,-1.49139400890568,-0.972607725124512,-0.430481478948669,-2.79622697949665,-2.80467165899401,-0.889573800476136,0.449437371945803,-0.262379687995072,-1.75388424407718,-2.65736033093251,-1.36516958323035,-0.845395651410131,0.614157091577432,-0.428867744330178,-1.49139400890568,-2.79622697949665,-2.80467165899401,-0.889573800476136,0.449437371945803,-0.262379687995072,-1.75388424407718,-1.33371039362507
"season",2024,"pre_buffer",656577,58,407,3399,0,359.261111111111,TRUE,"2024-05-03","2024-08-30",6.00659575454098,7.60374351870085,1.47582205271277,0.516472774994241,1.57556151930698,1.95686254414103,1.12099211665377,1.56633438077609,3.87315726368366,3.86271963982492,0.951635691322767,0.378930109610349,1.00602396201822,1.27164563460823,6.00659575454098,7.60374351870085,1.47582205271277,0.516472774994241,1.57556151930698,1.95686254414103,3.87315726368366,3.86271963982492,0.951635691322767,0.378930109610349,1.00602396201822,1.27164563460823,7.62568171131421
"season",2024,"pre_buffer",656883,6,38,311,0,359.261111111111,FALSE,"2024-05-05","2024-08-08",0.305647674796057,0.451782701172555,0.804335986305413,1.53978766314185,3.64298865906533,-0.432488179226596,0.34934165969152,1.38701746151701,0.143361539198555,0.142406522717217,0.37726720841725,1.23775958050252,3.5029985929522,-1.15744979724277,0.305647674796057,0.451782701172555,0.804335986305413,1.53978766314185,3.64298865906533,-0.432488179226596,0.143361539198555,0.142406522717217,0.37726720841725,1.23775958050252,3.5029985929522,-1.15744979724277,0.455938634319207
"season",2024,"pre_buffer",657136,106,878.333333333333,7215,0,359.261111111111,TRUE,"2024-03-28","2024-09-29",-11.6270795365423,-8.23684090211642,-1.32376617114333,0.359205616935165,-1.23662894626946,-1.98401819446181,-1.38844141528941,-1.01947636418622,-9.15946425487852,-9.18162002308705,-1.04282325482488,0.263138934994569,-0.881220069502362,-1.6553182881868,-11.6270795365423,-8.23684090211642,-1.32376617114333,0.359205616935165,-1.23662894626946,-1.98401819446181,-9.15946425487852,-9.18162002308705,-1.04282325482488,0.263138934994569,-0.881220069502362,-1.6553182881868,-8.18568791088044
"season",2024,"pre_buffer",660688,116,971.333333333333,8087,0,359.261111111111,TRUE,"2024-03-28","2024-09-28",-7.76577354255513,-3.96579296922155,-0.79949624665976,0.335582824645697,-0.184949900089067,-1.71461169577944,-0.876887711609262,-0.62099208805743,-4.81259315348774,-4.83742665279506,-0.495462575856665,0.248798553600902,-0.0265868894597285,-1.1482226490174,-7.76577354255513,-3.96579296922155,-0.79949624665976,0.335582824645697,-0.184949900089067,-1.71461169577944,-4.81259315348774,-4.83742665279506,-0.495462575856665,0.248798553600902,-0.0265868894597285,-1.1482226490174,-3.92715374630002
"season",2024,"pre_buffer",661388,120,1060,8884,0,359.261111111111,TRUE,"2024-03-29","2024-09-28",0.311683937775754,4.48616488417065,0.0294041450731844,0.33844667057398,0.606774267918966,-0.523376746414887,-0.0318889038776529,0.147903124357696,3.11923103953879,3.0919501185735,0.294267079201772,0.244050110359771,0.37470412095126,0.328055173244938,0.311683937775754,4.48616488417065,0.0294041450731844,0.33844667057398,0.606774267918966,-0.523376746414887,3.11923103953879,3.0919501185735,0.294267079201772,0.244050110359771,0.37470412095126,0.328055173244938,4.49194311591708
"season",2024,"pre_buffer",661531,27,182,1523,0,359.261111111111,FALSE,"2024-03-30","2024-09-15",-0.280054957302501,0.435583773152184,-0.153876350166209,0.805367042134436,0.517439515328553,-0.775678328676153,-0.746538327930472,-0.00652546793993054,-0.749692065655382,-0.754368882700646,-0.411918717393067,0.557644625139162,0.47398364689404,-1.30757707934689,-0.280054957302501,0.435583773152184,-0.153876350166209,0.805367042134436,0.517439515328553,-0.775678328676153,-0.749692065655382,-0.754368882700646,-0.411918717393067,0.557644625139162,0.47398364689404,-1.30757707934689,0.444080445319953
"season",2024,"pre_buffer",663698,69,545,4735,0,359.261111111111,TRUE,"2024-04-06","2024-09-29",-2.17102234572031,0.0538951780504978,-0.398352723985377,0.478327625691843,1.00983421399381,-1.97539006637587,-0.493925531113318,-0.118442081016138,-5.63643058581065,-5.65097078850883,-1.03420744693773,0.343279592048748,-0.407532510418426,-1.99910148808241,-2.17102234572031,0.0538951780504978,-0.398352723985377,0.478327625691843,1.00983421399381,-1.97539006637587,-5.63643058581065,-5.65097078850883,-1.03420744693773,0.343279592048748,-0.407532510418426,-1.99910148808241,0.104087252891925
"season",2024,"pre_buffer",663728,135,1121.66666666667,8702,0,359.261111111111,TRUE,"2024-03-28","2024-09-29",16.6184697941716,20.7074312074458,1.4815872030465,0.312589650267112,1.13445901837232,2.62669688970514,1.26151293382318,1.53771762070144,15.5762001304625,15.5494780937404,1.3886656877084,0.224024507583054,1.14024325935467,2.39080802103532,16.6184697941716,20.7074312074458,1.4815872030465,0.312589650267112,1.13445901837232,2.62669688970514,15.5762001304625,15.5494780937404,1.3886656877084,0.224024507583054,1.14024325935467,2.39080802103532,20.7451595438226
"season",2024,"pre_buffer",663743,109,864,7650,0,359.261111111111,TRUE,"2024-03-28","2024-09-29",1.22590628937004,4.82054600570513,0.141887302010422,0.353164856644572,0.452450150075993,-0.123964847013048,0.0528784233110308,0.369498024793612,0.150120807791664,0.126629244826285,0.0173750934944056,0.2694128149359,0.198732890099365,-0.15458990553459,1.22590628937004,4.82054600570513,0.141887302010422,0.353164856644572,0.452450150075993,-0.123964847013048,0.150120807791664,0.126629244826285,0.0173750934944056,0.2694128149359,0.198732890099365,-0.15458990553459,4.84118323092197
"season",2024,"pre_buffer",663886,127,1001,8442,0,359.261111111111,TRUE,"2024-03-28","2024-09-29",-4.84933885298414,-0.882548201310825,-0.484449435862551,0.342648107299754,-0.387120641158032,-0.753069819664867,-0.543034172358426,-0.292955451028942,-4.45272563004569,-4.4786492607063,-0.444827735269299,0.246015176816192,-0.00963981211911384,-1.02129135947762,-4.84933885298414,-0.882548201310825,-0.484449435862551,0.342648107299754,-0.387120641158032,-0.753069819664867,-4.45272563004569,-4.4786492607063,-0.444827735269299,0.246015176816192,-0.00963981211911384,-1.02129135947762,-0.826612809437089
"season",2024,"pre_buffer",663967,10,70,616,0,359.261111111111,FALSE,"2024-06-15","2024-09-25",1.74750137669557,2.03695210418085,2.49643053813653,1.23801611375741,2.21992706011586,3.64324656447616,2.22575584333704,2.85420075202612,1.91141455913381,1.9095229509264,2.73059222733401,0.867575030601772,4.15555150309636,1.72706773240891,1.74750137669557,2.03695210418085,2.49643053813653,1.23801611375741,2.21992706011586,3.64324656447616,1.91141455913381,1.9095229509264,2.73059222733401,0.867575030601772,4.15555150309636,1.72706773240891,2.03222636731854
"season",2024,"pre_buffer",664874,18,121,928,0,359.261111111111,FALSE,"2024-03-31","2024-06-13",0.784221053089456,1.22027669449586,0.648116572801203,0.884677369545391,0.46010099486527,1.23336361359792,0.463253285859252,0.986751048420174,0.594557328941834,0.591707633460543,0.491369693340358,0.662861845867829,0.187531278494178,1.0977656994882,0.784221053089456,1.22027669449586,0.648116572801203,0.884677369545391,0.46010099486527,1.23336361359792,0.594557328941834,0.591707633460543,0.491369693340358,0.662861845867829,0.187531278494178,1.0977656994882,1.23225228427142
"season",2024,"pre_buffer",664954,5,37,298,0,359.261111111111,FALSE,"2024-04-13","2024-07-10",-1.36985520552315,-1.2298287172267,-3.70231136627879,1.75685680673083,-3.85403990249661,-5.37014479687445,-4.26700079009427,-2.93365486385201,-1.39263186571923,-1.39354696189749,-3.76386990734927,1.25743207452915,-2.75201286347966,-6.67346514020768,-1.36985520552315,-1.2298287172267,-3.70231136627879,1.75685680673083,-3.85403990249661,-5.37014479687445,-1.39263186571923,-1.39354696189749,-3.76386990734927,1.25743207452915,-2.75201286347966,-6.67346514020768,-1.23003741777625
"season",2024,"pre_buffer",665561,17,129,1057,0,359.261111111111,FALSE,"2024-06-12","2024-07-14",0.545734913189238,1.04240604785149,0.423050320301735,1.01351647225262,0.974260248584601,-0.0258599364664012,0.200572542305881,0.642495897531112,-0.743783588938441,-0.747029416657971,-0.576576425533675,0.697249597730085,0.296795290606275,-1.888114236479,0.545734913189238,1.04240604785149,0.423050320301735,1.01351647225262,0.974260248584601,-0.0258599364664012,-0.743783588938441,-0.747029416657971,-0.576576425533675,0.697249597730085,0.296795290606275,-1.888114236479,1.04536436374791
"season",2024,"pre_buffer",665804,116,905.666666666667,7613,0,359.261111111111,TRUE,"2024-03-28","2024-09-28",-6.47900615203539,-2.9017522748512,-0.715385294667139,0.370851525393875,-0.933269332551913,-0.779050737656047,-1.01408065844225,-0.632045526935312,-5.55202138416944,-5.57539932781067,-0.613031437339283,0.263818099920424,-0.740361411650299,-0.719580420587405,-6.47900615203539,-2.9017522748512,-0.715385294667139,0.370851525393875,-0.933269332551913,-0.779050737656047,-5.55202138416944,-5.57539932781067,-0.613031437339283,0.263818099920424,-0.740361411650299,-0.719580420587405,-2.85785192292015
"season",2024,"pre_buffer",665856,2,1,11,0,359.261111111111,FALSE,"2024-07-14","2024-07-21",-0.193712768129414,-0.188544005138606,-19.3712768129414,15.9065626170402,-0.420489745542619,-24.0564123615983,-20.8955647051989,-17.3462522997095,-0.123626660622983,-0.123660439340973,-12.3626660622983,10.6009748986097,0.0675502320984636,-15.4786639149098,-0.193712768129414,-0.188544005138606,-19.3712768129414,15.9065626170402,-0.420489745542619,-24.0564123615983,-0.123626660622983,-0.123660439340973,-12.3626660622983,10.6009748986097,0.0675502320984636,-15.4786639149098,-0.189164059953563
"season",2024,"pre_buffer",665966,6,35,318,0,359.261111111111,FALSE,"2024-07-20","2024-08-10",-0.499458224774577,-0.350033985585746,-1.42702349935593,1.82785161872568,1.16305512377666,-2.84298060956691,-1.79342069991766,-1.03440553099845,-0.528981920688577,-0.529958432717726,-1.51137691625308,1.25085972188847,-1.15025184208687,-1.90233403058895,-0.499458224774577,-0.350033985585746,-1.42702349935593,1.82785161872568,1.16305512377666,-2.84298060956691,-0.528981920688577,-0.529958432717726,-1.51137691625308,1.25085972188847,-1.15025184208687,-1.90233403058895,-0.347528204148776
"season",2024,"pre_buffer",666023,91,663,5609,0,359.261111111111,TRUE,"2024-03-31","2024-09-29",-0.0487360988718888,2.58686313889589,-0.00735084447539801,0.397556825403978,-0.0576965025805917,0.0432522980446932,-0.0747146101855283,0.304749404438149,1.01693599337912,0.999711917997055,0.153384011067741,0.30889670212771,0.163990323572048,0.199654762963714,-0.0487360988718888,2.58686313889589,-0.00735084447539801,0.397556825403978,-0.0576965025805917,0.0432522980446932,1.01693599337912,0.999711917997055,0.153384011067741,0.30889670212771,0.163990323572048,0.199654762963714,2.61370327476139
"season",2024,"pre_buffer",666163,111,780,6418,0,359.261111111111,TRUE,"2024-03-29","2024-09-28",0.819322058567681,3.83506031993221,0.105041289559959,0.393376167796521,0.495064605505703,-0.284698152287922,0.0157214769647552,0.23819306077499,2.60959474215898,2.58988639560841,0.33456342848192,0.274407982608033,0.314138632168052,0.510386317652316,0.819322058567681,3.83506031993221,0.105041289559959,0.393376167796521,0.495064605505703,-0.284698152287922,2.60959474215898,2.58988639560841,0.33456342848192,0.274407982608033,0.314138632168052,0.510386317652316,3.85901116802955
"season",2024,"pre_buffer",666165,8,65,618,0,359.261111111111,FALSE,"2024-05-04","2024-05-17",0.35286882316042,0.643259325734942,0.542875112554493,1.62815205225338,-0.68120260400553,1.95993061249904,-0.423562854688278,0.854258463047778,0.498514089756815,0.496616339964317,0.766944753472023,1.03377632895577,0.401137231876139,1.25646583411969,0.35286882316042,0.643259325734942,0.542875112554493,1.62815205225338,-0.68120260400553,1.95993061249904,0.498514089756815,0.496616339964317,0.766944753472023,1.03377632895577,0.401137231876139,1.25646583411969,0.639823987282315
"season",2024,"pre_buffer",666310,115,899.333333333333,7514,0,359.261111111111,TRUE,"2024-03-29","2024-09-28",9.36738328632444,12.8981182965913,1.04159191471361,0.348871859588047,1.41998892196129,1.09009695810802,0.891939086076127,1.12607053771633,10.8003525675157,10.7772786323364,1.20092875102102,0.257176540995988,1.23970338005684,1.61589926905598,9.36738328632444,12.8981182965913,1.04159191471361,0.348871859588047,1.41998892196129,1.09009695810802,10.8003525675157,10.7772786323364,1.20092875102102,0.257176540995988,1.23970338005684,1.61589926905598,12.8985795876352
"season",2024,"pre_buffer",667428,2,16,120,0,359.261111111111,FALSE,"2024-05-29","2024-06-02",-0.107097423139291,-0.050710917785015,-0.669358894620569,1.61811699653117,-2.460564247226,0.62419454831218,-1.30397326257632,-0.244308381436737,-0.0761460714491257,-0.076514566554465,-0.475912946557036,1.70285972507259,-1.89719494331415,0.586695577154249,-0.107097423139291,-0.050710917785015,-0.669358894620569,1.61811699653117,-2.460564247226,0.62419454831218,-0.0761460714491257,-0.076514566554465,-0.475912946557036,1.70285972507259,-1.89719494331415,0.586695577154249,-0.0456173101278598
"season",2024,"pre_buffer",668670,92,760.666666666667,5990,0,359.261111111111,TRUE,"2024-03-28","2024-09-29",13.6561195256914,16.470745917959,1.79528302265882,0.368175618819428,1.33499385990267,3.24505336205401,1.71419223720059,1.90034705457285,11.3416908048664,11.3232967575249,1.49101982535492,0.275485716624479,1.2485643199798,2.55223982729922,13.6561195256914,16.470745917959,1.79528302265882,0.368175618819428,1.33499385990267,3.24505336205401,11.3416908048664,11.3232967575249,1.49101982535492,0.275485716624479,1.2485643199798,2.55223982729922,16.4910504929862
"season",2024,"pre_buffer",668800,34,239,2039,0,359.261111111111,FALSE,"2024-03-30","2024-07-27",3.69067840563575,4.64877910911383,1.54421690612375,0.694449534671414,2.33563214347541,1.35334476042261,1.42179162937139,1.89581482109543,3.07806323983591,3.07180189383769,1.287892568969,0.490154991887496,2.23962365412221,0.875252076744322,3.69067840563575,4.64877910911383,1.54421690612375,0.694449534671414,2.33563214347541,1.35334476042261,3.07806323983591,3.07180189383769,1.287892568969,0.490154991887496,2.23962365412221,0.875252076744322,4.65793811582847
"season",2024,"pre_buffer",668832,44,324,2696,0,359.261111111111,FALSE,"2024-03-30","2024-09-29",-5.97421355854362,-4.70739673825088,-1.84389307362457,0.602552874175026,-0.968220949741231,-3.56381499143973,-1.98325343271064,-1.63827882869376,-3.8801286882704,-3.88840754497035,-1.19757058279951,0.441113684605743,-0.935866143592111,-1.98295994385914,-5.97421355854362,-4.70739673825088,-1.84389307362457,0.602552874175026,-0.968220949741231,-3.56381499143973,-3.8801286882704,-3.88840754497035,-1.19757058279951,0.441113684605743,-0.935866143592111,-1.98295994385914,-4.7079826662468
"season",2024,"pre_buffer",668939,103,882.333333333333,7571,0,359.261111111111,TRUE,"2024-03-28","2024-09-28",-2.59204021689791,0.965478383412285,-0.293771086161455,0.359153369140661,-0.455284777093564,-0.222145745057167,-0.408759332341072,-0.185404479619758,0.0824863487775765,0.0592373784232126,0.00934866060947221,0.263779116932489,-0.231487051985534,0.268942405162012,-2.59204021689791,0.965478383412285,-0.293771086161455,0.359153369140661,-0.455284777093564,-0.222145745057167,0.0824863487775765,0.0592373784232126,0.00934866060947221,0.263779116932489,-0.231487051985534,0.268942405162012,0.986681698875686
"season",2024,"pre_buffer",669087,2,11,88,0,359.261111111111,FALSE,"2024-04-20","2024-06-17",0.200051064632285,0.241401168558754,1.81864604211168,3.48698497728359,-9.95321481043792,4.99031252221238,-0.526664080251186,2.40502464299146,0.240331429725678,0.240061199981762,2.18483117932434,2.52419684200488,-1.02908884116188,3.56662293311483,0.200051064632285,0.241401168558754,1.81864604211168,3.48698497728359,-9.95321481043792,4.99031252221238,0.240331429725678,0.240061199981762,2.18483117932434,2.52419684200488,-1.02908884116188,3.56662293311483,0.242495900682009
"season",2024,"pre_buffer",669127,131,1108.66666666667,9432,0,359.261111111111,TRUE,"2024-03-28","2024-09-28",-14.1846948994157,-9.75271557856965,-1.27943730301405,0.338666060063891,-1.32304788843983,-1.66249211045998,-1.37139816036741,-1.02112940660405,-10.3025140269254,-10.3314777422051,-0.929270657870605,0.236609599732062,-1.1085098508271,-1.07807186354834,-14.1846948994157,-9.75271557856965,-1.27943730301405,0.338666060063891,-1.32304788843983,-1.66249211045998,-10.3025140269254,-10.3314777422051,-0.929270657870605,0.236609599732062,-1.1085098508271,-1.07807186354834,-9.7235378116732
"season",2024,"pre_buffer",669134,86,670.333333333333,5676,0,359.261111111111,TRUE,"2024-03-20","2024-09-07",-9.42884576483105,-6.7617640615738,-1.40659061633482,0.389942144838719,-1.95921638749185,-1.38654663442052,-1.66791610494547,-1.3142032330669,-6.8487846331647,-6.86621445164725,-1.02169835402755,0.296010451671945,-1.84845848305755,-0.615193176127982,-9.42884576483105,-6.7617640615738,-1.40659061633482,0.389942144838719,-1.95921638749185,-1.38654663442052,-6.8487846331647,-6.86621445164725,-1.02169835402755,0.296010451671945,-1.84845848305755,-0.615193176127982,-6.73191868930491
"season",2024,"pre_buffer",669221,69,594,4818,0,359.261111111111,TRUE,"2024-03-29","2024-09-30",-3.15411550584151,-0.890197315867326,-0.530995876404294,0.45057358876042,-0.21848167929915,-1.1142492730665,-1.0205360360693,-0.43552945271424,-2.57037392991034,-2.58516900838972,-0.43272288382329,0.319811226091345,-0.712831224384402,-0.344524783986403,-3.15411550584151,-0.890197315867326,-0.530995876404294,0.45057358876042,-0.21848167929915,-1.1142492730665,-2.57037392991034,-2.58516900838972,-0.43272288382329,0.319811226091345,-0.712831224384402,-0.344524783986403,-0.850111735612294
"season",2024,"pre_buffer",669224,110,872,7532,0,359.261111111111,TRUE,"2024-03-29","2024-09-28",7.59340811695213,11.1326011030222,0.870803683136713,0.348229977789597,0.343039884010189,1.72006894134592,0.679154141473447,0.972608311981821,10.5364329331232,10.513303723678,1.20830652902789,0.2607151846984,0.696219477412169,2.1510044772073,7.59340811695213,11.1326011030222,0.870803683136713,0.348229977789597,0.343039884010189,1.72006894134592,10.5364329331232,10.513303723678,1.20830652902789,0.2607151846984,0.696219477412169,2.1510044772073,11.1379995507434
"season",2024,"pre_buffer",669257,121,1051,8892,0,359.261111111111,TRUE,"2024-03-20","2024-09-28",-11.40366590112,-7.22542585436815,-1.08503005719505,0.322673720001249,-1.73198005272649,-0.791928141220392,-1.36671437081051,-0.951593024431191,-9.50185861452363,-9.52916410182927,-0.904077889107862,0.240163048294707,-1.38011348375281,-0.728629362631841,-11.40366590112,-7.22542585436815,-1.08503005719505,0.322673720001249,-1.73198005272649,-0.791928141220392,-9.50185861452363,-9.52916410182927,-0.904077889107862,0.240163048294707,-1.38011348375281,-0.728629362631841,-7.14262216168252
"season",2024,"pre_buffer",671056,56,469.666666666667,3920,0,359.261111111111,TRUE,"2024-03-30","2024-09-27",-0.936230236756867,0.90572893814948,-0.199339298102953,0.518871669012414,0.473574898943702,-0.954157125911195,-0.601047773625879,-0.102127352146489,-1.52997917519543,-1.54201668196985,-0.325758518494414,0.360828011687021,-0.153694732426179,-0.627874601590192,-0.936230236756867,0.90572893814948,-0.199339298102953,0.518871669012414,0.473574898943702,-0.954157125911195,-1.52997917519543,-1.54201668196985,-0.325758518494414,0.360828011687021,-0.153694732426179,-0.627874601590192,0.93471813878204
"season",2024,"pre_buffer",672275,115,908,8077,0,359.261111111111,TRUE,"2024-03-28","2024-09-28",24.7265057565064,28.5217874543937,2.72318345335973,0.357788492768244,3.13185731960196,3.00090633916538,2.63047088443074,2.99320417167149,22.5822488453337,22.5574460539519,2.4870318111601,0.269083591551246,3.1132102046749,2.52384483842394,24.7265057565064,28.5217874543937,2.72318345335973,0.357788492768244,3.13185731960196,3.00090633916538,22.5822488453337,22.5574460539519,2.4870318111601,0.269083591551246,3.1132102046749,2.52384483842394,28.5340859626805
"season",2024,"pre_buffer",672386,93,765.333333333333,6490,0,359.261111111111,TRUE,"2024-03-28","2024-09-28",14.1377102744097,17.1872804389867,1.8472617954368,0.382705403009973,2.24337205645059,2.11610157607802,1.70121575032088,1.94298610401492,12.7487727863754,12.7288433427616,1.66578041633825,0.287449627758902,1.83443182119172,2.08890082144553,14.1377102744097,17.1872804389867,1.8472617954368,0.382705403009973,2.24337205645059,2.11610157607802,12.7487727863754,12.7288433427616,1.66578041633825,0.287449627758902,1.83443182119172,2.08890082144553,17.1890161968954
"season",2024,"pre_buffer",672515,93,731.666666666667,6050,0,359.261111111111,TRUE,"2024-03-28","2024-09-29",5.08168767016171,7.92450731510646,0.694535900249892,0.407222620605364,0.458103314803339,1.20403893495236,0.626464803925808,1.14230560655151,2.74746658634691,2.72888829145272,0.375507961687505,0.289149178524376,0.49305258701207,0.417010751340093,5.08168767016171,7.92450731510646,0.694535900249892,0.407222620605364,0.458103314803339,1.20403893495236,2.74746658634691,2.72888829145272,0.375507961687505,0.289149178524376,0.49305258701207,0.417010751340093,7.96353161354647
"season",2024,"pre_buffer",673237,102,882,7904,0,359.261111111111,TRUE,"2024-03-28","2024-09-27",-4.75578638507371,-1.0417952324054,-0.539204805563912,0.369304467245854,-0.395805396367115,-0.821810771285447,-0.673972386724493,-0.437828063643625,-2.59603901674396,-2.62031056101564,-0.294335489426753,0.267683229668867,-0.202276887444623,-0.463335133094273,-4.75578638507371,-1.0417952324054,-0.539204805563912,0.369304467245854,-0.395805396367115,-0.821810771285447,-2.59603901674396,-2.62031056101564,-0.294335489426753,0.267683229668867,-0.202276887444623,-0.463335133094273,-0.994636803025318
"season",2024,"pre_buffer",676439,4,28,231,0,359.261111111111,FALSE,"2024-08-25","2024-09-21",0.668934801857577,0.777478824664558,2.38905286377706,1.92633903341946,-1.92181815246681,4.74210277614043,1.35443220135716,2.82789399180537,0.222679952337988,0.22197059926021,0.795285544064244,1.26627928753694,-1.0008233763198,1.71696196660153,0.668934801857577,0.777478824664558,2.38905286377706,1.92633903341946,-1.92181815246681,4.74210277614043,0.222679952337988,0.22197059926021,0.795285544064244,1.26627928753694,-1.0008233763198,1.71696196660153,0.780823223675652
"season",2024,"pre_buffer",680728,24,179.666666666667,1478,0,359.261111111111,FALSE,"2024-08-07","2024-09-15",-0.361514327137724,0.332979463809108,-0.201213911208381,0.831869475316659,0.288136426928241,-0.878352411794224,-0.365037654761237,0.244457447922275,0.881624040439833,0.877085409059071,0.490699836979499,0.591562367382458,0.886713505755222,0.251249030101318,-0.361514327137724,0.332979463809108,-0.201213911208381,0.831869475316659,0.288136426928241,-0.878352411794224,0.881624040439833,0.877085409059071,0.490699836979499,0.591562367382458,0.886713505755222,0.251249030101318,0.332589706820861
"season",2024,"pre_buffer",680777,86,720.333333333333,5810,0,359.261111111111,TRUE,"2024-03-28","2024-09-28",-6.21587650915883,-3.48582987492264,-0.862916683363095,0.383965518007886,-0.747798062916318,-1.39638376954197,-1.00304535323329,-0.793571728856272,-5.15485038445318,-5.1726916891367,-0.715620136666337,0.285413748853647,-0.862321341954035,-0.912499292630029,-6.21587650915883,-3.48582987492264,-0.862916683363095,0.383965518007886,-0.747798062916318,-1.39638376954197,-5.15485038445318,-5.1726916891367,-0.715620136666337,0.285413748853647,-0.862321341954035,-0.912499292630029,-3.45619254024138
"season",2024,"pre_buffer",680779,34,271.333333333333,2193,0,359.261111111111,FALSE,"2024-03-28","2024-09-04",-3.83221399354084,-2.80175060819145,-1.41236387968336,0.577239732970721,-1.0242025923885,-2.45315548286856,-1.63734889997902,-1.27099683889342,-3.21935966855872,-3.22609391660879,-1.18649619234351,0.465236046467156,-1.78788313451856,-1.15592994042804,-3.83221399354084,-2.80175060819145,-1.41236387968336,0.577239732970721,-1.0242025923885,-2.45315548286856,-3.21935966855872,-3.22609391660879,-1.18649619234351,0.465236046467156,-1.78788313451856,-1.15592994042804,-2.79408677573254
"season",2024,"pre_buffer",681351,127,1064.33333333333,9317,0,359.261111111111,TRUE,"2024-03-28","2024-09-28",-3.67087395862614,0.707068294588763,-0.344898899964874,0.315019658506869,-0.76004231872859,0.0198434176007325,-0.409199675363939,-0.126715126864176,-1.86250610415042,-1.89111667828747,-0.174992743891364,0.23665956698484,-0.603842053465372,0.256777728832009,-3.67087395862614,0.707068294588763,-0.344898899964874,0.315019658506869,-0.76004231872859,0.0198434176007325,-1.86250610415042,-1.89111667828747,-0.174992743891364,0.23665956698484,-0.603842053465372,0.256777728832009,0.717817929792419
"season",2024,"pre_buffer",681807,23,132,1103,0,359.261111111111,FALSE,"2024-04-06","2024-07-23",2.32488549599113,2.84317145770585,1.76127689090237,0.937703088018537,4.17624657704994,-1.15439472784481,1.2263960516797,2.02388896196649,1.35831287192369,1.35492578774711,1.02902490297249,0.659941491478145,2.65429089973897,-1.01246141448625,2.32488549599113,2.84317145770585,1.76127689090237,0.937703088018537,4.17624657704994,-1.15439472784481,1.35831287192369,1.35492578774711,1.02902490297249,0.659941491478145,2.65429089973897,-1.01246141448625,2.84009388356664
"season",2024,"pre_buffer",682626,96,726,6342,0,359.261111111111,TRUE,"2024-03-29","2024-09-30",8.56704292917657,11.5470697371501,1.18003346131909,0.429016113964625,0.423411964080972,2.22929598403033,1.08981087988455,1.42101669967037,7.78050174152517,7.76102677520799,1.07169445475553,0.290120378773895,0.931318035287263,1.50671955869326,8.56704292917657,11.5470697371501,1.18003346131909,0.429016113964625,0.423411964080972,2.22929598403033,7.78050174152517,7.76102677520799,1.07169445475553,0.290120378773895,0.931318035287263,1.50671955869326,11.5774349256764
"season",2024,"pre_buffer",686452,18,148,1225,0,359.261111111111,FALSE,"2024-04-10","2024-09-29",-0.810625807030819,-0.235013564872585,-0.547720139885688,0.884509064591494,-1.36110006398,0.243247822433263,-0.927146017959778,-0.375317981822905,-1.47838678432082,-1.48214850518783,-0.998909989405961,0.617315714408731,-1.67351905967397,-0.602968378438402,-0.810625807030819,-0.235013564872585,-0.547720139885688,0.884509064591494,-1.36110006398,0.243247822433263,-1.47838678432082,-1.48214850518783,-0.998909989405961,0.617315714408731,-1.67351905967397,-0.602968378438402,-0.221493344144388
"season",2024,"pre_buffer",686482,15,93,665,0,359.261111111111,FALSE,"2024-09-03","2024-09-29",0.203853316859922,0.516328534031535,0.219197114903142,1.05005305920361,-1.66934453956237,2.08484813377734,-0.0594895907120856,0.598641526803046,1.20417902903023,1.20213695198815,1.29481616024756,0.70988096287883,0.576486845744488,2.92167335034492,0.203853316859922,0.516328534031535,0.219197114903142,1.05005305920361,-1.66934453956237,2.08484813377734,1.20417902903023,1.20213695198815,1.29481616024756,0.70988096287883,0.576486845744488,2.92167335034492,0.515635957448906
"season",2024,"pre_buffer",686676,113,838.333333333333,7820,0,359.261111111111,TRUE,"2024-03-30","2024-09-29",-8.95369530009688,-5.27917470117657,-1.06803522466364,0.389248582441327,-1.35550892274827,-0.938068639838892,-1.22115528985796,-0.974811440630241,-10.4222667820795,-10.4462803797774,-1.24321273742499,0.28105629306428,-1.73216559120173,-0.94026190430568,-8.95369530009688,-5.27917470117657,-1.06803522466364,0.389248582441327,-1.35550892274827,-0.938068639838892,-10.4222667820795,-10.4462803797774,-1.24321273742499,0.28105629306428,-1.73216559120173,-0.94026190430568,-5.2177481396048
"season",2024,"pre_buffer",686780,66,542.333333333333,4349,0,359.261111111111,TRUE,"2024-04-23","2024-09-29",0.625326953866013,2.6688678854139,0.115303064634176,0.447033808041259,0.0625446089044598,0.219995789715741,-0.201340169753669,0.211266995341644,-0.243742016569902,-0.257096893345906,-0.0449432114142413,0.339385197588187,-0.0852946776373925,-0.0286081640566802,0.625326953866013,2.6688678854139,0.115303064634176,0.447033808041259,0.0625446089044598,0.219995789715741,-0.243742016569902,-0.257096893345906,-0.0449432114142413,0.339385197588187,-0.0852946776373925,-0.0286081640566802,2.69250813446394
"season",2024,"pre_buffer",691011,15,115,982,0,359.261111111111,FALSE,"2024-08-17","2024-09-29",-0.943320194387925,-0.481890625572101,-0.820278429902544,1.05062091899901,1.25682958325809,-3.30821621369657,-1.10266130901883,-0.591409079475775,-0.716754658157212,-0.719770176435905,-0.623264920136706,0.760972943286588,1.15583411720193,-2.72631213279704,-0.943320194387925,-0.481890625572101,-0.820278429902544,1.05062091899901,1.25682958325809,-3.30821621369657,-0.716754658157212,-0.719770176435905,-0.623264920136706,0.760972943286588,1.15583411720193,-2.72631213279704,-0.479672426724556
"season",2024,"pre_buffer",691016,1,4,39,0,359.261111111111,FALSE,"2024-05-08","2024-05-08",-0.564234222434627,-0.545908608194487,-14.1058555608657,8.80894492048865,-14.4675441649904,,-15.3223475798231,-12.1659732195093,-0.43595081174353,-0.436070572652765,-10.8987702935882,4.88296909153491,-11.1782259421418,,-0.564234222434627,-0.545908608194487,-14.1058555608657,8.80894492048865,-14.4675441649904,,-0.43595081174353,-0.436070572652765,-10.8987702935882,4.88296909153491,-11.1782259421418,,-0.544877289823143
"season",2024,"pre_buffer",693307,27,213.666666666667,1743,0,359.261111111111,FALSE,"2024-07-29","2024-09-28",0.253887512284338,1.0729015025552,0.118824108713419,0.668164986432178,0.846569880540912,-0.778009626770886,-0.0284473271238952,0.340200206578172,0.0349529573933853,0.0296005659883323,0.0163586384056405,0.523217863862753,0.460999442682785,-0.561033896682519,0.253887512284338,1.0729015025552,0.118824108713419,0.668164986432178,0.846569880540912,-0.778009626770886,0.0349529573933853,0.0296005659883323,0.0163586384056405,0.523217863862753,0.460999442682785,-0.561033896682519,1.08327697244239
"season",2024,"pre_buffer",696100,23,169.666666666667,1426,0,359.261111111111,FALSE,"2024-05-18","2024-09-28",-2.76312821633211,-2.09306857770546,-1.62856279940989,0.831192175412103,-3.30905020814478,-0.204959128014071,-1.86599351070964,-1.36850814268143,-2.50307244355192,-2.50745139372037,-1.47528827714259,0.618604309402287,-3.11804207015349,-0.033509453507533,-2.76312821633211,-2.09306857770546,-1.62856279940989,0.831192175412103,-3.30905020814478,-0.204959128014071,-2.50307244355192,-2.50745139372037,-1.47528827714259,0.618604309402287,-3.11804207015349,-0.033509453507533,-2.07413821790283
"season",2024,"pre_buffer",700250,1,1,5,0,359.261111111111,FALSE,"2024-06-28","2024-06-28",-0.021309070123527,-0.0189596324004322,-2.1309070123527,4.64935971149161,-4.2618140247054,,-2.44425258108467,-1.44057000537319,-0.0248155790584068,-0.0248309330211292,-2.48155790584068,6.32139722974859,-4.96311581168135,,-0.021309070123527,-0.0189596324004322,-2.1309070123527,4.64935971149161,-4.2618140247054,,-0.0248155790584068,-0.0248309330211292,-2.48155790584068,6.32139722974859,-4.96311581168135,,-0.0188084798409536
"season",2025,"buffer_2025",455117,64,445,3662,0,358.905555555555,TRUE,"2025-03-27","2025-07-30",-2.26727102800467,-0.298036979205279,-0.50949910741678,0.496005704070128,-0.183388075174837,-1.11491399269639,-0.630866725412284,-0.372967525555052,-1.9045273519279,-1.9099428202077,-0.42798367459054,0.355496826471463,0.10361821058107,-1.22970183558109,-2.26727102800467,-0.298036979205279,-0.50949910741678,0.496005704070128,-0.183388075174837,-1.11491399269639,-1.9045273519279,-1.9099428202077,-0.42798367459054,0.355496826471463,0.10361821058107,-1.22970183558109,-0.262906965229305
"season",2025,"buffer_2025",506702,5,29,212,0,358.905555555555,FALSE,"2025-07-22","2025-09-20",0.295764243981075,0.409766870509058,1.01987670338302,1.87064418507855,2.16259327428893,-0.595127576019162,0.644867220992921,1.47024746079918,0.335347624844283,0.335034113299958,1.1563711201527,1.28568471631203,2.37079099649125,-0.464125383370809,0.295764243981075,0.409766870509058,1.01987670338302,1.87064418507855,2.16259327428893,-0.595127576019162,0.335347624844283,0.335034113299958,1.1563711201527,1.28568471631203,2.37079099649125,-0.464125383370809,0.415836103505534
"season",2025,"buffer_2025",518595,58,475,4053,0,358.905555555555,TRUE,"2025-03-30","2025-09-11",-7.63027982063875,-5.4507862106486,-1.60637469908184,0.441767203191484,-1.03477581090858,-2.62862249876863,-1.69493073098473,-1.28506306477086,-6.81216341876683,-6.81815710880999,-1.43413966710881,0.357420677890486,-1.08649391923859,-2.20365698236142,-7.63027982063875,-5.4507862106486,-1.60637469908184,0.441767203191484,-1.03477581090858,-2.62862249876863,-6.81216341876683,-6.81815710880999,-1.43413966710881,0.357420677890486,-1.08649391923859,-2.20365698236142,-5.43594466776173
"season",2025,"buffer_2025",521692,92,761.666666666667,6612,0,358.905555555555,TRUE,"2025-03-27","2025-09-27",-3.9098944834663,-0.354303131565264,-0.513334067851155,0.393463917628301,-1.2055695308262,0.0158834780028318,-0.590027521345549,-0.290002941486398,-8.20615886024126,-8.2159368712369,-1.07739503635553,0.28235451826373,-1.49071945285132,-0.994335043223756,-3.9098944834663,-0.354303131565264,-0.513334067851155,0.393463917628301,-1.2055695308262,0.0158834780028318,-8.20615886024126,-8.2159368712369,-1.07739503635553,0.28235451826373,-1.49071945285132,-0.994335043223756,-0.324231693291029
"season",2025,"buffer_2025",542963,3,17,187,0,358.905555555555,FALSE,"2025-04-13","2025-04-20",-0.0184195962302286,0.0821393243392652,-0.108350566060168,3.2817620189742,0.115711582616412,-0.280898934012277,-1.14674008171818,0.612570416568502,0.00402088732533592,0.00374434648199287,0.0236522783843289,2.21462147494382,1.1248251304686,-0.917961127672905,-0.0184195962302286,0.0821393243392652,-0.108350566060168,3.2817620189742,0.115711582616412,-0.280898934012277,0.00402088732533592,0.00374434648199287,0.0236522783843289,2.21462147494382,1.1248251304686,-0.917961127672905,0.0794162895159352
"season",2025,"buffer_2025",543309,71,604.333333333333,4738,0,358.905555555555,TRUE,"2025-03-27","2025-09-27",4.92139526624333,7.46924641949606,0.814351119621069,0.410074351407274,0.70776319605307,1.36273948817666,0.731520050538249,0.978109977800507,5.09844578041658,5.09143909316653,0.843647950427454,0.30246484113037,1.53205992293912,0.629614586903624,4.92139526624333,7.46924641949606,0.814351119621069,0.410074351407274,0.70776319605307,1.36273948817666,5.09844578041658,5.09143909316653,0.843647950427454,0.30246484113037,1.53205992293912,0.629614586903624,7.55661410595792
"season",2025,"buffer_2025",543510,40,316,2537,0,358.905555555555,FALSE,"2025-06-25","2025-09-28",-1.06425058331137,0.300016697356041,-0.33678815927575,0.547671952275204,0.04789086421528,-0.853819938693872,-0.447220327992354,-0.0514694770580851,-0.130606790142332,-0.134358576877954,-0.0413312627032697,0.430340768043091,-0.00560577901539423,-0.0941114282779621,-1.06425058331137,0.300016697356041,-0.33678815927575,0.547671952275204,0.04789086421528,-0.853819938693872,-0.130606790142332,-0.134358576877954,-0.0413312627032697,0.430340768043091,-0.00560577901539423,-0.0941114282779621,0.342304864928137
"season",2025,"buffer_2025",543592,12,89,788,0,358.905555555555,FALSE,"2025-07-03","2025-08-04",-2.44302059423067,-2.01927498241911,-2.74496695980974,1.1259531748306,-4.06521564545614,-1.68906147549122,-3.44968188978232,-2.49575736058754,-1.66386158221916,-1.6650268987141,-1.86950739575186,0.852263534456222,-2.05856381369504,-2.18891786690587,-2.44302059423067,-2.01927498241911,-2.74496695980974,1.1259531748306,-4.06521564545614,-1.68906147549122,-1.66386158221916,-1.6650268987141,-1.86950739575186,0.852263534456222,-2.05856381369504,-2.18891786690587,-2.01991857494004
"season",2025,"buffer_2025",543877,64,518.666666666667,4201,0,358.905555555555,TRUE,"2025-03-29","2025-09-28",1.83261046383042,4.09169081309482,0.353331066291211,0.44425388881293,1.04709421972885,-0.301425146141088,0.0958122377842919,0.446531338887955,0.820399340146587,0.814186783553623,0.158174679976848,0.324993970763512,0.319749200590517,0.0449898461322012,1.83261046383042,4.09169081309482,0.353331066291211,0.44425388881293,1.04709421972885,-0.301425146141088,0.820399340146587,0.814186783553623,0.158174679976848,0.324993970763512,0.319749200590517,0.0449898461322012,4.10879249676188
"season",2025,"buffer_2025",553869,105,649.666666666667,5593,0,358.905555555555,TRUE,"2025-03-27","2025-09-27",3.22366078841676,6.2312866854498,0.496202276308378,0.437794293804967,0.881678704054589,0.271832917140106,0.411152027392357,0.881741246085902,1.4128275735075,1.40455648828388,0.217469611109415,0.301460192008446,0.497719756526013,0.008105819117981,3.22366078841676,6.2312866854498,0.496202276308378,0.437794293804967,0.881678704054589,0.271832917140106,1.4128275735075,1.40455648828388,0.217469611109415,0.301460192008446,0.497719756526013,0.008105819117981,6.2917734360317
"season",2025,"buffer_2025",553882,4,26,252,0,358.905555555555,FALSE,"2025-04-11","2025-04-16",-0.455128276295619,-0.319615720234055,-1.75049337036776,2.21379780517064,-8.29706532656257,1.55674302282387,-2.23517170312108,-1.23147519228895,-0.391700564403266,-0.392073229069161,-1.50654063232025,1.48873564207014,-5.54788026884753,0.51456107661218,-0.455128276295619,-0.319615720234055,-1.75049337036776,2.21379780517064,-8.29706532656257,1.55674302282387,-0.391700564403266,-0.392073229069161,-1.50654063232025,1.48873564207014,-5.54788026884753,0.51456107661218,-0.328076362161539
"season",2025,"buffer_2025",571466,7,38.3333333333333,288,0,358.905555555555,FALSE,"2025-05-01","2025-05-30",-0.371420438436179,-0.216548945794392,-0.96892288287699,1.53806284279377,-0.80797422078578,-1.88335300256775,-1.24268066880865,-0.5855285732623,-0.342666095001312,-0.343091997476621,-0.893911552177335,1.13385377339888,-0.277655328598517,-2.31409998259029,-0.371420438436179,-0.216548945794392,-0.96892288287699,1.53806284279377,-0.80797422078578,-1.88335300256775,-0.342666095001312,-0.343091997476621,-0.893911552177335,1.13385377339888,-0.277655328598517,-2.31409998259029,-0.228868238556594
"season",2025,"buffer_2025",571912,23,143,1184,0,358.905555555555,FALSE,"2025-05-04","2025-09-24",1.92118451947865,2.55787843367266,1.3434856779571,0.852747464672406,1.6179755897676,1.62749361951468,1.02197965707926,1.53801408794692,2.07128599264912,2.06953506025063,1.44845174311128,0.622089558290142,1.41966827924847,2.09509864260303,1.92118451947865,2.55787843367266,1.3434856779571,0.852747464672406,1.6179755897676,1.62749361951468,2.07128599264912,2.06953506025063,1.44845174311128,0.622089558290142,1.41966827924847,2.09509864260303,2.58194843638284
"season",2025,"buffer_2025",592663,132,1151,9713,0,358.905555555555,TRUE,"2025-03-27","2025-09-27",-9.30824526515356,-4.08509662616162,-0.808709406181891,0.319218380276643,-1.30407474639192,-0.596780570622932,-0.860418870823159,-0.322755332046123,-6.08887744660475,-6.10324130335015,-0.529007597446112,0.231406752656644,-0.763002669503744,-0.484534370791629,-9.30824526515356,-4.08509662616162,-0.808709406181891,0.319218380276643,-1.30407474639192,-0.596780570622932,-6.08887744660475,-6.10324130335015,-0.529007597446112,0.231406752656644,-0.763002669503744,-0.484534370791629,-4.03694320204301
"season",2025,"buffer_2025",595453,1,2,15,0,358.905555555555,FALSE,"2025-09-12","2025-09-12",0.145366429383661,0.153432652958754,7.26832146918305,4.99551149469243,9.69109529224407,,6.72612889461574,8.09459072163025,0.26317702145296,0.263154839032371,13.158851072648,5.82922241429552,17.5451347635307,,0.145366429383661,0.153432652958754,7.26832146918305,4.99551149469243,9.69109529224407,,0.26317702145296,0.263154839032371,13.158851072648,5.82922241429552,17.5451347635307,,0.152068553997341
"season",2025,"buffer_2025",595751,14,91.6666666666667,848,0,358.905555555555,FALSE,"2025-09-03","2025-09-27",-2.27450714450858,-1.81849663839665,-2.48128052128209,1.27453970289031,-4.37102727483764,-1.17432195217305,-2.861503238037,-2.09169570076949,-1.7285391172033,-1.7297931633806,-1.88567903694905,0.843944065986997,-2.88726187184885,-1.28043385817803,-2.27450714450858,-1.81849663839665,-2.48128052128209,1.27453970289031,-4.37102727483764,-1.17432195217305,-1.7285391172033,-1.7297931633806,-1.88567903694905,0.843944065986997,-2.88726187184885,-1.28043385817803,-1.81890545704689
"season",2025,"buffer_2025",595978,67,479.333333333333,4040,0,358.905555555555,TRUE,"2025-03-31","2025-09-27",12.1491618034336,14.3216646863253,2.5345956474479,0.480524035593792,4.27200505826184,1.55694733671867,2.22143569766397,2.62805785399364,10.1094033659934,10.1034289007147,2.10905494422672,0.347159271222719,3.60313231915636,1.24008704636236,12.1491618034336,14.3216646863253,2.5345956474479,0.480524035593792,4.27200505826184,1.55694733671867,10.1094033659934,10.1034289007147,2.10905494422672,0.347159271222719,3.60313231915636,1.24008704636236,14.4075607801333
"season",2025,"buffer_2025",596117,2,6,61,0,358.905555555555,FALSE,"2025-09-10","2025-09-28",-0.205869538030289,-0.173066895491577,-3.43115896717149,6.57630672340309,-10.2328276415043,-0.936539905916009,-4.84978416112895,-1.7517893801545,-0.44877222211402,-0.448862430624415,-7.47953703523367,3.40191790930075,-12.4989075558406,-5.52866002712378,-0.205869538030289,-0.173066895491577,-3.43115896717149,6.57630672340309,-10.2328276415043,-0.936539905916009,-0.44877222211402,-0.448862430624415,-7.47953703523367,3.40191790930075,-12.4989075558406,-5.52866002712378,-0.173472967123528
"season",2025,"buffer_2025",596142,22,175.333333333333,1602,0,358.905555555555,FALSE,"2025-03-29","2025-07-05",-3.37616339206545,-2.51469071424551,-1.92556847456204,0.811743048034873,-3.55170188459768,-0.760793528674846,-2.25111042552215,-1.74149052169562,-2.76518522437691,-2.76755430689581,-1.57710183899824,0.572052744570112,-2.0821230609351,-1.3940942078095,-3.37616339206545,-2.51469071424551,-1.92556847456204,0.811743048034873,-3.55170188459768,-0.760793528674846,-2.76518522437691,-2.76755430689581,-1.57710183899824,0.572052744570112,-2.0821230609351,-1.3940942078095,-2.49834597521473
"season",2025,"buffer_2025",605131,12,103,855,0,358.905555555555,FALSE,"2025-03-28","2025-05-10",0.40594082661362,0.865715570393926,0.394117307391864,1.04963377642864,-0.691123486751232,1.76417554720424,-0.796247652521647,0.60430939967159,0.251653389036058,0.250388991062485,0.244323678675785,0.747360120055131,-0.248675659719581,0.89484916317771,0.40594082661362,0.865715570393926,0.394117307391864,1.04963377642864,-0.691123486751232,1.76417554720424,0.251653389036058,0.250388991062485,0.244323678675785,0.747360120055131,-0.248675659719581,0.89484916317771,0.844196966038064
"season",2025,"buffer_2025",605170,49,417.666666666667,3739,0,358.905555555555,TRUE,"2025-03-29","2025-09-25",-4.59921872162315,-2.58857805847162,-1.10116968594329,0.521110408794183,-0.697600194126051,-1.77085711907799,-1.21465825334346,-0.881007301065602,-3.53480651686321,-3.54033585490203,-0.846322390310426,0.391601203694556,-0.416935943376032,-1.48210199436268,-4.59921872162315,-2.58857805847162,-1.10116968594329,0.521110408794183,-0.697600194126051,-1.77085711907799,-3.53480651686321,-3.54033585490203,-0.846322390310426,0.391601203694556,-0.416935943376032,-1.48210199436268,-2.59253451425583
"season",2025,"buffer_2025",605244,2,10,65,0,358.905555555555,FALSE,"2025-06-07","2025-06-21",0.0868908427030751,0.121844478195145,0.868908427030751,2.37123394787613,,1.33678219543193,-1.38647672564708,1.37838389678901,-0.0652242748868264,-0.0653203987093788,-0.652242748868264,2.16199605159135,,-1.00345038287425,0.0868908427030751,0.121844478195145,0.868908427030751,2.37123394787613,,1.33678219543193,-0.0652242748868264,-0.0653203987093788,-0.652242748868264,2.16199605159135,,-1.00345038287425,0.129000658770653
"season",2025,"buffer_2025",606992,28,177,1463,0,358.905555555555,FALSE,"2025-03-29","2025-07-27",-0.849500722784759,-0.0627750500940132,-0.47994391117783,0.785927210652439,-0.0974174976413302,-0.958536771375183,-0.652103597905408,-0.232577448619474,-1.22209520954101,-1.22425873496246,-0.690449270927123,0.559297436448317,-0.378981937997857,-1.19219099311374,-0.849500722784759,-0.0627750500940132,-0.47994391117783,0.785927210652439,-0.0974174976413302,-0.958536771375183,-1.22209520954101,-1.22425873496246,-0.690449270927123,0.559297436448317,-0.378981937997857,-1.19219099311374,-0.0483345674873353
"season",2025,"buffer_2025",607732,40,323,2702,0,358.905555555555,FALSE,"2025-03-30","2025-07-26",-2.7942927461261,-1.34129700613267,-0.865106113351734,0.568310779534376,-1.15077405396434,-0.920270215130732,-1.05034456662876,-0.76116986784295,-2.49048387868044,-2.49447967204254,-0.77104764045834,0.42451175892438,-0.852268433658406,-0.989543174649938,-2.7942927461261,-1.34129700613267,-0.865106113351734,0.568310779534376,-1.15077405396434,-0.920270215130732,-2.49048387868044,-2.49447967204254,-0.77104764045834,0.42451175892438,-0.852268433658406,-0.989543174649938,-1.34047233040721
"season",2025,"buffer_2025",608348,105,864,6733,0,358.905555555555,TRUE,"2025-03-19","2025-09-27",-3.50812128227852,0.112537606461598,-0.406032555819273,0.338414818369278,0.290692579124625,-1.25756646266705,-0.466711400820213,-0.134893802196414,-4.03512034526597,-4.04507729445436,-0.467027817739117,0.256858846095722,-0.0775307880304392,-1.07274482470382,-3.50812128227852,0.112537606461598,-0.406032555819273,0.338414818369278,0.290692579124625,-1.25756646266705,-4.03512034526597,-4.04507729445436,-0.467027817739117,0.256858846095722,-0.0775307880304392,-1.07274482470382,0.152453804063959
"season",2025,"buffer_2025",620443,86,640.666666666667,5582,0,358.905555555555,TRUE,"2025-03-27","2025-09-26",4.31764996378208,7.31936063019339,0.673930795595538,0.420544076425107,0.208628544463025,1.42415877907731,0.4439273777601,0.756105427137206,2.7488475635443,2.74059274542911,0.429060493789434,0.308182733024873,0.265824125179603,0.753494632809425,4.31764996378208,7.31936063019339,0.673930795595538,0.420544076425107,0.208628544463025,1.42415877907731,2.7488475635443,2.74059274542911,0.429060493789434,0.308182733024873,0.265824125179603,0.753494632809425,7.37232201511221
"season",2025,"buffer_2025",621512,10,85.6666666666667,805,0,358.905555555555,FALSE,"2025-04-12","2025-05-17",1.55995303842097,1.9928403702843,1.82095685418791,1.19802141204095,2.78560280154482,0.926046352436902,1.00899368820826,2.06727269403016,1.45115515580844,1.44996469923683,1.69395543479584,0.865117535898301,2.70617098022692,0.724393096645906,1.55995303842097,1.9928403702843,1.82095685418791,1.19802141204095,2.78560280154482,0.926046352436902,1.45115515580844,1.44996469923683,1.69395543479584,0.865117535898301,2.70617098022692,0.724393096645906,2.02418141033005
"season",2025,"buffer_2025",623168,61,424.333333333333,3441,0,358.905555555555,TRUE,"2025-03-30","2025-09-25",2.54810060468795,4.39849229281431,0.600495036454349,0.51101125012117,0.642291033857125,0.82728126767518,0.259958567787448,0.705686334592697,3.42077117342046,3.41568252613734,0.806151886901915,0.363827011928503,0.924554712113093,1.05557737715924,2.54810060468795,4.39849229281431,0.600495036454349,0.51101125012117,0.642291033857125,0.82728126767518,3.42077117342046,3.41568252613734,0.806151886901915,0.363827011928503,0.924554712113093,1.05557737715924,4.47949194814344
"season",2025,"buffer_2025",624431,90,723.333333333333,6268,0,358.905555555555,TRUE,"2025-03-27","2025-09-28",3.7186291328046,7.08923509071683,0.51409619347529,0.398754564982215,1.23652141827561,-0.0381820647932884,0.435840969208662,0.749058682805767,4.41139581241651,4.40212651826638,0.609870388813343,0.282763618911558,0.942166324834526,0.469797462474014,3.7186291328046,7.08923509071683,0.51409619347529,0.398754564982215,1.23652141827561,-0.0381820647932884,4.41139581241651,4.40212651826638,0.609870388813343,0.282763618911558,0.942166324834526,0.469797462474014,7.20424554980578
"season",2025,"buffer_2025",624512,43,335.333333333333,2695,0,358.905555555555,FALSE,"2025-05-25","2025-09-28",1.83275893098726,3.28199043331231,0.546548388962402,0.550564406412484,0.193478135714336,1.20219763974289,0.303443109325564,0.669249794151307,2.35125294889473,2.3472675073289,0.70116887143978,0.404538255888071,0.0664339479958146,1.7373673780312,1.83275893098726,3.28199043331231,0.546548388962402,0.550564406412484,0.193478135714336,1.20219763974289,2.35125294889473,2.3472675073289,0.70116887143978,0.404538255888071,0.0664339479958146,1.7373673780312,3.29726512772369
"season",2025,"buffer_2025",624513,2,17,161,0,358.905555555555,FALSE,"2025-06-06","2025-06-11",-0.241240516168963,-0.154663049796297,-1.41906185981743,2.27654550530016,-4.96363335096438,2.28187903002656,-1.92766715615528,-0.53720247288883,-0.0448031803563806,-0.0450412716707027,-0.263548119743415,1.9692646577072,-2.55685312509934,2.20743483314239,-0.241240516168963,-0.154663049796297,-1.41906185981743,2.27654550530016,-4.96363335096438,2.28187903002656,-0.0448031803563806,-0.0450412716707027,-0.263548119743415,1.9692646577072,-2.55685312509934,2.20743483314239,-0.161539954104878
"season",2025,"buffer_2025",640459,8,36,303,0,358.905555555555,FALSE,"2025-09-05","2025-09-28",1.64956432375207,1.81250203996895,4.58212312153354,2.11882012382726,5.82624242096003,5.00505710323794,4.02131897231908,4.97548695919429,1.12259399177732,1.12214590688142,3.11831664382589,1.24145945116851,3.70582871142013,3.70389886898765,1.64956432375207,1.81250203996895,4.58212312153354,2.11882012382726,5.82624242096003,5.00505710323794,1.12259399177732,1.12214590688142,3.11831664382589,1.24145945116851,3.70582871142013,3.70389886898765,1.82702093956991
"season",2025,"buffer_2025",640902,26,193,1705,0,358.905555555555,FALSE,"2025-03-30","2025-09-21",-2.89259170251798,-1.97573095614906,-1.49875217747045,0.778078221658006,-1.12108951320673,-2.3725360470084,-1.66089122073107,-1.24407439393739,-1.21327270983951,-1.21579411164646,-0.628638709761405,0.575975646628204,-0.250092793044444,-1.25374648908875,-2.89259170251798,-1.97573095614906,-1.49875217747045,0.778078221658006,-1.12108951320673,-2.3725360470084,-1.21327270983951,-1.21579411164646,-0.628638709761405,0.575975646628204,-0.250092793044444,-1.25374648908875,-1.97483302785002
"season",2025,"buffer_2025",641555,30,209,1831,0,358.905555555555,FALSE,"2025-03-29","2025-08-12",8.53489462869261,9.51951165309231,4.08368164052278,0.755428817911044,5.25036432882901,4.04261241685443,3.76404940631242,4.22917786385882,6.25803953554479,6.2553318014049,2.99427728973435,0.535696363926783,3.76895318840358,3.04900497740452,8.53489462869261,9.51951165309231,4.08368164052278,0.755428817911044,5.25036432882901,4.04261241685443,6.25803953554479,6.2553318014049,2.99427728973435,0.535696363926783,3.76895318840358,3.04900497740452,9.52310660267944
"season",2025,"buffer_2025",641598,43,376.666666666667,2965,0,358.905555555555,TRUE,"2025-03-28","2025-09-28",1.27363513917172,2.86805866584845,0.338133222788952,0.551801013350836,-0.31269438916152,1.22738538902996,0.221160676324142,0.624760426990804,-0.392560824513241,-0.39694554964967,-0.104219687923869,0.380261743124566,-0.455634700684286,0.215041340614291,1.27363513917172,2.86805866584845,0.338133222788952,0.551801013350836,-0.31269438916152,1.22738538902996,-0.392560824513241,-0.39694554964967,-0.104219687923869,0.380261743124566,-0.455634700684286,0.215041340614291,2.8938621796016
"season",2025,"buffer_2025",641680,96,800.333333333333,6623,0,358.905555555555,TRUE,"2025-03-28","2025-09-28",1.64128820149301,5.20279478401577,0.20507557702953,0.389114763226128,-0.0694041549273296,0.521248619763903,0.052183994197393,0.297112936173375,-0.789175890933418,-0.798970169037488,-0.0986059005747712,0.271599642377991,0.142355550538085,-0.344570708148211,1.64128820149301,5.20279478401577,0.20507557702953,0.389114763226128,-0.0694041549273296,0.521248619763903,-0.789175890933418,-0.798970169037488,-0.0986059005747712,0.271599642377991,0.142355550538085,-0.344570708148211,5.32112440956326
"season",2025,"buffer_2025",642020,1,7,72,0,358.905555555555,FALSE,"2025-09-15","2025-09-15",-0.359937099707673,-0.321219226547226,-5.14195856725247,5.0801583617001,-4.99912638482879,,-6.18014398765008,-4.26400475308277,-0.0742366509785106,-0.0743431265973379,-1.06052358540729,3.08506071460692,-1.03106459692376,,-0.359937099707673,-0.321219226547226,-5.14195856725247,5.0801583617001,-4.99912638482879,,-0.0742366509785106,-0.0743431265973379,-1.06052358540729,3.08506071460692,-1.03106459692376,,-0.321387238983693
"season",2025,"buffer_2025",642136,53,411.666666666667,3413,0,358.905555555555,TRUE,"2025-03-29","2025-07-30",-3.49552420349076,-1.66018946603791,-0.849115191131358,0.485155521133796,-1.58742157221928,-0.419532372648411,-1.01719757646523,-0.748826381844024,-3.26078446583454,-3.26583170593256,-0.792093392510416,0.365126902056661,-1.35294380397696,-0.528634729166008,-3.49552420349076,-1.66018946603791,-0.849115191131358,0.485155521133796,-1.58742157221928,-0.419532372648411,-3.26078446583454,-3.26583170593256,-0.792093392510416,0.365126902056661,-1.35294380397696,-0.528634729166008,-1.62255180059961
"season",2025,"buffer_2025",642851,35,253.333333333333,2258,0,358.905555555555,FALSE,"2025-03-30","2025-08-03",-1.10426033151477,0.109975190655908,-0.435892236124252,0.680162062861558,0.458086946653057,-1.55000756701584,-0.631881600818171,-0.225585758549178,-1.29921325880848,-1.30255245252115,-0.512847339003348,0.491310799636483,-0.474921007368486,-0.687917837575471,-1.10426033151477,0.109975190655908,-0.435892236124252,0.680162062861558,0.458086946653057,-1.55000756701584,-1.29921325880848,-1.30255245252115,-0.512847339003348,0.491310799636483,-0.474921007368486,-0.687917837575471,0.107921185537996
"season",2025,"buffer_2025",643376,93,739.333333333333,5946,0,358.905555555555,TRUE,"2025-03-28","2025-09-28",-5.92265278569004,-2.72520176052314,-0.801080178407129,0.395921744420549,-2.05468248773625,0.0385962905775819,-0.860913129833276,-0.473269747953712,-5.83270158281564,-5.84149469433713,-0.788913649614379,0.275782154691865,-1.20847389830117,-0.758562286567509,-5.92265278569004,-2.72520176052314,-0.801080178407129,0.395921744420549,-2.05468248773625,0.0385962905775819,-5.83270158281564,-5.84149469433713,-0.788913649614379,0.275782154691865,-1.20847389830117,-0.758562286567509,-2.70017066390499
"season",2025,"buffer_2025",644433,8,55.3333333333333,467,0,358.905555555555,FALSE,"2025-03-30","2025-06-30",0.0774900014178997,0.328618428722464,0.140042171237168,1.35455935476368,0.992150687365126,-1.31829463947089,-0.0966585223002635,0.831210946836789,0.243007176959257,0.242316564264919,0.43916959691432,1.00609969506776,1.00743800476514,-0.354636074672356,0.0774900014178997,0.328618428722464,0.140042171237168,1.35455935476368,0.992150687365126,-1.31829463947089,0.243007176959257,0.242316564264919,0.43916959691432,1.00609969506776,1.00743800476514,-0.354636074672356,0.333726547974675
"season",2025,"buffer_2025",645305,11,51.3333333333333,472,0,358.905555555555,FALSE,"2025-05-25","2025-09-13",1.02177365122503,1.27559081972129,1.99046815173706,1.42313670297832,1.12632728857677,3.86457964062588,1.44606762824488,2.27415479092425,1.05826950114512,1.05757149431059,2.06156396326972,1.15690522047048,1.99189468720789,2.65164445694531,1.02177365122503,1.27559081972129,1.99046815173706,1.42313670297832,1.12632728857677,3.86457964062588,1.05826950114512,1.05757149431059,2.06156396326972,1.15690522047048,1.99189468720789,2.65164445694531,1.2969562068076
"season",2025,"buffer_2025",645444,57,486.666666666667,4236,0,358.905555555555,TRUE,"2025-03-28","2025-08-19",-4.29423384754916,-2.01633230994287,-0.882376817989553,0.518585584260881,-0.871556385603766,-1.16169174115849,-0.981861003723779,-0.52091145613753,-1.62973271814447,-1.63599703371881,-0.334876585920097,0.348595311599984,-0.324996484463961,-0.446888396773756,-4.29423384754916,-2.01633230994287,-0.882376817989553,0.518585584260881,-0.871556385603766,-1.16169174115849,-1.62973271814447,-1.63599703371881,-0.334876585920097,0.348595311599984,-0.324996484463961,-0.446888396773756,-1.94551846288496
"season",2025,"buffer_2025",650968,46,324,2681,0,358.905555555555,FALSE,"2025-04-07","2025-08-28",0.924473854904215,2.36617688189252,0.285331436698832,0.588766466800862,-0.626014004173775,1.17524371215432,0.0148416015459858,0.401222487103159,0.457914849415976,0.4539501114427,0.141331743646906,0.424155706278518,-0.739325581047951,0.949288074457609,0.924473854904215,2.36617688189252,0.285331436698832,0.588766466800862,-0.626014004173775,1.17524371215432,0.457914849415976,0.4539501114427,0.141331743646906,0.424155706278518,-0.739325581047951,0.949288074457609,2.36763386468634
"season",2025,"buffer_2025",656180,80,642.333333333333,5644,0,358.905555555555,TRUE,"2025-03-29","2025-09-28",-12.0114390358657,-8.9763879786773,-1.86996975130239,0.423916608846061,-2.50219094863078,-1.78394437557653,-1.97434648899709,-1.65775298439965,-10.1231127804514,-10.131459285905,-1.57599057298154,0.320860583368726,-2.04175440089118,-1.56521508201455,-12.0114390358657,-8.9763879786773,-1.86996975130239,0.423916608846061,-2.50219094863078,-1.78394437557653,-10.1231127804514,-10.131459285905,-1.57599057298154,0.320860583368726,-2.04175440089118,-1.56521508201455,-8.91495269591841
"season",2025,"buffer_2025",656577,35,248.333333333333,2155,0,358.905555555555,FALSE,"2025-07-08","2025-09-25",1.02575212492559,2.18459957854729,0.413054546949901,0.658067786873079,-0.442902370048066,1.21834488865929,0.262812669864292,0.703055272583949,1.51431485130226,1.51112797687764,0.609791215289501,0.502927172659605,0.110874291407848,1.18082458781586,1.02575212492559,2.18459957854729,0.413054546949901,0.658067786873079,-0.442902370048066,1.21834488865929,1.51431485130226,1.51112797687764,0.609791215289501,0.502927172659605,0.110874291407848,1.18082458781586,2.19921831303756
"season",2025,"buffer_2025",657136,61,454,3843,0,358.905555555555,TRUE,"2025-03-27","2025-09-28",-0.715235150547853,1.35133132939099,-0.157540782058999,0.497439457020119,0.184378135307173,-0.569354169898396,-0.26096528741964,0.0208421409830062,-0.0615718397066837,-0.0672549758615892,-0.0135620792305471,0.358463697306759,0.346919924992374,-0.391452288587497,-0.715235150547853,1.35133132939099,-0.157540782058999,0.497439457020119,0.184378135307173,-0.569354169898396,-0.0615718397066837,-0.0672549758615892,-0.0135620792305471,0.358463697306759,0.346919924992374,-0.391452288587497,1.33767914561963
"season",2025,"buffer_2025",660688,66,557,4940,0,358.905555555555,TRUE,"2025-03-27","2025-07-05",-9.34270046737748,-6.68622416998016,-1.67732503902648,0.452619236315926,-2.93634185203034,-0.751480116248535,-1.77533554703053,-1.36661974806847,-9.6439752716325,-9.65128068214648,-1.73141387282451,0.337679162714364,-2.94600597384601,-0.868437527309065,-9.34270046737748,-6.68622416998016,-1.67732503902648,0.452619236315926,-2.93634185203034,-0.751480116248535,-9.6439752716325,-9.65128068214648,-1.73141387282451,0.337679162714364,-2.94600597384601,-0.868437527309065,-6.62960064155607
"season",2025,"buffer_2025",661388,128,1111.33333333333,9591,0,358.905555555555,TRUE,"2025-03-27","2025-09-26",-0.717070648373677,4.44047270554084,-0.0645234536628984,0.321822345340611,-0.17068599020079,0.0180275859309227,-0.127295022216761,0.0894828551752029,-0.26531646524973,-0.279499904974346,-0.0238737071310495,0.236561425476806,0.216399399543697,-0.263765340204678,-0.717070648373677,4.44047270554084,-0.0645234536628984,0.321822345340611,-0.17068599020079,0.0180275859309227,-0.26531646524973,-0.279499904974346,-0.0238737071310495,0.236561425476806,0.216399399543697,-0.263765340204678,4.54170124168317
"season",2025,"buffer_2025",663584,31,195.333333333333,1803,0,358.905555555555,FALSE,"2025-03-27","2025-09-16",3.43413324839267,4.40369332211885,1.75808869371638,0.790754067775878,0.935725121521574,2.9391894039634,1.33782430685678,1.92862469234002,1.45370956077198,1.45104323381718,0.744219911658011,0.576824522919924,0.118285215753421,1.54080966158893,3.43413324839267,4.40369332211885,1.75808869371638,0.790754067775878,0.935725121521574,2.9391894039634,1.45370956077198,1.45104323381718,0.744219911658011,0.576824522919924,0.118285215753421,1.54080966158893,4.44035294536689
"season",2025,"buffer_2025",663698,83,658.666666666667,5833,0,358.905555555555,TRUE,"2025-03-27","2025-09-28",-2.19319012770784,0.943495346526687,-0.332974209672244,0.400291395673475,-0.265743513594608,-0.489901133988646,-0.417266876097619,-0.0458649609821781,-2.17253672126666,-2.18116272521971,-0.32983857104251,0.307322094924769,0.194404861519981,-0.958087393102784,-2.19319012770784,0.943495346526687,-0.332974209672244,0.400291395673475,-0.265743513594608,-0.489901133988646,-2.17253672126666,-2.18116272521971,-0.32983857104251,0.307322094924769,0.194404861519981,-0.958087393102784,1.00586385077803
"season",2025,"buffer_2025",663728,121,1071.33333333333,8781,0,358.905555555555,TRUE,"2025-03-27","2025-09-26",13.4576110150155,18.179578295875,1.25615535298838,0.315209246716252,1.93791455322724,1.14344654499668,1.07474842084877,1.33123069354549,12.2980302626569,12.2850446736441,1.14791819502087,0.22993309806693,1.70509650235199,1.10812727813416,13.4576110150155,18.179578295875,1.25615535298838,0.315209246716252,1.93791455322724,1.14344654499668,12.2980302626569,12.2850446736441,1.14791819502087,0.22993309806693,1.70509650235199,1.10812727813416,18.3735852731697
"season",2025,"buffer_2025",663743,91,585.666666666667,4957,0,358.905555555555,TRUE,"2025-03-27","2025-09-27",6.40535757773745,9.07097559518654,1.09368655282939,0.447946833997827,1.22977215436721,1.3673341857319,0.898809393225303,1.18326047741574,5.34562139948367,5.33829084889302,0.912741274812237,0.316317106368295,1.19087862982796,0.942962236509362,6.40535757773745,9.07097559518654,1.09368655282939,0.447946833997827,1.22977215436721,1.3673341857319,5.34562139948367,5.33829084889302,0.912741274812237,0.316317106368295,1.19087862982796,0.942962236509362,9.16402029734996
"season",2025,"buffer_2025",663886,69,585.666666666667,4934,0,358.905555555555,TRUE,"2025-05-03","2025-09-28",-6.80838346744616,-4.15513365947887,-1.16250144577908,0.441010195167523,-1.84116528784334,-0.912594882795245,-1.29491763089036,-1.05043063849384,-6.65881355433129,-6.66611009187704,-1.13696304285679,0.32026413121931,-1.36501825975292,-1.33393440039363,-6.80838346744616,-4.15513365947887,-1.16250144577908,0.441010195167523,-1.84116528784334,-0.912594882795245,-6.65881355433129,-6.66611009187704,-1.13696304285679,0.32026413121931,-1.36501825975292,-1.33393440039363,-4.10090585253368
"season",2025,"buffer_2025",663967,8,34,286,0,358.905555555555,FALSE,"2025-05-27","2025-09-02",-0.0502389795851613,0.103557016579947,-0.147761704662239,1.6793356087543,1.33965816436438,-1.05471318698023,-0.979896459338128,0.142868158733155,0.12975869921243,0.129335754393199,0.381643232977735,1.27734854291326,-0.336587173031634,0.912156642987577,-0.0502389795851613,0.103557016579947,-0.147761704662239,1.6793356087543,1.33965816436438,-1.05471318698023,0.12975869921243,0.129335754393199,0.381643232977735,1.27734854291326,-0.336587173031634,0.912156642987577,0.115598302558011
"season",2025,"buffer_2025",664954,3,23,156,0,358.905555555555,FALSE,"2025-06-09","2025-06-15",-0.431535221577916,-0.347646496396948,-1.87624009381703,2.00576739459105,-4.10061888503958,0.32834546577444,-2.1289397444188,-1.32026974135209,-0.244523879468255,-0.24475457664238,-1.06314730203589,1.24826069831487,-1.79414280322723,-1.04175135992524,-0.431535221577916,-0.347646496396948,-1.87624009381703,2.00576739459105,-4.10061888503958,0.32834546577444,-0.244523879468255,-0.24475457664238,-1.06314730203589,1.24826069831487,-1.79414280322723,-1.04175135992524,-0.349340308088475
"season",2025,"buffer_2025",665561,42,283,2202,0,358.905555555555,FALSE,"2025-03-29","2025-09-28",-0.597710399278316,0.586411221545349,-0.211205088084211,0.606377459725015,-0.987305092149547,0.832943653387389,-0.338398950408287,0.271473441113312,0.785208679864737,0.78195230052227,0.277458897478706,0.443908436674613,0.103596706948643,0.746886234851443,-0.597710399278316,0.586411221545349,-0.211205088084211,0.606377459725015,-0.987305092149547,0.832943653387389,0.785208679864737,0.78195230052227,0.277458897478706,0.443908436674613,0.103596706948643,0.746886234851443,0.628207973289844
"season",2025,"buffer_2025",665804,27,229.666666666667,1946,0,358.905555555555,FALSE,"2025-03-18","2025-08-13",-2.47209423447563,-1.42563616266688,-1.07638355637545,0.66561588248938,-1.23998968315627,-1.30533737237478,-1.27191078708935,-0.845974560190074,-1.36229463076372,-1.36517243012814,-0.593161667966787,0.510271842901187,-0.279537161696719,-1.18475321711918,-2.47209423447563,-1.42563616266688,-1.07638355637545,0.66561588248938,-1.23998968315627,-1.30533737237478,-1.36229463076372,-1.36517243012814,-0.593161667966787,0.510271842901187,-0.279537161696719,-1.18475321711918,-1.41004305138311
"season",2025,"buffer_2025",665861,11,85,764,0,358.905555555555,FALSE,"2025-09-08","2025-09-28",-0.254819039053634,0.156020615037774,-0.299787104768981,1.33817645235023,-2.84388816669592,3.81552683435286,-0.556773198355821,0.277010550809584,-0.96949355023577,-0.97062337485777,-1.1405806473362,0.881670050213235,-3.16089500006576,1.85795996456782,-0.254819039053634,0.156020615037774,-0.299787104768981,1.33817645235023,-2.84388816669592,3.81552683435286,-0.96949355023577,-0.97062337485777,-1.1405806473362,0.881670050213235,-3.16089500006576,1.85795996456782,0.154113841546749
"season",2025,"buffer_2025",665966,112,951.666666666667,7860,0,358.905555555555,TRUE,"2025-03-29","2025-09-27",3.74266241076868,7.96936356411746,0.393274509012471,0.332376256123049,0.604476847910724,0.350823524517966,0.240253305155034,0.450399438739099,3.84722548948315,3.83560190109451,0.404261872800331,0.247697882578425,0.724080475228088,0.260285946603938,3.74266241076868,7.96936356411746,0.393274509012471,0.332376256123049,0.604476847910724,0.350823524517966,3.84722548948315,3.83560190109451,0.404261872800331,0.247697882578425,0.724080475228088,0.260285946603938,8.08238058029774
"season",2025,"buffer_2025",666023,101,803.333333333333,6773,0,358.905555555555,TRUE,"2025-03-29","2025-09-28",-3.55917757861736,0.0829912396563372,-0.443051150865232,0.381557764739977,-1.12505244075638,0.130995379418565,-0.503358180019826,-0.356741759214304,-1.77901680428906,-1.78903290659901,-0.221454373977891,0.271120550734506,-0.457204031764445,-0.0496487880739007,-3.55917757861736,0.0829912396563372,-0.443051150865232,0.381557764739977,-1.12505244075638,0.130995379418565,-1.77901680428906,-1.78903290659901,-0.221454373977891,0.271120550734506,-0.457204031764445,-0.0496487880739007,0.125287097375323
"season",2025,"buffer_2025",666163,44,325,2782,0,358.905555555555,FALSE,"2025-03-30","2025-09-28",0.363384571369651,1.85940017043025,0.111810637344508,0.586706191762226,-0.251669910865222,0.46163006458528,-0.175337319795664,0.22290685975418,0.446652356462192,0.44253825685695,0.137431494296059,0.434207930629698,-1.04031177027435,1.20033189261326,0.363384571369651,1.85940017043025,0.111810637344508,0.586706191762226,-0.251669910865222,0.46163006458528,0.446652356462192,0.44253825685695,0.137431494296059,0.434207930629698,-1.04031177027435,1.20033189261326,1.88630774732056
"season",2025,"buffer_2025",666165,7,39,374,0,358.905555555555,FALSE,"2025-04-08","2025-04-26",-0.527301243436503,-0.326183402297516,-1.35205447035001,1.58229509046662,-1.13506725493895,-1.93185865098031,-1.64336580266231,-0.440299338684984,-0.575163455475237,-0.575716537161923,-1.47477809096215,1.27381057580413,-1.67030121737981,-1.28635393191615,-0.527301243436503,-0.326183402297516,-1.35205447035001,1.58229509046662,-1.13506725493895,-1.93185865098031,-0.575163455475237,-0.575716537161923,-1.47477809096215,1.27381057580413,-1.67030121737981,-1.28635393191615,-0.325154235930826
"season",2025,"buffer_2025",666310,119,945.333333333333,8368,0,358.905555555555,TRUE,"2025-03-27","2025-09-28",-7.05466908355739,-2.55479182513213,-0.746262596991262,0.35602460065362,-0.659876782711532,-1.0452979961456,-1.08194181678073,-0.679524958434723,-5.95246301969936,-5.96483785273196,-0.629668161463262,0.256405378302715,-0.682574174760402,-0.743092737824098,-7.05466908355739,-2.55479182513213,-0.746262596991262,0.35602460065362,-0.659876782711532,-1.0452979961456,-5.95246301969936,-5.96483785273196,-0.629668161463262,0.256405378302715,-0.682574174760402,-0.743092737824098,-2.45699988851727
"season",2025,"buffer_2025",667690,1,9,87,0,358.905555555555,FALSE,"2025-09-01","2025-09-01",-0.144863958902375,-0.0980798621668349,-1.60959954335972,3.56731049468495,-1.66510297588936,,-2.49954857319988,-0.536829772575615,-0.421669943635852,-0.421798601675268,-4.68522159595391,2.77251207648853,-4.84678096133163,,-0.144863958902375,-0.0980798621668349,-1.60959954335972,3.56731049468495,-1.66510297588936,,-0.421669943635852,-0.421798601675268,-4.68522159595391,2.77251207648853,-4.84678096133163,,-0.10670483932058
"season",2025,"buffer_2025",668670,41,339,2822,0,358.905555555555,FALSE,"2025-03-27","2025-09-28",2.13538441554108,3.65290994413526,0.629906907239256,0.542547935076153,0.878115117316,0.627084754294261,0.278378087480878,0.737566138940434,2.287597871917,2.28342461919019,0.674807631833924,0.409804765583134,0.858956549915261,0.75904628475492,2.13538441554108,3.65290994413526,0.629906907239256,0.542547935076153,0.878115117316,0.627084754294261,2.287597871917,2.28342461919019,0.674807631833924,0.409804765583134,0.858956549915261,0.75904628475492,3.65432149951789
"season",2025,"buffer_2025",668800,32,234,2027,0,358.905555555555,FALSE,"2025-06-05","2025-09-27",-0.325735958577482,0.764279720536763,-0.139203401101488,0.713228161710374,-1.07746069201741,0.788279131418139,-0.254119743767973,0.164186059977413,1.41702727133514,1.41402968689954,0.605567209972282,0.502650183824578,0.290671980807494,1.12183178626768,-0.325735958577482,0.764279720536763,-0.139203401101488,0.713228161710374,-1.07746069201741,0.788279131418139,1.41702727133514,1.41402968689954,0.605567209972282,0.502650183824578,0.290671980807494,1.12183178626768,0.819827712284526
"season",2025,"buffer_2025",668939,73,573.333333333333,4890,0,358.905555555555,TRUE,"2025-03-27","2025-09-28",0.913752255924324,3.54334114140467,0.159375393475173,0.433364099177086,-0.637437046000551,1.00913951072617,0.0565204473760469,0.283545969356877,1.0559299658926,1.04869849678058,0.184173831260336,0.319046076953995,-0.483585681865868,0.91374436315729,0.913752255924324,3.54334114140467,0.159375393475173,0.433364099177086,-0.637437046000551,1.00913951072617,1.0559299658926,1.04869849678058,0.184173831260336,0.319046076953995,-0.483585681865868,0.91374436315729,3.60785934062297
"season",2025,"buffer_2025",668974,16,120.666666666667,1059,0,358.905555555555,FALSE,"2025-04-29","2025-06-22",1.11005564268678,1.67953102708835,0.919935615486284,0.88551426056804,2.0002965766352,0.112172172197196,0.581088629012901,1.11673776535789,1.15389944909721,1.15233337020362,0.956270261682769,0.677142685226705,1.55806657547246,0.62905336512016,1.11005564268678,1.67953102708835,0.919935615486284,0.88551426056804,2.0002965766352,0.112172172197196,1.15389944909721,1.15233337020362,0.956270261682769,0.677142685226705,1.55806657547246,0.62905336512016,1.71582455939042
"season",2025,"buffer_2025",669087,20,148.333333333333,1233,0,358.905555555555,FALSE,"2025-03-30","2025-05-31",0.375030147934928,1.03807372580758,0.252829313214558,0.87836057214188,-0.555226733114178,0.996200367712629,0.0971599678176571,0.538406110987539,0.352837589135072,0.351014194162655,0.237868037619149,0.634443290588808,-1.02636985630018,1.34310543206467,0.375030147934928,1.03807372580758,0.252829313214558,0.87836057214188,-0.555226733114178,0.996200367712629,0.352837589135072,0.351014194162655,0.237868037619149,0.634443290588808,-1.02636985630018,1.34310543206467,1.03417422918603
"season",2025,"buffer_2025",669127,108,928,8568,0,358.905555555555,TRUE,"2025-03-27","2025-09-27",-4.74084079453584,-0.133413888442672,-0.510866464928431,0.359571083049533,-0.452036758305564,-0.656030611002736,-0.594841493544007,-0.181577998165349,-4.8322251551278,-4.84489575376825,-0.520713917578427,0.259080030002629,-0.480219265920745,-0.64893259096044,-4.74084079453584,-0.133413888442672,-0.510866464928431,0.359571083049533,-0.452036758305564,-0.656030611002736,-4.8322251551278,-4.84489575376825,-0.520713917578427,0.259080030002629,-0.480219265920745,-0.64893259096044,-0.0912452287626507
"season",2025,"buffer_2025",669221,76,633,5630,0,358.905555555555,TRUE,"2025-04-08","2025-09-06",3.19448930028918,6.22201188214078,0.504658657233677,0.416632261625397,0.806252956778262,0.316909854022643,0.337479694932439,0.604363535314931,2.6862277461493,2.67790194428823,0.424364572851391,0.30919470422734,0.162334682279805,0.807270448260155,3.19448930028918,6.22201188214078,0.504658657233677,0.416632261625397,0.806252956778262,0.316909854022643,2.6862277461493,2.67790194428823,0.424364572851391,0.30919470422734,0.162334682279805,0.807270448260155,6.35379165969218
"season",2025,"buffer_2025",669224,122,1001.33333333333,8653,0,358.905555555555,TRUE,"2025-03-27","2025-09-28",10.1382564525107,14.7913919588627,1.01247567768083,0.326459773272506,1.47184686713039,0.900687129054633,0.956192522512721,1.11488963681863,13.1509631687065,13.1381668696827,1.31334518995072,0.242473495179914,1.53867223500061,1.50279543624209,10.1382564525107,14.7913919588627,1.01247567768083,0.326459773272506,1.47184686713039,0.900687129054633,13.1509631687065,13.1381668696827,1.31334518995072,0.242473495179914,1.53867223500061,1.50279543624209,15.0601802447294
"season",2025,"buffer_2025",669257,101,865.333333333333,7569,0,358.905555555555,TRUE,"2025-03-18","2025-09-09",-9.0266943082255,-4.95647789223353,-1.04314649170557,0.383447242899543,-1.47051818617353,-0.880762693344278,-1.29358058707686,-0.957889825240825,-9.02246514446142,-9.03365839389064,-1.04265775937536,0.268053454623709,-1.23657055686737,-1.14205488530368,-9.0266943082255,-4.95647789223353,-1.04314649170557,0.383447242899543,-1.47051818617353,-0.880762693344278,-9.02246514446142,-9.03365839389064,-1.04265775937536,0.268053454623709,-1.23657055686737,-1.14205488530368,-4.86239783547948
"season",2025,"buffer_2025",671056,14,101,834,0,358.905555555555,FALSE,"2025-03-27","2025-06-19",-0.558117648937621,-0.109635618162446,-0.552591731621407,1.04089174127473,-1.32153814860893,-0.0168734795388417,-1.2128633194379,-0.348382835827076,-0.340830840626725,-0.342064183211474,-0.337456277848242,0.745303150999469,-0.378779070105304,-0.438561075282525,-0.558117648937621,-0.109635618162446,-0.552591731621407,1.04089174127473,-1.32153814860893,-0.0168734795388417,-0.340830840626725,-0.342064183211474,-0.337456277848242,0.745303150999469,-0.378779070105304,-0.438561075282525,-0.092234896572167
"season",2025,"buffer_2025",672275,132,1029.66666666667,8913,0,358.905555555555,TRUE,"2025-03-27","2025-09-28",26.7530931331157,31.546043181436,2.59822853348485,0.336350669133373,2.8829396259565,3.12326968208499,2.49972426254906,2.73293607501174,21.8220137502693,21.8088329559553,2.11932797833628,0.243838201521968,2.11369036978023,2.79157479805707,26.7530931331157,31.546043181436,2.59822853348485,0.336350669133373,2.8829396259565,3.12326968208499,21.8220137502693,21.8088329559553,2.11932797833628,0.243838201521968,2.11369036978023,2.79157479805707,31.8038938878231
"season",2025,"buffer_2025",672386,118,965,8469,0,358.905555555555,TRUE,"2025-03-27","2025-09-28",20.615581228828,25.1697710593256,2.13632966101845,0.360546583978072,2.55000701041036,2.32718243260642,1.87645288206585,2.19877581139508,16.2010860391628,16.1885618444982,1.67886901960236,0.249248050766373,2.0417125025366,1.79394496962304,20.615581228828,25.1697710593256,2.13632966101845,0.360546583978072,2.55000701041036,2.32718243260642,16.2010860391628,16.1885618444982,1.67886901960236,0.249248050766373,2.0417125025366,1.79394496962304,25.3783583677302
"season",2025,"buffer_2025",672515,75,597,5399,0,358.905555555555,TRUE,"2025-03-27","2025-09-27",5.24196619812893,8.1452689369241,0.878051289468833,0.421916118995881,1.36770355206147,0.536078831777718,0.7726860005415,1.01483433845791,4.71443713083575,4.70645293825174,0.789687961614028,0.321043169839335,1.00235460732736,0.731673165508778,5.24196619812893,8.1452689369241,0.878051289468833,0.421916118995881,1.36770355206147,0.536078831777718,4.71443713083575,4.70645293825174,0.789687961614028,0.321043169839335,1.00235460732736,0.731673165508778,8.34946224698649
"season",2025,"buffer_2025",673237,113,990,8309,0,358.905555555555,TRUE,"2025-03-27","2025-09-28",-6.81957332900584,-2.35142321664261,-0.688845790808671,0.33486554969487,-0.978506282085599,-0.661189562443043,-0.759369218078788,-0.596719437168024,-4.56295381703786,-4.57524139921614,-0.46090442596342,0.242729063510561,-0.670163820646207,-0.426775447682889,-6.81957332900584,-2.35142321664261,-0.688845790808671,0.33486554969487,-0.978506282085599,-0.661189562443043,-4.56295381703786,-4.57524139921614,-0.46090442596342,0.242729063510561,-0.670163820646207,-0.426775447682889,-2.26653660143483
"season",2025,"buffer_2025",676439,34,233.333333333333,1847,0,358.905555555555,FALSE,"2025-08-02","2025-09-28",-1.16302658052261,-0.169805584309484,-0.498439963081119,0.695433620538487,-2.26232010872305,0.875534896780446,-0.617662289593576,-0.0893497821234829,0.82357042262434,0.820839027235812,0.352958752553288,0.477952318232525,-0.575586152130457,1.38765843227047,-1.16302658052261,-0.169805584309484,-0.498439963081119,0.695433620538487,-2.26232010872305,0.875534896780446,0.82357042262434,0.820839027235812,0.352958752553288,0.477952318232525,-0.575586152130457,1.38765843227047,-0.151674139700395
"season",2025,"buffer_2025",677943,7,26,240,0,358.905555555555,FALSE,"2025-08-23","2025-09-03",0.661475139761434,0.790534716962924,2.54413515292859,2.34110904146258,5.98959115364272,1.37038438511404,1.06569897735564,3.15873597910466,0.599053423361518,0.598698504632093,2.30405162831353,1.5305617422688,3.60953189573583,2.01885194564606,0.661475139761434,0.790534716962924,2.54413515292859,2.34110904146258,5.98959115364272,1.37038438511404,0.599053423361518,0.598698504632093,2.30405162831353,1.5305617422688,3.60953189573583,2.01885194564606,0.790575881064858
"season",2025,"buffer_2025",678011,1,1,18,0,358.905555555555,FALSE,"2025-08-01","2025-08-01",-0.294152331803648,-0.284472863513536,-29.4152331803648,21.7336228648876,-16.3417962113138,,-31.877476765786,-26.5005495667566,-0.16449018215376,-0.164516801058467,-16.449018215376,12.6610793333029,-9.13834345298667,,-0.294152331803648,-0.284472863513536,-29.4152331803648,21.7336228648876,-16.3417962113138,,-0.16449018215376,-0.164516801058467,-16.449018215376,12.6610793333029,-9.13834345298667,,-0.28285936482835
"season",2025,"buffer_2025",680728,5,33.3333333333333,255,0,358.905555555555,FALSE,"2025-07-30","2025-09-26",0.656161268939654,0.793287069716236,1.96848380681896,1.36752853372554,3.85831492223589,1.35671922581987,1.69985867223031,2.55628061645757,0.646881243636909,0.646504142486895,1.94064373091073,1.23745857470262,3.61017273085644,1.52076202298252,0.656161268939654,0.793287069716236,1.96848380681896,1.36752853372554,3.85831492223589,1.35671922581987,0.646881243636909,0.646504142486895,1.94064373091073,1.23745857470262,3.61017273085644,1.52076202298252,0.812427464409577
"season",2025,"buffer_2025",680777,88,699.666666666667,5800,0,358.905555555555,TRUE,"2025-03-27","2025-09-27",-2.64034113304902,0.478598649320302,-0.377371291050361,0.41015141837355,-1.00251905780414,0.0378838927743576,-0.582074655382362,-0.301681483058243,-2.53777179595282,-2.54634899858057,-0.362711547777917,0.28728158094866,-0.707400576629642,-0.19440432998949,-2.64034113304902,0.478598649320302,-0.377371291050361,0.41015141837355,-1.00251905780414,0.0378838927743576,-2.53777179595282,-2.54634899858057,-0.362711547777917,0.28728158094866,-0.707400576629642,-0.19440432998949,0.489075030027517
"season",2025,"buffer_2025",680779,83,681.333333333333,5410,0,358.905555555555,TRUE,"2025-04-12","2025-09-27",1.4607389020298,4.36995687144671,0.214394163703004,0.352534232332453,0.459612882838809,0.0798399120397888,0.150361833798879,0.514659445615274,1.53851362330446,1.53051316361202,0.225809240211026,0.286810122132756,0.154504680839784,0.414646591228983,1.4607389020298,4.36995687144671,0.214394163703004,0.352534232332453,0.459612882838809,0.0798399120397888,1.53851362330446,1.53051316361202,0.225809240211026,0.286810122132756,0.154504680839784,0.414646591228983,4.43535364017007
"season",2025,"buffer_2025",680862,31,249,2175,0,358.905555555555,FALSE,"2025-05-25","2025-09-28",-2.27842757236561,-1.10882515397711,-0.915031153560485,0.689087728661174,-0.956506812320937,-1.15026929330682,-1.06877465646394,-0.567087412275038,-2.33987132695208,-2.34308777793748,-0.939707360221718,0.48542082724042,-0.644221372459229,-1.56270458366594,-2.27842757236561,-1.10882515397711,-0.915031153560485,0.689087728661174,-0.956506812320937,-1.15026929330682,-2.33987132695208,-2.34308777793748,-0.939707360221718,0.48542082724042,-0.644221372459229,-1.56270458366594,-1.0727868466606
"season",2025,"buffer_2025",681351,99,869,7624,0,358.905555555555,TRUE,"2025-03-27","2025-09-27",-11.6595562016362,-7.55976363253558,-1.3417210818914,0.361752318619417,-1.44594192283966,-1.61084334486474,-1.44269944886716,-1.26328334084411,-8.28829435285357,-8.29956893782495,-0.953773803550468,0.266496444214112,-1.28846791166682,-0.890287624845995,-11.6595562016362,-7.55976363253558,-1.3417210818914,0.361752318619417,-1.44594192283966,-1.61084334486474,-8.28829435285357,-8.29956893782495,-0.953773803550468,0.266496444214112,-1.28846791166682,-0.890287624845995,-7.5123285508023
"season",2025,"buffer_2025",681508,19,122,1200,0,358.905555555555,FALSE,"2025-04-14","2025-09-20",-2.19068823375294,-1.5453903477455,-1.79564609324012,0.945686468472446,-1.54861476999425,-2.04540178009865,-2.39388848303338,-1.54871391365351,-2.11901364924419,-2.12078824289131,-1.73689643380671,0.7316479246626,-1.93144952677157,-1.63440052395888,-2.19068823375294,-1.5453903477455,-1.79564609324012,0.945686468472446,-1.54861476999425,-2.04540178009865,-2.11901364924419,-2.12078824289131,-1.73689643380671,0.7316479246626,-1.93144952677157,-1.63440052395888,-1.52087065427628
"season",2025,"buffer_2025",682515,4,21.6666666666667,192,0,358.905555555555,FALSE,"2025-06-11","2025-06-17",0.0702009832118228,0.173448644973014,0.324004537900721,3.05274930768049,10.0649944414761,-7.84152430421226,-0.379892474062079,1.00189172992298,0.113848820700386,0.113564885716847,0.525456095540245,1.75315846112625,5.34993438642298,-3.43216735870035,0.0702009832118228,0.173448644973014,0.324004537900721,3.05274930768049,10.0649944414761,-7.84152430421226,0.113848820700386,0.113564885716847,0.525456095540245,1.75315846112625,5.34993438642298,-3.43216735870035,0.189021688450489
"season",2025,"buffer_2025",682626,74,595.666666666667,5293,0,358.905555555555,TRUE,"2025-04-25","2025-09-28",-2.84191127152635,0.00439015400483039,-0.47709758335641,0.418347837925003,-1.13707115643072,0.0260948484984079,-0.665181130044622,-0.365016812962562,-3.26443594076383,-3.27226337757568,-0.548030655976021,0.317333656826451,-0.749715570301916,-0.492004631874889,-2.84191127152635,0.00439015400483039,-0.47709758335641,0.418347837925003,-1.13707115643072,0.0260948484984079,-3.26443594076383,-3.27226337757568,-0.548030655976021,0.317333656826451,-0.749715570301916,-0.492004631874889,0.153474954812296
"season",2025,"buffer_2025",682663,73,605.666666666667,5174,0,358.905555555555,TRUE,"2025-04-21","2025-09-26",1.44805119330113,4.2303605784699,0.239083851398094,0.424595330868225,-0.206690629304087,0.731612952254048,-0.271630384694087,0.329916741247163,0.563477001411831,0.55582554513666,0.0930341774482935,0.308913092436107,-0.00342728172647355,0.213199537902526,1.44805119330113,4.2303605784699,0.239083851398094,0.424595330868225,-0.206690629304087,0.731612952254048,0.563477001411831,0.55582554513666,0.0930341774482935,0.308913092436107,-0.00342728172647355,0.213199537902526,4.29385274872476
"season",2025,"buffer_2025",682848,9,58.3333333333333,515,0,358.905555555555,FALSE,"2025-03-30","2025-06-06",0.256689899975942,0.533630242720805,0.440039828530187,1.32433331501114,-0.103972172553753,1.36633858024779,-0.342217710187651,0.869404650855607,0.153305365674364,0.152543769234141,0.26280919829891,1.00714726290023,-0.580222881796397,1.56252664331976,0.256689899975942,0.533630242720805,0.440039828530187,1.32433331501114,-0.103972172553753,1.36633858024779,0.153305365674364,0.152543769234141,0.26280919829891,1.00714726290023,-0.580222881796397,1.56252664331976,0.54970708374303
"season",2025,"buffer_2025",686452,16,123.333333333333,1177,0,358.905555555555,FALSE,"2025-06-25","2025-08-27",3.174677820458,3.80760749698364,2.57406309766865,1.05855538892874,2.31430429779447,3.07957027734271,1.82522923377258,2.80226369062272,1.69862569788776,1.69688511728554,1.37726407936845,0.73641181625337,1.69912504832091,1.18767431150265,3.174677820458,3.80760749698364,2.57406309766865,1.05855538892874,2.31430429779447,3.07957027734271,1.69862569788776,1.69688511728554,1.37726407936845,0.73641181625337,1.69912504832091,1.18767431150265,3.84159446852129
"season",2025,"buffer_2025",686676,16,86,765,0,358.905555555555,FALSE,"2025-03-27","2025-09-26",-0.022432642204372,0.388944760125375,-0.0260844676795023,1.25156151106291,0.0184249597428237,-0.127685985887705,-0.421111041198442,0.198760101633333,-0.159295075449416,-0.160426378899456,-0.185226831917926,0.811662947510059,-0.0271223463768421,-0.58130826826137,-0.022432642204372,0.388944760125375,-0.0260844676795023,1.25156151106291,0.0184249597428237,-0.127685985887705,-0.159295075449416,-0.160426378899456,-0.185226831917926,0.811662947510059,-0.0271223463768421,-0.58130826826137,0.409526777627362
"season",2025,"buffer_2025",686780,110,901.666666666667,7684,0,358.905555555555,TRUE,"2025-03-27","2025-09-26",7.90633989569377,12.0383973590948,0.876858398783043,0.359468937729031,0.123109658952352,1.99467870340083,0.431460724288515,0.941552255773851,4.79511324930091,4.78374993464718,0.531805535966829,0.259752398622074,-0.213473536057242,1.51694966920351,7.90633989569377,12.0383973590948,0.876858398783043,0.359468937729031,0.123109658952352,1.99467870340083,4.79511324930091,4.78374993464718,0.531805535966829,0.259752398622074,-0.213473536057242,1.51694966920351,12.1221769601359
"season",2025,"buffer_2025",686948,97,759.666666666667,6395,0,358.905555555555,TRUE,"2025-03-27","2025-09-28",0.303415420857849,3.7423154050392,0.0399405994986199,0.375877030258264,0.791102008714327,-0.592167893807568,-0.272167339876529,0.120510913845468,-0.635728633382664,-0.645185738693781,-0.0836852084312414,0.271756034779736,0.132066421772999,-0.298501757581565,0.303415420857849,3.7423154050392,0.0399405994986199,0.375877030258264,0.791102008714327,-0.592167893807568,-0.635728633382664,-0.645185738693781,-0.0836852084312414,0.271756034779736,0.132066421772999,-0.298501757581565,3.8664984019981
"season",2025,"buffer_2025",687221,41,325.333333333333,2608,0,358.905555555555,FALSE,"2025-05-15","2025-09-27",-3.62420921011643,-2.22176180452691,-1.11399873261775,0.519295358061681,-1.53607995655249,-1.22860224594664,-1.44239900949849,-1.00587275240531,-2.33882049308002,-2.34267727660643,-0.718899741725416,0.405831623056957,-0.800423763981519,-1.00277103983999,-3.62420921011643,-2.22176180452691,-1.11399873261775,0.519295358061681,-1.53607995655249,-1.22860224594664,-2.33882049308002,-2.34267727660643,-0.718899741725416,0.405831623056957,-0.800423763981519,-1.00277103983999,-2.20855955708371
"season",2025,"buffer_2025",689414,62,437.333333333333,3838,0,358.905555555555,TRUE,"2025-03-28","2025-09-27",-4.28619545522398,-2.22231771647683,-0.980075180310362,0.493489794721008,-1.4358324829718,-0.823873655174805,-1.24054209103598,-0.882475566487156,-0.50142609669272,-0.50710183870743,-0.11465535747547,0.358710777796997,-0.0784833280605256,-0.178536843101217,-4.28619545522398,-2.22231771647683,-0.980075180310362,0.493489794721008,-1.4358324829718,-0.823873655174805,-0.50142609669272,-0.50710183870743,-0.11465535747547,0.358710777796997,-0.0784833280605256,-0.178536843101217,-2.18183873074802
"season",2025,"buffer_2025",690924,32,249,2276,0,358.905555555555,FALSE,"2025-04-16","2025-09-26",-1.79236560416482,-0.568450613704032,-0.719825543841294,0.688359392019889,0.104839489267819,-1.73315171592528,-0.996000955795982,-0.518044284752272,-3.19276576285117,-3.19613157546854,-1.28223524612497,0.507719059312211,-1.14876975561394,-1.67199672310158,-1.79236560416482,-0.568450613704032,-0.719825543841294,0.688359392019889,0.104839489267819,-1.73315171592528,-3.19276576285117,-3.19613157546854,-1.28223524612497,0.507719059312211,-1.14876975561394,-1.67199672310158,-0.584634745378767
"season",2025,"buffer_2025",691011,1,2,24,0,358.905555555555,FALSE,"2025-09-13","2025-09-13",0.130381909562446,0.143287867282595,6.5190954781223,3.46906202897997,5.43257956510192,,6.15102701456046,7.27561654103306,0.235852301439483,0.23581680956654,11.7926150719741,5.04062138980679,9.82717922664512,,0.130381909562446,0.143287867282595,6.5190954781223,3.46906202897997,5.43257956510192,,0.235852301439483,0.23581680956654,11.7926150719741,5.04062138980679,9.82717922664512,,0.141701308291297
"season",2025,"buffer_2025",691019,61,501.666666666667,4602,0,358.905555555555,TRUE,"2025-06-06","2025-09-28",-2.49398792767692,-0.0192705348383592,-0.497140450699718,0.482127264965582,-0.173960221675533,-0.931305028261452,-0.614364467017726,-0.388792926741046,-1.06099463978282,-1.06780020641953,-0.211493948129465,0.352234507719091,0.405691701301955,-0.903784080976407,-2.49398792767692,-0.0192705348383592,-0.497140450699718,0.482127264965582,-0.173960221675533,-0.931305028261452,-1.06099463978282,-1.06780020641953,-0.211493948129465,0.352234507719091,0.405691701301955,-0.903784080976407,0.0367555032794566
"season",2025,"buffer_2025",693307,118,1011.66666666667,8498,0,358.905555555555,TRUE,"2025-03-28","2025-09-27",11.8886101512658,16.4583946806752,1.17515092104769,0.325989117169028,1.25214997806117,1.54603590309695,0.815205595519369,1.2434445138129,9.94097990438641,9.92841282370872,0.982633927945938,0.240581934532762,1.12415540775847,1.21551368596265,11.8886101512658,16.4583946806752,1.17515092104769,0.325989117169028,1.25214997806117,1.54603590309695,9.94097990438641,9.92841282370872,0.982633927945938,0.240581934532762,1.12415540775847,1.21551368596265,16.5989401391505
"season",2025,"buffer_2025",694208,1,6,36,0,358.905555555555,FALSE,"2025-09-28","2025-09-28",0.114171503956656,0.133530440536879,1.9028583992776,3.08518738455375,3.17143066546266,,1.27737861645146,2.58977836421499,0.0663080259888329,0.0662547881794193,1.10513376648055,2.9740126828546,1.84188961080091,,0.114171503956656,0.133530440536879,1.9028583992776,3.08518738455375,3.17143066546266,,0.0663080259888329,0.0662547881794193,1.10513376648055,2.9740126828546,1.84188961080091,,0.131863911986399
"season",2025,"buffer_2025",694212,22,178.333333333333,1449,0,358.905555555555,FALSE,"2025-08-18","2025-09-27",-2.56404238918652,-1.78484519183253,-1.43778077898309,0.77132389427957,-2.82848777348746,-0.369455089838719,-1.76554086959173,-1.2721133490824,-1.90002214641236,-1.90216496824126,-1.06543297929665,0.553199681688363,-1.78926956687023,-0.679286464333998,-2.56404238918652,-1.78484519183253,-1.43778077898309,0.77132389427957,-2.82848777348746,-0.369455089838719,-1.90002214641236,-1.90216496824126,-1.06543297929665,0.553199681688363,-1.78926956687023,-0.679286464333998,-1.75994323334527
"season",2025,"buffer_2025",695600,10,66.6666666666667,544,0,358.905555555555,FALSE,"2025-09-06","2025-09-28",1.0595282072446,1.35206324890131,1.5892923108669,1.35524780156332,-0.969433429718697,4.2165142598616,1.1440765957824,1.8871726900469,0.364663438937987,0.363858956484626,0.546995158406981,0.944087713337339,-0.467039500233143,1.55496352939044,1.0595282072446,1.35206324890131,1.5892923108669,1.35524780156332,-0.969433429718697,4.2165142598616,0.364663438937987,0.363858956484626,0.546995158406981,0.944087713337339,-0.467039500233143,1.55496352939044,1.35233178223552
"season",2025,"buffer_2025",695670,4,14,124,0,358.905555555555,FALSE,"2025-09-07","2025-09-27",-0.233755741271069,-0.167074959716966,-1.66968386622192,1.97365896329218,-0.56345989217228,-2.28858320419024,-2.23026195604384,-1.18605549472873,-0.37626961077551,-0.376452985452379,-2.68764007696793,2.06440813965111,-2.1420375137503,-3.30684760922896,-0.233755741271069,-0.167074959716966,-1.66968386622192,1.97365896329218,-0.56345989217228,-2.28858320419024,-0.37626961077551,-0.376452985452379,-2.68764007696793,2.06440813965111,-2.1420375137503,-3.30684760922896,-0.16229387554859
"season",2025,"buffer_2025",696100,104,841.333333333333,7381,0,358.905555555555,TRUE,"2025-03-28","2025-09-28",-0.346319309821439,3.6228004373627,-0.041163150929648,0.351944394775069,-0.277011602609676,0.175025482575466,-0.175544547787805,0.0432000334180593,0.584533148599495,0.57361791884166,0.0694769986449478,0.269113769891241,-0.0589014783960074,0.21240141237866,-0.346319309821439,3.6228004373627,-0.041163150929648,0.351944394775069,-0.277011602609676,0.175025482575466,0.584533148599495,0.57361791884166,0.0694769986449478,0.269113769891241,-0.0589014783960074,0.21240141237866,3.79082203197628
"season",2025,"buffer_2025",699625,14,105.333333333333,926,0,358.905555555555,FALSE,"2025-08-29","2025-09-28",-0.386439973074616,0.111514895627797,-0.366873392159446,1.10659718411428,-1.40001402248461,0.544372754750712,-0.666469307706872,-0.141443071502631,-0.722517358113832,-0.723886752878194,-0.68593420074098,0.790336022037428,-1.83656791861075,0.253484505576689,-0.386439973074616,0.111514895627797,-0.366873392159446,1.10659718411428,-1.40001402248461,0.544372754750712,-0.722517358113832,-0.723886752878194,-0.68593420074098,0.790336022037428,-1.83656791861075,0.253484505576689,0.125225400340196
"season",2025,"buffer_2025",700250,36,229.666666666667,2046,0,358.905555555555,FALSE,"2025-04-27","2025-09-27",0.428343737093914,1.52857663273661,0.18650670700751,0.665265563493426,0.225871997672966,0.196126953531263,0.0494015657135752,0.351416146466268,0.274464986420416,0.271439304252074,0.119505799602503,0.509935743583094,0.0222095571515305,0.223815395609615,0.428343737093914,1.52857663273661,0.18650670700751,0.665265563493426,0.225871997672966,0.196126953531263,0.274464986420416,0.271439304252074,0.119505799602503,0.509935743583094,0.0222095571515305,0.223815395609615,1.56916138460407
"season",2025,"buffer_2025",700337,72,578.666666666667,4949,0,358.905555555555,TRUE,"2025-04-17","2025-09-26",-11.661129453078,-8.99981342153562,-2.01517214050887,0.466476112834014,-2.4725427660372,-2.24077285220711,-2.13308238445799,-1.92734729214132,-11.7677741105839,-11.7750928305502,-2.03360151680597,0.315832225332466,-2.45098938134989,-2.30512859290174,-11.661129453078,-8.99981342153562,-2.01517214050887,0.466476112834014,-2.4725427660372,-2.24077285220711,-11.7677741105839,-11.7750928305502,-2.03360151680597,0.315832225332466,-2.45098938134989,-2.30512859290174,-9.04365835389807
"season",2025,"buffer_2025",804668,1,9,80,0,358.905555555555,FALSE,"2025-09-23","2025-09-23",-0.331066586562202,-0.288046727495039,-3.67851762846891,3.14052193305285,-4.13833233202752,,-4.32380431084559,-2.9248482212284,-0.22635239074516,-0.226470696988301,-2.51502656383511,2.67474252267285,-2.8294048843145,,-0.331066586562202,-0.288046727495039,-3.67851762846891,3.14052193305285,-4.13833233202752,,-0.22635239074516,-0.226470696988301,-2.51502656383511,2.67474252267285,-2.8294048843145,,-0.29369126135527
"season",2026,"abs_2026",506702,21,134.666666666667,1126,37,345.563888888889,FALSE,"2026-05-13","2026-06-17",1.90588085700264,2.4633192586101,1.41525806213067,1.04170241446586,1.66435518438079,1.73234005487196,1.22543783330888,1.71499115534608,0.681645412076895,0.673074382601546,0.506172335700664,0.640704964915659,0.671749901260574,0.512038412494523,2.04605010420917,2.62011944617132,1.51934413678899,0.826763228206804,1.79839807174242,1.99007116601304,1.1958560545845,1.4205616954998,0.888011921721166,0.592817488950935,1.29496243817431,0.825907644766603,2.46673599699454
"season",2026,"abs_2026",518595,27,202.666666666667,1837,31,345.563888888889,FALSE,"2026-03-29","2026-09-18",-3.38308783790636,-2.47366124487536,-1.66928676212485,0.732159125150506,-0.870150100293463,-3.11778499156206,-1.82715125745647,-1.51117784226195,-2.90940026364087,-2.92338337300696,-1.43555934061227,0.547987426695816,-1.02942917188218,-2.31197183547577,-3.04435944762162,-2.09232158574501,-1.50215104323435,0.70771727714193,-1.01168157078894,-2.57227455896433,-2.75645077822879,-2.38379844811583,-1.36009084452079,0.530020172403435,-1.17105024967857,-1.99352977186998,-2.55865343260837
"season",2026,"abs_2026",521692,44,377.333333333333,3316,115,345.563888888889,TRUE,"2026-03-27","2026-08-12",-6.60215587055085,-4.96053443206919,-1.74968795155941,0.577371141217653,-1.17338962703282,-2.78240794591117,-1.90133547706605,-1.51889319647901,-6.42789015704655,-6.45313130601658,-1.70350445858124,0.397866792797743,-1.46744689460895,-2.39435268364354,-4.70213365442822,-3.01471770987283,-1.24614849498981,0.505034196721289,-0.915575318706196,-2.00834339967454,-4.79152525249485,-4.13102685344081,-1.26983884783433,0.370240150857735,-1.23959680447139,-1.74766335683532,-5.15304864351012
"season",2026,"abs_2026",543309,48,388,3093,87,345.563888888889,TRUE,"2026-03-29","2026-07-19",-2.92034350616392,-1.38912061435941,-0.752665852104104,0.497545103112636,-1.91830887811915,0.00569230569861155,-0.886782811220183,-0.653363114063229,-2.61480505488292,-2.63834874419664,-0.673918828578072,0.373417343884835,-1.64402044178593,-0.0666576246971917,-3.08320525512331,-1.49858409631872,-0.794640529670957,0.419219096282535,-1.72994666119862,-0.339004211501025,-2.70895388756035,-2.08869203577764,-0.698183991639265,0.352384608956227,-1.51329586852197,-0.304351392032681,-1.47327862065662
"season",2026,"abs_2026",543510,40,334,2825,109,345.563888888889,FALSE,"2026-03-28","2026-09-13",-7.48701540906611,-6.08846879757314,-2.24162137995991,0.610156053427076,-2.96422049971025,-2.30135988490057,-2.35827594849922,-1.99990568337729,-5.18178086539482,-5.2032845583503,-1.5514313968248,0.418615291687079,-2.17757755966271,-1.45270779833809,-5.49996575950848,-4.06821889746148,-1.64669633518218,0.520830340698924,-2.22202332082965,-1.80596610476056,-3.66085208484668,-3.10042920080082,-1.09606349845709,0.386039050418749,-1.61238861270212,-1.05376078435665,-6.24070873661955
"season",2026,"abs_2026",543877,79,644,5715,168,345.563888888889,TRUE,"2026-03-29","2026-09-18",2.80902248041335,5.6382946519823,0.436183614971016,0.385814656318904,0.0739359954418713,0.93985699198144,0.316267665217388,0.508592235256321,3.85552216070292,3.81201999955583,0.59868356532654,0.295966198058251,0.528459198816547,0.831571622425528,1.88270942749236,4.80682571754196,0.292346184393224,0.333591526859371,0.0657083832132244,0.63454503582042,2.88973435679928,4.03430937071768,0.448716515030944,0.278387000596372,0.562701753391838,0.475938070639777,5.8066183113592
"season",2026,"abs_2026",553869,74,508,4369,126,345.563888888889,TRUE,"2026-04-19","2026-09-18",2.86904741945128,5.03196782497792,0.564773114065212,0.454659844737149,0.53345012650414,0.791306360582057,0.471546211428805,0.687878018908598,-0.31870244526405,-0.351958953059607,-0.0627367018236319,0.336351561928606,-0.117696810931557,-0.0240593963262305,0.494177565776547,2.7308866731644,0.09727904838121,0.388429480718035,0.284856009987128,-0.0677927978109164,-0.865800901825554,0.00970509854505386,-0.170433248390857,0.317456265268611,-0.0942806672988893,-0.324176042657412,5.03320875934992
"season",2026,"abs_2026",571912,16,109,1010,27,345.563888888889,FALSE,"2026-07-06","2026-09-20",3.00281276095982,3.50282411586527,2.75487409262369,1.06817942270682,2.2498607760457,3.54729128608773,2.56574553851772,2.99353213226633,2.44947876273208,2.44179071675508,2.24722822268998,0.749384062662196,2.35486806526132,2.48108834380155,1.59682374430094,2.11501489503444,1.4649759122027,1.00921941991091,0.591099051620717,2.44470010373345,1.06540599332268,1.26823945982381,0.977436691121725,0.708807387678911,0.845227179558108,1.27323388725347,3.62714746790045
"season",2026,"abs_2026",592663,116,998.666666666667,8529,194,345.563888888889,TRUE,"2026-03-26","2026-09-20",2.41773569887652,6.6401088137167,0.24209636504104,0.31244266386985,0.73171508959789,-0.182455713918103,0.1657342701473,0.317771557921375,2.21578423494938,2.15086211204063,0.221874255836052,0.234755496197947,0.622611074941184,-0.117337663275932,0.730484448203608,5.12430259811588,0.0731459727840729,0.282447995813636,0.345122830735643,-0.180113181495874,0.952021367287055,2.67187583655149,0.0953292423852191,0.224184134559772,0.43622080193875,-0.220626730335461,6.71857461948432
"season",2026,"abs_2026",595978,75,584.666666666667,5097,159,345.563888888889,TRUE,"2026-03-30","2026-09-19",-0.73328170990758,1.79004291974894,-0.125418764522391,0.430347118445943,-0.212139242052367,-0.0711376185380506,-0.219119192838662,-0.00805504797190529,0.145682594152867,0.106884603712502,0.024917205385325,0.309912378717016,-0.305179295279955,0.384116272870287,-1.93844295963554,0.664637307223104,-0.331546686368678,0.374412687556289,-0.286006281924687,-0.504959232191619,-1.67604508176865,-0.657131900097648,-0.286666775673087,0.291003181034943,-0.487388494921598,-0.183318871053849,1.81889779398539
"season",2026,"abs_2026",596117,21,152,1345,38,345.563888888889,FALSE,"2026-04-23","2026-09-17",-0.727637525456323,-0.0617808201614407,-0.478708898326528,0.722431774079422,-1.06220693637459,-0.0143283056309392,-0.710109025006633,-0.306194797354987,-0.450136057218246,-0.460374098643063,-0.296142142906741,0.612293902898413,-0.577776741154685,-0.0890268762297145,-0.658359787241712,0.0306288536623479,-0.433131438974811,0.66674681139809,-0.447066026491269,-0.560631196150201,-0.577874848586997,-0.308186811235032,-0.380180821438813,0.576781678758968,-0.281287081528882,-0.60372977022328,-0.0573405354118778
"season",2026,"abs_2026",596142,41,321,2663,97,345.563888888889,FALSE,"2026-03-29","2026-09-19",-2.89605959504284,-1.57771282463372,-0.902199250792163,0.574996047988881,-1.27740548867799,-0.886624019352919,-1.02237412238804,-0.732784868373251,-1.38398958942926,-1.40426015025772,-0.431149404806622,0.412024946789866,-0.280229662726666,-0.773072010167273,-1.42582176586373,-0.0731478159327257,-0.444181235471566,0.492873046866854,-0.556600084526237,-0.554648547718963,-0.744069938819492,-0.214598244982353,-0.231797488728814,0.380635667642396,-0.158374710985034,-0.431358082393195,-1.62839577709293
"season",2026,"abs_2026",605170,70,592,5355,194,345.563888888889,TRUE,"2026-03-29","2026-09-20",2.56762262897123,5.21867293146498,0.433720038677573,0.453174421248427,1.24219289231458,-0.376641950877391,0.303208591536115,0.527845997365005,2.31605114011272,2.2752892725812,0.39122485474877,0.315794218076779,0.739281124573333,0.0881518015541185,4.1831334650186,6.90376879455637,0.706610382604494,0.388476117949843,1.42968237973424,0.110880358772707,4.49732599217254,5.5622532766205,0.75968344462374,0.291311696366918,1.04281874968292,0.677708731135242,5.36077665869915
"season",2026,"abs_2026",605244,8,50,364,4,345.563888888889,FALSE,"2026-04-19","2026-06-11",0.773763992793551,0.953966104858485,1.5475279855871,1.29945680931482,2.89796728620019,1.49947922956676,1.23932464270413,1.78650765060278,0.55045898383772,0.547688242515316,1.10091796767544,0.942395234610565,1.92350512089904,1.17874452304068,0.654176043425241,0.843951032503636,1.30835208685048,1.13110341232137,2.78221967931664,1.0451044736729,0.570929363159218,0.645212219660142,1.14185872631844,0.916246843799507,2.69052832648629,0.702224154607057,0.968276958879398
"season",2026,"abs_2026",606992,24,191,1844,43,345.563888888889,FALSE,"2026-04-24","2026-07-08",0.339464464355648,1.25235648261867,0.177730086050078,0.792150768666207,0.558405422497736,-0.211946290370765,-0.00184033311622052,0.37920319343219,-0.59325219591092,-0.607288588763977,-0.310603243932419,0.56375683661168,-0.293691518403609,-0.351375710339619,-0.264529656405044,0.684872441734368,-0.138497202306306,0.717243321823962,-0.569990516045599,0.300893213089349,-0.924379783098082,-0.552759159325406,-0.483968472826221,0.535890582406032,-0.880229883578718,-0.124899326747644,1.28296538019256
"season",2026,"abs_2026",608348,102,819.333333333333,6947,169,345.563888888889,TRUE,"2026-03-26","2026-09-19",-1.3791304309363,2.06005658146782,-0.168323486281892,0.345675023198978,-0.758791900366109,0.358050825862602,-0.236296175690817,-0.0913372834356679,-0.661078612390302,-0.713958667243983,-0.0806849404870182,0.2636352245454,-0.479482031644188,0.286625016115316,0.0677681039638749,3.64080942611209,0.00827112741625812,0.307693318964177,-0.574021326826837,0.5909241284987,-0.145043995593461,1.25353711930448,-0.0177026845720254,0.250577345598256,-0.429311683631245,0.384352411736359,2.10676386192399
"season",2026,"abs_2026",620443,83,648.333333333333,5460,166,345.563888888889,TRUE,"2026-03-28","2026-09-20",3.75822071491125,6.46125239588527,0.579674146258805,0.381870904592412,1.05672154820942,0.359501812225992,0.507496918498069,0.719512312835075,5.22478204553577,5.18322092569971,0.805878978745877,0.290386363130299,1.36574608219289,0.592022836703318,4.56215562556399,7.35290227051127,0.703674389547145,0.347731248683631,1.30463624049767,0.465484976492415,5.17946718366341,6.2718378567631,0.79888953989667,0.273900956239587,1.38911694295725,0.610835657219143,6.62436260075223
"season",2026,"abs_2026",623168,71,504.666666666667,4371,124,345.563888888889,TRUE,"2026-03-29","2026-09-19",6.03029869879964,8.19420922582115,1.19490727188897,0.440483664787226,0.876215581618164,1.88648206074886,1.07308317446942,1.29852228231775,6.08326331832383,6.04999158667486,1.2054022427326,0.334233262939418,0.965525781189735,1.82087478428593,5.30593618893162,7.54475390730923,1.05137440996003,0.396331997775276,0.704229029108863,1.79624577547975,5.16851278030914,6.04484414575198,1.0241438798499,0.31529271140156,0.756185764189907,1.67929512258359,8.43949111457345
"season",2026,"abs_2026",624431,45,361,3396,92,345.563888888889,TRUE,"2026-03-28","2026-09-18",1.44043203942507,3.12165833770122,0.399011645270103,0.589480863232388,1.44083742417515,-0.631582655701043,0.208009473053625,0.517457645655625,0.884853224807879,0.859003121701055,0.245111696622681,0.413758964516789,0.83687109383973,-0.337895418688388,0.152309367880443,1.89402204542215,0.0421909606317017,0.500183289174776,1.04382529632567,-0.996081517523075,-0.366072439955449,0.315679109708583,-0.1014051080209,0.391735647118807,0.458020136850274,-0.704956949850687,3.23130061106449
"season",2026,"abs_2026",624512,10,78.3333333333333,773,18,345.563888888889,FALSE,"2026-03-28","2026-04-23",-1.03851741932338,-0.655835461559107,-1.32576691828516,1.01083408398965,-0.916639289264295,-1.76703941483666,-1.51928648686459,-1.01067925376852,-0.774935995337103,-0.780820014683856,-0.989279994047365,0.874368732464246,-0.101217413152441,-1.89682291565313,-0.802644363937938,-0.404644039620749,-1.02465237949524,0.951161764805543,-0.513965572684933,-1.60215548491804,-0.818624002794276,-0.662836345410394,-1.04505191846078,0.833173462037572,-0.113658527005968,-2.0370491173072,-0.675613669772825
"season",2026,"abs_2026",640459,30,148,1289,41,345.563888888889,FALSE,"2026-06-24","2026-09-19",1.14620366964537,1.78433697308411,0.774461938949575,0.845566902435304,0.894355304113066,0.882821650182107,0.381809719759567,0.914643815789197,0.41958926125763,0.409777487728568,0.283506257606507,0.617621119934231,0.785885568852142,-0.247942370159671,-0.233673178564572,0.424213450240529,-0.1578872828139,0.734996099349984,0.136474356938125,-0.583656081606175,0.125453130999458,0.382967033535993,0.084765629053688,0.58222420805052,0.352707731668276,-0.208301391544826,1.80770831498526
"season",2026,"abs_2026",640902,29,231.333333333333,1845,67,345.563888888889,FALSE,"2026-05-03","2026-09-13",-1.16401873865356,-0.250631659643111,-0.503178129100964,0.644583452226032,-1.55653392195889,0.248737058337716,-0.753552927014922,-0.36731734153931,-0.403875018668134,-0.417919023447901,-0.174585742940116,0.476320129542486,-0.979154375785634,0.503577975859568,-0.578196889407799,0.359080695540494,-0.249941018475994,0.529872303039217,-1.3006508924402,0.603147567879095,-0.408310587309227,-0.0414358127018879,-0.17650313572445,0.440135467326858,-0.871354108794579,0.381068523617643,-0.246425743604306
"season",2026,"abs_2026",641555,31,216.666666666667,1878,58,345.563888888889,FALSE,"2026-03-31","2026-06-20",2.26887268492983,3.19859676860551,1.04717200842915,0.782790563052465,0.384854856774399,2.1764136793787,0.873157476314198,1.27007405180025,0.555870896216048,0.541575697854855,0.256555798253561,0.518141117648591,-0.565099274595975,1.30874468126415,0.771451954720562,1.73086995506133,0.356054748332567,0.681233052712045,-0.0748341155731867,1.00570165235986,0.120368651112711,0.495909758978491,0.0555547620520204,0.488098266389309,-0.348120700904609,0.549436830951462,3.24465980808585
"season",2026,"abs_2026",641598,36,287,2271,74,345.563888888889,FALSE,"2026-03-30","2026-08-01",-0.976533840204476,0.147749117211641,-0.340255693451037,0.665408908765975,-0.305318412369671,-0.554137152011985,-0.479446532526688,-0.195729516385698,-2.52741992566597,-2.54470661122416,-0.880634120441105,0.429357385293258,-1.08638963156416,-1.13931500272739,-2.7100035040865,-1.55184891796085,-0.944252092016202,0.549341076136964,-1.97190853994811,-0.506434684320738,-3.02795198814334,-2.57462022221965,-1.05503553593845,0.40004873453049,-1.76061931472083,-1.00169551499334,0.116615205384388
"season",2026,"abs_2026",641680,67,574.333333333333,5158,169,345.563888888889,TRUE,"2026-03-27","2026-09-20",-1.67795132012435,0.875572015125465,-0.292156352894548,0.446482758320359,-0.0718329024925527,-0.576245405990918,-0.376375800080252,-0.209440361183756,-2.84366777058519,-2.88293008855486,-0.495124974565037,0.319550959623348,-0.715434338921506,-0.388836133068137,-0.870026261963779,1.7599387950143,-0.151484549384291,0.37684813351986,-0.118363329597696,-0.229855794935101,-1.93280345591139,-0.90336686956942,-0.336529911069887,0.29789127397246,-0.51498650291355,-0.26111166959711,0.885776039027083
"season",2026,"abs_2026",642020,7,59,456,7,345.563888888889,FALSE,"2026-06-12","2026-07-01",-1.03323875623389,-0.807491055405293,-1.75125212920999,1.28324825152149,-3.40610830658633,-0.216251671190785,-1.96472342775517,-1.4845652011168,-0.692570354832242,-0.696041393411956,-1.1738480590377,0.909640873998207,-1.66031152727703,-1.26441151742376,-1.39203712725813,-1.15534554365758,-2.35938496145446,1.23322774749736,-3.99490089399948,-1.46865325785084,-1.01281951974537,-0.920172290387273,-1.71664325380571,0.878184023115663,-2.232593097573,-2.29790893993206,-0.830565258263726
"season",2026,"abs_2026",642851,31,207.666666666667,1850,61,345.563888888889,FALSE,"2026-03-29","2026-08-15",-3.48155354546594,-2.56569116271833,-1.67651053553737,0.665594083548906,-1.41225897477595,-2.27853459006053,-1.80648170529254,-1.49966204941137,-2.67440353854926,-2.68848560296258,-1.2878347697669,0.53040401045808,-1.34645273693994,-1.52936996047969,-1.56669730450186,-0.623621039331723,-0.754428878572322,0.590974707697213,-0.0801122668155983,-1.54902502137571,-1.15584319326649,-0.786698664710513,-0.55658580735144,0.49197168189473,-0.269092083495458,-0.965105969866064,-2.66540155562594
"season",2026,"abs_2026",643376,55,458,3949,65,345.563888888889,TRUE,"2026-03-26","2026-09-20",-6.19863431490581,-4.24363942330024,-1.35341360587463,0.462354307941536,-1.12425092867803,-1.99330596699634,-1.46032914182838,-1.24433037506719,-4.2235972697775,-4.2536567683549,-0.922182809995087,0.34991177496578,-0.466295980791341,-1.64326951914732,-6.38430207684161,-4.33684080578471,-1.39395241852437,0.426296622135861,-1.33060886857677,-1.94331276343291,-5.11899906708056,-4.31756958194282,-1.11768538582545,0.338918923323985,-0.925118630862835,-1.69380291540153,-4.35373153784442
"season",2026,"abs_2026",644433,20,132,998,32,345.563888888889,FALSE,"2026-05-19","2026-07-29",0.0774026343080206,0.571473260244298,0.0586383593242581,0.769691108633512,0.254065434838747,-0.096142655938686,-0.289964761552157,0.207925860928065,-0.104546711095013,-0.112143413951494,-0.0792020538598584,0.628485919706916,-0.0625087352006397,-0.146331783639555,0.407677536982636,0.916907091009662,0.30884661892624,0.680434132984097,-0.221120908474155,1.05723368940377,-0.10823253273096,0.0910931322131851,-0.081994342978,0.591392870279481,-0.706483710253232,0.47506100450739,0.582884256270023
"season",2026,"abs_2026",645305,47,237.333333333333,2034,82,345.563888888889,FALSE,"2026-06-07","2026-09-19",5.12638683943642,6.13334039971135,2.15999445481872,0.668465047999422,3.13404334506076,1.89936745542953,2.03476424912823,2.30844974452398,4.74018264189169,4.72469998296375,1.99726796708919,0.504072225165186,2.59232437331567,2.0655141523143,3.92116852846399,4.95017069146684,1.6521777507573,0.586587917532495,2.00816509677116,2.0094334056028,3.7774342481728,4.18021240342225,1.59161555400539,0.46571227178601,2.14917629705745,1.71849806645606,6.30115049584147
"season",2026,"abs_2026",650968,23,80.3333333333333,722,21,345.563888888889,FALSE,"2026-04-04","2026-09-20",-0.208499203068148,0.148934656577135,-0.259542576433379,1.13959937187144,0.424299435318963,-1.17957407050172,-0.535968324694515,-0.0630598509144017,-1.11194440782731,-1.11744021891186,-1.38416316327051,0.862396715343653,-1.56079937901005,-1.51421762256786,-1.11373528701193,-0.7442012110565,-1.38639247345883,1.00868096416424,-1.04146853957556,-2.27116674716999,-1.246280936555,-1.10163570764626,-1.55138705795229,0.822862061777886,-1.60732103826162,-1.99049055343345,0.104903056416146
"season",2026,"abs_2026",656577,23,151,1370,45,345.563888888889,FALSE,"2026-05-22","2026-09-01",-2.33031614232442,-1.65208291834376,-1.54325572339366,0.896518624177819,-3.31167374676429,-0.0902476288918008,-1.73735893646323,-1.30874143679715,-2.79862667306928,-2.80905501266185,-1.853395147728,0.628230113225834,-2.69099024615554,-1.39459613788721,-0.749080323114017,-0.0506029327560371,-0.496079684181468,0.795038247147897,-1.01852036086399,-0.107353206037328,-1.67918799119836,-1.40578581102135,-1.11204502728368,0.590764138771001,-1.55862043589477,-0.972908620474125,-1.712844415861
"season",2026,"abs_2026",657136,70,554,4295,103,345.563888888889,TRUE,"2026-03-28","2026-09-19",-7.46838576521578,-5.34209985499904,-1.34808407314364,0.414935730963568,-1.5082580512919,-1.95988478860018,-1.44284336548836,-1.26040019467747,-7.08138576001801,-7.11407898523703,-1.27822847653755,0.3183286951022,-1.02993215636208,-2.24189164037616,-7.4178741355781,-5.20804981830969,-1.33896645046536,0.373792179682594,-1.82955241447162,-1.71192287455253,-7.79023356863276,-6.92525097293311,-1.40617934451855,0.3035957272114,-1.30527646948657,-2.38920101766098,-5.52593422464749
"season",2026,"abs_2026",660688,98,788.333333333333,6808,207,345.563888888889,TRUE,"2026-03-26","2026-09-21",-0.24013123757726,3.13024233093394,-0.0304606221028236,0.365783334404662,-0.75753787381871,0.73432699492538,-0.116274286218544,0.0365712943914929,0.62045424337433,0.568632246333325,0.0787045551849044,0.267784416252289,-0.460052407022674,0.678446085205691,0.693468264319165,4.1732035501705,0.0879663760235727,0.329691538297257,-0.426065559067413,0.669536634596074,1.65595465906312,3.01801336951478,0.210057673454095,0.251950187539224,-0.153493063650207,0.68062017766796,3.12844275433274
"season",2026,"abs_2026",660710,37,246.666666666667,2041,46,345.563888888889,FALSE,"2026-05-07","2026-07-26",-0.698693899771755,0.311725085735201,-0.283254283691252,0.689668767363801,-0.317372716813119,-0.370156327959419,-0.473239324500623,-0.143530714063165,-0.325496673031342,-0.341032615446249,-0.131958110688382,0.46916253249488,-0.34706657940586,0.0496859755537447,-0.676647968340736,0.375021762802033,-0.27431674392192,0.64229264191747,0.0342333963298169,-0.756577213031882,-0.438072626966064,-0.0264217971901127,-0.177597010932188,0.447875318310449,-0.341567284273707,-0.0832295930210726,0.291406927805806
"season",2026,"abs_2026",661388,123,1041.66666666667,8669,294,345.563888888889,TRUE,"2026-03-26","2026-09-20",-3.60018095868701,0.691500660793536,-0.345617372033953,0.318148797846,-0.0227381699640961,-0.832798575407623,-0.415417388798383,-0.249313259132446,-2.29796796453168,-2.36395575717981,-0.220604924595041,0.233802672127812,0.117597593726399,-0.672076651583249,-0.640662177274416,3.77424208253546,-0.0615035690183439,0.274836305254492,0.0816249571896863,-0.244550213681752,0.130296428454101,1.85840454844087,0.0125084571315937,0.217531845447375,0.404131031124297,-0.397420928780108,0.656384086667632
"season",2026,"abs_2026",661531,24,171,1556,41,345.563888888889,FALSE,"2026-07-05","2026-09-20",-1.27339862634551,-0.503084103342655,-0.744677559266379,0.80905195156056,-1.35508941761892,0.00726051300021513,-1.05416719548365,-0.592913318934656,-0.679821070387129,-0.691665228347735,-0.397556181512941,0.587364444904833,-0.89946493844689,0.274672702395251,-1.10260485109515,-0.303968438723573,-0.644798158535176,0.68580225318928,-1.00577172742704,-0.299162136895472,-1.21100799746494,-0.898400976356891,-0.708191811383008,0.554403492460146,-1.25996737127994,-0.0890905759373789,-0.471789180774846
"season",2026,"abs_2026",663584,7,48,429,9,345.563888888889,FALSE,"2026-05-14","2026-06-02",-0.946825934072506,-0.734444873424548,-1.97255402931772,1.58163878387332,-1.02726481448668,-3.38135471522027,-2.31408022153218,-1.63459296774234,-0.548303337243638,-0.551568853802185,-1.14229861925758,1.13184337158858,-1.19082943132159,-1.3649573904224,-0.904211479852693,-0.682807325927899,-1.88377391635978,1.32794274497162,-1.69287196723023,-2.62174337884559,-0.907139304624191,-0.82047597203978,-1.8898735513004,1.09074140156163,-1.95731689155893,-2.36628905583508,-0.727313401552573
"season",2026,"abs_2026",663698,41,288.333333333333,2558,59,345.563888888889,FALSE,"2026-03-28","2026-08-06",-1.96682065154553,-0.700455259616675,-0.68213433001579,0.622138021311016,-1.60249414380839,0.284549544967128,-0.810405960051408,-0.495969277520596,-2.26736332238015,-2.28683463090407,-0.786368782328375,0.449475752607858,-1.40712082237451,-0.228313971707391,-3.43202923589477,-2.11467452004225,-1.19029915695772,0.546187978881881,-2.01924379066164,-0.554578639147427,-2.4186769534662,-1.90303012458896,-0.838847498311977,0.430947608015988,-1.24955207293046,-0.610755633014835,-0.769335838005568
"season",2026,"abs_2026",663728,100,856.666666666667,6736,162,345.563888888889,TRUE,"2026-03-26","2026-09-20",-5.1060460353715,-1.77131684067534,-0.596036502183443,0.338745651884555,-0.78182067781528,-0.733201311605929,-0.720138067159797,-0.525693018833804,-2.70041561417256,-2.75168955249045,-0.315223612549326,0.247112304094765,-0.77346032086899,-0.0122795179569622,-3.91616063522718,-0.450658473556723,-0.457139373761928,0.302047119272263,-0.950403201941269,-0.228039504811554,-2.12337149374119,-0.766883997527098,-0.247864376701306,0.23547070997551,-0.713698800293794,0.0819903011282057,-1.79098051666736
"season",2026,"abs_2026",663743,101,709.666666666667,5478,191,345.563888888889,TRUE,"2026-03-26","2026-09-20",0.745375543436235,3.45731831786402,0.1050317816021,0.355402583591996,1.13811749911481,-0.737901679529994,0.0470868380046955,0.183926629009771,-1.08762958909427,-1.12932772361111,-0.153259218754477,0.264493344595877,0.226397592874325,-0.569171649388089,0.173397954538205,2.9604545302534,0.0244337183473281,0.299440020489844,0.302689668087118,-0.201701396118746,-0.332113096822963,0.758813187400324,-0.0467984636199572,0.245976361301272,0.140526073494447,-0.23949317266607,3.46868710870466
"season",2026,"abs_2026",663886,112,894,8317,240,345.563888888889,TRUE,"2026-03-26","2026-09-19",-7.70936105087197,-3.59194081448718,-0.86234463656286,0.358134910475143,-1.01891568053128,-0.82805723140287,-0.923329081326509,-0.769542355206302,-9.583569160471,-9.64687755491725,-1.07198760184239,0.261241874702541,-1.20282526370551,-1.09795286905289,-7.54783417157323,-3.29002143050048,-0.844276752972397,0.3131056658112,-0.755373517566295,-1.12736690151854,-8.08842407843902,-6.42180565633358,-0.904745422644186,0.246277013337008,-0.998714397630375,-1.00432198024248,-3.85236309189314
"season",2026,"abs_2026",663967,9,62,574,14,345.563888888889,FALSE,"2026-05-06","2026-05-31",0.543783821434182,0.827948690459656,0.877070679732551,1.42863820410568,4.64383714736437,-1.86468647580424,0.589425700745816,1.18571369451617,1.30469328227868,1.3003240363472,2.10434400367529,0.985700302169031,4.50254942447368,0.576874309844195,0.36914056363204,0.664346102198432,0.59538800585813,1.21594921900804,2.63307036538755,-0.864963941526967,1.09136786334895,1.2069189734615,1.76027074733701,0.931230493551788,3.47203502141148,0.77275733583717,0.86824860616841
"season",2026,"abs_2026",664731,13,85,776,18,345.563888888889,FALSE,"2026-04-09","2026-06-12",-0.955811510205877,-0.571644370199313,-1.12448412965397,0.915204849831486,-0.959887063193402,-1.54910256366211,-1.33757469315128,-0.925213521540728,0.0216416109977636,0.0157347558708806,0.0254607188208984,0.804405106528453,0.320911677369366,-0.31424433000735,-0.264628115155869,0.134953667403639,-0.311327194301022,0.8345158303847,0.0871171802502424,-0.863063675455369,0.311445647518709,0.467852328706764,0.366406644139657,0.752763428553342,0.715641768834679,0.051817592806006,-0.578404000263092
"season",2026,"abs_2026",664954,65,490.666666666667,4346,139,345.563888888889,TRUE,"2026-03-29","2026-09-20",-6.62683966590574,-4.47530565757001,-1.35057873625796,0.507166263660008,-0.560077765372667,-2.65017831252926,-1.45201030100646,-1.24473476708856,-4.87117051404038,-4.90425194752161,-0.992765729763665,0.347354752577087,-0.459624471461163,-1.89214818086802,-5.29604859107158,-3.07831698259156,-1.07935772915861,0.424753566635202,-0.937751639002169,-1.63017985314335,-4.45764904580531,-3.5895713310848,-0.908488256617931,0.324693468958919,-0.763055689830976,-1.40245792390909,-4.5594356480378
"season",2026,"abs_2026",665561,34,224.666666666667,2089,68,345.563888888889,FALSE,"2026-03-30","2026-09-12",2.96771436078639,4.00189626217004,1.32094111014231,0.708440439928675,1.274592154586,1.58847214415003,1.18468912429776,1.48567926348943,3.87250680748095,3.85660549258397,1.72366771846333,0.506587698205391,1.91292715281937,1.78576870142152,2.44781905992554,3.51319476250175,1.08953370619831,0.580519180908494,0.633767876573998,1.87259397144607,3.2872064316295,3.70422213437496,1.46314826333657,0.47399547207992,1.42202775380128,1.86076272322497,4.14740746915809
"season",2026,"abs_2026",665804,67,531.666666666667,4463,111,345.563888888889,TRUE,"2026-03-28","2026-09-20",0.0453583381858955,2.25481445397107,0.00853134887509007,0.423334829093862,0.797086133704349,-0.719337474472082,-0.0690721310414913,0.105534416883255,-0.194643153587284,-0.228615182493571,-0.036609997539928,0.31570750600612,0.631245423175449,-0.66922585368954,1.89344709954548,4.1876158564043,0.35613425069821,0.367824648096399,1.00214308651127,-0.0898390431133154,2.20677100499277,3.10476820358171,0.415066646707104,0.299811388595285,0.957447527489133,0.0901729103918145,2.30556329901417
"season",2026,"abs_2026",665856,1,2,11,0,345.563888888889,FALSE,"2026-06-17","2026-06-17",-0.0143551152936637,-0.00890944707192114,-0.717755764683183,1.83526776055168,-1.30501048124215,,-0.847585797506134,-0.494198037906535,-0.0160913296651826,-0.0161750608589915,-0.804566483259132,2.77406285606283,-1.46284815138024,,-0.014708127293761,-0.00890944707192114,-0.735406364688048,1.83526776055168,-1.337102481251,,-0.0184448148076309,-0.0161750608589915,-0.922240740381544,2.77406285606283,-1.67680134614826,,-0.00897993153835895
"season",2026,"abs_2026",665861,24,144.333333333333,1369,37,345.563888888889,FALSE,"2026-04-27","2026-06-09",1.93621513923936,2.61395330247259,1.34148854912658,0.863477449159538,2.44959190855611,0.768362746546672,1.1092259161834,1.59006984948888,1.11247361389716,1.10205288623131,0.770766938034986,0.64542353837155,1.79767265567885,0.197980779371398,0.891965478750169,1.59413293834023,0.617989939087877,0.751930015884307,0.859360604731335,0.552309758131129,0.426934764068184,0.701781333121601,0.295797758014908,0.610150743743439,0.782805743369895,0.0346131721663508,2.69019855752228
"season",2026,"abs_2026",665966,91,712.666666666667,6007,191,345.563888888889,TRUE,"2026-03-26","2026-09-21",3.58798430303123,6.56181421285008,0.50345897610354,0.38457230231475,0.34814088044519,0.848542764161999,0.419205653330576,0.599063388965548,2.29921585699061,2.25349101324424,0.322621495368187,0.278973574340198,0.0923690365343547,0.675570325243396,1.12887299860481,4.19479337771576,0.158401262666717,0.321871054460161,0.0133351484832694,0.37623324134696,-0.9535634300725,0.246517384953533,-0.13380216511775,0.261337225309174,-0.291259131522289,-0.0356845098926257,6.70594429057899
"season",2026,"abs_2026",666023,91,638.666666666667,5551,163,345.563888888889,TRUE,"2026-03-26","2026-09-19",3.22444180690052,5.97252401589078,0.50487084659194,0.40083733675537,0.199245667141144,1.04391437072968,0.416598502620555,0.593699538015681,2.80478528556873,2.76253148040207,0.439162623001367,0.298216775361641,0.03922759633551,1.07073991623595,0.918543962693061,3.7588429658997,0.143822123594947,0.343649692787319,-0.190296661838406,0.606694882515178,0.953272110008125,2.06503886230528,0.14925972494908,0.282721036994904,-0.266742701253366,0.713364631408077,6.11283969577831
"season",2026,"abs_2026",666163,15,84.3333333333333,702,20,345.563888888889,FALSE,"2026-08-04","2026-08-30",-0.800978003634526,-0.453445358937866,-0.949776288894694,1.12844457102127,-2.86024606710302,0.67909333310752,-1.30685175978325,-0.754717417067416,-0.728534907919322,-0.733878480469672,-0.863875384884571,0.793414455890428,-1.51788048664271,-0.529560270502358,-1.06585082841221,-0.706332654658143,-1.26385473724768,0.996059931642245,-2.3436380803608,-0.744507923021904,-0.870232290760701,-0.729507545945062,-1.03189599694945,0.748328082409475,-1.47461860114777,-1.0678390359163,-0.451718875943909
"season",2026,"abs_2026",666310,29,219,2025,40,345.563888888889,FALSE,"2026-03-26","2026-09-17",0.6500558296556,1.65255384320366,0.296829145961461,0.743870823485136,0.0848782939335335,0.640252608033644,0.106182880473725,0.438860197506286,0.203875247211344,0.188461095623795,0.0930937201878284,0.529450653916389,-0.346353324675978,0.705029636625067,-1.51889184848416,-0.472493644815789,-0.693557921682264,0.659984768337633,-1.1636451240631,-0.228723465929421,-0.963967649844741,-0.55438023274937,-0.440167876641434,0.510656672059327,-0.868194679789966,0.0294398232104383,1.69347842182999
"season",2026,"abs_2026",668670,57,429.333333333333,3579,86,345.563888888889,TRUE,"2026-03-28","2026-09-17",1.13178965750013,2.90361207255617,0.263615603454999,0.466714455948572,-0.134944102457654,0.887699722872347,0.129491315052305,0.351504044304524,-0.453843946838951,-0.481087032533687,-0.105708993828948,0.355310578150336,-0.162610587339723,-0.0814583737552284,-0.39990240439947,1.4414421424084,-0.0931449699688206,0.417202975093129,-0.36240755214371,0.200653029935944,-1.27826447688735,-0.557514427560331,-0.297732409212892,0.338608355294685,-0.378078744175548,-0.350533505867459,2.91095623004951
"season",2026,"abs_2026",668800,23,154,1479,54,345.563888888889,FALSE,"2026-08-14","2026-09-21",-1.31300172978413,-0.580806884333478,-0.852598525833852,0.896841479730121,-2.7300729029353,1.11305275807623,-1.06810195790896,-0.678454334209268,-2.48933734433384,-2.50059538393779,-1.616452820996,0.647283141460736,-2.81201869048768,-0.457098663834039,-0.554924369348403,0.196268295753575,-0.360340499576885,0.817161856468393,-2.15307950903234,1.50516493204871,-1.76625176990052,-1.47221546291769,-1.14691673370163,0.606039260790449,-2.21616527198472,-0.190279183661996,-0.638732038668907
"season",2026,"abs_2026",668939,77,642.666666666667,5415,131,345.563888888889,TRUE,"2026-03-26","2026-09-20",4.1452284764707,6.82598242381031,0.645004430986104,0.40725320313322,0.168612871534902,1.36086288153461,0.536731564187456,0.720052364329046,6.46113217942425,6.41991359629014,1.00536289098925,0.296754128025158,1.1386113313488,1.24763081499709,3.59718032389127,6.38265544136415,0.559727228821256,0.354471640179746,0.3932207600385,0.970062759980733,5.19344503053462,6.28375229095373,0.808108666576964,0.281869159791861,1.04828074768863,0.91704671570226,7.05812462950975
"season",2026,"abs_2026",669087,14,79,585,9,345.563888888889,FALSE,"2026-04-15","2026-07-26",-0.284833769650978,0.0047767675962383,-0.360549075507567,0.943005452976083,-0.865305430948107,0.324855361813528,-0.527862696344145,-0.166725768816888,0.13928056768314,0.134827590557848,0.176304516054608,0.794429166777115,-0.785160677702224,2.43311654885122,-0.513820643965301,-0.21018066143987,-0.65040587843709,0.881148308841594,-0.821581673549917,-1.04338276644909,-0.20078438670234,-0.081931816300862,-0.254157451521949,0.76729008397101,-0.939429023543568,0.920279888252908,0.0201843378409322
"season",2026,"abs_2026",669127,74,634,5732,150,345.563888888889,TRUE,"2026-03-27","2026-07-24",-9.44973542747704,-6.61204722320175,-1.49049454692067,0.4291406649474,-0.771667097070169,-2.47097055449776,-1.58217910872195,-1.40433410300904,-6.0499076040899,-6.09353916799105,-0.954244101591467,0.309787938985751,-0.323627083603766,-1.74177352068055,-3.72065825903702,-0.778091622827028,-0.586854614990067,0.374957968592,0.118456695700386,-1.40992960860257,-4.45869181355579,-3.30689485525536,-0.703263692989872,0.294121652675907,-0.101271123292374,-1.45927475194175,-6.76653462031233
"season",2026,"abs_2026",669134,53,423,3694,124,345.563888888889,TRUE,"2026-03-27","2026-09-17",-5.01726756855493,-3.1885131675443,-1.18611526443379,0.525044910678773,-1.39425429992092,-1.32139835282023,-1.2920354288938,-1.06997045304295,-3.78251929003929,-3.81063774730567,-0.894212598118036,0.357131610346449,-1.00643427153967,-1.04187548170483,-2.55242224584577,-0.670486937485028,-0.603409514384344,0.446052275292847,-1.18524906288144,-0.236708436530613,-1.77604387857241,-1.03940555160491,-0.419868529213335,0.332815007441822,-0.832321995975987,-0.15698547221222,-3.32843140403197
"season",2026,"abs_2026",669221,27,235.333333333333,1956,74,345.563888888889,FALSE,"2026-05-04","2026-09-19",-3.7087427357756,-2.7404039138003,-1.57595300387065,0.695406218264077,-1.79862837750061,-1.9971967414427,-1.7119103685292,-1.36367325329098,-1.54179596227255,-1.55668489091712,-0.655154091617232,0.508156633125584,-1.25954803357815,-0.299256375863244,-1.03476569691162,-0.042664226229568,-0.439702137497855,0.610567526483783,-0.940214004187115,-0.140739511294263,0.0341964490177534,0.422530715503137,0.0145310689877139,0.474340458171353,-0.59474604027888,0.660431867036251,-2.79668297060253
"season",2026,"abs_2026",669224,119,933,7807,234,345.563888888889,TRUE,"2026-03-25","2026-09-20",10.0452154191333,13.9101546743282,1.07665760119328,0.335856829278965,1.42589926710002,1.14442292441249,1.01166304936047,1.14464529939933,6.58042287079423,6.52099655897004,0.70529719944204,0.241339934126895,1.12566165475566,0.55388810700036,10.6902042457191,14.6823320020821,1.14578823641148,0.290858618517838,1.71005785207226,1.10849706739722,6.71674882920479,8.27937125220894,0.719908770547137,0.226679884209998,0.995787813566658,0.776370117815926,14.2118386836691
"season",2026,"abs_2026",669257,63,495,3992,100,345.563888888889,TRUE,"2026-03-26","2026-09-20",0.493307126536037,2.46958963028115,0.0996580053608156,0.428416694473869,1.4248659907478,-1.09319407155427,0.0158191029463636,0.18464478160133,-0.127410779385347,-0.157797590811271,-0.0257395513909791,0.32562219221966,0.894657315773395,-0.898305739947758,2.40778710044887,4.4594655934853,0.486421636454318,0.395579883315628,1.27753470898352,0.00172476524471841,0.954698074022652,1.75777828930486,0.192868297782354,0.309682019867894,0.766066339886963,-0.242307849574434,2.5023986229467
"season",2026,"abs_2026",671056,51,439,4057,100,345.563888888889,TRUE,"2026-03-28","2026-09-13",-0.369998354905601,1.63846309742253,-0.0842820853999091,0.540447264659399,-1.44777777747835,1.34169819227536,-0.225039269155489,0.0548700204252035,0.716015427125848,0.68513384046378,0.163101464037779,0.372347623326504,-0.135288296354006,0.505806506197463,0.46246048318593,2.54840390480595,0.105344073618663,0.46584481489807,-0.551873481801885,0.823502739963183,0.259092125415778,1.07558452312176,0.0590187073840041,0.354082645679452,-0.230310616641046,0.378021626323818,1.7127757165036
"season",2026,"abs_2026",672275,103,800.666666666667,6941,221,345.563888888889,TRUE,"2026-03-25","2026-09-20",4.10922141552655,7.54543806344609,0.513224989449611,0.36024013106163,0.444562835931038,0.764110376152461,0.410706806959617,0.603595207893887,3.50574315218548,3.45290876889206,0.437853016509428,0.264444313804249,0.394588516941833,0.634021628428633,3.75474996648295,7.29721642927964,0.468952951683965,0.313517899544505,0.287752893324178,0.875188546015942,4.20950622736433,5.5961195487149,0.525750153292797,0.247576035291409,0.439982023121971,0.844119775375093,7.73285762863121
"season",2026,"abs_2026",672386,69,574.666666666667,5117,162,345.563888888889,TRUE,"2026-03-27","2026-09-21",6.03176048879778,8.56498633340292,1.04961029387432,0.426035567234783,0.452169111270297,1.95378912194383,0.876059869158438,1.12237761826411,6.08298902256246,6.0440387935879,1.05852477190762,0.314401142335055,0.637433141098903,1.77686918292417,6.66603442746798,9.2780762910331,1.15998278900255,0.377007086877658,1.05979505433748,1.65273299785205,6.61911756633744,7.64153854956543,1.15181860203088,0.294214138297874,0.846680085004263,1.86252993627891,8.76634493926274
"season",2026,"abs_2026",672515,101,862,6901,155,345.563888888889,TRUE,"2026-03-26","2026-09-20",6.32166283451482,9.73807705253711,0.733371558528401,0.324267307267638,0.444928147407272,1.40540486506081,0.674367401054356,0.809440353855021,3.89834102377457,3.84581111754954,0.45224373825691,0.244875698254234,0.170228059632481,0.974835795009384,3.72665669007445,7.28282912430459,0.432326762189612,0.293089045814991,0.187978422769603,0.932092905236526,3.085234025446,4.47721221976609,0.357915780214154,0.233456168566835,0.132657583055906,0.795589172084617,9.88169283146084
"season",2026,"abs_2026",672613,12,74,651,13,345.563888888889,FALSE,"2026-07-05","2026-08-03",0.11162111594146,0.433905662519131,0.150839345866837,1.26623702042512,-2.85613891044946,3.00983593075309,-0.101167362319805,0.390373256779523,0.683232196903155,0.678276832615009,0.923286752571831,0.841460058364908,0.598478846833023,1.47235523854391,-0.606083938863362,-0.269760485996652,-0.819032349815354,1.19285197605302,-3.37733678758046,1.31556300518612,0.286391020152235,0.418036749173316,0.387014892097614,0.806247874929147,-0.0275919576665354,0.893604070040993,0.436322849389655
"season",2026,"abs_2026",673237,83,649.666666666667,5908,173,345.563888888889,TRUE,"2026-03-26","2026-09-20",-3.45557734224719,-0.53075844642402,-0.53190005268043,0.410704322776142,-0.855560734199427,-0.335367020665586,-0.668063581159852,-0.452962878299947,-4.50604315943686,-4.55101442243895,-0.693593097912292,0.300561476899346,-0.842045202623212,-0.689553368641078,-2.53867070518085,0.484550301387462,-0.39076511624128,0.375089717769512,-0.814659675783288,-0.0989929413195822,-3.71428341226591,-2.53091623995259,-0.571721407737185,0.282906168714446,-0.919407620344137,-0.396590012022193,-0.67517296641182
"season",2026,"abs_2026",675448,2,9,72,1,345.563888888889,FALSE,"2026-06-19","2026-06-20",-0.223325036865267,-0.187680663050225,-2.48138929850296,2.67105626485221,-5.46971213762462,-2.96244394580541,-2.86823475034672,-1.9562421391932,-0.285004290654375,-0.285552349377488,-3.16671434060417,2.3209005361157,-8.08112954613634,-3.71587900690926,-0.28206192215199,-0.244634077083751,-3.13402135724434,1.80051555651408,-5.50180413763347,-3.88141351643965,-0.311862332790819,-0.297212102758692,-3.4651370310091,2.28548217336016,-8.29508274090436,-4.15943286309256,-0.198694608853005
"season",2026,"abs_2026",676439,87,604.333333333333,4841,123,345.563888888889,TRUE,"2026-03-26","2026-09-20",6.01934099579807,8.41593007411222,0.996029949663222,0.415778260322941,1.81914767083938,0.557421605318613,0.923117617974468,1.14478703208564,2.5992219119869,2.56237257478427,0.430097393048026,0.297032355905732,0.995077435836564,-0.00897324542097512,2.93716475908622,5.42427142150806,0.486017334652987,0.371497971832851,0.668503765360231,0.567930478772405,2.05375378645328,3.0272718891515,0.339837912816318,0.283309418156283,0.512615989820353,0.34342839542372,8.58516977593778
"season",2026,"abs_2026",676566,1,9,74,2,345.563888888889,FALSE,"2026-07-26","2026-07-26",-0.239964491193752,-0.203329995883847,-2.66627212437502,3.44475383739371,-3.24276339451016,,-3.46442729242211,-1.77566798473059,-0.408557820837222,-0.409121103413754,-4.5395313426358,2.96129110741248,-5.52105163293543,,-0.174759420172191,-0.136804422356512,-1.94177133524657,3.36305302838025,-2.42721416905821,,-0.333891192456817,-0.319034621156632,-3.70990213840908,2.84928187656852,-4.63737767301135,,-0.216610080593061
"season",2026,"abs_2026",677943,9,41,379,6,345.563888888889,FALSE,"2026-08-21","2026-09-20",-0.0497567961925316,0.13787122708387,-0.12135803949398,1.89208574969058,-2.80795542439731,2.82792407368074,-0.539439802819961,0.313033036289676,-0.187456331567012,-0.190341251790064,-0.457210564797589,1.22970254850987,-3.02502531446072,2.30290947783706,-0.0333527405299483,0.163275234265166,-0.0813481476340202,1.84788054086031,-3.50530466434161,3.73404703605312,-0.244682283569566,-0.167716990583887,-0.596786057486746,1.18469320382986,-3.61693375867905,2.65825947096708,0.117326847425314
"season",2026,"abs_2026",678218,81,600.666666666667,5208,122,345.563888888889,TRUE,"2026-04-05","2026-09-21",8.13197002212388,10.7102463947453,1.35382408803394,0.423444624914213,0.351236315319629,2.85331304891997,1.1945228792801,1.43700231835688,7.65808757459967,7.6184446602945,1.27493133872358,0.303960958622705,0.789258396834266,2.1976068858723,7.26234940326604,9.9434482767458,1.20904818034396,0.384126266949377,0.390889457746719,2.53490800293624,6.34930305070242,7.39875474004602,1.0570426832468,0.290544534090527,0.510538131739283,2.03602842144515,10.9919473789215
"season",2026,"abs_2026",680664,17,146.666666666667,1189,35,345.563888888889,FALSE,"2026-07-11","2026-09-20",1.09445331716079,1.68308054585642,0.74621817079145,0.787249753380988,1.61893628680485,0.0280130533753988,0.568348330412067,0.907833710320002,1.49694136621479,1.48789078535672,1.02064184060099,0.617402183120496,1.86557681698547,0.483911167213555,0.741451000546001,1.34978527109174,0.505534773099546,0.736438526830708,1.06504422947753,0.105181945479368,1.19181682760783,1.4299346509469,0.812602382459885,0.58480213706877,1.40774154188178,0.555936597543706,1.73851989996755
"season",2026,"abs_2026",680728,18,126,1042,18,345.563888888889,FALSE,"2026-04-11","2026-09-09",0.984925537530407,1.50077883635365,0.781686934547942,0.823719721107003,3.0206754697424,-0.766747125601165,0.543603679483545,0.940808792074804,0.292265335315811,0.284333707684094,0.231956615330009,0.654605088386325,2.20552941688027,-1.30742385295061,0.586402157856711,1.12620657123525,0.465398537981516,0.735499124972967,2.43716300851269,-0.972216925166388,0.435609164506617,0.646902622998133,0.345721559132235,0.631299750517496,2.29337339544201,-1.12235016246156,1.5361038581644
"season",2026,"abs_2026",680777,76,638.333333333333,5580,173,345.563888888889,TRUE,"2026-03-26","2026-09-21",-3.25856926243418,-0.496130291768423,-0.510480824402221,0.420408212985378,-0.381719324437933,-0.78478197874883,-0.615277985435046,-0.422323639431362,-0.949534774667594,-0.99200932570884,-0.148752184021033,0.300900935096482,0.188202669495298,-0.525977927094472,0.206573144091134,3.05688804949913,0.0323613280560524,0.354712567536422,0.27876313700364,-0.20066890784986,0.124245035028216,1.23993227141848,0.0194639741558563,0.281975442947171,0.245133453483204,-0.197620526596216,-0.510828890050539
"season",2026,"abs_2026",680779,92,727,6310,186,345.563888888889,TRUE,"2026-03-26","2026-09-19",4.80257917406336,7.92641249035385,0.660602362319582,0.388030801725326,0.385906336218331,1.1348814050338,0.579809602195746,0.789615495221925,4.4316402617069,4.38360900416743,0.609579128157758,0.27928151115711,0.173231419646431,1.22940035471063,4.06102138687503,7.2893048121975,0.558599915663691,0.337710150484862,0.233927911192487,1.09261685556761,4.37847100408782,5.64210492967575,0.602265612666825,0.262082324174156,0.24621778932448,1.18402676098887,8.10489313898265
"season",2026,"abs_2026",681351,75,595,5436,141,345.563888888889,TRUE,"2026-03-26","2026-09-11",-9.9230336442503,-7.23188342121462,-1.66773674693282,0.455626571501996,-1.07175705682204,-2.66095887348833,-1.77498590116469,-1.53667637427806,-10.004052528917,-10.045430962512,-1.68135336620454,0.323637809130863,-1.19982433828547,-2.55040906520447,-8.12115489691424,-5.32988109921952,-1.36489998267466,0.408617838694681,-1.46821961338627,-1.60621963090176,-7.70140150093196,-6.60882448656421,-1.29435319343394,0.307571064704708,-1.15516096976712,-1.78556039936738,-7.49807162721996
"season",2026,"abs_2026",681508,14,110,770,18,345.563888888889,FALSE,"2026-05-10","2026-09-09",-0.46772194077045,-0.0865251652484731,-0.425201764336773,0.937053292810659,-1.14036839372305,-0.183814262263149,-0.607762862903762,-0.260031610094641,0.114700057760833,0.10883887419421,0.104272779782576,0.659108544671265,-1.10399513587388,1.14490069718841,-0.114686897588224,0.281731968486644,-0.104260815989295,0.861000038666412,-1.2679369801606,0.724466135023596,0.299358228174994,0.454526861754701,0.272143843795449,0.633218330040263,-0.776436400506212,1.32151704689442,-0.0643396125485636
"season",2026,"abs_2026",681807,9,35,337,7,345.563888888889,FALSE,"2026-03-28","2026-05-26",0.402848437117177,0.569683909001471,1.15099553462051,1.96583596456591,0.146260587024575,2.63611001864355,0.647987387083653,1.60389719792465,-0.190998730183438,-0.193563949484675,-0.545710657666966,1.35573225902419,-1.58858224564795,0.836442307872616,-0.17843195905005,-0.00447155239485542,-0.509805597285858,1.76231018042513,-1.94748129940455,1.41655398866394,-0.467995388358316,-0.399902769899136,-1.33712968102376,1.30621297490556,-2.18511569741905,-0.351109959810569,0.562143954962355
"season",2026,"abs_2026",682515,2,16,153,3,345.563888888889,FALSE,"2026-06-14","2026-06-17",-0.694502133858419,-0.618757839501455,-4.34063833661512,2.21558695808883,-5.97745066821563,-3.32627213353403,-4.90644082140072,-3.67200590990089,0.0173751899433089,0.0162105651566941,0.108594937145681,1.94995082797837,-4.39686437651786,3.91753850963324,0.0169636784804288,0.0960365905964265,0.10602299050268,1.83219008554323,-3.292283015534,3.01396551299105,0.155981039744222,0.18693222995294,0.974881498401387,1.87796022808921,-3.14122976006455,4.60155423689723,-0.616821807626581
"season",2026,"abs_2026",682626,85,694,6008,155,345.563888888889,TRUE,"2026-03-26","2026-09-20",1.74146195893041,4.7157869294967,0.250931118001501,0.37848299214419,-0.369966606058523,0.913368236327369,0.180244006608313,0.369547627298237,2.59209462410532,2.54636216843223,0.373500666297596,0.281099097931641,-0.0305329050961325,0.867989697015515,2.56327810458441,5.64870313535064,0.36934843005539,0.337984396490437,0.306969050917778,0.561903620110546,3.11394086147941,4.3216563034236,0.448694648628158,0.268139777235916,0.256099772790785,0.793176224847635,4.86598759318502
"season",2026,"abs_2026",682663,26,184.666666666667,1612,57,345.563888888889,FALSE,"2026-03-27","2026-09-20",-2.07121728946094,-1.27317936460194,-1.1215978101774,0.705906077600145,-1.39996634828164,-1.14891294642904,-1.40914259704161,-0.988350054604362,-2.34358009272475,-2.35585051858111,-1.26908669281124,0.557792755284074,-2.24379310867516,-0.52063424743077,-0.811083062062214,0.00863946020696216,-0.439214654546325,0.623439785225048,-1.14487766084567,0.212547690068614,-0.837317051067611,-0.516456379237232,-0.453420785776685,0.516521026694188,-1.64181166116022,0.761129630207473,-1.33908395212031
"season",2026,"abs_2026",682848,38,273.333333333333,2460,63,345.563888888889,FALSE,"2026-05-14","2026-08-05",2.0754189964115,3.2932684350921,0.759299632833476,0.583180295315452,2.10832610014084,-0.443817632373484,0.606037736762394,0.908328543371544,1.44347488409015,1.42474954438379,0.528100567350053,0.457680222975163,2.11556694913478,-0.969601066272451,0.275052442346119,1.53863757795976,0.100628942321751,0.52089420485421,1.01224911952028,-0.794055412086766,0.0414882960150964,0.536088315550413,0.0151786448835719,0.434644699682957,1.28841074307738,-1.26980273731001,3.39248310991005
"season",2026,"abs_2026",683079,4,10,104,1,345.563888888889,FALSE,"2026-05-08","2026-05-13",-0.182058524906216,-0.130572207173378,-1.82058524906216,3.14186254400805,-3.70374596190767,5.12803904383935,-2.47855137869223,-1.15771628219505,-0.14203929744581,-0.14283093782364,-1.4203929744581,2.44448378851985,-2.44312479472349,2.42842656203445,-0.165611639258662,-0.111314906272343,-1.65611639258662,3.11351286487249,-3.53523026583454,5.0959470438305,-0.142465317595107,-0.121212166985121,-1.42465317595107,2.39833348017153,-2.41747756302794,2.21447336726643,-0.133227475079661
"season",2026,"abs_2026",683679,12,95,791,19,345.563888888889,FALSE,"2026-05-04","2026-07-27",-1.13301118939459,-0.741418138176557,-1.19264335725746,0.967717578337467,0.0569423419068716,-2.41276956971351,-1.39762812215918,-0.96752105663209,-0.656499097263711,-0.662520131291242,-0.691051681330222,0.78506231165309,-0.0427135443662766,-1.34819086862201,-0.915612887121167,-0.508650966097498,-0.963803039074912,0.861987584966363,-0.275091913599989,-1.78744014977628,-0.845062367044148,-0.685766908103279,-0.889539333730682,0.747109018691649,-0.661810506942159,-1.38040116432883,-0.754881941472331
"season",2026,"abs_2026",686452,50,363.666666666667,3333,106,345.563888888889,TRUE,"2026-03-28","2026-07-11",4.35457668441996,6.00461415560794,1.19740880414848,0.552926133206406,1.84286619580417,0.756780930800926,1.10464153500642,1.31296325039099,3.81927181175681,3.79390126003271,1.05021223054724,0.410203567856327,1.01703632492148,1.27796569356882,1.45096528461695,3.15208720060578,0.398982204752599,0.507273741393218,0.703645062408791,0.191654224322459,2.40935036039292,3.07521363241647,0.662516139429766,0.385095787185655,0.47903420143875,1.01838897492411,6.15636877110616
"season",2026,"abs_2026",686780,77,518,4703,115,345.563888888889,TRUE,"2026-03-26","2026-09-19",4.02596141556097,6.35423211072962,0.777212628486674,0.460413308436849,2.00497476459524,-0.297298308404524,0.671342954443806,0.859592872812961,3.19173975645179,3.15594086513513,0.616165976148995,0.337538791808115,0.660914150157732,0.696474656446603,1.1727735344819,3.59135033973655,0.226404157235888,0.40332593702876,0.829384828147866,-0.317649619373052,1.38332394993684,2.3300176877875,0.267050955586263,0.320457867062411,0.218700873930036,0.384245248808398,6.54645674624098
"season",2026,"abs_2026",686948,87,671.666666666667,5530,121,345.563888888889,TRUE,"2026-03-28","2026-09-20",0.251058348402383,2.98874428169658,0.037378414154201,0.397832118616481,0.329795533801343,-0.241476152910987,-0.045694457996334,0.138573235155942,0.760041897522452,0.7179479428167,0.113157602608802,0.286366986880479,-0.127221791769579,0.404408577285351,-0.356556552832485,2.49481265807039,-0.0530853428534717,0.355927289555744,0.195127952600454,-0.329001092851788,-0.267400126675015,0.848699792251363,-0.0398114332518632,0.274042174964161,-0.199562731201921,0.101860686168598,3.08991666439508
"season",2026,"abs_2026",687221,59,472.333333333333,3888,106,345.563888888889,TRUE,"2026-03-30","2026-08-01",-1.36077552065516,0.564020665357106,-0.28809644050568,0.480327553530946,-0.633390108048524,-0.0852084068358388,-0.396378916825482,-0.179912431168953,-2.2753005257506,-2.3048956967987,-0.481715001923205,0.342972695118694,-0.818739024257929,-0.367019222982197,-4.58747848177717,-2.59378679095914,-0.971237504963409,0.430055726380201,-1.78751091605785,-0.677762293609625,-4.43665245456174,-3.65626977876593,-0.939305389109755,0.324819101687765,-1.73151948924501,-0.652891167609212,0.554209335842551
"season",2026,"abs_2026",689414,71,510,4142,136,345.563888888889,TRUE,"2026-03-28","2026-09-19",4.05429322851207,6.10483484437185,0.794959456570994,0.42016010618007,0.122044779043145,1.84141675274245,0.695808810903938,0.894701123305616,1.11006085726057,1.07853225682816,0.21765899161972,0.323312537517219,-0.139335337972197,0.678100624790115,5.60900862714503,7.72078253338961,1.09980561316569,0.391908382869432,1.03415377481583,1.76761480794881,2.48964182072842,3.31624494056925,0.488165062887925,0.303048482715538,0.454470462383824,0.789154378551316,6.19703526539295
"season",2026,"abs_2026",690924,18,95.6666666666667,773,15,345.563888888889,FALSE,"2026-03-29","2026-09-16",-2.49893631542592,-2.11625435766164,-2.61212855271002,0.793471080076352,-2.42454260883578,-4.45960736061382,-2.75021286030042,-2.38934643541513,-1.98505042931737,-1.99093444866413,-2.07496560555823,0.769466582535303,-1.94770201106188,-3.50951560964996,-1.83721583827785,-1.43763405571834,-1.92043467415803,0.757009853983292,-2.07924018024753,-2.95265751018137,-1.38058989806626,-1.2241832168782,-1.44312532898912,0.73991583167648,-1.78118487618142,-1.88303023377587,-2.18839038475537
"season",2026,"abs_2026",691011,59,495,4335,151,345.563888888889,TRUE,"2026-04-25","2026-09-02",1.55400991362752,3.7000982537415,0.313941396692428,0.47254862543131,0.389155107833493,0.327016099034112,0.164416430986283,0.411994342686807,0.903275584726362,0.870277882438942,0.182479916106336,0.33983774107642,0.283355727480148,0.13145316023712,1.67864698650073,3.88425408178962,0.33912060333348,0.399357564077668,0.958261831742454,-0.167146433592988,2.15841571096272,3.02174757651789,0.436043577972266,0.315675832041777,0.842532205571061,0.182590613515723,3.74894268677818
"season",2026,"abs_2026",691019,33,244.333333333333,2153,78,345.563888888889,FALSE,"2026-06-22","2026-09-20",-1.64344068888968,-0.577574899670442,-0.672622382901644,0.657982546494959,-0.497801104764097,-1.05228695377727,-0.910597874592138,-0.530360045425741,-1.11627880688442,-1.13266728509083,-0.456867178806719,0.484670799403925,-0.336595301801013,-0.716410163204346,0.358512402323442,1.45235435326141,0.146730860432514,0.59478583965078,-0.140473236447706,0.512131550653128,0.567078215934116,0.995236347154718,0.232092039263622,0.451314280279347,-0.167737153972368,0.7510708886248,-0.602559989248893
"season",2026,"abs_2026",691620,1,6,72,2,345.563888888889,FALSE,"2026-03-29","2026-03-29",-0.435494328621422,-0.39984995480638,-7.25823881035704,5.1285071283334,-6.0485323419642,,-8.20288230625789,-6.20801453140364,-0.271758373970805,-0.272306432693918,-4.52930623284674,3.50412382065549,-3.77442186070562,,-0.253419897293137,-0.216519204972338,-4.22366495488562,4.43510524465798,-3.62028424704482,,-0.132213434023948,-0.117769545259879,-2.20355723373246,3.30382973560299,-1.88876334319925,,-0.40900648387322
"season",2026,"abs_2026",691740,47,351,3130,91,345.563888888889,TRUE,"2026-04-01","2026-08-09",5.24635564600708,6.79589578546655,1.49468821823564,0.590714913991324,1.93419194024434,1.38175341291349,1.33503284599246,1.64327971879919,5.46356968832647,5.43974435772448,1.55657256077677,0.418176994930964,2.08236326443375,1.36127753984335,4.53401291565501,6.13603011512513,1.29174157141168,0.525981913522277,1.72369284458056,1.22701467883633,4.7321291748103,5.35920028843892,1.3481849500884,0.394561055905861,1.73483419451867,1.35399361459488,7.05436225593563
"season",2026,"abs_2026",691788,101,758.666666666667,6444,218,345.563888888889,TRUE,"2026-05-04","2026-09-20",7.3091443382575,10.4993157947038,0.963419728241322,0.370831746878463,1.8391667347133,0.397578000903398,0.876355137405441,1.04299074484065,7.35538923442398,7.30633797870538,0.969515276945165,0.268537422531045,1.27673695679825,1.00002997006898,6.586457810531,9.86851081609234,0.868162277310764,0.320140468312564,1.37234562948318,0.728131717462352,6.51072898177147,7.79540971670133,0.858180445751951,0.250172542957158,1.02908481210018,1.06319041974603,10.7414138677877
"season",2026,"abs_2026",693307,113,969.333333333333,8094,229,345.563888888889,TRUE,"2026-03-26","2026-09-21",8.38332659261565,12.3903482823233,0.86485487544178,0.317630476676632,0.671973440365953,1.415126788749,0.775017594795351,0.922529995045518,7.7046908305737,7.64307989578377,0.794844308518608,0.242418651692775,0.390368329598661,1.53752874625745,5.5415392641941,9.68759562280958,0.571685618727039,0.280497869182752,0.108122922104522,1.32533944567537,5.74370340523582,7.36657747851295,0.592541616771234,0.229415996301659,0.183798117503361,1.29903714476644,12.7361538725909
"season",2026,"abs_2026",694208,25,167.333333333333,1477,54,345.563888888889,FALSE,"2026-04-13","2026-09-20",-3.05443620929925,-2.32323148534346,-1.82536028444179,0.814778765033379,-2.86848548764704,-1.02399741283359,-2.00056741235081,-1.59181579711864,-1.85206614688805,-1.86330896263857,-1.10681243837931,0.610538854929181,-2.51532686533781,0.391181142799319,-1.31400677093081,-0.563868411323714,-0.785263010516422,0.681604564263503,-2.45867843338434,1.08790052728953,-0.795310809133135,-0.501687184686428,-0.475285344103467,0.569794265981558,-2.19835592771388,1.58890003982462,-2.36778836426924
"season",2026,"abs_2026",694212,63,517,4311,123,345.563888888889,TRUE,"2026-03-29","2026-09-21",-5.19626100471307,-3.06205412253743,-1.00507949801026,0.436850654905499,-2.04885384474805,-0.418204553270126,-1.14371520801019,-0.915638537881045,-5.26885040192558,-5.30166541797197,-1.01912000037245,0.327831268402337,-1.85482057149498,-0.631824570692612,-5.90153192540341,-3.69381621912475,-1.14149553682851,0.383074516732792,-1.9664984989202,-0.895289784797027,-5.33477624734169,-4.47061901671428,-1.03187161457286,0.310766968987203,-1.74184077973548,-0.842321303741672,-3.19179404902993
"season",2026,"abs_2026",695600,101,824,7072,178,345.563888888889,TRUE,"2026-03-29","2026-09-19",2.40922995526328,5.9102995610963,0.292382276124184,0.374994267562307,0.659145283287381,0.0178453151367323,0.216660074978831,0.364361064361918,3.19196659418253,3.13813504849012,0.387374586672638,0.260743451365025,0.497671557747779,0.404400868052518,1.48645577607078,5.12064681692203,0.180395118455192,0.332723716764671,0.487357626282829,-0.0591382020494471,1.47225995411087,2.89477665610356,0.178672324528019,0.246847796151712,0.343197008883504,0.0824793236057901,6.10320789161447
"season",2026,"abs_2026",695670,34,240,2197,55,345.563888888889,FALSE,"2026-07-17","2026-09-20",0.415606687161631,1.50325514926784,0.173169452984013,0.749905892846419,-1.9998572601741,1.87860490737762,0.0371498329031672,0.331701733662819,-0.842867959350596,-0.859591362332248,-0.351194983062748,0.498674579196917,-1.15296708808826,0.210098019314412,1.52866036658303,2.65782155159947,0.636941819409594,0.680286006824821,-1.15730353661031,2.14113641565497,-0.228280920541616,0.213702075638879,-0.0951170502256735,0.475607510210594,-0.970778861108848,0.552782784943445,1.52018858071265
"season",2026,"abs_2026",696100,95,783,6856,188,345.563888888889,TRUE,"2026-03-27","2026-09-19",-4.22457123416517,-0.830434749777279,-0.539536556087506,0.346091531750544,-1.43292113457997,0.217398955168076,-0.649686690709701,-0.456839211137525,-2.92516219866972,-2.9773495681928,-0.373583933418866,0.26675271933871,-0.789907596462382,-0.055912818190537,-2.41377150032091,1.10128301960891,-0.308272222263207,0.296161171122278,-0.766087610287651,0.0506752527245192,-1.65827132893274,-0.282387753521186,-0.211784333197029,0.251316432911098,-0.608022208531234,0.118264774661712,-0.851113183834944
"season",2026,"abs_2026",699024,16,113.666666666667,1071,32,345.563888888889,FALSE,"2026-09-01","2026-09-20",1.46622275929614,1.99643281979489,1.28993204630159,0.955608549866534,0.973941089008193,1.71889153437504,1.0956796007963,1.49095063602575,0.930719454551277,0.922567081044973,0.818814769399951,0.678396302720857,0.20843210230613,1.45401075192129,1.32808390572911,1.87579561031925,1.16840226310479,0.834568661630844,1.01161676165515,1.51345388188959,0.961022182499487,1.17541076001188,0.845474060849989,0.626915025032162,0.217753510137858,1.54886996931585,2.06745943686813
"season",2026,"abs_2026",699625,46,311.333333333333,2703,51,345.563888888889,FALSE,"2026-05-30","2026-08-29",5.3358882924159,6.67403749272227,1.71388274916999,0.54676636361431,1.60185469731261,2.4238114338975,1.53139848469704,1.79800310918651,3.84321458205695,3.82263954416009,1.23443723192407,0.422347722357566,1.12051272361184,1.78592832012667,2.49460333643734,3.89261242264818,0.801264454958462,0.480610592031134,0.81134959539082,1.09829872464679,1.52015591717309,2.06737296006323,0.488272778535254,0.405686671651451,0.573818578156573,0.572470501086998,6.83736172862444
"season",2026,"abs_2026",700337,55,438,3958,145,345.563888888889,TRUE,"2026-03-26","2026-08-13",-7.49265688509501,-5.53320644676257,-1.71065225687101,0.508526142750779,-3.15176594253694,-0.704795060677318,-1.82006466217438,-1.59287844076773,-4.50340665495611,-4.53353466087389,-1.02817503537811,0.371152294334537,-2.31369893626515,-0.0277393415788214,-4.42361778605095,-2.41358436006229,-1.00995839864177,0.448083367428344,-1.88459158308028,-0.472357472531122,-2.89787556242293,-2.11109630731731,-0.661615425210714,0.343976600566322,-1.50608457591769,-0.051675104776978,-5.70439530415371
"season",2026,"abs_2026",700652,13,37,264,10,345.563888888889,FALSE,"2026-08-03","2026-09-12",-7.42941261608343e-05,0.13062174319566,-0.000200794935569822,1.07155629894923,0.342033685328517,-0.472121152985801,-0.515157928770462,0.162781793545066,0.285887291439539,0.283877742788126,0.772668355241998,1.06886189415798,1.4186093730647,0.620180696942699,-0.0775840458291113,0.0563127520206449,-0.209686610348949,0.96276435566777,0.711643682262014,-1.65846219960645,0.265815775489884,0.318226457576646,0.718421014837523,0.998938612083742,2.17900565899089,-0.460000413429313,0.128854486356917
"season",2026,"abs_2026",701852,49,354.333333333333,3144,91,345.563888888889,TRUE,"2026-06-26","2026-09-21",-3.25353785704422,-1.69706686712072,-0.918213882514833,0.537706681552842,-1.16598794475949,-0.897719733126691,-1.02722413471168,-0.785963190239783,-4.42336179871922,-4.44729369629515,-1.24836174940335,0.413204325569071,-1.49250133164045,-1.31744447545414,-4.17862238623291,-2.56922504829864,-1.17929136017862,0.479984496929457,-1.82018554219872,-0.900022608887783,-5.28683388405617,-4.65687399267473,-1.49205095504878,0.390949310886853,-2.10314405438904,-1.34609137482057,-1.83341125623925
"season",2026,"abs_2026",804668,33,234.333333333333,1999,67,345.563888888889,FALSE,"2026-06-10","2026-09-20",0.230269688595103,1.21989612270995,0.0982658699552358,0.664188597020442,-0.738807526992727,0.879340278745248,-0.0336254789038,0.276363007297307,1.60194942878554,1.58673318729245,0.683619955385011,0.482375235049767,0.339262970093074,1.21486747395041,-0.139088584113308,0.879370523940742,-0.0593550145575996,0.584831659679778,-0.61873655265422,0.41483530215463,1.69217795018251,2.0908292800708,0.722124303065083,0.45110505164703,0.649137914713735,1.07775190586401,1.26621653160541
"season",2026,"abs_2026",805672,5,28,226,2,345.563888888889,FALSE,"2026-06-04","2026-06-14",0.191477678857911,0.303361407777348,0.683848853063968,1.32640993017998,0.259274617375874,2.00771692436224,-0.112448750360097,0.955216731584572,0.194490289142799,0.192769993706361,0.694608175509995,1.29383292897138,-0.489560624451634,3.52532082645452,0.170208226835999,0.288290442262556,0.607886524414282,1.31460263381794,0.227182617367029,1.83960586798574,0.118796107478977,0.165016551523996,0.424271812424917,1.2777462491525,-0.703513819219656,3.0313943292152,0.320712659286937
"season",2026,"abs_2026",806956,7,49,375,15,345.563888888889,FALSE,"2026-09-02","2026-09-20",-0.456017733908423,-0.270369953621745,-0.930648436547801,1.67271812075911,-2.57548454408458,1.34596907224846,-1.2466910449303,-0.608746203437291,-0.770335921557573,-0.773190394073785,-1.5721141256277,1.06880060236568,-1.9704952840649,-2.21203520739747,-0.171671013216868,0.0181039758615266,-0.350349006565036,1.26035891775698,-1.50262029148903,1.49959346232547,-0.336533722253713,-0.26225086575279,-0.686803514803497,0.971484926332788,-1.20348654829071,-0.417133417144842,-0.306673842617709
"2026_through_05-18",2026,"abs_2026",506702,4,27,211,10,105.180555555556,FALSE,"2026-05-13","2026-05-18",0.62243330910373,0.662627323197335,2.30530855223604,2.20516153644256,4.23617566160697,0.756691616794907,1.90031175354524,2.69256923775817,0.00434803452280947,-0.0611569529671511,0.016103831565961,1.30656372298297,-0.869137449184973,1.53773481108219,0.241548220323733,0.283796098706864,0.89462303823605,1.71760346727767,0.879300439196,1.72097358264194,0.0673351645435953,0.0459919818397284,0.249389498309612,1.14722024380779,-0.989849396787148,2.46852584084677,0.670185539021821
"2026_through_05-18",2026,"abs_2026",518595,14,98.6666666666667,937,19,105.180555555556,FALSE,"2026-03-29","2026-05-06",-2.21740337689958,-2.03891147545073,-2.24736828739822,0.998280511828374,-1.54433612386608,-3.64914603872144,-2.45458274449117,-2.02327344691911,-2.08650488769896,-2.37739670418281,-2.11470089969489,0.800468872572125,-1.5647668185498,-3.25962577679515,-1.88589477902847,-1.69294178223388,-1.91137984360994,0.959733982272958,-1.91111179976237,-2.2804773807922,-1.77174579324105,-1.86922361275423,-1.79568830396052,0.767746884795053,-1.60778432565109,-2.43868259052004,-2.10724656403271
"2026_through_05-18",2026,"abs_2026",521692,22,193,1707,60,105.180555555556,TRUE,"2026-03-27","2026-05-18",-2.91124194025614,-2.58607046130931,-1.50841551308609,0.84277928424677,-1.96590288748385,-1.47250190115889,-1.70906360974275,-1.19816110662543,-3.42454725525376,-3.95448570854932,-1.77437681619366,0.557074058994789,-2.44180625101959,-1.61648325963593,-2.37719968083368,-2.03101930423161,-1.23170967918843,0.705263725625258,-1.7077657973648,-1.20604853074481,-2.46541525266887,-2.64030192885429,-1.27741722936211,0.515263339525796,-1.86172098322424,-1.16950991559584,-2.71970612900169
"2026_through_05-18",2026,"abs_2026",543309,20,168,1334,36,105.180555555556,TRUE,"2026-03-29","2026-05-17",-1.64460222093945,-1.39048461524813,-0.97892989341634,0.728976897751282,-1.93792549475617,-0.521373703995209,-1.17372919816122,-0.826189453769852,-1.36942316704284,-1.78356370406467,-0.815132837525498,0.57418741736761,-1.51408649212412,-0.534616291144095,-1.84297466415881,-1.57015005649063,-1.09700872866596,0.659183335534804,-2.21756581013413,-0.612254558358489,-1.9369866798306,-2.07481479500284,-1.15296826180393,0.545202671189165,-2.1415576116935,-0.834960557201163,-1.44781418513013
"2026_through_05-18",2026,"abs_2026",543510,18,139,1182,48,105.180555555556,TRUE,"2026-03-28","2026-05-16",-2.10648996772449,-1.88132729161719,-1.51546040843489,0.968710842101093,-2.43822205478013,-1.07051746743336,-1.72233206036149,-1.19016602702383,-2.30733694388544,-2.67428905390029,-1.65995463588881,0.667038933523553,-2.30078870565815,-1.57381285697651,-2.59859305261632,-2.36023935069359,-1.86949140475994,0.79629205728017,-2.45790018475262,-2.1104494354098,-1.95329496278675,-2.07370873983245,-1.40524817466673,0.613706807613636,-1.88263783213499,-1.54816943645483,-1.94809970506843
"2026_through_05-18",2026,"abs_2026",543877,24,203,1910,47,105.180555555556,TRUE,"2026-03-29","2026-05-18",-0.155842805050343,0.207998744327785,-0.0767698547046024,0.710293610435996,0.00544712142038357,-0.176841044109523,-0.28253717442828,0.0903523733747381,0.630190448776542,0.0372306094124442,0.310438644717509,0.557465369365115,0.407335885693953,0.245251354006554,-0.381199205444584,0.0103818762856254,-0.187782859824918,0.61756900773349,-0.301842102257033,-0.0983222920769566,-0.188701051459646,-0.386523685177577,-0.0929561829850472,0.530216871831866,-0.0315310155660518,-0.177552104847054,0.277939114939345
"2026_through_05-18",2026,"abs_2026",553869,9,53,553,17,105.180555555556,FALSE,"2026-04-19","2026-05-16",0.573319660827178,0.678662266484824,1.08173520910788,1.77151660241211,3.14756323967838,-4.10264055358228,0.691267134206607,1.56532879277653,-0.29243105148482,-0.464109999740499,-0.551756700914755,1.16677702603782,1.273438968721,-4.91688898896554,-0.322687173287038,-0.210026164265357,-0.60884372318309,1.54335226696325,1.09827460837139,-4.81966281613578,-0.51577982121794,-0.572694975094918,-0.973169473996113,1.10494091282391,0.853832663748488,-5.46716817383028,0.658776685541778
"2026_through_05-18",2026,"abs_2026",592663,30,258,2217,43,105.180555555556,TRUE,"2026-03-26","2026-05-18",2.76693677966814,3.18925966708768,1.07245611615044,0.629020192593936,1.08604382382772,1.40846538777933,0.945572385053106,1.2273325063247,1.92476681700566,1.23649877309456,0.746033650002193,0.460948171312754,1.00631855811822,0.731416021006515,2.35723709779598,2.81418678737272,0.913657789843403,0.557538668024705,1.06709754575409,1.10131644074181,1.78353083827119,1.55268467310598,0.691291022585733,0.443005968780582,1.05162578811067,0.591274483091071,3.20825823531469
"2026_through_05-18",2026,"abs_2026",595978,22,165,1416,51,105.180555555556,TRUE,"2026-03-30","2026-05-18",-0.305992818953594,-0.0362547907235271,-0.185450193305209,0.833400462685357,-0.915046521094297,0.612288440195719,-0.395334590605322,0.0177719675278093,0.448634755383478,0.00903730379208331,0.271899851747562,0.591337245602162,-0.29971586191262,1.04755638477218,0.506968819466886,0.793876053262772,0.307253829979931,0.718123522701329,-0.00838012477852637,0.815797442454501,0.539304658057945,0.394362148651088,0.326851307913906,0.548637045721528,0.136625223970254,0.697533375541873,-0.0592960588005222
"2026_through_05-18",2026,"abs_2026",596117,6,44,383,8,105.180555555556,FALSE,"2026-04-23","2026-05-15",0.522903756852972,0.595862559686387,1.1884176292113,1.2206999304536,2.91296252319414,0.463537359845445,0.442569592439959,1.44185625467414,0.571302903380886,0.452400485330389,1.29841568950201,1.10281583422815,2.73925069480331,0.764746096750491,0.0141115718793972,0.0929322405046406,0.0320717542713572,1.15702192868882,0.67188141021686,-0.327462946724002,0.18105068888904,0.141231318172871,0.411478838384183,1.05201973203815,1.3093648646019,0.00700715310327755,0.625513358159199
"2026_through_05-18",2026,"abs_2026",596142,10,77.3333333333333,690,20,105.180555555556,FALSE,"2026-03-29","2026-05-16",-1.52967370402344,-1.39823356314861,-1.97802634140961,1.20698829668449,-3.80540803883162,-0.709199443435057,-2.22587125731958,-1.70602884305192,-0.700884670798569,-0.91509529339607,-0.906316384653321,0.862205761815021,-1.29697226952411,-0.748875672990023,-1.35695301080051,-1.21612674952341,-1.75468061741445,1.08813827702431,-2.7077432213935,-1.37857186228555,-0.795589311557132,-0.866733253903355,-1.02877928218595,0.810894327816797,-1.92432284015964,-0.489128097863634,-1.4362348821051
"2026_through_05-18",2026,"abs_2026",605170,20,160,1458,41,105.180555555556,TRUE,"2026-03-29","2026-05-18",0.466321643398941,0.744060375856172,0.291451027124338,0.847285428011195,1.00510794025638,-0.440804843383072,0.107308424936647,0.454992216403811,0.15581347494838,-0.296822884105471,0.0973834218427375,0.595383866984051,0.845185419923311,-0.712653751277568,1.40818346095644,1.70602049413502,0.880114663097773,0.768780464108685,1.77233087424568,0.133089584721621,0.884781277545069,0.734317148732236,0.552988298465668,0.560778257083898,1.23183737482238,-0.0471110391126027,0.712803130165255
"2026_through_05-18",2026,"abs_2026",605244,3,10,70,0,105.180555555556,FALSE,"2026-04-19","2026-04-28",0.263530944790546,0.276865451835817,2.63530944790546,2.98561054764496,8.15481661083215,2.66720557569456,0.915830831785883,3.12855496075977,0.168824134824914,0.147092622387487,1.68824134824914,2.1654889277575,5.19810131049126,1.71519136567922,0.262152260359105,0.276865451835817,2.62152260359105,2.98561054764496,8.13512111895443,2.64751008381684,0.154525571587838,0.147092622387487,1.54525571587838,2.1654889277575,4.99383612139017,1.51092617657814,0.284772971309886
"2026_through_05-18",2026,"abs_2026",606992,8,60,606,15,105.180555555556,FALSE,"2026-04-24","2026-05-18",0.746432478471975,0.86187121089247,1.24405413078663,1.5382939154845,1.6446533051478,0.807772286928435,0.876233646848209,1.65427982734423,0.351814025281567,0.163681217608979,0.586356708802611,1.0624205800544,0.0742943898277536,1.10035333646972,0.807567547900313,0.931788921653696,1.34594591316719,1.45199799111894,1.28725412605939,1.44808010337627,0.375001821307667,0.312246493058984,0.625003035512779,1.01005279058787,0.0693072170580706,1.21721531336854,0.906528309753494
"2026_through_05-18",2026,"abs_2026",608348,29,252,2088,51,105.180555555556,TRUE,"2026-03-26","2026-05-18",-2.62191084352765,-2.22416154766297,-1.04044081092367,0.638327562333008,-1.44108088954581,-1.05784717286857,-1.15537840198445,-0.865171073326339,-1.79127386923244,-2.43949384022314,-0.710822963981128,0.462763202978903,-1.09933138647344,-0.600192707538692,-2.106471395763,-1.67831752379068,-0.835901347525,0.551922272383629,-1.80157687576081,-0.207957405667261,-1.72499232092605,-1.94129114265628,-0.684520762272241,0.437841893430538,-1.33643205914959,-0.319796194152989,-2.27043317648822
"2026_through_05-18",2026,"abs_2026",620443,22,162.333333333333,1377,44,105.180555555556,TRUE,"2026-03-28","2026-05-18",1.34226959869325,1.60457840156952,0.826860122398304,0.795147642157285,1.04468096962295,0.929953798612756,0.667908623995908,1.03116063310644,1.46078344579587,1.0332935511339,0.899866599052895,0.597384775056284,1.4819601613582,0.790809152544882,0.976600967584438,1.25678217099097,0.601602238758381,0.707214161868176,0.498198418681184,0.880230784796612,1.04092612098314,0.89938153121073,0.641227589928013,0.558887107323918,0.902481269066924,0.704337735224542,1.64551142739243
"2026_through_05-18",2026,"abs_2026",623168,23,167.333333333333,1408,39,105.180555555556,TRUE,"2026-03-29","2026-05-16",2.86394094527781,3.13215502984556,1.71151849319391,0.803132323535587,1.63208748043976,2.43146851549432,1.51110687498717,1.86938558542553,3.12080218067914,2.68368833050916,1.86502122351343,0.581875393720998,2.32003786993997,2.11408993180955,2.80392166812308,3.09166965571763,1.67565039927674,0.731174608777965,1.10442762701555,2.97955135232583,2.93447485948449,2.78910761012332,1.75367023475168,0.550513109803419,1.79148515415332,2.49095058731528,3.24174113473854
"2026_through_05-18",2026,"abs_2026",624431,11,83,742,18,105.180555555556,FALSE,"2026-03-28","2026-05-16",3.05103626977201,3.19238204445189,3.67594731297833,1.08310573140745,5.8685516021835,2.36471015312935,3.33530712165151,3.93047505781462,2.03743339466594,1.80707936282921,2.454739029718,0.800750354287922,4.12390455576104,1.37523846514612,0.857025017408003,1.00920145496714,1.03256026193735,0.91485703684819,3.13639466478204,-0.768922241003024,0.866240090591774,0.789362158862422,1.04366275974913,0.757184843294048,2.821198915817,-0.428270488767899,3.29108674666706
"2026_through_05-18",2026,"abs_2026",624512,10,78.3333333333333,773,18,105.180555555556,FALSE,"2026-03-28","2026-04-23",-0.803086517930465,-0.655835461559107,-1.02521683140059,1.01083408398965,-0.612071499622751,-1.46247162519512,-1.22004539975928,-0.698425712913542,-0.540842027339119,-0.780820014683856,-0.690436630645684,0.874368732464246,0.201620837815196,-1.59398466468549,-0.563336319119573,-0.404644039620749,-0.719152747812221,0.951161764805543,-0.197001274912264,-1.28519118714537,-0.582666679035173,-0.662836345410394,-0.743829803023625,0.833173462037572,0.198867729628606,-1.72452286067263,-0.675613669772825
"2026_through_05-18",2026,"abs_2026",640902,5,43,301,6,105.180555555556,FALSE,"2026-05-03","2026-05-18",-0.349587007913259,-0.292248627618591,-0.812993041658743,1.05104933586478,-1.27982909930411,-0.96441714375298,-2.23334310441385,-0.60496077987034,-0.120537960526864,-0.213983464007803,-0.280320838434567,1.00820817682327,-0.737066647267974,0.159562558933763,-0.362578721795416,-0.300573129143558,-0.843206329756782,1.01247917027915,-1.32008443877651,-1.07602818747056,-0.127343237542794,-0.158667809172847,-0.296147064053009,0.964127735460037,-0.83892113327131,0.253247019203624,-0.299495103953382
"2026_through_05-18",2026,"abs_2026",641555,16,119.666666666667,1097,37,105.180555555556,TRUE,"2026-03-31","2026-05-18",1.5781695519533,1.78714032664848,1.31880463951529,1.05965242511647,-0.210937011583298,3.38661259807908,1.02411498065988,1.56487385880297,-0.0520621234362785,-0.392625968348538,-0.0435059527322661,0.696216864233887,-1.32021501477102,1.45555784361373,0.00819516288199876,0.230994919529354,0.00684832552813267,0.887729774099855,-0.764191760583467,0.912526331835536,-0.306263606208443,-0.418819694099483,-0.255930590146331,0.649835759971626,-0.74006389911246,0.239862590335828,1.78510929451395
"2026_through_05-18",2026,"abs_2026",641598,16,128,1010,39,105.180555555556,TRUE,"2026-03-30","2026-05-17",-0.868643340882114,-0.676245453514623,-0.678627610064152,0.935866967521844,0.550442652494867,-2.3688000112386,-0.878194128679865,-0.492807245075258,-1.84367231988983,-2.15722699934414,-1.44036899991393,0.63835586915346,-1.2299087058594,-2.46241798244103,-2.74243827561358,-2.53834529098662,-2.14252990282311,0.711149100622286,-3.01991591779752,-2.61758523862842,-2.4097584544014,-2.51286407830913,-1.88262379250109,0.58685391901793,-3.06049806065413,-1.86985152994701,-0.713628003284322
"2026_through_05-18",2026,"abs_2026",641680,15,129,1108,39,105.180555555556,TRUE,"2026-03-27","2026-05-17",1.32730740806519,1.53837360529606,1.02892047136836,1.06130155458377,4.39221090749329,-1.65781007957915,0.756825340303287,1.25551295994707,0.422672421049716,0.0786936241830036,0.327653039573423,0.691249952136285,1.70767327360837,-0.804172138542668,0.929701052337532,1.15439250503189,0.720698490184134,0.934609630720648,3.6414716144611,-1.60283299354135,0.466238605323942,0.352726852535715,0.361425275444916,0.642113110866749,1.83487442205353,-0.811571864408917,1.59497237008899
"2026_through_05-18",2026,"abs_2026",642851,14,99.6666666666667,913,35,105.180555555556,FALSE,"2026-03-29","2026-05-05",-2.05896869462455,-1.88504862416265,-2.06585487754971,1.04172252438935,-2.0801073896005,-2.41659296416743,-2.25865711357009,-1.78886703097081,-1.86050509008458,-2.14394610230417,-1.86672751513503,0.786217326198778,-2.35129812385193,-1.74870844597354,-1.13824656959777,-0.953701110789862,-1.14205341431214,0.887359215572451,-0.974968594482669,-1.59660767739452,-1.08282222803194,-1.17605264800206,-1.08644370705546,0.72032309577793,-1.33446488730626,-1.13878659870943,-1.95836690039397
"2026_through_05-18",2026,"abs_2026",643376,28,241.666666666667,2132,33,105.180555555556,TRUE,"2026-03-26","2026-05-18",-3.27443370362565,-2.86830271761823,-1.35493808425889,0.657447708050668,-1.30854581425325,-1.74008101250589,-1.51081293805839,-1.18726398379732,-1.98491673559934,-2.64679651440786,-0.821344856110073,0.487810766066809,-0.380038377497129,-1.42605343963022,-3.22768450881897,-2.78649895296727,-1.33559358985612,0.598043227129462,-1.66665884255923,-1.42062938645663,-2.37010301482024,-2.59298530584222,-0.980732281994583,0.471495542660799,-0.872015064283219,-1.36269087781937,-2.9117629515565
"2026_through_05-18",2026,"abs_2026",650968,5,9,96,3,105.180555555556,FALSE,"2026-04-04","2026-05-09",0.12952251438037,0.147809838328171,1.43913904867077,3.60733901205194,3.6928113464474,-1.09415407650112,0.863614782806254,1.97717085795554,0.00549344611490524,-0.0243097709421384,0.0610382901656138,2.99777394574752,-0.636357684327426,0.780318566956365,-0.0372438095427817,-0.0176962837237213,-0.413820106030908,3.44918796538787,-0.0236184018391767,-0.785516188181312,0.00789206590865904,-0.00198313802895103,0.0876896212073226,2.94479525922523,-0.646772480468389,0.832399401971159,0.145607441339423
"2026_through_05-18",2026,"abs_2026",657136,20,156.333333333333,1260,17,105.180555555556,TRUE,"2026-03-28","2026-05-18",-0.687954621562109,-0.447933494747218,-0.440056261127148,0.818007491042984,0.456210749863418,-1.4570925325457,-0.653603694722215,-0.243188510801174,-1.24597071791727,-1.63713794179097,-0.796996194829812,0.60928992286969,-0.240285169544563,-1.66939335786445,-1.11802215577206,-0.856757912835583,-0.715152764886177,0.745117315390802,-0.250916773288144,-1.49303172948983,-1.59725884619465,-1.72924678699518,-1.02170075449551,0.592206069427289,-0.489390852287014,-2.0131905700095,-0.484350654418062
"2026_through_05-18",2026,"abs_2026",660688,29,225,2077,45,105.180555555556,TRUE,"2026-03-26","2026-05-17",1.10307438416527,1.49872825749425,0.490255281851229,0.717657921586222,0.385405284195135,0.675796463554031,0.305600487463408,0.652753057008401,0.784753410153013,0.139948391116766,0.348779293401339,0.529187282738071,-0.00729507127510752,0.760368338697456,0.922324897579011,1.349427827303,0.409922176701783,0.65225002713891,0.517742213096954,0.389932085575772,0.603464359341048,0.387696462553696,0.268206381929354,0.507402266284405,0.174326844086632,0.419875821581225,1.51568005754398
"2026_through_05-18",2026,"abs_2026",660710,5,43,359,9,105.180555555556,FALSE,"2026-05-07","2026-05-18",-0.452343039163246,-0.383956067316781,-1.05196055619359,1.85804146991581,-0.17248972021459,-2.9026941230552,-1.41976002281252,-0.672418474203137,-0.21118945317683,-0.322641066963066,-0.491138263201931,1.18400041069642,-0.146075609022911,-1.25620364774742,-0.159802966929231,-0.08623700954567,-0.371634806812164,1.45567359057023,0.755944786373579,-2.27536694334059,0.00418999675184549,-0.0329747492499128,0.00974417849266393,1.11692488509246,0.58806815928107,-0.852173690694138,-0.39069401400147
"2026_through_05-18",2026,"abs_2026",661388,38,317,2649,82,105.180555555556,TRUE,"2026-03-26","2026-05-18",-2.27801280960783,-1.77339696442319,-0.718616028267454,0.56415956964899,-0.912250012730376,-0.804438748827702,-0.890181089851157,-0.5825241857604,-1.11567810112276,-1.93806062179056,-0.351948927798979,0.427216766286511,-0.165689326190691,-0.692356311438646,0.716659886729247,1.25621363702525,0.226075674047081,0.486612919714338,0.341867254818118,0.213239471933336,0.77068883849817,0.498111972822417,0.243119507412672,0.398961446924641,0.642731411640471,-0.0600685045728937,-1.8210480034928
"2026_through_05-18",2026,"abs_2026",663584,3,19,157,3,105.180555555556,FALSE,"2026-05-14","2026-05-18",-0.0883002745535141,-0.0583928801805476,-0.464738287123758,2.02479969776551,4.01481291811772,-6.71094682364341,-0.86602826322463,-0.0136237886462429,-0.0106815582885015,-0.059422236183875,-0.0562187278342183,1.74450533762804,3.81624057207783,-5.28571954888816,-0.218856484301171,-0.186487463052405,-1.15187623316406,1.96729117229457,2.57659251153735,-6.75146401994634,-0.152032841134917,-0.16838532937569,-0.800172848078509,1.6865613522813,2.38778446508322,-5.48724051609454,-0.0584262938942638
"2026_through_05-18",2026,"abs_2026",663698,20,148.333333333333,1269,26,105.180555555556,TRUE,"2026-03-28","2026-05-09",-0.666394388930185,-0.424658825495189,-0.449254644222597,0.78111909333638,-0.684550593551504,-0.294009446279934,-0.60720387690092,-0.230935833801163,-1.23738061714742,-1.63134189262021,-0.834189180099383,0.582682431315273,-0.596003240916649,-1.52467602938034,-1.30935141405074,-1.04808717111427,-0.882708818461172,0.677738791119349,-1.35191292081967,-0.612717011401122,-1.32741689720602,-1.45940483800655,-0.894887795869224,0.560117040084279,-0.751501579680708,-1.53496857900919,-0.474373246307899
"2026_through_05-18",2026,"abs_2026",663728,31,265,2117,54,105.180555555556,TRUE,"2026-03-26","2026-05-13",-1.34646831410183,-0.943194722461254,-0.508101250604463,0.620270619202132,-0.467240002781408,-0.816869384595093,-0.639662880606209,-0.382529064526699,0.186490009659474,-0.470733016483874,0.0703735885507451,0.453411937940241,0.16050088547535,0.0105103131741352,0.681713330875992,1.11533210253966,0.25725031353811,0.560132131355855,0.0139130654623908,0.667577406630639,0.905255017693575,0.686195386260354,0.341605667054179,0.431895608668464,0.148855107522929,0.747620804093271,-0.974491823966424
"2026_through_05-18",2026,"abs_2026",663743,38,267.333333333333,2180,78,105.180555555556,TRUE,"2026-03-26","2026-05-18",1.6897043755884,2.10497902356972,0.632058993362245,0.556211131944373,0.993026244897609,0.58522123349127,0.508252219707794,0.755272520571899,0.491061011230067,-0.185720376106966,0.183688657567357,0.439451237751794,0.0746740538316939,0.356452228833388,1.03160797270376,1.47342409390446,0.385888269091182,0.470861017150971,0.52064269467785,0.46488517113515,0.864272404104969,0.641071558117266,0.323293916747495,0.408051607864366,0.208778879627099,0.586593443684654,2.09855743867184
"2026_through_05-18",2026,"abs_2026",663886,39,308.333333333333,2982,65,105.180555555556,TRUE,"2026-03-26","2026-05-18",-2.80322808212178,-2.23517808199321,-0.909155053661118,0.593506432120681,-0.201482450504722,-1.80323329757141,-1.02070063306864,-0.763569591603552,-4.49324782410777,-5.41901025394219,-1.45726956457549,0.443191455487746,-1.04373254913432,-2.04797790374468,-3.60061137631639,-2.98749166863683,-1.16776585177829,0.524601336469405,-0.413638648966822,-2.19889400860901,-4.55539751467715,-4.86513912635466,-1.47742622097637,0.424427912488841,-1.18981519185717,-1.9986940882254,-2.38624801141792
"2026_through_05-18",2026,"abs_2026",663967,4,34,332,7,105.180555555556,FALSE,"2026-05-06","2026-05-17",0.79024464411472,0.853488306100865,2.32424895327859,2.11466476864697,5.26409918207154,-0.719877595009904,1.89779980764206,2.75812387137658,1.53415074022716,1.43108128123822,4.51220805949166,1.32134888232275,5.40173702425326,3.78157482534752,0.382713450757339,0.451024696899217,1.12562779634512,1.72249524838226,2.74441546203799,-0.519825399532566,1.28582792371395,1.2513178024266,3.7818468344528,1.24710202310804,4.44202412523891,3.4302938881319,0.893391761528425
"2026_through_05-18",2026,"abs_2026",664731,5,36,348,7,105.180555555556,FALSE,"2026-04-09","2026-04-22",-0.577165062650691,-0.510873513339911,-1.60323628514081,1.44168515315358,-1.99794828332151,-1.06048050597869,-1.8846229576859,-1.24789922032259,-0.00957452833342637,-0.11761119016521,-0.0265959120372955,1.23216551739221,-0.184329232346236,0.248782232122525,-0.0634484610780723,0.00822580025848238,-0.176245725216868,1.20836028926569,-0.578688236717176,0.509801418912781,0.0931066763161552,0.0568975952115849,0.258629656433764,1.15550378420459,-0.100505894642872,0.935097246734157,-0.519553336035696
"2026_through_05-18",2026,"abs_2026",664954,19,155.666666666667,1372,51,105.180555555556,TRUE,"2026-03-29","2026-05-17",-2.67346724130677,-2.41211090321945,-1.71743077600007,0.962574739535421,-0.172593245850948,-4.12181416643324,-1.93067307116923,-1.52556044790529,-2.34822878372009,-2.77416642749367,-1.50849814800006,0.622321168820293,-0.307843939926094,-3.42918413140338,-2.19622617873581,-1.91856723672528,-1.41085193494806,0.842301394748169,-0.575273721113469,-2.97308606359246,-1.91900981973856,-2.05928018964805,-1.23276862081706,0.575114742429031,-0.414858928074494,-2.70364219310312,-2.4872504701242
"2026_through_05-18",2026,"abs_2026",665561,18,127.333333333333,1163,36,105.180555555556,TRUE,"2026-03-30","2026-05-15",1.63984780414405,1.86139111405335,1.28783858964192,0.884162053623075,0.574751195504355,2.3250433824818,1.12520638083378,1.46227319864653,2.58721659114102,2.22616303450205,2.03184549042489,0.658387395855904,1.11153924759527,3.44396527676235,1.98535979519702,2.22224217797209,1.55918308523327,0.682426235770068,0.92875404832711,2.67022711462094,2.50763120789163,2.38796072576597,1.96934388054317,0.617337842510237,1.34681844076962,3.18312052823579,1.93548833088865
"2026_through_05-18",2026,"abs_2026",665804,19,154.333333333333,1373,40,105.180555555556,TRUE,"2026-03-28","2026-05-17",0.225998579812994,0.487545410858109,0.146435364889629,0.827912898487225,0.262535800039598,0.0788430764858086,-0.0562868533125768,0.32863162694879,0.491509722466356,0.0652616285150964,0.318472822332412,0.61401989743899,0.0615751574819216,0.617541047159078,0.759985164368364,1.0401663677749,0.492430992031337,0.661023614396946,1.2595138689954,-0.0329570494328742,1.5243273930557,1.38278280328328,0.987685135889219,0.573667929554322,1.04194662014959,1.2324002747154,0.48826225866188
"2026_through_05-18",2026,"abs_2026",665861,15,75.3333333333333,731,22,105.180555555556,FALSE,"2026-04-27","2026-05-15",1.31185872645452,1.45110907859871,1.74140538909892,1.24088043440859,2.93471414539697,1.06186624914827,1.49217668000527,2.09429285515179,1.08673311508982,0.859794035207537,1.44256608197763,0.886800043885022,3.25971600399645,0.34708839988052,0.555513128947941,0.704536739762068,0.737406808337975,1.00520402064508,1.14971077782441,0.551480795037394,0.670465603475721,0.595180446575016,0.889998588684585,0.828124883753501,2.33670775378276,0.0642188276162687,1.50109048431149
"2026_through_05-18",2026,"abs_2026",665966,30,242,2135,59,105.180555555556,TRUE,"2026-03-26","2026-05-17",2.50529726250504,2.91199972738583,1.03524680268803,0.641709667622099,1.38847795241743,0.933018462431152,0.875672201556262,1.21594486995311,2.19092440718225,1.52811327784071,0.905340664124898,0.500468925382985,0.710416816319948,1.37925064998975,1.09242748403445,1.5287787055438,0.451416315716716,0.551262360169112,0.47497131649992,0.583974422012849,-0.0226022198985071,-0.243042256183222,-0.00933976028863929,0.473101681699144,-0.0767857976702513,0.0633833581339849,2.98371787421858
"2026_through_05-18",2026,"abs_2026",666023,33,225,1900,53,105.180555555556,TRUE,"2026-03-26","2026-05-17",2.6994919662005,3.06142858600073,1.19977420720022,0.721248655802096,0.3454723426061,2.70743131977246,0.990532043602526,1.33492257598552,2.44423743215886,1.85438209457154,1.08632774762616,0.493597641238316,0.322121431761997,2.44027948009849,1.77648609231349,2.16470415884903,0.789549374361553,0.646164872185427,0.261243228010408,1.79620153189922,1.62254383131949,1.42642015741879,0.721130591697552,0.470268001163629,-0.0939856296421474,2.03666121409277,3.1158763866541
"2026_through_05-18",2026,"abs_2026",666310,27,203,1810,33,105.180555555556,TRUE,"2026-03-26","2026-05-07",0.445105221392886,0.789897474992054,0.219263655858564,0.762197454957945,-0.200510533962265,0.900346806452702,0.0136114010002235,0.359198878638365,0.140284384450654,-0.42163043714569,0.0691056081037705,0.541786887058747,-0.342754820562779,0.693581159913084,-1.27140722907714,-0.897902354018318,-0.626308979840955,0.671785130803882,-1.13926081034678,-0.0947958576295974,-0.928382861087452,-1.11707358578781,-0.45733145866377,0.522517285682807,-0.851364821623281,-0.0406957135274168,0.809313433126219
"2026_through_05-18",2026,"abs_2026",668670,14,118,1051,19,105.180555555556,TRUE,"2026-03-28","2026-05-16",-0.219973334123106,-0.0197652354862408,-0.186418079765344,0.825514729936631,0.17007857479463,-0.646982728960005,-0.423467414824851,0.00249607937777393,-0.317542037259629,-0.643825173998722,-0.269103421406465,0.677103155598388,-0.0877600796097793,-0.549453099260908,-0.659299078286382,-0.442384598229712,-0.558728032446086,0.76788644558958,-0.268488824337267,-1.0647775984421,-0.813596529603936,-0.923179437814835,-0.689488584410115,0.651130259802129,-0.365302041730358,-1.27489542201829,-0.0214579704922378
"2026_through_05-18",2026,"abs_2026",668939,28,228.666666666667,2100,38,105.180555555556,TRUE,"2026-03-26","2026-05-18",2.88561776965934,3.28565298101749,1.26193196923878,0.684009550925949,-0.302781015018868,2.82184888844073,1.04122393700414,1.39695811605625,3.55063667364797,2.89869130052514,1.55275656281981,0.508729277287097,1.30932386709303,2.02011051549818,1.05532025527523,1.48872883848924,0.461510315718032,0.615419801183582,-0.0228691320673729,0.97394497787671,1.85333004058919,1.63437659414454,0.810494186846582,0.489686019880642,0.893838812825571,0.903092346770289,3.40657805439313
"2026_through_05-18",2026,"abs_2026",669087,3,20,163,3,105.180555555556,FALSE,"2026-04-15","2026-04-19",0.149291150721484,0.180341502841188,0.74645575360742,1.74395579280689,0.71352691912401,3.25093175791403,0.339231233654447,1.18441983391258,0.392658104846075,0.342054725884636,1.96329052423037,1.72318820897318,2.18017345258157,5.04862207375682,0.270170839900737,0.303800991847507,1.35085419950368,1.48182967720866,1.55214128192017,3.23123626603631,0.384351121837844,0.367361523665611,1.92175560918922,1.66214005870892,2.18622096828108,4.84435688465574,0.185383964448269
"2026_through_05-18",2026,"abs_2026",669127,35,293,2695,65,105.180555555556,TRUE,"2026-03-27","2026-05-18",-4.41937369125603,-3.90599517001307,-1.50831866595769,0.648671371868663,-0.339647441976778,-2.73802104576091,-1.65761441078382,-1.34726787550631,-2.76528254848916,-3.60194577733012,-0.943782439757391,0.470405007803624,0.305891395065315,-2.15109687200531,-2.23145425652234,-1.6786586338973,-0.761588483454722,0.572356396665584,0.366868158657144,-1.89681280011809,-2.50662842418045,-2.78589494413652,-0.855504581631553,0.449483562436487,0.242531949669054,-1.98444216634374,-4.00853898856707
"2026_through_05-18",2026,"abs_2026",669134,17,134,1216,46,105.180555555556,TRUE,"2026-03-27","2026-05-05",-1.66547168523276,-1.43383224856061,-1.24288931733788,0.948558402115689,-1.08694796306501,-1.70077468118235,-1.45031912723561,-1.03716735106027,-2.18539677708414,-2.56290419314002,-1.63089311722697,0.642567213601384,-1.90396475549941,-1.67213553120808,-1.40157445981454,-1.15565397370378,-1.04595108941384,0.777362251456383,-1.83852195699416,-0.450565975755966,-1.27102265433323,-1.39525909096768,-0.948524368905394,0.598247140912513,-1.64460990504964,-0.435034100281399,-1.52095762581421
"2026_through_05-18",2026,"abs_2026",669221,4,32,307,12,105.180555555556,FALSE,"2026-05-04","2026-05-10",-1.51391178205169,-1.45543044401029,-4.73097431891154,2.09447451290895,-4.53184341833061,-5.39547618328974,-5.18787166743758,-4.21177149857864,-0.910243733252137,-1.00555193779914,-2.84451166641293,1.56796814740309,-2.42418908555496,-3.59332770518006,-1.094118129583,-1.03211253693114,-3.41911915494687,1.91026727264342,-3.12277503119198,-4.40351203401689,-0.740847678915978,-0.772172250546031,-2.31514899661243,1.47275075422114,-1.89978521377277,-3.23616329416544,-1.49121338635462
"2026_through_05-18",2026,"abs_2026",669224,36,304.333333333333,2588,82,105.180555555556,TRUE,"2026-03-25","2026-05-17",4.93062457372115,5.42362034848063,1.6201395094374,0.5901482706558,1.81962270151204,1.99330193461635,1.51008141573469,1.73460829141865,3.50419121042038,2.70074615059091,1.15143194208775,0.436167346332377,1.60864028489644,1.09180118929517,4.49166321933277,5.01839547419907,1.47590248170847,0.521486994876041,2.0801033445261,1.49765119424368,3.04924349988163,2.78314391850904,1.00194200434227,0.41007436221678,1.57184017512378,0.853109982087784,5.57325021925664
"2026_through_05-18",2026,"abs_2026",669257,37,295,2417,59,105.180555555556,TRUE,"2026-03-26","2026-05-18",0.0395591145587162,0.499980593536169,0.0134098693419377,0.554836318333869,1.38694354123049,-1.30629501535112,-0.0949382008417226,0.118772253079226,0.145617071752656,-0.604741007693954,0.0493617192381885,0.415045343357148,1.09790652532635,-0.941136564072948,1.77667575534182,2.27230011965735,0.602262967912481,0.519056628721286,1.49464141081226,0.0345840245520331,1.43064885939041,1.18026465632713,0.484965715047595,0.395292310102296,1.15179516965587,0.0780406578278514,0.491520277684557
"2026_through_05-18",2026,"abs_2026",671056,17,150,1382,33,105.180555555556,TRUE,"2026-03-28","2026-05-17",-1.2526549498158,-0.989393682150584,-0.835103299877203,0.883219719015849,-1.03643136347063,-0.768232565708528,-1.0797336977706,-0.600971514329211,-0.112702706616752,-0.54174485216711,-0.0751351377445016,0.652744307491482,0.269694574650627,-0.454813796668654,-0.378801581805681,-0.0952573632044719,-0.252534387870454,0.766100266797725,-0.0419410342842894,-0.533134824766263,-0.00752643073233844,-0.150769980321973,-0.00501762048822563,0.622948488952925,0.432210800809842,-0.468061761727987,-0.994263369339027
"2026_through_05-18",2026,"abs_2026",672275,34,270,2396,58,105.180555555556,TRUE,"2026-03-25","2026-05-17",3.77558260994796,4.23200373681183,1.39836392961035,0.610070329853907,0.467149550512425,2.88635928359092,1.26045053318148,1.55392010384139,3.42896610681035,2.68512748109497,1.2699874469668,0.468201799978505,0.582512325159897,2.43430337773479,3.07956217832481,3.57098277364699,1.14057858456474,0.556894947717969,0.57076056654406,2.20477177791559,3.04602964585226,2.79776914256051,1.12815912809343,0.448258105787295,0.581523024439597,2.16057622173593,4.33002376909365
"2026_through_05-18",2026,"abs_2026",672386,5,46.3333333333333,377,4,105.180555555556,FALSE,"2026-03-27","2026-04-03",1.7583905408884,1.83020638597508,3.79508749832029,1.46334391177967,5.6307030433696,3.23343655348843,3.02170817563723,4.06072978008933,1.57430811807,1.45726840108557,3.39778730518706,0.967790105234279,3.91187009588013,4.56669306905905,1.96982857642918,2.04822886815509,4.25142858222125,1.41051471461165,6.16023065404176,3.97398093718579,1.60864217041267,1.56903516967365,3.47188957643022,0.948328109060912,3.93410682511951,4.87557565607344,1.88489479193882
"2026_through_05-18",2026,"abs_2026",672515,24,184,1484,33,105.180555555556,TRUE,"2026-03-26","2026-05-18",2.89999729419378,3.18268884355354,1.57608548597488,0.737949888315047,1.29592129054016,2.64516175881665,1.43319474201359,1.73275821505931,1.55436534226679,1.09365727859332,0.844763772971082,0.53226225932874,0.355961554165337,1.77325215621704,1.06494429693144,1.36992773739872,0.578774074419263,0.693236381323347,-0.188652231299073,1.70481125462228,0.806178407545766,0.652103989121333,0.438140438883568,0.50878492291922,-0.0961173035849468,1.24142812081042,3.20555741129709
"2026_through_05-18",2026,"abs_2026",673237,23,192.333333333333,1877,51,105.180555555556,TRUE,"2026-03-26","2026-05-03",-3.36892644033563,-3.01137115856456,-1.75160820121437,0.817075888126914,-2.01016206891071,-1.58067454180149,-2.05189650717176,-1.5975684553477,-3.02092635835362,-3.60364134185436,-1.57067228337276,0.577995422286674,-1.65356439665587,-1.56555800540247,-3.56829856728271,-3.18449445819019,-1.85526788593555,0.758440759961979,-2.17148509715108,-1.73731308389598,-3.21438628629368,-3.40828007543429,-1.67125803446812,0.548570111323111,-1.9645895858629,-1.55654330851938,-3.10814134771752
"2026_through_05-18",2026,"abs_2026",676439,25,148.333333333333,1186,29,105.180555555556,TRUE,"2026-03-26","2026-05-16",1.0964362133356,1.32236086127406,0.739170480900404,0.878676623665651,0.862421355159276,1.00534268742471,0.583618530285325,0.949337044507697,0.823626479685541,0.455432568959981,0.555253806529578,0.58236658126432,1.45553307180165,-0.297157692220133,0.528848528335566,0.77203656460065,0.356527097754314,0.779000522224844,0.605276852409444,0.26575845656358,0.888541766029662,0.765685734246707,0.599016920918873,0.554022107041512,1.54554701166078,-0.235950268461716,1.3479913258563
"2026_through_05-18",2026,"abs_2026",678218,28,203.666666666667,1725,37,105.180555555556,TRUE,"2026-04-05","2026-05-18",3.89040211228793,4.21900246447498,1.91018106986314,0.730599794031036,1.49117565106951,3.26762324432156,1.76352231073793,2.07019289307821,2.79931217722378,2.26378562073003,1.37445769749122,0.513651899466858,1.22477616890465,2.15007709324866,3.13057287360579,3.48537097664422,1.53710615725325,0.671315878291767,0.888301093182626,3.14123013781456,2.45933999755771,2.28009973684066,1.20753191369446,0.493216236057371,0.812618500102982,2.31488365118568,4.32169286573369
"2026_through_05-18",2026,"abs_2026",680728,7,54,483,11,105.180555555556,FALSE,"2026-04-11","2026-04-30",0.869290745083585,0.96129884369596,1.60979767608071,1.38217578958858,5.32434963813664,-2.37868262492405,1.20476699048419,1.90245742497373,0.436929789813155,0.286982353994904,0.809129240394732,1.07459299224787,3.72366038347847,-2.43741733329503,0.462768369397728,0.561977317640701,0.856978461847645,1.27476207475293,3.04957123489332,-1.51411686544275,0.426268398767761,0.376149084159675,0.789385923644002,1.03345983916688,3.0051873689276,-1.63116795521289,0.982908119612186
"2026_through_05-18",2026,"abs_2026",680777,32,263,2346,62,105.180555555556,TRUE,"2026-03-26","2026-05-18",0.232526842260326,0.679423321234717,0.0884132480077285,0.638193913812385,0.162448018683917,0.0369613551939313,-0.070759628880746,0.23975592116822,1.52134596566181,0.793029848830301,0.578458542076732,0.464516894443796,0.952462884019478,0.350155485161463,1.70676143467933,2.18683185371948,0.648958720410392,0.547404444648949,1.09860804760835,0.403235997297999,1.77051339640626,1.52798688249765,0.673199010040404,0.439828741827272,1.16348553068045,0.394952120223012,0.723950728531754
"2026_through_05-18",2026,"abs_2026",680779,33,261.333333333333,2215,52,105.180555555556,TRUE,"2026-03-26","2026-05-17",3.02171523047141,3.44365713197536,1.15626858308855,0.636462543730769,0.302902094621395,2.3686201006715,1.00857707319312,1.40193266773319,2.30026342778853,1.61261628423279,0.88020284226602,0.467246702749043,0.452470469429748,1.59310433410606,3.39211162225174,3.84674923888215,1.2980018962698,0.578590638387789,0.834547232066579,2.26426431250958,2.17364356341593,1.94396543312507,0.831751363552015,0.445155770443479,0.489646366530948,1.49373508059355,3.51987467577076
"2026_through_05-18",2026,"abs_2026",681351,29,237.333333333333,2221,57,105.180555555556,TRUE,"2026-03-26","2026-05-18",-3.48155740803055,-3.05847254877986,-1.46694834608029,0.741009732731742,-1.74991382458708,-1.30485756483174,-1.64400410598939,-1.29806950435215,-3.65454516261058,-4.3440550072324,-1.53983644492019,0.524868062523329,-1.70098664051314,-1.56544140318446,-3.0020927174147,-2.54724491233463,-1.26492670677586,0.681110644211919,-2.19469411381921,-0.224879745284738,-2.83110863023319,-3.06089294551264,-1.19288284981736,0.501034085297576,-1.82559565611653,-0.563498283396143,-3.19640596729718
"2026_through_05-18",2026,"abs_2026",681508,2,17,106,3,105.180555555556,FALSE,"2026-05-10","2026-05-16",-0.299413246657601,-0.279220993131904,-1.76125439210354,2.32131026366844,-4.6893103391372,0.252030893136343,-2.16674667007578,-1.31634043269885,-0.0684883402311209,-0.10139605906494,-0.402872589594829,1.67462910118618,-0.972840249438691,-0.107022094204182,-0.325135092850092,-0.303485682534359,-1.91255936970642,2.21085181494211,-5.30838903016567,0.232335401258623,-0.101308634018384,-0.112245687841759,-0.595933141284613,1.60218609422687,-1.41043083628847,-0.311287283305268,-0.28454522111645
"2026_through_05-18",2026,"abs_2026",681807,8,33,325,7,105.180555555556,FALSE,"2026-03-28","2026-05-11",0.503900424487182,0.565810635768801,1.52697098329449,2.08017103631871,0.471716807162287,2.9406778082851,0.988162174699973,2.0163374994766,-0.094675883462263,-0.195572191207463,-0.286896616552312,1.42310365612963,-1.40138646348404,1.13928055884025,-0.0751847526217317,-0.00834482562752525,-0.227832583702217,1.86375374837996,-1.7467237563888,1.73351828643661,-0.368144185254613,-0.401911011621924,-1.11558844016549,1.37001617564538,-2.01566463453514,-0.0385837031759956,0.557821618168085
"2026_through_05-18",2026,"abs_2026",682626,31,244.333333333333,2164,46,105.180555555556,TRUE,"2026-03-26","2026-05-12",-1.71413827984283,-1.30191151918614,-0.701557276879739,0.647662650399452,-1.79621576422066,0.0577711247986934,-0.816331762317324,-0.516614225353619,-0.605097488083271,-1.27691167257746,-0.247652450784422,0.476318856751596,-1.28233892608699,0.569097889586196,0.612918766770384,1.05809790316576,0.250853519824168,0.588708956290422,-0.245037592693219,0.74266606183961,0.586158443556866,0.361258637751939,0.239901136517135,0.457073593218032,-0.740765756550801,1.13977553134751,-1.3239932399448
"2026_through_05-18",2026,"abs_2026",682663,17,148.666666666667,1255,45,105.180555555556,TRUE,"2026-03-27","2026-05-03",-1.38049161299211,-1.14142295096617,-0.928581802461059,0.737191781095611,-1.05490670290697,-1.15113748665503,-1.29637877551984,-0.784177676080192,-1.71949069128463,-2.10910566426994,-1.15660808830804,0.606094541692528,-1.95926624882299,-0.701802896802197,-0.212570335047298,0.0417576890501546,-0.142984530300873,0.665330951879582,-0.344704738258731,0.0160049588237499,-0.302313106644849,-0.430796942822356,-0.20334962330371,0.560113547313233,-0.87659908071284,0.460917287925058,-1.20274606824423
"2026_through_05-18",2026,"abs_2026",682848,2,19,140,3,105.180555555556,FALSE,"2026-05-14","2026-05-15",-0.328725520596771,-0.302056506506228,-1.73013431893037,1.83847749440583,-0.37876407498088,-4.05474474297352,-2.12521884293249,-1.19454934392318,-0.286716691331533,-0.330179716206389,-1.50903521753439,1.7426107582605,0.373160841277455,-4.14629528019424,-0.317537921879348,-0.288742104274926,-1.67125222041762,1.69416970873193,-0.398459566858601,-4.05052847268804,-0.304634604659236,-0.31918194809421,-1.60334002452229,1.71212551168066,0.168895652176369,-4.38351141737083,-0.317371309168211
"2026_through_05-18",2026,"abs_2026",683079,4,10,104,1,105.180555555556,FALSE,"2026-05-08","2026-05-13",-0.150383474783496,-0.130572207173378,-1.50383474783496,3.14186254400805,-3.39917817226613,5.43260683348089,-2.15834763000177,-0.841325044999753,-0.110544119345176,-0.14283093782364,-1.10544119345176,2.44448378851985,-2.14028654375585,2.73126481300209,-0.132964316588077,-0.111314906272343,-1.32964316588077,3.11351286487249,-3.21826596806187,5.41291134160317,-0.110275113161746,-0.121212166985121,-1.10275113161746,2.39833348017153,-2.10495130639336,2.52699962390101,-0.133227475079661
"2026_through_05-18",2026,"abs_2026",683679,7,61,505,9,105.180555555556,FALSE,"2026-05-04","2026-05-16",-1.01649453993444,-0.920295596250691,-1.6663844916958,1.21432628479393,0.585636245187827,-4.54030455072736,-1.92199953254536,-1.35636129933904,-0.947307252665525,-1.10408459239268,-1.55296270928775,0.997145522584091,0.450580754766199,-4.13867914297777,-0.878152665632941,-0.773899194597952,-1.43959453382449,1.09946284526122,0.00993000779397457,-3.49434756958203,-1.07619599571071,-1.12886375004463,-1.7642557306733,0.963045871804419,-0.420135964928852,-3.86382071534949,-0.943983757184021
"2026_through_05-18",2026,"abs_2026",686452,31,209,1919,55,105.180555555556,TRUE,"2026-03-28","2026-05-18",1.8301439895914,2.19569997558964,0.875666980665743,0.738080777652108,1.32263238069186,0.577382329158937,0.74045130398797,1.02528796192754,2.70332413801901,2.10757024705582,1.29345652536795,0.546946428992449,1.99431616201305,0.811401870556179,0.511163418120185,0.902954688300062,0.244575798143629,0.687406960243785,0.895520696723981,-0.352418053893816,1.8996769011006,1.70174808239409,0.908936316316074,0.517421271928343,1.52225075938182,0.511692015430183,2.28714806996903
"2026_through_05-18",2026,"abs_2026",686780,30,256,2296,54,105.180555555556,TRUE,"2026-03-26","2026-05-16",-0.686778724627026,-0.249406893542115,-0.268272939307432,0.628488098457119,0.923539091018668,-1.69269993750499,-0.409111114939379,-0.132166959249885,0.829381300815725,0.116587692868097,0.323977070631143,0.48119648825141,0.320262906901751,0.40792149643512,0.16556727279489,0.636809776949013,0.0646747159355041,0.557946667086571,0.594908294805643,-0.514509676855668,0.958671897584577,0.720605153196171,0.374481209993975,0.457504741994113,0.236112424575773,0.643812179263041,-0.195871114397189
"2026_through_05-18",2026,"abs_2026",686948,36,265,2111,50,105.180555555556,TRUE,"2026-03-28","2026-05-18",-0.888316776784807,-0.486186142890971,-0.335213878032003,0.635232354530185,-0.060090596868223,-0.801537068918844,-0.470821440489952,-0.17918766558581,0.015827554750792,-0.639532770326491,0.00597266217011019,0.453967471326976,0.305488971353204,-0.307032609733282,0.953124388833806,1.38632278359814,0.359669580692002,0.55255569097277,0.628853196564986,0.286253746728192,0.484126748086011,0.265279486629942,0.182689338900381,0.432870705883581,0.482376371636902,-0.0271650408082976,-0.428582536256018
"2026_through_05-18",2026,"abs_2026",687221,15,128,1020,17,105.180555555556,TRUE,"2026-03-30","2026-05-17",-2.0996395055123,-1.90533668856691,-1.64034336368148,0.847951363284579,-4.12836284471654,0.0690339666126357,-1.83459522191839,-1.42850368401246,-2.25848811469933,-2.57514729593042,-1.76444383960885,0.641613421562414,-3.76290670492202,-0.622396318597699,-2.71631705960536,-2.50549804458904,-2.12212270281669,0.812100985625017,-4.46160236020196,-0.923030714976186,-2.41939227967577,-2.52589582321795,-1.8901502184967,0.619795924758143,-3.98916237589926,-0.806591785655422,-1.9702974090426
"2026_through_05-18",2026,"abs_2026",689414,23,174,1551,60,105.180555555556,TRUE,"2026-03-28","2026-05-17",-0.655666046227297,-0.360211468695635,-0.376819566797297,0.755824436124878,-0.375472880342984,-0.483119883008665,-0.650676961163222,-0.215516149058177,-1.54336130715058,-2.02486953272844,-0.88698925698309,0.556828427242422,-0.943317583023614,-1.06119678402354,0.7447340529685,1.05812503142247,0.428008076418678,0.697478752759871,0.678419930807203,0.269859342958751,-0.448450402646952,-0.606772220614442,-0.257730116463766,0.5136879470775,-0.231137842125768,-0.390133064235159,-0.404937435266689
"2026_through_05-18",2026,"abs_2026",690924,1,1.66666666666667,18,1,105.180555555556,FALSE,"2026-03-29","2026-03-29",-0.137566521524229,-0.134137648284016,-8.25399129145373,7.285436229846,-7.64258452912382,,-9.00608000916631,-7.38431784242792,-0.0160312883993611,-0.0216193915975568,-0.961877303961664,6.5491826935268,-0.890627133297837,,-0.147750532587479,-0.144177328943134,-8.86503195524872,7.10227821583403,-8.69120779926345,,-0.0349431677236083,-0.036748312529408,-2.0965900634165,6.0751759504299,-2.0554804543299,,-0.136060586135772
"2026_through_05-18",2026,"abs_2026",691011,14,118,1035,33,105.180555555556,TRUE,"2026-04-25","2026-05-18",0.181541204822407,0.378701416134638,0.153848478663057,0.952091535481667,-0.7648669830926,1.04401504724801,-0.112811910681467,0.352734058866231,-0.445957071727965,-0.767273005624217,-0.37792972180336,0.725244480213369,-0.764993002033148,-0.1222222113708,-0.603055100060867,-0.392446273494217,-0.511063644119379,0.811977660229426,-1.33519456589795,0.0724871486018186,-0.837148835805481,-0.943546194359086,-0.709448165936848,0.675194629675354,-1.47133169695601,-0.250784715070104,0.372532168850327
"2026_through_05-18",2026,"abs_2026",691620,1,6,72,2,105.180555555556,FALSE,"2026-03-29","2026-03-29",-0.413565447767231,-0.39984995480638,-6.89275746278719,5.1285071283334,-5.74396455232265,,-7.84411290527829,-5.83522006448986,-0.249954019901135,-0.272306432693918,-4.16590033168558,3.50412382065549,-3.47158360973798,,-0.23123239644905,-0.216519204972338,-3.85387327415084,4.43510524465798,-3.30331994927215,,-0.110336596059527,-0.117769545259879,-1.83894326765879,3.30382973560299,-1.57623708656468,,-0.40900648387322
"2026_through_05-18",2026,"abs_2026",691740,10,66,591,13,105.180555555556,FALSE,"2026-04-01","2026-05-17",0.626643045499832,0.739224383553483,0.949459159848231,1.49671816370152,1.09574411557443,1.02947282821792,0.246093093690343,1.24698299467093,0.513411974426946,0.329935919419521,0.777896930949918,0.955943046366753,1.24155848808252,0.544251234823586,0.533635174035291,0.655124097943,0.808538142477714,1.29034447900248,-0.175332712072761,1.8663955246261,0.362428569947945,0.301053646550755,0.549134196890825,0.91656224816882,0.537425921347278,0.703973790830294,0.768513397681311
"2026_through_05-18",2026,"abs_2026",691788,13,99,845,34,105.180555555556,FALSE,"2026-05-04","2026-05-18",1.60950109038906,1.77046763972126,1.62575867716066,1.24219874866196,1.85010883774543,1.99126823375206,1.3659640654187,1.88055082373276,0.741225849077098,0.478895448939578,0.748712978865755,0.800361539683819,1.79356279331763,-0.574433265631296,1.50610693338921,1.67656976606941,1.52132013473658,1.11749414820144,1.9802283861619,1.66422114632617,0.714784236107567,0.628668210372064,0.722004278896532,0.743166569020973,1.83401853550552,-0.6109333511635,1.78689121865921
"2026_through_05-18",2026,"abs_2026",693307,35,300,2587,63,105.180555555556,TRUE,"2026-03-26","2026-05-18",3.13969065349156,3.63249593529324,1.04656355116385,0.603988215572186,-0.062847531932686,2.54558629002736,0.922731583146206,1.17055877147777,2.55665535605365,1.75352074640186,0.852218452017885,0.455901814058359,-0.246861262884236,2.27706088809141,1.77661854503036,2.30713419199066,0.592206181676786,0.551387637626169,-0.249701945233121,1.70233881291672,2.67512015783049,2.40710924666353,0.891706719276832,0.435101181492697,0.131926079909303,2.03147087483178,3.72059056292959
"2026_through_05-18",2026,"abs_2026",694208,4,20,187,5,105.180555555556,FALSE,"2026-04-13","2026-05-12",-0.443282874701781,-0.407660691595127,-2.21641437350891,2.31447726419417,-2.97663406277313,-2.23092554279422,-2.7767857268944,-1.71733798647386,-0.131581885661157,-0.189636068886857,-0.657909428305786,1.80689646526638,-3.54224147404625,-0.050022592562752,-0.580083030347275,-0.541828732507824,-2.90041515173638,1.7155267648248,-2.99632955465085,-3.23273126486051,-0.155451340185238,-0.174777008106153,-0.777256700926191,1.7006716298857,-3.74650666314734,-0.165466714116199,-0.413391034750753
"2026_through_05-18",2026,"abs_2026",694212,20,173.666666666667,1539,38,105.180555555556,TRUE,"2026-03-29","2026-05-17",-1.06899221283651,-0.775823550798322,-0.615542540980716,0.777627646066845,-0.800414599230627,-0.595834378904716,-0.970422571170848,-0.45111664073746,-1.69114269339099,-2.16892551683672,-0.973786579687709,0.580579141619773,-1.17547147524486,-1.02734596392469,-1.75649202698181,-1.44099916403117,-1.01141575450008,0.664809030956743,-0.81394249170249,-1.49603987299889,-1.85753506031026,-2.01691872816351,-1.06959792340322,0.554361434633125,-0.929020138535049,-1.5196780879855,-0.850818932808036
"2026_through_05-18",2026,"abs_2026",695600,22,179,1552,44,105.180555555556,TRUE,"2026-03-29","2026-05-16",3.6597643792439,3.95540944973336,2.04456110572285,0.889081891022566,3.00577463539449,1.71540511692422,1.85860092953468,2.27225912075013,2.00231172017117,1.52049304441563,1.11860989953696,0.586965842907848,2.14133941318278,0.445515216663516,2.60474532690123,2.92170950899954,1.45516498709566,0.794497100615415,2.6715545566203,0.795455815537056,1.49513651272436,1.33500954995107,0.835271794818079,0.557043210740924,1.9225180573612,0.0726883896717078,4.0492254281172
"2026_through_05-18",2026,"abs_2026",696100,32,266,2301,63,105.180555555556,TRUE,"2026-03-27","2026-05-18",-0.174458763714431,0.263865532159428,-0.0655860013964027,0.59056061700449,-0.0825940435380067,-0.0681319559067246,-0.424120817931574,0.0491112291588021,0.543934508109637,-0.170411350726379,0.204486657184074,0.450224966335531,0.656254258485877,-0.239948469405001,1.19397570159537,1.66437745195082,0.448863045712543,0.484135388214681,0.73833763662716,0.301743418364094,0.859903395165638,0.622261390731538,0.323271953069789,0.421579925613039,0.742517071614977,-0.0211494151551953,0.31531595655158
"2026_through_05-18",2026,"abs_2026",700337,27,221,2113,76,105.180555555556,TRUE,"2026-03-26","2026-05-17",-5.9643731945917,-5.56186157478228,-2.69881140026774,0.762146175134811,-4.0312084979155,-1.4544472855,-2.84292272838644,-2.52231019033815,-2.99616731851261,-3.65214854394525,-1.3557318183315,0.553590289926963,-2.59752285327294,-0.0824890788500164,-3.41648012672712,-2.98832625475479,-1.54591860937879,0.69309545122457,-2.78324700953786,-0.409175321759664,-1.84100337463328,-2.05730219636351,-0.833033201191528,0.518597104880453,-1.80470321745314,0.12909770912091,-5.70570724258978
