"game_pk","season","official_date","weekday","has_abs_challenges","n_mj_event","n_mj_play","n_mj_overturned","n_called","n_tracked","n_scored","n_zone_from_batter","zone_top_frac","n_agree","agree","agree_final","format_class","signal_conflict"
721661,2023,"2023-03-31","Friday","FALSE",0,0,0,172,172,172,0,"0.510",172,"1.000000","1.000000","full_abs","FALSE"
721732,2023,"2023-03-31","Friday","FALSE",0,0,0,193,193,193,0,"0.510",168,"0.870466","0.870466","human_called","FALSE"
721807,2023,"2023-03-31","Friday","FALSE",0,0,0,200,200,200,0,"0.510",200,"1.000000","1.000000","full_abs","FALSE"
721957,2023,"2023-03-31","Friday","FALSE",0,0,0,194,194,194,0,"0.510",194,"1.000000","1.000000","full_abs","FALSE"
722652,2023,"2023-03-31","Friday","FALSE",0,0,0,183,183,183,0,"0.510",167,"0.912568","0.912568","human_called","FALSE"
722729,2023,"2023-03-31","Friday","FALSE",0,0,0,162,162,162,0,"0.510",156,"0.962963","0.962963","human_called","FALSE"
722952,2023,"2023-03-31","Friday","FALSE",0,0,0,146,146,146,0,"0.510",135,"0.924658","0.924658","human_called","FALSE"
723026,2023,"2023-03-31","Friday","FALSE",0,0,0,190,190,190,0,"0.510",175,"0.921053","0.921053","human_called","FALSE"
723540,2023,"2023-03-31","Friday","FALSE",0,0,0,200,200,200,0,"0.510",188,"0.940000","0.940000","human_called","FALSE"
723610,2023,"2023-03-31","Friday","FALSE",0,0,0,161,161,161,0,"0.510",152,"0.944099","0.944099","human_called","FALSE"
723684,2023,"2023-03-31","Friday","FALSE",0,0,0,164,164,164,0,"0.510",146,"0.890244","0.890244","human_called","FALSE"
723758,2023,"2023-03-31","Friday","FALSE",0,0,0,193,193,193,0,"0.510",180,"0.932642","0.932642","human_called","FALSE"
725504,2023,"2023-03-31","Friday","FALSE",0,0,0,184,184,184,0,"0.510",172,"0.934783","0.934783","human_called","FALSE"
721507,2023,"2023-04-01","Saturday","FALSE",0,0,0,113,113,113,0,"0.510",113,"1.000000","1.000000","full_abs","FALSE"
721508,2023,"2023-04-01","Saturday","FALSE",0,0,0,128,128,128,0,"0.510",128,"1.000000","1.000000","full_abs","FALSE"
721658,2023,"2023-04-01","Saturday","FALSE",0,0,0,155,155,155,0,"0.510",155,"1.000000","1.000000","full_abs","FALSE"
721731,2023,"2023-04-01","Saturday","FALSE",0,0,0,190,190,190,0,"0.510",166,"0.873684","0.873684","human_called","FALSE"
721802,2023,"2023-04-01","Saturday","FALSE",0,0,0,177,177,177,0,"0.510",177,"1.000000","1.000000","full_abs","FALSE"
721956,2023,"2023-04-01","Saturday","FALSE",0,0,0,204,204,204,0,"0.510",204,"1.000000","1.000000","full_abs","FALSE"
722654,2023,"2023-04-01","Saturday","FALSE",0,0,0,190,190,190,0,"0.510",171,"0.900000","0.900000","human_called","FALSE"
722733,2023,"2023-04-01","Saturday","FALSE",0,0,0,205,205,205,0,"0.510",185,"0.902439","0.902439","human_called","FALSE"
722955,2023,"2023-04-01","Saturday","FALSE",0,0,0,154,154,154,0,"0.510",146,"0.948052","0.948052","human_called","FALSE"
723029,2023,"2023-04-01","Saturday","FALSE",0,0,0,122,122,122,0,"0.510",114,"0.934426","0.934426","human_called","FALSE"
723248,2023,"2023-04-01","Saturday","FALSE",0,0,0,146,146,146,0,"0.510",140,"0.958904","0.958904","human_called","FALSE"
723258,2023,"2023-04-01","Saturday","FALSE",0,0,0,175,175,175,0,"0.510",153,"0.874286","0.874286","human_called","FALSE"
723532,2023,"2023-04-01","Saturday","FALSE",0,0,0,192,192,192,0,"0.510",172,"0.895833","0.895833","human_called","FALSE"
723604,2023,"2023-04-01","Saturday","FALSE",0,0,0,151,151,151,0,"0.510",138,"0.913907","0.913907","human_called","FALSE"
723680,2023,"2023-04-01","Saturday","FALSE",0,0,0,197,197,197,0,"0.510",180,"0.913706","0.913706","human_called","FALSE"
723759,2023,"2023-04-01","Saturday","FALSE",0,0,0,207,180,180,0,"0.510",170,"0.944444","0.944444","human_called","FALSE"
725505,2023,"2023-04-01","Saturday","FALSE",0,0,0,138,138,138,0,"0.510",129,"0.934783","0.934783","human_called","FALSE"
721506,2023,"2023-04-02","Sunday","FALSE",0,0,0,194,194,194,0,"0.510",194,"1.000000","1.000000","full_abs","FALSE"
721652,2023,"2023-04-02","Sunday","FALSE",0,0,0,181,181,181,0,"0.510",181,"1.000000","1.000000","full_abs","FALSE"
721728,2023,"2023-04-02","Sunday","FALSE",0,0,0,199,199,199,0,"0.510",190,"0.954774","0.954774","human_called","FALSE"
721803,2023,"2023-04-02","Sunday","FALSE",0,0,0,187,187,187,0,"0.510",186,"0.994652","0.994652","full_abs","FALSE"
721955,2023,"2023-04-02","Sunday","FALSE",0,0,0,154,154,154,0,"0.510",152,"0.987013","0.987013","human_called","FALSE"
722656,2023,"2023-04-02","Sunday","FALSE",0,0,0,154,154,154,0,"0.510",141,"0.915584","0.915584","human_called","FALSE"
722724,2023,"2023-04-02","Sunday","FALSE",0,0,0,162,162,162,0,"0.510",147,"0.907407","0.907407","human_called","FALSE"
722954,2023,"2023-04-02","Sunday","FALSE",0,0,0,176,176,176,0,"0.510",163,"0.926136","0.926136","human_called","FALSE"
723250,2023,"2023-04-02","Sunday","FALSE",0,0,0,172,172,172,0,"0.510",159,"0.924419","0.924419","human_called","FALSE"
723533,2023,"2023-04-02","Sunday","FALSE",0,0,0,198,198,198,0,"0.510",178,"0.898990","0.898990","human_called","FALSE"
723603,2023,"2023-04-02","Sunday","FALSE",0,0,0,187,187,187,0,"0.510",173,"0.925134","0.925134","human_called","FALSE"
723682,2023,"2023-04-02","Sunday","FALSE",0,0,0,245,245,245,0,"0.510",221,"0.902041","0.902041","human_called","FALSE"
723760,2023,"2023-04-02","Sunday","FALSE",0,0,0,179,179,179,0,"0.510",165,"0.921788","0.921788","human_called","FALSE"
725499,2023,"2023-04-02","Sunday","FALSE",0,0,0,142,142,142,0,"0.510",132,"0.929577","0.929577","human_called","FALSE"
721357,2023,"2023-04-04","Tuesday","FALSE",0,0,0,197,197,197,0,"0.510",197,"1.000000","1.000000","full_abs","FALSE"
721433,2023,"2023-04-04","Tuesday","FALSE",0,0,0,194,194,194,0,"0.510",193,"0.994845","0.994845","full_abs","FALSE"
721580,2023,"2023-04-04","Tuesday","FALSE",0,0,0,219,219,219,0,"0.510",219,"1.000000","1.000000","full_abs","FALSE"
721883,2023,"2023-04-04","Tuesday","FALSE",0,0,0,197,197,197,0,"0.510",196,"0.994924","0.994924","full_abs","FALSE"
722031,2023,"2023-04-04","Tuesday","FALSE",0,0,0,181,181,181,0,"0.510",181,"1.000000","1.000000","full_abs","FALSE"
722803,2023,"2023-04-04","Tuesday","FALSE",0,0,0,155,155,155,0,"0.510",144,"0.929032","0.929032","human_called","FALSE"
723103,2023,"2023-04-04","Tuesday","FALSE",0,0,0,167,167,167,0,"0.510",157,"0.940120","0.940120","human_called","FALSE"
723178,2023,"2023-04-04","Tuesday","FALSE",0,0,0,163,163,163,0,"0.510",146,"0.895706","0.895706","human_called","FALSE"
723326,2023,"2023-04-04","Tuesday","FALSE",0,0,0,160,160,160,0,"0.510",147,"0.918750","0.918750","human_called","FALSE"
723405,2023,"2023-04-04","Tuesday","FALSE",0,0,0,143,143,143,0,"0.510",135,"0.944056","0.944056","human_called","FALSE"
723480,2023,"2023-04-04","Tuesday","FALSE",0,0,0,176,176,176,0,"0.510",155,"0.880682","0.880682","human_called","FALSE"
725397,2023,"2023-04-04","Tuesday","FALSE",0,0,0,192,192,192,0,"0.510",183,"0.953125","0.953125","human_called","FALSE"
725572,2023,"2023-04-04","Tuesday","FALSE",0,0,0,154,154,154,0,"0.510",136,"0.883117","0.883117","human_called","FALSE"
721359,2023,"2023-04-05","Wednesday","FALSE",0,0,0,169,168,168,0,"0.510",168,"1.000000","1.000000","full_abs","FALSE"
721430,2023,"2023-04-05","Wednesday","FALSE",0,0,0,172,172,172,0,"0.510",171,"0.994186","0.994186","full_abs","FALSE"
721578,2023,"2023-04-05","Wednesday","FALSE",0,0,0,221,221,221,0,"0.510",221,"1.000000","1.000000","full_abs","FALSE"
721886,2023,"2023-04-05","Wednesday","FALSE",0,0,0,145,145,145,0,"0.510",145,"1.000000","1.000000","full_abs","FALSE"
722029,2023,"2023-04-05","Wednesday","FALSE",0,0,0,136,136,136,0,"0.510",136,"1.000000","1.000000","full_abs","FALSE"
722807,2023,"2023-04-05","Wednesday","FALSE",0,0,0,121,121,121,0,"0.510",111,"0.917355","0.917355","human_called","FALSE"
723104,2023,"2023-04-05","Wednesday","FALSE",0,0,0,202,202,202,0,"0.510",187,"0.925743","0.925743","human_called","FALSE"
723177,2023,"2023-04-05","Wednesday","FALSE",0,0,0,156,156,156,0,"0.510",144,"0.923077","0.923077","human_called","FALSE"
723479,2023,"2023-04-05","Wednesday","FALSE",0,0,0,195,195,195,0,"0.510",179,"0.917949","0.917949","human_called","FALSE"
725399,2023,"2023-04-05","Wednesday","FALSE",0,0,0,143,143,143,0,"0.510",131,"0.916084","0.916084","human_called","FALSE"
721581,2023,"2023-04-06","Thursday","FALSE",0,0,0,179,179,179,0,"0.510",177,"0.988827","0.988827","human_called","FALSE"
721879,2023,"2023-04-06","Thursday","FALSE",0,0,0,136,136,136,0,"0.510",136,"1.000000","1.000000","full_abs","FALSE"
722028,2023,"2023-04-06","Thursday","FALSE",0,0,0,156,156,156,0,"0.510",156,"1.000000","1.000000","full_abs","FALSE"
722806,2023,"2023-04-06","Thursday","FALSE",0,0,0,148,148,148,0,"0.510",141,"0.952703","0.952703","human_called","FALSE"
722874,2023,"2023-04-06","Thursday","FALSE",0,0,0,207,207,207,0,"0.510",185,"0.893720","0.893720","human_called","FALSE"
723099,2023,"2023-04-06","Thursday","FALSE",0,0,0,206,206,206,0,"0.510",191,"0.927184","0.927184","human_called","FALSE"
723174,2023,"2023-04-06","Thursday","FALSE",0,0,0,159,159,159,0,"0.510",148,"0.930818","0.930818","human_called","FALSE"
723325,2023,"2023-04-06","Thursday","FALSE",0,0,0,118,118,118,0,"0.510",108,"0.915254","0.915254","human_called","FALSE"
723329,2023,"2023-04-06","Thursday","FALSE",0,0,0,149,149,149,0,"0.510",134,"0.899329","0.899329","human_called","FALSE"
723402,2023,"2023-04-06","Thursday","FALSE",0,0,0,149,55,55,0,"0.510",47,"0.854545","0.854545","human_called","FALSE"
723403,2023,"2023-04-06","Thursday","FALSE",0,0,0,94,55,55,0,"0.510",50,"0.909091","0.909091","human_called","FALSE"
723481,2023,"2023-04-06","Thursday","FALSE",0,0,0,140,140,140,0,"0.510",127,"0.907143","0.907143","human_called","FALSE"
723831,2023,"2023-04-06","Thursday","FALSE",0,0,0,172,172,172,0,"0.510",153,"0.889535","0.889535","human_called","FALSE"
725400,2023,"2023-04-06","Thursday","FALSE",0,0,0,114,114,114,0,"0.510",108,"0.947368","0.947368","human_called","FALSE"
721354,2023,"2023-04-07","Friday","FALSE",0,0,0,133,133,133,0,"0.510",125,"0.939850","0.939850","human_called","FALSE"
721355,2023,"2023-04-07","Friday","FALSE",0,0,0,116,116,116,0,"0.510",101,"0.870690","0.870690","human_called","FALSE"
721579,2023,"2023-04-07","Friday","FALSE",0,0,0,163,163,163,0,"0.510",147,"0.901840","0.901840","human_called","FALSE"
721877,2023,"2023-04-07","Friday","FALSE",0,0,0,129,129,129,0,"0.510",118,"0.914729","0.914729","human_called","FALSE"
722032,2023,"2023-04-07","Friday","FALSE",0,0,0,197,197,197,0,"0.510",188,"0.954315","0.954315","human_called","FALSE"
722877,2023,"2023-04-07","Friday","FALSE",0,0,0,161,161,161,0,"0.510",156,"0.968944","0.968944","human_called","FALSE"
723102,2023,"2023-04-07","Friday","FALSE",0,0,0,174,174,174,0,"0.510",160,"0.919540","0.919540","human_called","FALSE"
723328,2023,"2023-04-07","Friday","FALSE",0,0,0,138,138,138,0,"0.510",121,"0.876812","0.876812","human_called","FALSE"
723399,2023,"2023-04-07","Friday","FALSE",0,0,0,191,191,191,0,"0.510",174,"0.910995","0.910995","human_called","FALSE"
723478,2023,"2023-04-07","Friday","FALSE",0,0,0,174,174,174,0,"0.510",158,"0.908046","0.908046","human_called","FALSE"
723830,2023,"2023-04-07","Friday","FALSE",0,0,0,115,115,115,0,"0.510",100,"0.869565","0.869565","human_called","FALSE"
723883,2023,"2023-04-07","Friday","FALSE",0,0,0,152,152,152,0,"0.510",136,"0.894737","0.894737","human_called","FALSE"
723886,2023,"2023-04-07","Friday","FALSE",0,0,0,153,153,153,0,"0.510",143,"0.934641","0.934641","human_called","FALSE"
725394,2023,"2023-04-07","Friday","FALSE",0,0,0,170,170,170,0,"0.510",152,"0.894118","0.894118","human_called","FALSE"
725571,2023,"2023-04-07","Friday","FALSE",0,0,0,174,172,172,0,"0.510",154,"0.895349","0.895349","human_called","FALSE"
721349,2023,"2023-04-08","Saturday","FALSE",0,0,0,206,206,206,0,"0.510",189,"0.917476","0.917476","human_called","FALSE"
721425,2023,"2023-04-08","Saturday","FALSE",0,0,0,131,131,131,0,"0.510",124,"0.946565","0.946565","human_called","FALSE"
721431,2023,"2023-04-08","Saturday","FALSE",0,0,0,121,121,121,0,"0.510",113,"0.933884","0.933884","human_called","FALSE"
721582,2023,"2023-04-08","Saturday","FALSE",0,0,0,196,196,196,0,"0.510",182,"0.928571","0.928571","human_called","FALSE"
721878,2023,"2023-04-08","Saturday","FALSE",0,0,0,154,154,154,0,"0.510",144,"0.935065","0.935065","human_called","FALSE"
722030,2023,"2023-04-08","Saturday","FALSE",0,0,0,187,187,187,0,"0.510",177,"0.946524","0.946524","human_called","FALSE"
722799,2023,"2023-04-08","Saturday","FALSE",0,0,0,103,103,103,0,"0.510",96,"0.932039","0.932039","human_called","FALSE"
722801,2023,"2023-04-08","Saturday","FALSE",0,0,0,95,95,95,0,"0.510",81,"0.852632","0.852632","human_called","FALSE"
722871,2023,"2023-04-08","Saturday","FALSE",0,0,0,183,183,183,0,"0.510",178,"0.972678","0.972678","human_called","FALSE"
722880,2023,"2023-04-08","Saturday","FALSE",0,0,0,146,146,146,0,"0.510",133,"0.910959","0.910959","human_called","FALSE"
723101,2023,"2023-04-08","Saturday","FALSE",0,0,0,208,208,208,0,"0.510",186,"0.894231","0.894231","human_called","FALSE"
723175,2023,"2023-04-08","Saturday","FALSE",0,0,0,190,190,190,0,"0.510",177,"0.931579","0.931579","human_called","FALSE"
723330,2023,"2023-04-08","Saturday","FALSE",0,0,0,191,191,191,0,"0.510",175,"0.916230","0.916230","human_called","FALSE"
723398,2023,"2023-04-08","Saturday","FALSE",0,0,0,171,171,171,0,"0.510",159,"0.929825","0.929825","human_called","FALSE"
723470,2023,"2023-04-08","Saturday","FALSE",0,0,0,101,101,101,0,"0.510",90,"0.891089","0.891089","human_called","FALSE"
723475,2023,"2023-04-08","Saturday","FALSE",0,0,0,129,129,129,0,"0.510",119,"0.922481","0.922481","human_called","FALSE"
723832,2023,"2023-04-08","Saturday","FALSE",0,0,0,198,198,198,0,"0.510",176,"0.888889","0.888889","human_called","FALSE"
723888,2023,"2023-04-08","Saturday","FALSE",0,0,0,169,169,169,0,"0.510",157,"0.928994","0.928994","human_called","FALSE"
721427,2023,"2023-04-09","Sunday","FALSE",0,0,0,152,152,152,0,"0.510",136,"0.894737","0.894737","human_called","FALSE"
721572,2023,"2023-04-09","Sunday","FALSE",0,0,0,186,186,186,0,"0.510",169,"0.908602","0.908602","human_called","FALSE"
721880,2023,"2023-04-09","Sunday","FALSE",0,0,0,213,213,213,0,"0.510",192,"0.901408","0.901408","human_called","FALSE"
722024,2023,"2023-04-09","Sunday","FALSE",0,0,0,160,160,160,0,"0.510",148,"0.925000","0.925000","human_called","FALSE"
722800,2023,"2023-04-09","Sunday","FALSE",0,0,0,178,178,178,0,"0.510",160,"0.898876","0.898876","human_called","FALSE"
722875,2023,"2023-04-09","Sunday","FALSE",0,0,0,160,160,160,0,"0.510",141,"0.881250","0.881250","human_called","FALSE"
723100,2023,"2023-04-09","Sunday","FALSE",0,0,0,185,185,185,0,"0.510",165,"0.891892","0.891892","human_called","FALSE"
723176,2023,"2023-04-09","Sunday","FALSE",0,0,0,138,138,138,0,"0.510",124,"0.898551","0.898551","human_called","FALSE"
723324,2023,"2023-04-09","Sunday","FALSE",0,0,0,163,163,163,0,"0.510",149,"0.914110","0.914110","human_called","FALSE"
723400,2023,"2023-04-09","Sunday","FALSE",0,0,0,180,180,180,0,"0.510",166,"0.922222","0.922222","human_called","FALSE"
723828,2023,"2023-04-09","Sunday","FALSE",0,0,0,145,145,145,0,"0.510",139,"0.958621","0.958621","human_called","FALSE"
723885,2023,"2023-04-09","Sunday","FALSE",0,0,0,122,122,122,0,"0.510",114,"0.934426","0.934426","human_called","FALSE"
723892,2023,"2023-04-09","Sunday","FALSE",0,0,0,128,128,128,0,"0.510",104,"0.812500","0.812500","human_called","FALSE"
725393,2023,"2023-04-09","Sunday","FALSE",0,0,0,153,153,153,0,"0.510",141,"0.921569","0.921569","human_called","FALSE"
721653,2023,"2023-04-11","Tuesday","FALSE",0,0,0,165,165,165,0,"0.510",165,"1.000000","1.000000","full_abs","FALSE"
721727,2023,"2023-04-11","Tuesday","FALSE",0,0,0,195,195,195,0,"0.510",195,"1.000000","1.000000","full_abs","FALSE"
721806,2023,"2023-04-11","Tuesday","FALSE",0,0,0,192,192,192,0,"0.510",176,"0.916667","0.916667","human_called","FALSE"
721876,2023,"2023-04-11","Tuesday","FALSE",0,0,0,153,153,153,0,"0.510",153,"1.000000","1.000000","full_abs","FALSE"
721954,2023,"2023-04-11","Tuesday","FALSE",0,0,0,212,212,212,0,"0.510",212,"1.000000","1.000000","full_abs","FALSE"
722646,2023,"2023-04-11","Tuesday","FALSE",0,0,0,179,179,179,0,"0.510",164,"0.916201","0.916201","human_called","FALSE"
722727,2023,"2023-04-11","Tuesday","FALSE",0,0,0,196,196,196,0,"0.510",178,"0.908163","0.908163","human_called","FALSE"
722947,2023,"2023-04-11","Tuesday","FALSE",0,0,0,156,156,156,0,"0.510",140,"0.897436","0.897436","human_called","FALSE"
723024,2023,"2023-04-11","Tuesday","FALSE",0,0,0,173,173,173,0,"0.510",161,"0.930636","0.930636","human_called","FALSE"
723252,2023,"2023-04-11","Tuesday","FALSE",0,0,0,173,173,173,0,"0.510",155,"0.895954","0.895954","human_called","FALSE"
723530,2023,"2023-04-11","Tuesday","FALSE",0,0,0,164,164,164,0,"0.510",152,"0.926829","0.926829","human_called","FALSE"
723608,2023,"2023-04-11","Tuesday","FALSE",0,0,0,194,194,194,0,"0.510",184,"0.948454","0.948454","human_called","FALSE"
723681,2023,"2023-04-11","Tuesday","FALSE",0,0,0,162,162,162,0,"0.510",154,"0.950617","0.950617","human_called","FALSE"
723757,2023,"2023-04-11","Tuesday","FALSE",0,0,0,197,197,197,0,"0.510",174,"0.883249","0.883249","human_called","FALSE"
725501,2023,"2023-04-11","Tuesday","FALSE",0,0,0,165,165,165,0,"0.510",150,"0.909091","0.909091","human_called","FALSE"
721651,2023,"2023-04-12","Wednesday","FALSE",0,0,0,164,164,164,0,"0.510",161,"0.981707","0.981707","human_called","FALSE"
721730,2023,"2023-04-12","Wednesday","FALSE",0,0,0,168,168,168,0,"0.510",168,"1.000000","1.000000","full_abs","FALSE"
721805,2023,"2023-04-12","Wednesday","FALSE",0,0,0,172,172,172,0,"0.510",172,"1.000000","1.000000","full_abs","FALSE"
721875,2023,"2023-04-12","Wednesday","FALSE",0,0,0,154,154,154,0,"0.510",154,"1.000000","1.000000","full_abs","FALSE"
721950,2023,"2023-04-12","Wednesday","FALSE",0,0,0,163,163,163,0,"0.510",163,"1.000000","1.000000","full_abs","FALSE"
722648,2023,"2023-04-12","Wednesday","FALSE",0,0,0,227,227,227,0,"0.510",209,"0.920705","0.920705","human_called","FALSE"
722726,2023,"2023-04-12","Wednesday","FALSE",0,0,0,193,193,193,0,"0.510",168,"0.870466","0.870466","human_called","FALSE"
722951,2023,"2023-04-12","Wednesday","FALSE",0,0,0,187,187,187,0,"0.510",171,"0.914439","0.914439","human_called","FALSE"
723025,2023,"2023-04-12","Wednesday","FALSE",0,0,0,164,164,164,0,"0.510",155,"0.945122","0.945122","human_called","FALSE"
723253,2023,"2023-04-12","Wednesday","FALSE",0,0,0,155,155,155,0,"0.510",150,"0.967742","0.967742","human_called","FALSE"
723528,2023,"2023-04-12","Wednesday","FALSE",0,0,0,163,163,163,0,"0.510",148,"0.907975","0.907975","human_called","FALSE"
723606,2023,"2023-04-12","Wednesday","FALSE",0,0,0,138,138,138,0,"0.510",130,"0.942029","0.942029","human_called","FALSE"
723683,2023,"2023-04-12","Wednesday","FALSE",0,0,0,192,192,192,0,"0.510",177,"0.921875","0.921875","human_called","FALSE"
723755,2023,"2023-04-12","Wednesday","FALSE",0,0,0,150,147,147,0,"0.510",132,"0.897959","0.897959","human_called","FALSE"
725494,2023,"2023-04-12","Wednesday","FALSE",0,0,0,148,148,148,0,"0.510",129,"0.871622","0.871622","human_called","FALSE"
721654,2023,"2023-04-13","Thursday","FALSE",0,0,0,140,140,140,0,"0.510",139,"0.992857","0.992857","full_abs","FALSE"
721726,2023,"2023-04-13","Thursday","FALSE",0,0,0,203,203,203,0,"0.510",203,"1.000000","1.000000","full_abs","FALSE"
721804,2023,"2023-04-13","Thursday","FALSE",0,0,0,195,195,195,0,"0.510",195,"1.000000","1.000000","full_abs","FALSE"
721869,2023,"2023-04-13","Thursday","FALSE",0,0,0,195,195,195,0,"0.510",194,"0.994872","0.994872","full_abs","FALSE"
721952,2023,"2023-04-13","Thursday","FALSE",0,0,0,166,166,166,0,"0.510",166,"1.000000","1.000000","full_abs","FALSE"
722649,2023,"2023-04-13","Thursday","FALSE",0,0,0,186,186,186,0,"0.510",172,"0.924731","0.924731","human_called","FALSE"
722723,2023,"2023-04-13","Thursday","FALSE",0,0,0,161,161,161,0,"0.510",144,"0.894410","0.894410","human_called","FALSE"
722948,2023,"2023-04-13","Thursday","FALSE",0,0,0,126,126,126,0,"0.510",116,"0.920635","0.920635","human_called","FALSE"
723027,2023,"2023-04-13","Thursday","FALSE",0,0,0,149,149,149,0,"0.510",134,"0.899329","0.899329","human_called","FALSE"
723251,2023,"2023-04-13","Thursday","FALSE",0,0,0,154,154,154,0,"0.510",145,"0.941558","0.941558","human_called","FALSE"
723529,2023,"2023-04-13","Thursday","FALSE",0,0,0,142,142,142,0,"0.510",134,"0.943662","0.943662","human_called","FALSE"
723607,2023,"2023-04-13","Thursday","FALSE",0,0,0,160,160,160,0,"0.510",146,"0.912500","0.912500","human_called","FALSE"
723678,2023,"2023-04-13","Thursday","FALSE",0,0,0,149,149,149,0,"0.510",130,"0.872483","0.872483","human_called","FALSE"
723750,2023,"2023-04-13","Thursday","FALSE",0,0,0,148,148,148,0,"0.510",141,"0.952703","0.952703","human_called","FALSE"
725495,2023,"2023-04-13","Thursday","FALSE",0,0,0,156,156,156,0,"0.510",143,"0.916667","0.916667","human_called","FALSE"
721655,2023,"2023-04-14","Friday","FALSE",0,0,0,140,140,140,0,"0.510",130,"0.928571","0.928571","human_called","FALSE"
721729,2023,"2023-04-14","Friday","FALSE",0,0,0,165,165,165,0,"0.510",154,"0.933333","0.933333","human_called","FALSE"
721798,2023,"2023-04-14","Friday","FALSE",0,0,0,128,128,128,0,"0.510",120,"0.937500","0.937500","human_called","FALSE"
721870,2023,"2023-04-14","Friday","FALSE",0,0,0,173,173,173,0,"0.510",163,"0.942197","0.942197","human_called","FALSE"
721949,2023,"2023-04-14","Friday","FALSE",0,0,0,172,172,172,0,"0.510",164,"0.953488","0.953488","human_called","FALSE"
722647,2023,"2023-04-14","Friday","FALSE",0,0,0,199,199,199,0,"0.510",178,"0.894472","0.894472","human_called","FALSE"
722722,2023,"2023-04-14","Friday","FALSE",0,0,0,176,176,176,0,"0.510",165,"0.937500","0.937500","human_called","FALSE"
722946,2023,"2023-04-14","Friday","FALSE",0,0,0,192,192,192,0,"0.510",170,"0.885417","0.885417","human_called","FALSE"
723021,2023,"2023-04-14","Friday","FALSE",0,0,0,146,146,146,0,"0.510",133,"0.910959","0.910959","human_called","FALSE"
723249,2023,"2023-04-14","Friday","FALSE",0,0,0,153,153,153,0,"0.510",143,"0.934641","0.934641","human_called","FALSE"
723531,2023,"2023-04-14","Friday","FALSE",0,0,0,197,197,197,0,"0.510",178,"0.903553","0.903553","human_called","FALSE"
723605,2023,"2023-04-14","Friday","FALSE",0,0,0,172,172,172,0,"0.510",160,"0.930233","0.930233","human_called","FALSE"
723679,2023,"2023-04-14","Friday","FALSE",0,0,0,172,172,172,0,"0.510",158,"0.918605","0.918605","human_called","FALSE"
723754,2023,"2023-04-14","Friday","FALSE",0,0,0,155,155,155,0,"0.510",144,"0.929032","0.929032","human_called","FALSE"
725496,2023,"2023-04-14","Friday","FALSE",0,0,0,149,149,149,0,"0.510",141,"0.946309","0.946309","human_called","FALSE"
721645,2023,"2023-04-15","Saturday","FALSE",0,0,0,165,165,165,0,"0.510",149,"0.903030","0.903030","human_called","FALSE"
721725,2023,"2023-04-15","Saturday","FALSE",0,0,0,225,225,225,0,"0.510",213,"0.946667","0.946667","human_called","FALSE"
721799,2023,"2023-04-15","Saturday","FALSE",0,0,0,180,180,180,0,"0.510",166,"0.922222","0.922222","human_called","FALSE"
721874,2023,"2023-04-15","Saturday","FALSE",0,0,0,188,188,188,0,"0.510",175,"0.930851","0.930851","human_called","FALSE"
721953,2023,"2023-04-15","Saturday","FALSE",0,0,0,184,184,184,0,"0.510",169,"0.918478","0.918478","human_called","FALSE"
722650,2023,"2023-04-15","Saturday","FALSE",0,0,0,171,171,171,0,"0.510",159,"0.929825","0.929825","human_called","FALSE"
722725,2023,"2023-04-15","Saturday","FALSE",0,0,0,168,168,168,0,"0.510",152,"0.904762","0.904762","human_called","FALSE"
723020,2023,"2023-04-15","Saturday","FALSE",0,0,0,151,151,151,0,"0.510",141,"0.933775","0.933775","human_called","FALSE"
723245,2023,"2023-04-15","Saturday","FALSE",0,0,0,192,192,192,0,"0.510",172,"0.895833","0.895833","human_called","FALSE"
723599,2023,"2023-04-15","Saturday","FALSE",0,0,0,172,172,172,0,"0.510",159,"0.924419","0.924419","human_called","FALSE"
723674,2023,"2023-04-15","Saturday","FALSE",0,0,0,150,150,150,0,"0.510",137,"0.913333","0.913333","human_called","FALSE"
723752,2023,"2023-04-15","Saturday","FALSE",0,0,0,146,146,146,0,"0.510",137,"0.938356","0.938356","human_called","FALSE"
725498,2023,"2023-04-15","Saturday","FALSE",0,0,0,140,140,140,0,"0.510",124,"0.885714","0.885714","human_called","FALSE"
721646,2023,"2023-04-16","Sunday","FALSE",0,0,0,163,163,163,0,"0.510",153,"0.938650","0.938650","human_called","FALSE"
721723,2023,"2023-04-16","Sunday","FALSE",0,0,0,186,186,186,0,"0.510",168,"0.903226","0.903226","human_called","FALSE"
721796,2023,"2023-04-16","Sunday","FALSE",0,0,0,165,165,165,0,"0.510",155,"0.939394","0.939394","human_called","FALSE"
721872,2023,"2023-04-16","Sunday","FALSE",0,0,0,192,192,192,0,"0.510",184,"0.958333","0.958333","human_called","FALSE"
721951,2023,"2023-04-16","Sunday","FALSE",0,0,0,165,165,165,0,"0.510",154,"0.933333","0.933333","human_called","FALSE"
722651,2023,"2023-04-16","Sunday","FALSE",0,0,0,185,185,185,0,"0.510",174,"0.940541","0.940541","human_called","FALSE"
722949,2023,"2023-04-16","Sunday","FALSE",0,0,0,98,98,98,0,"0.510",87,"0.887755","0.887755","human_called","FALSE"
722950,2023,"2023-04-16","Sunday","FALSE",0,0,0,129,129,129,0,"0.510",120,"0.930233","0.930233","human_called","FALSE"
723019,2023,"2023-04-16","Sunday","FALSE",0,0,0,187,187,187,0,"0.510",175,"0.935829","0.935829","human_called","FALSE"
723247,2023,"2023-04-16","Sunday","FALSE",0,0,0,153,153,153,0,"0.510",140,"0.915033","0.915033","human_called","FALSE"
723602,2023,"2023-04-16","Sunday","FALSE",0,0,0,167,167,167,0,"0.510",145,"0.868263","0.868263","human_called","FALSE"
723676,2023,"2023-04-16","Sunday","FALSE",0,0,0,184,184,184,0,"0.510",173,"0.940217","0.940217","human_called","FALSE"
723751,2023,"2023-04-16","Sunday","FALSE",0,0,0,146,146,146,0,"0.510",140,"0.958904","0.958904","human_called","FALSE"
725497,2023,"2023-04-16","Sunday","FALSE",0,0,0,172,172,172,0,"0.510",157,"0.912791","0.912791","human_called","FALSE"
721352,2023,"2023-04-18","Tuesday","FALSE",0,0,0,250,250,250,0,"0.510",249,"0.996000","0.996000","full_abs","FALSE"
721424,2023,"2023-04-18","Tuesday","FALSE",0,0,0,196,196,196,0,"0.510",194,"0.989796","0.989796","human_called","FALSE"
721505,2023,"2023-04-18","Tuesday","FALSE",0,0,0,152,152,152,0,"0.510",150,"0.986842","0.986842","human_called","FALSE"
721577,2023,"2023-04-18","Tuesday","FALSE",0,0,0,251,251,251,0,"0.510",251,"1.000000","1.000000","full_abs","FALSE"
722023,2023,"2023-04-18","Tuesday","FALSE",0,0,0,161,161,161,0,"0.510",161,"1.000000","1.000000","full_abs","FALSE"
722795,2023,"2023-04-18","Tuesday","FALSE",0,0,0,212,212,212,0,"0.510",187,"0.882075","0.882075","human_called","FALSE"
722873,2023,"2023-04-18","Tuesday","FALSE",0,0,0,156,156,156,0,"0.510",143,"0.916667","0.916667","human_called","FALSE"
723095,2023,"2023-04-18","Tuesday","FALSE",0,0,0,163,163,163,0,"0.510",152,"0.932515","0.932515","human_called","FALSE"
723170,2023,"2023-04-18","Tuesday","FALSE",0,0,0,138,138,138,0,"0.510",129,"0.934783","0.934783","human_called","FALSE"
723323,2023,"2023-04-18","Tuesday","FALSE",0,0,0,150,150,150,0,"0.510",140,"0.933333","0.933333","human_called","FALSE"
723397,2023,"2023-04-18","Tuesday","FALSE",0,0,0,169,169,169,0,"0.510",150,"0.887574","0.887574","human_called","FALSE"
723472,2023,"2023-04-18","Tuesday","FALSE",0,0,0,166,166,166,0,"0.510",158,"0.951807","0.951807","human_called","FALSE"
723829,2023,"2023-04-18","Tuesday","FALSE",0,0,0,224,224,224,0,"0.510",204,"0.910714","0.910714","human_called","FALSE"
725392,2023,"2023-04-18","Tuesday","FALSE",0,0,0,152,152,152,0,"0.510",142,"0.934211","0.934211","human_called","FALSE"
721347,2023,"2023-04-19","Wednesday","FALSE",0,0,0,199,199,199,0,"0.510",199,"1.000000","1.000000","full_abs","FALSE"
721428,2023,"2023-04-19","Wednesday","FALSE",0,0,0,204,204,204,0,"0.510",202,"0.990196","0.990196","full_abs","FALSE"
721498,2023,"2023-04-19","Wednesday","FALSE",0,0,0,138,138,138,0,"0.510",138,"1.000000","1.000000","full_abs","FALSE"
721575,2023,"2023-04-19","Wednesday","FALSE",0,0,0,161,161,161,0,"0.510",160,"0.993789","0.993789","full_abs","FALSE"
722026,2023,"2023-04-19","Wednesday","FALSE",0,0,0,245,245,245,0,"0.510",245,"1.000000","1.000000","full_abs","FALSE"
722872,2023,"2023-04-19","Wednesday","FALSE",0,0,0,131,131,131,0,"0.510",118,"0.900763","0.900763","human_called","FALSE"
723098,2023,"2023-04-19","Wednesday","FALSE",0,0,0,139,139,139,0,"0.510",122,"0.877698","0.877698","human_called","FALSE"
723172,2023,"2023-04-19","Wednesday","FALSE",0,0,0,147,147,147,0,"0.510",136,"0.925170","0.925170","human_called","FALSE"
723322,2023,"2023-04-19","Wednesday","FALSE",0,0,0,157,157,157,0,"0.510",130,"0.828025","0.828025","human_called","FALSE"
723401,2023,"2023-04-19","Wednesday","FALSE",0,0,0,196,196,196,0,"0.510",181,"0.923469","0.923469","human_called","FALSE"
723471,2023,"2023-04-19","Wednesday","FALSE",0,0,0,240,240,240,0,"0.510",220,"0.916667","0.916667","human_called","FALSE"
723823,2023,"2023-04-19","Wednesday","FALSE",0,0,0,199,199,199,0,"0.510",190,"0.954774","0.954774","human_called","FALSE"
723882,2023,"2023-04-19","Wednesday","FALSE",0,0,0,160,160,160,0,"0.510",145,"0.906250","0.906250","human_called","FALSE"
725388,2023,"2023-04-19","Wednesday","FALSE",0,0,0,223,223,223,0,"0.510",205,"0.919283","0.919283","human_called","FALSE"
721353,2023,"2023-04-20","Thursday","FALSE",0,0,0,213,213,213,0,"0.510",213,"1.000000","1.000000","full_abs","FALSE"
721423,2023,"2023-04-20","Thursday","FALSE",0,0,0,139,139,139,0,"0.510",139,"1.000000","1.000000","full_abs","FALSE"
721502,2023,"2023-04-20","Thursday","FALSE",0,0,0,127,127,127,0,"0.510",127,"1.000000","1.000000","full_abs","FALSE"
721573,2023,"2023-04-20","Thursday","FALSE",0,0,0,153,153,153,0,"0.510",152,"0.993464","0.993464","full_abs","FALSE"
722022,2023,"2023-04-20","Thursday","FALSE",0,0,0,195,195,195,0,"0.510",195,"1.000000","1.000000","full_abs","FALSE"
722793,2023,"2023-04-20","Thursday","FALSE",0,0,0,149,149,149,0,"0.510",142,"0.953020","0.953020","human_called","FALSE"
722797,2023,"2023-04-20","Thursday","FALSE",0,0,0,117,116,116,0,"0.510",96,"0.827586","0.827586","human_called","FALSE"
722876,2023,"2023-04-20","Thursday","FALSE",0,0,0,169,169,169,0,"0.510",157,"0.928994","0.928994","human_called","FALSE"
723097,2023,"2023-04-20","Thursday","FALSE",0,0,0,202,202,202,0,"0.510",184,"0.910891","0.910891","human_called","FALSE"
723173,2023,"2023-04-20","Thursday","FALSE",0,0,0,166,166,166,0,"0.510",154,"0.927711","0.927711","human_called","FALSE"
723321,2023,"2023-04-20","Thursday","FALSE",0,0,0,148,148,148,0,"0.510",133,"0.898649","0.898649","human_called","FALSE"
723392,2023,"2023-04-20","Thursday","FALSE",0,0,0,157,157,157,0,"0.510",147,"0.936306","0.936306","human_called","FALSE"
723474,2023,"2023-04-20","Thursday","FALSE",0,0,0,181,181,181,0,"0.510",164,"0.906077","0.906077","human_called","FALSE"
723824,2023,"2023-04-20","Thursday","FALSE",0,0,0,191,191,191,0,"0.510",175,"0.916230","0.916230","human_called","FALSE"
723878,2023,"2023-04-20","Thursday","FALSE",0,0,0,117,117,117,0,"0.510",107,"0.914530","0.914530","human_called","FALSE"
723887,2023,"2023-04-20","Thursday","FALSE",0,0,0,147,147,147,0,"0.510",135,"0.918367","0.918367","human_called","FALSE"
725391,2023,"2023-04-20","Thursday","FALSE",0,0,0,147,147,147,0,"0.510",135,"0.918367","0.918367","human_called","FALSE"
721350,2023,"2023-04-21","Friday","FALSE",0,0,0,179,179,179,0,"0.510",162,"0.905028","0.905028","human_called","FALSE"
721426,2023,"2023-04-21","Friday","FALSE",0,0,0,163,163,163,0,"0.510",145,"0.889571","0.889571","human_called","FALSE"
721574,2023,"2023-04-21","Friday","FALSE",0,0,0,183,183,183,0,"0.510",169,"0.923497","0.923497","human_called","FALSE"
722027,2023,"2023-04-21","Friday","FALSE",0,0,0,178,178,178,0,"0.510",167,"0.938202","0.938202","human_called","FALSE"
722796,2023,"2023-04-21","Friday","FALSE",0,0,0,125,125,125,0,"0.510",116,"0.928000","0.928000","human_called","FALSE"
722865,2023,"2023-04-21","Friday","FALSE",0,0,0,210,210,210,0,"0.510",188,"0.895238","0.895238","human_called","FALSE"
723094,2023,"2023-04-21","Friday","FALSE",0,0,0,180,180,180,0,"0.510",161,"0.894444","0.894444","human_called","FALSE"
723169,2023,"2023-04-21","Friday","FALSE",0,0,0,116,116,116,0,"0.510",97,"0.836207","0.836207","human_called","FALSE"
723318,2023,"2023-04-21","Friday","FALSE",0,0,0,189,189,189,0,"0.510",181,"0.957672","0.957672","human_called","FALSE"
723473,2023,"2023-04-21","Friday","FALSE",0,0,0,149,149,149,0,"0.510",129,"0.865772","0.865772","human_called","FALSE"
723881,2023,"2023-04-21","Friday","FALSE",0,0,0,145,145,145,0,"0.510",137,"0.944828","0.944828","human_called","FALSE"
725390,2023,"2023-04-21","Friday","FALSE",0,0,0,167,167,167,0,"0.510",157,"0.940120","0.940120","human_called","FALSE"
721348,2023,"2023-04-22","Saturday","FALSE",0,0,0,146,143,143,0,"0.510",128,"0.895105","0.895105","human_called","FALSE"
721422,2023,"2023-04-22","Saturday","FALSE",0,0,0,145,145,145,0,"0.510",138,"0.951724","0.951724","human_called","FALSE"
722770,2023,"2023-07-14","Friday","FALSE",0,0,0,152,74,74,0,"0.510",67,"0.905405","0.905405","human_called","FALSE"
723056,2023,"2023-07-18","Tuesday","FALSE",0,0,0,120,120,120,0,"0.510",120,"1.000000","1.000000","full_abs","FALSE"
751442,2024,"2024-03-29","Friday","TRUE",4,1,1,176,176,176,0,"0.535",164,"0.931818","0.937500","human_called","FALSE"
751742,2024,"2024-03-29","Friday","TRUE",6,2,4,171,171,171,0,"0.535",158,"0.923977","0.947368","human_called","FALSE"
751970,2024,"2024-03-29","Friday","TRUE",1,1,0,146,146,146,0,"0.535",138,"0.945205","0.945205","human_called","FALSE"
752114,2024,"2024-03-29","Friday","TRUE",4,2,3,169,169,169,0,"0.535",151,"0.893491","0.911243","human_called","FALSE"
752266,2024,"2024-03-29","Friday","TRUE",7,0,5,188,188,188,0,"0.535",167,"0.888298","0.914894","human_called","FALSE"
752342,2024,"2024-03-29","Friday","TRUE",3,1,0,152,152,152,0,"0.535",142,"0.934211","0.934211","human_called","FALSE"
752637,2024,"2024-03-29","Friday","TRUE",2,3,1,164,164,164,0,"0.535",154,"0.939024","0.945122","human_called","FALSE"
752720,2024,"2024-03-29","Friday","TRUE",3,3,2,195,195,195,0,"0.535",184,"0.943590","0.953846","human_called","FALSE"
752867,2024,"2024-03-29","Friday","TRUE",3,0,0,169,169,169,0,"0.535",154,"0.911243","0.911243","human_called","FALSE"
752942,2024,"2024-03-29","Friday","TRUE",3,0,1,162,162,162,0,"0.535",143,"0.882716","0.888889","human_called","FALSE"
753016,2024,"2024-03-29","Friday","TRUE",4,3,2,200,200,200,0,"0.535",188,"0.940000","0.950000","human_called","FALSE"
753094,2024,"2024-03-29","Friday","TRUE",6,2,5,142,142,142,0,"0.535",127,"0.894366","0.929577","human_called","FALSE"
753616,2024,"2024-03-29","Friday","TRUE",3,3,1,215,215,215,0,"0.535",211,"0.981395","0.986047","human_called","FALSE"
751441,2024,"2024-03-30","Saturday","TRUE",3,2,1,207,207,207,0,"0.535",191,"0.922705","0.927536","human_called","FALSE"
751663,2024,"2024-03-30","Saturday","TRUE",2,1,2,157,157,157,0,"0.535",148,"0.942675","0.955414","human_called","FALSE"
751744,2024,"2024-03-30","Saturday","TRUE",4,2,1,149,149,149,0,"0.535",140,"0.939597","0.946309","human_called","FALSE"
752116,2024,"2024-03-30","Saturday","TRUE",6,2,5,173,173,173,0,"0.535",158,"0.913295","0.942197","human_called","FALSE"
752264,2024,"2024-03-30","Saturday","TRUE",6,0,3,160,160,160,0,"0.535",152,"0.950000","0.968750","human_called","FALSE"
752340,2024,"2024-03-30","Saturday","TRUE",4,4,2,186,186,186,0,"0.535",177,"0.951613","0.962366","human_called","FALSE"
752416,2024,"2024-03-30","Saturday","TRUE",0,1,1,141,141,141,0,"0.535",136,"0.964539","0.971631","human_called","FALSE"
752639,2024,"2024-03-30","Saturday","TRUE",5,2,4,191,191,191,0,"0.535",177,"0.926702","0.947644","human_called","FALSE"
752712,2024,"2024-03-30","Saturday","TRUE",5,3,4,153,153,153,0,"0.535",143,"0.934641","0.960784","human_called","FALSE"
752868,2024,"2024-03-30","Saturday","TRUE",5,1,4,161,161,161,0,"0.535",151,"0.937888","0.962733","human_called","FALSE"
752939,2024,"2024-03-30","Saturday","TRUE",4,0,0,145,145,145,0,"0.535",138,"0.951724","0.951724","human_called","FALSE"
753017,2024,"2024-03-30","Saturday","TRUE",8,1,5,172,172,172,0,"0.535",158,"0.918605","0.947674","human_called","FALSE"
753087,2024,"2024-03-30","Saturday","TRUE",5,2,2,149,149,149,0,"0.535",138,"0.926174","0.939597","human_called","FALSE"
753617,2024,"2024-03-30","Saturday","TRUE",5,2,2,127,127,127,0,"0.535",114,"0.897638","0.913386","human_called","FALSE"
751440,2024,"2024-03-31","Sunday","TRUE",1,2,0,160,160,160,0,"0.535",142,"0.887500","0.887500","human_called","FALSE"
751666,2024,"2024-03-31","Sunday","TRUE",2,2,0,108,108,108,0,"0.535",103,"0.953704","0.953704","human_called","FALSE"
751669,2024,"2024-03-31","Sunday","TRUE",5,0,0,162,162,162,0,"0.535",152,"0.938272","0.938272","human_called","FALSE"
751740,2024,"2024-03-31","Sunday","TRUE",3,1,2,192,192,192,0,"0.535",174,"0.906250","0.916667","human_called","FALSE"
751961,2024,"2024-03-31","Sunday","TRUE",1,0,1,175,175,175,0,"0.535",170,"0.971429","0.977143","human_called","FALSE"
752117,2024,"2024-03-31","Sunday","TRUE",7,4,8,179,179,179,0,"0.535",165,"0.921788","0.966480","human_called","FALSE"
752265,2024,"2024-03-31","Sunday","TRUE",1,2,0,194,194,194,0,"0.535",182,"0.938144","0.938144","human_called","FALSE"
752338,2024,"2024-03-31","Sunday","TRUE",1,0,1,154,154,154,0,"0.535",147,"0.954545","0.961039","human_called","FALSE"
752412,2024,"2024-03-31","Sunday","TRUE",4,1,2,176,176,176,0,"0.535",160,"0.909091","0.920455","human_called","FALSE"
752640,2024,"2024-03-31","Sunday","TRUE",7,1,5,153,153,153,0,"0.535",142,"0.928105","0.960784","human_called","FALSE"
752715,2024,"2024-03-31","Sunday","TRUE",6,2,5,143,143,143,0,"0.535",133,"0.930070","0.965035","human_called","FALSE"
752865,2024,"2024-03-31","Sunday","TRUE",5,4,7,174,174,174,0,"0.535",160,"0.919540","0.954023","human_called","FALSE"
752938,2024,"2024-03-31","Sunday","TRUE",3,4,3,148,148,148,0,"0.535",134,"0.905405","0.925676","human_called","FALSE"
753015,2024,"2024-03-31","Sunday","TRUE",4,4,2,162,162,162,0,"0.535",145,"0.895062","0.907407","human_called","FALSE"
753091,2024,"2024-03-31","Sunday","TRUE",5,0,1,157,157,157,0,"0.535",145,"0.923567","0.929936","human_called","FALSE"
753613,2024,"2024-03-31","Sunday","TRUE",8,3,9,170,170,170,0,"0.535",152,"0.894118","0.947059","human_called","FALSE"
751516,2024,"2024-04-02","Tuesday","FALSE",0,0,0,254,254,254,0,"0.535",254,"1.000000","1.000000","full_abs","FALSE"
751591,2024,"2024-04-02","Tuesday","FALSE",0,0,0,128,128,128,0,"0.535",128,"1.000000","1.000000","full_abs","FALSE"
751817,2024,"2024-04-02","Tuesday","FALSE",0,0,0,228,228,228,0,"0.535",228,"1.000000","1.000000","full_abs","FALSE"
751892,2024,"2024-04-02","Tuesday","FALSE",0,0,0,186,186,186,0,"0.535",185,"0.994624","0.994624","full_abs","FALSE"
752042,2024,"2024-04-02","Tuesday","FALSE",0,0,0,152,152,152,0,"0.535",152,"1.000000","1.000000","full_abs","FALSE"
752192,2024,"2024-04-02","Tuesday","FALSE",0,0,0,147,147,147,0,"0.535",147,"1.000000","1.000000","full_abs","FALSE"
752792,2024,"2024-04-02","Tuesday","FALSE",0,0,0,142,142,142,0,"0.535",139,"0.978873","0.978873","human_called","FALSE"
753166,2024,"2024-04-02","Tuesday","FALSE",0,0,0,187,187,187,0,"0.535",187,"1.000000","1.000000","full_abs","FALSE"
753242,2024,"2024-04-02","Tuesday","FALSE",0,0,0,185,185,185,0,"0.535",185,"1.000000","1.000000","full_abs","FALSE"
753318,2024,"2024-04-02","Tuesday","FALSE",0,0,0,128,128,128,0,"0.535",128,"1.000000","1.000000","full_abs","FALSE"
753392,2024,"2024-04-02","Tuesday","FALSE",0,0,0,158,158,158,0,"0.535",158,"1.000000","1.000000","full_abs","FALSE"
753542,2024,"2024-04-02","Tuesday","FALSE",0,0,0,154,154,154,0,"0.535",153,"0.993506","0.993506","full_abs","FALSE"
751518,2024,"2024-04-03","Wednesday","FALSE",0,0,0,153,153,153,0,"0.535",153,"1.000000","1.000000","full_abs","FALSE"
751592,2024,"2024-04-03","Wednesday","FALSE",0,0,0,154,154,154,0,"0.535",154,"1.000000","1.000000","full_abs","FALSE"
751816,2024,"2024-04-03","Wednesday","FALSE",0,0,0,161,161,161,0,"0.535",161,"1.000000","1.000000","full_abs","FALSE"
751891,2024,"2024-04-03","Wednesday","FALSE",0,0,0,175,175,175,0,"0.535",175,"1.000000","1.000000","full_abs","FALSE"
752041,2024,"2024-04-03","Wednesday","FALSE",0,0,0,159,159,159,0,"0.535",159,"1.000000","1.000000","full_abs","FALSE"
752790,2024,"2024-04-03","Wednesday","FALSE",0,0,0,151,151,151,0,"0.535",151,"1.000000","1.000000","full_abs","FALSE"
753168,2024,"2024-04-03","Wednesday","FALSE",0,0,0,234,234,234,0,"0.535",233,"0.995726","0.995726","full_abs","FALSE"
753317,2024,"2024-04-03","Wednesday","FALSE",0,0,0,154,154,154,0,"0.535",154,"1.000000","1.000000","full_abs","FALSE"
753388,2024,"2024-04-03","Wednesday","FALSE",0,0,0,151,151,151,0,"0.535",151,"1.000000","1.000000","full_abs","FALSE"
753465,2024,"2024-04-03","Wednesday","FALSE",0,0,0,166,166,166,0,"0.535",165,"0.993976","0.993976","full_abs","FALSE"
753540,2024,"2024-04-03","Wednesday","FALSE",0,0,0,207,207,207,0,"0.535",207,"1.000000","1.000000","full_abs","FALSE"
751512,2024,"2024-04-04","Thursday","FALSE",0,0,0,175,174,174,0,"0.535",174,"1.000000","1.000000","full_abs","FALSE"
751590,2024,"2024-04-04","Thursday","FALSE",0,0,0,148,148,148,0,"0.535",148,"1.000000","1.000000","full_abs","FALSE"
751815,2024,"2024-04-04","Thursday","FALSE",0,0,0,195,195,195,0,"0.535",194,"0.994872","0.994872","full_abs","FALSE"
751890,2024,"2024-04-04","Thursday","FALSE",0,0,0,166,166,166,0,"0.535",166,"1.000000","1.000000","full_abs","FALSE"
752038,2024,"2024-04-04","Thursday","FALSE",0,0,0,160,160,160,0,"0.535",160,"1.000000","1.000000","full_abs","FALSE"
752490,2024,"2024-04-04","Thursday","FALSE",0,0,0,203,203,203,0,"0.535",203,"1.000000","1.000000","full_abs","FALSE"
752791,2024,"2024-04-04","Thursday","FALSE",0,0,0,157,157,157,0,"0.535",157,"1.000000","1.000000","full_abs","FALSE"
753163,2024,"2024-04-04","Thursday","FALSE",0,0,0,164,164,164,0,"0.535",164,"1.000000","1.000000","full_abs","FALSE"
753240,2024,"2024-04-04","Thursday","FALSE",0,0,0,145,145,145,0,"0.535",145,"1.000000","1.000000","full_abs","FALSE"
753315,2024,"2024-04-04","Thursday","FALSE",0,0,0,150,150,150,0,"0.535",150,"1.000000","1.000000","full_abs","FALSE"
753389,2024,"2024-04-04","Thursday","FALSE",0,0,0,179,179,179,0,"0.535",179,"1.000000","1.000000","full_abs","FALSE"
753466,2024,"2024-04-04","Thursday","FALSE",0,0,0,156,156,156,0,"0.535",156,"1.000000","1.000000","full_abs","FALSE"
753469,2024,"2024-04-04","Thursday","FALSE",0,0,0,123,123,123,0,"0.535",123,"1.000000","1.000000","full_abs","FALSE"
753541,2024,"2024-04-04","Thursday","FALSE",0,0,0,184,184,184,0,"0.535",184,"1.000000","1.000000","full_abs","FALSE"
751514,2024,"2024-04-05","Friday","TRUE",4,2,3,151,151,151,0,"0.535",140,"0.927152","0.947020","human_called","FALSE"
751589,2024,"2024-04-05","Friday","TRUE",5,2,2,154,154,154,0,"0.535",132,"0.857143","0.870130","human_called","FALSE"
751813,2024,"2024-04-05","Friday","TRUE",4,0,2,135,135,135,0,"0.535",126,"0.933333","0.948148","human_called","FALSE"
751885,2024,"2024-04-05","Friday","TRUE",4,1,0,110,110,110,0,"0.535",103,"0.936364","0.936364","human_called","FALSE"
752040,2024,"2024-04-05","Friday","TRUE",1,0,0,143,143,143,0,"0.535",131,"0.916084","0.916084","human_called","FALSE"
752189,2024,"2024-04-05","Friday","TRUE",3,10,8,171,171,171,0,"0.535",159,"0.929825","0.959064","human_called","FALSE"
752194,2024,"2024-04-05","Friday","TRUE",4,2,2,119,119,119,0,"0.535",116,"0.974790","0.991597","human_called","FALSE"
752489,2024,"2024-04-05","Friday","TRUE",4,1,0,215,215,215,0,"0.535",198,"0.920930","0.920930","human_called","FALSE"
752788,2024,"2024-04-05","Friday","TRUE",4,2,3,188,188,188,0,"0.535",174,"0.925532","0.941489","human_called","FALSE"
753167,2024,"2024-04-05","Friday","TRUE",1,3,1,175,175,175,0,"0.535",165,"0.942857","0.948571","human_called","FALSE"
753239,2024,"2024-04-05","Friday","TRUE",2,1,2,157,157,157,0,"0.535",144,"0.917197","0.929936","human_called","FALSE"
753314,2024,"2024-04-05","Friday","TRUE",1,1,2,133,133,133,0,"0.535",122,"0.917293","0.932331","human_called","FALSE"
753390,2024,"2024-04-05","Friday","TRUE",5,0,4,190,190,190,0,"0.535",178,"0.936842","0.957895","human_called","FALSE"
753463,2024,"2024-04-05","Friday","TRUE",7,2,5,165,165,165,0,"0.535",139,"0.842424","0.860606","human_called","FALSE"
753537,2024,"2024-04-05","Friday","TRUE",11,1,7,213,213,213,0,"0.535",192,"0.901408","0.934272","human_called","FALSE"
751513,2024,"2024-04-06","Saturday","TRUE",3,0,0,166,166,166,0,"0.535",159,"0.957831","0.957831","human_called","FALSE"
751812,2024,"2024-04-06","Saturday","TRUE",2,2,0,184,184,184,0,"0.535",174,"0.945652","0.945652","human_called","FALSE"
751887,2024,"2024-04-06","Saturday","TRUE",5,1,2,168,168,168,0,"0.535",155,"0.922619","0.934524","human_called","FALSE"
752039,2024,"2024-04-06","Saturday","TRUE",4,2,3,204,204,204,0,"0.535",186,"0.911765","0.926471","human_called","FALSE"
752187,2024,"2024-04-06","Saturday","TRUE",4,2,1,204,204,204,0,"0.535",195,"0.955882","0.960784","human_called","FALSE"
752488,2024,"2024-04-06","Saturday","TRUE",5,3,2,180,180,180,0,"0.535",172,"0.955556","0.966667","human_called","FALSE"
752491,2024,"2024-04-06","Saturday","TRUE",6,4,6,147,147,147,0,"0.535",137,"0.931973","0.972789","human_called","FALSE"
752563,2024,"2024-04-06","Saturday","TRUE",3,1,2,151,151,151,0,"0.535",138,"0.913907","0.927152","human_called","FALSE"
752786,2024,"2024-04-06","Saturday","TRUE",1,2,1,169,169,169,0,"0.535",160,"0.946746","0.952663","human_called","FALSE"
753165,2024,"2024-04-06","Saturday","TRUE",6,6,7,146,146,146,0,"0.535",134,"0.917808","0.952055","human_called","FALSE"
753237,2024,"2024-04-06","Saturday","TRUE",5,1,4,129,129,129,0,"0.535",116,"0.899225","0.930233","human_called","FALSE"
753244,2024,"2024-04-06","Saturday","TRUE",2,0,2,118,118,118,0,"0.535",103,"0.872881","0.889831","human_called","FALSE"
753313,2024,"2024-04-06","Saturday","TRUE",1,3,1,195,195,195,0,"0.535",185,"0.948718","0.953846","human_called","FALSE"
753391,2024,"2024-04-06","Saturday","TRUE",2,0,1,158,158,158,0,"0.535",146,"0.924051","0.930380","human_called","FALSE"
753460,2024,"2024-04-06","Saturday","TRUE",7,2,5,219,219,219,0,"0.535",208,"0.949772","0.972603","human_called","FALSE"
753538,2024,"2024-04-06","Saturday","TRUE",5,2,3,193,193,193,0,"0.535",181,"0.937824","0.953368","human_called","FALSE"
751511,2024,"2024-04-07","Sunday","TRUE",5,9,9,161,161,161,0,"0.535",139,"0.863354","0.906832","human_called","FALSE"
751586,2024,"2024-04-07","Sunday","TRUE",1,0,0,63,63,63,0,"0.535",62,"0.984127","0.984127","human_called","FALSE"
751588,2024,"2024-04-07","Sunday","TRUE",5,0,4,120,120,120,0,"0.535",109,"0.908333","0.941667","human_called","FALSE"
751814,2024,"2024-04-07","Sunday","TRUE",3,2,3,172,172,172,0,"0.535",161,"0.936047","0.953488","human_called","FALSE"
751889,2024,"2024-04-07","Sunday","TRUE",4,3,2,172,172,172,0,"0.535",163,"0.947674","0.959302","human_called","FALSE"
752037,2024,"2024-04-07","Sunday","TRUE",4,1,0,178,178,178,0,"0.535",167,"0.938202","0.938202","human_called","FALSE"
752190,2024,"2024-04-07","Sunday","TRUE",6,4,6,204,204,204,0,"0.535",187,"0.916667","0.941176","human_called","FALSE"
752484,2024,"2024-04-07","Sunday","TRUE",1,2,2,162,162,162,0,"0.535",152,"0.938272","0.950617","human_called","FALSE"
752561,2024,"2024-04-07","Sunday","TRUE",5,1,3,131,131,131,0,"0.535",123,"0.938931","0.961832","human_called","FALSE"
752565,2024,"2024-04-07","Sunday","TRUE",4,1,2,145,145,145,0,"0.535",139,"0.958621","0.972414","human_called","FALSE"
752789,2024,"2024-04-07","Sunday","TRUE",2,2,0,105,105,105,0,"0.535",99,"0.942857","0.942857","human_called","FALSE"
753159,2024,"2024-04-07","Sunday","TRUE",5,2,6,192,192,192,0,"0.535",179,"0.932292","0.963542","human_called","FALSE"
753236,2024,"2024-04-07","Sunday","TRUE",6,2,5,166,166,166,0,"0.535",155,"0.933735","0.957831","human_called","FALSE"
753310,2024,"2024-04-07","Sunday","TRUE",9,0,6,159,159,159,0,"0.535",148,"0.930818","0.968553","human_called","FALSE"
753384,2024,"2024-04-07","Sunday","TRUE",4,3,5,144,144,144,0,"0.535",133,"0.923611","0.958333","human_called","FALSE"
753462,2024,"2024-04-07","Sunday","TRUE",4,1,2,156,156,156,0,"0.535",148,"0.948718","0.961538","human_called","FALSE"
753539,2024,"2024-04-07","Sunday","TRUE",4,1,3,187,187,187,0,"0.535",173,"0.925134","0.941176","human_called","FALSE"
752339,2024,"2024-04-08","Monday","FALSE",0,0,0,182,182,182,0,"0.535",179,"0.983516","0.983516","human_called","FALSE"
751438,2024,"2024-04-09","Tuesday","FALSE",0,0,0,166,166,166,0,"0.535",166,"1.000000","1.000000","full_abs","FALSE"
751664,2024,"2024-04-09","Tuesday","FALSE",0,0,0,135,135,135,0,"0.535",135,"1.000000","1.000000","full_abs","FALSE"
751964,2024,"2024-04-09","Tuesday","FALSE",0,0,0,209,209,209,0,"0.535",209,"1.000000","1.000000","full_abs","FALSE"
752113,2024,"2024-04-09","Tuesday","FALSE",0,0,0,206,206,206,0,"0.535",206,"1.000000","1.000000","full_abs","FALSE"
752268,2024,"2024-04-09","Tuesday","FALSE",0,0,0,158,158,158,0,"0.535",158,"1.000000","1.000000","full_abs","FALSE"
752414,2024,"2024-04-09","Tuesday","FALSE",0,0,0,178,178,178,0,"0.535",178,"1.000000","1.000000","full_abs","FALSE"
752641,2024,"2024-04-09","Tuesday","FALSE",0,0,0,155,155,155,0,"0.535",155,"1.000000","1.000000","full_abs","FALSE"
752716,2024,"2024-04-09","Tuesday","FALSE",0,0,0,159,159,159,0,"0.535",159,"1.000000","1.000000","full_abs","FALSE"
752862,2024,"2024-04-09","Tuesday","FALSE",0,0,0,129,129,129,0,"0.535",129,"1.000000","1.000000","full_abs","FALSE"
752940,2024,"2024-04-09","Tuesday","FALSE",0,0,0,160,160,160,0,"0.535",160,"1.000000","1.000000","full_abs","FALSE"
753014,2024,"2024-04-09","Tuesday","FALSE",0,0,0,231,231,231,0,"0.535",231,"1.000000","1.000000","full_abs","FALSE"
753088,2024,"2024-04-09","Tuesday","FALSE",0,0,0,154,154,154,0,"0.535",154,"1.000000","1.000000","full_abs","FALSE"
753615,2024,"2024-04-09","Tuesday","FALSE",0,0,0,156,156,156,0,"0.535",156,"1.000000","1.000000","full_abs","FALSE"
751439,2024,"2024-04-10","Wednesday","FALSE",0,0,0,143,143,143,0,"0.535",143,"1.000000","1.000000","full_abs","FALSE"
751662,2024,"2024-04-10","Wednesday","FALSE",0,0,0,181,181,181,0,"0.535",181,"1.000000","1.000000","full_abs","FALSE"
751735,2024,"2024-04-10","Wednesday","FALSE",0,0,0,144,144,144,0,"0.535",144,"1.000000","1.000000","full_abs","FALSE"
751743,2024,"2024-04-10","Wednesday","FALSE",0,0,0,128,128,128,0,"0.535",128,"1.000000","1.000000","full_abs","FALSE"
751963,2024,"2024-04-10","Wednesday","FALSE",0,0,0,160,160,160,0,"0.535",160,"1.000000","1.000000","full_abs","FALSE"
752115,2024,"2024-04-10","Wednesday","FALSE",0,0,0,182,182,182,0,"0.535",182,"1.000000","1.000000","full_abs","FALSE"
752260,2024,"2024-04-10","Wednesday","FALSE",0,0,0,157,157,157,0,"0.535",157,"1.000000","1.000000","full_abs","FALSE"
752341,2024,"2024-04-10","Wednesday","FALSE",0,0,0,145,145,145,0,"0.535",145,"1.000000","1.000000","full_abs","FALSE"
752415,2024,"2024-04-10","Wednesday","FALSE",0,0,0,167,167,167,0,"0.535",167,"1.000000","1.000000","full_abs","FALSE"
752642,2024,"2024-04-10","Wednesday","FALSE",0,0,0,139,139,139,0,"0.535",139,"1.000000","1.000000","full_abs","FALSE"
752713,2024,"2024-04-10","Wednesday","FALSE",0,0,0,176,176,176,0,"0.535",176,"1.000000","1.000000","full_abs","FALSE"
752941,2024,"2024-04-10","Wednesday","FALSE",0,0,0,120,120,120,0,"0.535",120,"1.000000","1.000000","full_abs","FALSE"
753011,2024,"2024-04-10","Wednesday","FALSE",0,0,0,104,104,104,0,"0.535",104,"1.000000","1.000000","full_abs","FALSE"
753089,2024,"2024-04-10","Wednesday","FALSE",0,0,0,124,124,124,0,"0.535",124,"1.000000","1.000000","full_abs","FALSE"
753614,2024,"2024-04-10","Wednesday","FALSE",0,0,0,198,198,198,0,"0.535",198,"1.000000","1.000000","full_abs","FALSE"
751436,2024,"2024-04-11","Thursday","FALSE",0,0,0,156,156,156,0,"0.535",156,"1.000000","1.000000","full_abs","FALSE"
751665,2024,"2024-04-11","Thursday","FALSE",0,0,0,164,164,164,0,"0.535",164,"1.000000","1.000000","full_abs","FALSE"
751734,2024,"2024-04-11","Thursday","FALSE",0,0,0,140,140,140,0,"0.535",140,"1.000000","1.000000","full_abs","FALSE"
751965,2024,"2024-04-11","Thursday","FALSE",0,0,0,147,147,147,0,"0.535",147,"1.000000","1.000000","full_abs","FALSE"
752112,2024,"2024-04-11","Thursday","FALSE",0,0,0,179,179,179,0,"0.535",179,"1.000000","1.000000","full_abs","FALSE"
752336,2024,"2024-04-11","Thursday","FALSE",0,0,0,165,165,165,0,"0.535",165,"1.000000","1.000000","full_abs","FALSE"
752413,2024,"2024-04-11","Thursday","FALSE",0,0,0,161,161,161,0,"0.535",161,"1.000000","1.000000","full_abs","FALSE"
752638,2024,"2024-04-11","Thursday","FALSE",0,0,0,198,198,198,0,"0.535",198,"1.000000","1.000000","full_abs","FALSE"
752714,2024,"2024-04-11","Thursday","FALSE",0,0,0,163,163,163,0,"0.535",162,"0.993865","0.993865","full_abs","FALSE"
752864,2024,"2024-04-11","Thursday","FALSE",0,0,0,138,138,138,0,"0.535",138,"1.000000","1.000000","full_abs","FALSE"
753013,2024,"2024-04-11","Thursday","FALSE",0,0,0,150,150,150,0,"0.535",150,"1.000000","1.000000","full_abs","FALSE"
753090,2024,"2024-04-11","Thursday","FALSE",0,0,0,176,176,176,0,"0.535",176,"1.000000","1.000000","full_abs","FALSE"
753609,2024,"2024-04-11","Thursday","FALSE",0,0,0,175,175,175,0,"0.535",173,"0.988571","0.988571","human_called","FALSE"
751437,2024,"2024-04-12","Friday","TRUE",5,0,3,171,171,171,0,"0.535",165,"0.964912","0.982456","human_called","FALSE"
751660,2024,"2024-04-12","Friday","TRUE",3,0,2,169,169,169,0,"0.535",160,"0.946746","0.958580","human_called","FALSE"
751736,2024,"2024-04-12","Friday","TRUE",5,2,2,144,144,144,0,"0.535",134,"0.930556","0.944444","human_called","FALSE"
751962,2024,"2024-04-12","Friday","TRUE",5,2,4,133,133,133,0,"0.535",124,"0.932331","0.962406","human_called","FALSE"
752108,2024,"2024-04-12","Friday","TRUE",5,4,2,227,227,227,0,"0.535",212,"0.933921","0.942731","human_called","FALSE"
752259,2024,"2024-04-12","Friday","TRUE",5,5,6,196,196,196,0,"0.535",176,"0.897959","0.923469","human_called","FALSE"
752337,2024,"2024-04-12","Friday","TRUE",3,0,1,129,129,129,0,"0.535",122,"0.945736","0.953488","human_called","FALSE"
752411,2024,"2024-04-12","Friday","TRUE",1,0,0,146,146,146,0,"0.535",139,"0.952055","0.952055","human_called","FALSE"
752632,2024,"2024-04-12","Friday","TRUE",3,4,5,211,211,211,0,"0.535",187,"0.886256","0.909953","human_called","FALSE"
752707,2024,"2024-04-12","Friday","TRUE",5,6,8,156,156,156,0,"0.535",140,"0.897436","0.929487","human_called","FALSE"
752861,2024,"2024-04-12","Friday","TRUE",2,0,2,140,140,140,0,"0.535",131,"0.935714","0.950000","human_called","FALSE"
752863,2024,"2024-04-12","Friday","TRUE",4,2,4,133,133,133,0,"0.535",115,"0.864662","0.894737","human_called","FALSE"
752936,2024,"2024-04-12","Friday","TRUE",9,1,6,187,187,187,0,"0.535",173,"0.925134","0.957219","human_called","FALSE"
752937,2024,"2024-04-12","Friday","TRUE",3,3,3,113,113,113,0,"0.535",107,"0.946903","0.973451","human_called","FALSE"
753012,2024,"2024-04-12","Friday","TRUE",0,1,0,156,156,156,0,"0.535",152,"0.974359","0.974359","human_called","FALSE"
753086,2024,"2024-04-12","Friday","TRUE",2,2,2,117,117,117,0,"0.535",110,"0.940171","0.957265","human_called","FALSE"
751433,2024,"2024-04-13","Saturday","TRUE",3,1,0,140,140,140,0,"0.535",136,"0.971429","0.971429","human_called","FALSE"
751659,2024,"2024-04-13","Saturday","TRUE",7,1,3,166,166,166,0,"0.535",155,"0.933735","0.951807","human_called","FALSE"
751738,2024,"2024-04-13","Saturday","TRUE",4,4,2,151,151,151,0,"0.535",138,"0.913907","0.927152","human_called","FALSE"
751959,2024,"2024-04-13","Saturday","TRUE",3,1,3,159,159,159,0,"0.535",148,"0.930818","0.949686","human_called","FALSE"
752109,2024,"2024-04-13","Saturday","TRUE",5,1,3,209,209,209,0,"0.535",194,"0.928230","0.942584","human_called","FALSE"
752262,2024,"2024-04-13","Saturday","TRUE",3,0,2,119,119,119,0,"0.535",113,"0.949580","0.966387","human_called","FALSE"
752263,2024,"2024-04-13","Saturday","TRUE",0,0,0,126,126,126,0,"0.535",120,"0.952381","0.952381","human_called","FALSE"
752408,2024,"2024-04-13","Saturday","TRUE",11,2,8,184,184,184,0,"0.535",169,"0.918478","0.961957","human_called","FALSE"
752636,2024,"2024-04-13","Saturday","TRUE",5,0,2,160,160,160,0,"0.535",150,"0.937500","0.950000","human_called","FALSE"
752709,2024,"2024-04-13","Saturday","TRUE",7,0,2,156,156,156,0,"0.535",148,"0.948718","0.961538","human_called","FALSE"
752860,2024,"2024-04-13","Saturday","TRUE",2,2,1,184,184,184,0,"0.535",172,"0.934783","0.940217","human_called","FALSE"
752935,2024,"2024-04-13","Saturday","TRUE",4,3,4,163,163,163,0,"0.535",151,"0.926380","0.950920","human_called","FALSE"
753008,2024,"2024-04-13","Saturday","FALSE",0,0,0,131,131,131,131,"0.535",123,"0.938931","0.938931","human_called","FALSE"
753083,2024,"2024-04-13","Saturday","TRUE",4,1,1,164,164,164,0,"0.535",155,"0.945122","0.951220","human_called","FALSE"
753611,2024,"2024-04-13","Saturday","TRUE",6,1,2,168,168,168,0,"0.535",157,"0.934524","0.946429","human_called","FALSE"
753612,2024,"2024-04-13","Saturday","TRUE",8,1,4,189,189,189,0,"0.535",180,"0.952381","0.973545","human_called","FALSE"
751434,2024,"2024-04-14","Sunday","TRUE",4,1,3,191,191,191,0,"0.535",174,"0.910995","0.916230","human_called","FALSE"
751661,2024,"2024-04-14","Sunday","TRUE",5,0,1,113,113,113,0,"0.535",109,"0.964602","0.973451","human_called","FALSE"
751737,2024,"2024-04-14","Sunday","TRUE",5,2,4,212,212,212,0,"0.535",197,"0.929245","0.948113","human_called","FALSE"
751957,2024,"2024-04-14","Sunday","TRUE",6,3,5,166,166,166,0,"0.535",150,"0.903614","0.933735","human_called","FALSE"
752111,2024,"2024-04-14","Sunday","TRUE",2,3,2,151,151,151,0,"0.535",146,"0.966887","0.980132","human_called","FALSE"
752261,2024,"2024-04-14","Sunday","TRUE",4,1,3,169,169,169,0,"0.535",150,"0.887574","0.905325","human_called","FALSE"
752332,2024,"2024-04-14","Sunday","TRUE",4,2,3,133,133,133,0,"0.535",121,"0.909774","0.932331","human_called","FALSE"
752335,2024,"2024-04-14","Sunday","TRUE",5,2,4,192,192,192,0,"0.535",175,"0.911458","0.932292","human_called","FALSE"
752409,2024,"2024-04-14","Sunday","TRUE",5,2,4,201,201,201,0,"0.535",190,"0.945274","0.965174","human_called","FALSE"
752633,2024,"2024-04-14","Sunday","TRUE",4,0,1,137,137,137,0,"0.535",132,"0.963504","0.970803","human_called","FALSE"
752711,2024,"2024-04-14","Sunday","TRUE",7,1,5,187,187,187,0,"0.535",174,"0.930481","0.957219","human_called","FALSE"
752859,2024,"2024-04-14","Sunday","TRUE",3,0,1,174,174,174,0,"0.535",162,"0.931034","0.936782","human_called","FALSE"
752934,2024,"2024-04-14","Sunday","TRUE",5,4,5,160,160,160,0,"0.535",148,"0.925000","0.950000","human_called","FALSE"
753010,2024,"2024-04-14","Sunday","TRUE",3,3,1,170,170,170,0,"0.535",155,"0.911765","0.917647","human_called","FALSE"
753085,2024,"2024-04-14","Sunday","TRUE",6,1,6,178,178,178,0,"0.535",163,"0.915730","0.949438","human_called","FALSE"
753610,2024,"2024-04-14","Sunday","TRUE",6,3,5,225,225,225,0,"0.535",215,"0.955556","0.973333","human_called","FALSE"
751515,2024,"2024-04-16","Tuesday","FALSE",0,0,0,159,159,159,0,"0.535",158,"0.993711","0.993711","full_abs","FALSE"
751584,2024,"2024-04-16","Tuesday","FALSE",0,0,0,163,163,163,0,"0.535",163,"1.000000","1.000000","full_abs","FALSE"
751886,2024,"2024-04-16","Tuesday","FALSE",0,0,0,154,154,154,0,"0.535",154,"1.000000","1.000000","full_abs","FALSE"
751958,2024,"2024-04-16","Tuesday","FALSE",0,0,0,216,216,216,0,"0.535",216,"1.000000","1.000000","full_abs","FALSE"
752036,2024,"2024-04-16","Tuesday","FALSE",0,0,0,167,167,167,0,"0.535",167,"1.000000","1.000000","full_abs","FALSE"
752182,2024,"2024-04-16","Tuesday","FALSE",0,0,0,152,152,152,0,"0.535",149,"0.980263","0.980263","human_called","FALSE"
752482,2024,"2024-04-16","Tuesday","FALSE",0,0,0,171,171,171,0,"0.535",171,"1.000000","1.000000","full_abs","FALSE"
752562,2024,"2024-04-16","Tuesday","FALSE",0,0,0,176,176,176,0,"0.535",176,"1.000000","1.000000","full_abs","FALSE"
752787,2024,"2024-04-16","Tuesday","FALSE",0,0,0,192,192,192,0,"0.535",192,"1.000000","1.000000","full_abs","FALSE"
753084,2024,"2024-04-16","Tuesday","FALSE",0,0,0,181,181,181,0,"0.535",181,"1.000000","1.000000","full_abs","FALSE"
753162,2024,"2024-04-16","Tuesday","FALSE",0,0,0,196,196,196,0,"0.535",196,"1.000000","1.000000","full_abs","FALSE"
753234,2024,"2024-04-16","Tuesday","FALSE",0,0,0,183,183,183,0,"0.535",182,"0.994536","0.994536","full_abs","FALSE"
753311,2024,"2024-04-16","Tuesday","FALSE",0,0,0,143,143,143,0,"0.535",143,"1.000000","1.000000","full_abs","FALSE"
753461,2024,"2024-04-16","Tuesday","FALSE",0,0,0,183,183,183,0,"0.535",183,"1.000000","1.000000","full_abs","FALSE"
753536,2024,"2024-04-16","Tuesday","FALSE",0,0,0,175,175,175,0,"0.535",175,"1.000000","1.000000","full_abs","FALSE"
751510,2024,"2024-04-17","Wednesday","FALSE",0,0,0,124,124,124,0,"0.535",124,"1.000000","1.000000","full_abs","FALSE"
751585,2024,"2024-04-17","Wednesday","FALSE",0,0,0,146,146,146,0,"0.535",146,"1.000000","1.000000","full_abs","FALSE"
751888,2024,"2024-04-17","Wednesday","FALSE",0,0,0,142,142,142,0,"0.535",142,"1.000000","1.000000","full_abs","FALSE"
751960,2024,"2024-04-17","Wednesday","FALSE",0,0,0,171,171,171,0,"0.535",171,"1.000000","1.000000","full_abs","FALSE"
752035,2024,"2024-04-17","Wednesday","FALSE",0,0,0,174,174,174,0,"0.535",174,"1.000000","1.000000","full_abs","FALSE"
752183,2024,"2024-04-17","Wednesday","FALSE",0,0,0,153,153,153,0,"0.535",153,"1.000000","1.000000","full_abs","FALSE"
752485,2024,"2024-04-17","Wednesday","FALSE",0,0,0,147,147,147,0,"0.535",147,"1.000000","1.000000","full_abs","FALSE"
752559,2024,"2024-04-17","Wednesday","FALSE",0,0,0,165,165,165,0,"0.535",165,"1.000000","1.000000","full_abs","FALSE"
752785,2024,"2024-04-17","Wednesday","FALSE",0,0,0,176,176,176,0,"0.535",175,"0.994318","0.994318","full_abs","FALSE"
753082,2024,"2024-04-17","Wednesday","FALSE",0,0,0,172,172,172,0,"0.535",172,"1.000000","1.000000","full_abs","FALSE"
753161,2024,"2024-04-17","Wednesday","FALSE",0,0,0,200,200,200,0,"0.535",200,"1.000000","1.000000","full_abs","FALSE"
753238,2024,"2024-04-17","Wednesday","FALSE",0,0,0,141,141,141,0,"0.535",141,"1.000000","1.000000","full_abs","FALSE"
753312,2024,"2024-04-17","Wednesday","FALSE",0,0,0,121,121,121,0,"0.535",121,"1.000000","1.000000","full_abs","FALSE"
753464,2024,"2024-04-17","Wednesday","FALSE",0,0,0,221,221,221,0,"0.535",221,"1.000000","1.000000","full_abs","FALSE"
753535,2024,"2024-04-17","Wednesday","FALSE",0,0,0,150,150,150,0,"0.535",150,"1.000000","1.000000","full_abs","FALSE"
751508,2024,"2024-04-18","Thursday","FALSE",0,0,0,206,206,206,0,"0.535",206,"1.000000","1.000000","full_abs","FALSE"
751587,2024,"2024-04-18","Thursday","FALSE",0,0,0,176,176,176,0,"0.535",176,"1.000000","1.000000","full_abs","FALSE"
751884,2024,"2024-04-18","Thursday","FALSE",0,0,0,183,183,183,0,"0.535",183,"1.000000","1.000000","full_abs","FALSE"
751955,2024,"2024-04-18","Thursday","FALSE",0,0,0,127,127,127,0,"0.535",127,"1.000000","1.000000","full_abs","FALSE"
752032,2024,"2024-04-18","Thursday","FALSE",0,0,0,156,156,156,0,"0.535",156,"1.000000","1.000000","full_abs","FALSE"
752483,2024,"2024-04-18","Thursday","FALSE",0,0,0,160,160,160,0,"0.535",160,"1.000000","1.000000","full_abs","FALSE"
752558,2024,"2024-04-18","Thursday","FALSE",0,0,0,122,122,122,0,"0.535",122,"1.000000","1.000000","full_abs","FALSE"
752782,2024,"2024-04-18","Thursday","FALSE",0,0,0,193,193,193,0,"0.535",193,"1.000000","1.000000","full_abs","FALSE"
753081,2024,"2024-04-18","Thursday","FALSE",0,0,0,123,123,123,0,"0.535",123,"1.000000","1.000000","full_abs","FALSE"
753235,2024,"2024-04-18","Thursday","FALSE",0,0,0,181,181,181,0,"0.535",181,"1.000000","1.000000","full_abs","FALSE"
753307,2024,"2024-04-18","Thursday","FALSE",0,0,0,144,144,144,0,"0.535",143,"0.993056","0.993056","full_abs","FALSE"
753459,2024,"2024-04-18","Thursday","FALSE",0,0,0,192,192,192,0,"0.535",192,"1.000000","1.000000","full_abs","FALSE"
753534,2024,"2024-04-18","Thursday","FALSE",0,0,0,148,148,148,0,"0.535",148,"1.000000","1.000000","full_abs","FALSE"
751506,2024,"2024-04-19","Friday","TRUE",5,1,5,138,138,138,0,"0.535",126,"0.913043","0.949275","human_called","FALSE"
751583,2024,"2024-04-19","Friday","TRUE",3,1,3,144,144,144,0,"0.535",136,"0.944444","0.965278","human_called","FALSE"
751880,2024,"2024-04-19","Friday","TRUE",4,1,1,178,178,178,0,"0.535",171,"0.960674","0.966292","human_called","FALSE"
751956,2024,"2024-04-19","Friday","TRUE",5,2,1,184,184,184,0,"0.535",179,"0.972826","0.978261","human_called","FALSE"
752033,2024,"2024-04-19","Friday","TRUE",8,2,6,168,168,168,0,"0.535",153,"0.910714","0.946429","human_called","FALSE"
752184,2024,"2024-04-19","Friday","TRUE",2,4,4,190,190,190,0,"0.535",178,"0.936842","0.952632","human_called","FALSE"
752487,2024,"2024-04-19","Friday","FALSE",0,0,0,174,174,174,174,"0.535",163,"0.936782","0.936782","human_called","FALSE"
752560,2024,"2024-04-19","Friday","TRUE",6,2,6,125,125,125,0,"0.535",114,"0.912000","0.952000","human_called","FALSE"
752784,2024,"2024-04-19","Friday","TRUE",2,0,0,112,112,112,0,"0.535",107,"0.955357","0.955357","human_called","FALSE"
753077,2024,"2024-04-19","Friday","TRUE",12,1,8,131,131,131,0,"0.535",116,"0.885496","0.946565","human_called","FALSE"
753154,2024,"2024-04-19","Friday","TRUE",4,2,4,165,165,165,0,"0.535",156,"0.945455","0.969697","human_called","FALSE"
753160,2024,"2024-04-19","Friday","TRUE",4,1,5,143,143,143,0,"0.535",131,"0.916084","0.951049","human_called","FALSE"
753233,2024,"2024-04-19","Friday","TRUE",2,2,0,148,148,148,0,"0.535",140,"0.945946","0.945946","human_called","FALSE"
753308,2024,"2024-04-19","Friday","TRUE",6,4,6,143,143,143,0,"0.535",129,"0.902098","0.944056","human_called","FALSE"
753457,2024,"2024-04-19","Friday","TRUE",5,2,2,157,157,157,0,"0.535",147,"0.936306","0.949045","human_called","FALSE"
753532,2024,"2024-04-19","Friday","TRUE",2,1,0,157,157,157,0,"0.535",153,"0.974522","0.974522","human_called","FALSE"
751507,2024,"2024-04-20","Saturday","TRUE",5,1,2,213,213,213,0,"0.535",201,"0.943662","0.953052","human_called","FALSE"
751581,2024,"2024-04-20","Saturday","TRUE",3,2,2,177,177,177,0,"0.535",164,"0.926554","0.937853","human_called","FALSE"
751883,2024,"2024-04-20","Saturday","TRUE",3,2,1,134,134,134,0,"0.535",124,"0.925373","0.932836","human_called","FALSE"
751953,2024,"2024-04-20","Saturday","TRUE",7,2,6,150,150,150,0,"0.535",134,"0.893333","0.933333","human_called","FALSE"
752034,2024,"2024-04-20","Saturday","TRUE",3,2,0,182,182,182,0,"0.535",169,"0.928571","0.928571","human_called","FALSE"
752185,2024,"2024-04-20","Saturday","TRUE",6,1,5,169,169,169,0,"0.535",157,"0.928994","0.958580","human_called","FALSE"
752186,2024,"2024-04-20","Saturday","TRUE",4,4,2,163,163,163,0,"0.535",153,"0.938650","0.950920","human_called","FALSE"
752486,2024,"2024-04-20","Saturday","TRUE",4,1,1,140,140,140,0,"0.535",132,"0.942857","0.950000","human_called","FALSE"
752556,2024,"2024-04-20","Saturday","TRUE",5,2,5,199,199,199,0,"0.535",189,"0.949749","0.974874","human_called","FALSE"
752783,2024,"2024-04-20","Saturday","TRUE",3,0,2,161,161,161,0,"0.535",153,"0.950311","0.962733","human_called","FALSE"
753078,2024,"2024-04-20","Saturday","TRUE",5,2,2,183,183,183,0,"0.535",174,"0.950820","0.961749","human_called","FALSE"
753153,2024,"2024-04-20","Saturday","TRUE",8,2,4,173,173,173,0,"0.535",160,"0.924855","0.947977","human_called","FALSE"
753228,2024,"2024-04-20","Saturday","TRUE",4,5,6,200,200,200,0,"0.535",184,"0.920000","0.950000","human_called","FALSE"
753309,2024,"2024-04-20","Saturday","TRUE",6,0,4,138,138,138,0,"0.535",124,"0.898551","0.927536","human_called","FALSE"
753456,2024,"2024-04-20","Saturday","TRUE",3,1,2,153,153,153,0,"0.535",144,"0.941176","0.954248","human_called","FALSE"
753533,2024,"2024-04-20","Saturday","TRUE",6,1,4,197,197,197,0,"0.535",180,"0.913706","0.934010","human_called","FALSE"
751509,2024,"2024-04-21","Sunday","TRUE",2,4,3,183,183,183,0,"0.535",171,"0.934426","0.950820","human_called","FALSE"
751582,2024,"2024-04-21","Sunday","TRUE",4,1,1,139,139,139,0,"0.535",135,"0.971223","0.978417","human_called","FALSE"
751882,2024,"2024-04-21","Sunday","TRUE",7,0,4,181,181,181,0,"0.535",168,"0.928177","0.950276","human_called","FALSE"
751954,2024,"2024-04-21","Sunday","TRUE",5,1,1,142,142,142,0,"0.535",138,"0.971831","0.978873","human_called","FALSE"
752030,2024,"2024-04-21","Sunday","TRUE",4,0,2,144,144,144,0,"0.535",134,"0.930556","0.944444","human_called","FALSE"
752181,2024,"2024-04-21","Sunday","TRUE",3,1,0,191,191,191,0,"0.535",177,"0.926702","0.926702","human_called","FALSE"
752479,2024,"2024-04-21","Sunday","TRUE",2,0,0,171,171,171,0,"0.535",160,"0.935673","0.935673","human_called","FALSE"
752557,2024,"2024-04-21","Sunday","TRUE",5,1,3,180,180,180,0,"0.535",166,"0.922222","0.938889","human_called","FALSE"
752781,2024,"2024-04-21","Sunday","TRUE",12,1,9,172,172,172,0,"0.535",153,"0.889535","0.941860","human_called","FALSE"
753080,2024,"2024-04-21","Sunday","TRUE",5,2,3,148,148,148,0,"0.535",141,"0.952703","0.972973","human_called","FALSE"
753155,2024,"2024-04-21","Sunday","TRUE",5,6,6,168,168,168,0,"0.535",151,"0.898810","0.922619","human_called","FALSE"
753232,2024,"2024-04-21","Sunday","TRUE",6,2,4,160,160,160,0,"0.535",148,"0.925000","0.950000","human_called","FALSE"
753458,2024,"2024-04-21","Sunday","TRUE",3,1,1,203,203,203,0,"0.535",192,"0.945813","0.950739","human_called","FALSE"
751435,2024,"2024-04-23","Tuesday","FALSE",0,0,0,178,178,178,0,"0.535",178,"1.000000","1.000000","full_abs","FALSE"
751657,2024,"2024-04-23","Tuesday","FALSE",0,0,0,210,210,210,0,"0.535",210,"1.000000","1.000000","full_abs","FALSE"
751731,2024,"2024-04-23","Tuesday","FALSE",0,0,0,169,169,169,0,"0.535",169,"1.000000","1.000000","full_abs","FALSE"
751811,2024,"2024-04-23","Tuesday","FALSE",0,0,0,210,210,210,0,"0.535",210,"1.000000","1.000000","full_abs","FALSE"
752110,2024,"2024-04-23","Tuesday","FALSE",0,0,0,161,161,161,0,"0.535",160,"0.993789","0.993789","full_abs","FALSE"
752333,2024,"2024-04-23","Tuesday","FALSE",0,0,0,128,128,128,0,"0.535",128,"1.000000","1.000000","full_abs","FALSE"
752410,2024,"2024-04-23","Tuesday","FALSE",0,0,0,254,254,254,0,"0.535",254,"1.000000","1.000000","full_abs","FALSE"
752635,2024,"2024-04-23","Tuesday","FALSE",0,0,0,171,171,171,0,"0.535",171,"1.000000","1.000000","full_abs","FALSE"
752710,2024,"2024-04-23","Tuesday","FALSE",0,0,0,203,203,203,0,"0.535",203,"1.000000","1.000000","full_abs","FALSE"
752857,2024,"2024-04-23","Tuesday","FALSE",0,0,0,159,159,159,0,"0.535",159,"1.000000","1.000000","full_abs","FALSE"
752932,2024,"2024-04-23","Tuesday","FALSE",0,0,0,205,205,205,0,"0.535",205,"1.000000","1.000000","full_abs","FALSE"
753009,2024,"2024-04-23","Tuesday","FALSE",0,0,0,166,166,166,0,"0.535",166,"1.000000","1.000000","full_abs","FALSE"
753383,2024,"2024-04-23","Tuesday","FALSE",0,0,0,122,122,122,0,"0.535",122,"1.000000","1.000000","full_abs","FALSE"
751431,2024,"2024-04-24","Wednesday","FALSE",0,0,0,162,162,162,0,"0.535",162,"1.000000","1.000000","full_abs","FALSE"
751658,2024,"2024-04-24","Wednesday","FALSE",0,0,0,164,164,164,0,"0.535",164,"1.000000","1.000000","full_abs","FALSE"
751732,2024,"2024-04-24","Wednesday","FALSE",0,0,0,203,203,203,0,"0.535",203,"1.000000","1.000000","full_abs","FALSE"
751810,2024,"2024-04-24","Wednesday","FALSE",0,0,0,185,185,185,0,"0.535",185,"1.000000","1.000000","full_abs","FALSE"
752105,2024,"2024-04-24","Wednesday","FALSE",0,0,0,247,247,247,0,"0.535",247,"1.000000","1.000000","full_abs","FALSE"
752253,2024,"2024-04-24","Wednesday","FALSE",0,0,0,128,128,128,0,"0.535",128,"1.000000","1.000000","full_abs","FALSE"
752257,2024,"2024-04-24","Wednesday","FALSE",0,0,0,128,128,128,128,"0.535",116,"0.906250","0.906250","human_called","FALSE"
752334,2024,"2024-04-24","Wednesday","FALSE",0,0,0,147,147,147,0,"0.535",147,"1.000000","1.000000","full_abs","FALSE"
752407,2024,"2024-04-24","Wednesday","FALSE",0,0,0,189,189,189,0,"0.535",189,"1.000000","1.000000","full_abs","FALSE"
752634,2024,"2024-04-24","Wednesday","FALSE",0,0,0,158,158,158,0,"0.535",158,"1.000000","1.000000","full_abs","FALSE"
752708,2024,"2024-04-24","Wednesday","FALSE",0,0,0,136,136,136,0,"0.535",136,"1.000000","1.000000","full_abs","FALSE"
752858,2024,"2024-04-24","Wednesday","FALSE",0,0,0,132,132,132,0,"0.535",132,"1.000000","1.000000","full_abs","FALSE"
752933,2024,"2024-04-24","Wednesday","FALSE",0,0,0,149,149,149,0,"0.535",149,"1.000000","1.000000","full_abs","FALSE"
753007,2024,"2024-04-24","Wednesday","FALSE",0,0,0,186,186,186,186,"0.535",181,"0.973118","0.973118","human_called","FALSE"
753385,2024,"2024-04-24","Wednesday","FALSE",0,0,0,155,155,155,0,"0.535",155,"1.000000","1.000000","full_abs","FALSE"
753605,2024,"2024-04-24","Wednesday","FALSE",0,0,0,196,196,196,0,"0.535",196,"1.000000","1.000000","full_abs","FALSE"
751653,2024,"2024-04-25","Thursday","FALSE",0,0,0,174,174,174,0,"0.535",174,"1.000000","1.000000","full_abs","FALSE"
751733,2024,"2024-04-25","Thursday","FALSE",0,0,0,129,129,129,0,"0.535",129,"1.000000","1.000000","full_abs","FALSE"
751804,2024,"2024-04-25","Thursday","FALSE",0,0,0,202,202,202,0,"0.535",202,"1.000000","1.000000","full_abs","FALSE"
752106,2024,"2024-04-25","Thursday","FALSE",0,0,0,212,212,212,0,"0.535",212,"1.000000","1.000000","full_abs","FALSE"
752256,2024,"2024-04-25","Thursday","FALSE",0,0,0,194,194,194,0,"0.535",194,"1.000000","1.000000","full_abs","FALSE"
752330,2024,"2024-04-25","Thursday","FALSE",0,0,0,221,221,221,0,"0.535",221,"1.000000","1.000000","full_abs","FALSE"
752405,2024,"2024-04-25","Thursday","FALSE",0,0,0,145,145,145,0,"0.535",145,"1.000000","1.000000","full_abs","FALSE"
752627,2024,"2024-04-25","Thursday","FALSE",0,0,0,153,153,153,0,"0.535",153,"1.000000","1.000000","full_abs","FALSE"
752703,2024,"2024-04-25","Thursday","FALSE",0,0,0,168,168,168,0,"0.535",168,"1.000000","1.000000","full_abs","FALSE"
752855,2024,"2024-04-25","Thursday","FALSE",0,0,0,185,185,185,0,"0.535",185,"1.000000","1.000000","full_abs","FALSE"
752930,2024,"2024-04-25","Thursday","FALSE",0,0,0,188,188,188,0,"0.535",188,"1.000000","1.000000","full_abs","FALSE"
753005,2024,"2024-04-25","Thursday","FALSE",0,0,0,192,192,192,192,"0.535",177,"0.921875","0.921875","human_called","FALSE"
753386,2024,"2024-04-25","Thursday","FALSE",0,0,0,161,161,161,0,"0.535",161,"1.000000","1.000000","full_abs","FALSE"
753606,2024,"2024-04-25","Thursday","FALSE",0,0,0,178,178,178,0,"0.535",178,"1.000000","1.000000","full_abs","FALSE"
753607,2024,"2024-04-25","Thursday","FALSE",0,0,0,158,158,158,0,"0.535",158,"1.000000","1.000000","full_abs","FALSE"
751429,2024,"2024-04-26","Friday","TRUE",4,1,0,110,110,110,0,"0.535",103,"0.936364","0.936364","human_called","FALSE"
751432,2024,"2024-04-26","Friday","TRUE",7,0,6,130,130,130,0,"0.535",111,"0.853846","0.900000","human_called","FALSE"
751655,2024,"2024-04-26","Friday","TRUE",5,4,6,173,173,173,0,"0.535",159,"0.919075","0.953757","human_called","FALSE"
751730,2024,"2024-04-26","Friday","TRUE",2,0,1,138,138,138,0,"0.535",128,"0.927536","0.934783","human_called","FALSE"
751808,2024,"2024-04-26","Friday","TRUE",5,1,3,177,177,177,0,"0.535",169,"0.954802","0.971751","human_called","FALSE"
752102,2024,"2024-04-26","Friday","TRUE",3,2,1,134,134,134,0,"0.535",123,"0.917910","0.925373","human_called","FALSE"
752258,2024,"2024-04-26","Friday","TRUE",6,2,5,171,171,171,0,"0.535",152,"0.888889","0.918129","human_called","FALSE"
752329,2024,"2024-04-26","Friday","TRUE",6,6,7,209,209,209,0,"0.535",199,"0.952153","0.976077","human_called","FALSE"
752704,2024,"2024-04-26","Friday","TRUE",6,2,2,142,142,142,0,"0.535",133,"0.936620","0.950704","human_called","FALSE"
752854,2024,"2024-04-26","Friday","TRUE",0,2,0,129,129,129,0,"0.535",125,"0.968992","0.968992","human_called","FALSE"
752929,2024,"2024-04-26","Friday","TRUE",5,1,0,197,197,197,0,"0.535",183,"0.928934","0.928934","human_called","FALSE"
753006,2024,"2024-04-26","Friday","TRUE",5,2,3,241,241,241,0,"0.535",225,"0.933610","0.946058","human_called","FALSE"
753387,2024,"2024-04-26","Friday","TRUE",8,2,5,155,155,155,0,"0.535",147,"0.948387","0.980645","human_called","FALSE"
753608,2024,"2024-04-26","Friday","TRUE",5,1,2,211,211,211,0,"0.535",199,"0.943128","0.952607","human_called","FALSE"
751430,2024,"2024-04-27","Saturday","TRUE",2,0,1,153,153,153,0,"0.535",145,"0.947712","0.954248","human_called","FALSE"
751656,2024,"2024-04-27","Saturday","TRUE",4,2,3,192,192,192,0,"0.535",183,"0.953125","0.968750","human_called","FALSE"
751729,2024,"2024-04-27","Saturday","TRUE",4,3,3,188,188,188,0,"0.535",181,"0.962766","0.978723","human_called","FALSE"
751807,2024,"2024-04-27","Saturday","TRUE",5,1,0,225,225,225,0,"0.535",209,"0.928889","0.928889","human_called","FALSE"
752103,2024,"2024-04-27","Saturday","TRUE",3,1,1,181,181,181,0,"0.535",173,"0.955801","0.961326","human_called","FALSE"
752254,2024,"2024-04-27","Saturday","TRUE",3,1,2,194,194,194,0,"0.535",182,"0.938144","0.948454","human_called","FALSE"
752402,2024,"2024-04-27","Saturday","TRUE",3,0,0,118,118,118,0,"0.535",110,"0.932203","0.932203","human_called","FALSE"
752404,2024,"2024-04-27","Saturday","TRUE",6,1,4,128,128,128,0,"0.535",119,"0.929688","0.960938","human_called","FALSE"
752706,2024,"2024-04-27","Saturday","TRUE",6,1,3,160,160,160,0,"0.535",143,"0.893750","0.912500","human_called","FALSE"
752856,2024,"2024-04-27","Saturday","TRUE",6,1,4,176,176,176,0,"0.535",160,"0.909091","0.931818","human_called","FALSE"
752931,2024,"2024-04-27","Saturday","TRUE",4,1,1,153,153,153,0,"0.535",146,"0.954248","0.960784","human_called","FALSE"
753004,2024,"2024-04-27","Saturday","TRUE",4,2,4,162,162,162,0,"0.535",155,"0.956790","0.981481","human_called","FALSE"
753380,2024,"2024-04-27","Saturday","TRUE",4,1,3,143,143,143,0,"0.535",136,"0.951049","0.972028","human_called","FALSE"
753601,2024,"2024-04-27","Saturday","TRUE",1,2,1,129,129,129,0,"0.535",124,"0.961240","0.968992","human_called","FALSE"
751428,2024,"2024-04-28","Sunday","TRUE",1,2,1,119,119,119,0,"0.535",111,"0.932773","0.941176","human_called","FALSE"
751654,2024,"2024-04-28","Sunday","TRUE",3,0,1,115,115,115,0,"0.535",106,"0.921739","0.930435","human_called","FALSE"
751805,2024,"2024-04-28","Sunday","TRUE",4,1,4,169,169,169,0,"0.535",155,"0.917160","0.940828","human_called","FALSE"
752104,2024,"2024-04-28","Sunday","TRUE",1,3,0,152,152,152,0,"0.535",148,"0.973684","0.973684","human_called","FALSE"
752255,2024,"2024-04-28","Sunday","TRUE",3,2,2,204,204,204,0,"0.535",187,"0.916667","0.926471","human_called","FALSE"
752328,2024,"2024-04-28","Sunday","TRUE",4,1,4,138,138,138,0,"0.535",130,"0.942029","0.971014","human_called","FALSE"
752331,2024,"2024-04-28","Sunday","TRUE",3,1,2,117,117,117,0,"0.535",111,"0.948718","0.965812","human_called","FALSE"
752705,2024,"2024-04-28","Sunday","TRUE",6,2,2,114,114,114,0,"0.535",108,"0.947368","0.964912","human_called","FALSE"
752853,2024,"2024-04-28","Sunday","TRUE",4,2,4,154,154,154,0,"0.535",142,"0.922078","0.948052","human_called","FALSE"
752924,2024,"2024-04-28","Sunday","TRUE",6,6,5,182,182,182,0,"0.535",167,"0.917582","0.939560","human_called","FALSE"
753002,2024,"2024-04-28","Sunday","TRUE",7,1,5,179,179,179,0,"0.535",169,"0.944134","0.972067","human_called","FALSE"
753382,2024,"2024-04-28","Sunday","TRUE",5,0,2,139,139,139,0,"0.535",132,"0.949640","0.964029","human_called","FALSE"
753604,2024,"2024-04-28","Sunday","TRUE",3,2,2,108,108,108,0,"0.535",102,"0.944444","0.962963","human_called","FALSE"
751652,2024,"2024-04-30","Tuesday","FALSE",0,0,0,160,160,160,0,"0.535",160,"1.000000","1.000000","full_abs","FALSE"
751881,2024,"2024-04-30","Tuesday","FALSE",0,0,0,124,124,124,0,"0.535",124,"1.000000","1.000000","full_abs","FALSE"
751951,2024,"2024-04-30","Tuesday","FALSE",0,0,0,166,166,166,0,"0.535",165,"0.993976","0.993976","full_abs","FALSE"
752029,2024,"2024-04-30","Tuesday","FALSE",0,0,0,184,184,184,0,"0.535",184,"1.000000","1.000000","full_abs","FALSE"
752107,2024,"2024-04-30","Tuesday","FALSE",0,0,0,131,131,131,0,"0.535",131,"1.000000","1.000000","full_abs","FALSE"
752180,2024,"2024-04-30","Tuesday","FALSE",0,0,0,189,189,189,0,"0.535",189,"1.000000","1.000000","full_abs","FALSE"
752403,2024,"2024-04-30","Tuesday","FALSE",0,0,0,162,162,162,0,"0.535",162,"1.000000","1.000000","full_abs","FALSE"
752555,2024,"2024-04-30","Tuesday","FALSE",0,0,0,188,188,188,0,"0.535",188,"1.000000","1.000000","full_abs","FALSE"
752776,2024,"2024-04-30","Tuesday","FALSE",0,0,0,203,203,203,0,"0.535",203,"1.000000","1.000000","full_abs","FALSE"
753079,2024,"2024-04-30","Tuesday","FALSE",0,0,0,163,163,163,0,"0.535",163,"1.000000","1.000000","full_abs","FALSE"
753231,2024,"2024-04-30","Tuesday","FALSE",0,0,0,173,173,173,0,"0.535",173,"1.000000","1.000000","full_abs","FALSE"
753455,2024,"2024-04-30","Tuesday","FALSE",0,0,0,177,177,177,0,"0.535",177,"1.000000","1.000000","full_abs","FALSE"
753528,2024,"2024-04-30","Tuesday","FALSE",0,0,0,149,149,149,0,"0.535",149,"1.000000","1.000000","full_abs","FALSE"
751650,2024,"2024-05-01","Wednesday","FALSE",0,0,0,146,146,146,0,"0.535",146,"1.000000","1.000000","full_abs","FALSE"
751875,2024,"2024-05-01","Wednesday","FALSE",0,0,0,161,161,161,0,"0.535",161,"1.000000","1.000000","full_abs","FALSE"
751950,2024,"2024-05-01","Wednesday","FALSE",0,0,0,128,128,128,0,"0.535",128,"1.000000","1.000000","full_abs","FALSE"
751966,2024,"2024-05-01","Wednesday","FALSE",0,0,0,141,141,141,0,"0.535",141,"1.000000","1.000000","full_abs","FALSE"
752031,2024,"2024-05-01","Wednesday","FALSE",0,0,0,145,145,145,0,"0.535",144,"0.993103","0.993103","full_abs","FALSE"
752099,2024,"2024-05-01","Wednesday","FALSE",0,0,0,117,117,117,0,"0.535",117,"1.000000","1.000000","full_abs","FALSE"
752178,2024,"2024-05-01","Wednesday","FALSE",0,0,0,150,150,150,0,"0.535",150,"1.000000","1.000000","full_abs","FALSE"
752399,2024,"2024-05-01","Wednesday","FALSE",0,0,0,216,216,216,0,"0.535",216,"1.000000","1.000000","full_abs","FALSE"
752553,2024,"2024-05-01","Wednesday","FALSE",0,0,0,126,126,126,0,"0.535",126,"1.000000","1.000000","full_abs","FALSE"
752779,2024,"2024-05-01","Wednesday","FALSE",0,0,0,182,182,182,0,"0.535",182,"1.000000","1.000000","full_abs","FALSE"
753076,2024,"2024-05-01","Wednesday","FALSE",0,0,0,149,149,149,0,"0.535",149,"1.000000","1.000000","full_abs","FALSE"
753156,2024,"2024-05-01","Wednesday","FALSE",0,0,0,136,136,136,0,"0.535",135,"0.992647","0.992647","full_abs","FALSE"
753158,2024,"2024-05-01","Wednesday","FALSE",0,0,0,136,136,136,0,"0.535",136,"1.000000","1.000000","full_abs","FALSE"
753230,2024,"2024-05-01","Wednesday","FALSE",0,0,0,178,178,178,0,"0.535",178,"1.000000","1.000000","full_abs","FALSE"
753303,2024,"2024-05-01","Wednesday","FALSE",0,0,0,101,101,101,0,"0.535",101,"1.000000","1.000000","full_abs","FALSE"
753306,2024,"2024-05-01","Wednesday","FALSE",0,0,0,122,122,122,0,"0.535",122,"1.000000","1.000000","full_abs","FALSE"
753454,2024,"2024-05-01","Wednesday","FALSE",0,0,0,183,183,183,0,"0.535",183,"1.000000","1.000000","full_abs","FALSE"
753529,2024,"2024-05-01","Wednesday","FALSE",0,0,0,147,147,147,147,"0.535",132,"0.897959","0.897959","human_called","FALSE"
751651,2024,"2024-05-02","Thursday","FALSE",0,0,0,137,137,137,0,"0.535",137,"1.000000","1.000000","full_abs","FALSE"
751879,2024,"2024-05-02","Thursday","FALSE",0,0,0,172,172,172,0,"0.535",172,"1.000000","1.000000","full_abs","FALSE"
751952,2024,"2024-05-02","Thursday","FALSE",0,0,0,145,145,145,0,"0.535",145,"1.000000","1.000000","full_abs","FALSE"
752026,2024,"2024-05-02","Thursday","FALSE",0,0,0,180,180,180,0,"0.535",180,"1.000000","1.000000","full_abs","FALSE"
752100,2024,"2024-05-02","Thursday","FALSE",0,0,0,138,138,138,0,"0.535",138,"1.000000","1.000000","full_abs","FALSE"
752179,2024,"2024-05-02","Thursday","FALSE",0,0,0,200,200,200,0,"0.535",200,"1.000000","1.000000","full_abs","FALSE"
752397,2024,"2024-05-02","Thursday","FALSE",0,0,0,168,168,168,0,"0.535",168,"1.000000","1.000000","full_abs","FALSE"
752554,2024,"2024-05-02","Thursday","FALSE",0,0,0,174,174,174,0,"0.535",174,"1.000000","1.000000","full_abs","FALSE"
752777,2024,"2024-05-02","Thursday","FALSE",0,0,0,213,213,213,0,"0.535",213,"1.000000","1.000000","full_abs","FALSE"
753070,2024,"2024-05-02","Thursday","FALSE",0,0,0,130,130,130,0,"0.535",130,"1.000000","1.000000","full_abs","FALSE"
753157,2024,"2024-05-02","Thursday","FALSE",0,0,0,200,200,200,0,"0.535",200,"1.000000","1.000000","full_abs","FALSE"
753229,2024,"2024-05-02","Thursday","FALSE",0,0,0,147,147,147,0,"0.535",147,"1.000000","1.000000","full_abs","FALSE"
753305,2024,"2024-05-02","Thursday","FALSE",0,0,0,153,153,153,0,"0.535",153,"1.000000","1.000000","full_abs","FALSE"
753452,2024,"2024-05-02","Thursday","FALSE",0,0,0,179,179,179,0,"0.535",178,"0.994413","0.994413","full_abs","FALSE"
753530,2024,"2024-05-02","Thursday","FALSE",0,0,0,162,162,162,0,"0.535",162,"1.000000","1.000000","full_abs","FALSE"
751647,2024,"2024-05-03","Friday","TRUE",10,2,7,190,190,190,0,"0.535",175,"0.921053","0.957895","human_called","FALSE"
751876,2024,"2024-05-03","Friday","TRUE",6,1,4,128,128,128,0,"0.535",119,"0.929688","0.960938","human_called","FALSE"
751949,2024,"2024-05-03","Friday","TRUE",8,1,3,199,199,199,0,"0.535",189,"0.949749","0.964824","human_called","FALSE"
752027,2024,"2024-05-03","Friday","TRUE",5,2,3,172,172,172,0,"0.535",161,"0.936047","0.953488","human_called","FALSE"
752097,2024,"2024-05-03","Friday","TRUE",4,1,1,174,174,174,0,"0.535",168,"0.965517","0.971264","human_called","FALSE"
752174,2024,"2024-05-03","Friday","TRUE",5,0,4,180,180,180,0,"0.535",164,"0.911111","0.933333","human_called","FALSE"
752400,2024,"2024-05-03","Friday","TRUE",4,1,1,114,114,114,0,"0.535",108,"0.947368","0.956140","human_called","FALSE"
752550,2024,"2024-05-03","Friday","TRUE",6,0,3,188,188,188,0,"0.535",178,"0.946809","0.962766","human_called","FALSE"
752778,2024,"2024-05-03","Friday","TRUE",2,1,1,129,129,129,0,"0.535",123,"0.953488","0.961240","human_called","FALSE"
753075,2024,"2024-05-03","Friday","TRUE",3,1,3,138,138,138,0,"0.535",132,"0.956522","0.978261","human_called","FALSE"
753148,2024,"2024-05-03","Friday","TRUE",3,6,3,171,171,171,0,"0.535",153,"0.894737","0.906433","human_called","FALSE"
753223,2024,"2024-05-03","Friday","TRUE",2,1,1,182,182,182,0,"0.535",172,"0.945055","0.950549","human_called","FALSE"
753301,2024,"2024-05-03","Friday","TRUE",2,0,0,153,153,153,0,"0.535",144,"0.941176","0.941176","human_called","FALSE"
753453,2024,"2024-05-03","Friday","TRUE",8,2,6,199,199,199,0,"0.535",179,"0.899497","0.929648","human_called","FALSE"
753527,2024,"2024-05-03","Friday","TRUE",3,0,1,160,160,160,0,"0.535",148,"0.925000","0.931250","human_called","FALSE"
751648,2024,"2024-05-04","Saturday","TRUE",4,1,3,136,136,136,0,"0.535",128,"0.941176","0.963235","human_called","FALSE"
751877,2024,"2024-05-04","Saturday","TRUE",4,1,1,165,165,165,0,"0.535",157,"0.951515","0.957576","human_called","FALSE"
751948,2024,"2024-05-04","Saturday","TRUE",7,3,3,170,170,170,0,"0.535",159,"0.935294","0.952941","human_called","FALSE"
752028,2024,"2024-05-04","Saturday","TRUE",2,4,3,166,166,166,0,"0.535",160,"0.963855","0.981928","human_called","FALSE"
752101,2024,"2024-05-04","Saturday","TRUE",4,2,2,136,136,136,0,"0.535",127,"0.933824","0.948529","human_called","FALSE"
752176,2024,"2024-05-04","Saturday","TRUE",3,1,2,157,157,157,0,"0.535",148,"0.942675","0.949045","human_called","FALSE"
752401,2024,"2024-05-04","Saturday","TRUE",1,5,5,181,181,181,0,"0.535",162,"0.895028","0.922652","human_called","FALSE"
752552,2024,"2024-05-04","Saturday","TRUE",3,3,1,163,163,163,0,"0.535",156,"0.957055","0.963190","human_called","FALSE"
752780,2024,"2024-05-04","Saturday","TRUE",2,3,0,149,149,149,0,"0.535",148,"0.993289","0.993289","full_abs","TRUE"
753074,2024,"2024-05-04","Saturday","TRUE",7,1,2,195,195,195,0,"0.535",182,"0.933333","0.943590","human_called","FALSE"
753152,2024,"2024-05-04","Saturday","TRUE",3,1,3,204,204,204,0,"0.535",188,"0.921569","0.936275","human_called","FALSE"
753224,2024,"2024-05-04","Saturday","TRUE",4,0,1,161,161,161,0,"0.535",147,"0.913043","0.919255","human_called","FALSE"
753302,2024,"2024-05-04","Saturday","TRUE",4,1,1,118,118,118,0,"0.535",115,"0.974576","0.983051","human_called","FALSE"
753451,2024,"2024-05-04","Saturday","TRUE",0,3,1,140,140,140,0,"0.535",130,"0.928571","0.935714","human_called","FALSE"
753525,2024,"2024-05-04","Saturday","TRUE",3,4,3,178,178,178,0,"0.535",168,"0.943820","0.960674","human_called","FALSE"
751649,2024,"2024-05-05","Sunday","TRUE",8,2,6,183,183,183,0,"0.535",165,"0.901639","0.934426","human_called","FALSE"
751874,2024,"2024-05-05","Sunday","TRUE",7,4,5,169,169,169,0,"0.535",153,"0.905325","0.923077","human_called","FALSE"
751945,2024,"2024-05-05","Sunday","TRUE",7,0,4,137,137,137,0,"0.535",127,"0.927007","0.956204","human_called","FALSE"
752023,2024,"2024-05-05","Sunday","TRUE",11,1,10,167,167,167,0,"0.535",153,"0.916168","0.976048","human_called","FALSE"
752098,2024,"2024-05-05","Sunday","TRUE",4,0,2,149,149,149,0,"0.535",143,"0.959732","0.973154","human_called","FALSE"
752177,2024,"2024-05-05","Sunday","TRUE",3,2,2,191,191,191,0,"0.535",180,"0.942408","0.952880","human_called","FALSE"
752398,2024,"2024-05-05","Sunday","TRUE",8,1,3,200,200,200,0,"0.535",193,"0.965000","0.980000","human_called","FALSE"
752551,2024,"2024-05-05","Sunday","TRUE",5,2,1,136,136,136,0,"0.535",125,"0.919118","0.926471","human_called","FALSE"
752774,2024,"2024-05-05","Sunday","TRUE",7,2,5,168,168,168,0,"0.535",157,"0.934524","0.964286","human_called","FALSE"
753073,2024,"2024-05-05","Sunday","TRUE",7,3,7,159,159,159,0,"0.535",148,"0.930818","0.974843","human_called","FALSE"
753147,2024,"2024-05-05","Sunday","TRUE",9,2,6,165,165,165,0,"0.535",151,"0.915152","0.951515","human_called","FALSE"
753222,2024,"2024-05-05","Sunday","TRUE",5,3,5,142,142,142,0,"0.535",133,"0.936620","0.971831","human_called","FALSE"
753300,2024,"2024-05-05","Sunday","TRUE",7,2,4,147,147,147,0,"0.535",141,"0.959184","0.979592","human_called","FALSE"
753450,2024,"2024-05-05","Sunday","TRUE",8,1,6,163,163,163,0,"0.535",140,"0.858896","0.895706","human_called","FALSE"
753526,2024,"2024-05-05","Sunday","TRUE",2,1,1,187,187,187,0,"0.535",179,"0.957219","0.962567","human_called","FALSE"
751505,2024,"2024-05-07","Tuesday","FALSE",0,0,0,193,193,193,0,"0.535",193,"1.000000","1.000000","full_abs","FALSE"
751580,2024,"2024-05-07","Tuesday","FALSE",0,0,0,198,198,198,0,"0.535",197,"0.994949","0.994949","full_abs","FALSE"
751727,2024,"2024-05-07","Tuesday","FALSE",0,0,0,177,177,177,0,"0.535",177,"1.000000","1.000000","full_abs","FALSE"
751809,2024,"2024-05-07","Tuesday","FALSE",0,0,0,202,202,202,0,"0.535",202,"1.000000","1.000000","full_abs","FALSE"
752025,2024,"2024-05-07","Tuesday","FALSE",0,0,0,219,219,219,0,"0.535",219,"1.000000","1.000000","full_abs","FALSE"
752252,2024,"2024-05-07","Tuesday","FALSE",0,0,0,173,173,173,0,"0.535",172,"0.994220","0.994220","full_abs","FALSE"
752477,2024,"2024-05-07","Tuesday","FALSE",0,0,0,165,165,165,0,"0.535",165,"1.000000","1.000000","full_abs","FALSE"
752628,2024,"2024-05-07","Tuesday","FALSE",0,0,0,161,161,161,0,"0.535",161,"1.000000","1.000000","full_abs","FALSE"
752851,2024,"2024-05-07","Tuesday","FALSE",0,0,0,183,183,183,0,"0.535",183,"1.000000","1.000000","full_abs","FALSE"
752927,2024,"2024-05-07","Tuesday","FALSE",0,0,0,157,157,157,0,"0.535",157,"1.000000","1.000000","full_abs","FALSE"
753003,2024,"2024-05-07","Tuesday","FALSE",0,0,0,181,181,181,0,"0.535",181,"1.000000","1.000000","full_abs","FALSE"
753149,2024,"2024-05-07","Tuesday","FALSE",0,0,0,195,195,195,0,"0.535",195,"1.000000","1.000000","full_abs","FALSE"
753298,2024,"2024-05-07","Tuesday","FALSE",0,0,0,198,198,198,0,"0.535",198,"1.000000","1.000000","full_abs","FALSE"
753378,2024,"2024-05-07","Tuesday","FALSE",0,0,0,217,217,217,0,"0.535",217,"1.000000","1.000000","full_abs","FALSE"
753603,2024,"2024-05-07","Tuesday","FALSE",0,0,0,151,151,151,0,"0.535",151,"1.000000","1.000000","full_abs","FALSE"
751502,2024,"2024-05-08","Wednesday","FALSE",0,0,0,190,190,190,0,"0.535",190,"1.000000","1.000000","full_abs","FALSE"
751578,2024,"2024-05-08","Wednesday","FALSE",0,0,0,163,163,163,0,"0.535",163,"1.000000","1.000000","full_abs","FALSE"
751724,2024,"2024-05-08","Wednesday","FALSE",0,0,0,195,195,195,0,"0.535",195,"1.000000","1.000000","full_abs","FALSE"
751806,2024,"2024-05-08","Wednesday","FALSE",0,0,0,186,186,186,0,"0.535",186,"1.000000","1.000000","full_abs","FALSE"
752024,2024,"2024-05-08","Wednesday","FALSE",0,0,0,192,192,192,0,"0.535",192,"1.000000","1.000000","full_abs","FALSE"
752188,2024,"2024-05-08","Wednesday","FALSE",0,0,0,109,109,109,0,"0.535",109,"1.000000","1.000000","full_abs","FALSE"
752250,2024,"2024-05-08","Wednesday","FALSE",0,0,0,185,185,185,0,"0.535",185,"1.000000","1.000000","full_abs","FALSE"
752480,2024,"2024-05-08","Wednesday","FALSE",0,0,0,188,188,188,0,"0.535",188,"1.000000","1.000000","full_abs","FALSE"
752624,2024,"2024-05-08","Wednesday","FALSE",0,0,0,165,165,165,0,"0.535",165,"1.000000","1.000000","full_abs","FALSE"
752849,2024,"2024-05-08","Wednesday","FALSE",0,0,0,169,169,169,0,"0.535",169,"1.000000","1.000000","full_abs","FALSE"
752928,2024,"2024-05-08","Wednesday","FALSE",0,0,0,154,154,154,0,"0.535",153,"0.993506","0.993506","full_abs","FALSE"
753001,2024,"2024-05-08","Wednesday","FALSE",0,0,0,156,156,156,0,"0.535",156,"1.000000","1.000000","full_abs","FALSE"
753151,2024,"2024-05-08","Wednesday","FALSE",0,0,0,222,222,222,0,"0.535",222,"1.000000","1.000000","full_abs","FALSE"
753299,2024,"2024-05-08","Wednesday","FALSE",0,0,0,160,160,160,0,"0.535",160,"1.000000","1.000000","full_abs","FALSE"
753379,2024,"2024-05-08","Wednesday","FALSE",0,0,0,167,167,167,0,"0.535",167,"1.000000","1.000000","full_abs","FALSE"
753602,2024,"2024-05-08","Wednesday","FALSE",0,0,0,120,120,120,0,"0.535",120,"1.000000","1.000000","full_abs","FALSE"
751503,2024,"2024-05-09","Thursday","FALSE",0,0,0,265,265,265,0,"0.535",264,"0.996226","0.996226","full_abs","FALSE"
751576,2024,"2024-05-09","Thursday","FALSE",0,0,0,197,197,197,0,"0.535",197,"1.000000","1.000000","full_abs","FALSE"
751728,2024,"2024-05-09","Thursday","FALSE",0,0,0,159,159,159,0,"0.535",159,"1.000000","1.000000","full_abs","FALSE"
751803,2024,"2024-05-09","Thursday","FALSE",0,0,0,150,150,150,0,"0.535",150,"1.000000","1.000000","full_abs","FALSE"
752022,2024,"2024-05-09","Thursday","FALSE",0,0,0,159,159,159,0,"0.535",159,"1.000000","1.000000","full_abs","FALSE"
752251,2024,"2024-05-09","Thursday","FALSE",0,0,0,138,138,138,0,"0.535",138,"1.000000","1.000000","full_abs","FALSE"
752478,2024,"2024-05-09","Thursday","FALSE",0,0,0,188,188,188,0,"0.535",188,"1.000000","1.000000","full_abs","FALSE"
752622,2024,"2024-05-09","Thursday","FALSE",0,0,0,133,133,133,0,"0.535",133,"1.000000","1.000000","full_abs","FALSE"
752850,2024,"2024-05-09","Thursday","FALSE",0,0,0,183,183,183,0,"0.535",183,"1.000000","1.000000","full_abs","FALSE"
752925,2024,"2024-05-09","Thursday","FALSE",0,0,0,158,158,158,0,"0.535",158,"1.000000","1.000000","full_abs","FALSE"
753000,2024,"2024-05-09","Thursday","FALSE",0,0,0,157,157,157,0,"0.535",157,"1.000000","1.000000","full_abs","FALSE"
753150,2024,"2024-05-09","Thursday","FALSE",0,0,0,184,184,184,0,"0.535",184,"1.000000","1.000000","full_abs","FALSE"
753297,2024,"2024-05-09","Thursday","FALSE",0,0,0,129,129,129,0,"0.535",129,"1.000000","1.000000","full_abs","FALSE"
753381,2024,"2024-05-09","Thursday","FALSE",0,0,0,166,166,166,0,"0.535",166,"1.000000","1.000000","full_abs","FALSE"
753596,2024,"2024-05-09","Thursday","FALSE",0,0,0,193,193,193,0,"0.535",193,"1.000000","1.000000","full_abs","FALSE"
751504,2024,"2024-05-10","Friday","TRUE",4,0,2,146,146,146,0,"0.535",137,"0.938356","0.952055","human_called","FALSE"
751575,2024,"2024-05-10","Friday","TRUE",3,1,2,123,123,123,0,"0.535",111,"0.902439","0.918699","human_called","FALSE"
751725,2024,"2024-05-10","Friday","TRUE",4,2,2,172,172,172,0,"0.535",154,"0.895349","0.906977","human_called","FALSE"
751802,2024,"2024-05-10","Friday","TRUE",7,0,4,176,176,176,0,"0.535",165,"0.937500","0.960227","human_called","FALSE"
752019,2024,"2024-05-10","Friday","TRUE",5,2,4,115,115,115,0,"0.535",103,"0.895652","0.930435","human_called","FALSE"
752246,2024,"2024-05-10","Friday","TRUE",3,1,2,137,137,137,0,"0.535",131,"0.956204","0.970803","human_called","FALSE"
752625,2024,"2024-05-10","Friday","TRUE",9,4,11,189,189,189,0,"0.535",169,"0.894180","0.952381","human_called","FALSE"
752852,2024,"2024-05-10","Friday","TRUE",9,0,6,188,188,188,0,"0.535",171,"0.909574","0.941489","human_called","FALSE"
752926,2024,"2024-05-10","Friday","TRUE",2,2,3,126,126,126,0,"0.535",117,"0.928571","0.952381","human_called","FALSE"
752999,2024,"2024-05-10","Friday","TRUE",3,0,1,194,194,194,0,"0.535",183,"0.943299","0.948454","human_called","FALSE"
753143,2024,"2024-05-10","Friday","TRUE",4,6,5,214,214,214,0,"0.535",199,"0.929907","0.943925","human_called","FALSE"
753295,2024,"2024-05-10","Friday","TRUE",2,2,3,130,130,130,0,"0.535",124,"0.953846","0.969231","human_called","FALSE"
753375,2024,"2024-05-10","Friday","TRUE",4,3,3,165,165,165,0,"0.535",149,"0.903030","0.921212","human_called","FALSE"
753598,2024,"2024-05-10","Friday","TRUE",2,3,2,202,202,202,0,"0.535",188,"0.930693","0.940594","human_called","FALSE"
751501,2024,"2024-05-11","Saturday","TRUE",5,2,3,177,177,177,0,"0.535",159,"0.898305","0.915254","human_called","FALSE"
751579,2024,"2024-05-11","Saturday","TRUE",5,1,2,130,130,130,0,"0.535",126,"0.969231","0.984615","human_called","FALSE"
751721,2024,"2024-05-11","Saturday","TRUE",4,1,2,149,149,149,0,"0.535",141,"0.946309","0.959732","human_called","FALSE"
751801,2024,"2024-05-11","Saturday","TRUE",3,1,3,164,164,164,0,"0.535",155,"0.945122","0.963415","human_called","FALSE"
752020,2024,"2024-05-11","Saturday","TRUE",7,5,7,155,155,155,0,"0.535",142,"0.916129","0.961290","human_called","FALSE"
752247,2024,"2024-05-11","Saturday","TRUE",5,3,6,128,128,128,0,"0.535",113,"0.882812","0.929688","human_called","FALSE"
752472,2024,"2024-05-11","Saturday","TRUE",8,2,8,181,181,181,0,"0.535",163,"0.900552","0.944751","human_called","FALSE"
752481,2024,"2024-05-11","Saturday","TRUE",4,1,3,122,122,122,0,"0.535",109,"0.893443","0.918033","human_called","FALSE"
752626,2024,"2024-05-11","Saturday","TRUE",6,2,4,117,117,117,0,"0.535",106,"0.905983","0.940171","human_called","FALSE"
752844,2024,"2024-05-11","Saturday","TRUE",5,1,3,146,146,146,0,"0.535",139,"0.952055","0.972603","human_called","FALSE"
752920,2024,"2024-05-11","Saturday","TRUE",6,2,2,192,192,192,0,"0.535",177,"0.921875","0.932292","human_called","FALSE"
752998,2024,"2024-05-11","Saturday","TRUE",4,2,2,180,180,180,0,"0.535",169,"0.938889","0.950000","human_called","FALSE"
753144,2024,"2024-05-11","Saturday","TRUE",1,0,1,145,145,145,0,"0.535",139,"0.958621","0.965517","human_called","FALSE"
753296,2024,"2024-05-11","Saturday","TRUE",1,3,1,175,175,175,0,"0.535",165,"0.942857","0.948571","human_called","FALSE"
753377,2024,"2024-05-11","Saturday","TRUE",8,0,6,140,140,140,0,"0.535",130,"0.928571","0.971429","human_called","FALSE"
753600,2024,"2024-05-11","Saturday","TRUE",2,2,1,161,161,161,0,"0.535",150,"0.931677","0.937888","human_called","FALSE"
751498,2024,"2024-05-12","Sunday","TRUE",4,0,2,174,174,174,0,"0.535",166,"0.954023","0.965517","human_called","FALSE"
751577,2024,"2024-05-12","Sunday","TRUE",3,1,1,136,136,136,0,"0.535",130,"0.955882","0.963235","human_called","FALSE"
751720,2024,"2024-05-12","Sunday","TRUE",6,4,6,146,146,146,0,"0.535",134,"0.917808","0.958904","human_called","FALSE"
751800,2024,"2024-05-12","Sunday","TRUE",3,0,2,144,144,144,0,"0.535",137,"0.951389","0.965278","human_called","FALSE"
752021,2024,"2024-05-12","Sunday","TRUE",6,2,3,154,154,154,0,"0.535",146,"0.948052","0.967532","human_called","FALSE"
752249,2024,"2024-05-12","Sunday","TRUE",5,5,8,158,158,158,0,"0.535",146,"0.924051","0.974684","human_called","FALSE"
752473,2024,"2024-05-12","Sunday","TRUE",2,3,2,167,167,167,0,"0.535",157,"0.940120","0.952096","human_called","FALSE"
752623,2024,"2024-05-12","Sunday","TRUE",5,3,4,175,175,175,0,"0.535",163,"0.931429","0.948571","human_called","FALSE"
752846,2024,"2024-05-12","Sunday","TRUE",5,2,2,151,151,151,0,"0.535",142,"0.940397","0.953642","human_called","FALSE"
752919,2024,"2024-05-12","Sunday","TRUE",3,0,0,140,140,140,0,"0.535",135,"0.964286","0.964286","human_called","FALSE"
752996,2024,"2024-05-12","Sunday","TRUE",4,2,3,171,171,171,0,"0.535",154,"0.900585","0.918129","human_called","FALSE"
753145,2024,"2024-05-12","Sunday","TRUE",5,0,2,168,168,168,0,"0.535",154,"0.916667","0.928571","human_called","FALSE"
753294,2024,"2024-05-12","Sunday","TRUE",6,0,2,160,160,160,0,"0.535",147,"0.918750","0.931250","human_called","FALSE"
753376,2024,"2024-05-12","Sunday","TRUE",4,4,4,162,162,162,0,"0.535",153,"0.944444","0.969136","human_called","FALSE"
753599,2024,"2024-05-12","Sunday","TRUE",5,1,2,160,160,160,0,"0.535",156,"0.975000","0.987500","human_called","FALSE"
751426,2024,"2024-05-14","Tuesday","FALSE",0,0,0,193,193,193,0,"0.535",192,"0.994819","0.994819","full_abs","FALSE"
751646,2024,"2024-05-14","Tuesday","FALSE",0,0,0,140,140,140,0,"0.535",140,"1.000000","1.000000","full_abs","FALSE"
751723,2024,"2024-05-14","Tuesday","FALSE",0,0,0,153,153,153,0,"0.535",153,"1.000000","1.000000","full_abs","FALSE"
751946,2024,"2024-05-14","Tuesday","FALSE",0,0,0,145,145,145,0,"0.535",145,"1.000000","1.000000","full_abs","FALSE"
752093,2024,"2024-05-14","Tuesday","FALSE",0,0,0,166,166,166,0,"0.535",166,"1.000000","1.000000","full_abs","FALSE"
752175,2024,"2024-05-14","Tuesday","FALSE",0,0,0,182,182,182,0,"0.535",181,"0.994505","0.994505","full_abs","FALSE"
752327,2024,"2024-05-14","Tuesday","FALSE",0,0,0,161,161,161,0,"0.535",161,"1.000000","1.000000","full_abs","FALSE"
752396,2024,"2024-05-14","Tuesday","FALSE",0,0,0,205,205,205,0,"0.535",205,"1.000000","1.000000","full_abs","FALSE"
752549,2024,"2024-05-14","Tuesday","FALSE",0,0,0,189,189,189,0,"0.535",189,"1.000000","1.000000","full_abs","FALSE"
752845,2024,"2024-05-14","Tuesday","FALSE",0,0,0,114,114,114,0,"0.535",114,"1.000000","1.000000","full_abs","FALSE"
753072,2024,"2024-05-14","Tuesday","FALSE",0,0,0,197,197,197,0,"0.535",197,"1.000000","1.000000","full_abs","FALSE"
753304,2024,"2024-05-14","Tuesday","FALSE",0,0,0,86,86,86,0,"0.535",86,"1.000000","1.000000","full_abs","FALSE"
753448,2024,"2024-05-14","Tuesday","FALSE",0,0,0,199,199,199,0,"0.535",199,"1.000000","1.000000","full_abs","FALSE"
753522,2024,"2024-05-14","Tuesday","FALSE",0,0,0,206,206,206,0,"0.535",206,"1.000000","1.000000","full_abs","FALSE"
751425,2024,"2024-05-15","Wednesday","FALSE",0,0,0,150,150,150,0,"0.535",150,"1.000000","1.000000","full_abs","FALSE"
751643,2024,"2024-05-15","Wednesday","FALSE",0,0,0,132,132,132,0,"0.535",132,"1.000000","1.000000","full_abs","FALSE"
751722,2024,"2024-05-15","Wednesday","FALSE",0,0,0,164,164,164,0,"0.535",164,"1.000000","1.000000","full_abs","FALSE"
751947,2024,"2024-05-15","Wednesday","FALSE",0,0,0,178,178,178,0,"0.535",178,"1.000000","1.000000","full_abs","FALSE"
752095,2024,"2024-05-15","Wednesday","FALSE",0,0,0,186,186,186,0,"0.535",186,"1.000000","1.000000","full_abs","FALSE"
752173,2024,"2024-05-15","Wednesday","FALSE",0,0,0,185,185,185,0,"0.535",185,"1.000000","1.000000","full_abs","FALSE"
752322,2024,"2024-05-15","Wednesday","FALSE",0,0,0,81,81,81,0,"0.535",81,"1.000000","1.000000","full_abs","FALSE"
752395,2024,"2024-05-15","Wednesday","FALSE",0,0,0,143,143,143,0,"0.535",143,"1.000000","1.000000","full_abs","FALSE"
752548,2024,"2024-05-15","Wednesday","FALSE",0,0,0,216,216,216,0,"0.535",216,"1.000000","1.000000","full_abs","FALSE"
752699,2024,"2024-05-15","Wednesday","FALSE",0,0,0,115,115,115,0,"0.535",115,"1.000000","1.000000","full_abs","FALSE"
752701,2024,"2024-05-15","Wednesday","FALSE",0,0,0,108,108,108,0,"0.535",108,"1.000000","1.000000","full_abs","FALSE"
752847,2024,"2024-05-15","Wednesday","FALSE",0,0,0,206,206,206,0,"0.535",206,"1.000000","1.000000","full_abs","FALSE"
753071,2024,"2024-05-15","Wednesday","FALSE",0,0,0,182,182,182,0,"0.535",182,"1.000000","1.000000","full_abs","FALSE"
751427,2024,"2024-05-16","Thursday","FALSE",0,0,0,158,158,158,0,"0.535",157,"0.993671","0.993671","full_abs","FALSE"
751645,2024,"2024-05-16","Thursday","FALSE",0,0,0,179,179,179,0,"0.535",179,"1.000000","1.000000","full_abs","FALSE"
751944,2024,"2024-05-16","Thursday","FALSE",0,0,0,162,162,162,0,"0.535",162,"1.000000","1.000000","full_abs","FALSE"
752092,2024,"2024-05-16","Thursday","FALSE",0,0,0,159,159,159,0,"0.535",159,"1.000000","1.000000","full_abs","FALSE"
752172,2024,"2024-05-16","Thursday","FALSE",0,0,0,233,233,233,0,"0.535",233,"1.000000","1.000000","full_abs","FALSE"
752325,2024,"2024-05-16","Thursday","FALSE",0,0,0,174,174,174,0,"0.535",174,"1.000000","1.000000","full_abs","FALSE"
752393,2024,"2024-05-16","Thursday","FALSE",0,0,0,209,209,209,0,"0.535",209,"1.000000","1.000000","full_abs","FALSE"
752547,2024,"2024-05-16","Thursday","FALSE",0,0,0,193,193,193,0,"0.535",193,"1.000000","1.000000","full_abs","FALSE"
752698,2024,"2024-05-16","Thursday","FALSE",0,0,0,186,186,186,0,"0.535",186,"1.000000","1.000000","full_abs","FALSE"
752848,2024,"2024-05-16","Thursday","FALSE",0,0,0,145,145,145,0,"0.535",145,"1.000000","1.000000","full_abs","FALSE"
753068,2024,"2024-05-16","Thursday","FALSE",0,0,0,153,153,153,0,"0.535",153,"1.000000","1.000000","full_abs","FALSE"
753226,2024,"2024-05-16","Thursday","FALSE",0,0,0,169,169,169,0,"0.535",169,"1.000000","1.000000","full_abs","FALSE"
753227,2024,"2024-05-16","Thursday","FALSE",0,0,0,83,83,83,0,"0.535",83,"1.000000","1.000000","full_abs","FALSE"
753447,2024,"2024-05-16","Thursday","FALSE",0,0,0,150,150,150,0,"0.535",150,"1.000000","1.000000","full_abs","FALSE"
753449,2024,"2024-05-16","Thursday","FALSE",0,0,0,137,137,137,0,"0.535",137,"1.000000","1.000000","full_abs","FALSE"
753523,2024,"2024-05-16","Thursday","FALSE",0,0,0,128,128,128,0,"0.535",128,"1.000000","1.000000","full_abs","FALSE"
753524,2024,"2024-05-16","Thursday","FALSE",0,0,0,114,114,114,0,"0.535",114,"1.000000","1.000000","full_abs","FALSE"
751424,2024,"2024-05-17","Friday","TRUE",4,1,1,134,134,134,0,"0.535",128,"0.955224","0.962687","human_called","FALSE"
751641,2024,"2024-05-17","Friday","TRUE",5,2,4,142,141,141,0,"0.535",132,"0.936170","0.957447","human_called","FALSE"
751715,2024,"2024-05-17","Friday","TRUE",7,0,3,161,161,161,0,"0.535",147,"0.913043","0.931677","human_called","FALSE"
751942,2024,"2024-05-17","Friday","TRUE",4,1,2,158,158,158,0,"0.535",149,"0.943038","0.955696","human_called","FALSE"
752096,2024,"2024-05-17","Friday","TRUE",6,0,2,169,169,169,0,"0.535",154,"0.911243","0.923077","human_called","FALSE"
752170,2024,"2024-05-17","Friday","TRUE",4,1,1,175,175,175,0,"0.535",159,"0.908571","0.914286","human_called","FALSE"
752323,2024,"2024-05-17","Friday","TRUE",4,3,1,180,180,180,0,"0.535",167,"0.927778","0.933333","human_called","FALSE"
752394,2024,"2024-05-17","Friday","TRUE",5,4,7,134,134,134,0,"0.535",125,"0.932836","0.970149","human_called","FALSE"
752702,2024,"2024-05-17","Friday","TRUE",3,1,1,156,156,156,0,"0.535",149,"0.955128","0.961538","human_called","FALSE"
752842,2024,"2024-05-17","Friday","TRUE",3,1,1,195,195,195,0,"0.535",188,"0.964103","0.969231","human_called","FALSE"
753065,2024,"2024-05-17","Friday","TRUE",2,4,0,130,130,130,0,"0.535",123,"0.946154","0.946154","human_called","FALSE"
753217,2024,"2024-05-17","Friday","TRUE",4,4,1,190,190,190,0,"0.535",179,"0.942105","0.947368","human_called","FALSE"
753446,2024,"2024-05-17","Friday","TRUE",2,2,2,145,145,145,0,"0.535",138,"0.951724","0.965517","human_called","FALSE"
753521,2024,"2024-05-17","Friday","TRUE",7,3,6,148,148,148,0,"0.535",132,"0.891892","0.932432","human_called","FALSE"
751422,2024,"2024-05-18","Saturday","TRUE",6,2,5,150,150,150,0,"0.535",133,"0.886667","0.920000","human_called","FALSE"
751642,2024,"2024-05-18","Saturday","TRUE",3,1,1,166,166,166,0,"0.535",156,"0.939759","0.945783","human_called","FALSE"
751718,2024,"2024-05-18","Saturday","TRUE",3,0,3,94,94,94,0,"0.535",87,"0.925532","0.957447","human_called","FALSE"
751719,2024,"2024-05-18","Saturday","TRUE",2,0,1,106,106,106,0,"0.535",105,"0.990566","1.000000","full_abs","TRUE"
751943,2024,"2024-05-18","Saturday","TRUE",4,1,1,155,155,155,0,"0.535",148,"0.954839","0.961290","human_called","FALSE"
752094,2024,"2024-05-18","Saturday","TRUE",7,1,3,165,165,165,0,"0.535",149,"0.903030","0.921212","human_called","FALSE"
752324,2024,"2024-05-18","Saturday","TRUE",5,2,2,175,175,175,0,"0.535",159,"0.908571","0.920000","human_called","FALSE"
752391,2024,"2024-05-18","Saturday","TRUE",6,6,5,146,146,146,0,"0.535",139,"0.952055","0.979452","human_called","FALSE"
752545,2024,"2024-05-18","Saturday","TRUE",3,2,1,96,96,96,0,"0.535",91,"0.947917","0.958333","human_called","FALSE"
752546,2024,"2024-05-18","Saturday","TRUE",2,1,1,118,118,118,0,"0.535",113,"0.957627","0.966102","human_called","FALSE"
752700,2024,"2024-05-18","Saturday","TRUE",7,1,4,213,213,213,0,"0.535",202,"0.948357","0.967136","human_called","FALSE"
752841,2024,"2024-05-18","Saturday","TRUE",4,1,2,146,146,146,0,"0.535",137,"0.938356","0.952055","human_called","FALSE"
753069,2024,"2024-05-18","Saturday","TRUE",5,3,1,158,158,158,0,"0.535",147,"0.930380","0.936709","human_called","FALSE"
753219,2024,"2024-05-18","Saturday","TRUE",4,1,0,202,202,202,0,"0.535",191,"0.945545","0.945545","human_called","FALSE"
753444,2024,"2024-05-18","Saturday","TRUE",4,1,4,149,149,149,0,"0.535",136,"0.912752","0.939597","human_called","FALSE"
753520,2024,"2024-05-18","Saturday","TRUE",3,3,3,161,161,161,0,"0.535",152,"0.944099","0.962733","human_called","FALSE"
752168,2024,"2024-05-19","Sunday","TRUE",3,1,0,131,131,131,0,"0.535",131,"1.000000","1.000000","full_abs","TRUE"
752169,2024,"2024-05-19","Sunday","TRUE",3,0,2,129,129,129,0,"0.535",118,"0.914729","0.930233","human_called","FALSE"
752543,2024,"2024-05-19","Sunday","TRUE",7,0,3,161,161,161,0,"0.535",151,"0.937888","0.956522","human_called","FALSE"
753220,2024,"2024-05-19","Sunday","TRUE",5,0,2,138,138,138,0,"0.535",131,"0.949275","0.963768","human_called","FALSE"
753225,2024,"2024-05-19","Sunday","TRUE",5,1,2,138,138,138,0,"0.535",129,"0.934783","0.949275","human_called","FALSE"
753445,2024,"2024-05-19","Sunday","TRUE",3,1,2,146,146,146,0,"0.535",134,"0.917808","0.931507","human_called","FALSE"
753519,2024,"2024-05-19","Sunday","TRUE",2,2,1,146,146,146,0,"0.535",134,"0.917808","0.924658","human_called","FALSE"
752567,2024,"2024-05-21","Tuesday","FALSE",0,0,0,126,126,126,0,"0.535",126,"1.000000","1.000000","full_abs","FALSE"
752492,2024,"2024-05-23","Thursday","FALSE",0,0,0,117,117,117,0,"0.535",117,"1.000000","1.000000","full_abs","FALSE"
752406,2024,"2024-05-28","Tuesday","FALSE",0,0,0,143,143,143,0,"0.535",143,"1.000000","1.000000","full_abs","FALSE"
752631,2024,"2024-05-30","Thursday","FALSE",0,0,0,141,141,141,0,"0.535",141,"1.000000","1.000000","full_abs","FALSE"
